variant,scenario,baseline_ref,enc_ap,user_ap,y_relation,user_rights,user_key_bytes,ciphertext_bytes,decryption_result,iterations,total_ns,mean_ns
covercrypt,hybridized,089a548,"CTR::EN","CTR::EN",different,40,65293,946,success,200,2438971479,12194857.395
covercrypt,hybridized,089a548,"CTR::EN","CTR::FR",different,40,65293,946,failure,200,4320665176,21603325.880
covercrypt,hybridized,089a548,"CTR::EN","CTR::$",different,80,132075,946,success,200,4774688539,23873442.695
covercrypt,hybridized,089a548,"CTR::EN","DPT::DEV",different,40,65293,946,success,200,1857701671,9288508.355
covercrypt,hybridized,089a548,"CTR::EN","DPT::DEV && CTR::EN",different,20,31907,946,success,200,982631291,4913156.455
covercrypt,hybridized,089a548,"CTR::EN","DPT::DEV && CTR::FR",different,20,31907,946,failure,200,1818466584,9092332.920
covercrypt,hybridized,089a548,"CTR::EN","DPT::DEV && CTR::$",different,40,65293,946,success,200,2030311139,10151555.695
covercrypt,hybridized,089a548,"CTR::EN","DPT::MKG",different,40,65293,946,success,200,2114918656,10574593.280
covercrypt,hybridized,089a548,"CTR::EN","DPT::MKG && CTR::EN",different,20,31907,946,success,200,1008097800,5040489.000
covercrypt,hybridized,089a548,"CTR::EN","DPT::MKG && CTR::FR",different,20,31907,946,failure,200,1604438637,8022193.185
covercrypt,hybridized,089a548,"CTR::EN","DPT::MKG && CTR::$",different,40,65293,946,success,200,1619339645,8096698.225
covercrypt,hybridized,089a548,"CTR::EN","DPT::$",different,80,132075,946,success,200,3253496698,16267483.490
covercrypt,hybridized,089a548,"CTR::EN","DPT::$ && CTR::EN",different,40,65293,946,success,200,1712301832,8561509.160
covercrypt,hybridized,089a548,"CTR::EN","DPT::$ && CTR::FR",different,40,65293,946,failure,200,3196435371,15982176.855
covercrypt,hybridized,089a548,"CTR::EN","DPT::$ && CTR::$",different,80,132075,946,success,200,3731420074,18657100.370
covercrypt,hybridized,089a548,"CTR::EN","SEC::LOW",different,32,51939,946,success,200,1444755374,7223776.870
covercrypt,hybridized,089a548,"CTR::EN","SEC::LOW && CTR::EN",different,16,25231,946,success,200,897539116,4487695.580
covercrypt,hybridized,089a548,"CTR::EN","SEC::LOW && CTR::FR",different,16,25231,946,failure,200,1616943111,8084715.555
covercrypt,hybridized,089a548,"CTR::EN","SEC::LOW && CTR::$",different,32,51939,946,success,200,1627589051,8137945.255
covercrypt,hybridized,089a548,"CTR::EN","SEC::LOW && DPT::DEV",different,16,25231,946,success,200,785367051,3926835.255
covercrypt,hybridized,089a548,"CTR::EN","SEC::LOW && DPT::DEV && CTR::EN",same,8,11879,946,success,200,469744694,2348723.470
covercrypt,hybridized,089a548,"CTR::EN","SEC::LOW && DPT::DEV && CTR::FR",same,8,11879,946,failure,200,655588525,3277942.625
covercrypt,hybridized,089a548,"CTR::EN","SEC::LOW && DPT::DEV && CTR::$",same,16,25231,946,success,200,820803718,4104018.590
covercrypt,hybridized,089a548,"CTR::EN","SEC::LOW && DPT::MKG",different,16,25231,946,success,200,815957720,4079788.600
covercrypt,hybridized,089a548,"CTR::EN","SEC::LOW && DPT::MKG && CTR::EN",same,8,11879,946,success,200,460198902,2300994.510
covercrypt,hybridized,089a548,"CTR::EN","SEC::LOW && DPT::MKG && CTR::FR",same,8,11879,946,failure,200,688390973,3441954.865
covercrypt,hybridized,089a548,"CTR::EN","SEC::LOW && DPT::MKG && CTR::$",same,16,25231,946,success,200,778633950,3893169.750
covercrypt,hybridized,089a548,"CTR::EN","SEC::LOW && DPT::$",different,32,51939,946,success,200,1334013324,6670066.620
covercrypt,hybridized,089a548,"CTR::EN","SEC::LOW && DPT::$ && CTR::EN",same,16,25231,946,success,200,713965571,3569827.855
covercrypt,hybridized,089a548,"CTR::EN","SEC::LOW && DPT::$ && CTR::FR",same,16,25231,946,failure,200,1349826940,6749134.700
covercrypt,hybridized,089a548,"CTR::EN","SEC::LOW && DPT::$ && CTR::$",same,32,51939,946,success,200,1369816515,6849082.575
covercrypt,hybridized,089a548,"CTR::EN","SEC::MED",different,48,78651,946,success,200,2237784880,11188924.400
covercrypt,hybridized,089a548,"CTR::EN","SEC::MED && CTR::EN",different,24,38585,946,success,200,1129620008,5648100.040
covercrypt,hybridized,089a548,"CTR::EN","SEC::MED && CTR::FR",different,24,38585,946,failure,200,1998504319,9992521.595
covercrypt,hybridized,089a548,"CTR::EN","SEC::MED && CTR::$",different,48,78651,946,success,200,2259373338,11296866.690
covercrypt,hybridized,089a548,"CTR::EN","SEC::MED && DPT::DEV",different,24,38585,946,success,200,1190088560,5950442.800
covercrypt,hybridized,089a548,"CTR::EN","SEC::MED && DPT::DEV && CTR::EN",same,12,18555,946,success,200,765819297,3829096.485
covercrypt,hybridized,089a548,"CTR::EN","SEC::MED && DPT::DEV && CTR::FR",same,12,18555,946,failure,200,1113717346,5568586.730
covercrypt,hybridized,089a548,"CTR::EN","SEC::MED && DPT::DEV && CTR::$",same,24,38585,946,success,200,1093465787,5467328.935
covercrypt,hybridized,089a548,"CTR::EN","SEC::MED && DPT::MKG",different,24,38585,946,success,200,1122522517,5612612.585
covercrypt,hybridized,089a548,"CTR::EN","SEC::MED && DPT::MKG && CTR::EN",same,12,18555,946,success,200,688486210,3442431.050
covercrypt,hybridized,089a548,"CTR::EN","SEC::MED && DPT::MKG && CTR::FR",same,12,18555,946,failure,200,941145300,4705726.500
covercrypt,hybridized,089a548,"CTR::EN","SEC::MED && DPT::MKG && CTR::$",same,24,38585,946,success,200,1149541473,5747707.365
covercrypt,hybridized,089a548,"CTR::EN","SEC::MED && DPT::$",different,48,78651,946,success,200,2057720355,10288601.775
covercrypt,hybridized,089a548,"CTR::EN","SEC::MED && DPT::$ && CTR::EN",same,24,38585,946,success,200,1127351054,5636755.270
covercrypt,hybridized,089a548,"CTR::EN","SEC::MED && DPT::$ && CTR::FR",same,24,38585,946,failure,200,1918848705,9594243.525
covercrypt,hybridized,089a548,"CTR::EN","SEC::MED && DPT::$ && CTR::$",same,48,78651,946,success,200,2017207418,10086037.090
covercrypt,hybridized,089a548,"CTR::EN","SEC::HIG",different,64,105363,946,success,200,2641448297,13207241.485
covercrypt,hybridized,089a548,"CTR::EN","SEC::HIG && CTR::EN",different,32,51939,946,success,200,1369607534,6848037.670
covercrypt,hybridized,089a548,"CTR::EN","SEC::HIG && CTR::FR",different,32,51939,946,failure,200,2604801451,13024007.255
covercrypt,hybridized,089a548,"CTR::EN","SEC::HIG && CTR::$",different,64,105363,946,success,200,2452317207,12261586.035
covercrypt,hybridized,089a548,"CTR::EN","SEC::HIG && DPT::DEV",different,32,51939,946,success,200,1505668117,7528340.585
covercrypt,hybridized,089a548,"CTR::EN","SEC::HIG && DPT::DEV && CTR::EN",same,16,25231,946,success,200,790439580,3952197.900
covercrypt,hybridized,089a548,"CTR::EN","SEC::HIG && DPT::DEV && CTR::FR",same,16,25231,946,failure,200,1257949516,6289747.580
covercrypt,hybridized,089a548,"CTR::EN","SEC::HIG && DPT::DEV && CTR::$",same,32,51939,946,success,200,1405567827,7027839.135
covercrypt,hybridized,089a548,"CTR::EN","SEC::HIG && DPT::MKG",different,32,51939,946,success,200,1429001578,7145007.890
covercrypt,hybridized,089a548,"CTR::EN","SEC::HIG && DPT::MKG && CTR::EN",same,16,25231,946,success,200,678570083,3392850.415
covercrypt,hybridized,089a548,"CTR::EN","SEC::HIG && DPT::MKG && CTR::FR",same,16,25231,946,failure,200,1225499242,6127496.210
covercrypt,hybridized,089a548,"CTR::EN","SEC::HIG && DPT::MKG && CTR::$",same,32,51939,946,success,200,1473858567,7369292.835
covercrypt,hybridized,089a548,"CTR::EN","SEC::HIG && DPT::$",different,64,105363,946,success,200,3113215754,15566078.770
covercrypt,hybridized,089a548,"CTR::EN","SEC::HIG && DPT::$ && CTR::EN",same,32,51939,946,success,200,1323641389,6618206.945
covercrypt,hybridized,089a548,"CTR::EN","SEC::HIG && DPT::$ && CTR::FR",same,32,51939,946,failure,200,2399237348,11996186.740
covercrypt,hybridized,089a548,"CTR::EN","SEC::HIG && DPT::$ && CTR::$",same,64,105363,946,success,200,2503136352,12515681.760
covercrypt,hybridized,089a548,"CTR::EN","SEC::$",different,80,132075,946,success,200,2848912483,14244562.415
covercrypt,hybridized,089a548,"CTR::EN","SEC::$ && CTR::EN",different,40,65293,946,success,200,1494382179,7471910.895
covercrypt,hybridized,089a548,"CTR::EN","SEC::$ && CTR::FR",different,40,65293,946,failure,200,2901256628,14506283.140
covercrypt,hybridized,089a548,"CTR::EN","SEC::$ && CTR::$",different,80,132075,946,success,200,3377165827,16885829.135
covercrypt,hybridized,089a548,"CTR::EN","SEC::$ && DPT::DEV",different,40,65293,946,success,200,1552465013,7762325.065
covercrypt,hybridized,089a548,"CTR::EN","SEC::$ && DPT::DEV && CTR::EN",same,20,31907,946,success,200,941981604,4709908.020
covercrypt,hybridized,089a548,"CTR::EN","SEC::$ && DPT::DEV && CTR::FR",same,20,31907,946,failure,200,2280756512,11403782.560
covercrypt,hybridized,089a548,"CTR::EN","SEC::$ && DPT::DEV && CTR::$",same,40,65293,946,success,200,1783227161,8916135.805
covercrypt,hybridized,089a548,"CTR::EN","SEC::$ && DPT::MKG",different,40,65293,946,success,200,1673178173,8365890.865
covercrypt,hybridized,089a548,"CTR::EN","SEC::$ && DPT::MKG && CTR::EN",same,20,31907,946,success,200,1010017379,5050086.895
covercrypt,hybridized,089a548,"CTR::EN","SEC::$ && DPT::MKG && CTR::FR",same,20,31907,946,failure,200,1802997851,9014989.255
covercrypt,hybridized,089a548,"CTR::EN","SEC::$ && DPT::MKG && CTR::$",same,40,65293,946,success,200,1642047566,8210237.830
covercrypt,hybridized,089a548,"CTR::EN","SEC::$ && DPT::$",different,80,132075,946,success,200,3120435092,15602175.460
covercrypt,hybridized,089a548,"CTR::EN","SEC::$ && DPT::$ && CTR::EN",same,40,65293,946,success,200,1650645600,8253228.000
covercrypt,hybridized,089a548,"CTR::EN","SEC::$ && DPT::$ && CTR::FR",same,40,65293,946,failure,200,2939907245,14699536.225
covercrypt,hybridized,089a548,"CTR::EN","SEC::$ && DPT::$ && CTR::$",same,80,132075,946,success,200,2866705553,14333527.765
covercrypt,hybridized,089a548,"DPT::MKG && CTR::EN","CTR::EN",different,40,65293,946,success,200,1747475142,8737375.710
covercrypt,hybridized,089a548,"DPT::MKG && CTR::EN","CTR::FR",different,40,65293,946,failure,200,3249227544,16246137.720
covercrypt,hybridized,089a548,"DPT::MKG && CTR::EN","CTR::$",different,80,132075,946,success,200,4717932935,23589664.675
covercrypt,hybridized,089a548,"DPT::MKG && CTR::EN","DPT::DEV",different,40,65293,946,failure,200,3879872009,19399360.045
covercrypt,hybridized,089a548,"DPT::MKG && CTR::EN","DPT::DEV && CTR::EN",different,20,31907,946,failure,200,1752685981,8763429.905
covercrypt,hybridized,089a548,"DPT::MKG && CTR::EN","DPT::DEV && CTR::FR",different,20,31907,946,failure,200,2081777845,10408889.225
covercrypt,hybridized,089a548,"DPT::MKG && CTR::EN","DPT::DEV && CTR::$",different,40,65293,946,failure,200,4120384779,20601923.895
covercrypt,hybridized,089a548,"DPT::MKG && CTR::EN","DPT::MKG",different,40,65293,946,success,200,2036097728,10180488.640
covercrypt,hybridized,089a548,"DPT::MKG && CTR::EN","DPT::MKG && CTR::EN",different,20,31907,946,success,200,1110716416,5553582.080
covercrypt,hybridized,089a548,"DPT::MKG && CTR::EN","DPT::MKG && CTR::FR",different,20,31907,946,failure,200,2283110892,11415554.460
covercrypt,hybridized,089a548,"DPT::MKG && CTR::EN","DPT::MKG && CTR::$",different,40,65293,946,success,200,2135759041,10678795.205
covercrypt,hybridized,089a548,"DPT::MKG && CTR::EN","DPT::$",different,80,132075,946,success,200,4627405132,23137025.660
covercrypt,hybridized,089a548,"DPT::MKG && CTR::EN","DPT::$ && CTR::EN",different,40,65293,946,success,200,2435698305,12178491.525
covercrypt,hybridized,089a548,"DPT::MKG && CTR::EN","DPT::$ && CTR::FR",different,40,65293,946,failure,200,4161537356,20807686.780
covercrypt,hybridized,089a548,"DPT::MKG && CTR::EN","DPT::$ && CTR::$",different,80,132075,946,success,200,4340900786,21704503.930
covercrypt,hybridized,089a548,"DPT::MKG && CTR::EN","SEC::LOW",different,32,51939,946,success,200,1698326899,8491634.495
covercrypt,hybridized,089a548,"DPT::MKG && CTR::EN","SEC::LOW && CTR::EN",different,16,25231,946,success,200,1057182907,5285914.535
covercrypt,hybridized,089a548,"DPT::MKG && CTR::EN","SEC::LOW && CTR::FR",different,16,25231,946,failure,200,1425702598,7128512.990
covercrypt,hybridized,089a548,"DPT::MKG && CTR::EN","SEC::LOW && CTR::$",different,32,51939,946,success,200,2114772665,10573863.325
covercrypt,hybridized,089a548,"DPT::MKG && CTR::EN","SEC::LOW && DPT::DEV",different,16,25231,946,failure,200,1536852861,7684264.305
covercrypt,hybridized,089a548,"DPT::MKG && CTR::EN","SEC::LOW && DPT::DEV && CTR::EN",same,8,11879,946,failure,200,868180798,4340903.990
covercrypt,hybridized,089a548,"DPT::MKG && CTR::EN","SEC::LOW && DPT::DEV && CTR::FR",same,8,11879,946,failure,200,966626571,4833132.855
covercrypt,hybridized,089a548,"DPT::MKG && CTR::EN","SEC::LOW && DPT::DEV && CTR::$",same,16,25231,946,failure,200,1795105400,8975527.000
covercrypt,hybridized,089a548,"DPT::MKG && CTR::EN","SEC::LOW && DPT::MKG",different,16,25231,946,success,200,1000307246,5001536.230
covercrypt,hybridized,089a548,"DPT::MKG && CTR::EN","SEC::LOW && DPT::MKG && CTR::EN",same,8,11879,946,success,200,598886421,2994432.105
covercrypt,hybridized,089a548,"DPT::MKG && CTR::EN","SEC::LOW && DPT::MKG && CTR::FR",same,8,11879,946,failure,200,805791054,4028955.270
covercrypt,hybridized,089a548,"DPT::MKG && CTR::EN","SEC::LOW && DPT::MKG && CTR::$",same,16,25231,946,success,200,991680837,4958404.185
covercrypt,hybridized,089a548,"DPT::MKG && CTR::EN","SEC::LOW && DPT::$",different,32,51939,946,success,200,1698593341,8492966.705
covercrypt,hybridized,089a548,"DPT::MKG && CTR::EN","SEC::LOW && DPT::$ && CTR::EN",same,16,25231,946,success,200,924918461,4624592.305
covercrypt,hybridized,089a548,"DPT::MKG && CTR::EN","SEC::LOW && DPT::$ && CTR::FR",same,16,25231,946,failure,200,1569967016,7849835.080
covercrypt,hybridized,089a548,"DPT::MKG && CTR::EN","SEC::LOW && DPT::$ && CTR::$",same,32,51939,946,success,200,1811695098,9058475.490
covercrypt,hybridized,089a548,"DPT::MKG && CTR::EN","SEC::MED",different,48,78651,946,success,200,2711413383,13557066.915
covercrypt,hybridized,089a548,"DPT::MKG && CTR::EN","SEC::MED && CTR::EN",different,24,38585,946,success,200,1347087282,6735436.410
covercrypt,hybridized,089a548,"DPT::MKG && CTR::EN","SEC::MED && CTR::FR",different,24,38585,946,failure,200,2274188192,11370940.960
covercrypt,hybridized,089a548,"DPT::MKG && CTR::EN","SEC::MED && CTR::$",different,48,78651,946,success,200,2239214792,11196073.960
covercrypt,hybridized,089a548,"DPT::MKG && CTR::EN","SEC::MED && DPT::DEV",different,24,38585,946,failure,200,2624562092,13122810.460
covercrypt,hybridized,089a548,"DPT::MKG && CTR::EN","SEC::MED && DPT::DEV && CTR::EN",same,12,18555,946,failure,200,1504105595,7520527.975
covercrypt,hybridized,089a548,"DPT::MKG && CTR::EN","SEC::MED && DPT::DEV && CTR::FR",same,12,18555,946,failure,200,1285710223,6428551.115
covercrypt,hybridized,089a548,"DPT::MKG && CTR::EN","SEC::MED && DPT::DEV && CTR::$",same,24,38585,946,failure,200,2245125393,11225626.965
covercrypt,hybridized,089a548,"DPT::MKG && CTR::EN","SEC::MED && DPT::MKG",different,24,38585,946,success,200,1253438106,6267190.530
covercrypt,hybridized,089a548,"DPT::MKG && CTR::EN","SEC::MED && DPT::MKG && CTR::EN",same,12,18555,946,success,200,789770547,3948852.735
covercrypt,hybridized,089a548,"DPT::MKG && CTR::EN","SEC::MED && DPT::MKG && CTR::FR",same,12,18555,946,failure,200,1072110631,5360553.155
covercrypt,hybridized,089a548,"DPT::MKG && CTR::EN","SEC::MED && DPT::MKG && CTR::$",same,24,38585,946,success,200,1099882536,5499412.680
covercrypt,hybridized,089a548,"DPT::MKG && CTR::EN","SEC::MED && DPT::$",different,48,78651,946,success,200,2216031403,11080157.015
covercrypt,hybridized,089a548,"DPT::MKG && CTR::EN","SEC::MED && DPT::$ && CTR::EN",same,24,38585,946,success,200,1444728283,7223641.415
covercrypt,hybridized,089a548,"DPT::MKG && CTR::EN","SEC::MED && DPT::$ && CTR::FR",same,24,38585,946,failure,200,2594317416,12971587.080
covercrypt,hybridized,089a548,"DPT::MKG && CTR::EN","SEC::MED && DPT::$ && CTR::$",same,48,78651,946,success,200,3057476069,15287380.345
covercrypt,hybridized,089a548,"DPT::MKG && CTR::EN","SEC::HIG",different,64,105363,946,success,200,3247148539,16235742.695
covercrypt,hybridized,089a548,"DPT::MKG && CTR::EN","SEC::HIG && CTR::EN",different,32,51939,946,success,200,1805560972,9027804.860
covercrypt,hybridized,089a548,"DPT::MKG && CTR::EN","SEC::HIG && CTR::FR",different,32,51939,946,failure,200,2967815623,14839078.115
covercrypt,hybridized,089a548,"DPT::MKG && CTR::EN","SEC::HIG && CTR::$",different,64,105363,946,success,200,3120368559,15601842.795
covercrypt,hybridized,089a548,"DPT::MKG && CTR::EN","SEC::HIG && DPT::DEV",different,32,51939,946,failure,200,2559147182,12795735.910
covercrypt,hybridized,089a548,"DPT::MKG && CTR::EN","SEC::HIG && DPT::DEV && CTR::EN",same,16,25231,946,failure,200,1386697181,6933485.905
covercrypt,hybridized,089a548,"DPT::MKG && CTR::EN","SEC::HIG && DPT::DEV && CTR::FR",same,16,25231,946,failure,200,1553938742,7769693.710
covercrypt,hybridized,089a548,"DPT::MKG && CTR::EN","SEC::HIG && DPT::DEV && CTR::$",same,32,51939,946,failure,200,2862912282,14314561.410
covercrypt,hybridized,089a548,"DPT::MKG && CTR::EN","SEC::HIG && DPT::MKG",different,32,51939,946,success,200,1417615965,7088079.825
covercrypt,hybridized,089a548,"DPT::MKG && CTR::EN","SEC::HIG && DPT::MKG && CTR::EN",same,16,25231,946,success,200,781228120,3906140.600
covercrypt,hybridized,089a548,"DPT::MKG && CTR::EN","SEC::HIG && DPT::MKG && CTR::FR",same,16,25231,946,failure,200,1394410658,6972053.290
covercrypt,hybridized,089a548,"DPT::MKG && CTR::EN","SEC::HIG && DPT::MKG && CTR::$",same,32,51939,946,success,200,1565423885,7827119.425
covercrypt,hybridized,089a548,"DPT::MKG && CTR::EN","SEC::HIG && DPT::$",different,64,105363,946,success,200,3262202132,16311010.660
covercrypt,hybridized,089a548,"DPT::MKG && CTR::EN","SEC::HIG && DPT::$ && CTR::EN",same,32,51939,946,success,200,1702349542,8511747.710
covercrypt,hybridized,089a548,"DPT::MKG && CTR::EN","SEC::HIG && DPT::$ && CTR::FR",same,32,51939,946,failure,200,3669246874,18346234.370
covercrypt,hybridized,089a548,"DPT::MKG && CTR::EN","SEC::HIG && DPT::$ && CTR::$",same,64,105363,946,success,200,2885886098,14429430.490
covercrypt,hybridized,089a548,"DPT::MKG && CTR::EN","SEC::$",different,80,132075,946,success,200,4259842477,21299212.385
covercrypt,hybridized,089a548,"DPT::MKG && CTR::EN","SEC::$ && CTR::EN",different,40,65293,946,success,200,2011069028,10055345.140
covercrypt,hybridized,089a548,"DPT::MKG && CTR::EN","SEC::$ && CTR::FR",different,40,65293,946,failure,200,3702245467,18511227.335
covercrypt,hybridized,089a548,"DPT::MKG && CTR::EN","SEC::$ && CTR::$",different,80,132075,946,success,200,4063410276,20317051.380
covercrypt,hybridized,089a548,"DPT::MKG && CTR::EN","SEC::$ && DPT::DEV",different,40,65293,946,failure,200,4670089605,23350448.025
covercrypt,hybridized,089a548,"DPT::MKG && CTR::EN","SEC::$ && DPT::DEV && CTR::EN",same,20,31907,946,failure,200,1973573134,9867865.670
covercrypt,hybridized,089a548,"DPT::MKG && CTR::EN","SEC::$ && DPT::DEV && CTR::FR",same,20,31907,946,failure,200,1901678832,9508394.160
covercrypt,hybridized,089a548,"DPT::MKG && CTR::EN","SEC::$ && DPT::DEV && CTR::$",same,40,65293,946,failure,200,4551941233,22759706.165
covercrypt,hybridized,089a548,"DPT::MKG && CTR::EN","SEC::$ && DPT::MKG",different,40,65293,946,success,200,1990980585,9954902.925
covercrypt,hybridized,089a548,"DPT::MKG && CTR::EN","SEC::$ && DPT::MKG && CTR::EN",same,20,31907,946,success,200,1086726405,5433632.025
covercrypt,hybridized,089a548,"DPT::MKG && CTR::EN","SEC::$ && DPT::MKG && CTR::FR",same,20,31907,946,failure,200,1771487414,8857437.070
covercrypt,hybridized,089a548,"DPT::MKG && CTR::EN","SEC::$ && DPT::MKG && CTR::$",same,40,65293,946,success,200,1878970907,9394854.535
covercrypt,hybridized,089a548,"DPT::MKG && CTR::EN","SEC::$ && DPT::$",different,80,132075,946,success,200,3540456994,17702284.970
covercrypt,hybridized,089a548,"DPT::MKG && CTR::EN","SEC::$ && DPT::$ && CTR::EN",same,40,65293,946,success,200,1694547102,8472735.510
covercrypt,hybridized,089a548,"DPT::MKG && CTR::EN","SEC::$ && DPT::$ && CTR::FR",same,40,65293,946,failure,200,3673651882,18368259.410
covercrypt,hybridized,089a548,"DPT::MKG && CTR::EN","SEC::$ && DPT::$ && CTR::$",same,80,132075,946,success,200,3575857417,17879287.085
covercrypt,hybridized,089a548,"SEC::LOW && CTR::EN","CTR::EN",different,40,65293,946,success,200,2176927921,10884639.605
covercrypt,hybridized,089a548,"SEC::LOW && CTR::EN","CTR::FR",different,40,65293,946,failure,200,3603355387,18016776.935
covercrypt,hybridized,089a548,"SEC::LOW && CTR::EN","CTR::$",different,80,132075,946,success,200,4311189137,21555945.685
covercrypt,hybridized,089a548,"SEC::LOW && CTR::EN","DPT::DEV",different,40,65293,946,success,200,1986706040,9933530.200
covercrypt,hybridized,089a548,"SEC::LOW && CTR::EN","DPT::DEV && CTR::EN",different,20,31907,946,success,200,969869303,4849346.515
covercrypt,hybridized,089a548,"SEC::LOW && CTR::EN","DPT::DEV && CTR::FR",different,20,31907,946,failure,200,1871434198,9357170.990
covercrypt,hybridized,089a548,"SEC::LOW && CTR::EN","DPT::DEV && CTR::$",different,40,65293,946,success,200,2032752124,10163760.620
covercrypt,hybridized,089a548,"SEC::LOW && CTR::EN","DPT::MKG",different,40,65293,946,success,200,2537430479,12687152.395
covercrypt,hybridized,089a548,"SEC::LOW && CTR::EN","DPT::MKG && CTR::EN",different,20,31907,946,success,200,1079626405,5398132.025
covercrypt,hybridized,089a548,"SEC::LOW && CTR::EN","DPT::MKG && CTR::FR",different,20,31907,946,failure,200,1941372466,9706862.330
covercrypt,hybridized,089a548,"SEC::LOW && CTR::EN","DPT::MKG && CTR::$",different,40,65293,946,success,200,1972999226,9864996.130
covercrypt,hybridized,089a548,"SEC::LOW && CTR::EN","DPT::$",different,80,132075,946,success,200,4907085790,24535428.950
covercrypt,hybridized,089a548,"SEC::LOW && CTR::EN","DPT::$ && CTR::EN",different,40,65293,946,success,200,2170384530,10851922.650
covercrypt,hybridized,089a548,"SEC::LOW && CTR::EN","DPT::$ && CTR::FR",different,40,65293,946,failure,200,3927033460,19635167.300
covercrypt,hybridized,089a548,"SEC::LOW && CTR::EN","DPT::$ && CTR::$",different,80,132075,946,success,200,3924061843,19620309.215
covercrypt,hybridized,089a548,"SEC::LOW && CTR::EN","SEC::LOW",different,32,51939,946,success,200,1636602665,8183013.325
covercrypt,hybridized,089a548,"SEC::LOW && CTR::EN","SEC::LOW && CTR::EN",different,16,25231,946,success,200,1011066618,5055333.090
covercrypt,hybridized,089a548,"SEC::LOW && CTR::EN","SEC::LOW && CTR::FR",different,16,25231,946,failure,200,1431244125,7156220.625
covercrypt,hybridized,089a548,"SEC::LOW && CTR::EN","SEC::LOW && CTR::$",different,32,51939,946,success,200,1914602881,9573014.405
covercrypt,hybridized,089a548,"SEC::LOW && CTR::EN","SEC::LOW && DPT::DEV",different,16,25231,946,success,200,874969455,4374847.275
covercrypt,hybridized,089a548,"SEC::LOW && CTR::EN","SEC::LOW && DPT::DEV && CTR::EN",same,8,11879,946,success,200,496518097,2482590.485
covercrypt,hybridized,089a548,"SEC::LOW && CTR::EN","SEC::LOW && DPT::DEV && CTR::FR",same,8,11879,946,failure,200,681614337,3408071.685
covercrypt,hybridized,089a548,"SEC::LOW && CTR::EN","SEC::LOW && DPT::DEV && CTR::$",same,16,25231,946,success,200,799166841,3995834.205
covercrypt,hybridized,089a548,"SEC::LOW && CTR::EN","SEC::LOW && DPT::MKG",different,16,25231,946,success,200,943715776,4718578.880
covercrypt,hybridized,089a548,"SEC::LOW && CTR::EN","SEC::LOW && DPT::MKG && CTR::EN",same,8,11879,946,success,200,477097991,2385489.955
covercrypt,hybridized,089a548,"SEC::LOW && CTR::EN","SEC::LOW && DPT::MKG && CTR::FR",same,8,11879,946,failure,200,742484552,3712422.760
covercrypt,hybridized,089a548,"SEC::LOW && CTR::EN","SEC::LOW && DPT::MKG && CTR::$",same,16,25231,946,success,200,932153382,4660766.910
covercrypt,hybridized,089a548,"SEC::LOW && CTR::EN","SEC::LOW && DPT::$",different,32,51939,946,success,200,1839093917,9195469.585
covercrypt,hybridized,089a548,"SEC::LOW && CTR::EN","SEC::LOW && DPT::$ && CTR::EN",same,16,25231,946,success,200,965998835,4829994.175
covercrypt,hybridized,089a548,"SEC::LOW && CTR::EN","SEC::LOW && DPT::$ && CTR::FR",same,16,25231,946,failure,200,1704833932,8524169.660
covercrypt,hybridized,089a548,"SEC::LOW && CTR::EN","SEC::LOW && DPT::$ && CTR::$",same,32,51939,946,success,200,1681945670,8409728.350
covercrypt,hybridized,089a548,"SEC::LOW && CTR::EN","SEC::MED",different,48,78651,946,success,200,2810045754,14050228.770
covercrypt,hybridized,089a548,"SEC::LOW && CTR::EN","SEC::MED && CTR::EN",different,24,38585,946,success,200,1294323838,6471619.190
covercrypt,hybridized,089a548,"SEC::LOW && CTR::EN","SEC::MED && CTR::FR",different,24,38585,946,failure,200,2754686805,13773434.025
covercrypt,hybridized,089a548,"SEC::LOW && CTR::EN","SEC::MED && CTR::$",different,48,78651,946,success,200,2991350663,14956753.315
covercrypt,hybridized,089a548,"SEC::LOW && CTR::EN","SEC::MED && DPT::DEV",different,24,38585,946,success,200,1429357554,7146787.770
covercrypt,hybridized,089a548,"SEC::LOW && CTR::EN","SEC::MED && DPT::DEV && CTR::EN",same,12,18555,946,success,200,840557632,4202788.160
covercrypt,hybridized,089a548,"SEC::LOW && CTR::EN","SEC::MED && DPT::DEV && CTR::FR",same,12,18555,946,failure,200,1193180776,5965903.880
covercrypt,hybridized,089a548,"SEC::LOW && CTR::EN","SEC::MED && DPT::DEV && CTR::$",same,24,38585,946,success,200,1359257508,6796287.540
covercrypt,hybridized,089a548,"SEC::LOW && CTR::EN","SEC::MED && DPT::MKG",different,24,38585,946,success,200,1439691238,7198456.190
covercrypt,hybridized,089a548,"SEC::LOW && CTR::EN","SEC::MED && DPT::MKG && CTR::EN",same,12,18555,946,success,200,858753114,4293765.570
covercrypt,hybridized,089a548,"SEC::LOW && CTR::EN","SEC::MED && DPT::MKG && CTR::FR",same,12,18555,946,failure,200,1437363270,7186816.350
covercrypt,hybridized,089a548,"SEC::LOW && CTR::EN","SEC::MED && DPT::MKG && CTR::$",same,24,38585,946,success,200,1433261285,7166306.425
covercrypt,hybridized,089a548,"SEC::LOW && CTR::EN","SEC::MED && DPT::$",different,48,78651,946,success,200,2789860615,13949303.075
covercrypt,hybridized,089a548,"SEC::LOW && CTR::EN","SEC::MED && DPT::$ && CTR::EN",same,24,38585,946,success,200,1565379380,7826896.900
covercrypt,hybridized,089a548,"SEC::LOW && CTR::EN","SEC::MED && DPT::$ && CTR::FR",same,24,38585,946,failure,200,2699530280,13497651.400
covercrypt,hybridized,089a548,"SEC::LOW && CTR::EN","SEC::MED && DPT::$ && CTR::$",same,48,78651,946,success,200,2596215510,12981077.550
covercrypt,hybridized,089a548,"SEC::LOW && CTR::EN","SEC::HIG",different,64,105363,946,success,200,4578261898,22891309.490
covercrypt,hybridized,089a548,"SEC::LOW && CTR::EN","SEC::HIG && CTR::EN",different,32,51939,946,success,200,2111855973,10559279.865
covercrypt,hybridized,089a548,"SEC::LOW && CTR::EN","SEC::HIG && CTR::FR",different,32,51939,946,failure,200,3330185275,16650926.375
covercrypt,hybridized,089a548,"SEC::LOW && CTR::EN","SEC::HIG && CTR::$",different,64,105363,946,success,200,3738321837,18691609.185
covercrypt,hybridized,089a548,"SEC::LOW && CTR::EN","SEC::HIG && DPT::DEV",different,32,51939,946,success,200,1771483495,8857417.475
covercrypt,hybridized,089a548,"SEC::LOW && CTR::EN","SEC::HIG && DPT::DEV && CTR::EN",same,16,25231,946,success,200,1004844862,5024224.310
covercrypt,hybridized,089a548,"SEC::LOW && CTR::EN","SEC::HIG && DPT::DEV && CTR::FR",same,16,25231,946,failure,200,1803878074,9019390.370
covercrypt,hybridized,089a548,"SEC::LOW && CTR::EN","SEC::HIG && DPT::DEV && CTR::$",same,32,51939,946,success,200,1364344388,6821721.940
covercrypt,hybridized,089a548,"SEC::LOW && CTR::EN","SEC::HIG && DPT::MKG",different,32,51939,946,success,200,1360345629,6801728.145
covercrypt,hybridized,089a548,"SEC::LOW && CTR::EN","SEC::HIG && DPT::MKG && CTR::EN",same,16,25231,946,success,200,769748842,3848744.210
covercrypt,hybridized,089a548,"SEC::LOW && CTR::EN","SEC::HIG && DPT::MKG && CTR::FR",same,16,25231,946,failure,200,1182080344,5910401.720
covercrypt,hybridized,089a548,"SEC::LOW && CTR::EN","SEC::HIG && DPT::MKG && CTR::$",same,32,51939,946,success,200,1550752144,7753760.720
covercrypt,hybridized,089a548,"SEC::LOW && CTR::EN","SEC::HIG && DPT::$",different,64,105363,946,success,200,2837845583,14189227.915
covercrypt,hybridized,089a548,"SEC::LOW && CTR::EN","SEC::HIG && DPT::$ && CTR::EN",same,32,51939,946,success,200,1415287389,7076436.945
covercrypt,hybridized,089a548,"SEC::LOW && CTR::EN","SEC::HIG && DPT::$ && CTR::FR",same,32,51939,946,failure,200,2551441172,12757205.860
covercrypt,hybridized,089a548,"SEC::LOW && CTR::EN","SEC::HIG && DPT::$ && CTR::$",same,64,105363,946,success,200,2649950408,13249752.040
covercrypt,hybridized,089a548,"SEC::LOW && CTR::EN","SEC::$",different,80,132075,946,success,200,4048730287,20243651.435
covercrypt,hybridized,089a548,"SEC::LOW && CTR::EN","SEC::$ && CTR::EN",different,40,65293,946,success,200,1759504385,8797521.925
covercrypt,hybridized,089a548,"SEC::LOW && CTR::EN","SEC::$ && CTR::FR",different,40,65293,946,failure,200,3534161522,17670807.610
covercrypt,hybridized,089a548,"SEC::LOW && CTR::EN","SEC::$ && CTR::$",different,80,132075,946,success,200,4004120323,20020601.615
covercrypt,hybridized,089a548,"SEC::LOW && CTR::EN","SEC::$ && DPT::DEV",different,40,65293,946,success,200,2092048004,10460240.020
covercrypt,hybridized,089a548,"SEC::LOW && CTR::EN","SEC::$ && DPT::DEV && CTR::EN",same,20,31907,946,success,200,917028972,4585144.860
covercrypt,hybridized,089a548,"SEC::LOW && CTR::EN","SEC::$ && DPT::DEV && CTR::FR",same,20,31907,946,failure,200,1701455065,8507275.325
covercrypt,hybridized,089a548,"SEC::LOW && CTR::EN","SEC::$ && DPT::DEV && CTR::$",same,40,65293,946,success,200,2183250039,10916250.195
covercrypt,hybridized,089a548,"SEC::LOW && CTR::EN","SEC::$ && DPT::MKG",different,40,65293,946,success,200,1882233225,9411166.125
covercrypt,hybridized,089a548,"SEC::LOW && CTR::EN","SEC::$ && DPT::MKG && CTR::EN",same,20,31907,946,success,200,961838587,4809192.935
covercrypt,hybridized,089a548,"SEC::LOW && CTR::EN","SEC::$ && DPT::MKG && CTR::FR",same,20,31907,946,failure,200,1688594444,8442972.220
covercrypt,hybridized,089a548,"SEC::LOW && CTR::EN","SEC::$ && DPT::MKG && CTR::$",same,40,65293,946,success,200,1597790663,7988953.315
covercrypt,hybridized,089a548,"SEC::LOW && CTR::EN","SEC::$ && DPT::$",different,80,132075,946,success,200,3179816386,15899081.930
covercrypt,hybridized,089a548,"SEC::LOW && CTR::EN","SEC::$ && DPT::$ && CTR::EN",same,40,65293,946,success,200,1630222737,8151113.685
covercrypt,hybridized,089a548,"SEC::LOW && CTR::EN","SEC::$ && DPT::$ && CTR::FR",same,40,65293,946,failure,200,3267146805,16335734.025
covercrypt,hybridized,089a548,"SEC::LOW && CTR::EN","SEC::$ && DPT::$ && CTR::$",same,80,132075,946,success,200,3386486985,16932434.925
covercrypt,hybridized,089a548,"SEC::LOW && DPT::MKG && CTR::EN","CTR::EN",different,40,65293,946,success,200,1763878741,8819393.705
covercrypt,hybridized,089a548,"SEC::LOW && DPT::MKG && CTR::EN","CTR::FR",different,40,65293,946,failure,200,2921637304,14608186.520
covercrypt,hybridized,089a548,"SEC::LOW && DPT::MKG && CTR::EN","CTR::$",different,80,132075,946,success,200,3328745338,16643726.690
covercrypt,hybridized,089a548,"SEC::LOW && DPT::MKG && CTR::EN","DPT::DEV",different,40,65293,946,failure,200,2881860452,14409302.260
covercrypt,hybridized,089a548,"SEC::LOW && DPT::MKG && CTR::EN","DPT::DEV && CTR::EN",different,20,31907,946,failure,200,1406718152,7033590.760
covercrypt,hybridized,089a548,"SEC::LOW && DPT::MKG && CTR::EN","DPT::DEV && CTR::FR",different,20,31907,946,failure,200,1427540497,7137702.485
covercrypt,hybridized,089a548,"SEC::LOW && DPT::MKG && CTR::EN","DPT::DEV && CTR::$",different,40,65293,946,failure,200,2895873016,14479365.080
covercrypt,hybridized,089a548,"SEC::LOW && DPT::MKG && CTR::EN","DPT::MKG",different,40,65293,946,success,200,1613816472,8069082.360
covercrypt,hybridized,089a548,"SEC::LOW && DPT::MKG && CTR::EN","DPT::MKG && CTR::EN",different,20,31907,946,success,200,944500666,4722503.330
covercrypt,hybridized,089a548,"SEC::LOW && DPT::MKG && CTR::EN","DPT::MKG && CTR::FR",different,20,31907,946,failure,200,1809206795,9046033.975
covercrypt,hybridized,089a548,"SEC::LOW && DPT::MKG && CTR::EN","DPT::MKG && CTR::$",different,40,65293,946,success,200,1959361722,9796808.610
covercrypt,hybridized,089a548,"SEC::LOW && DPT::MKG && CTR::EN","DPT::$",different,80,132075,946,success,200,3376340347,16881701.735
covercrypt,hybridized,089a548,"SEC::LOW && DPT::MKG && CTR::EN","DPT::$ && CTR::EN",different,40,65293,946,success,200,1564647034,7823235.170
covercrypt,hybridized,089a548,"SEC::LOW && DPT::MKG && CTR::EN","DPT::$ && CTR::FR",different,40,65293,946,failure,200,3132260341,15661301.705
covercrypt,hybridized,089a548,"SEC::LOW && DPT::MKG && CTR::EN","DPT::$ && CTR::$",different,80,132075,946,success,200,3552367179,17761835.895
covercrypt,hybridized,089a548,"SEC::LOW && DPT::MKG && CTR::EN","SEC::LOW",different,32,51939,946,success,200,1856766761,9283833.805
covercrypt,hybridized,089a548,"SEC::LOW && DPT::MKG && CTR::EN","SEC::LOW && CTR::EN",different,16,25231,946,success,200,857052812,4285264.060
covercrypt,hybridized,089a548,"SEC::LOW && DPT::MKG && CTR::EN","SEC::LOW && CTR::FR",different,16,25231,946,failure,200,1357161552,6785807.760
covercrypt,hybridized,089a548,"SEC::LOW && DPT::MKG && CTR::EN","SEC::LOW && CTR::$",different,32,51939,946,success,200,1332012386,6660061.930
covercrypt,hybridized,089a548,"SEC::LOW && DPT::MKG && CTR::EN","SEC::LOW && DPT::DEV",different,16,25231,946,failure,200,1438135970,7190679.850
covercrypt,hybridized,089a548,"SEC::LOW && DPT::MKG && CTR::EN","SEC::LOW && DPT::DEV && CTR::EN",same,8,11879,946,failure,200,649729097,3248645.485
covercrypt,hybridized,089a548,"SEC::LOW && DPT::MKG && CTR::EN","SEC::LOW && DPT::DEV && CTR::FR",same,8,11879,946,failure,200,607847522,3039237.610
covercrypt,hybridized,089a548,"SEC::LOW && DPT::MKG && CTR::EN","SEC::LOW && DPT::DEV && CTR::$",same,16,25231,946,failure,200,1224634800,6123174.000
covercrypt,hybridized,089a548,"SEC::LOW && DPT::MKG && CTR::EN","SEC::LOW && DPT::MKG",different,16,25231,946,success,200,702469256,3512346.280
covercrypt,hybridized,089a548,"SEC::LOW && DPT::MKG && CTR::EN","SEC::LOW && DPT::MKG && CTR::EN",same,8,11879,946,success,200,477401209,2387006.045
covercrypt,hybridized,089a548,"SEC::LOW && DPT::MKG && CTR::EN","SEC::LOW && DPT::MKG && CTR::FR",same,8,11879,946,failure,200,627484352,3137421.760
covercrypt,hybridized,089a548,"SEC::LOW && DPT::MKG && CTR::EN","SEC::LOW && DPT::MKG && CTR::$",same,16,25231,946,success,200,711550675,3557753.375
covercrypt,hybridized,089a548,"SEC::LOW && DPT::MKG && CTR::EN","SEC::LOW && DPT::$",different,32,51939,946,success,200,1357477375,6787386.875
covercrypt,hybridized,089a548,"SEC::LOW && DPT::MKG && CTR::EN","SEC::LOW && DPT::$ && CTR::EN",same,16,25231,946,success,200,765680346,3828401.730
covercrypt,hybridized,089a548,"SEC::LOW && DPT::MKG && CTR::EN","SEC::LOW && DPT::$ && CTR::FR",same,16,25231,946,failure,200,1168146233,5840731.165
covercrypt,hybridized,089a548,"SEC::LOW && DPT::MKG && CTR::EN","SEC::LOW && DPT::$ && CTR::$",same,32,51939,946,success,200,1317027567,6585137.835
covercrypt,hybridized,089a548,"SEC::LOW && DPT::MKG && CTR::EN","SEC::MED",different,48,78651,946,success,200,2049833469,10249167.345
covercrypt,hybridized,089a548,"SEC::LOW && DPT::MKG && CTR::EN","SEC::MED && CTR::EN",different,24,38585,946,success,200,1024036287,5120181.435
covercrypt,hybridized,089a548,"SEC::LOW && DPT::MKG && CTR::EN","SEC::MED && CTR::FR",different,24,38585,946,failure,200,1854388402,9271942.010
covercrypt,hybridized,089a548,"SEC::LOW && DPT::MKG && CTR::EN","SEC::MED && CTR::$",different,48,78651,946,success,200,1889175477,9445877.385
covercrypt,hybridized,089a548,"SEC::LOW && DPT::MKG && CTR::EN","SEC::MED && DPT::DEV",different,24,38585,946,failure,200,1826341619,9131708.095
covercrypt,hybridized,089a548,"SEC::LOW && DPT::MKG && CTR::EN","SEC::MED && DPT::DEV && CTR::EN",same,12,18555,946,failure,200,986809768,4934048.840
covercrypt,hybridized,089a548,"SEC::LOW && DPT::MKG && CTR::EN","SEC::MED && DPT::DEV && CTR::FR",same,12,18555,946,failure,200,916240029,4581200.145
covercrypt,hybridized,089a548,"SEC::LOW && DPT::MKG && CTR::EN","SEC::MED && DPT::DEV && CTR::$",same,24,38585,946,failure,200,1825467624,9127338.120
covercrypt,hybridized,089a548,"SEC::LOW && DPT::MKG && CTR::EN","SEC::MED && DPT::MKG",different,24,38585,946,success,200,976412848,4882064.240
covercrypt,hybridized,089a548,"SEC::LOW && DPT::MKG && CTR::EN","SEC::MED && DPT::MKG && CTR::EN",same,12,18555,946,success,200,601320767,3006603.835
covercrypt,hybridized,089a548,"SEC::LOW && DPT::MKG && CTR::EN","SEC::MED && DPT::MKG && CTR::FR",same,12,18555,946,failure,200,892881378,4464406.890
covercrypt,hybridized,089a548,"SEC::LOW && DPT::MKG && CTR::EN","SEC::MED && DPT::MKG && CTR::$",same,24,38585,946,success,200,998542705,4992713.525
covercrypt,hybridized,089a548,"SEC::LOW && DPT::MKG && CTR::EN","SEC::MED && DPT::$",different,48,78651,946,success,200,2107707836,10538539.180
covercrypt,hybridized,089a548,"SEC::LOW && DPT::MKG && CTR::EN","SEC::MED && DPT::$ && CTR::EN",same,24,38585,946,success,200,1085632889,5428164.445
covercrypt,hybridized,089a548,"SEC::LOW && DPT::MKG && CTR::EN","SEC::MED && DPT::$ && CTR::FR",same,24,38585,946,failure,200,1906513448,9532567.240
covercrypt,hybridized,089a548,"SEC::LOW && DPT::MKG && CTR::EN","SEC::MED && DPT::$ && CTR::$",same,48,78651,946,success,200,1970688028,9853440.140
covercrypt,hybridized,089a548,"SEC::LOW && DPT::MKG && CTR::EN","SEC::HIG",different,64,105363,946,success,200,2295706862,11478534.310
covercrypt,hybridized,089a548,"SEC::LOW && DPT::MKG && CTR::EN","SEC::HIG && CTR::EN",different,32,51939,946,success,200,1274152368,6370761.840
covercrypt,hybridized,089a548,"SEC::LOW && DPT::MKG && CTR::EN","SEC::HIG && CTR::FR",different,32,51939,946,failure,200,2393945087,11969725.435
covercrypt,hybridized,089a548,"SEC::LOW && DPT::MKG && CTR::EN","SEC::HIG && CTR::$",different,64,105363,946,success,200,2709589505,13547947.525
covercrypt,hybridized,089a548,"SEC::LOW && DPT::MKG && CTR::EN","SEC::HIG && DPT::DEV",different,32,51939,946,failure,200,2426526130,12132630.650
covercrypt,hybridized,089a548,"SEC::LOW && DPT::MKG && CTR::EN","SEC::HIG && DPT::DEV && CTR::EN",same,16,25231,946,failure,200,1175130259,5875651.295
covercrypt,hybridized,089a548,"SEC::LOW && DPT::MKG && CTR::EN","SEC::HIG && DPT::DEV && CTR::FR",same,16,25231,946,failure,200,1217871691,6089358.455
covercrypt,hybridized,089a548,"SEC::LOW && DPT::MKG && CTR::EN","SEC::HIG && DPT::DEV && CTR::$",same,32,51939,946,failure,200,2518815726,12594078.630
covercrypt,hybridized,089a548,"SEC::LOW && DPT::MKG && CTR::EN","SEC::HIG && DPT::MKG",different,32,51939,946,success,200,1429090385,7145451.925
covercrypt,hybridized,089a548,"SEC::LOW && DPT::MKG && CTR::EN","SEC::HIG && DPT::MKG && CTR::EN",same,16,25231,946,success,200,836763255,4183816.275
covercrypt,hybridized,089a548,"SEC::LOW && DPT::MKG && CTR::EN","SEC::HIG && DPT::MKG && CTR::FR",same,16,25231,946,failure,200,1257128110,6285640.550
covercrypt,hybridized,089a548,"SEC::LOW && DPT::MKG && CTR::EN","SEC::HIG && DPT::MKG && CTR::$",same,32,51939,946,success,200,1332769819,6663849.095
covercrypt,hybridized,089a548,"SEC::LOW && DPT::MKG && CTR::EN","SEC::HIG && DPT::$",different,64,105363,946,success,200,2592289202,12961446.010
covercrypt,hybridized,089a548,"SEC::LOW && DPT::MKG && CTR::EN","SEC::HIG && DPT::$ && CTR::EN",same,32,51939,946,success,200,1248212372,6241061.860
covercrypt,hybridized,089a548,"SEC::LOW && DPT::MKG && CTR::EN","SEC::HIG && DPT::$ && CTR::FR",same,32,51939,946,failure,200,2454638432,12273192.160
covercrypt,hybridized,089a548,"SEC::LOW && DPT::MKG && CTR::EN","SEC::HIG && DPT::$ && CTR::$",same,64,105363,946,success,200,2548762105,12743810.525
covercrypt,hybridized,089a548,"SEC::LOW && DPT::MKG && CTR::EN","SEC::$",different,80,132075,946,success,200,3268332467,16341662.335
covercrypt,hybridized,089a548,"SEC::LOW && DPT::MKG && CTR::EN","SEC::$ && CTR::EN",different,40,65293,946,success,200,1592363585,7961817.925
covercrypt,hybridized,089a548,"SEC::LOW && DPT::MKG && CTR::EN","SEC::$ && CTR::FR",different,40,65293,946,failure,200,3095208680,15476043.400
covercrypt,hybridized,089a548,"SEC::LOW && DPT::MKG && CTR::EN","SEC::$ && CTR::$",different,80,132075,946,success,200,3159687732,15798438.660
covercrypt,hybridized,089a548,"SEC::LOW && DPT::MKG && CTR::EN","SEC::$ && DPT::DEV",different,40,65293,946,failure,200,3002653967,15013269.835
covercrypt,hybridized,089a548,"SEC::LOW && DPT::MKG && CTR::EN","SEC::$ && DPT::DEV && CTR::EN",same,20,31907,946,failure,200,1526189815,7630949.075
covercrypt,hybridized,089a548,"SEC::LOW && DPT::MKG && CTR::EN","SEC::$ && DPT::DEV && CTR::FR",same,20,31907,946,failure,200,1561231408,7806157.040
covercrypt,hybridized,089a548,"SEC::LOW && DPT::MKG && CTR::EN","SEC::$ && DPT::DEV && CTR::$",same,40,65293,946,failure,200,3062352187,15311760.935
covercrypt,hybridized,089a548,"SEC::LOW && DPT::MKG && CTR::EN","SEC::$ && DPT::MKG",different,40,65293,946,success,200,1655758199,8278790.995
covercrypt,hybridized,089a548,"SEC::LOW && DPT::MKG && CTR::EN","SEC::$ && DPT::MKG && CTR::EN",same,20,31907,946,success,200,785855006,3929275.030
covercrypt,hybridized,089a548,"SEC::LOW && DPT::MKG && CTR::EN","SEC::$ && DPT::MKG && CTR::FR",same,20,31907,946,failure,200,1369472418,6847362.090
covercrypt,hybridized,089a548,"SEC::LOW && DPT::MKG && CTR::EN","SEC::$ && DPT::MKG && CTR::$",same,40,65293,946,success,200,1449235970,7246179.850
covercrypt,hybridized,089a548,"SEC::LOW && DPT::MKG && CTR::EN","SEC::$ && DPT::$",different,80,132075,946,success,200,2997067680,14985338.400
covercrypt,hybridized,089a548,"SEC::LOW && DPT::MKG && CTR::EN","SEC::$ && DPT::$ && CTR::EN",same,40,65293,946,success,200,1504605720,7523028.600
covercrypt,hybridized,089a548,"SEC::LOW && DPT::MKG && CTR::EN","SEC::$ && DPT::$ && CTR::FR",same,40,65293,946,failure,200,3174239171,15871195.855
covercrypt,hybridized,089a548,"SEC::LOW && DPT::MKG && CTR::EN","SEC::$ && DPT::$ && CTR::$",same,80,132075,946,success,200,3131509688,15657548.440
covercrypt,hybridized,089a548,"SEC::MED && CTR::EN","CTR::EN",different,40,65293,946,success,200,1540171036,7700855.180
covercrypt,hybridized,089a548,"SEC::MED && CTR::EN","CTR::FR",different,40,65293,946,failure,200,3035904485,15179522.425
covercrypt,hybridized,089a548,"SEC::MED && CTR::EN","CTR::$",different,80,132075,946,success,200,3501309973,17506549.865
covercrypt,hybridized,089a548,"SEC::MED && CTR::EN","DPT::DEV",different,40,65293,946,success,200,1582251073,7911255.365
covercrypt,hybridized,089a548,"SEC::MED && CTR::EN","DPT::DEV && CTR::EN",different,20,31907,946,success,200,932778589,4663892.945
covercrypt,hybridized,089a548,"SEC::MED && CTR::EN","DPT::DEV && CTR::FR",different,20,31907,946,failure,200,1465810849,7329054.245
covercrypt,hybridized,089a548,"SEC::MED && CTR::EN","DPT::DEV && CTR::$",different,40,65293,946,success,200,1823896184,9119480.920
covercrypt,hybridized,089a548,"SEC::MED && CTR::EN","DPT::MKG",different,40,65293,946,success,200,1811697843,9058489.215
covercrypt,hybridized,089a548,"SEC::MED && CTR::EN","DPT::MKG && CTR::EN",different,20,31907,946,success,200,909214752,4546073.760
covercrypt,hybridized,089a548,"SEC::MED && CTR::EN","DPT::MKG && CTR::FR",different,20,31907,946,failure,200,1539057657,7695288.285
covercrypt,hybridized,089a548,"SEC::MED && CTR::EN","DPT::MKG && CTR::$",different,40,65293,946,success,200,1632372075,8161860.375
covercrypt,hybridized,089a548,"SEC::MED && CTR::EN","DPT::$",different,80,132075,946,success,200,3979976927,19899884.635
covercrypt,hybridized,089a548,"SEC::MED && CTR::EN","DPT::$ && CTR::EN",different,40,65293,946,success,200,1757902922,8789514.610
covercrypt,hybridized,089a548,"SEC::MED && CTR::EN","DPT::$ && CTR::FR",different,40,65293,946,failure,200,3046303052,15231515.260
covercrypt,hybridized,089a548,"SEC::MED && CTR::EN","DPT::$ && CTR::$",different,80,132075,946,success,200,2919735912,14598679.560
covercrypt,hybridized,089a548,"SEC::MED && CTR::EN","SEC::LOW",different,32,51939,946,failure,200,2377021593,11885107.965
covercrypt,hybridized,089a548,"SEC::MED && CTR::EN","SEC::LOW && CTR::EN",different,16,25231,946,failure,200,1275863684,6379318.420
covercrypt,hybridized,089a548,"SEC::MED && CTR::EN","SEC::LOW && CTR::FR",different,16,25231,946,failure,200,1493045242,7465226.210
covercrypt,hybridized,089a548,"SEC::MED && CTR::EN","SEC::LOW && CTR::$",different,32,51939,946,failure,200,2419722184,12098610.920
covercrypt,hybridized,089a548,"SEC::MED && CTR::EN","SEC::LOW && DPT::DEV",different,16,25231,946,failure,200,1193438128,5967190.640
covercrypt,hybridized,089a548,"SEC::MED && CTR::EN","SEC::LOW && DPT::DEV && CTR::EN",same,8,11879,946,failure,200,634404292,3172021.460
covercrypt,hybridized,089a548,"SEC::MED && CTR::EN","SEC::LOW && DPT::DEV && CTR::FR",same,8,11879,946,failure,200,604247114,3021235.570
covercrypt,hybridized,089a548,"SEC::MED && CTR::EN","SEC::LOW && DPT::DEV && CTR::$",same,16,25231,946,failure,200,1210477512,6052387.560
covercrypt,hybridized,089a548,"SEC::MED && CTR::EN","SEC::LOW && DPT::MKG",different,16,25231,946,failure,200,1245147515,6225737.575
covercrypt,hybridized,089a548,"SEC::MED && CTR::EN","SEC::LOW && DPT::MKG && CTR::EN",same,8,11879,946,failure,200,632310665,3161553.325
covercrypt,hybridized,089a548,"SEC::MED && CTR::EN","SEC::LOW && DPT::MKG && CTR::FR",same,8,11879,946,failure,200,596765287,2983826.435
covercrypt,hybridized,089a548,"SEC::MED && CTR::EN","SEC::LOW && DPT::MKG && CTR::$",same,16,25231,946,failure,200,1191077401,5955387.005
covercrypt,hybridized,089a548,"SEC::MED && CTR::EN","SEC::LOW && DPT::$",different,32,51939,946,failure,200,2376160860,11880804.300
covercrypt,hybridized,089a548,"SEC::MED && CTR::EN","SEC::LOW && DPT::$ && CTR::EN",same,16,25231,946,failure,200,1257007633,6285038.165
covercrypt,hybridized,089a548,"SEC::MED && CTR::EN","SEC::LOW && DPT::$ && CTR::FR",same,16,25231,946,failure,200,1232963314,6164816.570
covercrypt,hybridized,089a548,"SEC::MED && CTR::EN","SEC::LOW && DPT::$ && CTR::$",same,32,51939,946,failure,200,2454083949,12270419.745
covercrypt,hybridized,089a548,"SEC::MED && CTR::EN","SEC::MED",different,48,78651,946,success,200,1899479149,9497395.745
covercrypt,hybridized,089a548,"SEC::MED && CTR::EN","SEC::MED && CTR::EN",different,24,38585,946,success,200,1095144940,5475724.700
covercrypt,hybridized,089a548,"SEC::MED && CTR::EN","SEC::MED && CTR::FR",different,24,38585,946,failure,200,1821015158,9105075.790
covercrypt,hybridized,089a548,"SEC::MED && CTR::EN","SEC::MED && CTR::$",different,48,78651,946,success,200,1958127359,9790636.795
covercrypt,hybridized,089a548,"SEC::MED && CTR::EN","SEC::MED && DPT::DEV",different,24,38585,946,success,200,1331083631,6655418.155
covercrypt,hybridized,089a548,"SEC::MED && CTR::EN","SEC::MED && DPT::DEV && CTR::EN",same,12,18555,946,success,200,763754170,3818770.850
covercrypt,hybridized,089a548,"SEC::MED && CTR::EN","SEC::MED && DPT::DEV && CTR::FR",same,12,18555,946,failure,200,899764601,4498823.005
covercrypt,hybridized,089a548,"SEC::MED && CTR::EN","SEC::MED && DPT::DEV && CTR::$",same,24,38585,946,success,200,1091495893,5457479.465
covercrypt,hybridized,089a548,"SEC::MED && CTR::EN","SEC::MED && DPT::MKG",different,24,38585,946,success,200,1160728450,5803642.250
covercrypt,hybridized,089a548,"SEC::MED && CTR::EN","SEC::MED && DPT::MKG && CTR::EN",same,12,18555,946,success,200,584420155,2922100.775
covercrypt,hybridized,089a548,"SEC::MED && CTR::EN","SEC::MED && DPT::MKG && CTR::FR",same,12,18555,946,failure,200,912549884,4562749.420
covercrypt,hybridized,089a548,"SEC::MED && CTR::EN","SEC::MED && DPT::MKG && CTR::$",same,24,38585,946,success,200,1058053681,5290268.405
covercrypt,hybridized,089a548,"SEC::MED && CTR::EN","SEC::MED && DPT::$",different,48,78651,946,success,200,1935058871,9675294.355
covercrypt,hybridized,089a548,"SEC::MED && CTR::EN","SEC::MED && DPT::$ && CTR::EN",same,24,38585,946,success,200,999019453,4995097.265
covercrypt,hybridized,089a548,"SEC::MED && CTR::EN","SEC::MED && DPT::$ && CTR::FR",same,24,38585,946,failure,200,1905795871,9528979.355
covercrypt,hybridized,089a548,"SEC::MED && CTR::EN","SEC::MED && DPT::$ && CTR::$",same,48,78651,946,success,200,2040879295,10204396.475
covercrypt,hybridized,089a548,"SEC::MED && CTR::EN","SEC::HIG",different,64,105363,946,success,200,2801481432,14007407.160
covercrypt,hybridized,089a548,"SEC::MED && CTR::EN","SEC::HIG && CTR::EN",different,32,51939,946,success,200,1451689768,7258448.840
covercrypt,hybridized,089a548,"SEC::MED && CTR::EN","SEC::HIG && CTR::FR",different,32,51939,946,failure,200,2491883999,12459419.995
covercrypt,hybridized,089a548,"SEC::MED && CTR::EN","SEC::HIG && CTR::$",different,64,105363,946,success,200,2658248272,13291241.360
covercrypt,hybridized,089a548,"SEC::MED && CTR::EN","SEC::HIG && DPT::DEV",different,32,51939,946,success,200,1457654207,7288271.035
covercrypt,hybridized,089a548,"SEC::MED && CTR::EN","SEC::HIG && DPT::DEV && CTR::EN",same,16,25231,946,success,200,897609702,4488048.510
covercrypt,hybridized,089a548,"SEC::MED && CTR::EN","SEC::HIG && DPT::DEV && CTR::FR",same,16,25231,946,failure,200,1501636534,7508182.670
covercrypt,hybridized,089a548,"SEC::MED && CTR::EN","SEC::HIG && DPT::DEV && CTR::$",same,32,51939,946,success,200,1487569766,7437848.830
covercrypt,hybridized,089a548,"SEC::MED && CTR::EN","SEC::HIG && DPT::MKG",different,32,51939,946,success,200,1305007624,6525038.120
covercrypt,hybridized,089a548,"SEC::MED && CTR::EN","SEC::HIG && DPT::MKG && CTR::EN",same,16,25231,946,success,200,767014408,3835072.040
covercrypt,hybridized,089a548,"SEC::MED && CTR::EN","SEC::HIG && DPT::MKG && CTR::FR",same,16,25231,946,failure,200,1212598542,6062992.710
covercrypt,hybridized,089a548,"SEC::MED && CTR::EN","SEC::HIG && DPT::MKG && CTR::$",same,32,51939,946,success,200,1445192110,7225960.550
covercrypt,hybridized,089a548,"SEC::MED && CTR::EN","SEC::HIG && DPT::$",different,64,105363,946,success,200,2889919865,14449599.325
covercrypt,hybridized,089a548,"SEC::MED && CTR::EN","SEC::HIG && DPT::$ && CTR::EN",same,32,51939,946,success,200,1825848215,9129241.075
covercrypt,hybridized,089a548,"SEC::MED && CTR::EN","SEC::HIG && DPT::$ && CTR::FR",same,32,51939,946,failure,200,2682521681,13412608.405
covercrypt,hybridized,089a548,"SEC::MED && CTR::EN","SEC::HIG && DPT::$ && CTR::$",same,64,105363,946,success,200,2435567379,12177836.895
covercrypt,hybridized,089a548,"SEC::MED && CTR::EN","SEC::$",different,80,132075,946,success,200,3670423217,18352116.085
covercrypt,hybridized,089a548,"SEC::MED && CTR::EN","SEC::$ && CTR::EN",different,40,65293,946,success,200,1972606697,9863033.485
covercrypt,hybridized,089a548,"SEC::MED && CTR::EN","SEC::$ && CTR::FR",different,40,65293,946,failure,200,3652506650,18262533.250
covercrypt,hybridized,089a548,"SEC::MED && CTR::EN","SEC::$ && CTR::$",different,80,132075,946,success,200,5067082475,25335412.375
covercrypt,hybridized,089a548,"SEC::MED && CTR::EN","SEC::$ && DPT::DEV",different,40,65293,946,success,200,2753778652,13768893.260
covercrypt,hybridized,089a548,"SEC::MED && CTR::EN","SEC::$ && DPT::DEV && CTR::EN",same,20,31907,946,success,200,1148305986,5741529.930
covercrypt,hybridized,089a548,"SEC::MED && CTR::EN","SEC::$ && DPT::DEV && CTR::FR",same,20,31907,946,failure,200,1810736003,9053680.015
covercrypt,hybridized,089a548,"SEC::MED && CTR::EN","SEC::$ && DPT::DEV && CTR::$",same,40,65293,946,success,200,1889515248,9447576.240
covercrypt,hybridized,089a548,"SEC::MED && CTR::EN","SEC::$ && DPT::MKG",different,40,65293,946,success,200,2089634506,10448172.530
covercrypt,hybridized,089a548,"SEC::MED && CTR::EN","SEC::$ && DPT::MKG && CTR::EN",same,20,31907,946,success,200,1194620797,5973103.985
covercrypt,hybridized,089a548,"SEC::MED && CTR::EN","SEC::$ && DPT::MKG && CTR::FR",same,20,31907,946,failure,200,2199748673,10998743.365
covercrypt,hybridized,089a548,"SEC::MED && CTR::EN","SEC::$ && DPT::MKG && CTR::$",same,40,65293,946,success,200,2617143147,13085715.735
covercrypt,hybridized,089a548,"SEC::MED && CTR::EN","SEC::$ && DPT::$",different,80,132075,946,success,200,3149311573,15746557.865
covercrypt,hybridized,089a548,"SEC::MED && CTR::EN","SEC::$ && DPT::$ && CTR::EN",same,40,65293,946,success,200,1551733301,7758666.505
covercrypt,hybridized,089a548,"SEC::MED && CTR::EN","SEC::$ && DPT::$ && CTR::FR",same,40,65293,946,failure,200,3525951187,17629755.935
covercrypt,hybridized,089a548,"SEC::MED && CTR::EN","SEC::$ && DPT::$ && CTR::$",same,80,132075,946,success,200,3103247698,15516238.490
covercrypt,hybridized,089a548,"SEC::MED && DPT::MKG && CTR::EN","CTR::EN",different,40,65293,946,success,200,1596597611,7982988.055
covercrypt,hybridized,089a548,"SEC::MED && DPT::MKG && CTR::EN","CTR::FR",different,40,65293,946,failure,200,2922701811,14613509.055
covercrypt,hybridized,089a548,"SEC::MED && DPT::MKG && CTR::EN","CTR::$",different,80,132075,946,success,200,3120243236,15601216.180
covercrypt,hybridized,089a548,"SEC::MED && DPT::MKG && CTR::EN","DPT::DEV",different,40,65293,946,failure,200,3056573691,15282868.455
covercrypt,hybridized,089a548,"SEC::MED && DPT::MKG && CTR::EN","DPT::DEV && CTR::EN",different,20,31907,946,failure,200,1865266018,9326330.090
covercrypt,hybridized,089a548,"SEC::MED && DPT::MKG && CTR::EN","DPT::DEV && CTR::FR",different,20,31907,946,failure,200,1858999373,9294996.865
covercrypt,hybridized,089a548,"SEC::MED && DPT::MKG && CTR::EN","DPT::DEV && CTR::$",different,40,65293,946,failure,200,3679687110,18398435.550
covercrypt,hybridized,089a548,"SEC::MED && DPT::MKG && CTR::EN","DPT::MKG",different,40,65293,946,success,200,2357923215,11789616.075
covercrypt,hybridized,089a548,"SEC::MED && DPT::MKG && CTR::EN","DPT::MKG && CTR::EN",different,20,31907,946,success,200,1479138791,7395693.955
covercrypt,hybridized,089a548,"SEC::MED && DPT::MKG && CTR::EN","DPT::MKG && CTR::FR",different,20,31907,946,failure,200,2471269906,12356349.530
covercrypt,hybridized,089a548,"SEC::MED && DPT::MKG && CTR::EN","DPT::MKG && CTR::$",different,40,65293,946,success,200,2138987031,10694935.155
covercrypt,hybridized,089a548,"SEC::MED && DPT::MKG && CTR::EN","DPT::$",different,80,132075,946,success,200,4987234098,24936170.490
covercrypt,hybridized,089a548,"SEC::MED && DPT::MKG && CTR::EN","DPT::$ && CTR::EN",different,40,65293,946,success,200,2259895233,11299476.165
covercrypt,hybridized,089a548,"SEC::MED && DPT::MKG && CTR::EN","DPT::$ && CTR::FR",different,40,65293,946,failure,200,3762013857,18810069.285
covercrypt,hybridized,089a548,"SEC::MED && DPT::MKG && CTR::EN","DPT::$ && CTR::$",different,80,132075,946,success,200,4297515187,21487575.935
covercrypt,hybridized,089a548,"SEC::MED && DPT::MKG && CTR::EN","SEC::LOW",different,32,51939,946,failure,200,2949802698,14749013.490
covercrypt,hybridized,089a548,"SEC::MED && DPT::MKG && CTR::EN","SEC::LOW && CTR::EN",different,16,25231,946,failure,200,1458113998,7290569.990
covercrypt,hybridized,089a548,"SEC::MED && DPT::MKG && CTR::EN","SEC::LOW && CTR::FR",different,16,25231,946,failure,200,1566524924,7832624.620
covercrypt,hybridized,089a548,"SEC::MED && DPT::MKG && CTR::EN","SEC::LOW && CTR::$",different,32,51939,946,failure,200,3509014371,17545071.855
covercrypt,hybridized,089a548,"SEC::MED && DPT::MKG && CTR::EN","SEC::LOW && DPT::DEV",different,16,25231,946,failure,200,1563042775,7815213.875
covercrypt,hybridized,089a548,"SEC::MED && DPT::MKG && CTR::EN","SEC::LOW && DPT::DEV && CTR::EN",same,8,11879,946,failure,200,827234504,4136172.520
covercrypt,hybridized,089a548,"SEC::MED && DPT::MKG && CTR::EN","SEC::LOW && DPT::DEV && CTR::FR",same,8,11879,946,failure,200,757500669,3787503.345
covercrypt,hybridized,089a548,"SEC::MED && DPT::MKG && CTR::EN","SEC::LOW && DPT::DEV && CTR::$",same,16,25231,946,failure,200,1800655413,9003277.065
covercrypt,hybridized,089a548,"SEC::MED && DPT::MKG && CTR::EN","SEC::LOW && DPT::MKG",different,16,25231,946,failure,200,1813896769,9069483.845
covercrypt,hybridized,089a548,"SEC::MED && DPT::MKG && CTR::EN","SEC::LOW && DPT::MKG && CTR::EN",same,8,11879,946,failure,200,936534345,4682671.725
covercrypt,hybridized,089a548,"SEC::MED && DPT::MKG && CTR::EN","SEC::LOW && DPT::MKG && CTR::FR",same,8,11879,946,failure,200,839885153,4199425.765
covercrypt,hybridized,089a548,"SEC::MED && DPT::MKG && CTR::EN","SEC::LOW && DPT::MKG && CTR::$",same,16,25231,946,failure,200,1423680532,7118402.660
covercrypt,hybridized,089a548,"SEC::MED && DPT::MKG && CTR::EN","SEC::LOW && DPT::$",different,32,51939,946,failure,200,3031604507,15158022.535
covercrypt,hybridized,089a548,"SEC::MED && DPT::MKG && CTR::EN","SEC::LOW && DPT::$ && CTR::EN",same,16,25231,946,failure,200,1685535849,8427679.245
covercrypt,hybridized,089a548,"SEC::MED && DPT::MKG && CTR::EN","SEC::LOW && DPT::$ && CTR::FR",same,16,25231,946,failure,200,1708556827,8542784.135
covercrypt,hybridized,089a548,"SEC::MED && DPT::MKG && CTR::EN","SEC::LOW && DPT::$ && CTR::$",same,32,51939,946,failure,200,3503183047,17515915.235
covercrypt,hybridized,089a548,"SEC::MED && DPT::MKG && CTR::EN","SEC::MED",different,48,78651,946,success,200,2739388129,13696940.645
covercrypt,hybridized,089a548,"SEC::MED && DPT::MKG && CTR::EN","SEC::MED && CTR::EN",different,24,38585,946,success,200,1550161338,7750806.690
covercrypt,hybridized,089a548,"SEC::MED && DPT::MKG && CTR::EN","SEC::MED && CTR::FR",different,24,38585,946,failure,200,2873476156,14367380.780
covercrypt,hybridized,089a548,"SEC::MED && DPT::MKG && CTR::EN","SEC::MED && CTR::$",different,48,78651,946,success,200,2999644009,14998220.045
covercrypt,hybridized,089a548,"SEC::MED && DPT::MKG && CTR::EN","SEC::MED && DPT::DEV",different,24,38585,946,failure,200,2814579948,14072899.740
covercrypt,hybridized,089a548,"SEC::MED && DPT::MKG && CTR::EN","SEC::MED && DPT::DEV && CTR::EN",same,12,18555,946,failure,200,1560572195,7802860.975
covercrypt,hybridized,089a548,"SEC::MED && DPT::MKG && CTR::EN","SEC::MED && DPT::DEV && CTR::FR",same,12,18555,946,failure,200,1506306915,7531534.575
covercrypt,hybridized,089a548,"SEC::MED && DPT::MKG && CTR::EN","SEC::MED && DPT::DEV && CTR::$",same,24,38585,946,failure,200,2559868870,12799344.350
covercrypt,hybridized,089a548,"SEC::MED && DPT::MKG && CTR::EN","SEC::MED && DPT::MKG",different,24,38585,946,success,200,1495399940,7476999.700
covercrypt,hybridized,089a548,"SEC::MED && DPT::MKG && CTR::EN","SEC::MED && DPT::MKG && CTR::EN",same,12,18555,946,success,200,962289592,4811447.960
covercrypt,hybridized,089a548,"SEC::MED && DPT::MKG && CTR::EN","SEC::MED && DPT::MKG && CTR::FR",same,12,18555,946,failure,200,1326835385,6634176.925
covercrypt,hybridized,089a548,"SEC::MED && DPT::MKG && CTR::EN","SEC::MED && DPT::MKG && CTR::$",same,24,38585,946,success,200,1662957144,8314785.720
covercrypt,hybridized,089a548,"SEC::MED && DPT::MKG && CTR::EN","SEC::MED && DPT::$",different,48,78651,946,success,200,2751713020,13758565.100
covercrypt,hybridized,089a548,"SEC::MED && DPT::MKG && CTR::EN","SEC::MED && DPT::$ && CTR::EN",same,24,38585,946,success,200,1678767431,8393837.155
covercrypt,hybridized,089a548,"SEC::MED && DPT::MKG && CTR::EN","SEC::MED && DPT::$ && CTR::FR",same,24,38585,946,failure,200,2716477949,13582389.745
covercrypt,hybridized,089a548,"SEC::MED && DPT::MKG && CTR::EN","SEC::MED && DPT::$ && CTR::$",same,48,78651,946,success,200,2728586673,13642933.365
covercrypt,hybridized,089a548,"SEC::MED && DPT::MKG && CTR::EN","SEC::HIG",different,64,105363,946,success,200,4160352062,20801760.310
covercrypt,hybridized,089a548,"SEC::MED && DPT::MKG && CTR::EN","SEC::HIG && CTR::EN",different,32,51939,946,success,200,2387033396,11935166.980
covercrypt,hybridized,089a548,"SEC::MED && DPT::MKG && CTR::EN","SEC::HIG && CTR::FR",different,32,51939,946,failure,200,4264585617,21322928.085
covercrypt,hybridized,089a548,"SEC::MED && DPT::MKG && CTR::EN","SEC::HIG && CTR::$",different,64,105363,946,success,200,4027610717,20138053.585
covercrypt,hybridized,089a548,"SEC::MED && DPT::MKG && CTR::EN","SEC::HIG && DPT::DEV",different,32,51939,946,failure,200,4071927618,20359638.090
covercrypt,hybridized,089a548,"SEC::MED && DPT::MKG && CTR::EN","SEC::HIG && DPT::DEV && CTR::EN",same,16,25231,946,failure,200,1823463298,9117316.490
covercrypt,hybridized,089a548,"SEC::MED && DPT::MKG && CTR::EN","SEC::HIG && DPT::DEV && CTR::FR",same,16,25231,946,failure,200,1954887276,9774436.380
covercrypt,hybridized,089a548,"SEC::MED && DPT::MKG && CTR::EN","SEC::HIG && DPT::DEV && CTR::$",same,32,51939,946,failure,200,4335658725,21678293.625
covercrypt,hybridized,089a548,"SEC::MED && DPT::MKG && CTR::EN","SEC::HIG && DPT::MKG",different,32,51939,946,success,200,2319034869,11595174.345
covercrypt,hybridized,089a548,"SEC::MED && DPT::MKG && CTR::EN","SEC::HIG && DPT::MKG && CTR::EN",same,16,25231,946,success,200,1076635331,5383176.655
covercrypt,hybridized,089a548,"SEC::MED && DPT::MKG && CTR::EN","SEC::HIG && DPT::MKG && CTR::FR",same,16,25231,946,failure,200,1746995594,8734977.970
covercrypt,hybridized,089a548,"SEC::MED && DPT::MKG && CTR::EN","SEC::HIG && DPT::MKG && CTR::$",same,32,51939,946,success,200,2210749884,11053749.420
covercrypt,hybridized,089a548,"SEC::MED && DPT::MKG && CTR::EN","SEC::HIG && DPT::$",different,64,105363,946,success,200,5291565174,26457825.870
covercrypt,hybridized,089a548,"SEC::MED && DPT::MKG && CTR::EN","SEC::HIG && DPT::$ && CTR::EN",same,32,51939,946,success,200,2635823961,13179119.805
covercrypt,hybridized,089a548,"SEC::MED && DPT::MKG && CTR::EN","SEC::HIG && DPT::$ && CTR::FR",same,32,51939,946,failure,200,3647489660,18237448.300
covercrypt,hybridized,089a548,"SEC::MED && DPT::MKG && CTR::EN","SEC::HIG && DPT::$ && CTR::$",same,64,105363,946,success,200,4227852609,21139263.045
covercrypt,hybridized,089a548,"SEC::MED && DPT::MKG && CTR::EN","SEC::$",different,80,132075,946,success,200,4884220318,24421101.590
covercrypt,hybridized,089a548,"SEC::MED && DPT::MKG && CTR::EN","SEC::$ && CTR::EN",different,40,65293,946,success,200,2059959702,10299798.510
covercrypt,hybridized,089a548,"SEC::MED && DPT::MKG && CTR::EN","SEC::$ && CTR::FR",different,40,65293,946,failure,200,4198754700,20993773.500
covercrypt,hybridized,089a548,"SEC::MED && DPT::MKG && CTR::EN","SEC::$ && CTR::$",different,80,132075,946,success,200,4228126279,21140631.395
covercrypt,hybridized,089a548,"SEC::MED && DPT::MKG && CTR::EN","SEC::$ && DPT::DEV",different,40,65293,946,failure,200,4111708116,20558540.580
covercrypt,hybridized,089a548,"SEC::MED && DPT::MKG && CTR::EN","SEC::$ && DPT::DEV && CTR::EN",same,20,31907,946,failure,200,1957998975,9789994.875
covercrypt,hybridized,089a548,"SEC::MED && DPT::MKG && CTR::EN","SEC::$ && DPT::DEV && CTR::FR",same,20,31907,946,failure,200,2091948826,10459744.130
covercrypt,hybridized,089a548,"SEC::MED && DPT::MKG && CTR::EN","SEC::$ && DPT::DEV && CTR::$",same,40,65293,946,failure,200,3603833886,18019169.430
covercrypt,hybridized,089a548,"SEC::MED && DPT::MKG && CTR::EN","SEC::$ && DPT::MKG",different,40,65293,946,success,200,1766863786,8834318.930
covercrypt,hybridized,089a548,"SEC::MED && DPT::MKG && CTR::EN","SEC::$ && DPT::MKG && CTR::EN",same,20,31907,946,success,200,976911490,4884557.450
covercrypt,hybridized,089a548,"SEC::MED && DPT::MKG && CTR::EN","SEC::$ && DPT::MKG && CTR::FR",same,20,31907,946,failure,200,1704179944,8520899.720
covercrypt,hybridized,089a548,"SEC::MED && DPT::MKG && CTR::EN","SEC::$ && DPT::MKG && CTR::$",same,40,65293,946,success,200,1840705061,9203525.305
covercrypt,hybridized,089a548,"SEC::MED && DPT::MKG && CTR::EN","SEC::$ && DPT::$",different,80,132075,946,success,200,3624729788,18123648.940
covercrypt,hybridized,089a548,"SEC::MED && DPT::MKG && CTR::EN","SEC::$ && DPT::$ && CTR::EN",same,40,65293,946,success,200,2221583783,11107918.915
covercrypt,hybridized,089a548,"SEC::MED && DPT::MKG && CTR::EN","SEC::$ && DPT::$ && CTR::FR",same,40,65293,946,failure,200,4866924388,24334621.940
covercrypt,hybridized,089a548,"SEC::MED && DPT::MKG && CTR::EN","SEC::$ && DPT::$ && CTR::$",same,80,132075,946,success,200,3520054279,17600271.395
covercrypt,hybridized,089a548,"SEC::HIG && CTR::EN","CTR::EN",different,40,65293,946,success,200,2072521027,10362605.135
covercrypt,hybridized,089a548,"SEC::HIG && CTR::EN","CTR::FR",different,40,65293,946,failure,200,4275000194,21375000.970
covercrypt,hybridized,089a548,"SEC::HIG && CTR::EN","CTR::$",different,80,132075,946,success,200,4684513139,23422565.695
covercrypt,hybridized,089a548,"SEC::HIG && CTR::EN","DPT::DEV",different,40,65293,946,success,200,2220019023,11100095.115
covercrypt,hybridized,089a548,"SEC::HIG && CTR::EN","DPT::DEV && CTR::EN",different,20,31907,946,success,200,1042667304,5213336.520
covercrypt,hybridized,089a548,"SEC::HIG && CTR::EN","DPT::DEV && CTR::FR",different,20,31907,946,failure,200,2097946388,10489731.940
covercrypt,hybridized,089a548,"SEC::HIG && CTR::EN","DPT::DEV && CTR::$",different,40,65293,946,success,200,2172337975,10861689.875
covercrypt,hybridized,089a548,"SEC::HIG && CTR::EN","DPT::MKG",different,40,65293,946,success,200,2177221025,10886105.125
covercrypt,hybridized,089a548,"SEC::HIG && CTR::EN","DPT::MKG && CTR::EN",different,20,31907,946,success,200,1068958301,5344791.505
covercrypt,hybridized,089a548,"SEC::HIG && CTR::EN","DPT::MKG && CTR::FR",different,20,31907,946,failure,200,1848792511,9243962.555
covercrypt,hybridized,089a548,"SEC::HIG && CTR::EN","DPT::MKG && CTR::$",different,40,65293,946,success,200,2238944237,11194721.185
covercrypt,hybridized,089a548,"SEC::HIG && CTR::EN","DPT::$",different,80,132075,946,success,200,4282301363,21411506.815
covercrypt,hybridized,089a548,"SEC::HIG && CTR::EN","DPT::$ && CTR::EN",different,40,65293,946,success,200,2266719758,11333598.790
covercrypt,hybridized,089a548,"SEC::HIG && CTR::EN","DPT::$ && CTR::FR",different,40,65293,946,failure,200,3745106827,18725534.135
covercrypt,hybridized,089a548,"SEC::HIG && CTR::EN","DPT::$ && CTR::$",different,80,132075,946,success,200,3857870322,19289351.610
covercrypt,hybridized,089a548,"SEC::HIG && CTR::EN","SEC::LOW",different,32,51939,946,failure,200,3143984541,15719922.705
covercrypt,hybridized,089a548,"SEC::HIG && CTR::EN","SEC::LOW && CTR::EN",different,16,25231,946,failure,200,1418211672,7091058.360
covercrypt,hybridized,089a548,"SEC::HIG && CTR::EN","SEC::LOW && CTR::FR",different,16,25231,946,failure,200,1371856978,6859284.890
covercrypt,hybridized,089a548,"SEC::HIG && CTR::EN","SEC::LOW && CTR::$",different,32,51939,946,failure,200,2869607257,14348036.285
covercrypt,hybridized,089a548,"SEC::HIG && CTR::EN","SEC::LOW && DPT::DEV",different,16,25231,946,failure,200,2121847276,10609236.380
covercrypt,hybridized,089a548,"SEC::HIG && CTR::EN","SEC::LOW && DPT::DEV && CTR::EN",same,8,11879,946,failure,200,976368242,4881841.210
covercrypt,hybridized,089a548,"SEC::HIG && CTR::EN","SEC::LOW && DPT::DEV && CTR::FR",same,8,11879,946,failure,200,837566233,4187831.165
covercrypt,hybridized,089a548,"SEC::HIG && CTR::EN","SEC::LOW && DPT::DEV && CTR::$",same,16,25231,946,failure,200,1335003653,6675018.265
covercrypt,hybridized,089a548,"SEC::HIG && CTR::EN","SEC::LOW && DPT::MKG",different,16,25231,946,failure,200,1290657880,6453289.400
covercrypt,hybridized,089a548,"SEC::HIG && CTR::EN","SEC::LOW && DPT::MKG && CTR::EN",same,8,11879,946,failure,200,656523317,3282616.585
covercrypt,hybridized,089a548,"SEC::HIG && CTR::EN","SEC::LOW && DPT::MKG && CTR::FR",same,8,11879,946,failure,200,565164815,2825824.075
covercrypt,hybridized,089a548,"SEC::HIG && CTR::EN","SEC::LOW && DPT::MKG && CTR::$",same,16,25231,946,failure,200,1272397190,6361985.950
covercrypt,hybridized,089a548,"SEC::HIG && CTR::EN","SEC::LOW && DPT::$",different,32,51939,946,failure,200,2554557805,12772789.025
covercrypt,hybridized,089a548,"SEC::HIG && CTR::EN","SEC::LOW && DPT::$ && CTR::EN",same,16,25231,946,failure,200,1196046960,5980234.800
covercrypt,hybridized,089a548,"SEC::HIG && CTR::EN","SEC::LOW && DPT::$ && CTR::FR",same,16,25231,946,failure,200,1148489189,5742445.945
covercrypt,hybridized,089a548,"SEC::HIG && CTR::EN","SEC::LOW && DPT::$ && CTR::$",same,32,51939,946,failure,200,2434764132,12173820.660
covercrypt,hybridized,089a548,"SEC::HIG && CTR::EN","SEC::MED",different,48,78651,946,failure,200,3988723404,19943617.020
covercrypt,hybridized,089a548,"SEC::HIG && CTR::EN","SEC::MED && CTR::EN",different,24,38585,946,failure,200,1872448519,9362242.595
covercrypt,hybridized,089a548,"SEC::HIG && CTR::EN","SEC::MED && CTR::FR",different,24,38585,946,failure,200,1942942066,9714710.330
covercrypt,hybridized,089a548,"SEC::HIG && CTR::EN","SEC::MED && CTR::$",different,48,78651,946,failure,200,3935660544,19678302.720
covercrypt,hybridized,089a548,"SEC::HIG && CTR::EN","SEC::MED && DPT::DEV",different,24,38585,946,failure,200,1745451190,8727255.950
covercrypt,hybridized,089a548,"SEC::HIG && CTR::EN","SEC::MED && DPT::DEV && CTR::EN",same,12,18555,946,failure,200,847286003,4236430.015
covercrypt,hybridized,089a548,"SEC::HIG && CTR::EN","SEC::MED && DPT::DEV && CTR::FR",same,12,18555,946,failure,200,891519600,4457598.000
covercrypt,hybridized,089a548,"SEC::HIG && CTR::EN","SEC::MED && DPT::DEV && CTR::$",same,24,38585,946,failure,200,1793985172,8969925.860
covercrypt,hybridized,089a548,"SEC::HIG && CTR::EN","SEC::MED && DPT::MKG",different,24,38585,946,failure,200,1711144772,8555723.860
covercrypt,hybridized,089a548,"SEC::HIG && CTR::EN","SEC::MED && DPT::MKG && CTR::EN",same,12,18555,946,failure,200,1151350112,5756750.560
covercrypt,hybridized,089a548,"SEC::HIG && CTR::EN","SEC::MED && DPT::MKG && CTR::FR",same,12,18555,946,failure,200,933407756,4667038.780
covercrypt,hybridized,089a548,"SEC::HIG && CTR::EN","SEC::MED && DPT::MKG && CTR::$",same,24,38585,946,failure,200,1709456628,8547283.140
covercrypt,hybridized,089a548,"SEC::HIG && CTR::EN","SEC::MED && DPT::$",different,48,78651,946,failure,200,3578004080,17890020.400
covercrypt,hybridized,089a548,"SEC::HIG && CTR::EN","SEC::MED && DPT::$ && CTR::EN",same,24,38585,946,failure,200,2229291006,11146455.030
covercrypt,hybridized,089a548,"SEC::HIG && CTR::EN","SEC::MED && DPT::$ && CTR::FR",same,24,38585,946,failure,200,2499720706,12498603.530
covercrypt,hybridized,089a548,"SEC::HIG && CTR::EN","SEC::MED && DPT::$ && CTR::$",same,48,78651,946,failure,200,4875930589,24379652.945
covercrypt,hybridized,089a548,"SEC::HIG && CTR::EN","SEC::HIG",different,64,105363,946,success,200,2752551115,13762755.575
covercrypt,hybridized,089a548,"SEC::HIG && CTR::EN","SEC::HIG && CTR::EN",different,32,51939,946,success,200,1645335766,8226678.830
covercrypt,hybridized,089a548,"SEC::HIG && CTR::EN","SEC::HIG && CTR::FR",different,32,51939,946,failure,200,3238140049,16190700.245
covercrypt,hybridized,089a548,"SEC::HIG && CTR::EN","SEC::HIG && CTR::$",different,64,105363,946,success,200,2536268839,12681344.195
covercrypt,hybridized,089a548,"SEC::HIG && CTR::EN","SEC::HIG && DPT::DEV",different,32,51939,946,success,200,1359913876,6799569.380
covercrypt,hybridized,089a548,"SEC::HIG && CTR::EN","SEC::HIG && DPT::DEV && CTR::EN",same,16,25231,946,success,200,704380498,3521902.490
covercrypt,hybridized,089a548,"SEC::HIG && CTR::EN","SEC::HIG && DPT::DEV && CTR::FR",same,16,25231,946,failure,200,1319067029,6595335.145
covercrypt,hybridized,089a548,"SEC::HIG && CTR::EN","SEC::HIG && DPT::DEV && CTR::$",same,32,51939,946,success,200,1328672108,6643360.540
covercrypt,hybridized,089a548,"SEC::HIG && CTR::EN","SEC::HIG && DPT::MKG",different,32,51939,946,success,200,1544479385,7722396.925
covercrypt,hybridized,089a548,"SEC::HIG && CTR::EN","SEC::HIG && DPT::MKG && CTR::EN",same,16,25231,946,success,200,933331408,4666657.040
covercrypt,hybridized,089a548,"SEC::HIG && CTR::EN","SEC::HIG && DPT::MKG && CTR::FR",same,16,25231,946,failure,200,1247795320,6238976.600
covercrypt,hybridized,089a548,"SEC::HIG && CTR::EN","SEC::HIG && DPT::MKG && CTR::$",same,32,51939,946,success,200,1313360633,6566803.165
covercrypt,hybridized,089a548,"SEC::HIG && CTR::EN","SEC::HIG && DPT::$",different,64,105363,946,success,200,2622174228,13110871.140
covercrypt,hybridized,089a548,"SEC::HIG && CTR::EN","SEC::HIG && DPT::$ && CTR::EN",same,32,51939,946,success,200,1533724349,7668621.745
covercrypt,hybridized,089a548,"SEC::HIG && CTR::EN","SEC::HIG && DPT::$ && CTR::FR",same,32,51939,946,failure,200,2775859505,13879297.525
covercrypt,hybridized,089a548,"SEC::HIG && CTR::EN","SEC::HIG && DPT::$ && CTR::$",same,64,105363,946,success,200,2795366521,13976832.605
covercrypt,hybridized,089a548,"SEC::HIG && CTR::EN","SEC::$",different,80,132075,946,success,200,3067913314,15339566.570
covercrypt,hybridized,089a548,"SEC::HIG && CTR::EN","SEC::$ && CTR::EN",different,40,65293,946,success,200,2043851828,10219259.140
covercrypt,hybridized,089a548,"SEC::HIG && CTR::EN","SEC::$ && CTR::FR",different,40,65293,946,failure,200,3454262344,17271311.720
covercrypt,hybridized,089a548,"SEC::HIG && CTR::EN","SEC::$ && CTR::$",different,80,132075,946,success,200,3346333611,16731668.055
covercrypt,hybridized,089a548,"SEC::HIG && CTR::EN","SEC::$ && DPT::DEV",different,40,65293,946,success,200,1848266525,9241332.625
covercrypt,hybridized,089a548,"SEC::HIG && CTR::EN","SEC::$ && DPT::DEV && CTR::EN",same,20,31907,946,success,200,941932252,4709661.260
covercrypt,hybridized,089a548,"SEC::HIG && CTR::EN","SEC::$ && DPT::DEV && CTR::FR",same,20,31907,946,failure,200,1663241576,8316207.880
covercrypt,hybridized,089a548,"SEC::HIG && CTR::EN","SEC::$ && DPT::DEV && CTR::$",same,40,65293,946,success,200,1730608952,8653044.760
covercrypt,hybridized,089a548,"SEC::HIG && CTR::EN","SEC::$ && DPT::MKG",different,40,65293,946,success,200,1620849011,8104245.055
covercrypt,hybridized,089a548,"SEC::HIG && CTR::EN","SEC::$ && DPT::MKG && CTR::EN",same,20,31907,946,success,200,916947126,4584735.630
covercrypt,hybridized,089a548,"SEC::HIG && CTR::EN","SEC::$ && DPT::MKG && CTR::FR",same,20,31907,946,failure,200,1540980029,7704900.145
covercrypt,hybridized,089a548,"SEC::HIG && CTR::EN","SEC::$ && DPT::MKG && CTR::$",same,40,65293,946,success,200,1535980952,7679904.760
covercrypt,hybridized,089a548,"SEC::HIG && CTR::EN","SEC::$ && DPT::$",different,80,132075,946,success,200,3432281621,17161408.105
covercrypt,hybridized,089a548,"SEC::HIG && CTR::EN","SEC::$ && DPT::$ && CTR::EN",same,40,65293,946,success,200,2176818065,10884090.325
covercrypt,hybridized,089a548,"SEC::HIG && CTR::EN","SEC::$ && DPT::$ && CTR::FR",same,40,65293,946,failure,200,3446363220,17231816.100
covercrypt,hybridized,089a548,"SEC::HIG && CTR::EN","SEC::$ && DPT::$ && CTR::$",same,80,132075,946,success,200,3736128137,18680640.685
covercrypt,hybridized,089a548,"SEC::HIG && DPT::MKG && CTR::EN","CTR::EN",different,40,65293,946,success,200,1896148332,9480741.660
covercrypt,hybridized,089a548,"SEC::HIG && DPT::MKG && CTR::EN","CTR::FR",different,40,65293,946,failure,200,3321830321,16609151.605
covercrypt,hybridized,089a548,"SEC::HIG && DPT::MKG && CTR::EN","CTR::$",different,80,132075,946,success,200,4013922358,20069611.790
covercrypt,hybridized,089a548,"SEC::HIG && DPT::MKG && CTR::EN","DPT::DEV",different,40,65293,946,failure,200,4026939298,20134696.490
covercrypt,hybridized,089a548,"SEC::HIG && DPT::MKG && CTR::EN","DPT::DEV && CTR::EN",different,20,31907,946,failure,200,2015081426,10075407.130
covercrypt,hybridized,089a548,"SEC::HIG && DPT::MKG && CTR::EN","DPT::DEV && CTR::FR",different,20,31907,946,failure,200,2027370162,10136850.810
covercrypt,hybridized,089a548,"SEC::HIG && DPT::MKG && CTR::EN","DPT::DEV && CTR::$",different,40,65293,946,failure,200,4097274945,20486374.725
covercrypt,hybridized,089a548,"SEC::HIG && DPT::MKG && CTR::EN","DPT::MKG",different,40,65293,946,success,200,2091723082,10458615.410
covercrypt,hybridized,089a548,"SEC::HIG && DPT::MKG && CTR::EN","DPT::MKG && CTR::EN",different,20,31907,946,success,200,1152768706,5763843.530
covercrypt,hybridized,089a548,"SEC::HIG && DPT::MKG && CTR::EN","DPT::MKG && CTR::FR",different,20,31907,946,failure,200,2046979086,10234895.430
covercrypt,hybridized,089a548,"SEC::HIG && DPT::MKG && CTR::EN","DPT::MKG && CTR::$",different,40,65293,946,success,200,2118067891,10590339.455
covercrypt,hybridized,089a548,"SEC::HIG && DPT::MKG && CTR::EN","DPT::$",different,80,132075,946,success,200,4027087644,20135438.220
covercrypt,hybridized,089a548,"SEC::HIG && DPT::MKG && CTR::EN","DPT::$ && CTR::EN",different,40,65293,946,success,200,2009333940,10046669.700
covercrypt,hybridized,089a548,"SEC::HIG && DPT::MKG && CTR::EN","DPT::$ && CTR::FR",different,40,65293,946,failure,200,3587370679,17936853.395
covercrypt,hybridized,089a548,"SEC::HIG && DPT::MKG && CTR::EN","DPT::$ && CTR::$",different,80,132075,946,success,200,5421051661,27105258.305
covercrypt,hybridized,089a548,"SEC::HIG && DPT::MKG && CTR::EN","SEC::LOW",different,32,51939,946,failure,200,3511842690,17559213.450
covercrypt,hybridized,089a548,"SEC::HIG && DPT::MKG && CTR::EN","SEC::LOW && CTR::EN",different,16,25231,946,failure,200,1780695293,8903476.465
covercrypt,hybridized,089a548,"SEC::HIG && DPT::MKG && CTR::EN","SEC::LOW && CTR::FR",different,16,25231,946,failure,200,1911321337,9556606.685
covercrypt,hybridized,089a548,"SEC::HIG && DPT::MKG && CTR::EN","SEC::LOW && CTR::$",different,32,51939,946,failure,200,3510548082,17552740.410
covercrypt,hybridized,089a548,"SEC::HIG && DPT::MKG && CTR::EN","SEC::LOW && DPT::DEV",different,16,25231,946,failure,200,1626080281,8130401.405
covercrypt,hybridized,089a548,"SEC::HIG && DPT::MKG && CTR::EN","SEC::LOW && DPT::DEV && CTR::EN",same,8,11879,946,failure,200,902557726,4512788.630
covercrypt,hybridized,089a548,"SEC::HIG && DPT::MKG && CTR::EN","SEC::LOW && DPT::DEV && CTR::FR",same,8,11879,946,failure,200,944436501,4722182.505
covercrypt,hybridized,089a548,"SEC::HIG && DPT::MKG && CTR::EN","SEC::LOW && DPT::DEV && CTR::$",same,16,25231,946,failure,200,1459913833,7299569.165
covercrypt,hybridized,089a548,"SEC::HIG && DPT::MKG && CTR::EN","SEC::LOW && DPT::MKG",different,16,25231,946,failure,200,1684799184,8423995.920
covercrypt,hybridized,089a548,"SEC::HIG && DPT::MKG && CTR::EN","SEC::LOW && DPT::MKG && CTR::EN",same,8,11879,946,failure,200,739533380,3697666.900
covercrypt,hybridized,089a548,"SEC::HIG && DPT::MKG && CTR::EN","SEC::LOW && DPT::MKG && CTR::FR",same,8,11879,946,failure,200,920052254,4600261.270
covercrypt,hybridized,089a548,"SEC::HIG && DPT::MKG && CTR::EN","SEC::LOW && DPT::MKG && CTR::$",same,16,25231,946,failure,200,1482414520,7412072.600
covercrypt,hybridized,089a548,"SEC::HIG && DPT::MKG && CTR::EN","SEC::LOW && DPT::$",different,32,51939,946,failure,200,3131760235,15658801.175
covercrypt,hybridized,089a548,"SEC::HIG && DPT::MKG && CTR::EN","SEC::LOW && DPT::$ && CTR::EN",same,16,25231,946,failure,200,1980073270,9900366.350
covercrypt,hybridized,089a548,"SEC::HIG && DPT::MKG && CTR::EN","SEC::LOW && DPT::$ && CTR::FR",same,16,25231,946,failure,200,1506629581,7533147.905
covercrypt,hybridized,089a548,"SEC::HIG && DPT::MKG && CTR::EN","SEC::LOW && DPT::$ && CTR::$",same,32,51939,946,failure,200,2902680270,14513401.350
covercrypt,hybridized,089a548,"SEC::HIG && DPT::MKG && CTR::EN","SEC::MED",different,48,78651,946,failure,200,4362564755,21812823.775
covercrypt,hybridized,089a548,"SEC::HIG && DPT::MKG && CTR::EN","SEC::MED && CTR::EN",different,24,38585,946,failure,200,2361824064,11809120.320
covercrypt,hybridized,089a548,"SEC::HIG && DPT::MKG && CTR::EN","SEC::MED && CTR::FR",different,24,38585,946,failure,200,2347637349,11738186.745
covercrypt,hybridized,089a548,"SEC::HIG && DPT::MKG && CTR::EN","SEC::MED && CTR::$",different,48,78651,946,failure,200,4734639228,23673196.140
covercrypt,hybridized,089a548,"SEC::HIG && DPT::MKG && CTR::EN","SEC::MED && DPT::DEV",different,24,38585,946,failure,200,2272645703,11363228.515
covercrypt,hybridized,089a548,"SEC::HIG && DPT::MKG && CTR::EN","SEC::MED && DPT::DEV && CTR::EN",same,12,18555,946,failure,200,1110478814,5552394.070
covercrypt,hybridized,089a548,"SEC::HIG && DPT::MKG && CTR::EN","SEC::MED && DPT::DEV && CTR::FR",same,12,18555,946,failure,200,1029400303,5147001.515
covercrypt,hybridized,089a548,"SEC::HIG && DPT::MKG && CTR::EN","SEC::MED && DPT::DEV && CTR::$",same,24,38585,946,failure,200,2231109142,11155545.710
covercrypt,hybridized,089a548,"SEC::HIG && DPT::MKG && CTR::EN","SEC::MED && DPT::MKG",different,24,38585,946,failure,200,2283769529,11418847.645
covercrypt,hybridized,089a548,"SEC::HIG && DPT::MKG && CTR::EN","SEC::MED && DPT::MKG && CTR::EN",same,12,18555,946,failure,200,1240537030,6202685.150
covercrypt,hybridized,089a548,"SEC::HIG && DPT::MKG && CTR::EN","SEC::MED && DPT::MKG && CTR::FR",same,12,18555,946,failure,200,1280973163,6404865.815
covercrypt,hybridized,089a548,"SEC::HIG && DPT::MKG && CTR::EN","SEC::MED && DPT::MKG && CTR::$",same,24,38585,946,failure,200,2619334747,13096673.735
covercrypt,hybridized,089a548,"SEC::HIG && DPT::MKG && CTR::EN","SEC::MED && DPT::$",different,48,78651,946,failure,200,6667986204,33339931.020
covercrypt,hybridized,089a548,"SEC::HIG && DPT::MKG && CTR::EN","SEC::MED && DPT::$ && CTR::EN",same,24,38585,946,failure,200,2321240481,11606202.405
covercrypt,hybridized,089a548,"SEC::HIG && DPT::MKG && CTR::EN","SEC::MED && DPT::$ && CTR::FR",same,24,38585,946,failure,200,2610880886,13054404.430
covercrypt,hybridized,089a548,"SEC::HIG && DPT::MKG && CTR::EN","SEC::MED && DPT::$ && CTR::$",same,48,78651,946,failure,200,4496812031,22484060.155
covercrypt,hybridized,089a548,"SEC::HIG && DPT::MKG && CTR::EN","SEC::HIG",different,64,105363,946,success,200,3380370636,16901853.180
covercrypt,hybridized,089a548,"SEC::HIG && DPT::MKG && CTR::EN","SEC::HIG && CTR::EN",different,32,51939,946,success,200,1622790023,8113950.115
covercrypt,hybridized,089a548,"SEC::HIG && DPT::MKG && CTR::EN","SEC::HIG && CTR::FR",different,32,51939,946,failure,200,3212913677,16064568.385
covercrypt,hybridized,089a548,"SEC::HIG && DPT::MKG && CTR::EN","SEC::HIG && CTR::$",different,64,105363,946,success,200,3824727617,19123638.085
covercrypt,hybridized,089a548,"SEC::HIG && DPT::MKG && CTR::EN","SEC::HIG && DPT::DEV",different,32,51939,946,failure,200,3133171917,15665859.585
covercrypt,hybridized,089a548,"SEC::HIG && DPT::MKG && CTR::EN","SEC::HIG && DPT::DEV && CTR::EN",same,16,25231,946,failure,200,1379111112,6895555.560
covercrypt,hybridized,089a548,"SEC::HIG && DPT::MKG && CTR::EN","SEC::HIG && DPT::DEV && CTR::FR",same,16,25231,946,failure,200,1645370319,8226851.595
covercrypt,hybridized,089a548,"SEC::HIG && DPT::MKG && CTR::EN","SEC::HIG && DPT::DEV && CTR::$",same,32,51939,946,failure,200,3111342700,15556713.500
covercrypt,hybridized,089a548,"SEC::HIG && DPT::MKG && CTR::EN","SEC::HIG && DPT::MKG",different,32,51939,946,success,200,1559709080,7798545.400
covercrypt,hybridized,089a548,"SEC::HIG && DPT::MKG && CTR::EN","SEC::HIG && DPT::MKG && CTR::EN",same,16,25231,946,success,200,1045400672,5227003.360
covercrypt,hybridized,089a548,"SEC::HIG && DPT::MKG && CTR::EN","SEC::HIG && DPT::MKG && CTR::FR",same,16,25231,946,failure,200,1745286650,8726433.250
covercrypt,hybridized,089a548,"SEC::HIG && DPT::MKG && CTR::EN","SEC::HIG && DPT::MKG && CTR::$",same,32,51939,946,success,200,1480878222,7404391.110
covercrypt,hybridized,089a548,"SEC::HIG && DPT::MKG && CTR::EN","SEC::HIG && DPT::$",different,64,105363,946,success,200,4131723314,20658616.570
covercrypt,hybridized,089a548,"SEC::HIG && DPT::MKG && CTR::EN","SEC::HIG && DPT::$ && CTR::EN",same,32,51939,946,success,200,1858330068,9291650.340
covercrypt,hybridized,089a548,"SEC::HIG && DPT::MKG && CTR::EN","SEC::HIG && DPT::$ && CTR::FR",same,32,51939,946,failure,200,3592698507,17963492.535
covercrypt,hybridized,089a548,"SEC::HIG && DPT::MKG && CTR::EN","SEC::HIG && DPT::$ && CTR::$",same,64,105363,946,success,200,3238382689,16191913.445
covercrypt,hybridized,089a548,"SEC::HIG && DPT::MKG && CTR::EN","SEC::$",different,80,132075,946,success,200,3739335250,18696676.250
covercrypt,hybridized,089a548,"SEC::HIG && DPT::MKG && CTR::EN","SEC::$ && CTR::EN",different,40,65293,946,success,200,2450554355,12252771.775
covercrypt,hybridized,089a548,"SEC::HIG && DPT::MKG && CTR::EN","SEC::$ && CTR::FR",different,40,65293,946,failure,200,3664725432,18323627.160
covercrypt,hybridized,089a548,"SEC::HIG && DPT::MKG && CTR::EN","SEC::$ && CTR::$",different,80,132075,946,success,200,5572647337,27863236.685
covercrypt,hybridized,089a548,"SEC::HIG && DPT::MKG && CTR::EN","SEC::$ && DPT::DEV",different,40,65293,946,failure,200,3684556869,18422784.345
covercrypt,hybridized,089a548,"SEC::HIG && DPT::MKG && CTR::EN","SEC::$ && DPT::DEV && CTR::EN",same,20,31907,946,failure,200,1784106921,8920534.605
covercrypt,hybridized,089a548,"SEC::HIG && DPT::MKG && CTR::EN","SEC::$ && DPT::DEV && CTR::FR",same,20,31907,946,failure,200,1892033078,9460165.390
covercrypt,hybridized,089a548,"SEC::HIG && DPT::MKG && CTR::EN","SEC::$ && DPT::DEV && CTR::$",same,40,65293,946,failure,200,3420909634,17104548.170
covercrypt,hybridized,089a548,"SEC::HIG && DPT::MKG && CTR::EN","SEC::$ && DPT::MKG",different,40,65293,946,success,200,2167214988,10836074.940
covercrypt,hybridized,089a548,"SEC::HIG && DPT::MKG && CTR::EN","SEC::$ && DPT::MKG && CTR::EN",same,20,31907,946,success,200,1036924913,5184624.565
covercrypt,hybridized,089a548,"SEC::HIG && DPT::MKG && CTR::EN","SEC::$ && DPT::MKG && CTR::FR",same,20,31907,946,failure,200,1874973677,9374868.385
covercrypt,hybridized,089a548,"SEC::HIG && DPT::MKG && CTR::EN","SEC::$ && DPT::MKG && CTR::$",same,40,65293,946,success,200,1794116579,8970582.895
covercrypt,hybridized,089a548,"SEC::HIG && DPT::MKG && CTR::EN","SEC::$ && DPT::$",different,80,132075,946,success,200,3760812475,18804062.375
covercrypt,hybridized,089a548,"SEC::HIG && DPT::MKG && CTR::EN","SEC::$ && DPT::$ && CTR::EN",same,40,65293,946,success,200,1839366989,9196834.945
covercrypt,hybridized,089a548,"SEC::HIG && DPT::MKG && CTR::EN","SEC::$ && DPT::$ && CTR::FR",same,40,65293,946,failure,200,3284221654,16421108.270
covercrypt,hybridized,089a548,"SEC::HIG && DPT::MKG && CTR::EN","SEC::$ && DPT::$ && CTR::$",same,80,132075,946,success,200,3421163182,17105815.910
covercrypt,hybridized,089a548,"SEC::$ && CTR::EN","CTR::EN",different,40,65293,946,success,200,1971402537,9857012.685
covercrypt,hybridized,089a548,"SEC::$ && CTR::EN","CTR::FR",different,40,65293,946,failure,200,3335489971,16677449.855
covercrypt,hybridized,089a548,"SEC::$ && CTR::EN","CTR::$",different,80,132075,946,success,200,3441794504,17208972.520
covercrypt,hybridized,089a548,"SEC::$ && CTR::EN","DPT::DEV",different,40,65293,946,success,200,2049512628,10247563.140
covercrypt,hybridized,089a548,"SEC::$ && CTR::EN","DPT::DEV && CTR::EN",different,20,31907,946,success,200,1069936429,5349682.145
covercrypt,hybridized,089a548,"SEC::$ && CTR::EN","DPT::DEV && CTR::FR",different,20,31907,946,failure,200,1615545156,8077725.780
covercrypt,hybridized,089a548,"SEC::$ && CTR::EN","DPT::DEV && CTR::$",different,40,65293,946,success,200,2027236039,10136180.195
covercrypt,hybridized,089a548,"SEC::$ && CTR::EN","DPT::MKG",different,40,65293,946,success,200,3136621487,15683107.435
covercrypt,hybridized,089a548,"SEC::$ && CTR::EN","DPT::MKG && CTR::EN",different,20,31907,946,success,200,1301605500,6508027.500
covercrypt,hybridized,089a548,"SEC::$ && CTR::EN","DPT::MKG && CTR::FR",different,20,31907,946,failure,200,1996170774,9980853.870
covercrypt,hybridized,089a548,"SEC::$ && CTR::EN","DPT::MKG && CTR::$",different,40,65293,946,success,200,2357809940,11789049.700
covercrypt,hybridized,089a548,"SEC::$ && CTR::EN","DPT::$",different,80,132075,946,success,200,4979161028,24895805.140
covercrypt,hybridized,089a548,"SEC::$ && CTR::EN","DPT::$ && CTR::EN",different,40,65293,946,success,200,2162523391,10812616.955
covercrypt,hybridized,089a548,"SEC::$ && CTR::EN","DPT::$ && CTR::FR",different,40,65293,946,failure,200,3705248271,18526241.355
covercrypt,hybridized,089a548,"SEC::$ && CTR::EN","DPT::$ && CTR::$",different,80,132075,946,success,200,4032775439,20163877.195
covercrypt,hybridized,089a548,"SEC::$ && CTR::EN","SEC::LOW",different,32,51939,946,failure,200,3006451003,15032255.015
covercrypt,hybridized,089a548,"SEC::$ && CTR::EN","SEC::LOW && CTR::EN",different,16,25231,946,failure,200,1474906058,7374530.290
covercrypt,hybridized,089a548,"SEC::$ && CTR::EN","SEC::LOW && CTR::FR",different,16,25231,946,failure,200,1635583115,8177915.575
covercrypt,hybridized,089a548,"SEC::$ && CTR::EN","SEC::LOW && CTR::$",different,32,51939,946,failure,200,3373244591,16866222.955
covercrypt,hybridized,089a548,"SEC::$ && CTR::EN","SEC::LOW && DPT::DEV",different,16,25231,946,failure,200,2147716724,10738583.620
covercrypt,hybridized,089a548,"SEC::$ && CTR::EN","SEC::LOW && DPT::DEV && CTR::EN",same,8,11879,946,failure,200,1015076128,5075380.640
covercrypt,hybridized,089a548,"SEC::$ && CTR::EN","SEC::LOW && DPT::DEV && CTR::FR",same,8,11879,946,failure,200,1118879241,5594396.205
covercrypt,hybridized,089a548,"SEC::$ && CTR::EN","SEC::LOW && DPT::DEV && CTR::$",same,16,25231,946,failure,200,1587816677,7939083.385
covercrypt,hybridized,089a548,"SEC::$ && CTR::EN","SEC::LOW && DPT::MKG",different,16,25231,946,failure,200,1561386090,7806930.450
covercrypt,hybridized,089a548,"SEC::$ && CTR::EN","SEC::LOW && DPT::MKG && CTR::EN",same,8,11879,946,failure,200,690063821,3450319.105
covercrypt,hybridized,089a548,"SEC::$ && CTR::EN","SEC::LOW && DPT::MKG && CTR::FR",same,8,11879,946,failure,200,630124391,3150621.955
covercrypt,hybridized,089a548,"SEC::$ && CTR::EN","SEC::LOW && DPT::MKG && CTR::$",same,16,25231,946,failure,200,1328834180,6644170.900
covercrypt,hybridized,089a548,"SEC::$ && CTR::EN","SEC::LOW && DPT::$",different,32,51939,946,failure,200,3087564621,15437823.105
covercrypt,hybridized,089a548,"SEC::$ && CTR::EN","SEC::LOW && DPT::$ && CTR::EN",same,16,25231,946,failure,200,1636540842,8182704.210
covercrypt,hybridized,089a548,"SEC::$ && CTR::EN","SEC::LOW && DPT::$ && CTR::FR",same,16,25231,946,failure,200,1605377136,8026885.680
covercrypt,hybridized,089a548,"SEC::$ && CTR::EN","SEC::LOW && DPT::$ && CTR::$",same,32,51939,946,failure,200,3004418025,15022090.125
covercrypt,hybridized,089a548,"SEC::$ && CTR::EN","SEC::MED",different,48,78651,946,failure,200,4886906537,24434532.685
covercrypt,hybridized,089a548,"SEC::$ && CTR::EN","SEC::MED && CTR::EN",different,24,38585,946,failure,200,2514398465,12571992.325
covercrypt,hybridized,089a548,"SEC::$ && CTR::EN","SEC::MED && CTR::FR",different,24,38585,946,failure,200,2092788435,10463942.175
covercrypt,hybridized,089a548,"SEC::$ && CTR::EN","SEC::MED && CTR::$",different,48,78651,946,failure,200,4966204955,24831024.775
covercrypt,hybridized,089a548,"SEC::$ && CTR::EN","SEC::MED && DPT::DEV",different,24,38585,946,failure,200,2577994298,12889971.490
covercrypt,hybridized,089a548,"SEC::$ && CTR::EN","SEC::MED && DPT::DEV && CTR::EN",same,12,18555,946,failure,200,1399882060,6999410.300
covercrypt,hybridized,089a548,"SEC::$ && CTR::EN","SEC::MED && DPT::DEV && CTR::FR",same,12,18555,946,failure,200,1125404454,5627022.270
covercrypt,hybridized,089a548,"SEC::$ && CTR::EN","SEC::MED && DPT::DEV && CTR::$",same,24,38585,946,failure,200,2473036496,12365182.480
covercrypt,hybridized,089a548,"SEC::$ && CTR::EN","SEC::MED && DPT::MKG",different,24,38585,946,failure,200,2795680936,13978404.680
covercrypt,hybridized,089a548,"SEC::$ && CTR::EN","SEC::MED && DPT::MKG && CTR::EN",same,12,18555,946,failure,200,1400287525,7001437.625
covercrypt,hybridized,089a548,"SEC::$ && CTR::EN","SEC::MED && DPT::MKG && CTR::FR",same,12,18555,946,failure,200,1121863499,5609317.495
covercrypt,hybridized,089a548,"SEC::$ && CTR::EN","SEC::MED && DPT::MKG && CTR::$",same,24,38585,946,failure,200,2520135726,12600678.630
covercrypt,hybridized,089a548,"SEC::$ && CTR::EN","SEC::MED && DPT::$",different,48,78651,946,failure,200,5398044856,26990224.280
covercrypt,hybridized,089a548,"SEC::$ && CTR::EN","SEC::MED && DPT::$ && CTR::EN",same,24,38585,946,failure,200,2810929762,14054648.810
covercrypt,hybridized,089a548,"SEC::$ && CTR::EN","SEC::MED && DPT::$ && CTR::FR",same,24,38585,946,failure,200,2557146949,12785734.745
covercrypt,hybridized,089a548,"SEC::$ && CTR::EN","SEC::MED && DPT::$ && CTR::$",same,48,78651,946,failure,200,6068875362,30344376.810
covercrypt,hybridized,089a548,"SEC::$ && CTR::EN","SEC::HIG",different,64,105363,946,failure,200,8510517701,42552588.505
covercrypt,hybridized,089a548,"SEC::$ && CTR::EN","SEC::HIG && CTR::EN",different,32,51939,946,failure,200,4287622032,21438110.160
covercrypt,hybridized,089a548,"SEC::$ && CTR::EN","SEC::HIG && CTR::FR",different,32,51939,946,failure,200,5161679037,25808395.185
covercrypt,hybridized,089a548,"SEC::$ && CTR::EN","SEC::HIG && CTR::$",different,64,105363,946,failure,200,8110144520,40550722.600
covercrypt,hybridized,089a548,"SEC::$ && CTR::EN","SEC::HIG && DPT::DEV",different,32,51939,946,failure,200,4336413644,21682068.220
covercrypt,hybridized,089a548,"SEC::$ && CTR::EN","SEC::HIG && DPT::DEV && CTR::EN",same,16,25231,946,failure,200,1910853615,9554268.075
covercrypt,hybridized,089a548,"SEC::$ && CTR::EN","SEC::HIG && DPT::DEV && CTR::FR",same,16,25231,946,failure,200,1518072732,7590363.660
covercrypt,hybridized,089a548,"SEC::$ && CTR::EN","SEC::HIG && DPT::DEV && CTR::$",same,32,51939,946,failure,200,3713855603,18569278.015
covercrypt,hybridized,089a548,"SEC::$ && CTR::EN","SEC::HIG && DPT::MKG",different,32,51939,946,failure,200,3611178551,18055892.755
covercrypt,hybridized,089a548,"SEC::$ && CTR::EN","SEC::HIG && DPT::MKG && CTR::EN",same,16,25231,946,failure,200,2195997990,10979989.950
covercrypt,hybridized,089a548,"SEC::$ && CTR::EN","SEC::HIG && DPT::MKG && CTR::FR",same,16,25231,946,failure,200,2107292531,10536462.655
covercrypt,hybridized,089a548,"SEC::$ && CTR::EN","SEC::HIG && DPT::MKG && CTR::$",same,32,51939,946,failure,200,4254884929,21274424.645
covercrypt,hybridized,089a548,"SEC::$ && CTR::EN","SEC::HIG && DPT::$",different,64,105363,946,failure,200,8008708852,40043544.260
covercrypt,hybridized,089a548,"SEC::$ && CTR::EN","SEC::HIG && DPT::$ && CTR::EN",same,32,51939,946,failure,200,3847146322,19235731.610
covercrypt,hybridized,089a548,"SEC::$ && CTR::EN","SEC::HIG && DPT::$ && CTR::FR",same,32,51939,946,failure,200,3411626350,17058131.750
covercrypt,hybridized,089a548,"SEC::$ && CTR::EN","SEC::HIG && DPT::$ && CTR::$",same,64,105363,946,failure,200,6362885724,31814428.620
covercrypt,hybridized,089a548,"SEC::$ && CTR::EN","SEC::$",different,80,132075,946,success,200,4860684860,24303424.300
covercrypt,hybridized,089a548,"SEC::$ && CTR::EN","SEC::$ && CTR::EN",different,40,65293,946,success,200,1952188565,9760942.825
covercrypt,hybridized,089a548,"SEC::$ && CTR::EN","SEC::$ && CTR::FR",different,40,65293,946,failure,200,3939714906,19698574.530
covercrypt,hybridized,089a548,"SEC::$ && CTR::EN","SEC::$ && CTR::$",different,80,132075,946,success,200,4661078047,23305390.235
covercrypt,hybridized,089a548,"SEC::$ && CTR::EN","SEC::$ && DPT::DEV",different,40,65293,946,success,200,2350879614,11754398.070
covercrypt,hybridized,089a548,"SEC::$ && CTR::EN","SEC::$ && DPT::DEV && CTR::EN",same,20,31907,946,success,200,1376705487,6883527.435
covercrypt,hybridized,089a548,"SEC::$ && CTR::EN","SEC::$ && DPT::DEV && CTR::FR",same,20,31907,946,failure,200,2327004100,11635020.500
covercrypt,hybridized,089a548,"SEC::$ && CTR::EN","SEC::$ && DPT::DEV && CTR::$",same,40,65293,946,success,200,2474820668,12374103.340
covercrypt,hybridized,089a548,"SEC::$ && CTR::EN","SEC::$ && DPT::MKG",different,40,65293,946,success,200,2609985061,13049925.305
covercrypt,hybridized,089a548,"SEC::$ && CTR::EN","SEC::$ && DPT::MKG && CTR::EN",same,20,31907,946,success,200,1363539821,6817699.105
covercrypt,hybridized,089a548,"SEC::$ && CTR::EN","SEC::$ && DPT::MKG && CTR::FR",same,20,31907,946,failure,200,1961200102,9806000.510
covercrypt,hybridized,089a548,"SEC::$ && CTR::EN","SEC::$ && DPT::MKG && CTR::$",same,40,65293,946,success,200,2257142834,11285714.170
covercrypt,hybridized,089a548,"SEC::$ && CTR::EN","SEC::$ && DPT::$",different,80,132075,946,success,200,4304043371,21520216.855
covercrypt,hybridized,089a548,"SEC::$ && CTR::EN","SEC::$ && DPT::$ && CTR::EN",same,40,65293,946,success,200,2018746162,10093730.810
covercrypt,hybridized,089a548,"SEC::$ && CTR::EN","SEC::$ && DPT::$ && CTR::FR",same,40,65293,946,failure,200,3939651469,19698257.345
covercrypt,hybridized,089a548,"SEC::$ && CTR::EN","SEC::$ && DPT::$ && CTR::$",same,80,132075,946,success,200,4088358288,20441791.440
covercrypt,hybridized,089a548,"SEC::$ && DPT::MKG && CTR::EN","CTR::EN",different,40,65293,946,success,200,2178757737,10893788.685
covercrypt,hybridized,089a548,"SEC::$ && DPT::MKG && CTR::EN","CTR::FR",different,40,65293,946,failure,200,3727215044,18636075.220
covercrypt,hybridized,089a548,"SEC::$ && DPT::MKG && CTR::EN","CTR::$",different,80,132075,946,success,200,3307682140,16538410.700
covercrypt,hybridized,089a548,"SEC::$ && DPT::MKG && CTR::EN","DPT::DEV",different,40,65293,946,failure,200,4019270780,20096353.900
covercrypt,hybridized,089a548,"SEC::$ && DPT::MKG && CTR::EN","DPT::DEV && CTR::EN",different,20,31907,946,failure,200,1718189479,8590947.395
covercrypt,hybridized,089a548,"SEC::$ && DPT::MKG && CTR::EN","DPT::DEV && CTR::FR",different,20,31907,946,failure,200,1847144589,9235722.945
covercrypt,hybridized,089a548,"SEC::$ && DPT::MKG && CTR::EN","DPT::DEV && CTR::$",different,40,65293,946,failure,200,3480330641,17401653.205
covercrypt,hybridized,089a548,"SEC::$ && DPT::MKG && CTR::EN","DPT::MKG",different,40,65293,946,success,200,1844083627,9220418.135
covercrypt,hybridized,089a548,"SEC::$ && DPT::MKG && CTR::EN","DPT::MKG && CTR::EN",different,20,31907,946,success,200,1148111335,5740556.675
covercrypt,hybridized,089a548,"SEC::$ && DPT::MKG && CTR::EN","DPT::MKG && CTR::FR",different,20,31907,946,failure,200,1783516116,8917580.580
covercrypt,hybridized,089a548,"SEC::$ && DPT::MKG && CTR::EN","DPT::MKG && CTR::$",different,40,65293,946,success,200,1733223101,8666115.505
covercrypt,hybridized,089a548,"SEC::$ && DPT::MKG && CTR::EN","DPT::$",different,80,132075,946,success,200,3428026010,17140130.050
covercrypt,hybridized,089a548,"SEC::$ && DPT::MKG && CTR::EN","DPT::$ && CTR::EN",different,40,65293,946,success,200,2051414834,10257074.170
covercrypt,hybridized,089a548,"SEC::$ && DPT::MKG && CTR::EN","DPT::$ && CTR::FR",different,40,65293,946,failure,200,3647071178,18235355.890
covercrypt,hybridized,089a548,"SEC::$ && DPT::MKG && CTR::EN","DPT::$ && CTR::$",different,80,132075,946,success,200,3546748661,17733743.305
covercrypt,hybridized,089a548,"SEC::$ && DPT::MKG && CTR::EN","SEC::LOW",different,32,51939,946,failure,200,2804930185,14024650.925
covercrypt,hybridized,089a548,"SEC::$ && DPT::MKG && CTR::EN","SEC::LOW && CTR::EN",different,16,25231,946,failure,200,1521652917,7608264.585
covercrypt,hybridized,089a548,"SEC::$ && DPT::MKG && CTR::EN","SEC::LOW && CTR::FR",different,16,25231,946,failure,200,1885879209,9429396.045
covercrypt,hybridized,089a548,"SEC::$ && DPT::MKG && CTR::EN","SEC::LOW && CTR::$",different,32,51939,946,failure,200,3213608942,16068044.710
covercrypt,hybridized,089a548,"SEC::$ && DPT::MKG && CTR::EN","SEC::LOW && DPT::DEV",different,16,25231,946,failure,200,1506068815,7530344.075
covercrypt,hybridized,089a548,"SEC::$ && DPT::MKG && CTR::EN","SEC::LOW && DPT::DEV && CTR::EN",same,8,11879,946,failure,200,823683567,4118417.835
covercrypt,hybridized,089a548,"SEC::$ && DPT::MKG && CTR::EN","SEC::LOW && DPT::DEV && CTR::FR",same,8,11879,946,failure,200,936651817,4683259.085
covercrypt,hybridized,089a548,"SEC::$ && DPT::MKG && CTR::EN","SEC::LOW && DPT::DEV && CTR::$",same,16,25231,946,failure,200,1458083275,7290416.375
covercrypt,hybridized,089a548,"SEC::$ && DPT::MKG && CTR::EN","SEC::LOW && DPT::MKG",different,16,25231,946,failure,200,1469629101,7348145.505
covercrypt,hybridized,089a548,"SEC::$ && DPT::MKG && CTR::EN","SEC::LOW && DPT::MKG && CTR::EN",same,8,11879,946,failure,200,758269501,3791347.505
covercrypt,hybridized,089a548,"SEC::$ && DPT::MKG && CTR::EN","SEC::LOW && DPT::MKG && CTR::FR",same,8,11879,946,failure,200,779383698,3896918.490
covercrypt,hybridized,089a548,"SEC::$ && DPT::MKG && CTR::EN","SEC::LOW && DPT::MKG && CTR::$",same,16,25231,946,failure,200,1594148626,7970743.130
covercrypt,hybridized,089a548,"SEC::$ && DPT::MKG && CTR::EN","SEC::LOW && DPT::$",different,32,51939,946,failure,200,3468600029,17343000.145
covercrypt,hybridized,089a548,"SEC::$ && DPT::MKG && CTR::EN","SEC::LOW && DPT::$ && CTR::EN",same,16,25231,946,failure,200,1499794440,7498972.200
covercrypt,hybridized,089a548,"SEC::$ && DPT::MKG && CTR::EN","SEC::LOW && DPT::$ && CTR::FR",same,16,25231,946,failure,200,1626238504,8131192.520
covercrypt,hybridized,089a548,"SEC::$ && DPT::MKG && CTR::EN","SEC::LOW && DPT::$ && CTR::$",same,32,51939,946,failure,200,4223623560,21118117.800
covercrypt,hybridized,089a548,"SEC::$ && DPT::MKG && CTR::EN","SEC::MED",different,48,78651,946,failure,200,5061672083,25308360.415
covercrypt,hybridized,089a548,"SEC::$ && DPT::MKG && CTR::EN","SEC::MED && CTR::EN",different,24,38585,946,failure,200,2369515196,11847575.980
covercrypt,hybridized,089a548,"SEC::$ && DPT::MKG && CTR::EN","SEC::MED && CTR::FR",different,24,38585,946,failure,200,2212442401,11062212.005
covercrypt,hybridized,089a548,"SEC::$ && DPT::MKG && CTR::EN","SEC::MED && CTR::$",different,48,78651,946,failure,200,4571383803,22856919.015
covercrypt,hybridized,089a548,"SEC::$ && DPT::MKG && CTR::EN","SEC::MED && DPT::DEV",different,24,38585,946,failure,200,2311322545,11556612.725
covercrypt,hybridized,089a548,"SEC::$ && DPT::MKG && CTR::EN","SEC::MED && DPT::DEV && CTR::EN",same,12,18555,946,failure,200,1136192803,5680964.015
covercrypt,hybridized,089a548,"SEC::$ && DPT::MKG && CTR::EN","SEC::MED && DPT::DEV && CTR::FR",same,12,18555,946,failure,200,1095549600,5477748.000
covercrypt,hybridized,089a548,"SEC::$ && DPT::MKG && CTR::EN","SEC::MED && DPT::DEV && CTR::$",same,24,38585,946,failure,200,2369817129,11849085.645
covercrypt,hybridized,089a548,"SEC::$ && DPT::MKG && CTR::EN","SEC::MED && DPT::MKG",different,24,38585,946,failure,200,2408380681,12041903.405
covercrypt,hybridized,089a548,"SEC::$ && DPT::MKG && CTR::EN","SEC::MED && DPT::MKG && CTR::EN",same,12,18555,946,failure,200,1072526839,5362634.195
covercrypt,hybridized,089a548,"SEC::$ && DPT::MKG && CTR::EN","SEC::MED && DPT::MKG && CTR::FR",same,12,18555,946,failure,200,1157935396,5789676.980
covercrypt,hybridized,089a548,"SEC::$ && DPT::MKG && CTR::EN","SEC::MED && DPT::MKG && CTR::$",same,24,38585,946,failure,200,2307170255,11535851.275
covercrypt,hybridized,089a548,"SEC::$ && DPT::MKG && CTR::EN","SEC::MED && DPT::$",different,48,78651,946,failure,200,4885871975,24429359.875
covercrypt,hybridized,089a548,"SEC::$ && DPT::MKG && CTR::EN","SEC::MED && DPT::$ && CTR::EN",same,24,38585,946,failure,200,2351005449,11755027.245
covercrypt,hybridized,089a548,"SEC::$ && DPT::MKG && CTR::EN","SEC::MED && DPT::$ && CTR::FR",same,24,38585,946,failure,200,2359031553,11795157.765
covercrypt,hybridized,089a548,"SEC::$ && DPT::MKG && CTR::EN","SEC::MED && DPT::$ && CTR::$",same,48,78651,946,failure,200,4740258499,23701292.495
covercrypt,hybridized,089a548,"SEC::$ && DPT::MKG && CTR::EN","SEC::HIG",different,64,105363,946,failure,200,6346870149,31734350.745
covercrypt,hybridized,089a548,"SEC::$ && DPT::MKG && CTR::EN","SEC::HIG && CTR::EN",different,32,51939,946,failure,200,3146478528,15732392.640
covercrypt,hybridized,089a548,"SEC::$ && DPT::MKG && CTR::EN","SEC::HIG && CTR::FR",different,32,51939,946,failure,200,3158645910,15793229.550
covercrypt,hybridized,089a548,"SEC::$ && DPT::MKG && CTR::EN","SEC::HIG && CTR::$",different,64,105363,946,failure,200,6192312145,30961560.725
covercrypt,hybridized,089a548,"SEC::$ && DPT::MKG && CTR::EN","SEC::HIG && DPT::DEV",different,32,51939,946,failure,200,3140965953,15704829.765
covercrypt,hybridized,089a548,"SEC::$ && DPT::MKG && CTR::EN","SEC::HIG && DPT::DEV && CTR::EN",same,16,25231,946,failure,200,1532162189,7660810.945
covercrypt,hybridized,089a548,"SEC::$ && DPT::MKG && CTR::EN","SEC::HIG && DPT::DEV && CTR::FR",same,16,25231,946,failure,200,1598473619,7992368.095
covercrypt,hybridized,089a548,"SEC::$ && DPT::MKG && CTR::EN","SEC::HIG && DPT::DEV && CTR::$",same,32,51939,946,failure,200,3012077300,15060386.500
covercrypt,hybridized,089a548,"SEC::$ && DPT::MKG && CTR::EN","SEC::HIG && DPT::MKG",different,32,51939,946,failure,200,2907534630,14537673.150
covercrypt,hybridized,089a548,"SEC::$ && DPT::MKG && CTR::EN","SEC::HIG && DPT::MKG && CTR::EN",same,16,25231,946,failure,200,1436576396,7182881.980
covercrypt,hybridized,089a548,"SEC::$ && DPT::MKG && CTR::EN","SEC::HIG && DPT::MKG && CTR::FR",same,16,25231,946,failure,200,1510817220,7554086.100
covercrypt,hybridized,089a548,"SEC::$ && DPT::MKG && CTR::EN","SEC::HIG && DPT::MKG && CTR::$",same,32,51939,946,failure,200,2934940549,14674702.745
covercrypt,hybridized,089a548,"SEC::$ && DPT::MKG && CTR::EN","SEC::HIG && DPT::$",different,64,105363,946,failure,200,5916287679,29581438.395
covercrypt,hybridized,089a548,"SEC::$ && DPT::MKG && CTR::EN","SEC::HIG && DPT::$ && CTR::EN",same,32,51939,946,failure,200,2967838090,14839190.450
covercrypt,hybridized,089a548,"SEC::$ && DPT::MKG && CTR::EN","SEC::HIG && DPT::$ && CTR::FR",same,32,51939,946,failure,200,3072040290,15360201.450
covercrypt,hybridized,089a548,"SEC::$ && DPT::MKG && CTR::EN","SEC::HIG && DPT::$ && CTR::$",same,64,105363,946,failure,200,6250871762,31254358.810
covercrypt,hybridized,089a548,"SEC::$ && DPT::MKG && CTR::EN","SEC::$",different,80,132075,946,success,200,4521072172,22605360.860
covercrypt,hybridized,089a548,"SEC::$ && DPT::MKG && CTR::EN","SEC::$ && CTR::EN",different,40,65293,946,success,200,2037344499,10186722.495
covercrypt,hybridized,089a548,"SEC::$ && DPT::MKG && CTR::EN","SEC::$ && CTR::FR",different,40,65293,946,failure,200,3935628604,19678143.020
covercrypt,hybridized,089a548,"SEC::$ && DPT::MKG && CTR::EN","SEC::$ && CTR::$",different,80,132075,946,success,200,4425235877,22126179.385
covercrypt,hybridized,089a548,"SEC::$ && DPT::MKG && CTR::EN","SEC::$ && DPT::DEV",different,40,65293,946,failure,200,3709972223,18549861.115
covercrypt,hybridized,089a548,"SEC::$ && DPT::MKG && CTR::EN","SEC::$ && DPT::DEV && CTR::EN",same,20,31907,946,failure,200,1762450195,8812250.975
covercrypt,hybridized,089a548,"SEC::$ && DPT::MKG && CTR::EN","SEC::$ && DPT::DEV && CTR::FR",same,20,31907,946,failure,200,1759643157,8798215.785
covercrypt,hybridized,089a548,"SEC::$ && DPT::MKG && CTR::EN","SEC::$ && DPT::DEV && CTR::$",same,40,65293,946,failure,200,3570469433,17852347.165
covercrypt,hybridized,089a548,"SEC::$ && DPT::MKG && CTR::EN","SEC::$ && DPT::MKG",different,40,65293,946,success,200,2030560136,10152800.680
covercrypt,hybridized,089a548,"SEC::$ && DPT::MKG && CTR::EN","SEC::$ && DPT::MKG && CTR::EN",same,20,31907,946,success,200,956709485,4783547.425
covercrypt,hybridized,089a548,"SEC::$ && DPT::MKG && CTR::EN","SEC::$ && DPT::MKG && CTR::FR",same,20,31907,946,failure,200,1832818421,9164092.105
covercrypt,hybridized,089a548,"SEC::$ && DPT::MKG && CTR::EN","SEC::$ && DPT::MKG && CTR::$",same,40,65293,946,success,200,1891541008,9457705.040
covercrypt,hybridized,089a548,"SEC::$ && DPT::MKG && CTR::EN","SEC::$ && DPT::$",different,80,132075,946,success,200,3481245782,17406228.910
covercrypt,hybridized,089a548,"SEC::$ && DPT::MKG && CTR::EN","SEC::$ && DPT::$ && CTR::EN",same,40,65293,946,success,200,1723192159,8615960.795
covercrypt,hybridized,089a548,"SEC::$ && DPT::MKG && CTR::EN","SEC::$ && DPT::$ && CTR::FR",same,40,65293,946,failure,200,2921239578,14606197.890
covercrypt,hybridized,089a548,"SEC::$ && DPT::MKG && CTR::EN","SEC::$ && DPT::$ && CTR::$",same,80,132075,946,success,200,3143183156,15715915.780
covercrypt,hybridized,089a548,"CTR::FR","CTR::EN",different,40,65293,946,failure,200,3950403509,19752017.545
covercrypt,hybridized,089a548,"CTR::FR","CTR::FR",different,40,65293,946,success,200,2408165658,12040828.290
covercrypt,hybridized,089a548,"CTR::FR","CTR::$",different,80,132075,946,success,200,4487758511,22438792.555
covercrypt,hybridized,089a548,"CTR::FR","DPT::DEV",different,40,65293,946,success,200,1945911182,9729555.910
covercrypt,hybridized,089a548,"CTR::FR","DPT::DEV && CTR::EN",different,20,31907,946,failure,200,1736366750,8681833.750
covercrypt,hybridized,089a548,"CTR::FR","DPT::DEV && CTR::FR",different,20,31907,946,success,200,1242277549,6211387.745
covercrypt,hybridized,089a548,"CTR::FR","DPT::DEV && CTR::$",different,40,65293,946,success,200,1955094623,9775473.115
covercrypt,hybridized,089a548,"CTR::FR","DPT::MKG",different,40,65293,946,success,200,2154537063,10772685.315
covercrypt,hybridized,089a548,"CTR::FR","DPT::MKG && CTR::EN",different,20,31907,946,failure,200,1686237820,8431189.100
covercrypt,hybridized,089a548,"CTR::FR","DPT::MKG && CTR::FR",different,20,31907,946,success,200,938830598,4694152.990
covercrypt,hybridized,089a548,"CTR::FR","DPT::MKG && CTR::$",different,40,65293,946,success,200,1675464679,8377323.395
covercrypt,hybridized,089a548,"CTR::FR","DPT::$",different,80,132075,946,success,200,3227553114,16137765.570
covercrypt,hybridized,089a548,"CTR::FR","DPT::$ && CTR::EN",different,40,65293,946,failure,200,3199556985,15997784.925
covercrypt,hybridized,089a548,"CTR::FR","DPT::$ && CTR::FR",different,40,65293,946,success,200,1562332010,7811660.050
covercrypt,hybridized,089a548,"CTR::FR","DPT::$ && CTR::$",different,80,132075,946,success,200,3837996022,19189980.110
covercrypt,hybridized,089a548,"CTR::FR","SEC::LOW",different,32,51939,946,success,200,1477011194,7385055.970
covercrypt,hybridized,089a548,"CTR::FR","SEC::LOW && CTR::EN",different,16,25231,946,failure,200,1446170970,7230854.850
covercrypt,hybridized,089a548,"CTR::FR","SEC::LOW && CTR::FR",different,16,25231,946,success,200,845369814,4226849.070
covercrypt,hybridized,089a548,"CTR::FR","SEC::LOW && CTR::$",different,32,51939,946,success,200,1750564190,8752820.950
covercrypt,hybridized,089a548,"CTR::FR","SEC::LOW && DPT::DEV",different,16,25231,946,success,200,814878710,4074393.550
covercrypt,hybridized,089a548,"CTR::FR","SEC::LOW && DPT::DEV && CTR::EN",same,8,11879,946,failure,200,661440597,3307202.985
covercrypt,hybridized,089a548,"CTR::FR","SEC::LOW && DPT::DEV && CTR::FR",same,8,11879,946,success,200,479918803,2399594.015
covercrypt,hybridized,089a548,"CTR::FR","SEC::LOW && DPT::DEV && CTR::$",same,16,25231,946,success,200,819556811,4097784.055
covercrypt,hybridized,089a548,"CTR::FR","SEC::LOW && DPT::MKG",different,16,25231,946,success,200,759635821,3798179.105
covercrypt,hybridized,089a548,"CTR::FR","SEC::LOW && DPT::MKG && CTR::EN",same,8,11879,946,failure,200,680908922,3404544.610
covercrypt,hybridized,089a548,"CTR::FR","SEC::LOW && DPT::MKG && CTR::FR",same,8,11879,946,success,200,466671646,2333358.230
covercrypt,hybridized,089a548,"CTR::FR","SEC::LOW && DPT::MKG && CTR::$",same,16,25231,946,success,200,818467729,4092338.645
covercrypt,hybridized,089a548,"CTR::FR","SEC::LOW && DPT::$",different,32,51939,946,success,200,1438533243,7192666.215
covercrypt,hybridized,089a548,"CTR::FR","SEC::LOW && DPT::$ && CTR::EN",same,16,25231,946,failure,200,1277602491,6388012.455
covercrypt,hybridized,089a548,"CTR::FR","SEC::LOW && DPT::$ && CTR::FR",same,16,25231,946,success,200,901450477,4507252.385
covercrypt,hybridized,089a548,"CTR::FR","SEC::LOW && DPT::$ && CTR::$",same,32,51939,946,success,200,1322357403,6611787.015
covercrypt,hybridized,089a548,"CTR::FR","SEC::MED",different,48,78651,946,success,200,1935327714,9676638.570
covercrypt,hybridized,089a548,"CTR::FR","SEC::MED && CTR::EN",different,24,38585,946,failure,200,2015027153,10075135.765
covercrypt,hybridized,089a548,"CTR::FR","SEC::MED && CTR::FR",different,24,38585,946,success,200,1068466981,5342334.905
covercrypt,hybridized,089a548,"CTR::FR","SEC::MED && CTR::$",different,48,78651,946,success,200,2289182520,11445912.600
covercrypt,hybridized,089a548,"CTR::FR","SEC::MED && DPT::DEV",different,24,38585,946,success,200,1171113104,5855565.520
covercrypt,hybridized,089a548,"CTR::FR","SEC::MED && DPT::DEV && CTR::EN",same,12,18555,946,failure,200,1145733335,5728666.675
covercrypt,hybridized,089a548,"CTR::FR","SEC::MED && DPT::DEV && CTR::FR",same,12,18555,946,success,200,785738056,3928690.280
covercrypt,hybridized,089a548,"CTR::FR","SEC::MED && DPT::DEV && CTR::$",same,24,38585,946,success,200,1125752111,5628760.555
covercrypt,hybridized,089a548,"CTR::FR","SEC::MED && DPT::MKG",different,24,38585,946,success,200,1051037997,5255189.985
covercrypt,hybridized,089a548,"CTR::FR","SEC::MED && DPT::MKG && CTR::EN",same,12,18555,946,failure,200,1058106570,5290532.850
covercrypt,hybridized,089a548,"CTR::FR","SEC::MED && DPT::MKG && CTR::FR",same,12,18555,946,success,200,664530522,3322652.610
covercrypt,hybridized,089a548,"CTR::FR","SEC::MED && DPT::MKG && CTR::$",same,24,38585,946,success,200,1194868166,5974340.830
covercrypt,hybridized,089a548,"CTR::FR","SEC::MED && DPT::$",different,48,78651,946,success,200,2072849957,10364249.785
covercrypt,hybridized,089a548,"CTR::FR","SEC::MED && DPT::$ && CTR::EN",same,24,38585,946,failure,200,1932202111,9661010.555
covercrypt,hybridized,089a548,"CTR::FR","SEC::MED && DPT::$ && CTR::FR",same,24,38585,946,success,200,1142242083,5711210.415
covercrypt,hybridized,089a548,"CTR::FR","SEC::MED && DPT::$ && CTR::$",same,48,78651,946,success,200,2209624331,11048121.655
covercrypt,hybridized,089a548,"CTR::FR","SEC::HIG",different,64,105363,946,success,200,2933763052,14668815.260
covercrypt,hybridized,089a548,"CTR::FR","SEC::HIG && CTR::EN",different,32,51939,946,failure,200,2484341454,12421707.270
covercrypt,hybridized,089a548,"CTR::FR","SEC::HIG && CTR::FR",different,32,51939,946,success,200,1465153700,7325768.500
covercrypt,hybridized,089a548,"CTR::FR","SEC::HIG && CTR::$",different,64,105363,946,success,200,2690955517,13454777.585
covercrypt,hybridized,089a548,"CTR::FR","SEC::HIG && DPT::DEV",different,32,51939,946,success,200,1241800380,6209001.900
covercrypt,hybridized,089a548,"CTR::FR","SEC::HIG && DPT::DEV && CTR::EN",same,16,25231,946,failure,200,1198349812,5991749.060
covercrypt,hybridized,089a548,"CTR::FR","SEC::HIG && DPT::DEV && CTR::FR",same,16,25231,946,success,200,723119256,3615596.280
covercrypt,hybridized,089a548,"CTR::FR","SEC::HIG && DPT::DEV && CTR::$",same,32,51939,946,success,200,1326590189,6632950.945
covercrypt,hybridized,089a548,"CTR::FR","SEC::HIG && DPT::MKG",different,32,51939,946,success,200,1352406462,6762032.310
covercrypt,hybridized,089a548,"CTR::FR","SEC::HIG && DPT::MKG && CTR::EN",same,16,25231,946,failure,200,1192881395,5964406.975
covercrypt,hybridized,089a548,"CTR::FR","SEC::HIG && DPT::MKG && CTR::FR",same,16,25231,946,success,200,753761568,3768807.840
covercrypt,hybridized,089a548,"CTR::FR","SEC::HIG && DPT::MKG && CTR::$",same,32,51939,946,success,200,1514860986,7574304.930
covercrypt,hybridized,089a548,"CTR::FR","SEC::HIG && DPT::$",different,64,105363,946,success,200,2755585230,13777926.150
covercrypt,hybridized,089a548,"CTR::FR","SEC::HIG && DPT::$ && CTR::EN",same,32,51939,946,failure,200,2468086828,12340434.140
covercrypt,hybridized,089a548,"CTR::FR","SEC::HIG && DPT::$ && CTR::FR",same,32,51939,946,success,200,1181845674,5909228.370
covercrypt,hybridized,089a548,"CTR::FR","SEC::HIG && DPT::$ && CTR::$",same,64,105363,946,success,200,2437413912,12187069.560
covercrypt,hybridized,089a548,"CTR::FR","SEC::$",different,80,132075,946,success,200,2841603791,14208018.955
covercrypt,hybridized,089a548,"CTR::FR","SEC::$ && CTR::EN",different,40,65293,946,failure,200,2901782371,14508911.855
covercrypt,hybridized,089a548,"CTR::FR","SEC::$ && CTR::FR",different,40,65293,946,success,200,1566723463,7833617.315
covercrypt,hybridized,089a548,"CTR::FR","SEC::$ && CTR::$",different,80,132075,946,success,200,3086544144,15432720.720
covercrypt,hybridized,089a548,"CTR::FR","SEC::$ && DPT::DEV",different,40,65293,946,success,200,1574454013,7872270.065
covercrypt,hybridized,089a548,"CTR::FR","SEC::$ && DPT::DEV && CTR::EN",same,20,31907,946,failure,200,1611889726,8059448.630
covercrypt,hybridized,089a548,"CTR::FR","SEC::$ && DPT::DEV && CTR::FR",same,20,31907,946,success,200,1342562421,6712812.105
covercrypt,hybridized,089a548,"CTR::FR","SEC::$ && DPT::DEV && CTR::$",same,40,65293,946,success,200,1929300004,9646500.020
covercrypt,hybridized,089a548,"CTR::FR","SEC::$ && DPT::MKG",different,40,65293,946,success,200,1800131137,9000655.685
covercrypt,hybridized,089a548,"CTR::FR","SEC::$ && DPT::MKG && CTR::EN",same,20,31907,946,failure,200,1645427622,8227138.110
covercrypt,hybridized,089a548,"CTR::FR","SEC::$ && DPT::MKG && CTR::FR",same,20,31907,946,success,200,1116800253,5584001.265
covercrypt,hybridized,089a548,"CTR::FR","SEC::$ && DPT::MKG && CTR::$",same,40,65293,946,success,200,1710999813,8554999.065
covercrypt,hybridized,089a548,"CTR::FR","SEC::$ && DPT::$",different,80,132075,946,success,200,3346465501,16732327.505
covercrypt,hybridized,089a548,"CTR::FR","SEC::$ && DPT::$ && CTR::EN",same,40,65293,946,failure,200,2844548601,14222743.005
covercrypt,hybridized,089a548,"CTR::FR","SEC::$ && DPT::$ && CTR::FR",same,40,65293,946,success,200,1613353996,8066769.980
covercrypt,hybridized,089a548,"CTR::FR","SEC::$ && DPT::$ && CTR::$",same,80,132075,946,success,200,2996505872,14982529.360
covercrypt,hybridized,089a548,"DPT::MKG && CTR::FR","CTR::EN",different,40,65293,946,failure,200,3018470887,15092354.435
covercrypt,hybridized,089a548,"DPT::MKG && CTR::FR","CTR::FR",different,40,65293,946,success,200,1966861018,9834305.090
covercrypt,hybridized,089a548,"DPT::MKG && CTR::FR","CTR::$",different,80,132075,946,success,200,4760789824,23803949.120
covercrypt,hybridized,089a548,"DPT::MKG && CTR::FR","DPT::DEV",different,40,65293,946,failure,200,4058633031,20293165.155
covercrypt,hybridized,089a548,"DPT::MKG && CTR::FR","DPT::DEV && CTR::EN",different,20,31907,946,failure,200,1825321264,9126606.320
covercrypt,hybridized,089a548,"DPT::MKG && CTR::FR","DPT::DEV && CTR::FR",different,20,31907,946,failure,200,2134670861,10673354.305
covercrypt,hybridized,089a548,"DPT::MKG && CTR::FR","DPT::DEV && CTR::$",different,40,65293,946,failure,200,3914480338,19572401.690
covercrypt,hybridized,089a548,"DPT::MKG && CTR::FR","DPT::MKG",different,40,65293,946,success,200,1891933144,9459665.720
covercrypt,hybridized,089a548,"DPT::MKG && CTR::FR","DPT::MKG && CTR::EN",different,20,31907,946,failure,200,2045476524,10227382.620
covercrypt,hybridized,089a548,"DPT::MKG && CTR::FR","DPT::MKG && CTR::FR",different,20,31907,946,success,200,1224351412,6121757.060
covercrypt,hybridized,089a548,"DPT::MKG && CTR::FR","DPT::MKG && CTR::$",different,40,65293,946,success,200,2085883941,10429419.705
covercrypt,hybridized,089a548,"DPT::MKG && CTR::FR","DPT::$",different,80,132075,946,success,200,4620406151,23102030.755
covercrypt,hybridized,089a548,"DPT::MKG && CTR::FR","DPT::$ && CTR::EN",different,40,65293,946,failure,200,4758559004,23792795.020
covercrypt,hybridized,089a548,"DPT::MKG && CTR::FR","DPT::$ && CTR::FR",different,40,65293,946,success,200,1964253203,9821266.015
covercrypt,hybridized,089a548,"DPT::MKG && CTR::FR","DPT::$ && CTR::$",different,80,132075,946,success,200,4267291936,21336459.680
covercrypt,hybridized,089a548,"DPT::MKG && CTR::FR","SEC::LOW",different,32,51939,946,success,200,1636377787,8181888.935
covercrypt,hybridized,089a548,"DPT::MKG && CTR::FR","SEC::LOW && CTR::EN",different,16,25231,946,failure,200,1642699742,8213498.710
covercrypt,hybridized,089a548,"DPT::MKG && CTR::FR","SEC::LOW && CTR::FR",different,16,25231,946,success,200,863336255,4316681.275
covercrypt,hybridized,089a548,"DPT::MKG && CTR::FR","SEC::LOW && CTR::$",different,32,51939,946,success,200,1933416928,9667084.640
covercrypt,hybridized,089a548,"DPT::MKG && CTR::FR","SEC::LOW && DPT::DEV",different,16,25231,946,failure,200,1606793378,8033966.890
covercrypt,hybridized,089a548,"DPT::MKG && CTR::FR","SEC::LOW && DPT::DEV && CTR::EN",same,8,11879,946,failure,200,779830543,3899152.715
covercrypt,hybridized,089a548,"DPT::MKG && CTR::FR","SEC::LOW && DPT::DEV && CTR::FR",same,8,11879,946,failure,200,931515978,4657579.890
covercrypt,hybridized,089a548,"DPT::MKG && CTR::FR","SEC::LOW && DPT::DEV && CTR::$",same,16,25231,946,failure,200,1812690049,9063450.245
covercrypt,hybridized,089a548,"DPT::MKG && CTR::FR","SEC::LOW && DPT::MKG",different,16,25231,946,success,200,942974851,4714874.255
covercrypt,hybridized,089a548,"DPT::MKG && CTR::FR","SEC::LOW && DPT::MKG && CTR::EN",same,8,11879,946,failure,200,808305193,4041525.965
covercrypt,hybridized,089a548,"DPT::MKG && CTR::FR","SEC::LOW && DPT::MKG && CTR::FR",same,8,11879,946,success,200,565751509,2828757.545
covercrypt,hybridized,089a548,"DPT::MKG && CTR::FR","SEC::LOW && DPT::MKG && CTR::$",same,16,25231,946,success,200,929091769,4645458.845
covercrypt,hybridized,089a548,"DPT::MKG && CTR::FR","SEC::LOW && DPT::$",different,32,51939,946,success,200,1910740588,9553702.940
covercrypt,hybridized,089a548,"DPT::MKG && CTR::FR","SEC::LOW && DPT::$ && CTR::EN",same,16,25231,946,failure,200,1538783357,7693916.785
covercrypt,hybridized,089a548,"DPT::MKG && CTR::FR","SEC::LOW && DPT::$ && CTR::FR",same,16,25231,946,success,200,975598374,4877991.870
covercrypt,hybridized,089a548,"DPT::MKG && CTR::FR","SEC::LOW && DPT::$ && CTR::$",same,32,51939,946,success,200,1782087546,8910437.730
covercrypt,hybridized,089a548,"DPT::MKG && CTR::FR","SEC::MED",different,48,78651,946,success,200,2377646511,11888232.555
covercrypt,hybridized,089a548,"DPT::MKG && CTR::FR","SEC::MED && CTR::EN",different,24,38585,946,failure,200,2612426118,13062130.590
covercrypt,hybridized,089a548,"DPT::MKG && CTR::FR","SEC::MED && CTR::FR",different,24,38585,946,success,200,1239500445,6197502.225
covercrypt,hybridized,089a548,"DPT::MKG && CTR::FR","SEC::MED && CTR::$",different,48,78651,946,success,200,2523661181,12618305.905
covercrypt,hybridized,089a548,"DPT::MKG && CTR::FR","SEC::MED && DPT::DEV",different,24,38585,946,failure,200,2575882005,12879410.025
covercrypt,hybridized,089a548,"DPT::MKG && CTR::FR","SEC::MED && DPT::DEV && CTR::EN",same,12,18555,946,failure,200,1446488269,7232441.345
covercrypt,hybridized,089a548,"DPT::MKG && CTR::FR","SEC::MED && DPT::DEV && CTR::FR",same,12,18555,946,failure,200,1283024690,6415123.450
covercrypt,hybridized,089a548,"DPT::MKG && CTR::FR","SEC::MED && DPT::DEV && CTR::$",same,24,38585,946,failure,200,2315225738,11576128.690
covercrypt,hybridized,089a548,"DPT::MKG && CTR::FR","SEC::MED && DPT::MKG",different,24,38585,946,success,200,1219400117,6097000.585
covercrypt,hybridized,089a548,"DPT::MKG && CTR::FR","SEC::MED && DPT::MKG && CTR::EN",same,12,18555,946,failure,200,1129152727,5645763.635
covercrypt,hybridized,089a548,"DPT::MKG && CTR::FR","SEC::MED && DPT::MKG && CTR::FR",same,12,18555,946,success,200,831179830,4155899.150
covercrypt,hybridized,089a548,"DPT::MKG && CTR::FR","SEC::MED && DPT::MKG && CTR::$",same,24,38585,946,success,200,1114761047,5573805.235
covercrypt,hybridized,089a548,"DPT::MKG && CTR::FR","SEC::MED && DPT::$",different,48,78651,946,success,200,2165023189,10825115.945
covercrypt,hybridized,089a548,"DPT::MKG && CTR::FR","SEC::MED && DPT::$ && CTR::EN",same,24,38585,946,failure,200,2361754983,11808774.915
covercrypt,hybridized,089a548,"DPT::MKG && CTR::FR","SEC::MED && DPT::$ && CTR::FR",same,24,38585,946,success,200,1524331727,7621658.635
covercrypt,hybridized,089a548,"DPT::MKG && CTR::FR","SEC::MED && DPT::$ && CTR::$",same,48,78651,946,success,200,3161103704,15805518.520
covercrypt,hybridized,089a548,"DPT::MKG && CTR::FR","SEC::HIG",different,64,105363,946,success,200,3293982157,16469910.785
covercrypt,hybridized,089a548,"DPT::MKG && CTR::FR","SEC::HIG && CTR::EN",different,32,51939,946,failure,200,3037423203,15187116.015
covercrypt,hybridized,089a548,"DPT::MKG && CTR::FR","SEC::HIG && CTR::FR",different,32,51939,946,success,200,1730337334,8651686.670
covercrypt,hybridized,089a548,"DPT::MKG && CTR::FR","SEC::HIG && CTR::$",different,64,105363,946,success,200,3114123080,15570615.400
covercrypt,hybridized,089a548,"DPT::MKG && CTR::FR","SEC::HIG && DPT::DEV",different,32,51939,946,failure,200,2452860766,12264303.830
covercrypt,hybridized,089a548,"DPT::MKG && CTR::FR","SEC::HIG && DPT::DEV && CTR::EN",same,16,25231,946,failure,200,1314042724,6570213.620
covercrypt,hybridized,089a548,"DPT::MKG && CTR::FR","SEC::HIG && DPT::DEV && CTR::FR",same,16,25231,946,failure,200,1652075391,8260376.955
covercrypt,hybridized,089a548,"DPT::MKG && CTR::FR","SEC::HIG && DPT::DEV && CTR::$",same,32,51939,946,failure,200,2937143948,14685719.740
covercrypt,hybridized,089a548,"DPT::MKG && CTR::FR","SEC::HIG && DPT::MKG",different,32,51939,946,success,200,1402004778,7010023.890
covercrypt,hybridized,089a548,"DPT::MKG && CTR::FR","SEC::HIG && DPT::MKG && CTR::EN",same,16,25231,946,failure,200,1331203392,6656016.960
covercrypt,hybridized,089a548,"DPT::MKG && CTR::FR","SEC::HIG && DPT::MKG && CTR::FR",same,16,25231,946,success,200,881989653,4409948.265
covercrypt,hybridized,089a548,"DPT::MKG && CTR::FR","SEC::HIG && DPT::MKG && CTR::$",same,32,51939,946,success,200,1388456817,6942284.085
covercrypt,hybridized,089a548,"DPT::MKG && CTR::FR","SEC::HIG && DPT::$",different,64,105363,946,success,200,3121877943,15609389.715
covercrypt,hybridized,089a548,"DPT::MKG && CTR::FR","SEC::HIG && DPT::$ && CTR::EN",same,32,51939,946,failure,200,3171203017,15856015.085
covercrypt,hybridized,089a548,"DPT::MKG && CTR::FR","SEC::HIG && DPT::$ && CTR::FR",same,32,51939,946,success,200,1996689139,9983445.695
covercrypt,hybridized,089a548,"DPT::MKG && CTR::FR","SEC::HIG && DPT::$ && CTR::$",same,64,105363,946,success,200,2902022410,14510112.050
covercrypt,hybridized,089a548,"DPT::MKG && CTR::FR","SEC::$",different,80,132075,946,success,200,4427092342,22135461.710
covercrypt,hybridized,089a548,"DPT::MKG && CTR::FR","SEC::$ && CTR::EN",different,40,65293,946,failure,200,3817513624,19087568.120
covercrypt,hybridized,089a548,"DPT::MKG && CTR::FR","SEC::$ && CTR::FR",different,40,65293,946,success,200,1949651823,9748259.115
covercrypt,hybridized,089a548,"DPT::MKG && CTR::FR","SEC::$ && CTR::$",different,80,132075,946,success,200,3611255063,18056275.315
covercrypt,hybridized,089a548,"DPT::MKG && CTR::FR","SEC::$ && DPT::DEV",different,40,65293,946,failure,200,4576842218,22884211.090
covercrypt,hybridized,089a548,"DPT::MKG && CTR::FR","SEC::$ && DPT::DEV && CTR::EN",same,20,31907,946,failure,200,2047641944,10238209.720
covercrypt,hybridized,089a548,"DPT::MKG && CTR::FR","SEC::$ && DPT::DEV && CTR::FR",same,20,31907,946,failure,200,2003043022,10015215.110
covercrypt,hybridized,089a548,"DPT::MKG && CTR::FR","SEC::$ && DPT::DEV && CTR::$",same,40,65293,946,failure,200,4450843395,22254216.975
covercrypt,hybridized,089a548,"DPT::MKG && CTR::FR","SEC::$ && DPT::MKG",different,40,65293,946,success,200,2198146748,10990733.740
covercrypt,hybridized,089a548,"DPT::MKG && CTR::FR","SEC::$ && DPT::MKG && CTR::EN",same,20,31907,946,failure,200,1650638862,8253194.310
covercrypt,hybridized,089a548,"DPT::MKG && CTR::FR","SEC::$ && DPT::MKG && CTR::FR",same,20,31907,946,success,200,928338430,4641692.150
covercrypt,hybridized,089a548,"DPT::MKG && CTR::FR","SEC::$ && DPT::MKG && CTR::$",same,40,65293,946,success,200,1936841516,9684207.580
covercrypt,hybridized,089a548,"DPT::MKG && CTR::FR","SEC::$ && DPT::$",different,80,132075,946,success,200,3880849070,19404245.350
covercrypt,hybridized,089a548,"DPT::MKG && CTR::FR","SEC::$ && DPT::$ && CTR::EN",same,40,65293,946,failure,200,3428791342,17143956.710
covercrypt,hybridized,089a548,"DPT::MKG && CTR::FR","SEC::$ && DPT::$ && CTR::FR",same,40,65293,946,success,200,1901287464,9506437.320
covercrypt,hybridized,089a548,"DPT::MKG && CTR::FR","SEC::$ && DPT::$ && CTR::$",same,80,132075,946,success,200,3914278627,19571393.135
covercrypt,hybridized,089a548,"SEC::LOW && CTR::FR","CTR::EN",different,40,65293,946,failure,200,3378070547,16890352.735
covercrypt,hybridized,089a548,"SEC::LOW && CTR::FR","CTR::FR",different,40,65293,946,success,200,1891858825,9459294.125
covercrypt,hybridized,089a548,"SEC::LOW && CTR::FR","CTR::$",different,80,132075,946,success,200,3738852932,18694264.660
covercrypt,hybridized,089a548,"SEC::LOW && CTR::FR","DPT::DEV",different,40,65293,946,success,200,2240025616,11200128.080
covercrypt,hybridized,089a548,"SEC::LOW && CTR::FR","DPT::DEV && CTR::EN",different,20,31907,946,failure,200,1727207076,8636035.380
covercrypt,hybridized,089a548,"SEC::LOW && CTR::FR","DPT::DEV && CTR::FR",different,20,31907,946,success,200,938491392,4692456.960
covercrypt,hybridized,089a548,"SEC::LOW && CTR::FR","DPT::DEV && CTR::$",different,40,65293,946,success,200,2054534250,10272671.250
covercrypt,hybridized,089a548,"SEC::LOW && CTR::FR","DPT::MKG",different,40,65293,946,success,200,2252272742,11261363.710
covercrypt,hybridized,089a548,"SEC::LOW && CTR::FR","DPT::MKG && CTR::EN",different,20,31907,946,failure,200,2023349049,10116745.245
covercrypt,hybridized,089a548,"SEC::LOW && CTR::FR","DPT::MKG && CTR::FR",different,20,31907,946,success,200,1273562091,6367810.455
covercrypt,hybridized,089a548,"SEC::LOW && CTR::FR","DPT::MKG && CTR::$",different,40,65293,946,success,200,2032984683,10164923.415
covercrypt,hybridized,089a548,"SEC::LOW && CTR::FR","DPT::$",different,80,132075,946,success,200,3952539394,19762696.970
covercrypt,hybridized,089a548,"SEC::LOW && CTR::FR","DPT::$ && CTR::EN",different,40,65293,946,failure,200,3780796159,18903980.795
covercrypt,hybridized,089a548,"SEC::LOW && CTR::FR","DPT::$ && CTR::FR",different,40,65293,946,success,200,1866798062,9333990.310
covercrypt,hybridized,089a548,"SEC::LOW && CTR::FR","DPT::$ && CTR::$",different,80,132075,946,success,200,4154297997,20771489.985
covercrypt,hybridized,089a548,"SEC::LOW && CTR::FR","SEC::LOW",different,32,51939,946,success,200,2198189258,10990946.290
covercrypt,hybridized,089a548,"SEC::LOW && CTR::FR","SEC::LOW && CTR::EN",different,16,25231,946,failure,200,1411483144,7057415.720
covercrypt,hybridized,089a548,"SEC::LOW && CTR::FR","SEC::LOW && CTR::FR",different,16,25231,946,success,200,990473337,4952366.685
covercrypt,hybridized,089a548,"SEC::LOW && CTR::FR","SEC::LOW && CTR::$",different,32,51939,946,success,200,1457922143,7289610.715
covercrypt,hybridized,089a548,"SEC::LOW && CTR::FR","SEC::LOW && DPT::DEV",different,16,25231,946,success,200,1064443358,5322216.790
covercrypt,hybridized,089a548,"SEC::LOW && CTR::FR","SEC::LOW && DPT::DEV && CTR::EN",same,8,11879,946,failure,200,824138657,4120693.285
covercrypt,hybridized,089a548,"SEC::LOW && CTR::FR","SEC::LOW && DPT::DEV && CTR::FR",same,8,11879,946,success,200,514769593,2573847.965
covercrypt,hybridized,089a548,"SEC::LOW && CTR::FR","SEC::LOW && DPT::DEV && CTR::$",same,16,25231,946,success,200,806257211,4031286.055
covercrypt,hybridized,089a548,"SEC::LOW && CTR::FR","SEC::LOW && DPT::MKG",different,16,25231,946,success,200,819756697,4098783.485
covercrypt,hybridized,089a548,"SEC::LOW && CTR::FR","SEC::LOW && DPT::MKG && CTR::EN",same,8,11879,946,failure,200,677259464,3386297.320
covercrypt,hybridized,089a548,"SEC::LOW && CTR::FR","SEC::LOW && DPT::MKG && CTR::FR",same,8,11879,946,success,200,491209195,2456045.975
covercrypt,hybridized,089a548,"SEC::LOW && CTR::FR","SEC::LOW && DPT::MKG && CTR::$",same,16,25231,946,success,200,851602982,4258014.910
covercrypt,hybridized,089a548,"SEC::LOW && CTR::FR","SEC::LOW && DPT::$",different,32,51939,946,success,200,1634751312,8173756.560
covercrypt,hybridized,089a548,"SEC::LOW && CTR::FR","SEC::LOW && DPT::$ && CTR::EN",same,16,25231,946,failure,200,1427220044,7136100.220
covercrypt,hybridized,089a548,"SEC::LOW && CTR::FR","SEC::LOW && DPT::$ && CTR::FR",same,16,25231,946,success,200,920653813,4603269.065
covercrypt,hybridized,089a548,"SEC::LOW && CTR::FR","SEC::LOW && DPT::$ && CTR::$",same,32,51939,946,success,200,1898784485,9493922.425
covercrypt,hybridized,089a548,"SEC::LOW && CTR::FR","SEC::MED",different,48,78651,946,success,200,2263601829,11318009.145
covercrypt,hybridized,089a548,"SEC::LOW && CTR::FR","SEC::MED && CTR::EN",different,24,38585,946,failure,200,2679108544,13395542.720
covercrypt,hybridized,089a548,"SEC::LOW && CTR::FR","SEC::MED && CTR::FR",different,24,38585,946,success,200,1369794401,6848972.005
covercrypt,hybridized,089a548,"SEC::LOW && CTR::FR","SEC::MED && CTR::$",different,48,78651,946,success,200,3030380682,15151903.410
covercrypt,hybridized,089a548,"SEC::LOW && CTR::FR","SEC::MED && DPT::DEV",different,24,38585,946,success,200,1943236351,9716181.755
covercrypt,hybridized,089a548,"SEC::LOW && CTR::FR","SEC::MED && DPT::DEV && CTR::EN",same,12,18555,946,failure,200,1379751975,6898759.875
covercrypt,hybridized,089a548,"SEC::LOW && CTR::FR","SEC::MED && DPT::DEV && CTR::FR",same,12,18555,946,success,200,809263813,4046319.065
covercrypt,hybridized,089a548,"SEC::LOW && CTR::FR","SEC::MED && DPT::DEV && CTR::$",same,24,38585,946,success,200,1519431802,7597159.010
covercrypt,hybridized,089a548,"SEC::LOW && CTR::FR","SEC::MED && DPT::MKG",different,24,38585,946,success,200,1579439336,7897196.680
covercrypt,hybridized,089a548,"SEC::LOW && CTR::FR","SEC::MED && DPT::MKG && CTR::EN",same,12,18555,946,failure,200,1108999529,5544997.645
covercrypt,hybridized,089a548,"SEC::LOW && CTR::FR","SEC::MED && DPT::MKG && CTR::FR",same,12,18555,946,success,200,864867745,4324338.725
covercrypt,hybridized,089a548,"SEC::LOW && CTR::FR","SEC::MED && DPT::MKG && CTR::$",same,24,38585,946,success,200,1718165784,8590828.920
covercrypt,hybridized,089a548,"SEC::LOW && CTR::FR","SEC::MED && DPT::$",different,48,78651,946,success,200,2706873742,13534368.710
covercrypt,hybridized,089a548,"SEC::LOW && CTR::FR","SEC::MED && DPT::$ && CTR::EN",same,24,38585,946,failure,200,2412585569,12062927.845
covercrypt,hybridized,089a548,"SEC::LOW && CTR::FR","SEC::MED && DPT::$ && CTR::FR",same,24,38585,946,success,200,1429246793,7146233.965
covercrypt,hybridized,089a548,"SEC::LOW && CTR::FR","SEC::MED && DPT::$ && CTR::$",same,48,78651,946,success,200,3060117694,15300588.470
covercrypt,hybridized,089a548,"SEC::LOW && CTR::FR","SEC::HIG",different,64,105363,946,success,200,3904611614,19523058.070
covercrypt,hybridized,089a548,"SEC::LOW && CTR::FR","SEC::HIG && CTR::EN",different,32,51939,946,failure,200,3848143262,19240716.310
covercrypt,hybridized,089a548,"SEC::LOW && CTR::FR","SEC::HIG && CTR::FR",different,32,51939,946,success,200,2008911601,10044558.005
covercrypt,hybridized,089a548,"SEC::LOW && CTR::FR","SEC::HIG && CTR::$",different,64,105363,946,success,200,3651671259,18258356.295
covercrypt,hybridized,089a548,"SEC::LOW && CTR::FR","SEC::HIG && DPT::DEV",different,32,51939,946,success,200,1802189040,9010945.200
covercrypt,hybridized,089a548,"SEC::LOW && CTR::FR","SEC::HIG && DPT::DEV && CTR::EN",same,16,25231,946,failure,200,1543684529,7718422.645
covercrypt,hybridized,089a548,"SEC::LOW && CTR::FR","SEC::HIG && DPT::DEV && CTR::FR",same,16,25231,946,success,200,829733005,4148665.025
covercrypt,hybridized,089a548,"SEC::LOW && CTR::FR","SEC::HIG && DPT::DEV && CTR::$",same,32,51939,946,success,200,2145562094,10727810.470
covercrypt,hybridized,089a548,"SEC::LOW && CTR::FR","SEC::HIG && DPT::MKG",different,32,51939,946,success,200,1327516114,6637580.570
covercrypt,hybridized,089a548,"SEC::LOW && CTR::FR","SEC::HIG && DPT::MKG && CTR::EN",same,16,25231,946,failure,200,1214261715,6071308.575
covercrypt,hybridized,089a548,"SEC::LOW && CTR::FR","SEC::HIG && DPT::MKG && CTR::FR",same,16,25231,946,success,200,739148724,3695743.620
covercrypt,hybridized,089a548,"SEC::LOW && CTR::FR","SEC::HIG && DPT::MKG && CTR::$",same,32,51939,946,success,200,1364831698,6824158.490
covercrypt,hybridized,089a548,"SEC::LOW && CTR::FR","SEC::HIG && DPT::$",different,64,105363,946,success,200,2645385934,13226929.670
covercrypt,hybridized,089a548,"SEC::LOW && CTR::FR","SEC::HIG && DPT::$ && CTR::EN",same,32,51939,946,failure,200,2530344891,12651724.455
covercrypt,hybridized,089a548,"SEC::LOW && CTR::FR","SEC::HIG && DPT::$ && CTR::FR",same,32,51939,946,success,200,1458349488,7291747.440
covercrypt,hybridized,089a548,"SEC::LOW && CTR::FR","SEC::HIG && DPT::$ && CTR::$",same,64,105363,946,success,200,2784567285,13922836.425
covercrypt,hybridized,089a548,"SEC::LOW && CTR::FR","SEC::$",different,80,132075,946,success,200,3495692876,17478464.380
covercrypt,hybridized,089a548,"SEC::LOW && CTR::FR","SEC::$ && CTR::EN",different,40,65293,946,failure,200,3600678268,18003391.340
covercrypt,hybridized,089a548,"SEC::LOW && CTR::FR","SEC::$ && CTR::FR",different,40,65293,946,success,200,1989844325,9949221.625
covercrypt,hybridized,089a548,"SEC::LOW && CTR::FR","SEC::$ && CTR::$",different,80,132075,946,success,200,4170243722,20851218.610
covercrypt,hybridized,089a548,"SEC::LOW && CTR::FR","SEC::$ && DPT::DEV",different,40,65293,946,success,200,1907827936,9539139.680
covercrypt,hybridized,089a548,"SEC::LOW && CTR::FR","SEC::$ && DPT::DEV && CTR::EN",same,20,31907,946,failure,200,1701011127,8505055.635
covercrypt,hybridized,089a548,"SEC::LOW && CTR::FR","SEC::$ && DPT::DEV && CTR::FR",same,20,31907,946,success,200,1009306135,5046530.675
covercrypt,hybridized,089a548,"SEC::LOW && CTR::FR","SEC::$ && DPT::DEV && CTR::$",same,40,65293,946,success,200,1735073157,8675365.785
covercrypt,hybridized,089a548,"SEC::LOW && CTR::FR","SEC::$ && DPT::MKG",different,40,65293,946,success,200,2020193588,10100967.940
covercrypt,hybridized,089a548,"SEC::LOW && CTR::FR","SEC::$ && DPT::MKG && CTR::EN",same,20,31907,946,failure,200,1657842492,8289212.460
covercrypt,hybridized,089a548,"SEC::LOW && CTR::FR","SEC::$ && DPT::MKG && CTR::FR",same,20,31907,946,success,200,872331550,4361657.750
covercrypt,hybridized,089a548,"SEC::LOW && CTR::FR","SEC::$ && DPT::MKG && CTR::$",same,40,65293,946,success,200,1843555881,9217779.405
covercrypt,hybridized,089a548,"SEC::LOW && CTR::FR","SEC::$ && DPT::$",different,80,132075,946,success,200,3393324415,16966622.075
covercrypt,hybridized,089a548,"SEC::LOW && CTR::FR","SEC::$ && DPT::$ && CTR::EN",same,40,65293,946,failure,200,3232827271,16164136.355
covercrypt,hybridized,089a548,"SEC::LOW && CTR::FR","SEC::$ && DPT::$ && CTR::FR",same,40,65293,946,success,200,1607220568,8036102.840
covercrypt,hybridized,089a548,"SEC::LOW && CTR::FR","SEC::$ && DPT::$ && CTR::$",same,80,132075,946,success,200,3209498318,16047491.590
covercrypt,hybridized,089a548,"SEC::LOW && DPT::MKG && CTR::FR","CTR::EN",different,40,65293,946,failure,200,3267858734,16339293.670
covercrypt,hybridized,089a548,"SEC::LOW && DPT::MKG && CTR::FR","CTR::FR",different,40,65293,946,success,200,1570247605,7851238.025
covercrypt,hybridized,089a548,"SEC::LOW && DPT::MKG && CTR::FR","CTR::$",different,80,132075,946,success,200,2831433101,14157165.505
covercrypt,hybridized,089a548,"SEC::LOW && DPT::MKG && CTR::FR","DPT::DEV",different,40,65293,946,failure,200,3005154282,15025771.410
covercrypt,hybridized,089a548,"SEC::LOW && DPT::MKG && CTR::FR","DPT::DEV && CTR::EN",different,20,31907,946,failure,200,1439899377,7199496.885
covercrypt,hybridized,089a548,"SEC::LOW && DPT::MKG && CTR::FR","DPT::DEV && CTR::FR",different,20,31907,946,failure,200,1418396686,7091983.430
covercrypt,hybridized,089a548,"SEC::LOW && DPT::MKG && CTR::FR","DPT::DEV && CTR::$",different,40,65293,946,failure,200,2890932787,14454663.935
covercrypt,hybridized,089a548,"SEC::LOW && DPT::MKG && CTR::FR","DPT::MKG",different,40,65293,946,success,200,1627547465,8137737.325
covercrypt,hybridized,089a548,"SEC::LOW && DPT::MKG && CTR::FR","DPT::MKG && CTR::EN",different,20,31907,946,failure,200,1427547005,7137735.025
covercrypt,hybridized,089a548,"SEC::LOW && DPT::MKG && CTR::FR","DPT::MKG && CTR::FR",different,20,31907,946,success,200,790831641,3954158.205
covercrypt,hybridized,089a548,"SEC::LOW && DPT::MKG && CTR::FR","DPT::MKG && CTR::$",different,40,65293,946,success,200,2129216669,10646083.345
covercrypt,hybridized,089a548,"SEC::LOW && DPT::MKG && CTR::FR","DPT::$",different,80,132075,946,success,200,3859177684,19295888.420
covercrypt,hybridized,089a548,"SEC::LOW && DPT::MKG && CTR::FR","DPT::$ && CTR::EN",different,40,65293,946,failure,200,3348274533,16741372.665
covercrypt,hybridized,089a548,"SEC::LOW && DPT::MKG && CTR::FR","DPT::$ && CTR::FR",different,40,65293,946,success,200,1692926977,8464634.885
covercrypt,hybridized,089a548,"SEC::LOW && DPT::MKG && CTR::FR","DPT::$ && CTR::$",different,80,132075,946,success,200,3584362792,17921813.960
covercrypt,hybridized,089a548,"SEC::LOW && DPT::MKG && CTR::FR","SEC::LOW",different,32,51939,946,success,200,1262938983,6314694.915
covercrypt,hybridized,089a548,"SEC::LOW && DPT::MKG && CTR::FR","SEC::LOW && CTR::EN",different,16,25231,946,failure,200,1324187558,6620937.790
covercrypt,hybridized,089a548,"SEC::LOW && DPT::MKG && CTR::FR","SEC::LOW && CTR::FR",different,16,25231,946,success,200,902613195,4513065.975
covercrypt,hybridized,089a548,"SEC::LOW && DPT::MKG && CTR::FR","SEC::LOW && CTR::$",different,32,51939,946,success,200,1898523197,9492615.985
covercrypt,hybridized,089a548,"SEC::LOW && DPT::MKG && CTR::FR","SEC::LOW && DPT::DEV",different,16,25231,946,failure,200,1270419627,6352098.135
covercrypt,hybridized,089a548,"SEC::LOW && DPT::MKG && CTR::FR","SEC::LOW && DPT::DEV && CTR::EN",same,8,11879,946,failure,200,679291257,3396456.285
covercrypt,hybridized,089a548,"SEC::LOW && DPT::MKG && CTR::FR","SEC::LOW && DPT::DEV && CTR::FR",same,8,11879,946,failure,200,626999953,3134999.765
covercrypt,hybridized,089a548,"SEC::LOW && DPT::MKG && CTR::FR","SEC::LOW && DPT::DEV && CTR::$",same,16,25231,946,failure,200,1343863971,6719319.855
covercrypt,hybridized,089a548,"SEC::LOW && DPT::MKG && CTR::FR","SEC::LOW && DPT::MKG",different,16,25231,946,success,200,837249842,4186249.210
covercrypt,hybridized,089a548,"SEC::LOW && DPT::MKG && CTR::FR","SEC::LOW && DPT::MKG && CTR::EN",same,8,11879,946,failure,200,664200988,3321004.940
covercrypt,hybridized,089a548,"SEC::LOW && DPT::MKG && CTR::FR","SEC::LOW && DPT::MKG && CTR::FR",same,8,11879,946,success,200,422132325,2110661.625
covercrypt,hybridized,089a548,"SEC::LOW && DPT::MKG && CTR::FR","SEC::LOW && DPT::MKG && CTR::$",same,16,25231,946,success,200,785466202,3927331.010
covercrypt,hybridized,089a548,"SEC::LOW && DPT::MKG && CTR::FR","SEC::LOW && DPT::$",different,32,51939,946,success,200,1402296858,7011484.290
covercrypt,hybridized,089a548,"SEC::LOW && DPT::MKG && CTR::FR","SEC::LOW && DPT::$ && CTR::EN",same,16,25231,946,failure,200,1189970189,5949850.945
covercrypt,hybridized,089a548,"SEC::LOW && DPT::MKG && CTR::FR","SEC::LOW && DPT::$ && CTR::FR",same,16,25231,946,success,200,798415180,3992075.900
covercrypt,hybridized,089a548,"SEC::LOW && DPT::MKG && CTR::FR","SEC::LOW && DPT::$ && CTR::$",same,32,51939,946,success,200,1429159573,7145797.865
covercrypt,hybridized,089a548,"SEC::LOW && DPT::MKG && CTR::FR","SEC::MED",different,48,78651,946,success,200,2189058322,10945291.610
covercrypt,hybridized,089a548,"SEC::LOW && DPT::MKG && CTR::FR","SEC::MED && CTR::EN",different,24,38585,946,failure,200,1866519035,9332595.175
covercrypt,hybridized,089a548,"SEC::LOW && DPT::MKG && CTR::FR","SEC::MED && CTR::FR",different,24,38585,946,success,200,1016028326,5080141.630
covercrypt,hybridized,089a548,"SEC::LOW && DPT::MKG && CTR::FR","SEC::MED && CTR::$",different,48,78651,946,success,200,1797747782,8988738.910
covercrypt,hybridized,089a548,"SEC::LOW && DPT::MKG && CTR::FR","SEC::MED && DPT::DEV",different,24,38585,946,failure,200,1722892340,8614461.700
covercrypt,hybridized,089a548,"SEC::LOW && DPT::MKG && CTR::FR","SEC::MED && DPT::DEV && CTR::EN",same,12,18555,946,failure,200,906006865,4530034.325
covercrypt,hybridized,089a548,"SEC::LOW && DPT::MKG && CTR::FR","SEC::MED && DPT::DEV && CTR::FR",same,12,18555,946,failure,200,887025655,4435128.275
covercrypt,hybridized,089a548,"SEC::LOW && DPT::MKG && CTR::FR","SEC::MED && DPT::DEV && CTR::$",same,24,38585,946,failure,200,1919497004,9597485.020
covercrypt,hybridized,089a548,"SEC::LOW && DPT::MKG && CTR::FR","SEC::MED && DPT::MKG",different,24,38585,946,success,200,1042809036,5214045.180
covercrypt,hybridized,089a548,"SEC::LOW && DPT::MKG && CTR::FR","SEC::MED && DPT::MKG && CTR::EN",same,12,18555,946,failure,200,888145834,4440729.170
covercrypt,hybridized,089a548,"SEC::LOW && DPT::MKG && CTR::FR","SEC::MED && DPT::MKG && CTR::FR",same,12,18555,946,success,200,627180857,3135904.285
covercrypt,hybridized,089a548,"SEC::LOW && DPT::MKG && CTR::FR","SEC::MED && DPT::MKG && CTR::$",same,24,38585,946,success,200,972664447,4863322.235
covercrypt,hybridized,089a548,"SEC::LOW && DPT::MKG && CTR::FR","SEC::MED && DPT::$",different,48,78651,946,success,200,1936978324,9684891.620
covercrypt,hybridized,089a548,"SEC::LOW && DPT::MKG && CTR::FR","SEC::MED && DPT::$ && CTR::EN",same,24,38585,946,failure,200,1849131784,9245658.920
covercrypt,hybridized,089a548,"SEC::LOW && DPT::MKG && CTR::FR","SEC::MED && DPT::$ && CTR::FR",same,24,38585,946,success,200,1065377377,5326886.885
covercrypt,hybridized,089a548,"SEC::LOW && DPT::MKG && CTR::FR","SEC::MED && DPT::$ && CTR::$",same,48,78651,946,success,200,2040320900,10201604.500
covercrypt,hybridized,089a548,"SEC::LOW && DPT::MKG && CTR::FR","SEC::HIG",different,64,105363,946,success,200,2607437998,13037189.990
covercrypt,hybridized,089a548,"SEC::LOW && DPT::MKG && CTR::FR","SEC::HIG && CTR::EN",different,32,51939,946,failure,200,2403576968,12017884.840
covercrypt,hybridized,089a548,"SEC::LOW && DPT::MKG && CTR::FR","SEC::HIG && CTR::FR",different,32,51939,946,success,200,1410926739,7054633.695
covercrypt,hybridized,089a548,"SEC::LOW && DPT::MKG && CTR::FR","SEC::HIG && CTR::$",different,64,105363,946,success,200,2604916546,13024582.730
covercrypt,hybridized,089a548,"SEC::LOW && DPT::MKG && CTR::FR","SEC::HIG && DPT::DEV",different,32,51939,946,failure,200,2453826997,12269134.985
covercrypt,hybridized,089a548,"SEC::LOW && DPT::MKG && CTR::FR","SEC::HIG && DPT::DEV && CTR::EN",same,16,25231,946,failure,200,1214433468,6072167.340
covercrypt,hybridized,089a548,"SEC::LOW && DPT::MKG && CTR::FR","SEC::HIG && DPT::DEV && CTR::FR",same,16,25231,946,failure,200,1170357189,5851785.945
covercrypt,hybridized,089a548,"SEC::LOW && DPT::MKG && CTR::FR","SEC::HIG && DPT::DEV && CTR::$",same,32,51939,946,failure,200,2407835086,12039175.430
covercrypt,hybridized,089a548,"SEC::LOW && DPT::MKG && CTR::FR","SEC::HIG && DPT::MKG",different,32,51939,946,success,200,1261192593,6305962.965
covercrypt,hybridized,089a548,"SEC::LOW && DPT::MKG && CTR::FR","SEC::HIG && DPT::MKG && CTR::EN",same,16,25231,946,failure,200,1217622763,6088113.815
covercrypt,hybridized,089a548,"SEC::LOW && DPT::MKG && CTR::FR","SEC::HIG && DPT::MKG && CTR::FR",same,16,25231,946,success,200,783309247,3916546.235
covercrypt,hybridized,089a548,"SEC::LOW && DPT::MKG && CTR::FR","SEC::HIG && DPT::MKG && CTR::$",same,32,51939,946,success,200,1500408590,7502042.950
covercrypt,hybridized,089a548,"SEC::LOW && DPT::MKG && CTR::FR","SEC::HIG && DPT::$",different,64,105363,946,success,200,2438868035,12194340.175
covercrypt,hybridized,089a548,"SEC::LOW && DPT::MKG && CTR::FR","SEC::HIG && DPT::$ && CTR::EN",same,32,51939,946,failure,200,2409533448,12047667.240
covercrypt,hybridized,089a548,"SEC::LOW && DPT::MKG && CTR::FR","SEC::HIG && DPT::$ && CTR::FR",same,32,51939,946,success,200,1351071138,6755355.690
covercrypt,hybridized,089a548,"SEC::LOW && DPT::MKG && CTR::FR","SEC::HIG && DPT::$ && CTR::$",same,64,105363,946,success,200,2369219692,11846098.460
covercrypt,hybridized,089a548,"SEC::LOW && DPT::MKG && CTR::FR","SEC::$",different,80,132075,946,success,200,3094737561,15473687.805
covercrypt,hybridized,089a548,"SEC::LOW && DPT::MKG && CTR::FR","SEC::$ && CTR::EN",different,40,65293,946,failure,200,2936175886,14680879.430
covercrypt,hybridized,089a548,"SEC::LOW && DPT::MKG && CTR::FR","SEC::$ && CTR::FR",different,40,65293,946,success,200,1727141724,8635708.620
covercrypt,hybridized,089a548,"SEC::LOW && DPT::MKG && CTR::FR","SEC::$ && CTR::$",different,80,132075,946,success,200,3744207799,18721038.995
covercrypt,hybridized,089a548,"SEC::LOW && DPT::MKG && CTR::FR","SEC::$ && DPT::DEV",different,40,65293,946,failure,200,2978300150,14891500.750
covercrypt,hybridized,089a548,"SEC::LOW && DPT::MKG && CTR::FR","SEC::$ && DPT::DEV && CTR::EN",same,20,31907,946,failure,200,1415015410,7075077.050
covercrypt,hybridized,089a548,"SEC::LOW && DPT::MKG && CTR::FR","SEC::$ && DPT::DEV && CTR::FR",same,20,31907,946,failure,200,1505484300,7527421.500
covercrypt,hybridized,089a548,"SEC::LOW && DPT::MKG && CTR::FR","SEC::$ && DPT::DEV && CTR::$",same,40,65293,946,failure,200,3045308718,15226543.590
covercrypt,hybridized,089a548,"SEC::LOW && DPT::MKG && CTR::FR","SEC::$ && DPT::MKG",different,40,65293,946,success,200,1793397471,8966987.355
covercrypt,hybridized,089a548,"SEC::LOW && DPT::MKG && CTR::FR","SEC::$ && DPT::MKG && CTR::EN",same,20,31907,946,failure,200,1500538896,7502694.480
covercrypt,hybridized,089a548,"SEC::LOW && DPT::MKG && CTR::FR","SEC::$ && DPT::MKG && CTR::FR",same,20,31907,946,success,200,783683627,3918418.135
covercrypt,hybridized,089a548,"SEC::LOW && DPT::MKG && CTR::FR","SEC::$ && DPT::MKG && CTR::$",same,40,65293,946,success,200,1448235325,7241176.625
covercrypt,hybridized,089a548,"SEC::LOW && DPT::MKG && CTR::FR","SEC::$ && DPT::$",different,80,132075,946,success,200,2842099442,14210497.210
covercrypt,hybridized,089a548,"SEC::LOW && DPT::MKG && CTR::FR","SEC::$ && DPT::$ && CTR::EN",same,40,65293,946,failure,200,2893456703,14467283.515
covercrypt,hybridized,089a548,"SEC::LOW && DPT::MKG && CTR::FR","SEC::$ && DPT::$ && CTR::FR",same,40,65293,946,success,200,1570740518,7853702.590
covercrypt,hybridized,089a548,"SEC::LOW && DPT::MKG && CTR::FR","SEC::$ && DPT::$ && CTR::$",same,80,132075,946,success,200,3107983627,15539918.135
covercrypt,hybridized,089a548,"SEC::MED && CTR::FR","CTR::EN",different,40,65293,946,failure,200,3032654303,15163271.515
covercrypt,hybridized,089a548,"SEC::MED && CTR::FR","CTR::FR",different,40,65293,946,success,200,1826731058,9133655.290
covercrypt,hybridized,089a548,"SEC::MED && CTR::FR","CTR::$",different,80,132075,946,success,200,2932271523,14661357.615
covercrypt,hybridized,089a548,"SEC::MED && CTR::FR","DPT::DEV",different,40,65293,946,success,200,1883606187,9418030.935
covercrypt,hybridized,089a548,"SEC::MED && CTR::FR","DPT::DEV && CTR::EN",different,20,31907,946,failure,200,1406144900,7030724.500
covercrypt,hybridized,089a548,"SEC::MED && CTR::FR","DPT::DEV && CTR::FR",different,20,31907,946,success,200,837840267,4189201.335
covercrypt,hybridized,089a548,"SEC::MED && CTR::FR","DPT::DEV && CTR::$",different,40,65293,946,success,200,1602611473,8013057.365
covercrypt,hybridized,089a548,"SEC::MED && CTR::FR","DPT::MKG",different,40,65293,946,success,200,1775409496,8877047.480
covercrypt,hybridized,089a548,"SEC::MED && CTR::FR","DPT::MKG && CTR::EN",different,20,31907,946,failure,200,1639185479,8195927.395
covercrypt,hybridized,089a548,"SEC::MED && CTR::FR","DPT::MKG && CTR::FR",different,20,31907,946,success,200,925018249,4625091.245
covercrypt,hybridized,089a548,"SEC::MED && CTR::FR","DPT::MKG && CTR::$",different,40,65293,946,success,200,1623656491,8118282.455
covercrypt,hybridized,089a548,"SEC::MED && CTR::FR","DPT::$",different,80,132075,946,success,200,3408490926,17042454.630
covercrypt,hybridized,089a548,"SEC::MED && CTR::FR","DPT::$ && CTR::EN",different,40,65293,946,failure,200,3655817904,18279089.520
covercrypt,hybridized,089a548,"SEC::MED && CTR::FR","DPT::$ && CTR::FR",different,40,65293,946,success,200,1760882706,8804413.530
covercrypt,hybridized,089a548,"SEC::MED && CTR::FR","DPT::$ && CTR::$",different,80,132075,946,success,200,2917608060,14588040.300
covercrypt,hybridized,089a548,"SEC::MED && CTR::FR","SEC::LOW",different,32,51939,946,failure,200,2497740957,12488704.785
covercrypt,hybridized,089a548,"SEC::MED && CTR::FR","SEC::LOW && CTR::EN",different,16,25231,946,failure,200,1224348738,6121743.690
covercrypt,hybridized,089a548,"SEC::MED && CTR::FR","SEC::LOW && CTR::FR",different,16,25231,946,failure,200,1157510489,5787552.445
covercrypt,hybridized,089a548,"SEC::MED && CTR::FR","SEC::LOW && CTR::$",different,32,51939,946,failure,200,2487677353,12438386.765
covercrypt,hybridized,089a548,"SEC::MED && CTR::FR","SEC::LOW && DPT::DEV",different,16,25231,946,failure,200,1367444317,6837221.585
covercrypt,hybridized,089a548,"SEC::MED && CTR::FR","SEC::LOW && DPT::DEV && CTR::EN",same,8,11879,946,failure,200,572204087,2861020.435
covercrypt,hybridized,089a548,"SEC::MED && CTR::FR","SEC::LOW && DPT::DEV && CTR::FR",same,8,11879,946,failure,200,597972667,2989863.335
covercrypt,hybridized,089a548,"SEC::MED && CTR::FR","SEC::LOW && DPT::DEV && CTR::$",same,16,25231,946,failure,200,1215004118,6075020.590
covercrypt,hybridized,089a548,"SEC::MED && CTR::FR","SEC::LOW && DPT::MKG",different,16,25231,946,failure,200,1197078504,5985392.520
covercrypt,hybridized,089a548,"SEC::MED && CTR::FR","SEC::LOW && DPT::MKG && CTR::EN",same,8,11879,946,failure,200,585204127,2926020.635
covercrypt,hybridized,089a548,"SEC::MED && CTR::FR","SEC::LOW && DPT::MKG && CTR::FR",same,8,11879,946,failure,200,601102775,3005513.875
covercrypt,hybridized,089a548,"SEC::MED && CTR::FR","SEC::LOW && DPT::MKG && CTR::$",same,16,25231,946,failure,200,1213573105,6067865.525
covercrypt,hybridized,089a548,"SEC::MED && CTR::FR","SEC::LOW && DPT::$",different,32,51939,946,failure,200,2502186774,12510933.870
covercrypt,hybridized,089a548,"SEC::MED && CTR::FR","SEC::LOW && DPT::$ && CTR::EN",same,16,25231,946,failure,200,1224948496,6124742.480
covercrypt,hybridized,089a548,"SEC::MED && CTR::FR","SEC::LOW && DPT::$ && CTR::FR",same,16,25231,946,failure,200,1237223468,6186117.340
covercrypt,hybridized,089a548,"SEC::MED && CTR::FR","SEC::LOW && DPT::$ && CTR::$",same,32,51939,946,failure,200,2492932919,12464664.595
covercrypt,hybridized,089a548,"SEC::MED && CTR::FR","SEC::MED",different,48,78651,946,success,200,1943693178,9718465.890
covercrypt,hybridized,089a548,"SEC::MED && CTR::FR","SEC::MED && CTR::EN",different,24,38585,946,failure,200,1931852035,9659260.175
covercrypt,hybridized,089a548,"SEC::MED && CTR::FR","SEC::MED && CTR::FR",different,24,38585,946,success,200,1040705171,5203525.855
covercrypt,hybridized,089a548,"SEC::MED && CTR::FR","SEC::MED && CTR::$",different,48,78651,946,success,200,1964430240,9822151.200
covercrypt,hybridized,089a548,"SEC::MED && CTR::FR","SEC::MED && DPT::DEV",different,24,38585,946,success,200,979718611,4898593.055
covercrypt,hybridized,089a548,"SEC::MED && CTR::FR","SEC::MED && DPT::DEV && CTR::EN",same,12,18555,946,failure,200,907872167,4539360.835
covercrypt,hybridized,089a548,"SEC::MED && CTR::FR","SEC::MED && DPT::DEV && CTR::FR",same,12,18555,946,success,200,561068506,2805342.530
covercrypt,hybridized,089a548,"SEC::MED && CTR::FR","SEC::MED && DPT::DEV && CTR::$",same,24,38585,946,success,200,1279798655,6398993.275
covercrypt,hybridized,089a548,"SEC::MED && CTR::FR","SEC::MED && DPT::MKG",different,24,38585,946,success,200,1384533300,6922666.500
covercrypt,hybridized,089a548,"SEC::MED && CTR::FR","SEC::MED && DPT::MKG && CTR::EN",same,12,18555,946,failure,200,918121159,4590605.795
covercrypt,hybridized,089a548,"SEC::MED && CTR::FR","SEC::MED && DPT::MKG && CTR::FR",same,12,18555,946,success,200,613350386,3066751.930
covercrypt,hybridized,089a548,"SEC::MED && CTR::FR","SEC::MED && DPT::MKG && CTR::$",same,24,38585,946,success,200,1010448888,5052244.440
covercrypt,hybridized,089a548,"SEC::MED && CTR::FR","SEC::MED && DPT::$",different,48,78651,946,success,200,1927078709,9635393.545
covercrypt,hybridized,089a548,"SEC::MED && CTR::FR","SEC::MED && DPT::$ && CTR::EN",same,24,38585,946,failure,200,1853462229,9267311.145
covercrypt,hybridized,089a548,"SEC::MED && CTR::FR","SEC::MED && DPT::$ && CTR::FR",same,24,38585,946,success,200,1040244961,5201224.805
covercrypt,hybridized,089a548,"SEC::MED && CTR::FR","SEC::MED && DPT::$ && CTR::$",same,48,78651,946,success,200,2127903395,10639516.975
covercrypt,hybridized,089a548,"SEC::MED && CTR::FR","SEC::HIG",different,64,105363,946,success,200,2638804594,13194022.970
covercrypt,hybridized,089a548,"SEC::MED && CTR::FR","SEC::HIG && CTR::EN",different,32,51939,946,failure,200,2618573406,13092867.030
covercrypt,hybridized,089a548,"SEC::MED && CTR::FR","SEC::HIG && CTR::FR",different,32,51939,946,success,200,1447327743,7236638.715
covercrypt,hybridized,089a548,"SEC::MED && CTR::FR","SEC::HIG && CTR::$",different,64,105363,946,success,200,2848403893,14242019.465
covercrypt,hybridized,089a548,"SEC::MED && CTR::FR","SEC::HIG && DPT::DEV",different,32,51939,946,success,200,1336040233,6680201.165
covercrypt,hybridized,089a548,"SEC::MED && CTR::FR","SEC::HIG && DPT::DEV && CTR::EN",same,16,25231,946,failure,200,1265662679,6328313.395
covercrypt,hybridized,089a548,"SEC::MED && CTR::FR","SEC::HIG && DPT::DEV && CTR::FR",same,16,25231,946,success,200,818195498,4090977.490
covercrypt,hybridized,089a548,"SEC::MED && CTR::FR","SEC::HIG && DPT::DEV && CTR::$",same,32,51939,946,success,200,1359847785,6799238.925
covercrypt,hybridized,089a548,"SEC::MED && CTR::FR","SEC::HIG && DPT::MKG",different,32,51939,946,success,200,1714760108,8573800.540
covercrypt,hybridized,089a548,"SEC::MED && CTR::FR","SEC::HIG && DPT::MKG && CTR::EN",same,16,25231,946,failure,200,1388357286,6941786.430
covercrypt,hybridized,089a548,"SEC::MED && CTR::FR","SEC::HIG && DPT::MKG && CTR::FR",same,16,25231,946,success,200,773265784,3866328.920
covercrypt,hybridized,089a548,"SEC::MED && CTR::FR","SEC::HIG && DPT::MKG && CTR::$",same,32,51939,946,success,200,1245859394,6229296.970
covercrypt,hybridized,089a548,"SEC::MED && CTR::FR","SEC::HIG && DPT::$",different,64,105363,946,success,200,2401989568,12009947.840
covercrypt,hybridized,089a548,"SEC::MED && CTR::FR","SEC::HIG && DPT::$ && CTR::EN",same,32,51939,946,failure,200,2896860877,14484304.385
covercrypt,hybridized,089a548,"SEC::MED && CTR::FR","SEC::HIG && DPT::$ && CTR::FR",same,32,51939,946,success,200,1822956022,9114780.110
covercrypt,hybridized,089a548,"SEC::MED && CTR::FR","SEC::HIG && DPT::$ && CTR::$",same,64,105363,946,success,200,2704941184,13524705.920
covercrypt,hybridized,089a548,"SEC::MED && CTR::FR","SEC::$",different,80,132075,946,success,200,3649838391,18249191.955
covercrypt,hybridized,089a548,"SEC::MED && CTR::FR","SEC::$ && CTR::EN",different,40,65293,946,failure,200,3660045174,18300225.870
covercrypt,hybridized,089a548,"SEC::MED && CTR::FR","SEC::$ && CTR::FR",different,40,65293,946,success,200,2109568163,10547840.815
covercrypt,hybridized,089a548,"SEC::MED && CTR::FR","SEC::$ && CTR::$",different,80,132075,946,success,200,3903647513,19518237.565
covercrypt,hybridized,089a548,"SEC::MED && CTR::FR","SEC::$ && DPT::DEV",different,40,65293,946,success,200,3323002105,16615010.525
covercrypt,hybridized,089a548,"SEC::MED && CTR::FR","SEC::$ && DPT::DEV && CTR::EN",same,20,31907,946,failure,200,2583649943,12918249.715
covercrypt,hybridized,089a548,"SEC::MED && CTR::FR","SEC::$ && DPT::DEV && CTR::FR",same,20,31907,946,success,200,1054691301,5273456.505
covercrypt,hybridized,089a548,"SEC::MED && CTR::FR","SEC::$ && DPT::DEV && CTR::$",same,40,65293,946,success,200,2129365692,10646828.460
covercrypt,hybridized,089a548,"SEC::MED && CTR::FR","SEC::$ && DPT::MKG",different,40,65293,946,success,200,1728029253,8640146.265
covercrypt,hybridized,089a548,"SEC::MED && CTR::FR","SEC::$ && DPT::MKG && CTR::EN",same,20,31907,946,failure,200,1586180898,7930904.490
covercrypt,hybridized,089a548,"SEC::MED && CTR::FR","SEC::$ && DPT::MKG && CTR::FR",same,20,31907,946,success,200,1409701794,7048508.970
covercrypt,hybridized,089a548,"SEC::MED && CTR::FR","SEC::$ && DPT::MKG && CTR::$",same,40,65293,946,success,200,2475027872,12375139.360
covercrypt,hybridized,089a548,"SEC::MED && CTR::FR","SEC::$ && DPT::$",different,80,132075,946,success,200,4047369306,20236846.530
covercrypt,hybridized,089a548,"SEC::MED && CTR::FR","SEC::$ && DPT::$ && CTR::EN",same,40,65293,946,failure,200,3164106967,15820534.835
covercrypt,hybridized,089a548,"SEC::MED && CTR::FR","SEC::$ && DPT::$ && CTR::FR",same,40,65293,946,success,200,1745782672,8728913.360
covercrypt,hybridized,089a548,"SEC::MED && CTR::FR","SEC::$ && DPT::$ && CTR::$",same,80,132075,946,success,200,4000963043,20004815.215
covercrypt,hybridized,089a548,"SEC::MED && DPT::MKG && CTR::FR","CTR::EN",different,40,65293,946,failure,200,2987029395,14935146.975
covercrypt,hybridized,089a548,"SEC::MED && DPT::MKG && CTR::FR","CTR::FR",different,40,65293,946,success,200,1532971128,7664855.640
covercrypt,hybridized,089a548,"SEC::MED && DPT::MKG && CTR::FR","CTR::$",different,80,132075,946,success,200,3488001405,17440007.025
covercrypt,hybridized,089a548,"SEC::MED && DPT::MKG && CTR::FR","DPT::DEV",different,40,65293,946,failure,200,3127478441,15637392.205
covercrypt,hybridized,089a548,"SEC::MED && DPT::MKG && CTR::FR","DPT::DEV && CTR::EN",different,20,31907,946,failure,200,1557617848,7788089.240
covercrypt,hybridized,089a548,"SEC::MED && DPT::MKG && CTR::FR","DPT::DEV && CTR::FR",different,20,31907,946,failure,200,1968657901,9843289.505
covercrypt,hybridized,089a548,"SEC::MED && DPT::MKG && CTR::FR","DPT::DEV && CTR::$",different,40,65293,946,failure,200,3277813879,16389069.395
covercrypt,hybridized,089a548,"SEC::MED && DPT::MKG && CTR::FR","DPT::MKG",different,40,65293,946,success,200,2379480259,11897401.295
covercrypt,hybridized,089a548,"SEC::MED && DPT::MKG && CTR::FR","DPT::MKG && CTR::EN",different,20,31907,946,failure,200,2482823520,12414117.600
covercrypt,hybridized,089a548,"SEC::MED && DPT::MKG && CTR::FR","DPT::MKG && CTR::FR",different,20,31907,946,success,200,1534236452,7671182.260
covercrypt,hybridized,089a548,"SEC::MED && DPT::MKG && CTR::FR","DPT::MKG && CTR::$",different,40,65293,946,success,200,2576534935,12882674.675
covercrypt,hybridized,089a548,"SEC::MED && DPT::MKG && CTR::FR","DPT::$",different,80,132075,946,success,200,5406004076,27030020.380
covercrypt,hybridized,089a548,"SEC::MED && DPT::MKG && CTR::FR","DPT::$ && CTR::EN",different,40,65293,946,failure,200,3898403436,19492017.180
covercrypt,hybridized,089a548,"SEC::MED && DPT::MKG && CTR::FR","DPT::$ && CTR::FR",different,40,65293,946,success,200,2084939357,10424696.785
covercrypt,hybridized,089a548,"SEC::MED && DPT::MKG && CTR::FR","DPT::$ && CTR::$",different,80,132075,946,success,200,4532690159,22663450.795
covercrypt,hybridized,089a548,"SEC::MED && DPT::MKG && CTR::FR","SEC::LOW",different,32,51939,946,failure,200,3159807534,15799037.670
covercrypt,hybridized,089a548,"SEC::MED && DPT::MKG && CTR::FR","SEC::LOW && CTR::EN",different,16,25231,946,failure,200,1341237617,6706188.085
covercrypt,hybridized,089a548,"SEC::MED && DPT::MKG && CTR::FR","SEC::LOW && CTR::FR",different,16,25231,946,failure,200,1474239326,7371196.630
covercrypt,hybridized,089a548,"SEC::MED && DPT::MKG && CTR::FR","SEC::LOW && CTR::$",different,32,51939,946,failure,200,3481380151,17406900.755
covercrypt,hybridized,089a548,"SEC::MED && DPT::MKG && CTR::FR","SEC::LOW && DPT::DEV",different,16,25231,946,failure,200,1556601463,7783007.315
covercrypt,hybridized,089a548,"SEC::MED && DPT::MKG && CTR::FR","SEC::LOW && DPT::DEV && CTR::EN",same,8,11879,946,failure,200,831136341,4155681.705
covercrypt,hybridized,089a548,"SEC::MED && DPT::MKG && CTR::FR","SEC::LOW && DPT::DEV && CTR::FR",same,8,11879,946,failure,200,735824316,3679121.580
covercrypt,hybridized,089a548,"SEC::MED && DPT::MKG && CTR::FR","SEC::LOW && DPT::DEV && CTR::$",same,16,25231,946,failure,200,1704771521,8523857.605
covercrypt,hybridized,089a548,"SEC::MED && DPT::MKG && CTR::FR","SEC::LOW && DPT::MKG",different,16,25231,946,failure,200,1762777487,8813887.435
covercrypt,hybridized,089a548,"SEC::MED && DPT::MKG && CTR::FR","SEC::LOW && DPT::MKG && CTR::EN",same,8,11879,946,failure,200,853062276,4265311.380
covercrypt,hybridized,089a548,"SEC::MED && DPT::MKG && CTR::FR","SEC::LOW && DPT::MKG && CTR::FR",same,8,11879,946,failure,200,944746949,4723734.745
covercrypt,hybridized,089a548,"SEC::MED && DPT::MKG && CTR::FR","SEC::LOW && DPT::MKG && CTR::$",same,16,25231,946,failure,200,1552391808,7761959.040
covercrypt,hybridized,089a548,"SEC::MED && DPT::MKG && CTR::FR","SEC::LOW && DPT::$",different,32,51939,946,failure,200,2992307757,14961538.785
covercrypt,hybridized,089a548,"SEC::MED && DPT::MKG && CTR::FR","SEC::LOW && DPT::$ && CTR::EN",same,16,25231,946,failure,200,1578139441,7890697.205
covercrypt,hybridized,089a548,"SEC::MED && DPT::MKG && CTR::FR","SEC::LOW && DPT::$ && CTR::FR",same,16,25231,946,failure,200,1653188727,8265943.635
covercrypt,hybridized,089a548,"SEC::MED && DPT::MKG && CTR::FR","SEC::LOW && DPT::$ && CTR::$",same,32,51939,946,failure,200,3508349172,17541745.860
covercrypt,hybridized,089a548,"SEC::MED && DPT::MKG && CTR::FR","SEC::MED",different,48,78651,946,success,200,2546744758,12733723.790
covercrypt,hybridized,089a548,"SEC::MED && DPT::MKG && CTR::FR","SEC::MED && CTR::EN",different,24,38585,946,failure,200,2608863547,13044317.735
covercrypt,hybridized,089a548,"SEC::MED && DPT::MKG && CTR::FR","SEC::MED && CTR::FR",different,24,38585,946,success,200,1693183672,8465918.360
covercrypt,hybridized,089a548,"SEC::MED && DPT::MKG && CTR::FR","SEC::MED && CTR::$",different,48,78651,946,success,200,3311045619,16555228.095
covercrypt,hybridized,089a548,"SEC::MED && DPT::MKG && CTR::FR","SEC::MED && DPT::DEV",different,24,38585,946,failure,200,2588197606,12940988.030
covercrypt,hybridized,089a548,"SEC::MED && DPT::MKG && CTR::FR","SEC::MED && DPT::DEV && CTR::EN",same,12,18555,946,failure,200,1563019955,7815099.775
covercrypt,hybridized,089a548,"SEC::MED && DPT::MKG && CTR::FR","SEC::MED && DPT::DEV && CTR::FR",same,12,18555,946,failure,200,1636611705,8183058.525
covercrypt,hybridized,089a548,"SEC::MED && DPT::MKG && CTR::FR","SEC::MED && DPT::DEV && CTR::$",same,24,38585,946,failure,200,2448141580,12240707.900
covercrypt,hybridized,089a548,"SEC::MED && DPT::MKG && CTR::FR","SEC::MED && DPT::MKG",different,24,38585,946,success,200,1561106263,7805531.315
covercrypt,hybridized,089a548,"SEC::MED && DPT::MKG && CTR::FR","SEC::MED && DPT::MKG && CTR::EN",same,12,18555,946,failure,200,1387189704,6935948.520
covercrypt,hybridized,089a548,"SEC::MED && DPT::MKG && CTR::FR","SEC::MED && DPT::MKG && CTR::FR",same,12,18555,946,success,200,863288515,4316442.575
covercrypt,hybridized,089a548,"SEC::MED && DPT::MKG && CTR::FR","SEC::MED && DPT::MKG && CTR::$",same,24,38585,946,success,200,1711489138,8557445.690
covercrypt,hybridized,089a548,"SEC::MED && DPT::MKG && CTR::FR","SEC::MED && DPT::$",different,48,78651,946,success,200,2781495202,13907476.010
covercrypt,hybridized,089a548,"SEC::MED && DPT::MKG && CTR::FR","SEC::MED && DPT::$ && CTR::EN",same,24,38585,946,failure,200,2882636570,14413182.850
covercrypt,hybridized,089a548,"SEC::MED && DPT::MKG && CTR::FR","SEC::MED && DPT::$ && CTR::FR",same,24,38585,946,success,200,1576737836,7883689.180
covercrypt,hybridized,089a548,"SEC::MED && DPT::MKG && CTR::FR","SEC::MED && DPT::$ && CTR::$",same,48,78651,946,success,200,2947562867,14737814.335
covercrypt,hybridized,089a548,"SEC::MED && DPT::MKG && CTR::FR","SEC::HIG",different,64,105363,946,success,200,3939522646,19697613.230
covercrypt,hybridized,089a548,"SEC::MED && DPT::MKG && CTR::FR","SEC::HIG && CTR::EN",different,32,51939,946,failure,200,3996670165,19983350.825
covercrypt,hybridized,089a548,"SEC::MED && DPT::MKG && CTR::FR","SEC::HIG && CTR::FR",different,32,51939,946,success,200,2309807794,11549038.970
covercrypt,hybridized,089a548,"SEC::MED && DPT::MKG && CTR::FR","SEC::HIG && CTR::$",different,64,105363,946,success,200,4275925111,21379625.555
covercrypt,hybridized,089a548,"SEC::MED && DPT::MKG && CTR::FR","SEC::HIG && DPT::DEV",different,32,51939,946,failure,200,3983996240,19919981.200
covercrypt,hybridized,089a548,"SEC::MED && DPT::MKG && CTR::FR","SEC::HIG && DPT::DEV && CTR::EN",same,16,25231,946,failure,200,1714011363,8570056.815
covercrypt,hybridized,089a548,"SEC::MED && DPT::MKG && CTR::FR","SEC::HIG && DPT::DEV && CTR::FR",same,16,25231,946,failure,200,1884415625,9422078.125
covercrypt,hybridized,089a548,"SEC::MED && DPT::MKG && CTR::FR","SEC::HIG && DPT::DEV && CTR::$",same,32,51939,946,failure,200,4018832473,20094162.365
covercrypt,hybridized,089a548,"SEC::MED && DPT::MKG && CTR::FR","SEC::HIG && DPT::MKG",different,32,51939,946,success,200,2311430763,11557153.815
covercrypt,hybridized,089a548,"SEC::MED && DPT::MKG && CTR::FR","SEC::HIG && DPT::MKG && CTR::EN",same,16,25231,946,failure,200,1773149349,8865746.745
covercrypt,hybridized,089a548,"SEC::MED && DPT::MKG && CTR::FR","SEC::HIG && DPT::MKG && CTR::FR",same,16,25231,946,success,200,996129584,4980647.920
covercrypt,hybridized,089a548,"SEC::MED && DPT::MKG && CTR::FR","SEC::HIG && DPT::MKG && CTR::$",same,32,51939,946,success,200,2028081911,10140409.555
covercrypt,hybridized,089a548,"SEC::MED && DPT::MKG && CTR::FR","SEC::HIG && DPT::$",different,64,105363,946,success,200,5078927595,25394637.975
covercrypt,hybridized,089a548,"SEC::MED && DPT::MKG && CTR::FR","SEC::HIG && DPT::$ && CTR::EN",same,32,51939,946,failure,200,4629216065,23146080.325
covercrypt,hybridized,089a548,"SEC::MED && DPT::MKG && CTR::FR","SEC::HIG && DPT::$ && CTR::FR",same,32,51939,946,success,200,2277022144,11385110.720
covercrypt,hybridized,089a548,"SEC::MED && DPT::MKG && CTR::FR","SEC::HIG && DPT::$ && CTR::$",same,64,105363,946,success,200,3529611904,17648059.520
covercrypt,hybridized,089a548,"SEC::MED && DPT::MKG && CTR::FR","SEC::$",different,80,132075,946,success,200,5359891722,26799458.610
covercrypt,hybridized,089a548,"SEC::MED && DPT::MKG && CTR::FR","SEC::$ && CTR::EN",different,40,65293,946,failure,200,4306779684,21533898.420
covercrypt,hybridized,089a548,"SEC::MED && DPT::MKG && CTR::FR","SEC::$ && CTR::FR",different,40,65293,946,success,200,2441155265,12205776.325
covercrypt,hybridized,089a548,"SEC::MED && DPT::MKG && CTR::FR","SEC::$ && CTR::$",different,80,132075,946,success,200,4464486017,22322430.085
covercrypt,hybridized,089a548,"SEC::MED && DPT::MKG && CTR::FR","SEC::$ && DPT::DEV",different,40,65293,946,failure,200,3889112636,19445563.180
covercrypt,hybridized,089a548,"SEC::MED && DPT::MKG && CTR::FR","SEC::$ && DPT::DEV && CTR::EN",same,20,31907,946,failure,200,2100713713,10503568.565
covercrypt,hybridized,089a548,"SEC::MED && DPT::MKG && CTR::FR","SEC::$ && DPT::DEV && CTR::FR",same,20,31907,946,failure,200,2024973455,10124867.275
covercrypt,hybridized,089a548,"SEC::MED && DPT::MKG && CTR::FR","SEC::$ && DPT::DEV && CTR::$",same,40,65293,946,failure,200,3802318880,19011594.400
covercrypt,hybridized,089a548,"SEC::MED && DPT::MKG && CTR::FR","SEC::$ && DPT::MKG",different,40,65293,946,success,200,1825777417,9128887.085
covercrypt,hybridized,089a548,"SEC::MED && DPT::MKG && CTR::FR","SEC::$ && DPT::MKG && CTR::EN",same,20,31907,946,failure,200,1716432672,8582163.360
covercrypt,hybridized,089a548,"SEC::MED && DPT::MKG && CTR::FR","SEC::$ && DPT::MKG && CTR::FR",same,20,31907,946,success,200,982669350,4913346.750
covercrypt,hybridized,089a548,"SEC::MED && DPT::MKG && CTR::FR","SEC::$ && DPT::MKG && CTR::$",same,40,65293,946,success,200,2074546824,10372734.120
covercrypt,hybridized,089a548,"SEC::MED && DPT::MKG && CTR::FR","SEC::$ && DPT::$",different,80,132075,946,success,200,3870818053,19354090.265
covercrypt,hybridized,089a548,"SEC::MED && DPT::MKG && CTR::FR","SEC::$ && DPT::$ && CTR::EN",same,40,65293,946,failure,200,4146914308,20734571.540
covercrypt,hybridized,089a548,"SEC::MED && DPT::MKG && CTR::FR","SEC::$ && DPT::$ && CTR::FR",same,40,65293,946,success,200,3233365044,16166825.220
covercrypt,hybridized,089a548,"SEC::MED && DPT::MKG && CTR::FR","SEC::$ && DPT::$ && CTR::$",same,80,132075,946,success,200,3731295685,18656478.425
covercrypt,hybridized,089a548,"SEC::HIG && CTR::FR","CTR::EN",different,40,65293,946,failure,200,3885508385,19427541.925
covercrypt,hybridized,089a548,"SEC::HIG && CTR::FR","CTR::FR",different,40,65293,946,success,200,2174228421,10871142.105
covercrypt,hybridized,089a548,"SEC::HIG && CTR::FR","CTR::$",different,80,132075,946,success,200,4389149930,21945749.650
covercrypt,hybridized,089a548,"SEC::HIG && CTR::FR","DPT::DEV",different,40,65293,946,success,200,2240205632,11201028.160
covercrypt,hybridized,089a548,"SEC::HIG && CTR::FR","DPT::DEV && CTR::EN",different,20,31907,946,failure,200,1848237902,9241189.510
covercrypt,hybridized,089a548,"SEC::HIG && CTR::FR","DPT::DEV && CTR::FR",different,20,31907,946,success,200,1290166603,6450833.015
covercrypt,hybridized,089a548,"SEC::HIG && CTR::FR","DPT::DEV && CTR::$",different,40,65293,946,success,200,2093753602,10468768.010
covercrypt,hybridized,089a548,"SEC::HIG && CTR::FR","DPT::MKG",different,40,65293,946,success,200,2069642927,10348214.635
covercrypt,hybridized,089a548,"SEC::HIG && CTR::FR","DPT::MKG && CTR::EN",different,20,31907,946,failure,200,1860689884,9303449.420
covercrypt,hybridized,089a548,"SEC::HIG && CTR::FR","DPT::MKG && CTR::FR",different,20,31907,946,success,200,1110687145,5553435.725
covercrypt,hybridized,089a548,"SEC::HIG && CTR::FR","DPT::MKG && CTR::$",different,40,65293,946,success,200,2370358426,11851792.130
covercrypt,hybridized,089a548,"SEC::HIG && CTR::FR","DPT::$",different,80,132075,946,success,200,3867206673,19336033.365
covercrypt,hybridized,089a548,"SEC::HIG && CTR::FR","DPT::$ && CTR::EN",different,40,65293,946,failure,200,3939046460,19695232.300
covercrypt,hybridized,089a548,"SEC::HIG && CTR::FR","DPT::$ && CTR::FR",different,40,65293,946,success,200,1854103564,9270517.820
covercrypt,hybridized,089a548,"SEC::HIG && CTR::FR","DPT::$ && CTR::$",different,80,132075,946,success,200,4404440472,22022202.360
covercrypt,hybridized,089a548,"SEC::HIG && CTR::FR","SEC::LOW",different,32,51939,946,failure,200,3293822102,16469110.510
covercrypt,hybridized,089a548,"SEC::HIG && CTR::FR","SEC::LOW && CTR::EN",different,16,25231,946,failure,200,1411998065,7059990.325
covercrypt,hybridized,089a548,"SEC::HIG && CTR::FR","SEC::LOW && CTR::FR",different,16,25231,946,failure,200,1433067709,7165338.545
covercrypt,hybridized,089a548,"SEC::HIG && CTR::FR","SEC::LOW && CTR::$",different,32,51939,946,failure,200,2670150317,13350751.585
covercrypt,hybridized,089a548,"SEC::HIG && CTR::FR","SEC::LOW && DPT::DEV",different,16,25231,946,failure,200,1894080486,9470402.430
covercrypt,hybridized,089a548,"SEC::HIG && CTR::FR","SEC::LOW && DPT::DEV && CTR::EN",same,8,11879,946,failure,200,999330442,4996652.210
covercrypt,hybridized,089a548,"SEC::HIG && CTR::FR","SEC::LOW && DPT::DEV && CTR::FR",same,8,11879,946,failure,200,1007850098,5039250.490
covercrypt,hybridized,089a548,"SEC::HIG && CTR::FR","SEC::LOW && DPT::DEV && CTR::$",same,16,25231,946,failure,200,1351827874,6759139.370
covercrypt,hybridized,089a548,"SEC::HIG && CTR::FR","SEC::LOW && DPT::MKG",different,16,25231,946,failure,200,1305268129,6526340.645
covercrypt,hybridized,089a548,"SEC::HIG && CTR::FR","SEC::LOW && DPT::MKG && CTR::EN",same,8,11879,946,failure,200,693800333,3469001.665
covercrypt,hybridized,089a548,"SEC::HIG && CTR::FR","SEC::LOW && DPT::MKG && CTR::FR",same,8,11879,946,failure,200,642085462,3210427.310
covercrypt,hybridized,089a548,"SEC::HIG && CTR::FR","SEC::LOW && DPT::MKG && CTR::$",same,16,25231,946,failure,200,1238450122,6192250.610
covercrypt,hybridized,089a548,"SEC::HIG && CTR::FR","SEC::LOW && DPT::$",different,32,51939,946,failure,200,2544873940,12724369.700
covercrypt,hybridized,089a548,"SEC::HIG && CTR::FR","SEC::LOW && DPT::$ && CTR::EN",same,16,25231,946,failure,200,1209642710,6048213.550
covercrypt,hybridized,089a548,"SEC::HIG && CTR::FR","SEC::LOW && DPT::$ && CTR::FR",same,16,25231,946,failure,200,1212086132,6060430.660
covercrypt,hybridized,089a548,"SEC::HIG && CTR::FR","SEC::LOW && DPT::$ && CTR::$",same,32,51939,946,failure,200,2394550299,11972751.495
covercrypt,hybridized,089a548,"SEC::HIG && CTR::FR","SEC::MED",different,48,78651,946,failure,200,3934638726,19673193.630
covercrypt,hybridized,089a548,"SEC::HIG && CTR::FR","SEC::MED && CTR::EN",different,24,38585,946,failure,200,1935379902,9676899.510
covercrypt,hybridized,089a548,"SEC::HIG && CTR::FR","SEC::MED && CTR::FR",different,24,38585,946,failure,200,1779435936,8897179.680
covercrypt,hybridized,089a548,"SEC::HIG && CTR::FR","SEC::MED && CTR::$",different,48,78651,946,failure,200,4020406363,20102031.815
covercrypt,hybridized,089a548,"SEC::HIG && CTR::FR","SEC::MED && DPT::DEV",different,24,38585,946,failure,200,1715447137,8577235.685
covercrypt,hybridized,089a548,"SEC::HIG && CTR::FR","SEC::MED && DPT::DEV && CTR::EN",same,12,18555,946,failure,200,867367403,4336837.015
covercrypt,hybridized,089a548,"SEC::HIG && CTR::FR","SEC::MED && DPT::DEV && CTR::FR",same,12,18555,946,failure,200,874461827,4372309.135
covercrypt,hybridized,089a548,"SEC::HIG && CTR::FR","SEC::MED && DPT::DEV && CTR::$",same,24,38585,946,failure,200,1779300734,8896503.670
covercrypt,hybridized,089a548,"SEC::HIG && CTR::FR","SEC::MED && DPT::MKG",different,24,38585,946,failure,200,1716161339,8580806.695
covercrypt,hybridized,089a548,"SEC::HIG && CTR::FR","SEC::MED && DPT::MKG && CTR::EN",same,12,18555,946,failure,200,903874205,4519371.025
covercrypt,hybridized,089a548,"SEC::HIG && CTR::FR","SEC::MED && DPT::MKG && CTR::FR",same,12,18555,946,failure,200,1163259455,5816297.275
covercrypt,hybridized,089a548,"SEC::HIG && CTR::FR","SEC::MED && DPT::MKG && CTR::$",same,24,38585,946,failure,200,1832506261,9162531.305
covercrypt,hybridized,089a548,"SEC::HIG && CTR::FR","SEC::MED && DPT::$",different,48,78651,946,failure,200,3595051175,17975255.875
covercrypt,hybridized,089a548,"SEC::HIG && CTR::FR","SEC::MED && DPT::$ && CTR::EN",same,24,38585,946,failure,200,2089024422,10445122.110
covercrypt,hybridized,089a548,"SEC::HIG && CTR::FR","SEC::MED && DPT::$ && CTR::FR",same,24,38585,946,failure,200,2516187550,12580937.750
covercrypt,hybridized,089a548,"SEC::HIG && CTR::FR","SEC::MED && DPT::$ && CTR::$",same,48,78651,946,failure,200,4866929764,24334648.820
covercrypt,hybridized,089a548,"SEC::HIG && CTR::FR","SEC::HIG",different,64,105363,946,success,200,2506075813,12530379.065
covercrypt,hybridized,089a548,"SEC::HIG && CTR::FR","SEC::HIG && CTR::EN",different,32,51939,946,failure,200,3184053792,15920268.960
covercrypt,hybridized,089a548,"SEC::HIG && CTR::FR","SEC::HIG && CTR::FR",different,32,51939,946,success,200,1765551936,8827759.680
covercrypt,hybridized,089a548,"SEC::HIG && CTR::FR","SEC::HIG && CTR::$",different,64,105363,946,success,200,2480104435,12400522.175
covercrypt,hybridized,089a548,"SEC::HIG && CTR::FR","SEC::HIG && DPT::DEV",different,32,51939,946,success,200,1467281552,7336407.760
covercrypt,hybridized,089a548,"SEC::HIG && CTR::FR","SEC::HIG && DPT::DEV && CTR::EN",same,16,25231,946,failure,200,1115480120,5577400.600
covercrypt,hybridized,089a548,"SEC::HIG && CTR::FR","SEC::HIG && DPT::DEV && CTR::FR",same,16,25231,946,success,200,844277916,4221389.580
covercrypt,hybridized,089a548,"SEC::HIG && CTR::FR","SEC::HIG && DPT::DEV && CTR::$",same,32,51939,946,success,200,1395890207,6979451.035
covercrypt,hybridized,089a548,"SEC::HIG && CTR::FR","SEC::HIG && DPT::MKG",different,32,51939,946,success,200,1427345880,7136729.400
covercrypt,hybridized,089a548,"SEC::HIG && CTR::FR","SEC::HIG && DPT::MKG && CTR::EN",same,16,25231,946,failure,200,1505105703,7525528.515
covercrypt,hybridized,089a548,"SEC::HIG && CTR::FR","SEC::HIG && DPT::MKG && CTR::FR",same,16,25231,946,success,200,824373532,4121867.660
covercrypt,hybridized,089a548,"SEC::HIG && CTR::FR","SEC::HIG && DPT::MKG && CTR::$",same,32,51939,946,success,200,1111703082,5558515.410
covercrypt,hybridized,089a548,"SEC::HIG && CTR::FR","SEC::HIG && DPT::$",different,64,105363,946,success,200,2608334805,13041674.025
covercrypt,hybridized,089a548,"SEC::HIG && CTR::FR","SEC::HIG && DPT::$ && CTR::EN",same,32,51939,946,failure,200,2671223660,13356118.300
covercrypt,hybridized,089a548,"SEC::HIG && CTR::FR","SEC::HIG && DPT::$ && CTR::FR",same,32,51939,946,success,200,1444901568,7224507.840
covercrypt,hybridized,089a548,"SEC::HIG && CTR::FR","SEC::HIG && DPT::$ && CTR::$",same,64,105363,946,success,200,2704321486,13521607.430
covercrypt,hybridized,089a548,"SEC::HIG && CTR::FR","SEC::$",different,80,132075,946,success,200,3486981306,17434906.530
covercrypt,hybridized,089a548,"SEC::HIG && CTR::FR","SEC::$ && CTR::EN",different,40,65293,946,failure,200,3512082654,17560413.270
covercrypt,hybridized,089a548,"SEC::HIG && CTR::FR","SEC::$ && CTR::FR",different,40,65293,946,success,200,1998697057,9993485.285
covercrypt,hybridized,089a548,"SEC::HIG && CTR::FR","SEC::$ && CTR::$",different,80,132075,946,success,200,3543176584,17715882.920
covercrypt,hybridized,089a548,"SEC::HIG && CTR::FR","SEC::$ && DPT::DEV",different,40,65293,946,success,200,2013663326,10068316.630
covercrypt,hybridized,089a548,"SEC::HIG && CTR::FR","SEC::$ && DPT::DEV && CTR::EN",same,20,31907,946,failure,200,1638339759,8191698.795
covercrypt,hybridized,089a548,"SEC::HIG && CTR::FR","SEC::$ && DPT::DEV && CTR::FR",same,20,31907,946,success,200,927687437,4638437.185
covercrypt,hybridized,089a548,"SEC::HIG && CTR::FR","SEC::$ && DPT::DEV && CTR::$",same,40,65293,946,success,200,1955453446,9777267.230
covercrypt,hybridized,089a548,"SEC::HIG && CTR::FR","SEC::$ && DPT::MKG",different,40,65293,946,success,200,1853630328,9268151.640
covercrypt,hybridized,089a548,"SEC::HIG && CTR::FR","SEC::$ && DPT::MKG && CTR::EN",same,20,31907,946,failure,200,1546418976,7732094.880
covercrypt,hybridized,089a548,"SEC::HIG && CTR::FR","SEC::$ && DPT::MKG && CTR::FR",same,20,31907,946,success,200,838506328,4192531.640
covercrypt,hybridized,089a548,"SEC::HIG && CTR::FR","SEC::$ && DPT::MKG && CTR::$",same,40,65293,946,success,200,1462853883,7314269.415
covercrypt,hybridized,089a548,"SEC::HIG && CTR::FR","SEC::$ && DPT::$",different,80,132075,946,success,200,3468339027,17341695.135
covercrypt,hybridized,089a548,"SEC::HIG && CTR::FR","SEC::$ && DPT::$ && CTR::EN",same,40,65293,946,failure,200,3830575406,19152877.030
covercrypt,hybridized,089a548,"SEC::HIG && CTR::FR","SEC::$ && DPT::$ && CTR::FR",same,40,65293,946,success,200,1746223165,8731115.825
covercrypt,hybridized,089a548,"SEC::HIG && CTR::FR","SEC::$ && DPT::$ && CTR::$",same,80,132075,946,success,200,3396456894,16982284.470
covercrypt,hybridized,089a548,"SEC::HIG && DPT::MKG && CTR::FR","CTR::EN",different,40,65293,946,failure,200,3218772738,16093863.690
covercrypt,hybridized,089a548,"SEC::HIG && DPT::MKG && CTR::FR","CTR::FR",different,40,65293,946,success,200,2031352768,10156763.840
covercrypt,hybridized,089a548,"SEC::HIG && DPT::MKG && CTR::FR","CTR::$",different,80,132075,946,success,200,4671968274,23359841.370
covercrypt,hybridized,089a548,"SEC::HIG && DPT::MKG && CTR::FR","DPT::DEV",different,40,65293,946,failure,200,3931707971,19658539.855
covercrypt,hybridized,089a548,"SEC::HIG && DPT::MKG && CTR::FR","DPT::DEV && CTR::EN",different,20,31907,946,failure,200,1979510904,9897554.520
covercrypt,hybridized,089a548,"SEC::HIG && DPT::MKG && CTR::FR","DPT::DEV && CTR::FR",different,20,31907,946,failure,200,1993856856,9969284.280
covercrypt,hybridized,089a548,"SEC::HIG && DPT::MKG && CTR::FR","DPT::DEV && CTR::$",different,40,65293,946,failure,200,4085783719,20428918.595
covercrypt,hybridized,089a548,"SEC::HIG && DPT::MKG && CTR::FR","DPT::MKG",different,40,65293,946,success,200,2120917937,10604589.685
covercrypt,hybridized,089a548,"SEC::HIG && DPT::MKG && CTR::FR","DPT::MKG && CTR::EN",different,20,31907,946,failure,200,1947915134,9739575.670
covercrypt,hybridized,089a548,"SEC::HIG && DPT::MKG && CTR::FR","DPT::MKG && CTR::FR",different,20,31907,946,success,200,1232570642,6162853.210
covercrypt,hybridized,089a548,"SEC::HIG && DPT::MKG && CTR::FR","DPT::MKG && CTR::$",different,40,65293,946,success,200,2087285395,10436426.975
covercrypt,hybridized,089a548,"SEC::HIG && DPT::MKG && CTR::FR","DPT::$",different,80,132075,946,success,200,3793746029,18968730.145
covercrypt,hybridized,089a548,"SEC::HIG && DPT::MKG && CTR::FR","DPT::$ && CTR::EN",different,40,65293,946,failure,200,3661095205,18305476.025
covercrypt,hybridized,089a548,"SEC::HIG && DPT::MKG && CTR::FR","DPT::$ && CTR::FR",different,40,65293,946,success,200,1800636701,9003183.505
covercrypt,hybridized,089a548,"SEC::HIG && DPT::MKG && CTR::FR","DPT::$ && CTR::$",different,80,132075,946,success,200,5407414296,27037071.480
covercrypt,hybridized,089a548,"SEC::HIG && DPT::MKG && CTR::FR","SEC::LOW",different,32,51939,946,failure,200,3439175191,17195875.955
covercrypt,hybridized,089a548,"SEC::HIG && DPT::MKG && CTR::FR","SEC::LOW && CTR::EN",different,16,25231,946,failure,200,1790643315,8953216.575
covercrypt,hybridized,089a548,"SEC::HIG && DPT::MKG && CTR::FR","SEC::LOW && CTR::FR",different,16,25231,946,failure,200,1922953821,9614769.105
covercrypt,hybridized,089a548,"SEC::HIG && DPT::MKG && CTR::FR","SEC::LOW && CTR::$",different,32,51939,946,failure,200,3553697076,17768485.380
covercrypt,hybridized,089a548,"SEC::HIG && DPT::MKG && CTR::FR","SEC::LOW && DPT::DEV",different,16,25231,946,failure,200,1589188022,7945940.110
covercrypt,hybridized,089a548,"SEC::HIG && DPT::MKG && CTR::FR","SEC::LOW && DPT::DEV && CTR::EN",same,8,11879,946,failure,200,888103061,4440515.305
covercrypt,hybridized,089a548,"SEC::HIG && DPT::MKG && CTR::FR","SEC::LOW && DPT::DEV && CTR::FR",same,8,11879,946,failure,200,890085828,4450429.140
covercrypt,hybridized,089a548,"SEC::HIG && DPT::MKG && CTR::FR","SEC::LOW && DPT::DEV && CTR::$",same,16,25231,946,failure,200,1450630438,7253152.190
covercrypt,hybridized,089a548,"SEC::HIG && DPT::MKG && CTR::FR","SEC::LOW && DPT::MKG",different,16,25231,946,failure,200,1691922309,8459611.545
covercrypt,hybridized,089a548,"SEC::HIG && DPT::MKG && CTR::FR","SEC::LOW && DPT::MKG && CTR::EN",same,8,11879,946,failure,200,747782716,3738913.580
covercrypt,hybridized,089a548,"SEC::HIG && DPT::MKG && CTR::FR","SEC::LOW && DPT::MKG && CTR::FR",same,8,11879,946,failure,200,949767167,4748835.835
covercrypt,hybridized,089a548,"SEC::HIG && DPT::MKG && CTR::FR","SEC::LOW && DPT::MKG && CTR::$",same,16,25231,946,failure,200,1535919503,7679597.515
covercrypt,hybridized,089a548,"SEC::HIG && DPT::MKG && CTR::FR","SEC::LOW && DPT::$",different,32,51939,946,failure,200,3083388166,15416940.830
covercrypt,hybridized,089a548,"SEC::HIG && DPT::MKG && CTR::FR","SEC::LOW && DPT::$ && CTR::EN",same,16,25231,946,failure,200,1991158731,9955793.655
covercrypt,hybridized,089a548,"SEC::HIG && DPT::MKG && CTR::FR","SEC::LOW && DPT::$ && CTR::FR",same,16,25231,946,failure,200,1452134900,7260674.500
covercrypt,hybridized,089a548,"SEC::HIG && DPT::MKG && CTR::FR","SEC::LOW && DPT::$ && CTR::$",same,32,51939,946,failure,200,2895805915,14479029.575
covercrypt,hybridized,089a548,"SEC::HIG && DPT::MKG && CTR::FR","SEC::MED",different,48,78651,946,failure,200,4339209924,21696049.620
covercrypt,hybridized,089a548,"SEC::HIG && DPT::MKG && CTR::FR","SEC::MED && CTR::EN",different,24,38585,946,failure,200,2251523434,11257617.170
covercrypt,hybridized,089a548,"SEC::HIG && DPT::MKG && CTR::FR","SEC::MED && CTR::FR",different,24,38585,946,failure,200,2377324079,11886620.395
covercrypt,hybridized,089a548,"SEC::HIG && DPT::MKG && CTR::FR","SEC::MED && CTR::$",different,48,78651,946,failure,200,4669160881,23345804.405
covercrypt,hybridized,089a548,"SEC::HIG && DPT::MKG && CTR::FR","SEC::MED && DPT::DEV",different,24,38585,946,failure,200,2371173657,11855868.285
covercrypt,hybridized,089a548,"SEC::HIG && DPT::MKG && CTR::FR","SEC::MED && DPT::DEV && CTR::EN",same,12,18555,946,failure,200,1099970651,5499853.255
covercrypt,hybridized,089a548,"SEC::HIG && DPT::MKG && CTR::FR","SEC::MED && DPT::DEV && CTR::FR",same,12,18555,946,failure,200,1042088785,5210443.925
covercrypt,hybridized,089a548,"SEC::HIG && DPT::MKG && CTR::FR","SEC::MED && DPT::DEV && CTR::$",same,24,38585,946,failure,200,2352216341,11761081.705
covercrypt,hybridized,089a548,"SEC::HIG && DPT::MKG && CTR::FR","SEC::MED && DPT::MKG",different,24,38585,946,failure,200,2306168107,11530840.535
covercrypt,hybridized,089a548,"SEC::HIG && DPT::MKG && CTR::FR","SEC::MED && DPT::MKG && CTR::EN",same,12,18555,946,failure,200,1182264779,5911323.895
covercrypt,hybridized,089a548,"SEC::HIG && DPT::MKG && CTR::FR","SEC::MED && DPT::MKG && CTR::FR",same,12,18555,946,failure,200,1279453533,6397267.665
covercrypt,hybridized,089a548,"SEC::HIG && DPT::MKG && CTR::FR","SEC::MED && DPT::MKG && CTR::$",same,24,38585,946,failure,200,2691384132,13456920.660
covercrypt,hybridized,089a548,"SEC::HIG && DPT::MKG && CTR::FR","SEC::MED && DPT::$",different,48,78651,946,failure,200,6633374669,33166873.345
covercrypt,hybridized,089a548,"SEC::HIG && DPT::MKG && CTR::FR","SEC::MED && DPT::$ && CTR::EN",same,24,38585,946,failure,200,2400215674,12001078.370
covercrypt,hybridized,089a548,"SEC::HIG && DPT::MKG && CTR::FR","SEC::MED && DPT::$ && CTR::FR",same,24,38585,946,failure,200,2636301939,13181509.695
covercrypt,hybridized,089a548,"SEC::HIG && DPT::MKG && CTR::FR","SEC::MED && DPT::$ && CTR::$",same,48,78651,946,failure,200,4359550751,21797753.755
covercrypt,hybridized,089a548,"SEC::HIG && DPT::MKG && CTR::FR","SEC::HIG",different,64,105363,946,success,200,3071879422,15359397.110
covercrypt,hybridized,089a548,"SEC::HIG && DPT::MKG && CTR::FR","SEC::HIG && CTR::EN",different,32,51939,946,failure,200,2928734253,14643671.265
covercrypt,hybridized,089a548,"SEC::HIG && DPT::MKG && CTR::FR","SEC::HIG && CTR::FR",different,32,51939,946,success,200,1777857654,8889288.270
covercrypt,hybridized,089a548,"SEC::HIG && DPT::MKG && CTR::FR","SEC::HIG && CTR::$",different,64,105363,946,success,200,3805677484,19028387.420
covercrypt,hybridized,089a548,"SEC::HIG && DPT::MKG && CTR::FR","SEC::HIG && DPT::DEV",different,32,51939,946,failure,200,3236882622,16184413.110
covercrypt,hybridized,089a548,"SEC::HIG && DPT::MKG && CTR::FR","SEC::HIG && DPT::DEV && CTR::EN",same,16,25231,946,failure,200,1389084434,6945422.170
covercrypt,hybridized,089a548,"SEC::HIG && DPT::MKG && CTR::FR","SEC::HIG && DPT::DEV && CTR::FR",same,16,25231,946,failure,200,1624662754,8123313.770
covercrypt,hybridized,089a548,"SEC::HIG && DPT::MKG && CTR::FR","SEC::HIG && DPT::DEV && CTR::$",same,32,51939,946,failure,200,2889036216,14445181.080
covercrypt,hybridized,089a548,"SEC::HIG && DPT::MKG && CTR::FR","SEC::HIG && DPT::MKG",different,32,51939,946,success,200,1936622078,9683110.390
covercrypt,hybridized,089a548,"SEC::HIG && DPT::MKG && CTR::FR","SEC::HIG && DPT::MKG && CTR::EN",same,16,25231,946,failure,200,1506392322,7531961.610
covercrypt,hybridized,089a548,"SEC::HIG && DPT::MKG && CTR::FR","SEC::HIG && DPT::MKG && CTR::FR",same,16,25231,946,success,200,1135326099,5676630.495
covercrypt,hybridized,089a548,"SEC::HIG && DPT::MKG && CTR::FR","SEC::HIG && DPT::MKG && CTR::$",same,32,51939,946,success,200,1640970297,8204851.485
covercrypt,hybridized,089a548,"SEC::HIG && DPT::MKG && CTR::FR","SEC::HIG && DPT::$",different,64,105363,946,success,200,4035065202,20175326.010
covercrypt,hybridized,089a548,"SEC::HIG && DPT::MKG && CTR::FR","SEC::HIG && DPT::$ && CTR::EN",same,32,51939,946,failure,200,2949075191,14745375.955
covercrypt,hybridized,089a548,"SEC::HIG && DPT::MKG && CTR::FR","SEC::HIG && DPT::$ && CTR::FR",same,32,51939,946,success,200,1701634740,8508173.700
covercrypt,hybridized,089a548,"SEC::HIG && DPT::MKG && CTR::FR","SEC::HIG && DPT::$ && CTR::$",same,64,105363,946,success,200,3495899068,17479495.340
covercrypt,hybridized,089a548,"SEC::HIG && DPT::MKG && CTR::FR","SEC::$",different,80,132075,946,success,200,3804356395,19021781.975
covercrypt,hybridized,089a548,"SEC::HIG && DPT::MKG && CTR::FR","SEC::$ && CTR::EN",different,40,65293,946,failure,200,3944969963,19724849.815
covercrypt,hybridized,089a548,"SEC::HIG && DPT::MKG && CTR::FR","SEC::$ && CTR::FR",different,40,65293,946,success,200,1784306504,8921532.520
covercrypt,hybridized,089a548,"SEC::HIG && DPT::MKG && CTR::FR","SEC::$ && CTR::$",different,80,132075,946,success,200,4786967828,23934839.140
covercrypt,hybridized,089a548,"SEC::HIG && DPT::MKG && CTR::FR","SEC::$ && DPT::DEV",different,40,65293,946,failure,200,4446790835,22233954.175
covercrypt,hybridized,089a548,"SEC::HIG && DPT::MKG && CTR::FR","SEC::$ && DPT::DEV && CTR::EN",same,20,31907,946,failure,200,1900090183,9500450.915
covercrypt,hybridized,089a548,"SEC::HIG && DPT::MKG && CTR::FR","SEC::$ && DPT::DEV && CTR::FR",same,20,31907,946,failure,200,1802981180,9014905.900
covercrypt,hybridized,089a548,"SEC::HIG && DPT::MKG && CTR::FR","SEC::$ && DPT::DEV && CTR::$",same,40,65293,946,failure,200,3528801811,17644009.055
covercrypt,hybridized,089a548,"SEC::HIG && DPT::MKG && CTR::FR","SEC::$ && DPT::MKG",different,40,65293,946,success,200,1927865413,9639327.065
covercrypt,hybridized,089a548,"SEC::HIG && DPT::MKG && CTR::FR","SEC::$ && DPT::MKG && CTR::EN",same,20,31907,946,failure,200,1991520050,9957600.250
covercrypt,hybridized,089a548,"SEC::HIG && DPT::MKG && CTR::FR","SEC::$ && DPT::MKG && CTR::FR",same,20,31907,946,success,200,1009747884,5048739.420
covercrypt,hybridized,089a548,"SEC::HIG && DPT::MKG && CTR::FR","SEC::$ && DPT::MKG && CTR::$",same,40,65293,946,success,200,1912989283,9564946.415
covercrypt,hybridized,089a548,"SEC::HIG && DPT::MKG && CTR::FR","SEC::$ && DPT::$",different,80,132075,946,success,200,3867456975,19337284.875
covercrypt,hybridized,089a548,"SEC::HIG && DPT::MKG && CTR::FR","SEC::$ && DPT::$ && CTR::EN",same,40,65293,946,failure,200,3320515247,16602576.235
covercrypt,hybridized,089a548,"SEC::HIG && DPT::MKG && CTR::FR","SEC::$ && DPT::$ && CTR::FR",same,40,65293,946,success,200,1822526058,9112630.290
covercrypt,hybridized,089a548,"SEC::HIG && DPT::MKG && CTR::FR","SEC::$ && DPT::$ && CTR::$",same,80,132075,946,success,200,3547529025,17737645.125
covercrypt,hybridized,089a548,"SEC::$ && CTR::FR","CTR::EN",different,40,65293,946,failure,200,3499552905,17497764.525
covercrypt,hybridized,089a548,"SEC::$ && CTR::FR","CTR::FR",different,40,65293,946,success,200,1845472681,9227363.405
covercrypt,hybridized,089a548,"SEC::$ && CTR::FR","CTR::$",different,80,132075,946,success,200,3127635860,15638179.300
covercrypt,hybridized,089a548,"SEC::$ && CTR::FR","DPT::DEV",different,40,65293,946,success,200,1775343077,8876715.385
covercrypt,hybridized,089a548,"SEC::$ && CTR::FR","DPT::DEV && CTR::EN",different,20,31907,946,failure,200,1658063074,8290315.370
covercrypt,hybridized,089a548,"SEC::$ && CTR::FR","DPT::DEV && CTR::FR",different,20,31907,946,success,200,1019121168,5095605.840
covercrypt,hybridized,089a548,"SEC::$ && CTR::FR","DPT::DEV && CTR::$",different,40,65293,946,success,200,1857757899,9288789.495
covercrypt,hybridized,089a548,"SEC::$ && CTR::FR","DPT::MKG",different,40,65293,946,success,200,2577366375,12886831.875
covercrypt,hybridized,089a548,"SEC::$ && CTR::FR","DPT::MKG && CTR::EN",different,20,31907,946,failure,200,2781852677,13909263.385
covercrypt,hybridized,089a548,"SEC::$ && CTR::FR","DPT::MKG && CTR::FR",different,20,31907,946,success,200,1209754137,6048770.685
covercrypt,hybridized,089a548,"SEC::$ && CTR::FR","DPT::MKG && CTR::$",different,40,65293,946,success,200,2222568101,11112840.505
covercrypt,hybridized,089a548,"SEC::$ && CTR::FR","DPT::$",different,80,132075,946,success,200,4592828418,22964142.090
covercrypt,hybridized,089a548,"SEC::$ && CTR::FR","DPT::$ && CTR::EN",different,40,65293,946,failure,200,4158033763,20790168.815
covercrypt,hybridized,089a548,"SEC::$ && CTR::FR","DPT::$ && CTR::FR",different,40,65293,946,success,200,2226185447,11130927.235
covercrypt,hybridized,089a548,"SEC::$ && CTR::FR","DPT::$ && CTR::$",different,80,132075,946,success,200,3711585730,18557928.650
covercrypt,hybridized,089a548,"SEC::$ && CTR::FR","SEC::LOW",different,32,51939,946,failure,200,2843741386,14218706.930
covercrypt,hybridized,089a548,"SEC::$ && CTR::FR","SEC::LOW && CTR::EN",different,16,25231,946,failure,200,1564454354,7822271.770
covercrypt,hybridized,089a548,"SEC::$ && CTR::FR","SEC::LOW && CTR::FR",different,16,25231,946,failure,200,1463074860,7315374.300
covercrypt,hybridized,089a548,"SEC::$ && CTR::FR","SEC::LOW && CTR::$",different,32,51939,946,failure,200,3076540525,15382702.625
covercrypt,hybridized,089a548,"SEC::$ && CTR::FR","SEC::LOW && DPT::DEV",different,16,25231,946,failure,200,1648986116,8244930.580
covercrypt,hybridized,089a548,"SEC::$ && CTR::FR","SEC::LOW && DPT::DEV && CTR::EN",same,8,11879,946,failure,200,1124805717,5624028.585
covercrypt,hybridized,089a548,"SEC::$ && CTR::FR","SEC::LOW && DPT::DEV && CTR::FR",same,8,11879,946,failure,200,1027304659,5136523.295
covercrypt,hybridized,089a548,"SEC::$ && CTR::FR","SEC::LOW && DPT::DEV && CTR::$",same,16,25231,946,failure,200,2071850136,10359250.680
covercrypt,hybridized,089a548,"SEC::$ && CTR::FR","SEC::LOW && DPT::MKG",different,16,25231,946,failure,200,1915568380,9577841.900
covercrypt,hybridized,089a548,"SEC::$ && CTR::FR","SEC::LOW && DPT::MKG && CTR::EN",same,8,11879,946,failure,200,770703269,3853516.345
covercrypt,hybridized,089a548,"SEC::$ && CTR::FR","SEC::LOW && DPT::MKG && CTR::FR",same,8,11879,946,failure,200,836743179,4183715.895
covercrypt,hybridized,089a548,"SEC::$ && CTR::FR","SEC::LOW && DPT::MKG && CTR::$",same,16,25231,946,failure,200,1339536200,6697681.000
covercrypt,hybridized,089a548,"SEC::$ && CTR::FR","SEC::LOW && DPT::$",different,32,51939,946,failure,200,2732671995,13663359.975
covercrypt,hybridized,089a548,"SEC::$ && CTR::FR","SEC::LOW && DPT::$ && CTR::EN",same,16,25231,946,failure,200,1630407048,8152035.240
covercrypt,hybridized,089a548,"SEC::$ && CTR::FR","SEC::LOW && DPT::$ && CTR::FR",same,16,25231,946,failure,200,1655988581,8279942.905
covercrypt,hybridized,089a548,"SEC::$ && CTR::FR","SEC::LOW && DPT::$ && CTR::$",same,32,51939,946,failure,200,3137652190,15688260.950
covercrypt,hybridized,089a548,"SEC::$ && CTR::FR","SEC::MED",different,48,78651,946,failure,200,4268091658,21340458.290
covercrypt,hybridized,089a548,"SEC::$ && CTR::FR","SEC::MED && CTR::EN",different,24,38585,946,failure,200,2841373446,14206867.230
covercrypt,hybridized,089a548,"SEC::$ && CTR::FR","SEC::MED && CTR::FR",different,24,38585,946,failure,200,2451042824,12255214.120
covercrypt,hybridized,089a548,"SEC::$ && CTR::FR","SEC::MED && CTR::$",different,48,78651,946,failure,200,4516040544,22580202.720
covercrypt,hybridized,089a548,"SEC::$ && CTR::FR","SEC::MED && DPT::DEV",different,24,38585,946,failure,200,2483740455,12418702.275
covercrypt,hybridized,089a548,"SEC::$ && CTR::FR","SEC::MED && DPT::DEV && CTR::EN",same,12,18555,946,failure,200,1199824083,5999120.415
covercrypt,hybridized,089a548,"SEC::$ && CTR::FR","SEC::MED && DPT::DEV && CTR::FR",same,12,18555,946,failure,200,1350990436,6754952.180
covercrypt,hybridized,089a548,"SEC::$ && CTR::FR","SEC::MED && DPT::DEV && CTR::$",same,24,38585,946,failure,200,2459080203,12295401.015
covercrypt,hybridized,089a548,"SEC::$ && CTR::FR","SEC::MED && DPT::MKG",different,24,38585,946,failure,200,2533404649,12667023.245
covercrypt,hybridized,089a548,"SEC::$ && CTR::FR","SEC::MED && DPT::MKG && CTR::EN",same,12,18555,946,failure,200,1241075012,6205375.060
covercrypt,hybridized,089a548,"SEC::$ && CTR::FR","SEC::MED && DPT::MKG && CTR::FR",same,12,18555,946,failure,200,1522932583,7614662.915
covercrypt,hybridized,089a548,"SEC::$ && CTR::FR","SEC::MED && DPT::MKG && CTR::$",same,24,38585,946,failure,200,2508191121,12540955.605
covercrypt,hybridized,089a548,"SEC::$ && CTR::FR","SEC::MED && DPT::$",different,48,78651,946,failure,200,4944888199,24724440.995
covercrypt,hybridized,089a548,"SEC::$ && CTR::FR","SEC::MED && DPT::$ && CTR::EN",same,24,38585,946,failure,200,2740116581,13700582.905
covercrypt,hybridized,089a548,"SEC::$ && CTR::FR","SEC::MED && DPT::$ && CTR::FR",same,24,38585,946,failure,200,2849228451,14246142.255
covercrypt,hybridized,089a548,"SEC::$ && CTR::FR","SEC::MED && DPT::$ && CTR::$",same,48,78651,946,failure,200,5553243346,27766216.730
covercrypt,hybridized,089a548,"SEC::$ && CTR::FR","SEC::HIG",different,64,105363,946,failure,200,8454911916,42274559.580
covercrypt,hybridized,089a548,"SEC::$ && CTR::FR","SEC::HIG && CTR::EN",different,32,51939,946,failure,200,4303253669,21516268.345
covercrypt,hybridized,089a548,"SEC::$ && CTR::FR","SEC::HIG && CTR::FR",different,32,51939,946,failure,200,4524212414,22621062.070
covercrypt,hybridized,089a548,"SEC::$ && CTR::FR","SEC::HIG && CTR::$",different,64,105363,946,failure,200,9112669160,45563345.800
covercrypt,hybridized,089a548,"SEC::$ && CTR::FR","SEC::HIG && DPT::DEV",different,32,51939,946,failure,200,3984148276,19920741.380
covercrypt,hybridized,089a548,"SEC::$ && CTR::FR","SEC::HIG && DPT::DEV && CTR::EN",same,16,25231,946,failure,200,2242868486,11214342.430
covercrypt,hybridized,089a548,"SEC::$ && CTR::FR","SEC::HIG && DPT::DEV && CTR::FR",same,16,25231,946,failure,200,2114428655,10572143.275
covercrypt,hybridized,089a548,"SEC::$ && CTR::FR","SEC::HIG && DPT::DEV && CTR::$",same,32,51939,946,failure,200,3175762060,15878810.300
covercrypt,hybridized,089a548,"SEC::$ && CTR::FR","SEC::HIG && DPT::MKG",different,32,51939,946,failure,200,3709750379,18548751.895
covercrypt,hybridized,089a548,"SEC::$ && CTR::FR","SEC::HIG && DPT::MKG && CTR::EN",same,16,25231,946,failure,200,1750619254,8753096.270
covercrypt,hybridized,089a548,"SEC::$ && CTR::FR","SEC::HIG && DPT::MKG && CTR::FR",same,16,25231,946,failure,200,2129398880,10646994.400
covercrypt,hybridized,089a548,"SEC::$ && CTR::FR","SEC::HIG && DPT::MKG && CTR::$",same,32,51939,946,failure,200,4148223514,20741117.570
covercrypt,hybridized,089a548,"SEC::$ && CTR::FR","SEC::HIG && DPT::$",different,64,105363,946,failure,200,8454547733,42272738.665
covercrypt,hybridized,089a548,"SEC::$ && CTR::FR","SEC::HIG && DPT::$ && CTR::EN",same,32,51939,946,failure,200,3817916306,19089581.530
covercrypt,hybridized,089a548,"SEC::$ && CTR::FR","SEC::HIG && DPT::$ && CTR::FR",same,32,51939,946,failure,200,3838759439,19193797.195
covercrypt,hybridized,089a548,"SEC::$ && CTR::FR","SEC::HIG && DPT::$ && CTR::$",same,64,105363,946,failure,200,6077227325,30386136.625
covercrypt,hybridized,089a548,"SEC::$ && CTR::FR","SEC::$",different,80,132075,946,success,200,4346348679,21731743.395
covercrypt,hybridized,089a548,"SEC::$ && CTR::FR","SEC::$ && CTR::EN",different,40,65293,946,failure,200,4145956843,20729784.215
covercrypt,hybridized,089a548,"SEC::$ && CTR::FR","SEC::$ && CTR::FR",different,40,65293,946,success,200,2180351700,10901758.500
covercrypt,hybridized,089a548,"SEC::$ && CTR::FR","SEC::$ && CTR::$",different,80,132075,946,success,200,4550939060,22754695.300
covercrypt,hybridized,089a548,"SEC::$ && CTR::FR","SEC::$ && DPT::DEV",different,40,65293,946,success,200,2411698417,12058492.085
covercrypt,hybridized,089a548,"SEC::$ && CTR::FR","SEC::$ && DPT::DEV && CTR::EN",same,20,31907,946,failure,200,2175365315,10876826.575
covercrypt,hybridized,089a548,"SEC::$ && CTR::FR","SEC::$ && DPT::DEV && CTR::FR",same,20,31907,946,success,200,1086617055,5433085.275
covercrypt,hybridized,089a548,"SEC::$ && CTR::FR","SEC::$ && DPT::DEV && CTR::$",same,40,65293,946,success,200,2490187210,12450936.050
covercrypt,hybridized,089a548,"SEC::$ && CTR::FR","SEC::$ && DPT::MKG",different,40,65293,946,success,200,2524760570,12623802.850
covercrypt,hybridized,089a548,"SEC::$ && CTR::FR","SEC::$ && DPT::MKG && CTR::EN",same,20,31907,946,failure,200,2283961284,11419806.420
covercrypt,hybridized,089a548,"SEC::$ && CTR::FR","SEC::$ && DPT::MKG && CTR::FR",same,20,31907,946,success,200,1412806826,7064034.130
covercrypt,hybridized,089a548,"SEC::$ && CTR::FR","SEC::$ && DPT::MKG && CTR::$",same,40,65293,946,success,200,2199109752,10995548.760
covercrypt,hybridized,089a548,"SEC::$ && CTR::FR","SEC::$ && DPT::$",different,80,132075,946,success,200,4464454576,22322272.880
covercrypt,hybridized,089a548,"SEC::$ && CTR::FR","SEC::$ && DPT::$ && CTR::EN",same,40,65293,946,failure,200,4221044935,21105224.675
covercrypt,hybridized,089a548,"SEC::$ && CTR::FR","SEC::$ && DPT::$ && CTR::FR",same,40,65293,946,success,200,2248121359,11240606.795
covercrypt,hybridized,089a548,"SEC::$ && CTR::FR","SEC::$ && DPT::$ && CTR::$",same,80,132075,946,success,200,3716291677,18581458.385
covercrypt,hybridized,089a548,"SEC::$ && DPT::MKG && CTR::FR","CTR::EN",different,40,65293,946,failure,200,3665816943,18329084.715
covercrypt,hybridized,089a548,"SEC::$ && DPT::MKG && CTR::FR","CTR::FR",different,40,65293,946,success,200,2047355899,10236779.495
covercrypt,hybridized,089a548,"SEC::$ && DPT::MKG && CTR::FR","CTR::$",different,80,132075,946,success,200,4040711049,20203555.245
covercrypt,hybridized,089a548,"SEC::$ && DPT::MKG && CTR::FR","DPT::DEV",different,40,65293,946,failure,200,3776931444,18884657.220
covercrypt,hybridized,089a548,"SEC::$ && DPT::MKG && CTR::FR","DPT::DEV && CTR::EN",different,20,31907,946,failure,200,1967760323,9838801.615
covercrypt,hybridized,089a548,"SEC::$ && DPT::MKG && CTR::FR","DPT::DEV && CTR::FR",different,20,31907,946,failure,200,1858329992,9291649.960
covercrypt,hybridized,089a548,"SEC::$ && DPT::MKG && CTR::FR","DPT::DEV && CTR::$",different,40,65293,946,failure,200,3440132073,17200660.365
covercrypt,hybridized,089a548,"SEC::$ && DPT::MKG && CTR::FR","DPT::MKG",different,40,65293,946,success,200,2003102612,10015513.060
covercrypt,hybridized,089a548,"SEC::$ && DPT::MKG && CTR::FR","DPT::MKG && CTR::EN",different,20,31907,946,failure,200,1810325822,9051629.110
covercrypt,hybridized,089a548,"SEC::$ && DPT::MKG && CTR::FR","DPT::MKG && CTR::FR",different,20,31907,946,success,200,1053658674,5268293.370
covercrypt,hybridized,089a548,"SEC::$ && DPT::MKG && CTR::FR","DPT::MKG && CTR::$",different,40,65293,946,success,200,1770993427,8854967.135
covercrypt,hybridized,089a548,"SEC::$ && DPT::MKG && CTR::FR","DPT::$",different,80,132075,946,success,200,3433987992,17169939.960
covercrypt,hybridized,089a548,"SEC::$ && DPT::MKG && CTR::FR","DPT::$ && CTR::EN",different,40,65293,946,failure,200,3725504087,18627520.435
covercrypt,hybridized,089a548,"SEC::$ && DPT::MKG && CTR::FR","DPT::$ && CTR::FR",different,40,65293,946,success,200,2082705572,10413527.860
covercrypt,hybridized,089a548,"SEC::$ && DPT::MKG && CTR::FR","DPT::$ && CTR::$",different,80,132075,946,success,200,3660489672,18302448.360
covercrypt,hybridized,089a548,"SEC::$ && DPT::MKG && CTR::FR","SEC::LOW",different,32,51939,946,failure,200,2681129407,13405647.035
covercrypt,hybridized,089a548,"SEC::$ && DPT::MKG && CTR::FR","SEC::LOW && CTR::EN",different,16,25231,946,failure,200,1371210299,6856051.495
covercrypt,hybridized,089a548,"SEC::$ && DPT::MKG && CTR::FR","SEC::LOW && CTR::FR",different,16,25231,946,failure,200,1661130350,8305651.750
covercrypt,hybridized,089a548,"SEC::$ && DPT::MKG && CTR::FR","SEC::LOW && CTR::$",different,32,51939,946,failure,200,3635266690,18176333.450
covercrypt,hybridized,089a548,"SEC::$ && DPT::MKG && CTR::FR","SEC::LOW && DPT::DEV",different,16,25231,946,failure,200,1481342868,7406714.340
covercrypt,hybridized,089a548,"SEC::$ && DPT::MKG && CTR::FR","SEC::LOW && DPT::DEV && CTR::EN",same,8,11879,946,failure,200,723312522,3616562.610
covercrypt,hybridized,089a548,"SEC::$ && DPT::MKG && CTR::FR","SEC::LOW && DPT::DEV && CTR::FR",same,8,11879,946,failure,200,831459939,4157299.695
covercrypt,hybridized,089a548,"SEC::$ && DPT::MKG && CTR::FR","SEC::LOW && DPT::DEV && CTR::$",same,16,25231,946,failure,200,1789894296,8949471.480
covercrypt,hybridized,089a548,"SEC::$ && DPT::MKG && CTR::FR","SEC::LOW && DPT::MKG",different,16,25231,946,failure,200,1370484662,6852423.310
covercrypt,hybridized,089a548,"SEC::$ && DPT::MKG && CTR::FR","SEC::LOW && DPT::MKG && CTR::EN",same,8,11879,946,failure,200,710247425,3551237.125
covercrypt,hybridized,089a548,"SEC::$ && DPT::MKG && CTR::FR","SEC::LOW && DPT::MKG && CTR::FR",same,8,11879,946,failure,200,759554960,3797774.800
covercrypt,hybridized,089a548,"SEC::$ && DPT::MKG && CTR::FR","SEC::LOW && DPT::MKG && CTR::$",same,16,25231,946,failure,200,1656865201,8284326.005
covercrypt,hybridized,089a548,"SEC::$ && DPT::MKG && CTR::FR","SEC::LOW && DPT::$",different,32,51939,946,failure,200,3468561961,17342809.805
covercrypt,hybridized,089a548,"SEC::$ && DPT::MKG && CTR::FR","SEC::LOW && DPT::$ && CTR::EN",same,16,25231,946,failure,200,1529132111,7645660.555
covercrypt,hybridized,089a548,"SEC::$ && DPT::MKG && CTR::FR","SEC::LOW && DPT::$ && CTR::FR",same,16,25231,946,failure,200,1568680069,7843400.345
covercrypt,hybridized,089a548,"SEC::$ && DPT::MKG && CTR::FR","SEC::LOW && DPT::$ && CTR::$",same,32,51939,946,failure,200,3964019197,19820095.985
covercrypt,hybridized,089a548,"SEC::$ && DPT::MKG && CTR::FR","SEC::MED",different,48,78651,946,failure,200,5417448802,27087244.010
covercrypt,hybridized,089a548,"SEC::$ && DPT::MKG && CTR::FR","SEC::MED && CTR::EN",different,24,38585,946,failure,200,2315241132,11576205.660
covercrypt,hybridized,089a548,"SEC::$ && DPT::MKG && CTR::FR","SEC::MED && CTR::FR",different,24,38585,946,failure,200,2331414405,11657072.025
covercrypt,hybridized,089a548,"SEC::$ && DPT::MKG && CTR::FR","SEC::MED && CTR::$",different,48,78651,946,failure,200,4345300677,21726503.385
covercrypt,hybridized,089a548,"SEC::$ && DPT::MKG && CTR::FR","SEC::MED && DPT::DEV",different,24,38585,946,failure,200,2434255394,12171276.970
covercrypt,hybridized,089a548,"SEC::$ && DPT::MKG && CTR::FR","SEC::MED && DPT::DEV && CTR::EN",same,12,18555,946,failure,200,1060189986,5300949.930
covercrypt,hybridized,089a548,"SEC::$ && DPT::MKG && CTR::FR","SEC::MED && DPT::DEV && CTR::FR",same,12,18555,946,failure,200,1221529814,6107649.070
covercrypt,hybridized,089a548,"SEC::$ && DPT::MKG && CTR::FR","SEC::MED && DPT::DEV && CTR::$",same,24,38585,946,failure,200,2266453419,11332267.095
covercrypt,hybridized,089a548,"SEC::$ && DPT::MKG && CTR::FR","SEC::MED && DPT::MKG",different,24,38585,946,failure,200,2296183399,11480916.995
covercrypt,hybridized,089a548,"SEC::$ && DPT::MKG && CTR::FR","SEC::MED && DPT::MKG && CTR::EN",same,12,18555,946,failure,200,1107390796,5536953.980
covercrypt,hybridized,089a548,"SEC::$ && DPT::MKG && CTR::FR","SEC::MED && DPT::MKG && CTR::FR",same,12,18555,946,failure,200,1034930242,5174651.210
covercrypt,hybridized,089a548,"SEC::$ && DPT::MKG && CTR::FR","SEC::MED && DPT::MKG && CTR::$",same,24,38585,946,failure,200,2207829119,11039145.595
covercrypt,hybridized,089a548,"SEC::$ && DPT::MKG && CTR::FR","SEC::MED && DPT::$",different,48,78651,946,failure,200,4639531069,23197655.345
covercrypt,hybridized,089a548,"SEC::$ && DPT::MKG && CTR::FR","SEC::MED && DPT::$ && CTR::EN",same,24,38585,946,failure,200,2224567541,11122837.705
covercrypt,hybridized,089a548,"SEC::$ && DPT::MKG && CTR::FR","SEC::MED && DPT::$ && CTR::FR",same,24,38585,946,failure,200,2345111601,11725558.005
covercrypt,hybridized,089a548,"SEC::$ && DPT::MKG && CTR::FR","SEC::MED && DPT::$ && CTR::$",same,48,78651,946,failure,200,4580232931,22901164.655
covercrypt,hybridized,089a548,"SEC::$ && DPT::MKG && CTR::FR","SEC::HIG",different,64,105363,946,failure,200,6241377623,31206888.115
covercrypt,hybridized,089a548,"SEC::$ && DPT::MKG && CTR::FR","SEC::HIG && CTR::EN",different,32,51939,946,failure,200,2737931540,13689657.700
covercrypt,hybridized,089a548,"SEC::$ && DPT::MKG && CTR::FR","SEC::HIG && CTR::FR",different,32,51939,946,failure,200,2970966568,14854832.840
covercrypt,hybridized,089a548,"SEC::$ && DPT::MKG && CTR::FR","SEC::HIG && CTR::$",different,64,105363,946,failure,200,5989302676,29946513.380
covercrypt,hybridized,089a548,"SEC::$ && DPT::MKG && CTR::FR","SEC::HIG && DPT::DEV",different,32,51939,946,failure,200,2835278823,14176394.115
covercrypt,hybridized,089a548,"SEC::$ && DPT::MKG && CTR::FR","SEC::HIG && DPT::DEV && CTR::EN",same,16,25231,946,failure,200,1508723802,7543619.010
covercrypt,hybridized,089a548,"SEC::$ && DPT::MKG && CTR::FR","SEC::HIG && DPT::DEV && CTR::FR",same,16,25231,946,failure,200,1384561450,6922807.250
covercrypt,hybridized,089a548,"SEC::$ && DPT::MKG && CTR::FR","SEC::HIG && DPT::DEV && CTR::$",same,32,51939,946,failure,200,3079591343,15397956.715
covercrypt,hybridized,089a548,"SEC::$ && DPT::MKG && CTR::FR","SEC::HIG && DPT::MKG",different,32,51939,946,failure,200,2837115126,14185575.630
covercrypt,hybridized,089a548,"SEC::$ && DPT::MKG && CTR::FR","SEC::HIG && DPT::MKG && CTR::EN",same,16,25231,946,failure,200,1415554745,7077773.725
covercrypt,hybridized,089a548,"SEC::$ && DPT::MKG && CTR::FR","SEC::HIG && DPT::MKG && CTR::FR",same,16,25231,946,failure,200,1370206065,6851030.325
covercrypt,hybridized,089a548,"SEC::$ && DPT::MKG && CTR::FR","SEC::HIG && DPT::MKG && CTR::$",same,32,51939,946,failure,200,2803048869,14015244.345
covercrypt,hybridized,089a548,"SEC::$ && DPT::MKG && CTR::FR","SEC::HIG && DPT::$",different,64,105363,946,failure,200,5697817232,28489086.160
covercrypt,hybridized,089a548,"SEC::$ && DPT::MKG && CTR::FR","SEC::HIG && DPT::$ && CTR::EN",same,32,51939,946,failure,200,2841200050,14206000.250
covercrypt,hybridized,089a548,"SEC::$ && DPT::MKG && CTR::FR","SEC::HIG && DPT::$ && CTR::FR",same,32,51939,946,failure,200,2820648297,14103241.485
covercrypt,hybridized,089a548,"SEC::$ && DPT::MKG && CTR::FR","SEC::HIG && DPT::$ && CTR::$",same,64,105363,946,failure,200,5989790844,29948954.220
covercrypt,hybridized,089a548,"SEC::$ && DPT::MKG && CTR::FR","SEC::$",different,80,132075,946,success,200,3753181821,18765909.105
covercrypt,hybridized,089a548,"SEC::$ && DPT::MKG && CTR::FR","SEC::$ && CTR::EN",different,40,65293,946,failure,200,3535771190,17678855.950
covercrypt,hybridized,089a548,"SEC::$ && DPT::MKG && CTR::FR","SEC::$ && CTR::FR",different,40,65293,946,success,200,1939473523,9697367.615
covercrypt,hybridized,089a548,"SEC::$ && DPT::MKG && CTR::FR","SEC::$ && CTR::$",different,80,132075,946,success,200,3739448119,18697240.595
covercrypt,hybridized,089a548,"SEC::$ && DPT::MKG && CTR::FR","SEC::$ && DPT::DEV",different,40,65293,946,failure,200,3746150323,18730751.615
covercrypt,hybridized,089a548,"SEC::$ && DPT::MKG && CTR::FR","SEC::$ && DPT::DEV && CTR::EN",same,20,31907,946,failure,200,2018583706,10092918.530
covercrypt,hybridized,089a548,"SEC::$ && DPT::MKG && CTR::FR","SEC::$ && DPT::DEV && CTR::FR",same,20,31907,946,failure,200,1745456924,8727284.620
covercrypt,hybridized,089a548,"SEC::$ && DPT::MKG && CTR::FR","SEC::$ && DPT::DEV && CTR::$",same,40,65293,946,failure,200,3329777922,16648889.610
covercrypt,hybridized,089a548,"SEC::$ && DPT::MKG && CTR::FR","SEC::$ && DPT::MKG",different,40,65293,946,success,200,1661545867,8307729.335
covercrypt,hybridized,089a548,"SEC::$ && DPT::MKG && CTR::FR","SEC::$ && DPT::MKG && CTR::EN",same,20,31907,946,failure,200,1635008373,8175041.865
covercrypt,hybridized,089a548,"SEC::$ && DPT::MKG && CTR::FR","SEC::$ && DPT::MKG && CTR::FR",same,20,31907,946,success,200,971102132,4855510.660
covercrypt,hybridized,089a548,"SEC::$ && DPT::MKG && CTR::FR","SEC::$ && DPT::MKG && CTR::$",same,40,65293,946,success,200,1618990291,8094951.455
covercrypt,hybridized,089a548,"SEC::$ && DPT::MKG && CTR::FR","SEC::$ && DPT::$",different,80,132075,946,success,200,3290442562,16452212.810
covercrypt,hybridized,089a548,"SEC::$ && DPT::MKG && CTR::FR","SEC::$ && DPT::$ && CTR::EN",same,40,65293,946,failure,200,3393332245,16966661.225
covercrypt,hybridized,089a548,"SEC::$ && DPT::MKG && CTR::FR","SEC::$ && DPT::$ && CTR::FR",same,40,65293,946,success,200,1593150842,7965754.210
covercrypt,hybridized,089a548,"SEC::$ && DPT::MKG && CTR::FR","SEC::$ && DPT::$ && CTR::$",same,80,132075,946,success,200,3348123043,16740615.215
covercrypt,hybridized,089a548,"CTR::$","CTR::EN",different,40,65293,946,failure,200,6565912376,32829561.880
covercrypt,hybridized,089a548,"CTR::$","CTR::FR",different,40,65293,946,failure,200,6887812311,34439061.555
covercrypt,hybridized,089a548,"CTR::$","CTR::$",different,80,132075,946,success,200,6066083218,30330416.090
covercrypt,hybridized,089a548,"CTR::$","DPT::DEV",different,40,65293,946,success,200,2751280224,13756401.120
covercrypt,hybridized,089a548,"CTR::$","DPT::DEV && CTR::EN",different,20,31907,946,failure,200,2204776000,11023880.000
covercrypt,hybridized,089a548,"CTR::$","DPT::DEV && CTR::FR",different,20,31907,946,failure,200,1969377606,9846888.030
covercrypt,hybridized,089a548,"CTR::$","DPT::DEV && CTR::$",different,40,65293,946,success,200,1999314088,9996570.440
covercrypt,hybridized,089a548,"CTR::$","DPT::MKG",different,40,65293,946,success,200,2167949574,10839747.870
covercrypt,hybridized,089a548,"CTR::$","DPT::MKG && CTR::EN",different,20,31907,946,failure,200,2061665461,10308327.305
covercrypt,hybridized,089a548,"CTR::$","DPT::MKG && CTR::FR",different,20,31907,946,failure,200,2830733368,14153666.840
covercrypt,hybridized,089a548,"CTR::$","DPT::MKG && CTR::$",different,40,65293,946,success,200,1822089192,9110445.960
covercrypt,hybridized,089a548,"CTR::$","DPT::$",different,80,132075,946,success,200,4066121166,20330605.830
covercrypt,hybridized,089a548,"CTR::$","DPT::$ && CTR::EN",different,40,65293,946,failure,200,3667654556,18338272.780
covercrypt,hybridized,089a548,"CTR::$","DPT::$ && CTR::FR",different,40,65293,946,failure,200,3558900118,17794500.590
covercrypt,hybridized,089a548,"CTR::$","DPT::$ && CTR::$",different,80,132075,946,success,200,3929604640,19648023.200
covercrypt,hybridized,089a548,"CTR::$","SEC::LOW",different,32,51939,946,success,200,1467723861,7338619.305
covercrypt,hybridized,089a548,"CTR::$","SEC::LOW && CTR::EN",different,16,25231,946,failure,200,1428213191,7141065.955
covercrypt,hybridized,089a548,"CTR::$","SEC::LOW && CTR::FR",different,16,25231,946,failure,200,1746627794,8733138.970
covercrypt,hybridized,089a548,"CTR::$","SEC::LOW && CTR::$",different,32,51939,946,success,200,1557394899,7786974.495
covercrypt,hybridized,089a548,"CTR::$","SEC::LOW && DPT::DEV",different,16,25231,946,success,200,846782465,4233912.325
covercrypt,hybridized,089a548,"CTR::$","SEC::LOW && DPT::DEV && CTR::EN",same,8,11879,946,failure,200,621107363,3105536.815
covercrypt,hybridized,089a548,"CTR::$","SEC::LOW && DPT::DEV && CTR::FR",same,8,11879,946,failure,200,668938841,3344694.205
covercrypt,hybridized,089a548,"CTR::$","SEC::LOW && DPT::DEV && CTR::$",same,16,25231,946,success,200,789670517,3948352.585
covercrypt,hybridized,089a548,"CTR::$","SEC::LOW && DPT::MKG",different,16,25231,946,success,200,747861822,3739309.110
covercrypt,hybridized,089a548,"CTR::$","SEC::LOW && DPT::MKG && CTR::EN",same,8,11879,946,failure,200,818059742,4090298.710
covercrypt,hybridized,089a548,"CTR::$","SEC::LOW && DPT::MKG && CTR::FR",same,8,11879,946,failure,200,689730488,3448652.440
covercrypt,hybridized,089a548,"CTR::$","SEC::LOW && DPT::MKG && CTR::$",same,16,25231,946,success,200,885502124,4427510.620
covercrypt,hybridized,089a548,"CTR::$","SEC::LOW && DPT::$",different,32,51939,946,success,200,1603684140,8018420.700
covercrypt,hybridized,089a548,"CTR::$","SEC::LOW && DPT::$ && CTR::EN",same,16,25231,946,failure,200,1309490283,6547451.415
covercrypt,hybridized,089a548,"CTR::$","SEC::LOW && DPT::$ && CTR::FR",same,16,25231,946,failure,200,1293144878,6465724.390
covercrypt,hybridized,089a548,"CTR::$","SEC::LOW && DPT::$ && CTR::$",same,32,51939,946,success,200,1432146030,7160730.150
covercrypt,hybridized,089a548,"CTR::$","SEC::MED",different,48,78651,946,success,200,2038410419,10192052.095
covercrypt,hybridized,089a548,"CTR::$","SEC::MED && CTR::EN",different,24,38585,946,failure,200,2488245773,12441228.865
covercrypt,hybridized,089a548,"CTR::$","SEC::MED && CTR::FR",different,24,38585,946,failure,200,2074250174,10371250.870
covercrypt,hybridized,089a548,"CTR::$","SEC::MED && CTR::$",different,48,78651,946,success,200,2435980050,12179900.250
covercrypt,hybridized,089a548,"CTR::$","SEC::MED && DPT::DEV",different,24,38585,946,success,200,1210799468,6053997.340
covercrypt,hybridized,089a548,"CTR::$","SEC::MED && DPT::DEV && CTR::EN",same,12,18555,946,failure,200,1085476076,5427380.380
covercrypt,hybridized,089a548,"CTR::$","SEC::MED && DPT::DEV && CTR::FR",same,12,18555,946,failure,200,1068899342,5344496.710
covercrypt,hybridized,089a548,"CTR::$","SEC::MED && DPT::DEV && CTR::$",same,24,38585,946,success,200,1171303197,5856515.985
covercrypt,hybridized,089a548,"CTR::$","SEC::MED && DPT::MKG",different,24,38585,946,success,200,1418635939,7093179.695
covercrypt,hybridized,089a548,"CTR::$","SEC::MED && DPT::MKG && CTR::EN",same,12,18555,946,failure,200,1245992408,6229962.040
covercrypt,hybridized,089a548,"CTR::$","SEC::MED && DPT::MKG && CTR::FR",same,12,18555,946,failure,200,1058854595,5294272.975
covercrypt,hybridized,089a548,"CTR::$","SEC::MED && DPT::MKG && CTR::$",same,24,38585,946,success,200,978308478,4891542.390
covercrypt,hybridized,089a548,"CTR::$","SEC::MED && DPT::$",different,48,78651,946,success,200,1948940861,9744704.305
covercrypt,hybridized,089a548,"CTR::$","SEC::MED && DPT::$ && CTR::EN",same,24,38585,946,failure,200,1961339908,9806699.540
covercrypt,hybridized,089a548,"CTR::$","SEC::MED && DPT::$ && CTR::FR",same,24,38585,946,failure,200,2119990997,10599954.985
covercrypt,hybridized,089a548,"CTR::$","SEC::MED && DPT::$ && CTR::$",same,48,78651,946,success,200,2949006067,14745030.335
covercrypt,hybridized,089a548,"CTR::$","SEC::HIG",different,64,105363,946,success,200,3098990779,15494953.895
covercrypt,hybridized,089a548,"CTR::$","SEC::HIG && CTR::EN",different,32,51939,946,failure,200,2782114109,13910570.545
covercrypt,hybridized,089a548,"CTR::$","SEC::HIG && CTR::FR",different,32,51939,946,failure,200,2472425108,12362125.540
covercrypt,hybridized,089a548,"CTR::$","SEC::HIG && CTR::$",different,64,105363,946,success,200,2636123146,13180615.730
covercrypt,hybridized,089a548,"CTR::$","SEC::HIG && DPT::DEV",different,32,51939,946,success,200,1716541681,8582708.405
covercrypt,hybridized,089a548,"CTR::$","SEC::HIG && DPT::DEV && CTR::EN",same,16,25231,946,failure,200,1848463906,9242319.530
covercrypt,hybridized,089a548,"CTR::$","SEC::HIG && DPT::DEV && CTR::FR",same,16,25231,946,failure,200,1925620685,9628103.425
covercrypt,hybridized,089a548,"CTR::$","SEC::HIG && DPT::DEV && CTR::$",same,32,51939,946,success,200,1860560343,9302801.715
covercrypt,hybridized,089a548,"CTR::$","SEC::HIG && DPT::MKG",different,32,51939,946,success,200,2990029795,14950148.975
covercrypt,hybridized,089a548,"CTR::$","SEC::HIG && DPT::MKG && CTR::EN",same,16,25231,946,failure,200,1566544099,7832720.495
covercrypt,hybridized,089a548,"CTR::$","SEC::HIG && DPT::MKG && CTR::FR",same,16,25231,946,failure,200,1335903047,6679515.235
covercrypt,hybridized,089a548,"CTR::$","SEC::HIG && DPT::MKG && CTR::$",same,32,51939,946,success,200,1779134122,8895670.610
covercrypt,hybridized,089a548,"CTR::$","SEC::HIG && DPT::$",different,64,105363,946,success,200,3966475726,19832378.630
covercrypt,hybridized,089a548,"CTR::$","SEC::HIG && DPT::$ && CTR::EN",same,32,51939,946,failure,200,2573837486,12869187.430
covercrypt,hybridized,089a548,"CTR::$","SEC::HIG && DPT::$ && CTR::FR",same,32,51939,946,failure,200,2771941737,13859708.685
covercrypt,hybridized,089a548,"CTR::$","SEC::HIG && DPT::$ && CTR::$",same,64,105363,946,success,200,3263962244,16319811.220
covercrypt,hybridized,089a548,"CTR::$","SEC::$",different,80,132075,946,success,200,3719689179,18598445.895
covercrypt,hybridized,089a548,"CTR::$","SEC::$ && CTR::EN",different,40,65293,946,failure,200,7368982999,36844914.995
covercrypt,hybridized,089a548,"CTR::$","SEC::$ && CTR::FR",different,40,65293,946,failure,200,7559125835,37795629.175
covercrypt,hybridized,089a548,"CTR::$","SEC::$ && CTR::$",different,80,132075,946,success,200,7762665628,38813328.140
covercrypt,hybridized,089a548,"CTR::$","SEC::$ && DPT::DEV",different,40,65293,946,success,200,3775284063,18876420.315
covercrypt,hybridized,089a548,"CTR::$","SEC::$ && DPT::DEV && CTR::EN",same,20,31907,946,failure,200,3867182186,19335910.930
covercrypt,hybridized,089a548,"CTR::$","SEC::$ && DPT::DEV && CTR::FR",same,20,31907,946,failure,200,3799090201,18995451.005
covercrypt,hybridized,089a548,"CTR::$","SEC::$ && DPT::DEV && CTR::$",same,40,65293,946,success,200,4519421100,22597105.500
covercrypt,hybridized,089a548,"CTR::$","SEC::$ && DPT::MKG",different,40,65293,946,success,200,4278762203,21393811.015
covercrypt,hybridized,089a548,"CTR::$","SEC::$ && DPT::MKG && CTR::EN",same,20,31907,946,failure,200,3922356892,19611784.460
covercrypt,hybridized,089a548,"CTR::$","SEC::$ && DPT::MKG && CTR::FR",same,20,31907,946,failure,200,3989984576,19949922.880
covercrypt,hybridized,089a548,"CTR::$","SEC::$ && DPT::MKG && CTR::$",same,40,65293,946,success,200,4649823574,23249117.870
covercrypt,hybridized,089a548,"CTR::$","SEC::$ && DPT::$",different,80,132075,946,success,200,7633980942,38169904.710
covercrypt,hybridized,089a548,"CTR::$","SEC::$ && DPT::$ && CTR::EN",same,40,65293,946,failure,200,8059821444,40299107.220
covercrypt,hybridized,089a548,"CTR::$","SEC::$ && DPT::$ && CTR::FR",same,40,65293,946,failure,200,7797988171,38989940.855
covercrypt,hybridized,089a548,"CTR::$","SEC::$ && DPT::$ && CTR::$",same,80,132075,946,success,200,8078562422,40392812.110
covercrypt,hybridized,089a548,"DPT::MKG && CTR::$","CTR::EN",different,40,65293,946,failure,200,7922049623,39610248.115
covercrypt,hybridized,089a548,"DPT::MKG && CTR::$","CTR::FR",different,40,65293,946,failure,200,7826902154,39134510.770
covercrypt,hybridized,089a548,"DPT::MKG && CTR::$","CTR::$",different,80,132075,946,success,200,8172774068,40863870.340
covercrypt,hybridized,089a548,"DPT::MKG && CTR::$","DPT::DEV",different,40,65293,946,failure,200,8052192154,40260960.770
covercrypt,hybridized,089a548,"DPT::MKG && CTR::$","DPT::DEV && CTR::EN",different,20,31907,946,failure,200,3812413540,19062067.700
covercrypt,hybridized,089a548,"DPT::MKG && CTR::$","DPT::DEV && CTR::FR",different,20,31907,946,failure,200,3769864793,18849323.965
covercrypt,hybridized,089a548,"DPT::MKG && CTR::$","DPT::DEV && CTR::$",different,40,65293,946,failure,200,8201649375,41008246.875
covercrypt,hybridized,089a548,"DPT::MKG && CTR::$","DPT::MKG",different,40,65293,946,success,200,4159629866,20798149.330
covercrypt,hybridized,089a548,"DPT::MKG && CTR::$","DPT::MKG && CTR::EN",different,20,31907,946,failure,200,3974526914,19872634.570
covercrypt,hybridized,089a548,"DPT::MKG && CTR::$","DPT::MKG && CTR::FR",different,20,31907,946,failure,200,3750412526,18752062.630
covercrypt,hybridized,089a548,"DPT::MKG && CTR::$","DPT::MKG && CTR::$",different,40,65293,946,success,200,4278468423,21392342.115
covercrypt,hybridized,089a548,"DPT::MKG && CTR::$","DPT::$",different,80,132075,946,success,200,7980581604,39902908.020
covercrypt,hybridized,089a548,"DPT::MKG && CTR::$","DPT::$ && CTR::EN",different,40,65293,946,failure,200,7967347011,39836735.055
covercrypt,hybridized,089a548,"DPT::MKG && CTR::$","DPT::$ && CTR::FR",different,40,65293,946,failure,200,7786221084,38931105.420
covercrypt,hybridized,089a548,"DPT::MKG && CTR::$","DPT::$ && CTR::$",different,80,132075,946,success,200,7591952083,37959760.415
covercrypt,hybridized,089a548,"DPT::MKG && CTR::$","SEC::LOW",different,32,51939,946,success,200,3399045610,16995228.050
covercrypt,hybridized,089a548,"DPT::MKG && CTR::$","SEC::LOW && CTR::EN",different,16,25231,946,failure,200,3095648625,15478243.125
covercrypt,hybridized,089a548,"DPT::MKG && CTR::$","SEC::LOW && CTR::FR",different,16,25231,946,failure,200,2995385926,14976929.630
covercrypt,hybridized,089a548,"DPT::MKG && CTR::$","SEC::LOW && CTR::$",different,32,51939,946,success,200,3244723512,16223617.560
covercrypt,hybridized,089a548,"DPT::MKG && CTR::$","SEC::LOW && DPT::DEV",different,16,25231,946,failure,200,3152789682,15763948.410
covercrypt,hybridized,089a548,"DPT::MKG && CTR::$","SEC::LOW && DPT::DEV && CTR::EN",same,8,11879,946,failure,200,1641271243,8206356.215
covercrypt,hybridized,089a548,"DPT::MKG && CTR::$","SEC::LOW && DPT::DEV && CTR::FR",same,8,11879,946,failure,200,1625523291,8127616.455
covercrypt,hybridized,089a548,"DPT::MKG && CTR::$","SEC::LOW && DPT::DEV && CTR::$",same,16,25231,946,failure,200,3229907904,16149539.520
covercrypt,hybridized,089a548,"DPT::MKG && CTR::$","SEC::LOW && DPT::MKG",different,16,25231,946,success,200,2014283615,10071418.075
covercrypt,hybridized,089a548,"DPT::MKG && CTR::$","SEC::LOW && DPT::MKG && CTR::EN",same,8,11879,946,failure,200,1530142478,7650712.390
covercrypt,hybridized,089a548,"DPT::MKG && CTR::$","SEC::LOW && DPT::MKG && CTR::FR",same,8,11879,946,failure,200,1543378244,7716891.220
covercrypt,hybridized,089a548,"DPT::MKG && CTR::$","SEC::LOW && DPT::MKG && CTR::$",same,16,25231,946,success,200,1718951793,8594758.965
covercrypt,hybridized,089a548,"DPT::MKG && CTR::$","SEC::LOW && DPT::$",different,32,51939,946,success,200,3416597403,17082987.015
covercrypt,hybridized,089a548,"DPT::MKG && CTR::$","SEC::LOW && DPT::$ && CTR::EN",same,16,25231,946,failure,200,3236616488,16183082.440
covercrypt,hybridized,089a548,"DPT::MKG && CTR::$","SEC::LOW && DPT::$ && CTR::FR",same,16,25231,946,failure,200,3279187534,16395937.670
covercrypt,hybridized,089a548,"DPT::MKG && CTR::$","SEC::LOW && DPT::$ && CTR::$",same,32,51939,946,success,200,3748528284,18742641.420
covercrypt,hybridized,089a548,"DPT::MKG && CTR::$","SEC::MED",different,48,78651,946,success,200,5545658218,27728291.090
covercrypt,hybridized,089a548,"DPT::MKG && CTR::$","SEC::MED && CTR::EN",different,24,38585,946,failure,200,4204013063,21020065.315
covercrypt,hybridized,089a548,"DPT::MKG && CTR::$","SEC::MED && CTR::FR",different,24,38585,946,failure,200,4098107425,20490537.125
covercrypt,hybridized,089a548,"DPT::MKG && CTR::$","SEC::MED && CTR::$",different,48,78651,946,success,200,4558217450,22791087.250
covercrypt,hybridized,089a548,"DPT::MKG && CTR::$","SEC::MED && DPT::DEV",different,24,38585,946,failure,200,4844045952,24220229.760
covercrypt,hybridized,089a548,"DPT::MKG && CTR::$","SEC::MED && DPT::DEV && CTR::EN",same,12,18555,946,failure,200,2298380494,11491902.470
covercrypt,hybridized,089a548,"DPT::MKG && CTR::$","SEC::MED && DPT::DEV && CTR::FR",same,12,18555,946,failure,200,2385818548,11929092.740
covercrypt,hybridized,089a548,"DPT::MKG && CTR::$","SEC::MED && DPT::DEV && CTR::$",same,24,38585,946,failure,200,4633811238,23169056.190
covercrypt,hybridized,089a548,"DPT::MKG && CTR::$","SEC::MED && DPT::MKG",different,24,38585,946,success,200,2768457234,13842286.170
covercrypt,hybridized,089a548,"DPT::MKG && CTR::$","SEC::MED && DPT::MKG && CTR::EN",same,12,18555,946,failure,200,2256671076,11283355.380
covercrypt,hybridized,089a548,"DPT::MKG && CTR::$","SEC::MED && DPT::MKG && CTR::FR",same,12,18555,946,failure,200,2245051815,11225259.075
covercrypt,hybridized,089a548,"DPT::MKG && CTR::$","SEC::MED && DPT::MKG && CTR::$",same,24,38585,946,success,200,2827252434,14136262.170
covercrypt,hybridized,089a548,"DPT::MKG && CTR::$","SEC::MED && DPT::$",different,48,78651,946,success,200,5227048326,26135241.630
covercrypt,hybridized,089a548,"DPT::MKG && CTR::$","SEC::MED && DPT::$ && CTR::EN",same,24,38585,946,failure,200,4605586094,23027930.470
covercrypt,hybridized,089a548,"DPT::MKG && CTR::$","SEC::MED && DPT::$ && CTR::FR",same,24,38585,946,failure,200,4532172501,22660862.505
covercrypt,hybridized,089a548,"DPT::MKG && CTR::$","SEC::MED && DPT::$ && CTR::$",same,48,78651,946,success,200,3973006324,19865031.620
covercrypt,hybridized,089a548,"DPT::MKG && CTR::$","SEC::HIG",different,64,105363,946,success,200,5212508939,26062544.695
covercrypt,hybridized,089a548,"DPT::MKG && CTR::$","SEC::HIG && CTR::EN",different,32,51939,946,failure,200,4104804860,20524024.300
covercrypt,hybridized,089a548,"DPT::MKG && CTR::$","SEC::HIG && CTR::FR",different,32,51939,946,failure,200,3664279324,18321396.620
covercrypt,hybridized,089a548,"DPT::MKG && CTR::$","SEC::HIG && CTR::$",different,64,105363,946,success,200,2945738216,14728691.080
covercrypt,hybridized,089a548,"DPT::MKG && CTR::$","SEC::HIG && DPT::DEV",different,32,51939,946,failure,200,3372813164,16864065.820
covercrypt,hybridized,089a548,"DPT::MKG && CTR::$","SEC::HIG && DPT::DEV && CTR::EN",same,16,25231,946,failure,200,1761651188,8808255.940
covercrypt,hybridized,089a548,"DPT::MKG && CTR::$","SEC::HIG && DPT::DEV && CTR::FR",same,16,25231,946,failure,200,1515358508,7576792.540
covercrypt,hybridized,089a548,"DPT::MKG && CTR::$","SEC::HIG && DPT::DEV && CTR::$",same,32,51939,946,failure,200,3072615515,15363077.575
covercrypt,hybridized,089a548,"DPT::MKG && CTR::$","SEC::HIG && DPT::MKG",different,32,51939,946,success,200,1248236906,6241184.530
covercrypt,hybridized,089a548,"DPT::MKG && CTR::$","SEC::HIG && DPT::MKG && CTR::EN",same,16,25231,946,failure,200,1395475837,6977379.185
covercrypt,hybridized,089a548,"DPT::MKG && CTR::$","SEC::HIG && DPT::MKG && CTR::FR",same,16,25231,946,failure,200,1311142948,6555714.740
covercrypt,hybridized,089a548,"DPT::MKG && CTR::$","SEC::HIG && DPT::MKG && CTR::$",same,32,51939,946,success,200,1472753788,7363768.940
covercrypt,hybridized,089a548,"DPT::MKG && CTR::$","SEC::HIG && DPT::$",different,64,105363,946,success,200,2886513916,14432569.580
covercrypt,hybridized,089a548,"DPT::MKG && CTR::$","SEC::HIG && DPT::$ && CTR::EN",same,32,51939,946,failure,200,2694705216,13473526.080
covercrypt,hybridized,089a548,"DPT::MKG && CTR::$","SEC::HIG && DPT::$ && CTR::FR",same,32,51939,946,failure,200,2597814782,12989073.910
covercrypt,hybridized,089a548,"DPT::MKG && CTR::$","SEC::HIG && DPT::$ && CTR::$",same,64,105363,946,success,200,2828631818,14143159.090
covercrypt,hybridized,089a548,"DPT::MKG && CTR::$","SEC::$",different,80,132075,946,success,200,3347850958,16739254.790
covercrypt,hybridized,089a548,"DPT::MKG && CTR::$","SEC::$ && CTR::EN",different,40,65293,946,failure,200,3162980797,15814903.985
covercrypt,hybridized,089a548,"DPT::MKG && CTR::$","SEC::$ && CTR::FR",different,40,65293,946,failure,200,3086514652,15432573.260
covercrypt,hybridized,089a548,"DPT::MKG && CTR::$","SEC::$ && CTR::$",different,80,132075,946,success,200,3819099404,19095497.020
covercrypt,hybridized,089a548,"DPT::MKG && CTR::$","SEC::$ && DPT::DEV",different,40,65293,946,failure,200,3220352775,16101763.875
covercrypt,hybridized,089a548,"DPT::MKG && CTR::$","SEC::$ && DPT::DEV && CTR::EN",same,20,31907,946,failure,200,1666889056,8334445.280
covercrypt,hybridized,089a548,"DPT::MKG && CTR::$","SEC::$ && DPT::DEV && CTR::FR",same,20,31907,946,failure,200,1556092973,7780464.865
covercrypt,hybridized,089a548,"DPT::MKG && CTR::$","SEC::$ && DPT::DEV && CTR::$",same,40,65293,946,failure,200,3240015880,16200079.400
covercrypt,hybridized,089a548,"DPT::MKG && CTR::$","SEC::$ && DPT::MKG",different,40,65293,946,success,200,2353145821,11765729.105
covercrypt,hybridized,089a548,"DPT::MKG && CTR::$","SEC::$ && DPT::MKG && CTR::EN",same,20,31907,946,failure,200,2031585450,10157927.250
covercrypt,hybridized,089a548,"DPT::MKG && CTR::$","SEC::$ && DPT::MKG && CTR::FR",same,20,31907,946,failure,200,2062341699,10311708.495
covercrypt,hybridized,089a548,"DPT::MKG && CTR::$","SEC::$ && DPT::MKG && CTR::$",same,40,65293,946,success,200,2165132728,10825663.640
covercrypt,hybridized,089a548,"DPT::MKG && CTR::$","SEC::$ && DPT::$",different,80,132075,946,success,200,3644054346,18220271.730
covercrypt,hybridized,089a548,"DPT::MKG && CTR::$","SEC::$ && DPT::$ && CTR::EN",same,40,65293,946,failure,200,4246887080,21234435.400
covercrypt,hybridized,089a548,"DPT::MKG && CTR::$","SEC::$ && DPT::$ && CTR::FR",same,40,65293,946,failure,200,4369517217,21847586.085
covercrypt,hybridized,089a548,"DPT::MKG && CTR::$","SEC::$ && DPT::$ && CTR::$",same,80,132075,946,success,200,4424066200,22120331.000
covercrypt,hybridized,089a548,"SEC::LOW && CTR::$","CTR::EN",different,40,65293,946,failure,200,3323092779,16615463.895
covercrypt,hybridized,089a548,"SEC::LOW && CTR::$","CTR::FR",different,40,65293,946,failure,200,3339624675,16698123.375
covercrypt,hybridized,089a548,"SEC::LOW && CTR::$","CTR::$",different,80,132075,946,success,200,3200567036,16002835.180
covercrypt,hybridized,089a548,"SEC::LOW && CTR::$","DPT::DEV",different,40,65293,946,success,200,1920855422,9604277.110
covercrypt,hybridized,089a548,"SEC::LOW && CTR::$","DPT::DEV && CTR::EN",different,20,31907,946,failure,200,1606893919,8034469.595
covercrypt,hybridized,089a548,"SEC::LOW && CTR::$","DPT::DEV && CTR::FR",different,20,31907,946,failure,200,1707316528,8536582.640
covercrypt,hybridized,089a548,"SEC::LOW && CTR::$","DPT::DEV && CTR::$",different,40,65293,946,success,200,1766486732,8832433.660
covercrypt,hybridized,089a548,"SEC::LOW && CTR::$","DPT::MKG",different,40,65293,946,success,200,1845770321,9228851.605
covercrypt,hybridized,089a548,"SEC::LOW && CTR::$","DPT::MKG && CTR::EN",different,20,31907,946,failure,200,1570450001,7852250.005
covercrypt,hybridized,089a548,"SEC::LOW && CTR::$","DPT::MKG && CTR::FR",different,20,31907,946,failure,200,1894719766,9473598.830
covercrypt,hybridized,089a548,"SEC::LOW && CTR::$","DPT::MKG && CTR::$",different,40,65293,946,success,200,1632551338,8162756.690
covercrypt,hybridized,089a548,"SEC::LOW && CTR::$","DPT::$",different,80,132075,946,success,200,3615597793,18077988.965
covercrypt,hybridized,089a548,"SEC::LOW && CTR::$","DPT::$ && CTR::EN",different,40,65293,946,failure,200,3392368734,16961843.670
covercrypt,hybridized,089a548,"SEC::LOW && CTR::$","DPT::$ && CTR::FR",different,40,65293,946,failure,200,3339739675,16698698.375
covercrypt,hybridized,089a548,"SEC::LOW && CTR::$","DPT::$ && CTR::$",different,80,132075,946,success,200,3335439396,16677196.980
covercrypt,hybridized,089a548,"SEC::LOW && CTR::$","SEC::LOW",different,32,51939,946,success,200,1415588633,7077943.165
covercrypt,hybridized,089a548,"SEC::LOW && CTR::$","SEC::LOW && CTR::EN",different,16,25231,946,failure,200,1288782005,6443910.025
covercrypt,hybridized,089a548,"SEC::LOW && CTR::$","SEC::LOW && CTR::FR",different,16,25231,946,failure,200,1285187210,6425936.050
covercrypt,hybridized,089a548,"SEC::LOW && CTR::$","SEC::LOW && CTR::$",different,32,51939,946,success,200,1330514580,6652572.900
covercrypt,hybridized,089a548,"SEC::LOW && CTR::$","SEC::LOW && DPT::DEV",different,16,25231,946,success,200,833749814,4168749.070
covercrypt,hybridized,089a548,"SEC::LOW && CTR::$","SEC::LOW && DPT::DEV && CTR::EN",same,8,11879,946,failure,200,659005629,3295028.145
covercrypt,hybridized,089a548,"SEC::LOW && CTR::$","SEC::LOW && DPT::DEV && CTR::FR",same,8,11879,946,failure,200,597010614,2985053.070
covercrypt,hybridized,089a548,"SEC::LOW && CTR::$","SEC::LOW && DPT::DEV && CTR::$",same,16,25231,946,success,200,771128337,3855641.685
covercrypt,hybridized,089a548,"SEC::LOW && CTR::$","SEC::LOW && DPT::MKG",different,16,25231,946,success,200,752320297,3761601.485
covercrypt,hybridized,089a548,"SEC::LOW && CTR::$","SEC::LOW && DPT::MKG && CTR::EN",same,8,11879,946,failure,200,642890019,3214450.095
covercrypt,hybridized,089a548,"SEC::LOW && CTR::$","SEC::LOW && DPT::MKG && CTR::FR",same,8,11879,946,failure,200,704167074,3520835.370
covercrypt,hybridized,089a548,"SEC::LOW && CTR::$","SEC::LOW && DPT::MKG && CTR::$",same,16,25231,946,success,200,906481353,4532406.765
covercrypt,hybridized,089a548,"SEC::LOW && CTR::$","SEC::LOW && DPT::$",different,32,51939,946,success,200,1639712951,8198564.755
covercrypt,hybridized,089a548,"SEC::LOW && CTR::$","SEC::LOW && DPT::$ && CTR::EN",same,16,25231,946,failure,200,1419770275,7098851.375
covercrypt,hybridized,089a548,"SEC::LOW && CTR::$","SEC::LOW && DPT::$ && CTR::FR",same,16,25231,946,failure,200,1356192732,6780963.660
covercrypt,hybridized,089a548,"SEC::LOW && CTR::$","SEC::LOW && DPT::$ && CTR::$",same,32,51939,946,success,200,1354923246,6774616.230
covercrypt,hybridized,089a548,"SEC::LOW && CTR::$","SEC::MED",different,48,78651,946,success,200,2383272521,11916362.605
covercrypt,hybridized,089a548,"SEC::LOW && CTR::$","SEC::MED && CTR::EN",different,24,38585,946,failure,200,2031050545,10155252.725
covercrypt,hybridized,089a548,"SEC::LOW && CTR::$","SEC::MED && CTR::FR",different,24,38585,946,failure,200,2146541458,10732707.290
covercrypt,hybridized,089a548,"SEC::LOW && CTR::$","SEC::MED && CTR::$",different,48,78651,946,success,200,2434930434,12174652.170
covercrypt,hybridized,089a548,"SEC::LOW && CTR::$","SEC::MED && DPT::DEV",different,24,38585,946,success,200,1150415296,5752076.480
covercrypt,hybridized,089a548,"SEC::LOW && CTR::$","SEC::MED && DPT::DEV && CTR::EN",same,12,18555,946,failure,200,939128114,4695640.570
covercrypt,hybridized,089a548,"SEC::LOW && CTR::$","SEC::MED && DPT::DEV && CTR::FR",same,12,18555,946,failure,200,988005549,4940027.745
covercrypt,hybridized,089a548,"SEC::LOW && CTR::$","SEC::MED && DPT::DEV && CTR::$",same,24,38585,946,success,200,1228974737,6144873.685
covercrypt,hybridized,089a548,"SEC::LOW && CTR::$","SEC::MED && DPT::MKG",different,24,38585,946,success,200,1319788486,6598942.430
covercrypt,hybridized,089a548,"SEC::LOW && CTR::$","SEC::MED && DPT::MKG && CTR::EN",same,12,18555,946,failure,200,1108228957,5541144.785
covercrypt,hybridized,089a548,"SEC::LOW && CTR::$","SEC::MED && DPT::MKG && CTR::FR",same,12,18555,946,failure,200,1000056214,5000281.070
covercrypt,hybridized,089a548,"SEC::LOW && CTR::$","SEC::MED && DPT::MKG && CTR::$",same,24,38585,946,success,200,1454928479,7274642.395
covercrypt,hybridized,089a548,"SEC::LOW && CTR::$","SEC::MED && DPT::$",different,48,78651,946,success,200,2193870935,10969354.675
covercrypt,hybridized,089a548,"SEC::LOW && CTR::$","SEC::MED && DPT::$ && CTR::EN",same,24,38585,946,failure,200,2092759421,10463797.105
covercrypt,hybridized,089a548,"SEC::LOW && CTR::$","SEC::MED && DPT::$ && CTR::FR",same,24,38585,946,failure,200,2237032804,11185164.020
covercrypt,hybridized,089a548,"SEC::LOW && CTR::$","SEC::MED && DPT::$ && CTR::$",same,48,78651,946,success,200,2470529753,12352648.765
covercrypt,hybridized,089a548,"SEC::LOW && CTR::$","SEC::HIG",different,64,105363,946,success,200,2762748360,13813741.800
covercrypt,hybridized,089a548,"SEC::LOW && CTR::$","SEC::HIG && CTR::EN",different,32,51939,946,failure,200,2628801506,13144007.530
covercrypt,hybridized,089a548,"SEC::LOW && CTR::$","SEC::HIG && CTR::FR",different,32,51939,946,failure,200,2691906187,13459530.935
covercrypt,hybridized,089a548,"SEC::LOW && CTR::$","SEC::HIG && CTR::$",different,64,105363,946,success,200,2864832647,14324163.235
covercrypt,hybridized,089a548,"SEC::LOW && CTR::$","SEC::HIG && DPT::DEV",different,32,51939,946,success,200,1745281308,8726406.540
covercrypt,hybridized,089a548,"SEC::LOW && CTR::$","SEC::HIG && DPT::DEV && CTR::EN",same,16,25231,946,failure,200,1288333511,6441667.555
covercrypt,hybridized,089a548,"SEC::LOW && CTR::$","SEC::HIG && DPT::DEV && CTR::FR",same,16,25231,946,failure,200,1632214793,8161073.965
covercrypt,hybridized,089a548,"SEC::LOW && CTR::$","SEC::HIG && DPT::DEV && CTR::$",same,32,51939,946,success,200,1769314725,8846573.625
covercrypt,hybridized,089a548,"SEC::LOW && CTR::$","SEC::HIG && DPT::MKG",different,32,51939,946,success,200,1986253245,9931266.225
covercrypt,hybridized,089a548,"SEC::LOW && CTR::$","SEC::HIG && DPT::MKG && CTR::EN",same,16,25231,946,failure,200,1273898870,6369494.350
covercrypt,hybridized,089a548,"SEC::LOW && CTR::$","SEC::HIG && DPT::MKG && CTR::FR",same,16,25231,946,failure,200,1424294480,7121472.400
covercrypt,hybridized,089a548,"SEC::LOW && CTR::$","SEC::HIG && DPT::MKG && CTR::$",same,32,51939,946,success,200,1283832670,6419163.350
covercrypt,hybridized,089a548,"SEC::LOW && CTR::$","SEC::HIG && DPT::$",different,64,105363,946,success,200,3939693120,19698465.600
covercrypt,hybridized,089a548,"SEC::LOW && CTR::$","SEC::HIG && DPT::$ && CTR::EN",same,32,51939,946,failure,200,3557871314,17789356.570
covercrypt,hybridized,089a548,"SEC::LOW && CTR::$","SEC::HIG && DPT::$ && CTR::FR",same,32,51939,946,failure,200,3098773153,15493865.765
covercrypt,hybridized,089a548,"SEC::LOW && CTR::$","SEC::HIG && DPT::$ && CTR::$",same,64,105363,946,success,200,3986517039,19932585.195
covercrypt,hybridized,089a548,"SEC::LOW && CTR::$","SEC::$",different,80,132075,946,success,200,3782529542,18912647.710
covercrypt,hybridized,089a548,"SEC::LOW && CTR::$","SEC::$ && CTR::EN",different,40,65293,946,failure,200,3573733846,17868669.230
covercrypt,hybridized,089a548,"SEC::LOW && CTR::$","SEC::$ && CTR::FR",different,40,65293,946,failure,200,3404240112,17021200.560
covercrypt,hybridized,089a548,"SEC::LOW && CTR::$","SEC::$ && CTR::$",different,80,132075,946,success,200,4327639678,21638198.390
covercrypt,hybridized,089a548,"SEC::LOW && CTR::$","SEC::$ && DPT::DEV",different,40,65293,946,success,200,2137815422,10689077.110
covercrypt,hybridized,089a548,"SEC::LOW && CTR::$","SEC::$ && DPT::DEV && CTR::EN",same,20,31907,946,failure,200,1584354988,7921774.940
covercrypt,hybridized,089a548,"SEC::LOW && CTR::$","SEC::$ && DPT::DEV && CTR::FR",same,20,31907,946,failure,200,1660145153,8300725.765
covercrypt,hybridized,089a548,"SEC::LOW && CTR::$","SEC::$ && DPT::DEV && CTR::$",same,40,65293,946,success,200,1960847141,9804235.705
covercrypt,hybridized,089a548,"SEC::LOW && CTR::$","SEC::$ && DPT::MKG",different,40,65293,946,success,200,1885022859,9425114.295
covercrypt,hybridized,089a548,"SEC::LOW && CTR::$","SEC::$ && DPT::MKG && CTR::EN",same,20,31907,946,failure,200,1710961637,8554808.185
covercrypt,hybridized,089a548,"SEC::LOW && CTR::$","SEC::$ && DPT::MKG && CTR::FR",same,20,31907,946,failure,200,1722789945,8613949.725
covercrypt,hybridized,089a548,"SEC::LOW && CTR::$","SEC::$ && DPT::MKG && CTR::$",same,40,65293,946,success,200,1995666716,9978333.580
covercrypt,hybridized,089a548,"SEC::LOW && CTR::$","SEC::$ && DPT::$",different,80,132075,946,success,200,3666648661,18333243.305
covercrypt,hybridized,089a548,"SEC::LOW && CTR::$","SEC::$ && DPT::$ && CTR::EN",same,40,65293,946,failure,200,3145230677,15726153.385
covercrypt,hybridized,089a548,"SEC::LOW && CTR::$","SEC::$ && DPT::$ && CTR::FR",same,40,65293,946,failure,200,3577596206,17887981.030
covercrypt,hybridized,089a548,"SEC::LOW && CTR::$","SEC::$ && DPT::$ && CTR::$",same,80,132075,946,success,200,3989092651,19945463.255
covercrypt,hybridized,089a548,"SEC::LOW && DPT::MKG && CTR::$","CTR::EN",different,40,65293,946,failure,200,3637708686,18188543.430
covercrypt,hybridized,089a548,"SEC::LOW && DPT::MKG && CTR::$","CTR::FR",different,40,65293,946,failure,200,3526148037,17630740.185
covercrypt,hybridized,089a548,"SEC::LOW && DPT::MKG && CTR::$","CTR::$",different,80,132075,946,success,200,4514430370,22572151.850
covercrypt,hybridized,089a548,"SEC::LOW && DPT::MKG && CTR::$","DPT::DEV",different,40,65293,946,failure,200,4361046431,21805232.155
covercrypt,hybridized,089a548,"SEC::LOW && DPT::MKG && CTR::$","DPT::DEV && CTR::EN",different,20,31907,946,failure,200,2270434140,11352170.700
covercrypt,hybridized,089a548,"SEC::LOW && DPT::MKG && CTR::$","DPT::DEV && CTR::FR",different,20,31907,946,failure,200,2599920337,12999601.685
covercrypt,hybridized,089a548,"SEC::LOW && DPT::MKG && CTR::$","DPT::DEV && CTR::$",different,40,65293,946,failure,200,3612806299,18064031.495
covercrypt,hybridized,089a548,"SEC::LOW && DPT::MKG && CTR::$","DPT::MKG",different,40,65293,946,success,200,1919873024,9599365.120
covercrypt,hybridized,089a548,"SEC::LOW && DPT::MKG && CTR::$","DPT::MKG && CTR::EN",different,20,31907,946,failure,200,1643698641,8218493.205
covercrypt,hybridized,089a548,"SEC::LOW && DPT::MKG && CTR::$","DPT::MKG && CTR::FR",different,20,31907,946,failure,200,2321815700,11609078.500
covercrypt,hybridized,089a548,"SEC::LOW && DPT::MKG && CTR::$","DPT::MKG && CTR::$",different,40,65293,946,success,200,3785359786,18926798.930
covercrypt,hybridized,089a548,"SEC::LOW && DPT::MKG && CTR::$","DPT::$",different,80,132075,946,success,200,6498329763,32491648.815
covercrypt,hybridized,089a548,"SEC::LOW && DPT::MKG && CTR::$","DPT::$ && CTR::EN",different,40,65293,946,failure,200,6864897569,34324487.845
covercrypt,hybridized,089a548,"SEC::LOW && DPT::MKG && CTR::$","DPT::$ && CTR::FR",different,40,65293,946,failure,200,6743702537,33718512.685
covercrypt,hybridized,089a548,"SEC::LOW && DPT::MKG && CTR::$","DPT::$ && CTR::$",different,80,132075,946,success,200,5425967840,27129839.200
covercrypt,hybridized,089a548,"SEC::LOW && DPT::MKG && CTR::$","SEC::LOW",different,32,51939,946,success,200,2120510596,10602552.980
covercrypt,hybridized,089a548,"SEC::LOW && DPT::MKG && CTR::$","SEC::LOW && CTR::EN",different,16,25231,946,failure,200,1741272602,8706363.010
covercrypt,hybridized,089a548,"SEC::LOW && DPT::MKG && CTR::$","SEC::LOW && CTR::FR",different,16,25231,946,failure,200,1685434763,8427173.815
covercrypt,hybridized,089a548,"SEC::LOW && DPT::MKG && CTR::$","SEC::LOW && CTR::$",different,32,51939,946,success,200,1587135113,7935675.565
covercrypt,hybridized,089a548,"SEC::LOW && DPT::MKG && CTR::$","SEC::LOW && DPT::DEV",different,16,25231,946,failure,200,1490585360,7452926.800
covercrypt,hybridized,089a548,"SEC::LOW && DPT::MKG && CTR::$","SEC::LOW && DPT::DEV && CTR::EN",same,8,11879,946,failure,200,639657166,3198285.830
covercrypt,hybridized,089a548,"SEC::LOW && DPT::MKG && CTR::$","SEC::LOW && DPT::DEV && CTR::FR",same,8,11879,946,failure,200,713008729,3565043.645
covercrypt,hybridized,089a548,"SEC::LOW && DPT::MKG && CTR::$","SEC::LOW && DPT::DEV && CTR::$",same,16,25231,946,failure,200,1275040240,6375201.200
covercrypt,hybridized,089a548,"SEC::LOW && DPT::MKG && CTR::$","SEC::LOW && DPT::MKG",different,16,25231,946,success,200,997960222,4989801.110
covercrypt,hybridized,089a548,"SEC::LOW && DPT::MKG && CTR::$","SEC::LOW && DPT::MKG && CTR::EN",same,8,11879,946,failure,200,721970152,3609850.760
covercrypt,hybridized,089a548,"SEC::LOW && DPT::MKG && CTR::$","SEC::LOW && DPT::MKG && CTR::FR",same,8,11879,946,failure,200,1037164336,5185821.680
covercrypt,hybridized,089a548,"SEC::LOW && DPT::MKG && CTR::$","SEC::LOW && DPT::MKG && CTR::$",same,16,25231,946,success,200,1184771311,5923856.555
covercrypt,hybridized,089a548,"SEC::LOW && DPT::MKG && CTR::$","SEC::LOW && DPT::$",different,32,51939,946,success,200,2018746281,10093731.405
covercrypt,hybridized,089a548,"SEC::LOW && DPT::MKG && CTR::$","SEC::LOW && DPT::$ && CTR::EN",same,16,25231,946,failure,200,1767845412,8839227.060
covercrypt,hybridized,089a548,"SEC::LOW && DPT::MKG && CTR::$","SEC::LOW && DPT::$ && CTR::FR",same,16,25231,946,failure,200,1660256577,8301282.885
covercrypt,hybridized,089a548,"SEC::LOW && DPT::MKG && CTR::$","SEC::LOW && DPT::$ && CTR::$",same,32,51939,946,success,200,1478949529,7394747.645
covercrypt,hybridized,089a548,"SEC::LOW && DPT::MKG && CTR::$","SEC::MED",different,48,78651,946,success,200,2176835075,10884175.375
covercrypt,hybridized,089a548,"SEC::LOW && DPT::MKG && CTR::$","SEC::MED && CTR::EN",different,24,38585,946,failure,200,2032379150,10161895.750
covercrypt,hybridized,089a548,"SEC::LOW && DPT::MKG && CTR::$","SEC::MED && CTR::FR",different,24,38585,946,failure,200,1923988108,9619940.540
covercrypt,hybridized,089a548,"SEC::LOW && DPT::MKG && CTR::$","SEC::MED && CTR::$",different,48,78651,946,success,200,3222744706,16113723.530
covercrypt,hybridized,089a548,"SEC::LOW && DPT::MKG && CTR::$","SEC::MED && DPT::DEV",different,24,38585,946,failure,200,3815111315,19075556.575
covercrypt,hybridized,089a548,"SEC::LOW && DPT::MKG && CTR::$","SEC::MED && DPT::DEV && CTR::EN",same,12,18555,946,failure,200,1463348931,7316744.655
covercrypt,hybridized,089a548,"SEC::LOW && DPT::MKG && CTR::$","SEC::MED && DPT::DEV && CTR::FR",same,12,18555,946,failure,200,1525309612,7626548.060
covercrypt,hybridized,089a548,"SEC::LOW && DPT::MKG && CTR::$","SEC::MED && DPT::DEV && CTR::$",same,24,38585,946,failure,200,4229343961,21146719.805
covercrypt,hybridized,089a548,"SEC::LOW && DPT::MKG && CTR::$","SEC::MED && DPT::MKG",different,24,38585,946,success,200,1894961329,9474806.645
covercrypt,hybridized,089a548,"SEC::LOW && DPT::MKG && CTR::$","SEC::MED && DPT::MKG && CTR::EN",same,12,18555,946,failure,200,1266258257,6331291.285
covercrypt,hybridized,089a548,"SEC::LOW && DPT::MKG && CTR::$","SEC::MED && DPT::MKG && CTR::FR",same,12,18555,946,failure,200,1220575253,6102876.265
covercrypt,hybridized,089a548,"SEC::LOW && DPT::MKG && CTR::$","SEC::MED && DPT::MKG && CTR::$",same,24,38585,946,success,200,1456276557,7281382.785
covercrypt,hybridized,089a548,"SEC::LOW && DPT::MKG && CTR::$","SEC::MED && DPT::$",different,48,78651,946,success,200,2827545012,14137725.060
covercrypt,hybridized,089a548,"SEC::LOW && DPT::MKG && CTR::$","SEC::MED && DPT::$ && CTR::EN",same,24,38585,946,failure,200,2523924140,12619620.700
covercrypt,hybridized,089a548,"SEC::LOW && DPT::MKG && CTR::$","SEC::MED && DPT::$ && CTR::FR",same,24,38585,946,failure,200,2715865036,13579325.180
covercrypt,hybridized,089a548,"SEC::LOW && DPT::MKG && CTR::$","SEC::MED && DPT::$ && CTR::$",same,48,78651,946,success,200,3014162690,15070813.450
covercrypt,hybridized,089a548,"SEC::LOW && DPT::MKG && CTR::$","SEC::HIG",different,64,105363,946,success,200,3671296850,18356484.250
covercrypt,hybridized,089a548,"SEC::LOW && DPT::MKG && CTR::$","SEC::HIG && CTR::EN",different,32,51939,946,failure,200,2907879015,14539395.075
covercrypt,hybridized,089a548,"SEC::LOW && DPT::MKG && CTR::$","SEC::HIG && CTR::FR",different,32,51939,946,failure,200,3339438350,16697191.750
covercrypt,hybridized,089a548,"SEC::LOW && DPT::MKG && CTR::$","SEC::HIG && CTR::$",different,64,105363,946,success,200,4174304471,20871522.355
covercrypt,hybridized,089a548,"SEC::LOW && DPT::MKG && CTR::$","SEC::HIG && DPT::DEV",different,32,51939,946,failure,200,4163518357,20817591.785
covercrypt,hybridized,089a548,"SEC::LOW && DPT::MKG && CTR::$","SEC::HIG && DPT::DEV && CTR::EN",same,16,25231,946,failure,200,1983481797,9917408.985
covercrypt,hybridized,089a548,"SEC::LOW && DPT::MKG && CTR::$","SEC::HIG && DPT::DEV && CTR::FR",same,16,25231,946,failure,200,1491484781,7457423.905
covercrypt,hybridized,089a548,"SEC::LOW && DPT::MKG && CTR::$","SEC::HIG && DPT::DEV && CTR::$",same,32,51939,946,failure,200,2923661116,14618305.580
covercrypt,hybridized,089a548,"SEC::LOW && DPT::MKG && CTR::$","SEC::HIG && DPT::MKG",different,32,51939,946,success,200,2155674808,10778374.040
covercrypt,hybridized,089a548,"SEC::LOW && DPT::MKG && CTR::$","SEC::HIG && DPT::MKG && CTR::EN",same,16,25231,946,failure,200,1811603100,9058015.500
covercrypt,hybridized,089a548,"SEC::LOW && DPT::MKG && CTR::$","SEC::HIG && DPT::MKG && CTR::FR",same,16,25231,946,failure,200,2282572352,11412861.760
covercrypt,hybridized,089a548,"SEC::LOW && DPT::MKG && CTR::$","SEC::HIG && DPT::MKG && CTR::$",same,32,51939,946,success,200,3336389151,16681945.755
covercrypt,hybridized,089a548,"SEC::LOW && DPT::MKG && CTR::$","SEC::HIG && DPT::$",different,64,105363,946,success,200,6325663024,31628315.120
covercrypt,hybridized,089a548,"SEC::LOW && DPT::MKG && CTR::$","SEC::HIG && DPT::$ && CTR::EN",same,32,51939,946,failure,200,5685267626,28426338.130
covercrypt,hybridized,089a548,"SEC::LOW && DPT::MKG && CTR::$","SEC::HIG && DPT::$ && CTR::FR",same,32,51939,946,failure,200,6188921589,30944607.945
covercrypt,hybridized,089a548,"SEC::LOW && DPT::MKG && CTR::$","SEC::HIG && DPT::$ && CTR::$",same,64,105363,946,success,200,6656694954,33283474.770
covercrypt,hybridized,089a548,"SEC::LOW && DPT::MKG && CTR::$","SEC::$",different,80,132075,946,success,200,9110508492,45552542.460
covercrypt,hybridized,089a548,"SEC::LOW && DPT::MKG && CTR::$","SEC::$ && CTR::EN",different,40,65293,946,failure,200,7849789315,39248946.575
covercrypt,hybridized,089a548,"SEC::LOW && DPT::MKG && CTR::$","SEC::$ && CTR::FR",different,40,65293,946,failure,200,7980458650,39902293.250
covercrypt,hybridized,089a548,"SEC::LOW && DPT::MKG && CTR::$","SEC::$ && CTR::$",different,80,132075,946,success,200,8315610547,41578052.735
covercrypt,hybridized,089a548,"SEC::LOW && DPT::MKG && CTR::$","SEC::$ && DPT::DEV",different,40,65293,946,failure,200,7894062462,39470312.310
covercrypt,hybridized,089a548,"SEC::LOW && DPT::MKG && CTR::$","SEC::$ && DPT::DEV && CTR::EN",same,20,31907,946,failure,200,3647536788,18237683.940
covercrypt,hybridized,089a548,"SEC::LOW && DPT::MKG && CTR::$","SEC::$ && DPT::DEV && CTR::FR",same,20,31907,946,failure,200,3825903209,19129516.045
covercrypt,hybridized,089a548,"SEC::LOW && DPT::MKG && CTR::$","SEC::$ && DPT::DEV && CTR::$",same,40,65293,946,failure,200,7817594018,39087970.090
covercrypt,hybridized,089a548,"SEC::LOW && DPT::MKG && CTR::$","SEC::$ && DPT::MKG",different,40,65293,946,success,200,2731769941,13658849.705
covercrypt,hybridized,089a548,"SEC::LOW && DPT::MKG && CTR::$","SEC::$ && DPT::MKG && CTR::EN",same,20,31907,946,failure,200,3563835024,17819175.120
covercrypt,hybridized,089a548,"SEC::LOW && DPT::MKG && CTR::$","SEC::$ && DPT::MKG && CTR::FR",same,20,31907,946,failure,200,3793641407,18968207.035
covercrypt,hybridized,089a548,"SEC::LOW && DPT::MKG && CTR::$","SEC::$ && DPT::MKG && CTR::$",same,40,65293,946,success,200,3082552439,15412762.195
covercrypt,hybridized,089a548,"SEC::LOW && DPT::MKG && CTR::$","SEC::$ && DPT::$",different,80,132075,946,success,200,5379133111,26895665.555
covercrypt,hybridized,089a548,"SEC::LOW && DPT::MKG && CTR::$","SEC::$ && DPT::$ && CTR::EN",same,40,65293,946,failure,200,4001394588,20006972.940
covercrypt,hybridized,089a548,"SEC::LOW && DPT::MKG && CTR::$","SEC::$ && DPT::$ && CTR::FR",same,40,65293,946,failure,200,3917374347,19586871.735
covercrypt,hybridized,089a548,"SEC::LOW && DPT::MKG && CTR::$","SEC::$ && DPT::$ && CTR::$",same,80,132075,946,success,200,3747536547,18737682.735
covercrypt,hybridized,089a548,"SEC::MED && CTR::$","CTR::EN",different,40,65293,946,failure,200,3935565935,19677829.675
covercrypt,hybridized,089a548,"SEC::MED && CTR::$","CTR::FR",different,40,65293,946,failure,200,5781283523,28906417.615
covercrypt,hybridized,089a548,"SEC::MED && CTR::$","CTR::$",different,80,132075,946,success,200,4471735123,22358675.615
covercrypt,hybridized,089a548,"SEC::MED && CTR::$","DPT::DEV",different,40,65293,946,success,200,1808200812,9041004.060
covercrypt,hybridized,089a548,"SEC::MED && CTR::$","DPT::DEV && CTR::EN",different,20,31907,946,failure,200,1848019748,9240098.740
covercrypt,hybridized,089a548,"SEC::MED && CTR::$","DPT::DEV && CTR::FR",different,20,31907,946,failure,200,2456581723,12282908.615
covercrypt,hybridized,089a548,"SEC::MED && CTR::$","DPT::DEV && CTR::$",different,40,65293,946,success,200,2178606353,10893031.765
covercrypt,hybridized,089a548,"SEC::MED && CTR::$","DPT::MKG",different,40,65293,946,success,200,2067174008,10335870.040
covercrypt,hybridized,089a548,"SEC::MED && CTR::$","DPT::MKG && CTR::EN",different,20,31907,946,failure,200,1684251907,8421259.535
covercrypt,hybridized,089a548,"SEC::MED && CTR::$","DPT::MKG && CTR::FR",different,20,31907,946,failure,200,1658695927,8293479.635
covercrypt,hybridized,089a548,"SEC::MED && CTR::$","DPT::MKG && CTR::$",different,40,65293,946,success,200,2098832138,10494160.690
covercrypt,hybridized,089a548,"SEC::MED && CTR::$","DPT::$",different,80,132075,946,success,200,4626284560,23131422.800
covercrypt,hybridized,089a548,"SEC::MED && CTR::$","DPT::$ && CTR::EN",different,40,65293,946,failure,200,3718310745,18591553.725
covercrypt,hybridized,089a548,"SEC::MED && CTR::$","DPT::$ && CTR::FR",different,40,65293,946,failure,200,3566318741,17831593.705
covercrypt,hybridized,089a548,"SEC::MED && CTR::$","DPT::$ && CTR::$",different,80,132075,946,success,200,3682998568,18414992.840
covercrypt,hybridized,089a548,"SEC::MED && CTR::$","SEC::LOW",different,32,51939,946,failure,200,3226549800,16132749.000
covercrypt,hybridized,089a548,"SEC::MED && CTR::$","SEC::LOW && CTR::EN",different,16,25231,946,failure,200,1363018947,6815094.735
covercrypt,hybridized,089a548,"SEC::MED && CTR::$","SEC::LOW && CTR::FR",different,16,25231,946,failure,200,1850147370,9250736.850
covercrypt,hybridized,089a548,"SEC::MED && CTR::$","SEC::LOW && CTR::$",different,32,51939,946,failure,200,3929307753,19646538.765
covercrypt,hybridized,089a548,"SEC::MED && CTR::$","SEC::LOW && DPT::DEV",different,16,25231,946,failure,200,1706943750,8534718.750
covercrypt,hybridized,089a548,"SEC::MED && CTR::$","SEC::LOW && DPT::DEV && CTR::EN",same,8,11879,946,failure,200,993970102,4969850.510
covercrypt,hybridized,089a548,"SEC::MED && CTR::$","SEC::LOW && DPT::DEV && CTR::FR",same,8,11879,946,failure,200,688558259,3442791.295
covercrypt,hybridized,089a548,"SEC::MED && CTR::$","SEC::LOW && DPT::DEV && CTR::$",same,16,25231,946,failure,200,1850195629,9250978.145
covercrypt,hybridized,089a548,"SEC::MED && CTR::$","SEC::LOW && DPT::MKG",different,16,25231,946,failure,200,1622849248,8114246.240
covercrypt,hybridized,089a548,"SEC::MED && CTR::$","SEC::LOW && DPT::MKG && CTR::EN",same,8,11879,946,failure,200,1257073824,6285369.120
covercrypt,hybridized,089a548,"SEC::MED && CTR::$","SEC::LOW && DPT::MKG && CTR::FR",same,8,11879,946,failure,200,662009269,3310046.345
covercrypt,hybridized,089a548,"SEC::MED && CTR::$","SEC::LOW && DPT::MKG && CTR::$",same,16,25231,946,failure,200,1409787893,7048939.465
covercrypt,hybridized,089a548,"SEC::MED && CTR::$","SEC::LOW && DPT::$",different,32,51939,946,failure,200,3249484845,16247424.225
covercrypt,hybridized,089a548,"SEC::MED && CTR::$","SEC::LOW && DPT::$ && CTR::EN",same,16,25231,946,failure,200,1330705922,6653529.610
covercrypt,hybridized,089a548,"SEC::MED && CTR::$","SEC::LOW && DPT::$ && CTR::FR",same,16,25231,946,failure,200,1410027689,7050138.445
covercrypt,hybridized,089a548,"SEC::MED && CTR::$","SEC::LOW && DPT::$ && CTR::$",same,32,51939,946,failure,200,2827540175,14137700.875
covercrypt,hybridized,089a548,"SEC::MED && CTR::$","SEC::MED",different,48,78651,946,success,200,2101815296,10509076.480
covercrypt,hybridized,089a548,"SEC::MED && CTR::$","SEC::MED && CTR::EN",different,24,38585,946,failure,200,1931842761,9659213.805
covercrypt,hybridized,089a548,"SEC::MED && CTR::$","SEC::MED && CTR::FR",different,24,38585,946,failure,200,1803517093,9017585.465
covercrypt,hybridized,089a548,"SEC::MED && CTR::$","SEC::MED && CTR::$",different,48,78651,946,success,200,2570627677,12853138.385
covercrypt,hybridized,089a548,"SEC::MED && CTR::$","SEC::MED && DPT::DEV",different,24,38585,946,success,200,1329001044,6645005.220
covercrypt,hybridized,089a548,"SEC::MED && CTR::$","SEC::MED && DPT::DEV && CTR::EN",same,12,18555,946,failure,200,1729565507,8647827.535
covercrypt,hybridized,089a548,"SEC::MED && CTR::$","SEC::MED && DPT::DEV && CTR::FR",same,12,18555,946,failure,200,1303315151,6516575.755
covercrypt,hybridized,089a548,"SEC::MED && CTR::$","SEC::MED && DPT::DEV && CTR::$",same,24,38585,946,success,200,1203823319,6019116.595
covercrypt,hybridized,089a548,"SEC::MED && CTR::$","SEC::MED && DPT::MKG",different,24,38585,946,success,200,1110507371,5552536.855
covercrypt,hybridized,089a548,"SEC::MED && CTR::$","SEC::MED && DPT::MKG && CTR::EN",same,12,18555,946,failure,200,1206149583,6030747.915
covercrypt,hybridized,089a548,"SEC::MED && CTR::$","SEC::MED && DPT::MKG && CTR::FR",same,12,18555,946,failure,200,1599122590,7995612.950
covercrypt,hybridized,089a548,"SEC::MED && CTR::$","SEC::MED && DPT::MKG && CTR::$",same,24,38585,946,success,200,1510590475,7552952.375
covercrypt,hybridized,089a548,"SEC::MED && CTR::$","SEC::MED && DPT::$",different,48,78651,946,success,200,2434925438,12174627.190
covercrypt,hybridized,089a548,"SEC::MED && CTR::$","SEC::MED && DPT::$ && CTR::EN",same,24,38585,946,failure,200,2094689595,10473447.975
covercrypt,hybridized,089a548,"SEC::MED && CTR::$","SEC::MED && DPT::$ && CTR::FR",same,24,38585,946,failure,200,3277436120,16387180.600
covercrypt,hybridized,089a548,"SEC::MED && CTR::$","SEC::MED && DPT::$ && CTR::$",same,48,78651,946,success,200,2684103410,13420517.050
covercrypt,hybridized,089a548,"SEC::MED && CTR::$","SEC::HIG",different,64,105363,946,success,200,2931513113,14657565.565
covercrypt,hybridized,089a548,"SEC::MED && CTR::$","SEC::HIG && CTR::EN",different,32,51939,946,failure,200,3226572700,16132863.500
covercrypt,hybridized,089a548,"SEC::MED && CTR::$","SEC::HIG && CTR::FR",different,32,51939,946,failure,200,4375425569,21877127.845
covercrypt,hybridized,089a548,"SEC::MED && CTR::$","SEC::HIG && CTR::$",different,64,105363,946,success,200,4530614074,22653070.370
covercrypt,hybridized,089a548,"SEC::MED && CTR::$","SEC::HIG && DPT::DEV",different,32,51939,946,success,200,2515702548,12578512.740
covercrypt,hybridized,089a548,"SEC::MED && CTR::$","SEC::HIG && DPT::DEV && CTR::EN",same,16,25231,946,failure,200,2707066392,13535331.960
covercrypt,hybridized,089a548,"SEC::MED && CTR::$","SEC::HIG && DPT::DEV && CTR::FR",same,16,25231,946,failure,200,3031892596,15159462.980
covercrypt,hybridized,089a548,"SEC::MED && CTR::$","SEC::HIG && DPT::DEV && CTR::$",same,32,51939,946,success,200,3142827542,15714137.710
covercrypt,hybridized,089a548,"SEC::MED && CTR::$","SEC::HIG && DPT::MKG",different,32,51939,946,success,200,2160797810,10803989.050
covercrypt,hybridized,089a548,"SEC::MED && CTR::$","SEC::HIG && DPT::MKG && CTR::EN",same,16,25231,946,failure,200,3026108182,15130540.910
covercrypt,hybridized,089a548,"SEC::MED && CTR::$","SEC::HIG && DPT::MKG && CTR::FR",same,16,25231,946,failure,200,3155497560,15777487.800
covercrypt,hybridized,089a548,"SEC::MED && CTR::$","SEC::HIG && DPT::MKG && CTR::$",same,32,51939,946,success,200,3066551643,15332758.215
covercrypt,hybridized,089a548,"SEC::MED && CTR::$","SEC::HIG && DPT::$",different,64,105363,946,success,200,3607238743,18036193.715
covercrypt,hybridized,089a548,"SEC::MED && CTR::$","SEC::HIG && DPT::$ && CTR::EN",same,32,51939,946,failure,200,3276113462,16380567.310
covercrypt,hybridized,089a548,"SEC::MED && CTR::$","SEC::HIG && DPT::$ && CTR::FR",same,32,51939,946,failure,200,4075115926,20375579.630
covercrypt,hybridized,089a548,"SEC::MED && CTR::$","SEC::HIG && DPT::$ && CTR::$",same,64,105363,946,success,200,5572514685,27862573.425
covercrypt,hybridized,089a548,"SEC::MED && CTR::$","SEC::$",different,80,132075,946,success,200,5570042844,27850214.220
covercrypt,hybridized,089a548,"SEC::MED && CTR::$","SEC::$ && CTR::EN",different,40,65293,946,failure,200,4135315720,20676578.600
covercrypt,hybridized,089a548,"SEC::MED && CTR::$","SEC::$ && CTR::FR",different,40,65293,946,failure,200,3475726245,17378631.225
covercrypt,hybridized,089a548,"SEC::MED && CTR::$","SEC::$ && CTR::$",different,80,132075,946,success,200,4693614446,23468072.230
covercrypt,hybridized,089a548,"SEC::MED && CTR::$","SEC::$ && DPT::DEV",different,40,65293,946,success,200,1968876186,9844380.930
covercrypt,hybridized,089a548,"SEC::MED && CTR::$","SEC::$ && DPT::DEV && CTR::EN",same,20,31907,946,failure,200,1961488077,9807440.385
covercrypt,hybridized,089a548,"SEC::MED && CTR::$","SEC::$ && DPT::DEV && CTR::FR",same,20,31907,946,failure,200,1775168005,8875840.025
covercrypt,hybridized,089a548,"SEC::MED && CTR::$","SEC::$ && DPT::DEV && CTR::$",same,40,65293,946,success,200,2116713934,10583569.670
covercrypt,hybridized,089a548,"SEC::MED && CTR::$","SEC::$ && DPT::MKG",different,40,65293,946,success,200,2792569151,13962845.755
covercrypt,hybridized,089a548,"SEC::MED && CTR::$","SEC::$ && DPT::MKG && CTR::EN",same,20,31907,946,failure,200,3513327372,17566636.860
covercrypt,hybridized,089a548,"SEC::MED && CTR::$","SEC::$ && DPT::MKG && CTR::FR",same,20,31907,946,failure,200,3916077470,19580387.350
covercrypt,hybridized,089a548,"SEC::MED && CTR::$","SEC::$ && DPT::MKG && CTR::$",same,40,65293,946,success,200,3987131618,19935658.090
covercrypt,hybridized,089a548,"SEC::MED && CTR::$","SEC::$ && DPT::$",different,80,132075,946,success,200,8118093713,40590468.565
covercrypt,hybridized,089a548,"SEC::MED && CTR::$","SEC::$ && DPT::$ && CTR::EN",same,40,65293,946,failure,200,7880994633,39404973.165
covercrypt,hybridized,089a548,"SEC::MED && CTR::$","SEC::$ && DPT::$ && CTR::FR",same,40,65293,946,failure,200,7930816581,39654082.905
covercrypt,hybridized,089a548,"SEC::MED && CTR::$","SEC::$ && DPT::$ && CTR::$",same,80,132075,946,success,200,7357192641,36785963.205
covercrypt,hybridized,089a548,"SEC::MED && DPT::MKG && CTR::$","CTR::EN",different,40,65293,946,failure,200,7843267026,39216335.130
covercrypt,hybridized,089a548,"SEC::MED && DPT::MKG && CTR::$","CTR::FR",different,40,65293,946,failure,200,7997668081,39988340.405
covercrypt,hybridized,089a548,"SEC::MED && DPT::MKG && CTR::$","CTR::$",different,80,132075,946,success,200,8138250981,40691254.905
covercrypt,hybridized,089a548,"SEC::MED && DPT::MKG && CTR::$","DPT::DEV",different,40,65293,946,failure,200,7955161976,39775809.880
covercrypt,hybridized,089a548,"SEC::MED && DPT::MKG && CTR::$","DPT::DEV && CTR::EN",different,20,31907,946,failure,200,3848922758,19244613.790
covercrypt,hybridized,089a548,"SEC::MED && DPT::MKG && CTR::$","DPT::DEV && CTR::FR",different,20,31907,946,failure,200,3940781335,19703906.675
covercrypt,hybridized,089a548,"SEC::MED && DPT::MKG && CTR::$","DPT::DEV && CTR::$",different,40,65293,946,failure,200,7922692602,39613463.010
covercrypt,hybridized,089a548,"SEC::MED && DPT::MKG && CTR::$","DPT::MKG",different,40,65293,946,success,200,4448074083,22240370.415
covercrypt,hybridized,089a548,"SEC::MED && DPT::MKG && CTR::$","DPT::MKG && CTR::EN",different,20,31907,946,failure,200,3847044368,19235221.840
covercrypt,hybridized,089a548,"SEC::MED && DPT::MKG && CTR::$","DPT::MKG && CTR::FR",different,20,31907,946,failure,200,3885377553,19426887.765
covercrypt,hybridized,089a548,"SEC::MED && DPT::MKG && CTR::$","DPT::MKG && CTR::$",different,40,65293,946,success,200,4410722322,22053611.610
covercrypt,hybridized,089a548,"SEC::MED && DPT::MKG && CTR::$","DPT::$",different,80,132075,946,success,200,7919888973,39599444.865
covercrypt,hybridized,089a548,"SEC::MED && DPT::MKG && CTR::$","DPT::$ && CTR::EN",different,40,65293,946,failure,200,7875745767,39378728.835
covercrypt,hybridized,089a548,"SEC::MED && DPT::MKG && CTR::$","DPT::$ && CTR::FR",different,40,65293,946,failure,200,7545186691,37725933.455
covercrypt,hybridized,089a548,"SEC::MED && DPT::MKG && CTR::$","DPT::$ && CTR::$",different,80,132075,946,success,200,7272903293,36364516.465
covercrypt,hybridized,089a548,"SEC::MED && DPT::MKG && CTR::$","SEC::LOW",different,32,51939,946,failure,200,6050635391,30253176.955
covercrypt,hybridized,089a548,"SEC::MED && DPT::MKG && CTR::$","SEC::LOW && CTR::EN",different,16,25231,946,failure,200,3091672299,15458361.495
covercrypt,hybridized,089a548,"SEC::MED && DPT::MKG && CTR::$","SEC::LOW && CTR::FR",different,16,25231,946,failure,200,2922105246,14610526.230
covercrypt,hybridized,089a548,"SEC::MED && DPT::MKG && CTR::$","SEC::LOW && CTR::$",different,32,51939,946,failure,200,6173169845,30865849.225
covercrypt,hybridized,089a548,"SEC::MED && DPT::MKG && CTR::$","SEC::LOW && DPT::DEV",different,16,25231,946,failure,200,3004687719,15023438.595
covercrypt,hybridized,089a548,"SEC::MED && DPT::MKG && CTR::$","SEC::LOW && DPT::DEV && CTR::EN",same,8,11879,946,failure,200,1508048094,7540240.470
covercrypt,hybridized,089a548,"SEC::MED && DPT::MKG && CTR::$","SEC::LOW && DPT::DEV && CTR::FR",same,8,11879,946,failure,200,1445248513,7226242.565
covercrypt,hybridized,089a548,"SEC::MED && DPT::MKG && CTR::$","SEC::LOW && DPT::DEV && CTR::$",same,16,25231,946,failure,200,3088552475,15442762.375
covercrypt,hybridized,089a548,"SEC::MED && DPT::MKG && CTR::$","SEC::LOW && DPT::MKG",different,16,25231,946,failure,200,2962843886,14814219.430
covercrypt,hybridized,089a548,"SEC::MED && DPT::MKG && CTR::$","SEC::LOW && DPT::MKG && CTR::EN",same,8,11879,946,failure,200,1437737462,7188687.310
covercrypt,hybridized,089a548,"SEC::MED && DPT::MKG && CTR::$","SEC::LOW && DPT::MKG && CTR::FR",same,8,11879,946,failure,200,1533941187,7669705.935
covercrypt,hybridized,089a548,"SEC::MED && DPT::MKG && CTR::$","SEC::LOW && DPT::MKG && CTR::$",same,16,25231,946,failure,200,3252883456,16264417.280
covercrypt,hybridized,089a548,"SEC::MED && DPT::MKG && CTR::$","SEC::LOW && DPT::$",different,32,51939,946,failure,200,6513365697,32566828.485
covercrypt,hybridized,089a548,"SEC::MED && DPT::MKG && CTR::$","SEC::LOW && DPT::$ && CTR::EN",same,16,25231,946,failure,200,3100055834,15500279.170
covercrypt,hybridized,089a548,"SEC::MED && DPT::MKG && CTR::$","SEC::LOW && DPT::$ && CTR::FR",same,16,25231,946,failure,200,3188825472,15944127.360
covercrypt,hybridized,089a548,"SEC::MED && DPT::MKG && CTR::$","SEC::LOW && DPT::$ && CTR::$",same,32,51939,946,failure,200,6214669561,31073347.805
covercrypt,hybridized,089a548,"SEC::MED && DPT::MKG && CTR::$","SEC::MED",different,48,78651,946,success,200,4920720683,24603603.415
covercrypt,hybridized,089a548,"SEC::MED && DPT::MKG && CTR::$","SEC::MED && CTR::EN",different,24,38585,946,failure,200,4794180442,23970902.210
covercrypt,hybridized,089a548,"SEC::MED && DPT::MKG && CTR::$","SEC::MED && CTR::FR",different,24,38585,946,failure,200,4716228636,23581143.180
covercrypt,hybridized,089a548,"SEC::MED && DPT::MKG && CTR::$","SEC::MED && CTR::$",different,48,78651,946,success,200,4769900736,23849503.680
covercrypt,hybridized,089a548,"SEC::MED && DPT::MKG && CTR::$","SEC::MED && DPT::DEV",different,24,38585,946,failure,200,4578845837,22894229.185
covercrypt,hybridized,089a548,"SEC::MED && DPT::MKG && CTR::$","SEC::MED && DPT::DEV && CTR::EN",same,12,18555,946,failure,200,2272367880,11361839.400
covercrypt,hybridized,089a548,"SEC::MED && DPT::MKG && CTR::$","SEC::MED && DPT::DEV && CTR::FR",same,12,18555,946,failure,200,2736019002,13680095.010
covercrypt,hybridized,089a548,"SEC::MED && DPT::MKG && CTR::$","SEC::MED && DPT::DEV && CTR::$",same,24,38585,946,failure,200,4654301077,23271505.385
covercrypt,hybridized,089a548,"SEC::MED && DPT::MKG && CTR::$","SEC::MED && DPT::MKG",different,24,38585,946,success,200,2582587325,12912936.625
covercrypt,hybridized,089a548,"SEC::MED && DPT::MKG && CTR::$","SEC::MED && DPT::MKG && CTR::EN",same,12,18555,946,failure,200,2385298324,11926491.620
covercrypt,hybridized,089a548,"SEC::MED && DPT::MKG && CTR::$","SEC::MED && DPT::MKG && CTR::FR",same,12,18555,946,failure,200,2308885553,11544427.765
covercrypt,hybridized,089a548,"SEC::MED && DPT::MKG && CTR::$","SEC::MED && DPT::MKG && CTR::$",same,24,38585,946,success,200,2544440564,12722202.820
covercrypt,hybridized,089a548,"SEC::MED && DPT::MKG && CTR::$","SEC::MED && DPT::$",different,48,78651,946,success,200,5086408553,25432042.765
covercrypt,hybridized,089a548,"SEC::MED && DPT::MKG && CTR::$","SEC::MED && DPT::$ && CTR::EN",same,24,38585,946,failure,200,4554849758,22774248.790
covercrypt,hybridized,089a548,"SEC::MED && DPT::MKG && CTR::$","SEC::MED && DPT::$ && CTR::FR",same,24,38585,946,failure,200,3191345794,15956728.970
covercrypt,hybridized,089a548,"SEC::MED && DPT::MKG && CTR::$","SEC::MED && DPT::$ && CTR::$",same,48,78651,946,success,200,2629260814,13146304.070
covercrypt,hybridized,089a548,"SEC::MED && DPT::MKG && CTR::$","SEC::HIG",different,64,105363,946,success,200,4402102844,22010514.220
covercrypt,hybridized,089a548,"SEC::MED && DPT::MKG && CTR::$","SEC::HIG && CTR::EN",different,32,51939,946,failure,200,3013483868,15067419.340
covercrypt,hybridized,089a548,"SEC::MED && DPT::MKG && CTR::$","SEC::HIG && CTR::FR",different,32,51939,946,failure,200,4653103230,23265516.150
covercrypt,hybridized,089a548,"SEC::MED && DPT::MKG && CTR::$","SEC::HIG && CTR::$",different,64,105363,946,success,200,4297453484,21487267.420
covercrypt,hybridized,089a548,"SEC::MED && DPT::MKG && CTR::$","SEC::HIG && DPT::DEV",different,32,51939,946,failure,200,4271362858,21356814.290
covercrypt,hybridized,089a548,"SEC::MED && DPT::MKG && CTR::$","SEC::HIG && DPT::DEV && CTR::EN",same,16,25231,946,failure,200,1713442493,8567212.465
covercrypt,hybridized,089a548,"SEC::MED && DPT::MKG && CTR::$","SEC::HIG && DPT::DEV && CTR::FR",same,16,25231,946,failure,200,1635908312,8179541.560
covercrypt,hybridized,089a548,"SEC::MED && DPT::MKG && CTR::$","SEC::HIG && DPT::DEV && CTR::$",same,32,51939,946,failure,200,3656608473,18283042.365
covercrypt,hybridized,089a548,"SEC::MED && DPT::MKG && CTR::$","SEC::HIG && DPT::MKG",different,32,51939,946,success,200,2400515780,12002578.900
covercrypt,hybridized,089a548,"SEC::MED && DPT::MKG && CTR::$","SEC::HIG && DPT::MKG && CTR::EN",same,16,25231,946,failure,200,1650798254,8253991.270
covercrypt,hybridized,089a548,"SEC::MED && DPT::MKG && CTR::$","SEC::HIG && DPT::MKG && CTR::FR",same,16,25231,946,failure,200,1636610133,8183050.665
covercrypt,hybridized,089a548,"SEC::MED && DPT::MKG && CTR::$","SEC::HIG && DPT::MKG && CTR::$",same,32,51939,946,success,200,2453030581,12265152.905
covercrypt,hybridized,089a548,"SEC::MED && DPT::MKG && CTR::$","SEC::HIG && DPT::$",different,64,105363,946,success,200,4996420109,24982100.545
covercrypt,hybridized,089a548,"SEC::MED && DPT::MKG && CTR::$","SEC::HIG && DPT::$ && CTR::EN",same,32,51939,946,failure,200,4398688713,21993443.565
covercrypt,hybridized,089a548,"SEC::MED && DPT::MKG && CTR::$","SEC::HIG && DPT::$ && CTR::FR",same,32,51939,946,failure,200,4029066970,20145334.850
covercrypt,hybridized,089a548,"SEC::MED && DPT::MKG && CTR::$","SEC::HIG && DPT::$ && CTR::$",same,64,105363,946,success,200,3492805137,17464025.685
covercrypt,hybridized,089a548,"SEC::MED && DPT::MKG && CTR::$","SEC::$",different,80,132075,946,success,200,5933783494,29668917.470
covercrypt,hybridized,089a548,"SEC::MED && DPT::MKG && CTR::$","SEC::$ && CTR::EN",different,40,65293,946,failure,200,4033094969,20165474.845
covercrypt,hybridized,089a548,"SEC::MED && DPT::MKG && CTR::$","SEC::$ && CTR::FR",different,40,65293,946,failure,200,5379340823,26896704.115
covercrypt,hybridized,089a548,"SEC::MED && DPT::MKG && CTR::$","SEC::$ && CTR::$",different,80,132075,946,success,200,6041893160,30209465.800
covercrypt,hybridized,089a548,"SEC::MED && DPT::MKG && CTR::$","SEC::$ && DPT::DEV",different,40,65293,946,failure,200,6221563538,31107817.690
covercrypt,hybridized,089a548,"SEC::MED && DPT::MKG && CTR::$","SEC::$ && DPT::DEV && CTR::EN",same,20,31907,946,failure,200,2491626226,12458131.130
covercrypt,hybridized,089a548,"SEC::MED && DPT::MKG && CTR::$","SEC::$ && DPT::DEV && CTR::FR",same,20,31907,946,failure,200,2376467632,11882338.160
covercrypt,hybridized,089a548,"SEC::MED && DPT::MKG && CTR::$","SEC::$ && DPT::DEV && CTR::$",same,40,65293,946,failure,200,7246415279,36232076.395
covercrypt,hybridized,089a548,"SEC::MED && DPT::MKG && CTR::$","SEC::$ && DPT::MKG",different,40,65293,946,success,200,4468000027,22340000.135
covercrypt,hybridized,089a548,"SEC::MED && DPT::MKG && CTR::$","SEC::$ && DPT::MKG && CTR::EN",same,20,31907,946,failure,200,3760067272,18800336.360
covercrypt,hybridized,089a548,"SEC::MED && DPT::MKG && CTR::$","SEC::$ && DPT::MKG && CTR::FR",same,20,31907,946,failure,200,3885757905,19428789.525
covercrypt,hybridized,089a548,"SEC::MED && DPT::MKG && CTR::$","SEC::$ && DPT::MKG && CTR::$",same,40,65293,946,success,200,3894867970,19474339.850
covercrypt,hybridized,089a548,"SEC::MED && DPT::MKG && CTR::$","SEC::$ && DPT::$",different,80,132075,946,success,200,7550737485,37753687.425
covercrypt,hybridized,089a548,"SEC::MED && DPT::MKG && CTR::$","SEC::$ && DPT::$ && CTR::EN",same,40,65293,946,failure,200,8054062776,40270313.880
covercrypt,hybridized,089a548,"SEC::MED && DPT::MKG && CTR::$","SEC::$ && DPT::$ && CTR::FR",same,40,65293,946,failure,200,8074129389,40370646.945
covercrypt,hybridized,089a548,"SEC::MED && DPT::MKG && CTR::$","SEC::$ && DPT::$ && CTR::$",same,80,132075,946,success,200,7972552750,39862763.750
covercrypt,hybridized,089a548,"SEC::HIG && CTR::$","CTR::EN",different,40,65293,946,failure,200,4432563282,22162816.410
covercrypt,hybridized,089a548,"SEC::HIG && CTR::$","CTR::FR",different,40,65293,946,failure,200,7118360002,35591800.010
covercrypt,hybridized,089a548,"SEC::HIG && CTR::$","CTR::$",different,80,132075,946,success,200,6592739026,32963695.130
covercrypt,hybridized,089a548,"SEC::HIG && CTR::$","DPT::DEV",different,40,65293,946,success,200,4280208601,21401043.005
covercrypt,hybridized,089a548,"SEC::HIG && CTR::$","DPT::DEV && CTR::EN",different,20,31907,946,failure,200,3842776076,19213880.380
covercrypt,hybridized,089a548,"SEC::HIG && CTR::$","DPT::DEV && CTR::FR",different,20,31907,946,failure,200,3996934213,19984671.065
covercrypt,hybridized,089a548,"SEC::HIG && CTR::$","DPT::DEV && CTR::$",different,40,65293,946,success,200,4236565045,21182825.225
covercrypt,hybridized,089a548,"SEC::HIG && CTR::$","DPT::MKG",different,40,65293,946,success,200,3889078174,19445390.870
covercrypt,hybridized,089a548,"SEC::HIG && CTR::$","DPT::MKG && CTR::EN",different,20,31907,946,failure,200,3665454981,18327274.905
covercrypt,hybridized,089a548,"SEC::HIG && CTR::$","DPT::MKG && CTR::FR",different,20,31907,946,failure,200,3706123423,18530617.115
covercrypt,hybridized,089a548,"SEC::HIG && CTR::$","DPT::MKG && CTR::$",different,40,65293,946,success,200,4106699968,20533499.840
covercrypt,hybridized,089a548,"SEC::HIG && CTR::$","DPT::$",different,80,132075,946,success,200,7844684172,39223420.860
covercrypt,hybridized,089a548,"SEC::HIG && CTR::$","DPT::$ && CTR::EN",different,40,65293,946,failure,200,7399513389,36997566.945
covercrypt,hybridized,089a548,"SEC::HIG && CTR::$","DPT::$ && CTR::FR",different,40,65293,946,failure,200,7539714687,37698573.435
covercrypt,hybridized,089a548,"SEC::HIG && CTR::$","DPT::$ && CTR::$",different,80,132075,946,success,200,7884506672,39422533.360
covercrypt,hybridized,089a548,"SEC::HIG && CTR::$","SEC::LOW",different,32,51939,946,failure,200,6137704276,30688521.380
covercrypt,hybridized,089a548,"SEC::HIG && CTR::$","SEC::LOW && CTR::EN",different,16,25231,946,failure,200,3148927854,15744639.270
covercrypt,hybridized,089a548,"SEC::HIG && CTR::$","SEC::LOW && CTR::FR",different,16,25231,946,failure,200,3062573488,15312867.440
covercrypt,hybridized,089a548,"SEC::HIG && CTR::$","SEC::LOW && CTR::$",different,32,51939,946,failure,200,6306311027,31531555.135
covercrypt,hybridized,089a548,"SEC::HIG && CTR::$","SEC::LOW && DPT::DEV",different,16,25231,946,failure,200,3206734279,16033671.395
covercrypt,hybridized,089a548,"SEC::HIG && CTR::$","SEC::LOW && DPT::DEV && CTR::EN",same,8,11879,946,failure,200,1570334056,7851670.280
covercrypt,hybridized,089a548,"SEC::HIG && CTR::$","SEC::LOW && DPT::DEV && CTR::FR",same,8,11879,946,failure,200,1483402475,7417012.375
covercrypt,hybridized,089a548,"SEC::HIG && CTR::$","SEC::LOW && DPT::DEV && CTR::$",same,16,25231,946,failure,200,3012623163,15063115.815
covercrypt,hybridized,089a548,"SEC::HIG && CTR::$","SEC::LOW && DPT::MKG",different,16,25231,946,failure,200,3128532912,15642664.560
covercrypt,hybridized,089a548,"SEC::HIG && CTR::$","SEC::LOW && DPT::MKG && CTR::EN",same,8,11879,946,failure,200,1555964212,7779821.060
covercrypt,hybridized,089a548,"SEC::HIG && CTR::$","SEC::LOW && DPT::MKG && CTR::FR",same,8,11879,946,failure,200,1635862356,8179311.780
covercrypt,hybridized,089a548,"SEC::HIG && CTR::$","SEC::LOW && DPT::MKG && CTR::$",same,16,25231,946,failure,200,3344014883,16720074.415
covercrypt,hybridized,089a548,"SEC::HIG && CTR::$","SEC::LOW && DPT::$",different,32,51939,946,failure,200,6481857071,32409285.355
covercrypt,hybridized,089a548,"SEC::HIG && CTR::$","SEC::LOW && DPT::$ && CTR::EN",same,16,25231,946,failure,200,3381983767,16909918.835
covercrypt,hybridized,089a548,"SEC::HIG && CTR::$","SEC::LOW && DPT::$ && CTR::FR",same,16,25231,946,failure,200,3243981816,16219909.080
covercrypt,hybridized,089a548,"SEC::HIG && CTR::$","SEC::LOW && DPT::$ && CTR::$",same,32,51939,946,failure,200,6125963801,30629819.005
covercrypt,hybridized,089a548,"SEC::HIG && CTR::$","SEC::MED",different,48,78651,946,failure,200,8338920327,41694601.635
covercrypt,hybridized,089a548,"SEC::HIG && CTR::$","SEC::MED && CTR::EN",different,24,38585,946,failure,200,4594217656,22971088.280
covercrypt,hybridized,089a548,"SEC::HIG && CTR::$","SEC::MED && CTR::FR",different,24,38585,946,failure,200,4293396724,21466983.620
covercrypt,hybridized,089a548,"SEC::HIG && CTR::$","SEC::MED && CTR::$",different,48,78651,946,failure,200,7715270399,38576351.995
covercrypt,hybridized,089a548,"SEC::HIG && CTR::$","SEC::MED && DPT::DEV",different,24,38585,946,failure,200,3703096106,18515480.530
covercrypt,hybridized,089a548,"SEC::HIG && CTR::$","SEC::MED && DPT::DEV && CTR::EN",same,12,18555,946,failure,200,2105066843,10525334.215
covercrypt,hybridized,089a548,"SEC::HIG && CTR::$","SEC::MED && DPT::DEV && CTR::FR",same,12,18555,946,failure,200,1849393333,9246966.665
covercrypt,hybridized,089a548,"SEC::HIG && CTR::$","SEC::MED && DPT::DEV && CTR::$",same,24,38585,946,failure,200,3974083527,19870417.635
covercrypt,hybridized,089a548,"SEC::HIG && CTR::$","SEC::MED && DPT::MKG",different,24,38585,946,failure,200,2898659401,14493297.005
covercrypt,hybridized,089a548,"SEC::HIG && CTR::$","SEC::MED && DPT::MKG && CTR::EN",same,12,18555,946,failure,200,1593746398,7968731.990
covercrypt,hybridized,089a548,"SEC::HIG && CTR::$","SEC::MED && DPT::MKG && CTR::FR",same,12,18555,946,failure,200,1805208363,9026041.815
covercrypt,hybridized,089a548,"SEC::HIG && CTR::$","SEC::MED && DPT::MKG && CTR::$",same,24,38585,946,failure,200,3564775239,17823876.195
covercrypt,hybridized,089a548,"SEC::HIG && CTR::$","SEC::MED && DPT::$",different,48,78651,946,failure,200,6881451655,34407258.275
covercrypt,hybridized,089a548,"SEC::HIG && CTR::$","SEC::MED && DPT::$ && CTR::EN",same,24,38585,946,failure,200,4491648946,22458244.730
covercrypt,hybridized,089a548,"SEC::HIG && CTR::$","SEC::MED && DPT::$ && CTR::FR",same,24,38585,946,failure,200,4621391732,23106958.660
covercrypt,hybridized,089a548,"SEC::HIG && CTR::$","SEC::MED && DPT::$ && CTR::$",same,48,78651,946,failure,200,6381319687,31906598.435
covercrypt,hybridized,089a548,"SEC::HIG && CTR::$","SEC::HIG",different,64,105363,946,success,200,5667197214,28335986.070
covercrypt,hybridized,089a548,"SEC::HIG && CTR::$","SEC::HIG && CTR::EN",different,32,51939,946,failure,200,6320194019,31600970.095
covercrypt,hybridized,089a548,"SEC::HIG && CTR::$","SEC::HIG && CTR::FR",different,32,51939,946,failure,200,5284310965,26421554.825
covercrypt,hybridized,089a548,"SEC::HIG && CTR::$","SEC::HIG && CTR::$",different,64,105363,946,success,200,3191593095,15957965.475
covercrypt,hybridized,089a548,"SEC::HIG && CTR::$","SEC::HIG && DPT::DEV",different,32,51939,946,success,200,1489386812,7446934.060
covercrypt,hybridized,089a548,"SEC::HIG && CTR::$","SEC::HIG && DPT::DEV && CTR::EN",same,16,25231,946,failure,200,1534941617,7674708.085
covercrypt,hybridized,089a548,"SEC::HIG && CTR::$","SEC::HIG && DPT::DEV && CTR::FR",same,16,25231,946,failure,200,1276342020,6381710.100
covercrypt,hybridized,089a548,"SEC::HIG && CTR::$","SEC::HIG && DPT::DEV && CTR::$",same,32,51939,946,success,200,1443900354,7219501.770
covercrypt,hybridized,089a548,"SEC::HIG && CTR::$","SEC::HIG && DPT::MKG",different,32,51939,946,success,200,1526035306,7630176.530
covercrypt,hybridized,089a548,"SEC::HIG && CTR::$","SEC::HIG && DPT::MKG && CTR::EN",same,16,25231,946,failure,200,1459801686,7299008.430
covercrypt,hybridized,089a548,"SEC::HIG && CTR::$","SEC::HIG && DPT::MKG && CTR::FR",same,16,25231,946,failure,200,1504993696,7524968.480
covercrypt,hybridized,089a548,"SEC::HIG && CTR::$","SEC::HIG && DPT::MKG && CTR::$",same,32,51939,946,success,200,1723037763,8615188.815
covercrypt,hybridized,089a548,"SEC::HIG && CTR::$","SEC::HIG && DPT::$",different,64,105363,946,success,200,3069877784,15349388.920
covercrypt,hybridized,089a548,"SEC::HIG && CTR::$","SEC::HIG && DPT::$ && CTR::EN",same,32,51939,946,failure,200,2778737801,13893689.005
covercrypt,hybridized,089a548,"SEC::HIG && CTR::$","SEC::HIG && DPT::$ && CTR::FR",same,32,51939,946,failure,200,2574897138,12874485.690
covercrypt,hybridized,089a548,"SEC::HIG && CTR::$","SEC::HIG && DPT::$ && CTR::$",same,64,105363,946,success,200,2691935204,13459676.020
covercrypt,hybridized,089a548,"SEC::HIG && CTR::$","SEC::$",different,80,132075,946,success,200,2518724407,12593622.035
covercrypt,hybridized,089a548,"SEC::HIG && CTR::$","SEC::$ && CTR::EN",different,40,65293,946,failure,200,2476045819,12380229.095
covercrypt,hybridized,089a548,"SEC::HIG && CTR::$","SEC::$ && CTR::FR",different,40,65293,946,failure,200,2974013029,14870065.145
covercrypt,hybridized,089a548,"SEC::HIG && CTR::$","SEC::$ && CTR::$",different,80,132075,946,success,200,2828632199,14143160.995
covercrypt,hybridized,089a548,"SEC::HIG && CTR::$","SEC::$ && DPT::DEV",different,40,65293,946,success,200,1979078379,9895391.895
covercrypt,hybridized,089a548,"SEC::HIG && CTR::$","SEC::$ && DPT::DEV && CTR::EN",same,20,31907,946,failure,200,1497941704,7489708.520
covercrypt,hybridized,089a548,"SEC::HIG && CTR::$","SEC::$ && DPT::DEV && CTR::FR",same,20,31907,946,failure,200,1477435843,7387179.215
covercrypt,hybridized,089a548,"SEC::HIG && CTR::$","SEC::$ && DPT::DEV && CTR::$",same,40,65293,946,success,200,1331792367,6658961.835
covercrypt,hybridized,089a548,"SEC::HIG && CTR::$","SEC::$ && DPT::MKG",different,40,65293,946,success,200,1497125518,7485627.590
covercrypt,hybridized,089a548,"SEC::HIG && CTR::$","SEC::$ && DPT::MKG && CTR::EN",same,20,31907,946,failure,200,1305801163,6529005.815
covercrypt,hybridized,089a548,"SEC::HIG && CTR::$","SEC::$ && DPT::MKG && CTR::FR",same,20,31907,946,failure,200,1433434562,7167172.810
covercrypt,hybridized,089a548,"SEC::HIG && CTR::$","SEC::$ && DPT::MKG && CTR::$",same,40,65293,946,success,200,1722972162,8614860.810
covercrypt,hybridized,089a548,"SEC::HIG && CTR::$","SEC::$ && DPT::$",different,80,132075,946,success,200,2595631869,12978159.345
covercrypt,hybridized,089a548,"SEC::HIG && CTR::$","SEC::$ && DPT::$ && CTR::EN",same,40,65293,946,failure,200,2912294492,14561472.460
covercrypt,hybridized,089a548,"SEC::HIG && CTR::$","SEC::$ && DPT::$ && CTR::FR",same,40,65293,946,failure,200,3091869045,15459345.225
covercrypt,hybridized,089a548,"SEC::HIG && CTR::$","SEC::$ && DPT::$ && CTR::$",same,80,132075,946,success,200,3112958955,15564794.775
covercrypt,hybridized,089a548,"SEC::HIG && DPT::MKG && CTR::$","CTR::EN",different,40,65293,946,failure,200,2941093355,14705466.775
covercrypt,hybridized,089a548,"SEC::HIG && DPT::MKG && CTR::$","CTR::FR",different,40,65293,946,failure,200,2585743550,12928717.750
covercrypt,hybridized,089a548,"SEC::HIG && DPT::MKG && CTR::$","CTR::$",different,80,132075,946,success,200,3305570186,16527850.930
covercrypt,hybridized,089a548,"SEC::HIG && DPT::MKG && CTR::$","DPT::DEV",different,40,65293,946,failure,200,5317194428,26585972.140
covercrypt,hybridized,089a548,"SEC::HIG && DPT::MKG && CTR::$","DPT::DEV && CTR::EN",different,20,31907,946,failure,200,3396848245,16984241.225
covercrypt,hybridized,089a548,"SEC::HIG && DPT::MKG && CTR::$","DPT::DEV && CTR::FR",different,20,31907,946,failure,200,2542015403,12710077.015
covercrypt,hybridized,089a548,"SEC::HIG && DPT::MKG && CTR::$","DPT::DEV && CTR::$",different,40,65293,946,failure,200,4531482139,22657410.695
covercrypt,hybridized,089a548,"SEC::HIG && DPT::MKG && CTR::$","DPT::MKG",different,40,65293,946,success,200,2738318800,13691594.000
covercrypt,hybridized,089a548,"SEC::HIG && DPT::MKG && CTR::$","DPT::MKG && CTR::EN",different,20,31907,946,failure,200,3665163240,18325816.200
covercrypt,hybridized,089a548,"SEC::HIG && DPT::MKG && CTR::$","DPT::MKG && CTR::FR",different,20,31907,946,failure,200,1479783384,7398916.920
covercrypt,hybridized,089a548,"SEC::HIG && DPT::MKG && CTR::$","DPT::MKG && CTR::$",different,40,65293,946,success,200,1503406708,7517033.540
covercrypt,hybridized,089a548,"SEC::HIG && DPT::MKG && CTR::$","DPT::$",different,80,132075,946,success,200,2877518907,14387594.535
covercrypt,hybridized,089a548,"SEC::HIG && DPT::MKG && CTR::$","DPT::$ && CTR::EN",different,40,65293,946,failure,200,2533051991,12665259.955
covercrypt,hybridized,089a548,"SEC::HIG && DPT::MKG && CTR::$","DPT::$ && CTR::FR",different,40,65293,946,failure,200,2753538182,13767690.910
covercrypt,hybridized,089a548,"SEC::HIG && DPT::MKG && CTR::$","DPT::$ && CTR::$",different,80,132075,946,success,200,2901808088,14509040.440
covercrypt,hybridized,089a548,"SEC::HIG && DPT::MKG && CTR::$","SEC::LOW",different,32,51939,946,failure,200,2340412818,11702064.090
covercrypt,hybridized,089a548,"SEC::HIG && DPT::MKG && CTR::$","SEC::LOW && CTR::EN",different,16,25231,946,failure,200,2614372614,13071863.070
covercrypt,hybridized,089a548,"SEC::HIG && DPT::MKG && CTR::$","SEC::LOW && CTR::FR",different,16,25231,946,failure,200,1779112082,8895560.410
covercrypt,hybridized,089a548,"SEC::HIG && DPT::MKG && CTR::$","SEC::LOW && CTR::$",different,32,51939,946,failure,200,3449547437,17247737.185
covercrypt,hybridized,089a548,"SEC::HIG && DPT::MKG && CTR::$","SEC::LOW && DPT::DEV",different,16,25231,946,failure,200,2438768419,12193842.095
covercrypt,hybridized,089a548,"SEC::HIG && DPT::MKG && CTR::$","SEC::LOW && DPT::DEV && CTR::EN",same,8,11879,946,failure,200,667940621,3339703.105
covercrypt,hybridized,089a548,"SEC::HIG && DPT::MKG && CTR::$","SEC::LOW && DPT::DEV && CTR::FR",same,8,11879,946,failure,200,499213527,2496067.635
covercrypt,hybridized,089a548,"SEC::HIG && DPT::MKG && CTR::$","SEC::LOW && DPT::DEV && CTR::$",same,16,25231,946,failure,200,2890856045,14454280.225
covercrypt,hybridized,089a548,"SEC::HIG && DPT::MKG && CTR::$","SEC::LOW && DPT::MKG",different,16,25231,946,failure,200,3081263444,15406317.220
covercrypt,hybridized,089a548,"SEC::HIG && DPT::MKG && CTR::$","SEC::LOW && DPT::MKG && CTR::EN",same,8,11879,946,failure,200,1589963574,7949817.870
covercrypt,hybridized,089a548,"SEC::HIG && DPT::MKG && CTR::$","SEC::LOW && DPT::MKG && CTR::FR",same,8,11879,946,failure,200,1607618893,8038094.465
covercrypt,hybridized,089a548,"SEC::HIG && DPT::MKG && CTR::$","SEC::LOW && DPT::MKG && CTR::$",same,16,25231,946,failure,200,3067860919,15339304.595
covercrypt,hybridized,089a548,"SEC::HIG && DPT::MKG && CTR::$","SEC::LOW && DPT::$",different,32,51939,946,failure,200,6151742636,30758713.180
covercrypt,hybridized,089a548,"SEC::HIG && DPT::MKG && CTR::$","SEC::LOW && DPT::$ && CTR::EN",same,16,25231,946,failure,200,3139444563,15697222.815
covercrypt,hybridized,089a548,"SEC::HIG && DPT::MKG && CTR::$","SEC::LOW && DPT::$ && CTR::FR",same,16,25231,946,failure,200,3092723914,15463619.570
covercrypt,hybridized,089a548,"SEC::HIG && DPT::MKG && CTR::$","SEC::LOW && DPT::$ && CTR::$",same,32,51939,946,failure,200,6373563699,31867818.495
covercrypt,hybridized,089a548,"SEC::HIG && DPT::MKG && CTR::$","SEC::MED",different,48,78651,946,failure,200,8535804259,42679021.295
covercrypt,hybridized,089a548,"SEC::HIG && DPT::MKG && CTR::$","SEC::MED && CTR::EN",different,24,38585,946,failure,200,4596905779,22984528.895
covercrypt,hybridized,089a548,"SEC::HIG && DPT::MKG && CTR::$","SEC::MED && CTR::FR",different,24,38585,946,failure,200,2664548365,13322741.825
covercrypt,hybridized,089a548,"SEC::HIG && DPT::MKG && CTR::$","SEC::MED && CTR::$",different,48,78651,946,failure,200,7398178145,36990890.725
covercrypt,hybridized,089a548,"SEC::HIG && DPT::MKG && CTR::$","SEC::MED && DPT::DEV",different,24,38585,946,failure,200,2958044441,14790222.205
covercrypt,hybridized,089a548,"SEC::HIG && DPT::MKG && CTR::$","SEC::MED && DPT::DEV && CTR::EN",same,12,18555,946,failure,200,1129747742,5648738.710
covercrypt,hybridized,089a548,"SEC::HIG && DPT::MKG && CTR::$","SEC::MED && DPT::DEV && CTR::FR",same,12,18555,946,failure,200,1517981598,7589907.990
covercrypt,hybridized,089a548,"SEC::HIG && DPT::MKG && CTR::$","SEC::MED && DPT::DEV && CTR::$",same,24,38585,946,failure,200,2273174815,11365874.075
covercrypt,hybridized,089a548,"SEC::HIG && DPT::MKG && CTR::$","SEC::MED && DPT::MKG",different,24,38585,946,failure,200,2876068887,14380344.435
covercrypt,hybridized,089a548,"SEC::HIG && DPT::MKG && CTR::$","SEC::MED && DPT::MKG && CTR::EN",same,12,18555,946,failure,200,1207518570,6037592.850
covercrypt,hybridized,089a548,"SEC::HIG && DPT::MKG && CTR::$","SEC::MED && DPT::MKG && CTR::FR",same,12,18555,946,failure,200,1270968356,6354841.780
covercrypt,hybridized,089a548,"SEC::HIG && DPT::MKG && CTR::$","SEC::MED && DPT::MKG && CTR::$",same,24,38585,946,failure,200,2965375524,14826877.620
covercrypt,hybridized,089a548,"SEC::HIG && DPT::MKG && CTR::$","SEC::MED && DPT::$",different,48,78651,946,failure,200,3739017639,18695088.195
covercrypt,hybridized,089a548,"SEC::HIG && DPT::MKG && CTR::$","SEC::MED && DPT::$ && CTR::EN",same,24,38585,946,failure,200,1850836814,9254184.070
covercrypt,hybridized,089a548,"SEC::HIG && DPT::MKG && CTR::$","SEC::MED && DPT::$ && CTR::FR",same,24,38585,946,failure,200,1679573156,8397865.780
covercrypt,hybridized,089a548,"SEC::HIG && DPT::MKG && CTR::$","SEC::MED && DPT::$ && CTR::$",same,48,78651,946,failure,200,3891663701,19458318.505
covercrypt,hybridized,089a548,"SEC::HIG && DPT::MKG && CTR::$","SEC::HIG",different,64,105363,946,success,200,2961932486,14809662.430
covercrypt,hybridized,089a548,"SEC::HIG && DPT::MKG && CTR::$","SEC::HIG && CTR::EN",different,32,51939,946,failure,200,2116243520,10581217.600
covercrypt,hybridized,089a548,"SEC::HIG && DPT::MKG && CTR::$","SEC::HIG && CTR::FR",different,32,51939,946,failure,200,1990710181,9953550.905
covercrypt,hybridized,089a548,"SEC::HIG && DPT::MKG && CTR::$","SEC::HIG && CTR::$",different,64,105363,946,success,200,2077831112,10389155.560
covercrypt,hybridized,089a548,"SEC::HIG && DPT::MKG && CTR::$","SEC::HIG && DPT::DEV",different,32,51939,946,failure,200,1844498020,9222490.100
covercrypt,hybridized,089a548,"SEC::HIG && DPT::MKG && CTR::$","SEC::HIG && DPT::DEV && CTR::EN",same,16,25231,946,failure,200,1012376030,5061880.150
covercrypt,hybridized,089a548,"SEC::HIG && DPT::MKG && CTR::$","SEC::HIG && DPT::DEV && CTR::FR",same,16,25231,946,failure,200,858564585,4292822.925
covercrypt,hybridized,089a548,"SEC::HIG && DPT::MKG && CTR::$","SEC::HIG && DPT::DEV && CTR::$",same,32,51939,946,failure,200,1747008986,8735044.930
covercrypt,hybridized,089a548,"SEC::HIG && DPT::MKG && CTR::$","SEC::HIG && DPT::MKG",different,32,51939,946,success,200,1447282585,7236412.925
covercrypt,hybridized,089a548,"SEC::HIG && DPT::MKG && CTR::$","SEC::HIG && DPT::MKG && CTR::EN",same,16,25231,946,failure,200,1284858385,6424291.925
covercrypt,hybridized,089a548,"SEC::HIG && DPT::MKG && CTR::$","SEC::HIG && DPT::MKG && CTR::FR",same,16,25231,946,failure,200,955843280,4779216.400
covercrypt,hybridized,089a548,"SEC::HIG && DPT::MKG && CTR::$","SEC::HIG && DPT::MKG && CTR::$",same,32,51939,946,success,200,891497183,4457485.915
covercrypt,hybridized,089a548,"SEC::HIG && DPT::MKG && CTR::$","SEC::HIG && DPT::$",different,64,105363,946,success,200,1644047763,8220238.815
covercrypt,hybridized,089a548,"SEC::HIG && DPT::MKG && CTR::$","SEC::HIG && DPT::$ && CTR::EN",same,32,51939,946,failure,200,1619692495,8098462.475
covercrypt,hybridized,089a548,"SEC::HIG && DPT::MKG && CTR::$","SEC::HIG && DPT::$ && CTR::FR",same,32,51939,946,failure,200,2024706856,10123534.280
covercrypt,hybridized,089a548,"SEC::HIG && DPT::MKG && CTR::$","SEC::HIG && DPT::$ && CTR::$",same,64,105363,946,success,200,2535068861,12675344.305
covercrypt,hybridized,089a548,"SEC::HIG && DPT::MKG && CTR::$","SEC::$",different,80,132075,946,success,200,5817964923,29089824.615
covercrypt,hybridized,089a548,"SEC::HIG && DPT::MKG && CTR::$","SEC::$ && CTR::EN",different,40,65293,946,failure,200,3712710842,18563554.210
covercrypt,hybridized,089a548,"SEC::HIG && DPT::MKG && CTR::$","SEC::$ && CTR::FR",different,40,65293,946,failure,200,2655902625,13279513.125
covercrypt,hybridized,089a548,"SEC::HIG && DPT::MKG && CTR::$","SEC::$ && CTR::$",different,80,132075,946,success,200,2224220833,11121104.165
covercrypt,hybridized,089a548,"SEC::HIG && DPT::MKG && CTR::$","SEC::$ && DPT::DEV",different,40,65293,946,failure,200,2357857472,11789287.360
covercrypt,hybridized,089a548,"SEC::HIG && DPT::MKG && CTR::$","SEC::$ && DPT::DEV && CTR::EN",same,20,31907,946,failure,200,957757369,4788786.845
covercrypt,hybridized,089a548,"SEC::HIG && DPT::MKG && CTR::$","SEC::$ && DPT::DEV && CTR::FR",same,20,31907,946,failure,200,1001245045,5006225.225
covercrypt,hybridized,089a548,"SEC::HIG && DPT::MKG && CTR::$","SEC::$ && DPT::DEV && CTR::$",same,40,65293,946,failure,200,2319351430,11596757.150
covercrypt,hybridized,089a548,"SEC::HIG && DPT::MKG && CTR::$","SEC::$ && DPT::MKG",different,40,65293,946,success,200,1050624376,5253121.880
covercrypt,hybridized,089a548,"SEC::HIG && DPT::MKG && CTR::$","SEC::$ && DPT::MKG && CTR::EN",same,20,31907,946,failure,200,959847741,4799238.705
covercrypt,hybridized,089a548,"SEC::HIG && DPT::MKG && CTR::$","SEC::$ && DPT::MKG && CTR::FR",same,20,31907,946,failure,200,968029321,4840146.605
covercrypt,hybridized,089a548,"SEC::HIG && DPT::MKG && CTR::$","SEC::$ && DPT::MKG && CTR::$",same,40,65293,946,success,200,1110705051,5553525.255
covercrypt,hybridized,089a548,"SEC::HIG && DPT::MKG && CTR::$","SEC::$ && DPT::$",different,80,132075,946,success,200,2225662251,11128311.255
covercrypt,hybridized,089a548,"SEC::HIG && DPT::MKG && CTR::$","SEC::$ && DPT::$ && CTR::EN",same,40,65293,946,failure,200,2711021229,13555106.145
covercrypt,hybridized,089a548,"SEC::HIG && DPT::MKG && CTR::$","SEC::$ && DPT::$ && CTR::FR",same,40,65293,946,failure,200,2415889318,12079446.590
covercrypt,hybridized,089a548,"SEC::HIG && DPT::MKG && CTR::$","SEC::$ && DPT::$ && CTR::$",same,80,132075,946,success,200,1910647548,9553237.740
covercrypt,hybridized,089a548,"SEC::$ && CTR::$","CTR::EN",different,40,65293,946,failure,200,2404310811,12021554.055
covercrypt,hybridized,089a548,"SEC::$ && CTR::$","CTR::FR",different,40,65293,946,failure,200,2202572079,11012860.395
covercrypt,hybridized,089a548,"SEC::$ && CTR::$","CTR::$",different,80,132075,946,success,200,1780693932,8903469.660
covercrypt,hybridized,089a548,"SEC::$ && CTR::$","DPT::DEV",different,40,65293,946,success,200,1086106923,5430534.615
covercrypt,hybridized,089a548,"SEC::$ && CTR::$","DPT::DEV && CTR::EN",different,20,31907,946,failure,200,988811136,4944055.680
covercrypt,hybridized,089a548,"SEC::$ && CTR::$","DPT::DEV && CTR::FR",different,20,31907,946,failure,200,1121001878,5605009.390
covercrypt,hybridized,089a548,"SEC::$ && CTR::$","DPT::DEV && CTR::$",different,40,65293,946,success,200,1397672452,6988362.260
covercrypt,hybridized,089a548,"SEC::$ && CTR::$","DPT::MKG",different,40,65293,946,success,200,1078118399,5390591.995
covercrypt,hybridized,089a548,"SEC::$ && CTR::$","DPT::MKG && CTR::EN",different,20,31907,946,failure,200,972878229,4864391.145
covercrypt,hybridized,089a548,"SEC::$ && CTR::$","DPT::MKG && CTR::FR",different,20,31907,946,failure,200,1009342802,5046714.010
covercrypt,hybridized,089a548,"SEC::$ && CTR::$","DPT::MKG && CTR::$",different,40,65293,946,success,200,1101385975,5506929.875
covercrypt,hybridized,089a548,"SEC::$ && CTR::$","DPT::$",different,80,132075,946,success,200,1996328291,9981641.455
covercrypt,hybridized,089a548,"SEC::$ && CTR::$","DPT::$ && CTR::EN",different,40,65293,946,failure,200,1835167446,9175837.230
covercrypt,hybridized,089a548,"SEC::$ && CTR::$","DPT::$ && CTR::FR",different,40,65293,946,failure,200,2116686151,10583430.755
covercrypt,hybridized,089a548,"SEC::$ && CTR::$","DPT::$ && CTR::$",different,80,132075,946,success,200,2254210741,11271053.705
covercrypt,hybridized,089a548,"SEC::$ && CTR::$","SEC::LOW",different,32,51939,946,failure,200,1402851660,7014258.300
covercrypt,hybridized,089a548,"SEC::$ && CTR::$","SEC::LOW && CTR::EN",different,16,25231,946,failure,200,767398873,3836994.365
covercrypt,hybridized,089a548,"SEC::$ && CTR::$","SEC::LOW && CTR::FR",different,16,25231,946,failure,200,877987736,4389938.680
covercrypt,hybridized,089a548,"SEC::$ && CTR::$","SEC::LOW && CTR::$",different,32,51939,946,failure,200,1655350869,8276754.345
covercrypt,hybridized,089a548,"SEC::$ && CTR::$","SEC::LOW && DPT::DEV",different,16,25231,946,failure,200,797261215,3986306.075
covercrypt,hybridized,089a548,"SEC::$ && CTR::$","SEC::LOW && DPT::DEV && CTR::EN",same,8,11879,946,failure,200,360570896,1802854.480
covercrypt,hybridized,089a548,"SEC::$ && CTR::$","SEC::LOW && DPT::DEV && CTR::FR",same,8,11879,946,failure,200,328645382,1643226.910
covercrypt,hybridized,089a548,"SEC::$ && CTR::$","SEC::LOW && DPT::DEV && CTR::$",same,16,25231,946,failure,200,692431957,3462159.785
covercrypt,hybridized,089a548,"SEC::$ && CTR::$","SEC::LOW && DPT::MKG",different,16,25231,946,failure,200,701714936,3508574.680
covercrypt,hybridized,089a548,"SEC::$ && CTR::$","SEC::LOW && DPT::MKG && CTR::EN",same,8,11879,946,failure,200,391064544,1955322.720
covercrypt,hybridized,089a548,"SEC::$ && CTR::$","SEC::LOW && DPT::MKG && CTR::FR",same,8,11879,946,failure,200,358203318,1791016.590
covercrypt,hybridized,089a548,"SEC::$ && CTR::$","SEC::LOW && DPT::MKG && CTR::$",same,16,25231,946,failure,200,779963825,3899819.125
covercrypt,hybridized,089a548,"SEC::$ && CTR::$","SEC::LOW && DPT::$",different,32,51939,946,failure,200,1505616835,7528084.175
covercrypt,hybridized,089a548,"SEC::$ && CTR::$","SEC::LOW && DPT::$ && CTR::EN",same,16,25231,946,failure,200,710383567,3551917.835
covercrypt,hybridized,089a548,"SEC::$ && CTR::$","SEC::LOW && DPT::$ && CTR::FR",same,16,25231,946,failure,200,726168248,3630841.240
covercrypt,hybridized,089a548,"SEC::$ && CTR::$","SEC::LOW && DPT::$ && CTR::$",same,32,51939,946,failure,200,1497450412,7487252.060
covercrypt,hybridized,089a548,"SEC::$ && CTR::$","SEC::MED",different,48,78651,946,failure,200,2206555458,11032777.290
covercrypt,hybridized,089a548,"SEC::$ && CTR::$","SEC::MED && CTR::EN",different,24,38585,946,failure,200,1139424784,5697123.920
covercrypt,hybridized,089a548,"SEC::$ && CTR::$","SEC::MED && CTR::FR",different,24,38585,946,failure,200,1102163646,5510818.230
covercrypt,hybridized,089a548,"SEC::$ && CTR::$","SEC::MED && CTR::$",different,48,78651,946,failure,200,2574986594,12874932.970
covercrypt,hybridized,089a548,"SEC::$ && CTR::$","SEC::MED && DPT::DEV",different,24,38585,946,failure,200,1492500764,7462503.820
covercrypt,hybridized,089a548,"SEC::$ && CTR::$","SEC::MED && DPT::DEV && CTR::EN",same,12,18555,946,failure,200,573950462,2869752.310
covercrypt,hybridized,089a548,"SEC::$ && CTR::$","SEC::MED && DPT::DEV && CTR::FR",same,12,18555,946,failure,200,550008863,2750044.315
covercrypt,hybridized,089a548,"SEC::$ && CTR::$","SEC::MED && DPT::DEV && CTR::$",same,24,38585,946,failure,200,1156704058,5783520.290
covercrypt,hybridized,089a548,"SEC::$ && CTR::$","SEC::MED && DPT::MKG",different,24,38585,946,failure,200,1129360988,5646804.940
covercrypt,hybridized,089a548,"SEC::$ && CTR::$","SEC::MED && DPT::MKG && CTR::EN",same,12,18555,946,failure,200,533808319,2669041.595
covercrypt,hybridized,089a548,"SEC::$ && CTR::$","SEC::MED && DPT::MKG && CTR::FR",same,12,18555,946,failure,200,547820295,2739101.475
covercrypt,hybridized,089a548,"SEC::$ && CTR::$","SEC::MED && DPT::MKG && CTR::$",same,24,38585,946,failure,200,1195674073,5978370.365
covercrypt,hybridized,089a548,"SEC::$ && CTR::$","SEC::MED && DPT::$",different,48,78651,946,failure,200,2472266754,12361333.770
covercrypt,hybridized,089a548,"SEC::$ && CTR::$","SEC::MED && DPT::$ && CTR::EN",same,24,38585,946,failure,200,1211044233,6055221.165
covercrypt,hybridized,089a548,"SEC::$ && CTR::$","SEC::MED && DPT::$ && CTR::FR",same,24,38585,946,failure,200,1252523919,6262619.595
covercrypt,hybridized,089a548,"SEC::$ && CTR::$","SEC::MED && DPT::$ && CTR::$",same,48,78651,946,failure,200,2359563413,11797817.065
covercrypt,hybridized,089a548,"SEC::$ && CTR::$","SEC::HIG",different,64,105363,946,failure,200,3021480740,15107403.700
covercrypt,hybridized,089a548,"SEC::$ && CTR::$","SEC::HIG && CTR::EN",different,32,51939,946,failure,200,1556096441,7780482.205
covercrypt,hybridized,089a548,"SEC::$ && CTR::$","SEC::HIG && CTR::FR",different,32,51939,946,failure,200,1537392056,7686960.280
covercrypt,hybridized,089a548,"SEC::$ && CTR::$","SEC::HIG && CTR::$",different,64,105363,946,failure,200,2981368881,14906844.405
covercrypt,hybridized,089a548,"SEC::$ && CTR::$","SEC::HIG && DPT::DEV",different,32,51939,946,failure,200,1549989280,7749946.400
covercrypt,hybridized,089a548,"SEC::$ && CTR::$","SEC::HIG && DPT::DEV && CTR::EN",same,16,25231,946,failure,200,849897728,4249488.640
covercrypt,hybridized,089a548,"SEC::$ && CTR::$","SEC::HIG && DPT::DEV && CTR::FR",same,16,25231,946,failure,200,904547676,4522738.380
covercrypt,hybridized,089a548,"SEC::$ && CTR::$","SEC::HIG && DPT::DEV && CTR::$",same,32,51939,946,failure,200,1812919059,9064595.295
covercrypt,hybridized,089a548,"SEC::$ && CTR::$","SEC::HIG && DPT::MKG",different,32,51939,946,failure,200,1880718939,9403594.695
covercrypt,hybridized,089a548,"SEC::$ && CTR::$","SEC::HIG && DPT::MKG && CTR::EN",same,16,25231,946,failure,200,719796845,3598984.225
covercrypt,hybridized,089a548,"SEC::$ && CTR::$","SEC::HIG && DPT::MKG && CTR::FR",same,16,25231,946,failure,200,643017210,3215086.050
covercrypt,hybridized,089a548,"SEC::$ && CTR::$","SEC::HIG && DPT::MKG && CTR::$",same,32,51939,946,failure,200,1585723839,7928619.195
covercrypt,hybridized,089a548,"SEC::$ && CTR::$","SEC::HIG && DPT::$",different,64,105363,946,failure,200,2812236264,14061181.320
covercrypt,hybridized,089a548,"SEC::$ && CTR::$","SEC::HIG && DPT::$ && CTR::EN",same,32,51939,946,failure,200,1549155640,7745778.200
covercrypt,hybridized,089a548,"SEC::$ && CTR::$","SEC::HIG && DPT::$ && CTR::FR",same,32,51939,946,failure,200,1408677269,7043386.345
covercrypt,hybridized,089a548,"SEC::$ && CTR::$","SEC::HIG && DPT::$ && CTR::$",same,64,105363,946,failure,200,3067685300,15338426.500
covercrypt,hybridized,089a548,"SEC::$ && CTR::$","SEC::$",different,80,132075,946,success,200,2341270913,11706354.565
covercrypt,hybridized,089a548,"SEC::$ && CTR::$","SEC::$ && CTR::EN",different,40,65293,946,failure,200,2349091559,11745457.795
covercrypt,hybridized,089a548,"SEC::$ && CTR::$","SEC::$ && CTR::FR",different,40,65293,946,failure,200,1924679946,9623399.730
covercrypt,hybridized,089a548,"SEC::$ && CTR::$","SEC::$ && CTR::$",different,80,132075,946,success,200,2004255764,10021278.820
covercrypt,hybridized,089a548,"SEC::$ && CTR::$","SEC::$ && DPT::DEV",different,40,65293,946,success,200,965521831,4827609.155
covercrypt,hybridized,089a548,"SEC::$ && CTR::$","SEC::$ && DPT::DEV && CTR::EN",same,20,31907,946,failure,200,928258199,4641290.995
covercrypt,hybridized,089a548,"SEC::$ && CTR::$","SEC::$ && DPT::DEV && CTR::FR",same,20,31907,946,failure,200,937705292,4688526.460
covercrypt,hybridized,089a548,"SEC::$ && CTR::$","SEC::$ && DPT::DEV && CTR::$",same,40,65293,946,success,200,1103313692,5516568.460
covercrypt,hybridized,089a548,"SEC::$ && CTR::$","SEC::$ && DPT::MKG",different,40,65293,946,success,200,994639280,4973196.400
covercrypt,hybridized,089a548,"SEC::$ && CTR::$","SEC::$ && DPT::MKG && CTR::EN",same,20,31907,946,failure,200,957927895,4789639.475
covercrypt,hybridized,089a548,"SEC::$ && CTR::$","SEC::$ && DPT::MKG && CTR::FR",same,20,31907,946,failure,200,1077226365,5386131.825
covercrypt,hybridized,089a548,"SEC::$ && CTR::$","SEC::$ && DPT::MKG && CTR::$",same,40,65293,946,success,200,1006271310,5031356.550
covercrypt,hybridized,089a548,"SEC::$ && CTR::$","SEC::$ && DPT::$",different,80,132075,946,success,200,1951974576,9759872.880
covercrypt,hybridized,089a548,"SEC::$ && CTR::$","SEC::$ && DPT::$ && CTR::EN",same,40,65293,946,failure,200,2459667244,12298336.220
covercrypt,hybridized,089a548,"SEC::$ && CTR::$","SEC::$ && DPT::$ && CTR::FR",same,40,65293,946,failure,200,2363056970,11815284.850
covercrypt,hybridized,089a548,"SEC::$ && CTR::$","SEC::$ && DPT::$ && CTR::$",same,80,132075,946,success,200,2494512639,12472563.195
covercrypt,hybridized,089a548,"SEC::$ && DPT::MKG && CTR::$","CTR::EN",different,40,65293,946,failure,200,2524126370,12620631.850
covercrypt,hybridized,089a548,"SEC::$ && DPT::MKG && CTR::$","CTR::FR",different,40,65293,946,failure,200,1917245763,9586228.815
covercrypt,hybridized,089a548,"SEC::$ && DPT::MKG && CTR::$","CTR::$",different,80,132075,946,success,200,1920769613,9603848.065
covercrypt,hybridized,089a548,"SEC::$ && DPT::MKG && CTR::$","DPT::DEV",different,40,65293,946,failure,200,1958815968,9794079.840
covercrypt,hybridized,089a548,"SEC::$ && DPT::MKG && CTR::$","DPT::DEV && CTR::EN",different,20,31907,946,failure,200,868259807,4341299.035
covercrypt,hybridized,089a548,"SEC::$ && DPT::MKG && CTR::$","DPT::DEV && CTR::FR",different,20,31907,946,failure,200,844179009,4220895.045
covercrypt,hybridized,089a548,"SEC::$ && DPT::MKG && CTR::$","DPT::DEV && CTR::$",different,40,65293,946,failure,200,2817674086,14088370.430
covercrypt,hybridized,089a548,"SEC::$ && DPT::MKG && CTR::$","DPT::MKG",different,40,65293,946,success,200,1134765805,5673829.025
covercrypt,hybridized,089a548,"SEC::$ && DPT::MKG && CTR::$","DPT::MKG && CTR::EN",different,20,31907,946,failure,200,925951955,4629759.775
covercrypt,hybridized,089a548,"SEC::$ && DPT::MKG && CTR::$","DPT::MKG && CTR::FR",different,20,31907,946,failure,200,958236426,4791182.130
covercrypt,hybridized,089a548,"SEC::$ && DPT::MKG && CTR::$","DPT::MKG && CTR::$",different,40,65293,946,success,200,1006149563,5030747.815
covercrypt,hybridized,089a548,"SEC::$ && DPT::MKG && CTR::$","DPT::$",different,80,132075,946,success,200,2119423331,10597116.655
covercrypt,hybridized,089a548,"SEC::$ && DPT::MKG && CTR::$","DPT::$ && CTR::EN",different,40,65293,946,failure,200,1754244775,8771223.875
covercrypt,hybridized,089a548,"SEC::$ && DPT::MKG && CTR::$","DPT::$ && CTR::FR",different,40,65293,946,failure,200,2193441906,10967209.530
covercrypt,hybridized,089a548,"SEC::$ && DPT::MKG && CTR::$","DPT::$ && CTR::$",different,80,132075,946,success,200,2200887749,11004438.745
covercrypt,hybridized,089a548,"SEC::$ && DPT::MKG && CTR::$","SEC::LOW",different,32,51939,946,failure,200,1477877597,7389387.985
covercrypt,hybridized,089a548,"SEC::$ && DPT::MKG && CTR::$","SEC::LOW && CTR::EN",different,16,25231,946,failure,200,726799014,3633995.070
covercrypt,hybridized,089a548,"SEC::$ && DPT::MKG && CTR::$","SEC::LOW && CTR::FR",different,16,25231,946,failure,200,709599484,3547997.420
covercrypt,hybridized,089a548,"SEC::$ && DPT::MKG && CTR::$","SEC::LOW && CTR::$",different,32,51939,946,failure,200,1669829072,8349145.360
covercrypt,hybridized,089a548,"SEC::$ && DPT::MKG && CTR::$","SEC::LOW && DPT::DEV",different,16,25231,946,failure,200,642476096,3212380.480
covercrypt,hybridized,089a548,"SEC::$ && DPT::MKG && CTR::$","SEC::LOW && DPT::DEV && CTR::EN",same,8,11879,946,failure,200,328618506,1643092.530
covercrypt,hybridized,089a548,"SEC::$ && DPT::MKG && CTR::$","SEC::LOW && DPT::DEV && CTR::FR",same,8,11879,946,failure,200,346398080,1731990.400
covercrypt,hybridized,089a548,"SEC::$ && DPT::MKG && CTR::$","SEC::LOW && DPT::DEV && CTR::$",same,16,25231,946,failure,200,696603403,3483017.015
covercrypt,hybridized,089a548,"SEC::$ && DPT::MKG && CTR::$","SEC::LOW && DPT::MKG",different,16,25231,946,failure,200,672609716,3363048.580
covercrypt,hybridized,089a548,"SEC::$ && DPT::MKG && CTR::$","SEC::LOW && DPT::MKG && CTR::EN",same,8,11879,946,failure,200,335846664,1679233.320
covercrypt,hybridized,089a548,"SEC::$ && DPT::MKG && CTR::$","SEC::LOW && DPT::MKG && CTR::FR",same,8,11879,946,failure,200,337464970,1687324.850
covercrypt,hybridized,089a548,"SEC::$ && DPT::MKG && CTR::$","SEC::LOW && DPT::MKG && CTR::$",same,16,25231,946,failure,200,630405690,3152028.450
covercrypt,hybridized,089a548,"SEC::$ && DPT::MKG && CTR::$","SEC::LOW && DPT::$",different,32,51939,946,failure,200,1398270199,6991350.995
covercrypt,hybridized,089a548,"SEC::$ && DPT::MKG && CTR::$","SEC::LOW && DPT::$ && CTR::EN",same,16,25231,946,failure,200,670310676,3351553.380
covercrypt,hybridized,089a548,"SEC::$ && DPT::MKG && CTR::$","SEC::LOW && DPT::$ && CTR::FR",same,16,25231,946,failure,200,785621638,3928108.190
covercrypt,hybridized,089a548,"SEC::$ && DPT::MKG && CTR::$","SEC::LOW && DPT::$ && CTR::$",same,32,51939,946,failure,200,1605860575,8029302.875
covercrypt,hybridized,089a548,"SEC::$ && DPT::MKG && CTR::$","SEC::MED",different,48,78651,946,failure,200,2644519125,13222595.625
covercrypt,hybridized,089a548,"SEC::$ && DPT::MKG && CTR::$","SEC::MED && CTR::EN",different,24,38585,946,failure,200,984849022,4924245.110
covercrypt,hybridized,089a548,"SEC::$ && DPT::MKG && CTR::$","SEC::MED && CTR::FR",different,24,38585,946,failure,200,1059866688,5299333.440
covercrypt,hybridized,089a548,"SEC::$ && DPT::MKG && CTR::$","SEC::MED && CTR::$",different,48,78651,946,failure,200,1981415301,9907076.505
covercrypt,hybridized,089a548,"SEC::$ && DPT::MKG && CTR::$","SEC::MED && DPT::DEV",different,24,38585,946,failure,200,1068220174,5341100.870
covercrypt,hybridized,089a548,"SEC::$ && DPT::MKG && CTR::$","SEC::MED && DPT::DEV && CTR::EN",same,12,18555,946,failure,200,508509188,2542545.940
covercrypt,hybridized,089a548,"SEC::$ && DPT::MKG && CTR::$","SEC::MED && DPT::DEV && CTR::FR",same,12,18555,946,failure,200,537442520,2687212.600
covercrypt,hybridized,089a548,"SEC::$ && DPT::MKG && CTR::$","SEC::MED && DPT::DEV && CTR::$",same,24,38585,946,failure,200,1030625001,5153125.005
covercrypt,hybridized,089a548,"SEC::$ && DPT::MKG && CTR::$","SEC::MED && DPT::MKG",different,24,38585,946,failure,200,1005234832,5026174.160
covercrypt,hybridized,089a548,"SEC::$ && DPT::MKG && CTR::$","SEC::MED && DPT::MKG && CTR::EN",same,12,18555,946,failure,200,456762904,2283814.520
covercrypt,hybridized,089a548,"SEC::$ && DPT::MKG && CTR::$","SEC::MED && DPT::MKG && CTR::FR",same,12,18555,946,failure,200,435710565,2178552.825
covercrypt,hybridized,089a548,"SEC::$ && DPT::MKG && CTR::$","SEC::MED && DPT::MKG && CTR::$",same,24,38585,946,failure,200,969288369,4846441.845
covercrypt,hybridized,089a548,"SEC::$ && DPT::MKG && CTR::$","SEC::MED && DPT::$",different,48,78651,946,failure,200,2119049260,10595246.300
covercrypt,hybridized,089a548,"SEC::$ && DPT::MKG && CTR::$","SEC::MED && DPT::$ && CTR::EN",same,24,38585,946,failure,200,983221831,4916109.155
covercrypt,hybridized,089a548,"SEC::$ && DPT::MKG && CTR::$","SEC::MED && DPT::$ && CTR::FR",same,24,38585,946,failure,200,985274746,4926373.730
covercrypt,hybridized,089a548,"SEC::$ && DPT::MKG && CTR::$","SEC::MED && DPT::$ && CTR::$",same,48,78651,946,failure,200,1968672259,9843361.295
covercrypt,hybridized,089a548,"SEC::$ && DPT::MKG && CTR::$","SEC::HIG",different,64,105363,946,failure,200,2730427058,13652135.290
covercrypt,hybridized,089a548,"SEC::$ && DPT::MKG && CTR::$","SEC::HIG && CTR::EN",different,32,51939,946,failure,200,1430304173,7151520.865
covercrypt,hybridized,089a548,"SEC::$ && DPT::MKG && CTR::$","SEC::HIG && CTR::FR",different,32,51939,946,failure,200,1422777943,7113889.715
covercrypt,hybridized,089a548,"SEC::$ && DPT::MKG && CTR::$","SEC::HIG && CTR::$",different,64,105363,946,failure,200,2577240924,12886204.620
covercrypt,hybridized,089a548,"SEC::$ && DPT::MKG && CTR::$","SEC::HIG && DPT::DEV",different,32,51939,946,failure,200,1427093249,7135466.245
covercrypt,hybridized,089a548,"SEC::$ && DPT::MKG && CTR::$","SEC::HIG && DPT::DEV && CTR::EN",same,16,25231,946,failure,200,656941298,3284706.490
covercrypt,hybridized,089a548,"SEC::$ && DPT::MKG && CTR::$","SEC::HIG && DPT::DEV && CTR::FR",same,16,25231,946,failure,200,624578493,3122892.465
covercrypt,hybridized,089a548,"SEC::$ && DPT::MKG && CTR::$","SEC::HIG && DPT::DEV && CTR::$",same,32,51939,946,failure,200,1349049003,6745245.015
covercrypt,hybridized,089a548,"SEC::$ && DPT::MKG && CTR::$","SEC::HIG && DPT::MKG",different,32,51939,946,failure,200,1403185732,7015928.660
covercrypt,hybridized,089a548,"SEC::$ && DPT::MKG && CTR::$","SEC::HIG && DPT::MKG && CTR::EN",same,16,25231,946,failure,200,643230072,3216150.360
covercrypt,hybridized,089a548,"SEC::$ && DPT::MKG && CTR::$","SEC::HIG && DPT::MKG && CTR::FR",same,16,25231,946,failure,200,672959987,3364799.935
covercrypt,hybridized,089a548,"SEC::$ && DPT::MKG && CTR::$","SEC::HIG && DPT::MKG && CTR::$",same,32,51939,946,failure,200,1357530233,6787651.165
covercrypt,hybridized,089a548,"SEC::$ && DPT::MKG && CTR::$","SEC::HIG && DPT::$",different,64,105363,946,failure,200,2703046935,13515234.675
covercrypt,hybridized,089a548,"SEC::$ && DPT::MKG && CTR::$","SEC::HIG && DPT::$ && CTR::EN",same,32,51939,946,failure,200,1387369223,6936846.115
covercrypt,hybridized,089a548,"SEC::$ && DPT::MKG && CTR::$","SEC::HIG && DPT::$ && CTR::FR",same,32,51939,946,failure,200,1368861016,6844305.080
covercrypt,hybridized,089a548,"SEC::$ && DPT::MKG && CTR::$","SEC::HIG && DPT::$ && CTR::$",same,64,105363,946,failure,200,2853797968,14268989.840
covercrypt,hybridized,089a548,"SEC::$ && DPT::MKG && CTR::$","SEC::$",different,80,132075,946,success,200,1580117224,7900586.120
covercrypt,hybridized,089a548,"SEC::$ && DPT::MKG && CTR::$","SEC::$ && CTR::EN",different,40,65293,946,failure,200,1628074631,8140373.155
covercrypt,hybridized,089a548,"SEC::$ && DPT::MKG && CTR::$","SEC::$ && CTR::FR",different,40,65293,946,failure,200,1593804962,7969024.810
covercrypt,hybridized,089a548,"SEC::$ && DPT::MKG && CTR::$","SEC::$ && CTR::$",different,80,132075,946,success,200,1797287559,8986437.795
covercrypt,hybridized,089a548,"SEC::$ && DPT::MKG && CTR::$","SEC::$ && DPT::DEV",different,40,65293,946,failure,200,1708835804,8544179.020
covercrypt,hybridized,089a548,"SEC::$ && DPT::MKG && CTR::$","SEC::$ && DPT::DEV && CTR::EN",same,20,31907,946,failure,200,849217089,4246085.445
covercrypt,hybridized,089a548,"SEC::$ && DPT::MKG && CTR::$","SEC::$ && DPT::DEV && CTR::FR",same,20,31907,946,failure,200,865518044,4327590.220
covercrypt,hybridized,089a548,"SEC::$ && DPT::MKG && CTR::$","SEC::$ && DPT::DEV && CTR::$",same,40,65293,946,failure,200,1627853619,8139268.095
covercrypt,hybridized,089a548,"SEC::$ && DPT::MKG && CTR::$","SEC::$ && DPT::MKG",different,40,65293,946,success,200,902590044,4512950.220
covercrypt,hybridized,089a548,"SEC::$ && DPT::MKG && CTR::$","SEC::$ && DPT::MKG && CTR::EN",same,20,31907,946,failure,200,800036043,4000180.215
covercrypt,hybridized,089a548,"SEC::$ && DPT::MKG && CTR::$","SEC::$ && DPT::MKG && CTR::FR",same,20,31907,946,failure,200,822129901,4110649.505
covercrypt,hybridized,089a548,"SEC::$ && DPT::MKG && CTR::$","SEC::$ && DPT::MKG && CTR::$",same,40,65293,946,success,200,889963775,4449818.875
covercrypt,hybridized,089a548,"SEC::$ && DPT::MKG && CTR::$","SEC::$ && DPT::$",different,80,132075,946,success,200,1672916260,8364581.300
covercrypt,hybridized,089a548,"SEC::$ && DPT::MKG && CTR::$","SEC::$ && DPT::$ && CTR::EN",same,40,65293,946,failure,200,1346633884,6733169.420
covercrypt,hybridized,089a548,"SEC::$ && DPT::MKG && CTR::$","SEC::$ && DPT::$ && CTR::FR",same,40,65293,946,failure,200,1504085017,7520425.085
covercrypt,hybridized,089a548,"SEC::$ && DPT::MKG && CTR::$","SEC::$ && DPT::$ && CTR::$",same,80,132075,946,success,200,1110327703,5551638.515
covercrypt,hybridized,089a548,"DPT::DEV","CTR::EN",different,40,65293,946,success,200,3447267631,17236338.155
covercrypt,hybridized,089a548,"DPT::DEV","CTR::FR",different,40,65293,946,success,200,3833546289,19167731.445
covercrypt,hybridized,089a548,"DPT::DEV","CTR::$",different,80,132075,946,success,200,8202501132,41012505.660
covercrypt,hybridized,089a548,"DPT::DEV","DPT::DEV",different,40,65293,946,success,200,3034515698,15172578.490
covercrypt,hybridized,089a548,"DPT::DEV","DPT::DEV && CTR::EN",different,20,31907,946,success,200,1811501075,9057505.375
covercrypt,hybridized,089a548,"DPT::DEV","DPT::DEV && CTR::FR",different,20,31907,946,success,200,1728940098,8644700.490
covercrypt,hybridized,089a548,"DPT::DEV","DPT::DEV && CTR::$",different,40,65293,946,success,200,2674963998,13374819.990
covercrypt,hybridized,089a548,"DPT::DEV","DPT::MKG",different,40,65293,946,failure,200,4018500022,20092500.110
covercrypt,hybridized,089a548,"DPT::DEV","DPT::MKG && CTR::EN",different,20,31907,946,failure,200,2258664983,11293324.915
covercrypt,hybridized,089a548,"DPT::DEV","DPT::MKG && CTR::FR",different,20,31907,946,failure,200,2364824689,11824123.445
covercrypt,hybridized,089a548,"DPT::DEV","DPT::MKG && CTR::$",different,40,65293,946,failure,200,4002562617,20012813.085
covercrypt,hybridized,089a548,"DPT::DEV","DPT::$",different,80,132075,946,success,200,3917760863,19588804.315
covercrypt,hybridized,089a548,"DPT::DEV","DPT::$ && CTR::EN",different,40,65293,946,success,200,2099855597,10499277.985
covercrypt,hybridized,089a548,"DPT::DEV","DPT::$ && CTR::FR",different,40,65293,946,success,200,2063598853,10317994.265
covercrypt,hybridized,089a548,"DPT::DEV","DPT::$ && CTR::$",different,80,132075,946,success,200,3606018051,18030090.255
covercrypt,hybridized,089a548,"DPT::DEV","SEC::LOW",different,32,51939,946,success,200,1578388661,7891943.305
covercrypt,hybridized,089a548,"DPT::DEV","SEC::LOW && CTR::EN",different,16,25231,946,success,200,965571979,4827859.895
covercrypt,hybridized,089a548,"DPT::DEV","SEC::LOW && CTR::FR",different,16,25231,946,success,200,874932874,4374664.370
covercrypt,hybridized,089a548,"DPT::DEV","SEC::LOW && CTR::$",different,32,51939,946,success,200,1749266695,8746333.475
covercrypt,hybridized,089a548,"DPT::DEV","SEC::LOW && DPT::DEV",different,16,25231,946,success,200,940474284,4702371.420
covercrypt,hybridized,089a548,"DPT::DEV","SEC::LOW && DPT::DEV && CTR::EN",same,8,11879,946,success,200,608870196,3044350.980
covercrypt,hybridized,089a548,"DPT::DEV","SEC::LOW && DPT::DEV && CTR::FR",same,8,11879,946,success,200,817638219,4088191.095
covercrypt,hybridized,089a548,"DPT::DEV","SEC::LOW && DPT::DEV && CTR::$",same,16,25231,946,success,200,889311612,4446558.060
covercrypt,hybridized,089a548,"DPT::DEV","SEC::LOW && DPT::MKG",different,16,25231,946,failure,200,1560332928,7801664.640
covercrypt,hybridized,089a548,"DPT::DEV","SEC::LOW && DPT::MKG && CTR::EN",same,8,11879,946,failure,200,713694568,3568472.840
covercrypt,hybridized,089a548,"DPT::DEV","SEC::LOW && DPT::MKG && CTR::FR",same,8,11879,946,failure,200,718479763,3592398.815
covercrypt,hybridized,089a548,"DPT::DEV","SEC::LOW && DPT::MKG && CTR::$",same,16,25231,946,failure,200,1457261522,7286307.610
covercrypt,hybridized,089a548,"DPT::DEV","SEC::LOW && DPT::$",different,32,51939,946,success,200,1605519463,8027597.315
covercrypt,hybridized,089a548,"DPT::DEV","SEC::LOW && DPT::$ && CTR::EN",same,16,25231,946,success,200,926877396,4634386.980
covercrypt,hybridized,089a548,"DPT::DEV","SEC::LOW && DPT::$ && CTR::FR",same,16,25231,946,success,200,932581685,4662908.425
covercrypt,hybridized,089a548,"DPT::DEV","SEC::LOW && DPT::$ && CTR::$",same,32,51939,946,success,200,1487282070,7436410.350
covercrypt,hybridized,089a548,"DPT::DEV","SEC::MED",different,48,78651,946,success,200,2500005477,12500027.385
covercrypt,hybridized,089a548,"DPT::DEV","SEC::MED && CTR::EN",different,24,38585,946,success,200,1353472986,6767364.930
covercrypt,hybridized,089a548,"DPT::DEV","SEC::MED && CTR::FR",different,24,38585,946,success,200,1277735605,6388678.025
covercrypt,hybridized,089a548,"DPT::DEV","SEC::MED && CTR::$",different,48,78651,946,success,200,2555254934,12776274.670
covercrypt,hybridized,089a548,"DPT::DEV","SEC::MED && DPT::DEV",different,24,38585,946,success,200,1137230391,5686151.955
covercrypt,hybridized,089a548,"DPT::DEV","SEC::MED && DPT::DEV && CTR::EN",same,12,18555,946,success,200,798262325,3991311.625
covercrypt,hybridized,089a548,"DPT::DEV","SEC::MED && DPT::DEV && CTR::FR",same,12,18555,946,success,200,855541553,4277707.765
covercrypt,hybridized,089a548,"DPT::DEV","SEC::MED && DPT::DEV && CTR::$",same,24,38585,946,success,200,1271012700,6355063.500
covercrypt,hybridized,089a548,"DPT::DEV","SEC::MED && DPT::MKG",different,24,38585,946,failure,200,2276004242,11380021.210
covercrypt,hybridized,089a548,"DPT::DEV","SEC::MED && DPT::MKG && CTR::EN",same,12,18555,946,failure,200,1098674588,5493372.940
covercrypt,hybridized,089a548,"DPT::DEV","SEC::MED && DPT::MKG && CTR::FR",same,12,18555,946,failure,200,978414150,4892070.750
covercrypt,hybridized,089a548,"DPT::DEV","SEC::MED && DPT::MKG && CTR::$",same,24,38585,946,failure,200,2562203908,12811019.540
covercrypt,hybridized,089a548,"DPT::DEV","SEC::MED && DPT::$",different,48,78651,946,success,200,2248136269,11240681.345
covercrypt,hybridized,089a548,"DPT::DEV","SEC::MED && DPT::$ && CTR::EN",same,24,38585,946,success,200,1272167934,6360839.670
covercrypt,hybridized,089a548,"DPT::DEV","SEC::MED && DPT::$ && CTR::FR",same,24,38585,946,success,200,1227689623,6138448.115
covercrypt,hybridized,089a548,"DPT::DEV","SEC::MED && DPT::$ && CTR::$",same,48,78651,946,success,200,2057560157,10287800.785
covercrypt,hybridized,089a548,"DPT::DEV","SEC::HIG",different,64,105363,946,success,200,3517850010,17589250.050
covercrypt,hybridized,089a548,"DPT::DEV","SEC::HIG && CTR::EN",different,32,51939,946,success,200,1770437089,8852185.445
covercrypt,hybridized,089a548,"DPT::DEV","SEC::HIG && CTR::FR",different,32,51939,946,success,200,1667543646,8337718.230
covercrypt,hybridized,089a548,"DPT::DEV","SEC::HIG && CTR::$",different,64,105363,946,success,200,3273563713,16367818.565
covercrypt,hybridized,089a548,"DPT::DEV","SEC::HIG && DPT::DEV",different,32,51939,946,success,200,1426165383,7130826.915
covercrypt,hybridized,089a548,"DPT::DEV","SEC::HIG && DPT::DEV && CTR::EN",same,16,25231,946,success,200,835043577,4175217.885
covercrypt,hybridized,089a548,"DPT::DEV","SEC::HIG && DPT::DEV && CTR::FR",same,16,25231,946,success,200,790174941,3950874.705
covercrypt,hybridized,089a548,"DPT::DEV","SEC::HIG && DPT::DEV && CTR::$",same,32,51939,946,success,200,1568634950,7843174.750
covercrypt,hybridized,089a548,"DPT::DEV","SEC::HIG && DPT::MKG",different,32,51939,946,failure,200,3582639860,17913199.300
covercrypt,hybridized,089a548,"DPT::DEV","SEC::HIG && DPT::MKG && CTR::EN",same,16,25231,946,failure,200,2091260458,10456302.290
covercrypt,hybridized,089a548,"DPT::DEV","SEC::HIG && DPT::MKG && CTR::FR",same,16,25231,946,failure,200,1891780950,9458904.750
covercrypt,hybridized,089a548,"DPT::DEV","SEC::HIG && DPT::MKG && CTR::$",same,32,51939,946,failure,200,4718726172,23593630.860
covercrypt,hybridized,089a548,"DPT::DEV","SEC::HIG && DPT::$",different,64,105363,946,success,200,3497721406,17488607.030
covercrypt,hybridized,089a548,"DPT::DEV","SEC::HIG && DPT::$ && CTR::EN",same,32,51939,946,success,200,2133914570,10669572.850
covercrypt,hybridized,089a548,"DPT::DEV","SEC::HIG && DPT::$ && CTR::FR",same,32,51939,946,success,200,2229683705,11148418.525
covercrypt,hybridized,089a548,"DPT::DEV","SEC::HIG && DPT::$ && CTR::$",same,64,105363,946,success,200,2738483114,13692415.570
covercrypt,hybridized,089a548,"DPT::DEV","SEC::$",different,80,132075,946,success,200,3760918622,18804593.110
covercrypt,hybridized,089a548,"DPT::DEV","SEC::$ && CTR::EN",different,40,65293,946,success,200,1951504464,9757522.320
covercrypt,hybridized,089a548,"DPT::DEV","SEC::$ && CTR::FR",different,40,65293,946,success,200,2378392540,11891962.700
covercrypt,hybridized,089a548,"DPT::DEV","SEC::$ && CTR::$",different,80,132075,946,success,200,7319373041,36596865.205
covercrypt,hybridized,089a548,"DPT::DEV","SEC::$ && DPT::DEV",different,40,65293,946,success,200,4235497023,21177485.115
covercrypt,hybridized,089a548,"DPT::DEV","SEC::$ && DPT::DEV && CTR::EN",same,20,31907,946,success,200,2674631666,13373158.330
covercrypt,hybridized,089a548,"DPT::DEV","SEC::$ && DPT::DEV && CTR::FR",same,20,31907,946,success,200,2370505711,11852528.555
covercrypt,hybridized,089a548,"DPT::DEV","SEC::$ && DPT::DEV && CTR::$",same,40,65293,946,success,200,4175872344,20879361.720
covercrypt,hybridized,089a548,"DPT::DEV","SEC::$ && DPT::MKG",different,40,65293,946,failure,200,8166412068,40832060.340
covercrypt,hybridized,089a548,"DPT::DEV","SEC::$ && DPT::MKG && CTR::EN",same,20,31907,946,failure,200,3992279625,19961398.125
covercrypt,hybridized,089a548,"DPT::DEV","SEC::$ && DPT::MKG && CTR::FR",same,20,31907,946,failure,200,4003234188,20016170.940
covercrypt,hybridized,089a548,"DPT::DEV","SEC::$ && DPT::MKG && CTR::$",same,40,65293,946,failure,200,8628733090,43143665.450
covercrypt,hybridized,089a548,"DPT::DEV","SEC::$ && DPT::$",different,80,132075,946,success,200,9359889409,46799447.045
covercrypt,hybridized,089a548,"DPT::DEV","SEC::$ && DPT::$ && CTR::EN",same,40,65293,946,success,200,4228601127,21143005.635
covercrypt,hybridized,089a548,"DPT::DEV","SEC::$ && DPT::$ && CTR::FR",same,40,65293,946,success,200,4534122922,22670614.610
covercrypt,hybridized,089a548,"DPT::DEV","SEC::$ && DPT::$ && CTR::$",same,80,132075,946,success,200,8472596564,42362982.820
covercrypt,hybridized,089a548,"DPT::$","CTR::EN",different,40,65293,946,success,200,4144827154,20724135.770
covercrypt,hybridized,089a548,"DPT::$","CTR::FR",different,40,65293,946,success,200,4570975505,22854877.525
covercrypt,hybridized,089a548,"DPT::$","CTR::$",different,80,132075,946,success,200,9202591209,46012956.045
covercrypt,hybridized,089a548,"DPT::$","DPT::DEV",different,40,65293,946,failure,200,8310116080,41550580.400
covercrypt,hybridized,089a548,"DPT::$","DPT::DEV && CTR::EN",different,20,31907,946,failure,200,4214914444,21074572.220
covercrypt,hybridized,089a548,"DPT::$","DPT::DEV && CTR::FR",different,20,31907,946,failure,200,4188245174,20941225.870
covercrypt,hybridized,089a548,"DPT::$","DPT::DEV && CTR::$",different,40,65293,946,failure,200,8230378637,41151893.185
covercrypt,hybridized,089a548,"DPT::$","DPT::MKG",different,40,65293,946,failure,200,8384146811,41920734.055
covercrypt,hybridized,089a548,"DPT::$","DPT::MKG && CTR::EN",different,20,31907,946,failure,200,4049461289,20247306.445
covercrypt,hybridized,089a548,"DPT::$","DPT::MKG && CTR::FR",different,20,31907,946,failure,200,4333730379,21668651.895
covercrypt,hybridized,089a548,"DPT::$","DPT::MKG && CTR::$",different,40,65293,946,failure,200,8414674888,42073374.440
covercrypt,hybridized,089a548,"DPT::$","DPT::$",different,80,132075,946,success,200,8931260985,44656304.925
covercrypt,hybridized,089a548,"DPT::$","DPT::$ && CTR::EN",different,40,65293,946,success,200,4298218871,21491094.355
covercrypt,hybridized,089a548,"DPT::$","DPT::$ && CTR::FR",different,40,65293,946,success,200,4658772591,23293862.955
covercrypt,hybridized,089a548,"DPT::$","DPT::$ && CTR::$",different,80,132075,946,success,200,8645593408,43227967.040
covercrypt,hybridized,089a548,"DPT::$","SEC::LOW",different,32,51939,946,success,200,4018093424,20090467.120
covercrypt,hybridized,089a548,"DPT::$","SEC::LOW && CTR::EN",different,16,25231,946,success,200,2421328044,12106640.220
covercrypt,hybridized,089a548,"DPT::$","SEC::LOW && CTR::FR",different,16,25231,946,success,200,1971577795,9857888.975
covercrypt,hybridized,089a548,"DPT::$","SEC::LOW && CTR::$",different,32,51939,946,success,200,3611593666,18057968.330
covercrypt,hybridized,089a548,"DPT::$","SEC::LOW && DPT::DEV",different,16,25231,946,failure,200,3275081093,16375405.465
covercrypt,hybridized,089a548,"DPT::$","SEC::LOW && DPT::DEV && CTR::EN",same,8,11879,946,failure,200,1670491231,8352456.155
covercrypt,hybridized,089a548,"DPT::$","SEC::LOW && DPT::DEV && CTR::FR",same,8,11879,946,failure,200,1684470875,8422354.375
covercrypt,hybridized,089a548,"DPT::$","SEC::LOW && DPT::DEV && CTR::$",same,16,25231,946,failure,200,3415238891,17076194.455
covercrypt,hybridized,089a548,"DPT::$","SEC::LOW && DPT::MKG",different,16,25231,946,failure,200,3270471793,16352358.965
covercrypt,hybridized,089a548,"DPT::$","SEC::LOW && DPT::MKG && CTR::EN",same,8,11879,946,failure,200,1639436321,8197181.605
covercrypt,hybridized,089a548,"DPT::$","SEC::LOW && DPT::MKG && CTR::FR",same,8,11879,946,failure,200,1605299821,8026499.105
covercrypt,hybridized,089a548,"DPT::$","SEC::LOW && DPT::MKG && CTR::$",same,16,25231,946,failure,200,3324409211,16622046.055
covercrypt,hybridized,089a548,"DPT::$","SEC::LOW && DPT::$",different,32,51939,946,success,200,3540516199,17702580.995
covercrypt,hybridized,089a548,"DPT::$","SEC::LOW && DPT::$ && CTR::EN",same,16,25231,946,success,200,2179048673,10895243.365
covercrypt,hybridized,089a548,"DPT::$","SEC::LOW && DPT::$ && CTR::FR",same,16,25231,946,success,200,2113147058,10565735.290
covercrypt,hybridized,089a548,"DPT::$","SEC::LOW && DPT::$ && CTR::$",same,32,51939,946,success,200,3730358237,18651791.185
covercrypt,hybridized,089a548,"DPT::$","SEC::MED",different,48,78651,946,success,200,5483046868,27415234.340
covercrypt,hybridized,089a548,"DPT::$","SEC::MED && CTR::EN",different,24,38585,946,success,200,2952951695,14764758.475
covercrypt,hybridized,089a548,"DPT::$","SEC::MED && CTR::FR",different,24,38585,946,success,200,2995173490,14975867.450
covercrypt,hybridized,089a548,"DPT::$","SEC::MED && CTR::$",different,48,78651,946,success,200,5199998646,25999993.230
covercrypt,hybridized,089a548,"DPT::$","SEC::MED && DPT::DEV",different,24,38585,946,failure,200,5006420685,25032103.425
covercrypt,hybridized,089a548,"DPT::$","SEC::MED && DPT::DEV && CTR::EN",same,12,18555,946,failure,200,2413220693,12066103.465
covercrypt,hybridized,089a548,"DPT::$","SEC::MED && DPT::DEV && CTR::FR",same,12,18555,946,failure,200,2110174034,10550870.170
covercrypt,hybridized,089a548,"DPT::$","SEC::MED && DPT::DEV && CTR::$",same,24,38585,946,failure,200,4400323083,22001615.415
covercrypt,hybridized,089a548,"DPT::$","SEC::MED && DPT::MKG",different,24,38585,946,failure,200,4986399887,24931999.435
covercrypt,hybridized,089a548,"DPT::$","SEC::MED && DPT::MKG && CTR::EN",same,12,18555,946,failure,200,2581666184,12908330.920
covercrypt,hybridized,089a548,"DPT::$","SEC::MED && DPT::MKG && CTR::FR",same,12,18555,946,failure,200,2493628353,12468141.765
covercrypt,hybridized,089a548,"DPT::$","SEC::MED && DPT::MKG && CTR::$",same,24,38585,946,failure,200,4928552915,24642764.575
covercrypt,hybridized,089a548,"DPT::$","SEC::MED && DPT::$",different,48,78651,946,success,200,5137667958,25688339.790
covercrypt,hybridized,089a548,"DPT::$","SEC::MED && DPT::$ && CTR::EN",same,24,38585,946,success,200,2814068927,14070344.635
covercrypt,hybridized,089a548,"DPT::$","SEC::MED && DPT::$ && CTR::FR",same,24,38585,946,success,200,3055000998,15275004.990
covercrypt,hybridized,089a548,"DPT::$","SEC::MED && DPT::$ && CTR::$",same,48,78651,946,success,200,5595907067,27979535.335
covercrypt,hybridized,089a548,"DPT::$","SEC::HIG",different,64,105363,946,success,200,6828743668,34143718.340
covercrypt,hybridized,089a548,"DPT::$","SEC::HIG && CTR::EN",different,32,51939,946,success,200,3510124291,17550621.455
covercrypt,hybridized,089a548,"DPT::$","SEC::HIG && CTR::FR",different,32,51939,946,success,200,3298773842,16493869.210
covercrypt,hybridized,089a548,"DPT::$","SEC::HIG && CTR::$",different,64,105363,946,success,200,5568648469,27843242.345
covercrypt,hybridized,089a548,"DPT::$","SEC::HIG && DPT::DEV",different,32,51939,946,failure,200,4439943388,22199716.940
covercrypt,hybridized,089a548,"DPT::$","SEC::HIG && DPT::DEV && CTR::EN",same,16,25231,946,failure,200,2135267900,10676339.500
covercrypt,hybridized,089a548,"DPT::$","SEC::HIG && DPT::DEV && CTR::FR",same,16,25231,946,failure,200,1733791945,8668959.725
covercrypt,hybridized,089a548,"DPT::$","SEC::HIG && DPT::DEV && CTR::$",same,32,51939,946,failure,200,3109490515,15547452.575
covercrypt,hybridized,089a548,"DPT::$","SEC::HIG && DPT::MKG",different,32,51939,946,failure,200,3636437543,18182187.715
covercrypt,hybridized,089a548,"DPT::$","SEC::HIG && DPT::MKG && CTR::EN",same,16,25231,946,failure,200,1806038476,9030192.380
covercrypt,hybridized,089a548,"DPT::$","SEC::HIG && DPT::MKG && CTR::FR",same,16,25231,946,failure,200,1630891359,8154456.795
covercrypt,hybridized,089a548,"DPT::$","SEC::HIG && DPT::MKG && CTR::$",same,32,51939,946,failure,200,3255832926,16279164.630
covercrypt,hybridized,089a548,"DPT::$","SEC::HIG && DPT::$",different,64,105363,946,success,200,3058282988,15291414.940
covercrypt,hybridized,089a548,"DPT::$","SEC::HIG && DPT::$ && CTR::EN",same,32,51939,946,success,200,1504294194,7521470.970
covercrypt,hybridized,089a548,"DPT::$","SEC::HIG && DPT::$ && CTR::FR",same,32,51939,946,success,200,1587493278,7937466.390
covercrypt,hybridized,089a548,"DPT::$","SEC::HIG && DPT::$ && CTR::$",same,64,105363,946,success,200,3388680963,16943404.815
covercrypt,hybridized,089a548,"DPT::$","SEC::$",different,80,132075,946,success,200,3646784872,18233924.360
covercrypt,hybridized,089a548,"DPT::$","SEC::$ && CTR::EN",different,40,65293,946,success,200,1710296725,8551483.625
covercrypt,hybridized,089a548,"DPT::$","SEC::$ && CTR::FR",different,40,65293,946,success,200,2042586276,10212931.380
covercrypt,hybridized,089a548,"DPT::$","SEC::$ && CTR::$",different,80,132075,946,success,200,3519051483,17595257.415
covercrypt,hybridized,089a548,"DPT::$","SEC::$ && DPT::DEV",different,40,65293,946,failure,200,3426062351,17130311.755
covercrypt,hybridized,089a548,"DPT::$","SEC::$ && DPT::DEV && CTR::EN",same,20,31907,946,failure,200,1636467072,8182335.360
covercrypt,hybridized,089a548,"DPT::$","SEC::$ && DPT::DEV && CTR::FR",same,20,31907,946,failure,200,1714964938,8574824.690
covercrypt,hybridized,089a548,"DPT::$","SEC::$ && DPT::DEV && CTR::$",same,40,65293,946,failure,200,3503862615,17519313.075
covercrypt,hybridized,089a548,"DPT::$","SEC::$ && DPT::MKG",different,40,65293,946,failure,200,3504563262,17522816.310
covercrypt,hybridized,089a548,"DPT::$","SEC::$ && DPT::MKG && CTR::EN",same,20,31907,946,failure,200,1637890734,8189453.670
covercrypt,hybridized,089a548,"DPT::$","SEC::$ && DPT::MKG && CTR::FR",same,20,31907,946,failure,200,1638360281,8191801.405
covercrypt,hybridized,089a548,"DPT::$","SEC::$ && DPT::MKG && CTR::$",same,40,65293,946,failure,200,4166103935,20830519.675
covercrypt,hybridized,089a548,"DPT::$","SEC::$ && DPT::$",different,80,132075,946,success,200,4590199393,22950996.965
covercrypt,hybridized,089a548,"DPT::$","SEC::$ && DPT::$ && CTR::EN",same,40,65293,946,success,200,2026249573,10131247.865
covercrypt,hybridized,089a548,"DPT::$","SEC::$ && DPT::$ && CTR::FR",same,40,65293,946,success,200,2244111598,11220557.990
covercrypt,hybridized,089a548,"DPT::$","SEC::$ && DPT::$ && CTR::$",same,80,132075,946,success,200,4609129269,23045646.345
covercrypt,hybridized,089a548,"SEC::LOW && DPT::DEV","CTR::EN",different,40,65293,946,success,200,2687702726,13438513.630
covercrypt,hybridized,089a548,"SEC::LOW && DPT::DEV","CTR::FR",different,40,65293,946,success,200,2484952212,12424761.060
covercrypt,hybridized,089a548,"SEC::LOW && DPT::DEV","CTR::$",different,80,132075,946,success,200,4711748053,23558740.265
covercrypt,hybridized,089a548,"SEC::LOW && DPT::DEV","DPT::DEV",different,40,65293,946,success,200,2115919543,10579597.715
covercrypt,hybridized,089a548,"SEC::LOW && DPT::DEV","DPT::DEV && CTR::EN",different,20,31907,946,success,200,1043338393,5216691.965
covercrypt,hybridized,089a548,"SEC::LOW && DPT::DEV","DPT::DEV && CTR::FR",different,20,31907,946,success,200,1286774544,6433872.720
covercrypt,hybridized,089a548,"SEC::LOW && DPT::DEV","DPT::DEV && CTR::$",different,40,65293,946,success,200,1931534131,9657670.655
covercrypt,hybridized,089a548,"SEC::LOW && DPT::DEV","DPT::MKG",different,40,65293,946,failure,200,3433007600,17165038.000
covercrypt,hybridized,089a548,"SEC::LOW && DPT::DEV","DPT::MKG && CTR::EN",different,20,31907,946,failure,200,1726674466,8633372.330
covercrypt,hybridized,089a548,"SEC::LOW && DPT::DEV","DPT::MKG && CTR::FR",different,20,31907,946,failure,200,1691384052,8456920.260
covercrypt,hybridized,089a548,"SEC::LOW && DPT::DEV","DPT::MKG && CTR::$",different,40,65293,946,failure,200,3548977905,17744889.525
covercrypt,hybridized,089a548,"SEC::LOW && DPT::DEV","DPT::$",different,80,132075,946,success,200,3896543920,19482719.600
covercrypt,hybridized,089a548,"SEC::LOW && DPT::DEV","DPT::$ && CTR::EN",different,40,65293,946,success,200,1861290001,9306450.005
covercrypt,hybridized,089a548,"SEC::LOW && DPT::DEV","DPT::$ && CTR::FR",different,40,65293,946,success,200,2049571972,10247859.860
covercrypt,hybridized,089a548,"SEC::LOW && DPT::DEV","DPT::$ && CTR::$",different,80,132075,946,success,200,3624141030,18120705.150
covercrypt,hybridized,089a548,"SEC::LOW && DPT::DEV","SEC::LOW",different,32,51939,946,success,200,1651100593,8255502.965
covercrypt,hybridized,089a548,"SEC::LOW && DPT::DEV","SEC::LOW && CTR::EN",different,16,25231,946,success,200,830863345,4154316.725
covercrypt,hybridized,089a548,"SEC::LOW && DPT::DEV","SEC::LOW && CTR::FR",different,16,25231,946,success,200,1016133799,5080668.995
covercrypt,hybridized,089a548,"SEC::LOW && DPT::DEV","SEC::LOW && CTR::$",different,32,51939,946,success,200,1376343217,6881716.085
covercrypt,hybridized,089a548,"SEC::LOW && DPT::DEV","SEC::LOW && DPT::DEV",different,16,25231,946,success,200,782848467,3914242.335
covercrypt,hybridized,089a548,"SEC::LOW && DPT::DEV","SEC::LOW && DPT::DEV && CTR::EN",same,8,11879,946,success,200,496845945,2484229.725
covercrypt,hybridized,089a548,"SEC::LOW && DPT::DEV","SEC::LOW && DPT::DEV && CTR::FR",same,8,11879,946,success,200,480641112,2403205.560
covercrypt,hybridized,089a548,"SEC::LOW && DPT::DEV","SEC::LOW && DPT::DEV && CTR::$",same,16,25231,946,success,200,850272121,4251360.605
covercrypt,hybridized,089a548,"SEC::LOW && DPT::DEV","SEC::LOW && DPT::MKG",different,16,25231,946,failure,200,1345337704,6726688.520
covercrypt,hybridized,089a548,"SEC::LOW && DPT::DEV","SEC::LOW && DPT::MKG && CTR::EN",same,8,11879,946,failure,200,698948593,3494742.965
covercrypt,hybridized,089a548,"SEC::LOW && DPT::DEV","SEC::LOW && DPT::MKG && CTR::FR",same,8,11879,946,failure,200,702152703,3510763.515
covercrypt,hybridized,089a548,"SEC::LOW && DPT::DEV","SEC::LOW && DPT::MKG && CTR::$",same,16,25231,946,failure,200,1384150493,6920752.465
covercrypt,hybridized,089a548,"SEC::LOW && DPT::DEV","SEC::LOW && DPT::$",different,32,51939,946,success,200,1597845273,7989226.365
covercrypt,hybridized,089a548,"SEC::LOW && DPT::DEV","SEC::LOW && DPT::$ && CTR::EN",same,16,25231,946,success,200,832506466,4162532.330
covercrypt,hybridized,089a548,"SEC::LOW && DPT::DEV","SEC::LOW && DPT::$ && CTR::FR",same,16,25231,946,success,200,781837823,3909189.115
covercrypt,hybridized,089a548,"SEC::LOW && DPT::DEV","SEC::LOW && DPT::$ && CTR::$",same,32,51939,946,success,200,1396730265,6983651.325
covercrypt,hybridized,089a548,"SEC::LOW && DPT::DEV","SEC::MED",different,48,78651,946,success,200,2163424601,10817123.005
covercrypt,hybridized,089a548,"SEC::LOW && DPT::DEV","SEC::MED && CTR::EN",different,24,38585,946,success,200,1483296846,7416484.230
covercrypt,hybridized,089a548,"SEC::LOW && DPT::DEV","SEC::MED && CTR::FR",different,24,38585,946,success,200,1201888002,6009440.010
covercrypt,hybridized,089a548,"SEC::LOW && DPT::DEV","SEC::MED && CTR::$",different,48,78651,946,success,200,2432505817,12162529.085
covercrypt,hybridized,089a548,"SEC::LOW && DPT::DEV","SEC::MED && DPT::DEV",different,24,38585,946,success,200,1241214581,6206072.905
covercrypt,hybridized,089a548,"SEC::LOW && DPT::DEV","SEC::MED && DPT::DEV && CTR::EN",same,12,18555,946,success,200,668579174,3342895.870
covercrypt,hybridized,089a548,"SEC::LOW && DPT::DEV","SEC::MED && DPT::DEV && CTR::FR",same,12,18555,946,success,200,677404911,3387024.555
covercrypt,hybridized,089a548,"SEC::LOW && DPT::DEV","SEC::MED && DPT::DEV && CTR::$",same,24,38585,946,success,200,1198422185,5992110.925
covercrypt,hybridized,089a548,"SEC::LOW && DPT::DEV","SEC::MED && DPT::MKG",different,24,38585,946,failure,200,2229167921,11145839.605
covercrypt,hybridized,089a548,"SEC::LOW && DPT::DEV","SEC::MED && DPT::MKG && CTR::EN",same,12,18555,946,failure,200,1225972108,6129860.540
covercrypt,hybridized,089a548,"SEC::LOW && DPT::DEV","SEC::MED && DPT::MKG && CTR::FR",same,12,18555,946,failure,200,1079622658,5398113.290
covercrypt,hybridized,089a548,"SEC::LOW && DPT::DEV","SEC::MED && DPT::MKG && CTR::$",same,24,38585,946,failure,200,2141909777,10709548.885
covercrypt,hybridized,089a548,"SEC::LOW && DPT::DEV","SEC::MED && DPT::$",different,48,78651,946,success,200,2270799664,11353998.320
covercrypt,hybridized,089a548,"SEC::LOW && DPT::DEV","SEC::MED && DPT::$ && CTR::EN",same,24,38585,946,success,200,1211699872,6058499.360
covercrypt,hybridized,089a548,"SEC::LOW && DPT::DEV","SEC::MED && DPT::$ && CTR::FR",same,24,38585,946,success,200,1193258613,5966293.065
covercrypt,hybridized,089a548,"SEC::LOW && DPT::DEV","SEC::MED && DPT::$ && CTR::$",same,48,78651,946,success,200,2481349448,12406747.240
covercrypt,hybridized,089a548,"SEC::LOW && DPT::DEV","SEC::HIG",different,64,105363,946,success,200,2931780900,14658904.500
covercrypt,hybridized,089a548,"SEC::LOW && DPT::DEV","SEC::HIG && CTR::EN",different,32,51939,946,success,200,1473774199,7368870.995
covercrypt,hybridized,089a548,"SEC::LOW && DPT::DEV","SEC::HIG && CTR::FR",different,32,51939,946,success,200,1634418816,8172094.080
covercrypt,hybridized,089a548,"SEC::LOW && DPT::DEV","SEC::HIG && CTR::$",different,64,105363,946,success,200,3330685947,16653429.735
covercrypt,hybridized,089a548,"SEC::LOW && DPT::DEV","SEC::HIG && DPT::DEV",different,32,51939,946,success,200,1743867650,8719338.250
covercrypt,hybridized,089a548,"SEC::LOW && DPT::DEV","SEC::HIG && DPT::DEV && CTR::EN",same,16,25231,946,success,200,838630821,4193154.105
covercrypt,hybridized,089a548,"SEC::LOW && DPT::DEV","SEC::HIG && DPT::DEV && CTR::FR",same,16,25231,946,success,200,858626425,4293132.125
covercrypt,hybridized,089a548,"SEC::LOW && DPT::DEV","SEC::HIG && DPT::DEV && CTR::$",same,32,51939,946,success,200,1703862080,8519310.400
covercrypt,hybridized,089a548,"SEC::LOW && DPT::DEV","SEC::HIG && DPT::MKG",different,32,51939,946,failure,200,2858035081,14290175.405
covercrypt,hybridized,089a548,"SEC::LOW && DPT::DEV","SEC::HIG && DPT::MKG && CTR::EN",same,16,25231,946,failure,200,1342846398,6714231.990
covercrypt,hybridized,089a548,"SEC::LOW && DPT::DEV","SEC::HIG && DPT::MKG && CTR::FR",same,16,25231,946,failure,200,1493583539,7467917.695
covercrypt,hybridized,089a548,"SEC::LOW && DPT::DEV","SEC::HIG && DPT::MKG && CTR::$",same,32,51939,946,failure,200,3194582000,15972910.000
covercrypt,hybridized,089a548,"SEC::LOW && DPT::DEV","SEC::HIG && DPT::$",different,64,105363,946,success,200,3171408093,15857040.465
covercrypt,hybridized,089a548,"SEC::LOW && DPT::DEV","SEC::HIG && DPT::$ && CTR::EN",same,32,51939,946,success,200,2048025983,10240129.915
covercrypt,hybridized,089a548,"SEC::LOW && DPT::DEV","SEC::HIG && DPT::$ && CTR::FR",same,32,51939,946,success,200,1770751116,8853755.580
covercrypt,hybridized,089a548,"SEC::LOW && DPT::DEV","SEC::HIG && DPT::$ && CTR::$",same,64,105363,946,success,200,3019930770,15099653.850
covercrypt,hybridized,089a548,"SEC::LOW && DPT::DEV","SEC::$",different,80,132075,946,success,200,4484374414,22421872.070
covercrypt,hybridized,089a548,"SEC::LOW && DPT::DEV","SEC::$ && CTR::EN",different,40,65293,946,success,200,2290559766,11452798.830
covercrypt,hybridized,089a548,"SEC::LOW && DPT::DEV","SEC::$ && CTR::FR",different,40,65293,946,success,200,2826209042,14131045.210
covercrypt,hybridized,089a548,"SEC::LOW && DPT::DEV","SEC::$ && CTR::$",different,80,132075,946,success,200,4072170969,20360854.845
covercrypt,hybridized,089a548,"SEC::LOW && DPT::DEV","SEC::$ && DPT::DEV",different,40,65293,946,success,200,2475839518,12379197.590
covercrypt,hybridized,089a548,"SEC::LOW && DPT::DEV","SEC::$ && DPT::DEV && CTR::EN",same,20,31907,946,success,200,1242517735,6212588.675
covercrypt,hybridized,089a548,"SEC::LOW && DPT::DEV","SEC::$ && DPT::DEV && CTR::FR",same,20,31907,946,success,200,1053753021,5268765.105
covercrypt,hybridized,089a548,"SEC::LOW && DPT::DEV","SEC::$ && DPT::DEV && CTR::$",same,40,65293,946,success,200,1961753891,9808769.455
covercrypt,hybridized,089a548,"SEC::LOW && DPT::DEV","SEC::$ && DPT::MKG",different,40,65293,946,failure,200,3844739681,19223698.405
covercrypt,hybridized,089a548,"SEC::LOW && DPT::DEV","SEC::$ && DPT::MKG && CTR::EN",same,20,31907,946,failure,200,1909186147,9545930.735
covercrypt,hybridized,089a548,"SEC::LOW && DPT::DEV","SEC::$ && DPT::MKG && CTR::FR",same,20,31907,946,failure,200,1807190221,9035951.105
covercrypt,hybridized,089a548,"SEC::LOW && DPT::DEV","SEC::$ && DPT::MKG && CTR::$",same,40,65293,946,failure,200,4595170004,22975850.020
covercrypt,hybridized,089a548,"SEC::LOW && DPT::DEV","SEC::$ && DPT::$",different,80,132075,946,success,200,3940356832,19701784.160
covercrypt,hybridized,089a548,"SEC::LOW && DPT::DEV","SEC::$ && DPT::$ && CTR::EN",same,40,65293,946,success,200,2040150146,10200750.730
covercrypt,hybridized,089a548,"SEC::LOW && DPT::DEV","SEC::$ && DPT::$ && CTR::FR",same,40,65293,946,success,200,1848538694,9242693.470
covercrypt,hybridized,089a548,"SEC::LOW && DPT::DEV","SEC::$ && DPT::$ && CTR::$",same,80,132075,946,success,200,3912599497,19562997.485
covercrypt,hybridized,089a548,"SEC::LOW && DPT::$","CTR::EN",different,40,65293,946,success,200,2144841765,10724208.825
covercrypt,hybridized,089a548,"SEC::LOW && DPT::$","CTR::FR",different,40,65293,946,success,200,2049819077,10249095.385
covercrypt,hybridized,089a548,"SEC::LOW && DPT::$","CTR::$",different,80,132075,946,success,200,3819318428,19096592.140
covercrypt,hybridized,089a548,"SEC::LOW && DPT::$","DPT::DEV",different,40,65293,946,failure,200,3791528491,18957642.455
covercrypt,hybridized,089a548,"SEC::LOW && DPT::$","DPT::DEV && CTR::EN",different,20,31907,946,failure,200,1861829757,9309148.785
covercrypt,hybridized,089a548,"SEC::LOW && DPT::$","DPT::DEV && CTR::FR",different,20,31907,946,failure,200,1976115140,9880575.700
covercrypt,hybridized,089a548,"SEC::LOW && DPT::$","DPT::DEV && CTR::$",different,40,65293,946,failure,200,3947949967,19739749.835
covercrypt,hybridized,089a548,"SEC::LOW && DPT::$","DPT::MKG",different,40,65293,946,failure,200,3815203246,19076016.230
covercrypt,hybridized,089a548,"SEC::LOW && DPT::$","DPT::MKG && CTR::EN",different,20,31907,946,failure,200,2140580506,10702902.530
covercrypt,hybridized,089a548,"SEC::LOW && DPT::$","DPT::MKG && CTR::FR",different,20,31907,946,failure,200,2393017730,11965088.650
covercrypt,hybridized,089a548,"SEC::LOW && DPT::$","DPT::MKG && CTR::$",different,40,65293,946,failure,200,4718245905,23591229.525
covercrypt,hybridized,089a548,"SEC::LOW && DPT::$","DPT::$",different,80,132075,946,success,200,5032482113,25162410.565
covercrypt,hybridized,089a548,"SEC::LOW && DPT::$","DPT::$ && CTR::EN",different,40,65293,946,success,200,2221653908,11108269.540
covercrypt,hybridized,089a548,"SEC::LOW && DPT::$","DPT::$ && CTR::FR",different,40,65293,946,success,200,2059986488,10299932.440
covercrypt,hybridized,089a548,"SEC::LOW && DPT::$","DPT::$ && CTR::$",different,80,132075,946,success,200,4743177539,23715887.695
covercrypt,hybridized,089a548,"SEC::LOW && DPT::$","SEC::LOW",different,32,51939,946,success,200,3713226427,18566132.135
covercrypt,hybridized,089a548,"SEC::LOW && DPT::$","SEC::LOW && CTR::EN",different,16,25231,946,success,200,1876397440,9381987.200
covercrypt,hybridized,089a548,"SEC::LOW && DPT::$","SEC::LOW && CTR::FR",different,16,25231,946,success,200,1507813850,7539069.250
covercrypt,hybridized,089a548,"SEC::LOW && DPT::$","SEC::LOW && CTR::$",different,32,51939,946,success,200,3983782748,19918913.740
covercrypt,hybridized,089a548,"SEC::LOW && DPT::$","SEC::LOW && DPT::DEV",different,16,25231,946,failure,200,2974979541,14874897.705
covercrypt,hybridized,089a548,"SEC::LOW && DPT::$","SEC::LOW && DPT::DEV && CTR::EN",same,8,11879,946,failure,200,1444263731,7221318.655
covercrypt,hybridized,089a548,"SEC::LOW && DPT::$","SEC::LOW && DPT::DEV && CTR::FR",same,8,11879,946,failure,200,1467629436,7338147.180
covercrypt,hybridized,089a548,"SEC::LOW && DPT::$","SEC::LOW && DPT::DEV && CTR::$",same,16,25231,946,failure,200,3006356636,15031783.180
covercrypt,hybridized,089a548,"SEC::LOW && DPT::$","SEC::LOW && DPT::MKG",different,16,25231,946,failure,200,3060045003,15300225.015
covercrypt,hybridized,089a548,"SEC::LOW && DPT::$","SEC::LOW && DPT::MKG && CTR::EN",same,8,11879,946,failure,200,1044631048,5223155.240
covercrypt,hybridized,089a548,"SEC::LOW && DPT::$","SEC::LOW && DPT::MKG && CTR::FR",same,8,11879,946,failure,200,1170009515,5850047.575
covercrypt,hybridized,089a548,"SEC::LOW && DPT::$","SEC::LOW && DPT::MKG && CTR::$",same,16,25231,946,failure,200,1823182877,9115914.385
covercrypt,hybridized,089a548,"SEC::LOW && DPT::$","SEC::LOW && DPT::$",different,32,51939,946,success,200,2183118490,10915592.450
covercrypt,hybridized,089a548,"SEC::LOW && DPT::$","SEC::LOW && DPT::$ && CTR::EN",same,16,25231,946,success,200,1176487230,5882436.150
covercrypt,hybridized,089a548,"SEC::LOW && DPT::$","SEC::LOW && DPT::$ && CTR::FR",same,16,25231,946,success,200,1268902759,6344513.795
covercrypt,hybridized,089a548,"SEC::LOW && DPT::$","SEC::LOW && DPT::$ && CTR::$",same,32,51939,946,success,200,2121518324,10607591.620
covercrypt,hybridized,089a548,"SEC::LOW && DPT::$","SEC::MED",different,48,78651,946,success,200,2795690390,13978451.950
covercrypt,hybridized,089a548,"SEC::LOW && DPT::$","SEC::MED && CTR::EN",different,24,38585,946,success,200,1345424878,6727124.390
covercrypt,hybridized,089a548,"SEC::LOW && DPT::$","SEC::MED && CTR::FR",different,24,38585,946,success,200,1253521781,6267608.905
covercrypt,hybridized,089a548,"SEC::LOW && DPT::$","SEC::MED && CTR::$",different,48,78651,946,success,200,2419091656,12095458.280
covercrypt,hybridized,089a548,"SEC::LOW && DPT::$","SEC::MED && DPT::DEV",different,24,38585,946,failure,200,3046521753,15232608.765
covercrypt,hybridized,089a548,"SEC::LOW && DPT::$","SEC::MED && DPT::DEV && CTR::EN",same,12,18555,946,failure,200,1525383524,7626917.620
covercrypt,hybridized,089a548,"SEC::LOW && DPT::$","SEC::MED && DPT::DEV && CTR::FR",same,12,18555,946,failure,200,1313392978,6566964.890
covercrypt,hybridized,089a548,"SEC::LOW && DPT::$","SEC::MED && DPT::DEV && CTR::$",same,24,38585,946,failure,200,2898825255,14494126.275
covercrypt,hybridized,089a548,"SEC::LOW && DPT::$","SEC::MED && DPT::MKG",different,24,38585,946,failure,200,1933529473,9667647.365
covercrypt,hybridized,089a548,"SEC::LOW && DPT::$","SEC::MED && DPT::MKG && CTR::EN",same,12,18555,946,failure,200,1089181164,5445905.820
covercrypt,hybridized,089a548,"SEC::LOW && DPT::$","SEC::MED && DPT::MKG && CTR::FR",same,12,18555,946,failure,200,1074102240,5370511.200
covercrypt,hybridized,089a548,"SEC::LOW && DPT::$","SEC::MED && DPT::MKG && CTR::$",same,24,38585,946,failure,200,2217162042,11085810.210
covercrypt,hybridized,089a548,"SEC::LOW && DPT::$","SEC::MED && DPT::$",different,48,78651,946,success,200,2615052791,13075263.955
covercrypt,hybridized,089a548,"SEC::LOW && DPT::$","SEC::MED && DPT::$ && CTR::EN",same,24,38585,946,success,200,2591657360,12958286.800
covercrypt,hybridized,089a548,"SEC::LOW && DPT::$","SEC::MED && DPT::$ && CTR::FR",same,24,38585,946,success,200,2384261601,11921308.005
covercrypt,hybridized,089a548,"SEC::LOW && DPT::$","SEC::MED && DPT::$ && CTR::$",same,48,78651,946,success,200,3331906689,16659533.445
covercrypt,hybridized,089a548,"SEC::LOW && DPT::$","SEC::HIG",different,64,105363,946,success,200,5792417561,28962087.805
covercrypt,hybridized,089a548,"SEC::LOW && DPT::$","SEC::HIG && CTR::EN",different,32,51939,946,success,200,1985610325,9928051.625
covercrypt,hybridized,089a548,"SEC::LOW && DPT::$","SEC::HIG && CTR::FR",different,32,51939,946,success,200,1964993696,9824968.480
covercrypt,hybridized,089a548,"SEC::LOW && DPT::$","SEC::HIG && CTR::$",different,64,105363,946,success,200,3901169287,19505846.435
covercrypt,hybridized,089a548,"SEC::LOW && DPT::$","SEC::HIG && DPT::DEV",different,32,51939,946,failure,200,3574269566,17871347.830
covercrypt,hybridized,089a548,"SEC::LOW && DPT::$","SEC::HIG && DPT::DEV && CTR::EN",same,16,25231,946,failure,200,1886481209,9432406.045
covercrypt,hybridized,089a548,"SEC::LOW && DPT::$","SEC::HIG && DPT::DEV && CTR::FR",same,16,25231,946,failure,200,2031562458,10157812.290
covercrypt,hybridized,089a548,"SEC::LOW && DPT::$","SEC::HIG && DPT::DEV && CTR::$",same,32,51939,946,failure,200,3921530275,19607651.375
covercrypt,hybridized,089a548,"SEC::LOW && DPT::$","SEC::HIG && DPT::MKG",different,32,51939,946,failure,200,3134214801,15671074.005
covercrypt,hybridized,089a548,"SEC::LOW && DPT::$","SEC::HIG && DPT::MKG && CTR::EN",same,16,25231,946,failure,200,1786551449,8932757.245
covercrypt,hybridized,089a548,"SEC::LOW && DPT::$","SEC::HIG && DPT::MKG && CTR::FR",same,16,25231,946,failure,200,2088681567,10443407.835
covercrypt,hybridized,089a548,"SEC::LOW && DPT::$","SEC::HIG && DPT::MKG && CTR::$",same,32,51939,946,failure,200,4262567686,21312838.430
covercrypt,hybridized,089a548,"SEC::LOW && DPT::$","SEC::HIG && DPT::$",different,64,105363,946,success,200,4814279687,24071398.435
covercrypt,hybridized,089a548,"SEC::LOW && DPT::$","SEC::HIG && DPT::$ && CTR::EN",same,32,51939,946,success,200,1815187809,9075939.045
covercrypt,hybridized,089a548,"SEC::LOW && DPT::$","SEC::HIG && DPT::$ && CTR::FR",same,32,51939,946,success,200,1810259093,9051295.465
covercrypt,hybridized,089a548,"SEC::LOW && DPT::$","SEC::HIG && DPT::$ && CTR::$",same,64,105363,946,success,200,4347628450,21738142.250
covercrypt,hybridized,089a548,"SEC::LOW && DPT::$","SEC::$",different,80,132075,946,success,200,7615854013,38079270.065
covercrypt,hybridized,089a548,"SEC::LOW && DPT::$","SEC::$ && CTR::EN",different,40,65293,946,success,200,4133668551,20668342.755
covercrypt,hybridized,089a548,"SEC::LOW && DPT::$","SEC::$ && CTR::FR",different,40,65293,946,success,200,4070441859,20352209.295
covercrypt,hybridized,089a548,"SEC::LOW && DPT::$","SEC::$ && CTR::$",different,80,132075,946,success,200,8331820765,41659103.825
covercrypt,hybridized,089a548,"SEC::LOW && DPT::$","SEC::$ && DPT::DEV",different,40,65293,946,failure,200,9020979212,45104896.060
covercrypt,hybridized,089a548,"SEC::LOW && DPT::$","SEC::$ && DPT::DEV && CTR::EN",same,20,31907,946,failure,200,4140455052,20702275.260
covercrypt,hybridized,089a548,"SEC::LOW && DPT::$","SEC::$ && DPT::DEV && CTR::FR",same,20,31907,946,failure,200,4086340546,20431702.730
covercrypt,hybridized,089a548,"SEC::LOW && DPT::$","SEC::$ && DPT::DEV && CTR::$",same,40,65293,946,failure,200,8478228717,42391143.585
covercrypt,hybridized,089a548,"SEC::LOW && DPT::$","SEC::$ && DPT::MKG",different,40,65293,946,failure,200,8319279143,41596395.715
covercrypt,hybridized,089a548,"SEC::LOW && DPT::$","SEC::$ && DPT::MKG && CTR::EN",same,20,31907,946,failure,200,4184830249,20924151.245
covercrypt,hybridized,089a548,"SEC::LOW && DPT::$","SEC::$ && DPT::MKG && CTR::FR",same,20,31907,946,failure,200,4200444939,21002224.695
covercrypt,hybridized,089a548,"SEC::LOW && DPT::$","SEC::$ && DPT::MKG && CTR::$",same,40,65293,946,failure,200,8313000199,41565000.995
covercrypt,hybridized,089a548,"SEC::LOW && DPT::$","SEC::$ && DPT::$",different,80,132075,946,success,200,8881850714,44409253.570
covercrypt,hybridized,089a548,"SEC::LOW && DPT::$","SEC::$ && DPT::$ && CTR::EN",same,40,65293,946,success,200,4450646594,22253232.970
covercrypt,hybridized,089a548,"SEC::LOW && DPT::$","SEC::$ && DPT::$ && CTR::FR",same,40,65293,946,success,200,3046057851,15230289.255
covercrypt,hybridized,089a548,"SEC::LOW && DPT::$","SEC::$ && DPT::$ && CTR::$",same,80,132075,946,success,200,8701608147,43508040.735
covercrypt,hybridized,089a548,"SEC::MED && DPT::DEV","CTR::EN",different,40,65293,946,success,200,2991860753,14959303.765
covercrypt,hybridized,089a548,"SEC::MED && DPT::DEV","CTR::FR",different,40,65293,946,success,200,3311503807,16557519.035
covercrypt,hybridized,089a548,"SEC::MED && DPT::DEV","CTR::$",different,80,132075,946,success,200,4071575452,20357877.260
covercrypt,hybridized,089a548,"SEC::MED && DPT::DEV","DPT::DEV",different,40,65293,946,success,200,2257197340,11285986.700
covercrypt,hybridized,089a548,"SEC::MED && DPT::DEV","DPT::DEV && CTR::EN",different,20,31907,946,success,200,1295118741,6475593.705
covercrypt,hybridized,089a548,"SEC::MED && DPT::DEV","DPT::DEV && CTR::FR",different,20,31907,946,success,200,1240069475,6200347.375
covercrypt,hybridized,089a548,"SEC::MED && DPT::DEV","DPT::DEV && CTR::$",different,40,65293,946,success,200,2007115442,10035577.210
covercrypt,hybridized,089a548,"SEC::MED && DPT::DEV","DPT::MKG",different,40,65293,946,failure,200,3751710655,18758553.275
covercrypt,hybridized,089a548,"SEC::MED && DPT::DEV","DPT::MKG && CTR::EN",different,20,31907,946,failure,200,2523443864,12617219.320
covercrypt,hybridized,089a548,"SEC::MED && DPT::DEV","DPT::MKG && CTR::FR",different,20,31907,946,failure,200,3224146999,16120734.995
covercrypt,hybridized,089a548,"SEC::MED && DPT::DEV","DPT::MKG && CTR::$",different,40,65293,946,failure,200,5005669027,25028345.135
covercrypt,hybridized,089a548,"SEC::MED && DPT::DEV","DPT::$",different,80,132075,946,success,200,3538333208,17691666.040
covercrypt,hybridized,089a548,"SEC::MED && DPT::DEV","DPT::$ && CTR::EN",different,40,65293,946,success,200,2394915957,11974579.785
covercrypt,hybridized,089a548,"SEC::MED && DPT::DEV","DPT::$ && CTR::FR",different,40,65293,946,success,200,3002236825,15011184.125
covercrypt,hybridized,089a548,"SEC::MED && DPT::DEV","DPT::$ && CTR::$",different,80,132075,946,success,200,4234716686,21173583.430
covercrypt,hybridized,089a548,"SEC::MED && DPT::DEV","SEC::LOW",different,32,51939,946,failure,200,3348296029,16741480.145
covercrypt,hybridized,089a548,"SEC::MED && DPT::DEV","SEC::LOW && CTR::EN",different,16,25231,946,failure,200,1418242169,7091210.845
covercrypt,hybridized,089a548,"SEC::MED && DPT::DEV","SEC::LOW && CTR::FR",different,16,25231,946,failure,200,1900361869,9501809.345
covercrypt,hybridized,089a548,"SEC::MED && DPT::DEV","SEC::LOW && CTR::$",different,32,51939,946,failure,200,3351536494,16757682.470
covercrypt,hybridized,089a548,"SEC::MED && DPT::DEV","SEC::LOW && DPT::DEV",different,16,25231,946,failure,200,1561225778,7806128.890
covercrypt,hybridized,089a548,"SEC::MED && DPT::DEV","SEC::LOW && DPT::DEV && CTR::EN",same,8,11879,946,failure,200,683542124,3417710.620
covercrypt,hybridized,089a548,"SEC::MED && DPT::DEV","SEC::LOW && DPT::DEV && CTR::FR",same,8,11879,946,failure,200,732311476,3661557.380
covercrypt,hybridized,089a548,"SEC::MED && DPT::DEV","SEC::LOW && DPT::DEV && CTR::$",same,16,25231,946,failure,200,1445221774,7226108.870
covercrypt,hybridized,089a548,"SEC::MED && DPT::DEV","SEC::LOW && DPT::MKG",different,16,25231,946,failure,200,1778959352,8894796.760
covercrypt,hybridized,089a548,"SEC::MED && DPT::DEV","SEC::LOW && DPT::MKG && CTR::EN",same,8,11879,946,failure,200,825719271,4128596.355
covercrypt,hybridized,089a548,"SEC::MED && DPT::DEV","SEC::LOW && DPT::MKG && CTR::FR",same,8,11879,946,failure,200,693320483,3466602.415
covercrypt,hybridized,089a548,"SEC::MED && DPT::DEV","SEC::LOW && DPT::MKG && CTR::$",same,16,25231,946,failure,200,1571009577,7855047.885
covercrypt,hybridized,089a548,"SEC::MED && DPT::DEV","SEC::LOW && DPT::$",different,32,51939,946,failure,200,3538933797,17694668.985
covercrypt,hybridized,089a548,"SEC::MED && DPT::DEV","SEC::LOW && DPT::$ && CTR::EN",same,16,25231,946,failure,200,1692539633,8462698.165
covercrypt,hybridized,089a548,"SEC::MED && DPT::DEV","SEC::LOW && DPT::$ && CTR::FR",same,16,25231,946,failure,200,2272891941,11364459.705
covercrypt,hybridized,089a548,"SEC::MED && DPT::DEV","SEC::LOW && DPT::$ && CTR::$",same,32,51939,946,failure,200,3985641508,19928207.540
covercrypt,hybridized,089a548,"SEC::MED && DPT::DEV","SEC::MED",different,48,78651,946,success,200,2847229924,14236149.620
covercrypt,hybridized,089a548,"SEC::MED && DPT::DEV","SEC::MED && CTR::EN",different,24,38585,946,success,200,1625976541,8129882.705
covercrypt,hybridized,089a548,"SEC::MED && DPT::DEV","SEC::MED && CTR::FR",different,24,38585,946,success,200,1793672752,8968363.760
covercrypt,hybridized,089a548,"SEC::MED && DPT::DEV","SEC::MED && CTR::$",different,48,78651,946,success,200,2628978197,13144890.985
covercrypt,hybridized,089a548,"SEC::MED && DPT::DEV","SEC::MED && DPT::DEV",different,24,38585,946,success,200,1623542620,8117713.100
covercrypt,hybridized,089a548,"SEC::MED && DPT::DEV","SEC::MED && DPT::DEV && CTR::EN",same,12,18555,946,success,200,773025983,3865129.915
covercrypt,hybridized,089a548,"SEC::MED && DPT::DEV","SEC::MED && DPT::DEV && CTR::FR",same,12,18555,946,success,200,654107126,3270535.630
covercrypt,hybridized,089a548,"SEC::MED && DPT::DEV","SEC::MED && DPT::DEV && CTR::$",same,24,38585,946,success,200,1337018283,6685091.415
covercrypt,hybridized,089a548,"SEC::MED && DPT::DEV","SEC::MED && DPT::MKG",different,24,38585,946,failure,200,2178752029,10893760.145
covercrypt,hybridized,089a548,"SEC::MED && DPT::DEV","SEC::MED && DPT::MKG && CTR::EN",same,12,18555,946,failure,200,1127927750,5639638.750
covercrypt,hybridized,089a548,"SEC::MED && DPT::DEV","SEC::MED && DPT::MKG && CTR::FR",same,12,18555,946,failure,200,1150585009,5752925.045
covercrypt,hybridized,089a548,"SEC::MED && DPT::DEV","SEC::MED && DPT::MKG && CTR::$",same,24,38585,946,failure,200,2036722175,10183610.875
covercrypt,hybridized,089a548,"SEC::MED && DPT::DEV","SEC::MED && DPT::$",different,48,78651,946,success,200,2300200321,11501001.605
covercrypt,hybridized,089a548,"SEC::MED && DPT::DEV","SEC::MED && DPT::$ && CTR::EN",same,24,38585,946,success,200,1187811608,5939058.040
covercrypt,hybridized,089a548,"SEC::MED && DPT::DEV","SEC::MED && DPT::$ && CTR::FR",same,24,38585,946,success,200,1153459042,5767295.210
covercrypt,hybridized,089a548,"SEC::MED && DPT::DEV","SEC::MED && DPT::$ && CTR::$",same,48,78651,946,success,200,2953863162,14769315.810
covercrypt,hybridized,089a548,"SEC::MED && DPT::DEV","SEC::HIG",different,64,105363,946,success,200,4295025674,21475128.370
covercrypt,hybridized,089a548,"SEC::MED && DPT::DEV","SEC::HIG && CTR::EN",different,32,51939,946,success,200,1759346090,8796730.450
covercrypt,hybridized,089a548,"SEC::MED && DPT::DEV","SEC::HIG && CTR::FR",different,32,51939,946,success,200,2351975152,11759875.760
covercrypt,hybridized,089a548,"SEC::MED && DPT::DEV","SEC::HIG && CTR::$",different,64,105363,946,success,200,3538350836,17691754.180
covercrypt,hybridized,089a548,"SEC::MED && DPT::DEV","SEC::HIG && DPT::DEV",different,32,51939,946,success,200,1451645121,7258225.605
covercrypt,hybridized,089a548,"SEC::MED && DPT::DEV","SEC::HIG && DPT::DEV && CTR::EN",same,16,25231,946,success,200,1116236625,5581183.125
covercrypt,hybridized,089a548,"SEC::MED && DPT::DEV","SEC::HIG && DPT::DEV && CTR::FR",same,16,25231,946,success,200,1093090758,5465453.790
covercrypt,hybridized,089a548,"SEC::MED && DPT::DEV","SEC::HIG && DPT::DEV && CTR::$",same,32,51939,946,success,200,2868657109,14343285.545
covercrypt,hybridized,089a548,"SEC::MED && DPT::DEV","SEC::HIG && DPT::MKG",different,32,51939,946,failure,200,3399400494,16997002.470
covercrypt,hybridized,089a548,"SEC::MED && DPT::DEV","SEC::HIG && DPT::MKG && CTR::EN",same,16,25231,946,failure,200,1395620576,6978102.880
covercrypt,hybridized,089a548,"SEC::MED && DPT::DEV","SEC::HIG && DPT::MKG && CTR::FR",same,16,25231,946,failure,200,1752598123,8762990.615
covercrypt,hybridized,089a548,"SEC::MED && DPT::DEV","SEC::HIG && DPT::MKG && CTR::$",same,32,51939,946,failure,200,3285305194,16426525.970
covercrypt,hybridized,089a548,"SEC::MED && DPT::DEV","SEC::HIG && DPT::$",different,64,105363,946,success,200,5989220753,29946103.765
covercrypt,hybridized,089a548,"SEC::MED && DPT::DEV","SEC::HIG && DPT::$ && CTR::EN",same,32,51939,946,success,200,2900844774,14504223.870
covercrypt,hybridized,089a548,"SEC::MED && DPT::DEV","SEC::HIG && DPT::$ && CTR::FR",same,32,51939,946,success,200,3398557815,16992789.075
covercrypt,hybridized,089a548,"SEC::MED && DPT::DEV","SEC::HIG && DPT::$ && CTR::$",same,64,105363,946,success,200,7060891135,35304455.675
covercrypt,hybridized,089a548,"SEC::MED && DPT::DEV","SEC::$",different,80,132075,946,success,200,7550215913,37751079.565
covercrypt,hybridized,089a548,"SEC::MED && DPT::DEV","SEC::$ && CTR::EN",different,40,65293,946,success,200,4158923252,20794616.260
covercrypt,hybridized,089a548,"SEC::MED && DPT::DEV","SEC::$ && CTR::FR",different,40,65293,946,success,200,2721198390,13605991.950
covercrypt,hybridized,089a548,"SEC::MED && DPT::DEV","SEC::$ && CTR::$",different,80,132075,946,success,200,4765066516,23825332.580
covercrypt,hybridized,089a548,"SEC::MED && DPT::DEV","SEC::$ && DPT::DEV",different,40,65293,946,success,200,2976040726,14880203.630
covercrypt,hybridized,089a548,"SEC::MED && DPT::DEV","SEC::$ && DPT::DEV && CTR::EN",same,20,31907,946,success,200,1638990805,8194954.025
covercrypt,hybridized,089a548,"SEC::MED && DPT::DEV","SEC::$ && DPT::DEV && CTR::FR",same,20,31907,946,success,200,2348733279,11743666.395
covercrypt,hybridized,089a548,"SEC::MED && DPT::DEV","SEC::$ && DPT::DEV && CTR::$",same,40,65293,946,success,200,3751470404,18757352.020
covercrypt,hybridized,089a548,"SEC::MED && DPT::DEV","SEC::$ && DPT::MKG",different,40,65293,946,failure,200,5272812516,26364062.580
covercrypt,hybridized,089a548,"SEC::MED && DPT::DEV","SEC::$ && DPT::MKG && CTR::EN",same,20,31907,946,failure,200,2039628514,10198142.570
covercrypt,hybridized,089a548,"SEC::MED && DPT::DEV","SEC::$ && DPT::MKG && CTR::FR",same,20,31907,946,failure,200,1680743941,8403719.705
covercrypt,hybridized,089a548,"SEC::MED && DPT::DEV","SEC::$ && DPT::MKG && CTR::$",same,40,65293,946,failure,200,4102811153,20514055.765
covercrypt,hybridized,089a548,"SEC::MED && DPT::DEV","SEC::$ && DPT::$",different,80,132075,946,success,200,4253369075,21266845.375
covercrypt,hybridized,089a548,"SEC::MED && DPT::DEV","SEC::$ && DPT::$ && CTR::EN",same,40,65293,946,success,200,2279983831,11399919.155
covercrypt,hybridized,089a548,"SEC::MED && DPT::DEV","SEC::$ && DPT::$ && CTR::FR",same,40,65293,946,success,200,2235003713,11175018.565
covercrypt,hybridized,089a548,"SEC::MED && DPT::DEV","SEC::$ && DPT::$ && CTR::$",same,80,132075,946,success,200,5062000047,25310000.235
covercrypt,hybridized,089a548,"SEC::MED && DPT::$","CTR::EN",different,40,65293,946,success,200,4231066345,21155331.725
covercrypt,hybridized,089a548,"SEC::MED && DPT::$","CTR::FR",different,40,65293,946,success,200,4481078739,22405393.695
covercrypt,hybridized,089a548,"SEC::MED && DPT::$","CTR::$",different,80,132075,946,success,200,8684846630,43424233.150
covercrypt,hybridized,089a548,"SEC::MED && DPT::$","DPT::DEV",different,40,65293,946,failure,200,8244767816,41223839.080
covercrypt,hybridized,089a548,"SEC::MED && DPT::$","DPT::DEV && CTR::EN",different,20,31907,946,failure,200,4253668233,21268341.165
covercrypt,hybridized,089a548,"SEC::MED && DPT::$","DPT::DEV && CTR::FR",different,20,31907,946,failure,200,4215333073,21076665.365
covercrypt,hybridized,089a548,"SEC::MED && DPT::$","DPT::DEV && CTR::$",different,40,65293,946,failure,200,8164395257,40821976.285
covercrypt,hybridized,089a548,"SEC::MED && DPT::$","DPT::MKG",different,40,65293,946,failure,200,8303051533,41515257.665
covercrypt,hybridized,089a548,"SEC::MED && DPT::$","DPT::MKG && CTR::EN",different,20,31907,946,failure,200,4232753044,21163765.220
covercrypt,hybridized,089a548,"SEC::MED && DPT::$","DPT::MKG && CTR::FR",different,20,31907,946,failure,200,4270816238,21354081.190
covercrypt,hybridized,089a548,"SEC::MED && DPT::$","DPT::MKG && CTR::$",different,40,65293,946,failure,200,8353113713,41765568.565
covercrypt,hybridized,089a548,"SEC::MED && DPT::$","DPT::$",different,80,132075,946,success,200,8172429176,40862145.880
covercrypt,hybridized,089a548,"SEC::MED && DPT::$","DPT::$ && CTR::EN",different,40,65293,946,success,200,5066241909,25331209.545
covercrypt,hybridized,089a548,"SEC::MED && DPT::$","DPT::$ && CTR::FR",different,40,65293,946,success,200,4422823826,22114119.130
covercrypt,hybridized,089a548,"SEC::MED && DPT::$","DPT::$ && CTR::$",different,80,132075,946,success,200,8954718272,44773591.360
covercrypt,hybridized,089a548,"SEC::MED && DPT::$","SEC::LOW",different,32,51939,946,failure,200,6673394723,33366973.615
covercrypt,hybridized,089a548,"SEC::MED && DPT::$","SEC::LOW && CTR::EN",different,16,25231,946,failure,200,3352304785,16761523.925
covercrypt,hybridized,089a548,"SEC::MED && DPT::$","SEC::LOW && CTR::FR",different,16,25231,946,failure,200,3395346496,16976732.480
covercrypt,hybridized,089a548,"SEC::MED && DPT::$","SEC::LOW && CTR::$",different,32,51939,946,failure,200,6654823026,33274115.130
covercrypt,hybridized,089a548,"SEC::MED && DPT::$","SEC::LOW && DPT::DEV",different,16,25231,946,failure,200,3331532694,16657663.470
covercrypt,hybridized,089a548,"SEC::MED && DPT::$","SEC::LOW && DPT::DEV && CTR::EN",same,8,11879,946,failure,200,1634655673,8173278.365
covercrypt,hybridized,089a548,"SEC::MED && DPT::$","SEC::LOW && DPT::DEV && CTR::FR",same,8,11879,946,failure,200,1569464263,7847321.315
covercrypt,hybridized,089a548,"SEC::MED && DPT::$","SEC::LOW && DPT::DEV && CTR::$",same,16,25231,946,failure,200,3353288309,16766441.545
covercrypt,hybridized,089a548,"SEC::MED && DPT::$","SEC::LOW && DPT::MKG",different,16,25231,946,failure,200,3223518230,16117591.150
covercrypt,hybridized,089a548,"SEC::MED && DPT::$","SEC::LOW && DPT::MKG && CTR::EN",same,8,11879,946,failure,200,1550215456,7751077.280
covercrypt,hybridized,089a548,"SEC::MED && DPT::$","SEC::LOW && DPT::MKG && CTR::FR",same,8,11879,946,failure,200,1587251329,7936256.645
covercrypt,hybridized,089a548,"SEC::MED && DPT::$","SEC::LOW && DPT::MKG && CTR::$",same,16,25231,946,failure,200,3271120117,16355600.585
covercrypt,hybridized,089a548,"SEC::MED && DPT::$","SEC::LOW && DPT::$",different,32,51939,946,failure,200,6518971880,32594859.400
covercrypt,hybridized,089a548,"SEC::MED && DPT::$","SEC::LOW && DPT::$ && CTR::EN",same,16,25231,946,failure,200,3184493629,15922468.145
covercrypt,hybridized,089a548,"SEC::MED && DPT::$","SEC::LOW && DPT::$ && CTR::FR",same,16,25231,946,failure,200,3329551617,16647758.085
covercrypt,hybridized,089a548,"SEC::MED && DPT::$","SEC::LOW && DPT::$ && CTR::$",same,32,51939,946,failure,200,6405315111,32026575.555
covercrypt,hybridized,089a548,"SEC::MED && DPT::$","SEC::MED",different,48,78651,946,success,200,5324152046,26620760.230
covercrypt,hybridized,089a548,"SEC::MED && DPT::$","SEC::MED && CTR::EN",different,24,38585,946,success,200,3004584396,15022921.980
covercrypt,hybridized,089a548,"SEC::MED && DPT::$","SEC::MED && CTR::FR",different,24,38585,946,success,200,2953305984,14766529.920
covercrypt,hybridized,089a548,"SEC::MED && DPT::$","SEC::MED && CTR::$",different,48,78651,946,success,200,5001680857,25008404.285
covercrypt,hybridized,089a548,"SEC::MED && DPT::$","SEC::MED && DPT::DEV",different,24,38585,946,failure,200,5149860967,25749304.835
covercrypt,hybridized,089a548,"SEC::MED && DPT::$","SEC::MED && DPT::DEV && CTR::EN",same,12,18555,946,failure,200,2647927737,13239638.685
covercrypt,hybridized,089a548,"SEC::MED && DPT::$","SEC::MED && DPT::DEV && CTR::FR",same,12,18555,946,failure,200,2540857732,12704288.660
covercrypt,hybridized,089a548,"SEC::MED && DPT::$","SEC::MED && DPT::DEV && CTR::$",same,24,38585,946,failure,200,4985483521,24927417.605
covercrypt,hybridized,089a548,"SEC::MED && DPT::$","SEC::MED && DPT::MKG",different,24,38585,946,failure,200,5132084973,25660424.865
covercrypt,hybridized,089a548,"SEC::MED && DPT::$","SEC::MED && DPT::MKG && CTR::EN",same,12,18555,946,failure,200,2400844094,12004220.470
covercrypt,hybridized,089a548,"SEC::MED && DPT::$","SEC::MED && DPT::MKG && CTR::FR",same,12,18555,946,failure,200,2464663530,12323317.650
covercrypt,hybridized,089a548,"SEC::MED && DPT::$","SEC::MED && DPT::MKG && CTR::$",same,24,38585,946,failure,200,5220299450,26101497.250
covercrypt,hybridized,089a548,"SEC::MED && DPT::$","SEC::MED && DPT::$",different,48,78651,946,success,200,5585532932,27927664.660
covercrypt,hybridized,089a548,"SEC::MED && DPT::$","SEC::MED && DPT::$ && CTR::EN",same,24,38585,946,success,200,2861046437,14305232.185
covercrypt,hybridized,089a548,"SEC::MED && DPT::$","SEC::MED && DPT::$ && CTR::FR",same,24,38585,946,success,200,3015600005,15078000.025
covercrypt,hybridized,089a548,"SEC::MED && DPT::$","SEC::MED && DPT::$ && CTR::$",same,48,78651,946,success,200,5295818866,26479094.330
covercrypt,hybridized,089a548,"SEC::MED && DPT::$","SEC::HIG",different,64,105363,946,success,200,7337512852,36687564.260
covercrypt,hybridized,089a548,"SEC::MED && DPT::$","SEC::HIG && CTR::EN",different,32,51939,946,success,200,3805446772,19027233.860
covercrypt,hybridized,089a548,"SEC::MED && DPT::$","SEC::HIG && CTR::FR",different,32,51939,946,success,200,3765090003,18825450.015
covercrypt,hybridized,089a548,"SEC::MED && DPT::$","SEC::HIG && CTR::$",different,64,105363,946,success,200,7701047422,38505237.110
covercrypt,hybridized,089a548,"SEC::MED && DPT::$","SEC::HIG && DPT::DEV",different,32,51939,946,failure,200,6474699706,32373498.530
covercrypt,hybridized,089a548,"SEC::MED && DPT::$","SEC::HIG && DPT::DEV && CTR::EN",same,16,25231,946,failure,200,2232670486,11163352.430
covercrypt,hybridized,089a548,"SEC::MED && DPT::$","SEC::HIG && DPT::DEV && CTR::FR",same,16,25231,946,failure,200,1644514845,8222574.225
covercrypt,hybridized,089a548,"SEC::MED && DPT::$","SEC::HIG && DPT::DEV && CTR::$",same,32,51939,946,failure,200,4360397667,21801988.335
covercrypt,hybridized,089a548,"SEC::MED && DPT::$","SEC::HIG && DPT::MKG",different,32,51939,946,failure,200,3537948490,17689742.450
covercrypt,hybridized,089a548,"SEC::MED && DPT::$","SEC::HIG && DPT::MKG && CTR::EN",same,16,25231,946,failure,200,2012011432,10060057.160
covercrypt,hybridized,089a548,"SEC::MED && DPT::$","SEC::HIG && DPT::MKG && CTR::FR",same,16,25231,946,failure,200,2356829462,11784147.310
covercrypt,hybridized,089a548,"SEC::MED && DPT::$","SEC::HIG && DPT::MKG && CTR::$",same,32,51939,946,failure,200,4060020774,20300103.870
covercrypt,hybridized,089a548,"SEC::MED && DPT::$","SEC::HIG && DPT::$",different,64,105363,946,success,200,4854646417,24273232.085
covercrypt,hybridized,089a548,"SEC::MED && DPT::$","SEC::HIG && DPT::$ && CTR::EN",same,32,51939,946,success,200,2274513493,11372567.465
covercrypt,hybridized,089a548,"SEC::MED && DPT::$","SEC::HIG && DPT::$ && CTR::FR",same,32,51939,946,success,200,1913863781,9569318.905
covercrypt,hybridized,089a548,"SEC::MED && DPT::$","SEC::HIG && DPT::$ && CTR::$",same,64,105363,946,success,200,4118134667,20590673.335
covercrypt,hybridized,089a548,"SEC::MED && DPT::$","SEC::$",different,80,132075,946,success,200,4870163573,24350817.865
covercrypt,hybridized,089a548,"SEC::MED && DPT::$","SEC::$ && CTR::EN",different,40,65293,946,success,200,3115447118,15577235.590
covercrypt,hybridized,089a548,"SEC::MED && DPT::$","SEC::$ && CTR::FR",different,40,65293,946,success,200,3385301732,16926508.660
covercrypt,hybridized,089a548,"SEC::MED && DPT::$","SEC::$ && CTR::$",different,80,132075,946,success,200,6531845201,32659226.005
covercrypt,hybridized,089a548,"SEC::MED && DPT::$","SEC::$ && DPT::DEV",different,40,65293,946,failure,200,5115765645,25578828.225
covercrypt,hybridized,089a548,"SEC::MED && DPT::$","SEC::$ && DPT::DEV && CTR::EN",same,20,31907,946,failure,200,2480665090,12403325.450
covercrypt,hybridized,089a548,"SEC::MED && DPT::$","SEC::$ && DPT::DEV && CTR::FR",same,20,31907,946,failure,200,3351396115,16756980.575
covercrypt,hybridized,089a548,"SEC::MED && DPT::$","SEC::$ && DPT::DEV && CTR::$",same,40,65293,946,failure,200,4700484989,23502424.945
covercrypt,hybridized,089a548,"SEC::MED && DPT::$","SEC::$ && DPT::MKG",different,40,65293,946,failure,200,5180203523,25901017.615
covercrypt,hybridized,089a548,"SEC::MED && DPT::$","SEC::$ && DPT::MKG && CTR::EN",same,20,31907,946,failure,200,3350933360,16754666.800
covercrypt,hybridized,089a548,"SEC::MED && DPT::$","SEC::$ && DPT::MKG && CTR::FR",same,20,31907,946,failure,200,2775430679,13877153.395
covercrypt,hybridized,089a548,"SEC::MED && DPT::$","SEC::$ && DPT::MKG && CTR::$",same,40,65293,946,failure,200,6738827976,33694139.880
covercrypt,hybridized,089a548,"SEC::MED && DPT::$","SEC::$ && DPT::$",different,80,132075,946,success,200,5662327760,28311638.800
covercrypt,hybridized,089a548,"SEC::MED && DPT::$","SEC::$ && DPT::$ && CTR::EN",same,40,65293,946,success,200,3756931845,18784659.225
covercrypt,hybridized,089a548,"SEC::MED && DPT::$","SEC::$ && DPT::$ && CTR::FR",same,40,65293,946,success,200,4078965203,20394826.015
covercrypt,hybridized,089a548,"SEC::MED && DPT::$","SEC::$ && DPT::$ && CTR::$",same,80,132075,946,success,200,9265757256,46328786.280
covercrypt,hybridized,089a548,"SEC::HIG && DPT::DEV","CTR::EN",different,40,65293,946,success,200,4683806937,23419034.685
covercrypt,hybridized,089a548,"SEC::HIG && DPT::DEV","CTR::FR",different,40,65293,946,success,200,4626685707,23133428.535
covercrypt,hybridized,089a548,"SEC::HIG && DPT::DEV","CTR::$",different,80,132075,946,success,200,8818539939,44092699.695
covercrypt,hybridized,089a548,"SEC::HIG && DPT::DEV","DPT::DEV",different,40,65293,946,success,200,4517126256,22585631.280
covercrypt,hybridized,089a548,"SEC::HIG && DPT::DEV","DPT::DEV && CTR::EN",different,20,31907,946,success,200,2288018825,11440094.125
covercrypt,hybridized,089a548,"SEC::HIG && DPT::DEV","DPT::DEV && CTR::FR",different,20,31907,946,success,200,2561353162,12806765.810
covercrypt,hybridized,089a548,"SEC::HIG && DPT::DEV","DPT::DEV && CTR::$",different,40,65293,946,success,200,4402063442,22010317.210
covercrypt,hybridized,089a548,"SEC::HIG && DPT::DEV","DPT::MKG",different,40,65293,946,failure,200,7289157512,36445787.560
covercrypt,hybridized,089a548,"SEC::HIG && DPT::DEV","DPT::MKG && CTR::EN",different,20,31907,946,failure,200,1909033761,9545168.805
covercrypt,hybridized,089a548,"SEC::HIG && DPT::DEV","DPT::MKG && CTR::FR",different,20,31907,946,failure,200,3221757253,16108786.265
covercrypt,hybridized,089a548,"SEC::HIG && DPT::DEV","DPT::MKG && CTR::$",different,40,65293,946,failure,200,8086676038,40433380.190
covercrypt,hybridized,089a548,"SEC::HIG && DPT::DEV","DPT::$",different,80,132075,946,success,200,8482928773,42414643.865
covercrypt,hybridized,089a548,"SEC::HIG && DPT::DEV","DPT::$ && CTR::EN",different,40,65293,946,success,200,5034114086,25170570.430
covercrypt,hybridized,089a548,"SEC::HIG && DPT::DEV","DPT::$ && CTR::FR",different,40,65293,946,success,200,4353958222,21769791.110
covercrypt,hybridized,089a548,"SEC::HIG && DPT::DEV","DPT::$ && CTR::$",different,80,132075,946,success,200,8893022272,44465111.360
covercrypt,hybridized,089a548,"SEC::HIG && DPT::DEV","SEC::LOW",different,32,51939,946,failure,200,6535868359,32679341.795
covercrypt,hybridized,089a548,"SEC::HIG && DPT::DEV","SEC::LOW && CTR::EN",different,16,25231,946,failure,200,3287328417,16436642.085
covercrypt,hybridized,089a548,"SEC::HIG && DPT::DEV","SEC::LOW && CTR::FR",different,16,25231,946,failure,200,3228288060,16141440.300
covercrypt,hybridized,089a548,"SEC::HIG && DPT::DEV","SEC::LOW && CTR::$",different,32,51939,946,failure,200,6610946907,33054734.535
covercrypt,hybridized,089a548,"SEC::HIG && DPT::DEV","SEC::LOW && DPT::DEV",different,16,25231,946,failure,200,3156940833,15784704.165
covercrypt,hybridized,089a548,"SEC::HIG && DPT::DEV","SEC::LOW && DPT::DEV && CTR::EN",same,8,11879,946,failure,200,1537315099,7686575.495
covercrypt,hybridized,089a548,"SEC::HIG && DPT::DEV","SEC::LOW && DPT::DEV && CTR::FR",same,8,11879,946,failure,200,1340146567,6700732.835
covercrypt,hybridized,089a548,"SEC::HIG && DPT::DEV","SEC::LOW && DPT::DEV && CTR::$",same,16,25231,946,failure,200,3353031813,16765159.065
covercrypt,hybridized,089a548,"SEC::HIG && DPT::DEV","SEC::LOW && DPT::MKG",different,16,25231,946,failure,200,3263811712,16319058.560
covercrypt,hybridized,089a548,"SEC::HIG && DPT::DEV","SEC::LOW && DPT::MKG && CTR::EN",same,8,11879,946,failure,200,1663712173,8318560.865
covercrypt,hybridized,089a548,"SEC::HIG && DPT::DEV","SEC::LOW && DPT::MKG && CTR::FR",same,8,11879,946,failure,200,1683243119,8416215.595
covercrypt,hybridized,089a548,"SEC::HIG && DPT::DEV","SEC::LOW && DPT::MKG && CTR::$",same,16,25231,946,failure,200,3137398606,15686993.030
covercrypt,hybridized,089a548,"SEC::HIG && DPT::DEV","SEC::LOW && DPT::$",different,32,51939,946,failure,200,6543718998,32718594.990
covercrypt,hybridized,089a548,"SEC::HIG && DPT::DEV","SEC::LOW && DPT::$ && CTR::EN",same,16,25231,946,failure,200,3347693737,16738468.685
covercrypt,hybridized,089a548,"SEC::HIG && DPT::DEV","SEC::LOW && DPT::$ && CTR::FR",same,16,25231,946,failure,200,3295025281,16475126.405
covercrypt,hybridized,089a548,"SEC::HIG && DPT::DEV","SEC::LOW && DPT::$ && CTR::$",same,32,51939,946,failure,200,6841492514,34207462.570
covercrypt,hybridized,089a548,"SEC::HIG && DPT::DEV","SEC::MED",different,48,78651,946,failure,200,9833748103,49168740.515
covercrypt,hybridized,089a548,"SEC::HIG && DPT::DEV","SEC::MED && CTR::EN",different,24,38585,946,failure,200,5180347027,25901735.135
covercrypt,hybridized,089a548,"SEC::HIG && DPT::DEV","SEC::MED && CTR::FR",different,24,38585,946,failure,200,5120045959,25600229.795
covercrypt,hybridized,089a548,"SEC::HIG && DPT::DEV","SEC::MED && CTR::$",different,48,78651,946,failure,200,10136746761,50683733.805
covercrypt,hybridized,089a548,"SEC::HIG && DPT::DEV","SEC::MED && DPT::DEV",different,24,38585,946,failure,200,4984764198,24923820.990
covercrypt,hybridized,089a548,"SEC::HIG && DPT::DEV","SEC::MED && DPT::DEV && CTR::EN",same,12,18555,946,failure,200,2486519967,12432599.835
covercrypt,hybridized,089a548,"SEC::HIG && DPT::DEV","SEC::MED && DPT::DEV && CTR::FR",same,12,18555,946,failure,200,2075371108,10376855.540
covercrypt,hybridized,089a548,"SEC::HIG && DPT::DEV","SEC::MED && DPT::DEV && CTR::$",same,24,38585,946,failure,200,4459272043,22296360.215
covercrypt,hybridized,089a548,"SEC::HIG && DPT::DEV","SEC::MED && DPT::MKG",different,24,38585,946,failure,200,4833812937,24169064.685
covercrypt,hybridized,089a548,"SEC::HIG && DPT::DEV","SEC::MED && DPT::MKG && CTR::EN",same,12,18555,946,failure,200,2539592973,12697964.865
covercrypt,hybridized,089a548,"SEC::HIG && DPT::DEV","SEC::MED && DPT::MKG && CTR::FR",same,12,18555,946,failure,200,2455524337,12277621.685
covercrypt,hybridized,089a548,"SEC::HIG && DPT::DEV","SEC::MED && DPT::MKG && CTR::$",same,24,38585,946,failure,200,3996522911,19982614.555
covercrypt,hybridized,089a548,"SEC::HIG && DPT::DEV","SEC::MED && DPT::$",different,48,78651,946,failure,200,7690146375,38450731.875
covercrypt,hybridized,089a548,"SEC::HIG && DPT::DEV","SEC::MED && DPT::$ && CTR::EN",same,24,38585,946,failure,200,4087184563,20435922.815
covercrypt,hybridized,089a548,"SEC::HIG && DPT::DEV","SEC::MED && DPT::$ && CTR::FR",same,24,38585,946,failure,200,4124072606,20620363.030
covercrypt,hybridized,089a548,"SEC::HIG && DPT::DEV","SEC::MED && DPT::$ && CTR::$",same,48,78651,946,failure,200,6553967992,32769839.960
covercrypt,hybridized,089a548,"SEC::HIG && DPT::DEV","SEC::HIG",different,64,105363,946,success,200,4834548862,24172744.310
covercrypt,hybridized,089a548,"SEC::HIG && DPT::DEV","SEC::HIG && CTR::EN",different,32,51939,946,success,200,3286657670,16433288.350
covercrypt,hybridized,089a548,"SEC::HIG && DPT::DEV","SEC::HIG && CTR::FR",different,32,51939,946,success,200,2516020883,12580104.415
covercrypt,hybridized,089a548,"SEC::HIG && DPT::DEV","SEC::HIG && CTR::$",different,64,105363,946,success,200,7081636539,35408182.695
covercrypt,hybridized,089a548,"SEC::HIG && DPT::DEV","SEC::HIG && DPT::DEV",different,32,51939,946,success,200,2645619913,13228099.565
covercrypt,hybridized,089a548,"SEC::HIG && DPT::DEV","SEC::HIG && DPT::DEV && CTR::EN",same,16,25231,946,success,200,954506251,4772531.255
covercrypt,hybridized,089a548,"SEC::HIG && DPT::DEV","SEC::HIG && DPT::DEV && CTR::FR",same,16,25231,946,success,200,1455727711,7278638.555
covercrypt,hybridized,089a548,"SEC::HIG && DPT::DEV","SEC::HIG && DPT::DEV && CTR::$",same,32,51939,946,success,200,3162043643,15810218.215
covercrypt,hybridized,089a548,"SEC::HIG && DPT::DEV","SEC::HIG && DPT::MKG",different,32,51939,946,failure,200,5525442505,27627212.525
covercrypt,hybridized,089a548,"SEC::HIG && DPT::DEV","SEC::HIG && DPT::MKG && CTR::EN",same,16,25231,946,failure,200,3362106861,16810534.305
covercrypt,hybridized,089a548,"SEC::HIG && DPT::DEV","SEC::HIG && DPT::MKG && CTR::FR",same,16,25231,946,failure,200,3285001304,16425006.520
covercrypt,hybridized,089a548,"SEC::HIG && DPT::DEV","SEC::HIG && DPT::MKG && CTR::$",same,32,51939,946,failure,200,4779176317,23895881.585
covercrypt,hybridized,089a548,"SEC::HIG && DPT::DEV","SEC::HIG && DPT::$",different,64,105363,946,success,200,3429166440,17145832.200
covercrypt,hybridized,089a548,"SEC::HIG && DPT::DEV","SEC::HIG && DPT::$ && CTR::EN",same,32,51939,946,success,200,1706156547,8530782.735
covercrypt,hybridized,089a548,"SEC::HIG && DPT::DEV","SEC::HIG && DPT::$ && CTR::FR",same,32,51939,946,success,200,1518766005,7593830.025
covercrypt,hybridized,089a548,"SEC::HIG && DPT::DEV","SEC::HIG && DPT::$ && CTR::$",same,64,105363,946,success,200,3153840922,15769204.610
covercrypt,hybridized,089a548,"SEC::HIG && DPT::DEV","SEC::$",different,80,132075,946,success,200,4390048606,21950243.030
covercrypt,hybridized,089a548,"SEC::HIG && DPT::DEV","SEC::$ && CTR::EN",different,40,65293,946,success,200,2015337854,10076689.270
covercrypt,hybridized,089a548,"SEC::HIG && DPT::DEV","SEC::$ && CTR::FR",different,40,65293,946,success,200,2298904899,11494524.495
covercrypt,hybridized,089a548,"SEC::HIG && DPT::DEV","SEC::$ && CTR::$",different,80,132075,946,success,200,4165369213,20826846.065
covercrypt,hybridized,089a548,"SEC::HIG && DPT::DEV","SEC::$ && DPT::DEV",different,40,65293,946,success,200,1497091338,7485456.690
covercrypt,hybridized,089a548,"SEC::HIG && DPT::DEV","SEC::$ && DPT::DEV && CTR::EN",same,20,31907,946,success,200,1012599735,5062998.675
covercrypt,hybridized,089a548,"SEC::HIG && DPT::DEV","SEC::$ && DPT::DEV && CTR::FR",same,20,31907,946,success,200,1010394927,5051974.635
covercrypt,hybridized,089a548,"SEC::HIG && DPT::DEV","SEC::$ && DPT::DEV && CTR::$",same,40,65293,946,success,200,1339071795,6695358.975
covercrypt,hybridized,089a548,"SEC::HIG && DPT::DEV","SEC::$ && DPT::MKG",different,40,65293,946,failure,200,2757104124,13785520.620
covercrypt,hybridized,089a548,"SEC::HIG && DPT::DEV","SEC::$ && DPT::MKG && CTR::EN",same,20,31907,946,failure,200,1616535870,8082679.350
covercrypt,hybridized,089a548,"SEC::HIG && DPT::DEV","SEC::$ && DPT::MKG && CTR::FR",same,20,31907,946,failure,200,1421134325,7105671.625
covercrypt,hybridized,089a548,"SEC::HIG && DPT::DEV","SEC::$ && DPT::MKG && CTR::$",same,40,65293,946,failure,200,2709256948,13546284.740
covercrypt,hybridized,089a548,"SEC::HIG && DPT::DEV","SEC::$ && DPT::$",different,80,132075,946,success,200,3707344689,18536723.445
covercrypt,hybridized,089a548,"SEC::HIG && DPT::DEV","SEC::$ && DPT::$ && CTR::EN",same,40,65293,946,success,200,1724468573,8622342.865
covercrypt,hybridized,089a548,"SEC::HIG && DPT::DEV","SEC::$ && DPT::$ && CTR::FR",same,40,65293,946,success,200,1520562608,7602813.040
covercrypt,hybridized,089a548,"SEC::HIG && DPT::DEV","SEC::$ && DPT::$ && CTR::$",same,80,132075,946,success,200,3247227915,16236139.575
covercrypt,hybridized,089a548,"SEC::HIG && DPT::$","CTR::EN",different,40,65293,946,success,200,1741736078,8708680.390
covercrypt,hybridized,089a548,"SEC::HIG && DPT::$","CTR::FR",different,40,65293,946,success,200,1517965524,7589827.620
covercrypt,hybridized,089a548,"SEC::HIG && DPT::$","CTR::$",different,80,132075,946,success,200,3339051365,16695256.825
covercrypt,hybridized,089a548,"SEC::HIG && DPT::$","DPT::DEV",different,40,65293,946,failure,200,3170020278,15850101.390
covercrypt,hybridized,089a548,"SEC::HIG && DPT::$","DPT::DEV && CTR::EN",different,20,31907,946,failure,200,1731846449,8659232.245
covercrypt,hybridized,089a548,"SEC::HIG && DPT::$","DPT::DEV && CTR::FR",different,20,31907,946,failure,200,1503453155,7517265.775
covercrypt,hybridized,089a548,"SEC::HIG && DPT::$","DPT::DEV && CTR::$",different,40,65293,946,failure,200,3009481927,15047409.635
covercrypt,hybridized,089a548,"SEC::HIG && DPT::$","DPT::MKG",different,40,65293,946,failure,200,2940491104,14702455.520
covercrypt,hybridized,089a548,"SEC::HIG && DPT::$","DPT::MKG && CTR::EN",different,20,31907,946,failure,200,1235774649,6178873.245
covercrypt,hybridized,089a548,"SEC::HIG && DPT::$","DPT::MKG && CTR::FR",different,20,31907,946,failure,200,1372584848,6862924.240
covercrypt,hybridized,089a548,"SEC::HIG && DPT::$","DPT::MKG && CTR::$",different,40,65293,946,failure,200,5425231262,27126156.310
covercrypt,hybridized,089a548,"SEC::HIG && DPT::$","DPT::$",different,80,132075,946,success,200,6568475356,32842376.780
covercrypt,hybridized,089a548,"SEC::HIG && DPT::$","DPT::$ && CTR::EN",different,40,65293,946,success,200,3794319441,18971597.205
covercrypt,hybridized,089a548,"SEC::HIG && DPT::$","DPT::$ && CTR::FR",different,40,65293,946,success,200,2263636094,11318180.470
covercrypt,hybridized,089a548,"SEC::HIG && DPT::$","DPT::$ && CTR::$",different,80,132075,946,success,200,6255358679,31276793.395
covercrypt,hybridized,089a548,"SEC::HIG && DPT::$","SEC::LOW",different,32,51939,946,failure,200,2460235967,12301179.835
covercrypt,hybridized,089a548,"SEC::HIG && DPT::$","SEC::LOW && CTR::EN",different,16,25231,946,failure,200,1077567797,5387838.985
covercrypt,hybridized,089a548,"SEC::HIG && DPT::$","SEC::LOW && CTR::FR",different,16,25231,946,failure,200,1159866730,5799333.650
covercrypt,hybridized,089a548,"SEC::HIG && DPT::$","SEC::LOW && CTR::$",different,32,51939,946,failure,200,2145799456,10728997.280
covercrypt,hybridized,089a548,"SEC::HIG && DPT::$","SEC::LOW && DPT::DEV",different,16,25231,946,failure,200,1120098942,5600494.710
covercrypt,hybridized,089a548,"SEC::HIG && DPT::$","SEC::LOW && DPT::DEV && CTR::EN",same,8,11879,946,failure,200,557502619,2787513.095
covercrypt,hybridized,089a548,"SEC::HIG && DPT::$","SEC::LOW && DPT::DEV && CTR::FR",same,8,11879,946,failure,200,574888764,2874443.820
covercrypt,hybridized,089a548,"SEC::HIG && DPT::$","SEC::LOW && DPT::DEV && CTR::$",same,16,25231,946,failure,200,1240525253,6202626.265
covercrypt,hybridized,089a548,"SEC::HIG && DPT::$","SEC::LOW && DPT::MKG",different,16,25231,946,failure,200,1152164155,5760820.775
covercrypt,hybridized,089a548,"SEC::HIG && DPT::$","SEC::LOW && DPT::MKG && CTR::EN",same,8,11879,946,failure,200,551412426,2757062.130
covercrypt,hybridized,089a548,"SEC::HIG && DPT::$","SEC::LOW && DPT::MKG && CTR::FR",same,8,11879,946,failure,200,569154389,2845771.945
covercrypt,hybridized,089a548,"SEC::HIG && DPT::$","SEC::LOW && DPT::MKG && CTR::$",same,16,25231,946,failure,200,1237638596,6188192.980
covercrypt,hybridized,089a548,"SEC::HIG && DPT::$","SEC::LOW && DPT::$",different,32,51939,946,failure,200,2913654609,14568273.045
covercrypt,hybridized,089a548,"SEC::HIG && DPT::$","SEC::LOW && DPT::$ && CTR::EN",same,16,25231,946,failure,200,2605870505,13029352.525
covercrypt,hybridized,089a548,"SEC::HIG && DPT::$","SEC::LOW && DPT::$ && CTR::FR",same,16,25231,946,failure,200,1884582067,9422910.335
covercrypt,hybridized,089a548,"SEC::HIG && DPT::$","SEC::LOW && DPT::$ && CTR::$",same,32,51939,946,failure,200,3960761377,19803806.885
covercrypt,hybridized,089a548,"SEC::HIG && DPT::$","SEC::MED",different,48,78651,946,failure,200,6813998884,34069994.420
covercrypt,hybridized,089a548,"SEC::HIG && DPT::$","SEC::MED && CTR::EN",different,24,38585,946,failure,200,5064796337,25323981.685
covercrypt,hybridized,089a548,"SEC::HIG && DPT::$","SEC::MED && CTR::FR",different,24,38585,946,failure,200,4884874973,24424374.865
covercrypt,hybridized,089a548,"SEC::HIG && DPT::$","SEC::MED && CTR::$",different,48,78651,946,failure,200,10027230959,50136154.795
covercrypt,hybridized,089a548,"SEC::HIG && DPT::$","SEC::MED && DPT::DEV",different,24,38585,946,failure,200,5140227910,25701139.550
covercrypt,hybridized,089a548,"SEC::HIG && DPT::$","SEC::MED && DPT::DEV && CTR::EN",same,12,18555,946,failure,200,2419206353,12096031.765
covercrypt,hybridized,089a548,"SEC::HIG && DPT::$","SEC::MED && DPT::DEV && CTR::FR",same,12,18555,946,failure,200,2432324643,12161623.215
covercrypt,hybridized,089a548,"SEC::HIG && DPT::$","SEC::MED && DPT::DEV && CTR::$",same,24,38585,946,failure,200,4443145897,22215729.485
covercrypt,hybridized,089a548,"SEC::HIG && DPT::$","SEC::MED && DPT::MKG",different,24,38585,946,failure,200,4933798032,24668990.160
covercrypt,hybridized,089a548,"SEC::HIG && DPT::$","SEC::MED && DPT::MKG && CTR::EN",same,12,18555,946,failure,200,1320326174,6601630.870
covercrypt,hybridized,089a548,"SEC::HIG && DPT::$","SEC::MED && DPT::MKG && CTR::FR",same,12,18555,946,failure,200,1454356580,7271782.900
covercrypt,hybridized,089a548,"SEC::HIG && DPT::$","SEC::MED && DPT::MKG && CTR::$",same,24,38585,946,failure,200,3546216172,17731080.860
covercrypt,hybridized,089a548,"SEC::HIG && DPT::$","SEC::MED && DPT::$",different,48,78651,946,failure,200,6937562246,34687811.230
covercrypt,hybridized,089a548,"SEC::HIG && DPT::$","SEC::MED && DPT::$ && CTR::EN",same,24,38585,946,failure,200,2931534804,14657674.020
covercrypt,hybridized,089a548,"SEC::HIG && DPT::$","SEC::MED && DPT::$ && CTR::FR",same,24,38585,946,failure,200,2362911105,11814555.525
covercrypt,hybridized,089a548,"SEC::HIG && DPT::$","SEC::MED && DPT::$ && CTR::$",same,48,78651,946,failure,200,5752074533,28760372.665
covercrypt,hybridized,089a548,"SEC::HIG && DPT::$","SEC::HIG",different,64,105363,946,success,200,2722051875,13610259.375
covercrypt,hybridized,089a548,"SEC::HIG && DPT::$","SEC::HIG && CTR::EN",different,32,51939,946,success,200,1466413497,7332067.485
covercrypt,hybridized,089a548,"SEC::HIG && DPT::$","SEC::HIG && CTR::FR",different,32,51939,946,success,200,1503026976,7515134.880
covercrypt,hybridized,089a548,"SEC::HIG && DPT::$","SEC::HIG && CTR::$",different,64,105363,946,success,200,2557584198,12787920.990
covercrypt,hybridized,089a548,"SEC::HIG && DPT::$","SEC::HIG && DPT::DEV",different,32,51939,946,failure,200,2730421098,13652105.490
covercrypt,hybridized,089a548,"SEC::HIG && DPT::$","SEC::HIG && DPT::DEV && CTR::EN",same,16,25231,946,failure,200,1363937507,6819687.535
covercrypt,hybridized,089a548,"SEC::HIG && DPT::$","SEC::HIG && DPT::DEV && CTR::FR",same,16,25231,946,failure,200,1280917650,6404588.250
covercrypt,hybridized,089a548,"SEC::HIG && DPT::$","SEC::HIG && DPT::DEV && CTR::$",same,32,51939,946,failure,200,2540651961,12703259.805
covercrypt,hybridized,089a548,"SEC::HIG && DPT::$","SEC::HIG && DPT::MKG",different,32,51939,946,failure,200,2159111862,10795559.310
covercrypt,hybridized,089a548,"SEC::HIG && DPT::$","SEC::HIG && DPT::MKG && CTR::EN",same,16,25231,946,failure,200,1161268953,5806344.765
covercrypt,hybridized,089a548,"SEC::HIG && DPT::$","SEC::HIG && DPT::MKG && CTR::FR",same,16,25231,946,failure,200,1139885948,5699429.740
covercrypt,hybridized,089a548,"SEC::HIG && DPT::$","SEC::HIG && DPT::MKG && CTR::$",same,32,51939,946,failure,200,2007628992,10038144.960
covercrypt,hybridized,089a548,"SEC::HIG && DPT::$","SEC::HIG && DPT::$",different,64,105363,946,success,200,2287884621,11439423.105
covercrypt,hybridized,089a548,"SEC::HIG && DPT::$","SEC::HIG && DPT::$ && CTR::EN",same,32,51939,946,success,200,1114428478,5572142.390
covercrypt,hybridized,089a548,"SEC::HIG && DPT::$","SEC::HIG && DPT::$ && CTR::FR",same,32,51939,946,success,200,1261174658,6305873.290
covercrypt,hybridized,089a548,"SEC::HIG && DPT::$","SEC::HIG && DPT::$ && CTR::$",same,64,105363,946,success,200,2856390840,14281954.200
covercrypt,hybridized,089a548,"SEC::HIG && DPT::$","SEC::$",different,80,132075,946,success,200,2143488014,10717440.070
covercrypt,hybridized,089a548,"SEC::HIG && DPT::$","SEC::$ && CTR::EN",different,40,65293,946,success,200,1193341071,5966705.355
covercrypt,hybridized,089a548,"SEC::HIG && DPT::$","SEC::$ && CTR::FR",different,40,65293,946,success,200,1283831873,6419159.365
covercrypt,hybridized,089a548,"SEC::HIG && DPT::$","SEC::$ && CTR::$",different,80,132075,946,success,200,2995413588,14977067.940
covercrypt,hybridized,089a548,"SEC::HIG && DPT::$","SEC::$ && DPT::DEV",different,40,65293,946,failure,200,5663785498,28318927.490
covercrypt,hybridized,089a548,"SEC::HIG && DPT::$","SEC::$ && DPT::DEV && CTR::EN",same,20,31907,946,failure,200,2113680307,10568401.535
covercrypt,hybridized,089a548,"SEC::HIG && DPT::$","SEC::$ && DPT::DEV && CTR::FR",same,20,31907,946,failure,200,1986075168,9930375.840
covercrypt,hybridized,089a548,"SEC::HIG && DPT::$","SEC::$ && DPT::DEV && CTR::$",same,40,65293,946,failure,200,2844298776,14221493.880
covercrypt,hybridized,089a548,"SEC::HIG && DPT::$","SEC::$ && DPT::MKG",different,40,65293,946,failure,200,2326615184,11633075.920
covercrypt,hybridized,089a548,"SEC::HIG && DPT::$","SEC::$ && DPT::MKG && CTR::EN",same,20,31907,946,failure,200,1027509522,5137547.610
covercrypt,hybridized,089a548,"SEC::HIG && DPT::$","SEC::$ && DPT::MKG && CTR::FR",same,20,31907,946,failure,200,1226819668,6134098.340
covercrypt,hybridized,089a548,"SEC::HIG && DPT::$","SEC::$ && DPT::MKG && CTR::$",same,40,65293,946,failure,200,2104262772,10521313.860
covercrypt,hybridized,089a548,"SEC::HIG && DPT::$","SEC::$ && DPT::$",different,80,132075,946,success,200,2588505903,12942529.515
covercrypt,hybridized,089a548,"SEC::HIG && DPT::$","SEC::$ && DPT::$ && CTR::EN",same,40,65293,946,success,200,1252531843,6262659.215
covercrypt,hybridized,089a548,"SEC::HIG && DPT::$","SEC::$ && DPT::$ && CTR::FR",same,40,65293,946,success,200,1256884783,6284423.915
covercrypt,hybridized,089a548,"SEC::HIG && DPT::$","SEC::$ && DPT::$ && CTR::$",same,80,132075,946,success,200,2047252428,10236262.140
covercrypt,hybridized,089a548,"SEC::$ && DPT::DEV","CTR::EN",different,40,65293,946,success,200,1274954051,6374770.255
covercrypt,hybridized,089a548,"SEC::$ && DPT::DEV","CTR::FR",different,40,65293,946,success,200,1905794114,9528970.570
covercrypt,hybridized,089a548,"SEC::$ && DPT::DEV","CTR::$",different,80,132075,946,success,200,2862897488,14314487.440
covercrypt,hybridized,089a548,"SEC::$ && DPT::DEV","DPT::DEV",different,40,65293,946,success,200,1027311633,5136558.165
covercrypt,hybridized,089a548,"SEC::$ && DPT::DEV","DPT::DEV && CTR::EN",different,20,31907,946,success,200,536464214,2682321.070
covercrypt,hybridized,089a548,"SEC::$ && DPT::DEV","DPT::DEV && CTR::FR",different,20,31907,946,success,200,714461661,3572308.305
covercrypt,hybridized,089a548,"SEC::$ && DPT::DEV","DPT::DEV && CTR::$",different,40,65293,946,success,200,1125224913,5626124.565
covercrypt,hybridized,089a548,"SEC::$ && DPT::DEV","DPT::MKG",different,40,65293,946,failure,200,2907772270,14538861.350
covercrypt,hybridized,089a548,"SEC::$ && DPT::DEV","DPT::MKG && CTR::EN",different,20,31907,946,failure,200,1029485522,5147427.610
covercrypt,hybridized,089a548,"SEC::$ && DPT::DEV","DPT::MKG && CTR::FR",different,20,31907,946,failure,200,1060030393,5300151.965
covercrypt,hybridized,089a548,"SEC::$ && DPT::DEV","DPT::MKG && CTR::$",different,40,65293,946,failure,200,2058004463,10290022.315
covercrypt,hybridized,089a548,"SEC::$ && DPT::DEV","DPT::$",different,80,132075,946,success,200,2464297985,12321489.925
covercrypt,hybridized,089a548,"SEC::$ && DPT::DEV","DPT::$ && CTR::EN",different,40,65293,946,success,200,1502286222,7511431.110
covercrypt,hybridized,089a548,"SEC::$ && DPT::DEV","DPT::$ && CTR::FR",different,40,65293,946,success,200,1185293013,5926465.065
covercrypt,hybridized,089a548,"SEC::$ && DPT::DEV","DPT::$ && CTR::$",different,80,132075,946,success,200,2598685898,12993429.490
covercrypt,hybridized,089a548,"SEC::$ && DPT::DEV","SEC::LOW",different,32,51939,946,failure,200,1700472567,8502362.835
covercrypt,hybridized,089a548,"SEC::$ && DPT::DEV","SEC::LOW && CTR::EN",different,16,25231,946,failure,200,864914580,4324572.900
covercrypt,hybridized,089a548,"SEC::$ && DPT::DEV","SEC::LOW && CTR::FR",different,16,25231,946,failure,200,752906365,3764531.825
covercrypt,hybridized,089a548,"SEC::$ && DPT::DEV","SEC::LOW && CTR::$",different,32,51939,946,failure,200,1845671274,9228356.370
covercrypt,hybridized,089a548,"SEC::$ && DPT::DEV","SEC::LOW && DPT::DEV",different,16,25231,946,failure,200,876670637,4383353.185
covercrypt,hybridized,089a548,"SEC::$ && DPT::DEV","SEC::LOW && DPT::DEV && CTR::EN",same,8,11879,946,failure,200,402909433,2014547.165
covercrypt,hybridized,089a548,"SEC::$ && DPT::DEV","SEC::LOW && DPT::DEV && CTR::FR",same,8,11879,946,failure,200,409688468,2048442.340
covercrypt,hybridized,089a548,"SEC::$ && DPT::DEV","SEC::LOW && DPT::DEV && CTR::$",same,16,25231,946,failure,200,818818567,4094092.835
covercrypt,hybridized,089a548,"SEC::$ && DPT::DEV","SEC::LOW && DPT::MKG",different,16,25231,946,failure,200,814632834,4073164.170
covercrypt,hybridized,089a548,"SEC::$ && DPT::DEV","SEC::LOW && DPT::MKG && CTR::EN",same,8,11879,946,failure,200,400828078,2004140.390
covercrypt,hybridized,089a548,"SEC::$ && DPT::DEV","SEC::LOW && DPT::MKG && CTR::FR",same,8,11879,946,failure,200,386114078,1930570.390
covercrypt,hybridized,089a548,"SEC::$ && DPT::DEV","SEC::LOW && DPT::MKG && CTR::$",same,16,25231,946,failure,200,941794009,4708970.045
covercrypt,hybridized,089a548,"SEC::$ && DPT::DEV","SEC::LOW && DPT::$",different,32,51939,946,failure,200,1843902158,9219510.790
covercrypt,hybridized,089a548,"SEC::$ && DPT::DEV","SEC::LOW && DPT::$ && CTR::EN",same,16,25231,946,failure,200,828075820,4140379.100
covercrypt,hybridized,089a548,"SEC::$ && DPT::DEV","SEC::LOW && DPT::$ && CTR::FR",same,16,25231,946,failure,200,789425253,3947126.265
covercrypt,hybridized,089a548,"SEC::$ && DPT::DEV","SEC::LOW && DPT::$ && CTR::$",same,32,51939,946,failure,200,1624202359,8121011.795
covercrypt,hybridized,089a548,"SEC::$ && DPT::DEV","SEC::MED",different,48,78651,946,failure,200,2521096731,12605483.655
covercrypt,hybridized,089a548,"SEC::$ && DPT::DEV","SEC::MED && CTR::EN",different,24,38585,946,failure,200,1199740597,5998702.985
covercrypt,hybridized,089a548,"SEC::$ && DPT::DEV","SEC::MED && CTR::FR",different,24,38585,946,failure,200,1275760759,6378803.795
covercrypt,hybridized,089a548,"SEC::$ && DPT::DEV","SEC::MED && CTR::$",different,48,78651,946,failure,200,2466788098,12333940.490
covercrypt,hybridized,089a548,"SEC::$ && DPT::DEV","SEC::MED && DPT::DEV",different,24,38585,946,failure,200,1242332186,6211660.930
covercrypt,hybridized,089a548,"SEC::$ && DPT::DEV","SEC::MED && DPT::DEV && CTR::EN",same,12,18555,946,failure,200,654907588,3274537.940
covercrypt,hybridized,089a548,"SEC::$ && DPT::DEV","SEC::MED && DPT::DEV && CTR::FR",same,12,18555,946,failure,200,585192612,2925963.060
covercrypt,hybridized,089a548,"SEC::$ && DPT::DEV","SEC::MED && DPT::DEV && CTR::$",same,24,38585,946,failure,200,1350204512,6751022.560
covercrypt,hybridized,089a548,"SEC::$ && DPT::DEV","SEC::MED && DPT::MKG",different,24,38585,946,failure,200,1349992379,6749961.895
covercrypt,hybridized,089a548,"SEC::$ && DPT::DEV","SEC::MED && DPT::MKG && CTR::EN",same,12,18555,946,failure,200,781617639,3908088.195
covercrypt,hybridized,089a548,"SEC::$ && DPT::DEV","SEC::MED && DPT::MKG && CTR::FR",same,12,18555,946,failure,200,844400908,4222004.540
covercrypt,hybridized,089a548,"SEC::$ && DPT::DEV","SEC::MED && DPT::MKG && CTR::$",same,24,38585,946,failure,200,1201200761,6006003.805
covercrypt,hybridized,089a548,"SEC::$ && DPT::DEV","SEC::MED && DPT::$",different,48,78651,946,failure,200,2496655266,12483276.330
covercrypt,hybridized,089a548,"SEC::$ && DPT::DEV","SEC::MED && DPT::$ && CTR::EN",same,24,38585,946,failure,200,1205297088,6026485.440
covercrypt,hybridized,089a548,"SEC::$ && DPT::DEV","SEC::MED && DPT::$ && CTR::FR",same,24,38585,946,failure,200,1218105982,6090529.910
covercrypt,hybridized,089a548,"SEC::$ && DPT::DEV","SEC::MED && DPT::$ && CTR::$",same,48,78651,946,failure,200,2652122005,13260610.025
covercrypt,hybridized,089a548,"SEC::$ && DPT::DEV","SEC::HIG",different,64,105363,946,failure,200,3630668567,18153342.835
covercrypt,hybridized,089a548,"SEC::$ && DPT::DEV","SEC::HIG && CTR::EN",different,32,51939,946,failure,200,1734769139,8673845.695
covercrypt,hybridized,089a548,"SEC::$ && DPT::DEV","SEC::HIG && CTR::FR",different,32,51939,946,failure,200,1595323961,7976619.805
covercrypt,hybridized,089a548,"SEC::$ && DPT::DEV","SEC::HIG && CTR::$",different,64,105363,946,failure,200,3461486328,17307431.640
covercrypt,hybridized,089a548,"SEC::$ && DPT::DEV","SEC::HIG && DPT::DEV",different,32,51939,946,failure,200,1731100218,8655501.090
covercrypt,hybridized,089a548,"SEC::$ && DPT::DEV","SEC::HIG && DPT::DEV && CTR::EN",same,16,25231,946,failure,200,748543998,3742719.990
covercrypt,hybridized,089a548,"SEC::$ && DPT::DEV","SEC::HIG && DPT::DEV && CTR::FR",same,16,25231,946,failure,200,882418130,4412090.650
covercrypt,hybridized,089a548,"SEC::$ && DPT::DEV","SEC::HIG && DPT::DEV && CTR::$",same,32,51939,946,failure,200,1641699551,8208497.755
covercrypt,hybridized,089a548,"SEC::$ && DPT::DEV","SEC::HIG && DPT::MKG",different,32,51939,946,failure,200,2017322860,10086614.300
covercrypt,hybridized,089a548,"SEC::$ && DPT::DEV","SEC::HIG && DPT::MKG && CTR::EN",same,16,25231,946,failure,200,956725146,4783625.730
covercrypt,hybridized,089a548,"SEC::$ && DPT::DEV","SEC::HIG && DPT::MKG && CTR::FR",same,16,25231,946,failure,200,1135594069,5677970.345
covercrypt,hybridized,089a548,"SEC::$ && DPT::DEV","SEC::HIG && DPT::MKG && CTR::$",same,32,51939,946,failure,200,1774703597,8873517.985
covercrypt,hybridized,089a548,"SEC::$ && DPT::DEV","SEC::HIG && DPT::$",different,64,105363,946,failure,200,3292028227,16460141.135
covercrypt,hybridized,089a548,"SEC::$ && DPT::DEV","SEC::HIG && DPT::$ && CTR::EN",same,32,51939,946,failure,200,1547083884,7735419.420
covercrypt,hybridized,089a548,"SEC::$ && DPT::DEV","SEC::HIG && DPT::$ && CTR::FR",same,32,51939,946,failure,200,1799839227,8999196.135
covercrypt,hybridized,089a548,"SEC::$ && DPT::DEV","SEC::HIG && DPT::$ && CTR::$",same,64,105363,946,failure,200,3193707603,15968538.015
covercrypt,hybridized,089a548,"SEC::$ && DPT::DEV","SEC::$",different,80,132075,946,success,200,2282031916,11410159.580
covercrypt,hybridized,089a548,"SEC::$ && DPT::DEV","SEC::$ && CTR::EN",different,40,65293,946,success,200,1256550336,6282751.680
covercrypt,hybridized,089a548,"SEC::$ && DPT::DEV","SEC::$ && CTR::FR",different,40,65293,946,success,200,1018047359,5090236.795
covercrypt,hybridized,089a548,"SEC::$ && DPT::DEV","SEC::$ && CTR::$",different,80,132075,946,success,200,2654021075,13270105.375
covercrypt,hybridized,089a548,"SEC::$ && DPT::DEV","SEC::$ && DPT::DEV",different,40,65293,946,success,200,1072053398,5360266.990
covercrypt,hybridized,089a548,"SEC::$ && DPT::DEV","SEC::$ && DPT::DEV && CTR::EN",same,20,31907,946,success,200,601955893,3009779.465
covercrypt,hybridized,089a548,"SEC::$ && DPT::DEV","SEC::$ && DPT::DEV && CTR::FR",same,20,31907,946,success,200,569788390,2848941.950
covercrypt,hybridized,089a548,"SEC::$ && DPT::DEV","SEC::$ && DPT::DEV && CTR::$",same,40,65293,946,success,200,1086721894,5433609.470
covercrypt,hybridized,089a548,"SEC::$ && DPT::DEV","SEC::$ && DPT::MKG",different,40,65293,946,failure,200,2048090305,10240451.525
covercrypt,hybridized,089a548,"SEC::$ && DPT::DEV","SEC::$ && DPT::MKG && CTR::EN",same,20,31907,946,failure,200,1024540888,5122704.440
covercrypt,hybridized,089a548,"SEC::$ && DPT::DEV","SEC::$ && DPT::MKG && CTR::FR",same,20,31907,946,failure,200,1020689067,5103445.335
covercrypt,hybridized,089a548,"SEC::$ && DPT::DEV","SEC::$ && DPT::MKG && CTR::$",same,40,65293,946,failure,200,2129585797,10647928.985
covercrypt,hybridized,089a548,"SEC::$ && DPT::DEV","SEC::$ && DPT::$",different,80,132075,946,success,200,2143838159,10719190.795
covercrypt,hybridized,089a548,"SEC::$ && DPT::DEV","SEC::$ && DPT::$ && CTR::EN",same,40,65293,946,success,200,1184124729,5920623.645
covercrypt,hybridized,089a548,"SEC::$ && DPT::DEV","SEC::$ && DPT::$ && CTR::FR",same,40,65293,946,success,200,1547363550,7736817.750
covercrypt,hybridized,089a548,"SEC::$ && DPT::DEV","SEC::$ && DPT::$ && CTR::$",same,80,132075,946,success,200,2738044794,13690223.970
covercrypt,hybridized,089a548,"SEC::$ && DPT::$","CTR::EN",different,40,65293,946,success,200,1196549253,5982746.265
covercrypt,hybridized,089a548,"SEC::$ && DPT::$","CTR::FR",different,40,65293,946,success,200,1585163104,7925815.520
covercrypt,hybridized,089a548,"SEC::$ && DPT::$","CTR::$",different,80,132075,946,success,200,2945509264,14727546.320
covercrypt,hybridized,089a548,"SEC::$ && DPT::$","DPT::DEV",different,40,65293,946,failure,200,2038836454,10194182.270
covercrypt,hybridized,089a548,"SEC::$ && DPT::$","DPT::DEV && CTR::EN",different,20,31907,946,failure,200,980160654,4900803.270
covercrypt,hybridized,089a548,"SEC::$ && DPT::$","DPT::DEV && CTR::FR",different,20,31907,946,failure,200,1092294276,5461471.380
covercrypt,hybridized,089a548,"SEC::$ && DPT::$","DPT::DEV && CTR::$",different,40,65293,946,failure,200,1976931537,9884657.685
covercrypt,hybridized,089a548,"SEC::$ && DPT::$","DPT::MKG",different,40,65293,946,failure,200,2595868236,12979341.180
covercrypt,hybridized,089a548,"SEC::$ && DPT::$","DPT::MKG && CTR::EN",different,20,31907,946,failure,200,1220448514,6102242.570
covercrypt,hybridized,089a548,"SEC::$ && DPT::$","DPT::MKG && CTR::FR",different,20,31907,946,failure,200,1129961184,5649805.920
covercrypt,hybridized,089a548,"SEC::$ && DPT::$","DPT::MKG && CTR::$",different,40,65293,946,failure,200,2046672822,10233364.110
covercrypt,hybridized,089a548,"SEC::$ && DPT::$","DPT::$",different,80,132075,946,success,200,2056860637,10284303.185
covercrypt,hybridized,089a548,"SEC::$ && DPT::$","DPT::$ && CTR::EN",different,40,65293,946,success,200,987943260,4939716.300
covercrypt,hybridized,089a548,"SEC::$ && DPT::$","DPT::$ && CTR::FR",different,40,65293,946,success,200,1113024223,5565121.115
covercrypt,hybridized,089a548,"SEC::$ && DPT::$","DPT::$ && CTR::$",different,80,132075,946,success,200,2606982942,13034914.710
covercrypt,hybridized,089a548,"SEC::$ && DPT::$","SEC::LOW",different,32,51939,946,failure,200,1867680883,9338404.415
covercrypt,hybridized,089a548,"SEC::$ && DPT::$","SEC::LOW && CTR::EN",different,16,25231,946,failure,200,773648694,3868243.470
covercrypt,hybridized,089a548,"SEC::$ && DPT::$","SEC::LOW && CTR::FR",different,16,25231,946,failure,200,813782119,4068910.595
covercrypt,hybridized,089a548,"SEC::$ && DPT::$","SEC::LOW && CTR::$",different,32,51939,946,failure,200,1661079298,8305396.490
covercrypt,hybridized,089a548,"SEC::$ && DPT::$","SEC::LOW && DPT::DEV",different,16,25231,946,failure,200,986203705,4931018.525
covercrypt,hybridized,089a548,"SEC::$ && DPT::$","SEC::LOW && DPT::DEV && CTR::EN",same,8,11879,946,failure,200,445171335,2225856.675
covercrypt,hybridized,089a548,"SEC::$ && DPT::$","SEC::LOW && DPT::DEV && CTR::FR",same,8,11879,946,failure,200,387232794,1936163.970
covercrypt,hybridized,089a548,"SEC::$ && DPT::$","SEC::LOW && DPT::DEV && CTR::$",same,16,25231,946,failure,200,787931115,3939655.575
covercrypt,hybridized,089a548,"SEC::$ && DPT::$","SEC::LOW && DPT::MKG",different,16,25231,946,failure,200,744027518,3720137.590
covercrypt,hybridized,089a548,"SEC::$ && DPT::$","SEC::LOW && DPT::MKG && CTR::EN",same,8,11879,946,failure,200,392946459,1964732.295
covercrypt,hybridized,089a548,"SEC::$ && DPT::$","SEC::LOW && DPT::MKG && CTR::FR",same,8,11879,946,failure,200,353114053,1765570.265
covercrypt,hybridized,089a548,"SEC::$ && DPT::$","SEC::LOW && DPT::MKG && CTR::$",same,16,25231,946,failure,200,815205304,4076026.520
covercrypt,hybridized,089a548,"SEC::$ && DPT::$","SEC::LOW && DPT::$",different,32,51939,946,failure,200,1533635356,7668176.780
covercrypt,hybridized,089a548,"SEC::$ && DPT::$","SEC::LOW && DPT::$ && CTR::EN",same,16,25231,946,failure,200,761581421,3807907.105
covercrypt,hybridized,089a548,"SEC::$ && DPT::$","SEC::LOW && DPT::$ && CTR::FR",same,16,25231,946,failure,200,757997694,3789988.470
covercrypt,hybridized,089a548,"SEC::$ && DPT::$","SEC::LOW && DPT::$ && CTR::$",same,32,51939,946,failure,200,1782283838,8911419.190
covercrypt,hybridized,089a548,"SEC::$ && DPT::$","SEC::MED",different,48,78651,946,failure,200,2849523167,14247615.835
covercrypt,hybridized,089a548,"SEC::$ && DPT::$","SEC::MED && CTR::EN",different,24,38585,946,failure,200,1132633772,5663168.860
covercrypt,hybridized,089a548,"SEC::$ && DPT::$","SEC::MED && CTR::FR",different,24,38585,946,failure,200,1133196847,5665984.235
covercrypt,hybridized,089a548,"SEC::$ && DPT::$","SEC::MED && CTR::$",different,48,78651,946,failure,200,2263418919,11317094.595
covercrypt,hybridized,089a548,"SEC::$ && DPT::$","SEC::MED && DPT::DEV",different,24,38585,946,failure,200,1147107172,5735535.860
covercrypt,hybridized,089a548,"SEC::$ && DPT::$","SEC::MED && DPT::DEV && CTR::EN",same,12,18555,946,failure,200,553556413,2767782.065
covercrypt,hybridized,089a548,"SEC::$ && DPT::$","SEC::MED && DPT::DEV && CTR::FR",same,12,18555,946,failure,200,579793608,2898968.040
covercrypt,hybridized,089a548,"SEC::$ && DPT::$","SEC::MED && DPT::DEV && CTR::$",same,24,38585,946,failure,200,1078297455,5391487.275
covercrypt,hybridized,089a548,"SEC::$ && DPT::$","SEC::MED && DPT::MKG",different,24,38585,946,failure,200,1060790698,5303953.490
covercrypt,hybridized,089a548,"SEC::$ && DPT::$","SEC::MED && DPT::MKG && CTR::EN",same,12,18555,946,failure,200,540379365,2701896.825
covercrypt,hybridized,089a548,"SEC::$ && DPT::$","SEC::MED && DPT::MKG && CTR::FR",same,12,18555,946,failure,200,570238666,2851193.330
covercrypt,hybridized,089a548,"SEC::$ && DPT::$","SEC::MED && DPT::MKG && CTR::$",same,24,38585,946,failure,200,1147686756,5738433.780
covercrypt,hybridized,089a548,"SEC::$ && DPT::$","SEC::MED && DPT::$",different,48,78651,946,failure,200,2239982284,11199911.420
covercrypt,hybridized,089a548,"SEC::$ && DPT::$","SEC::MED && DPT::$ && CTR::EN",same,24,38585,946,failure,200,1203198776,6015993.880
covercrypt,hybridized,089a548,"SEC::$ && DPT::$","SEC::MED && DPT::$ && CTR::FR",same,24,38585,946,failure,200,1107768457,5538842.285
covercrypt,hybridized,089a548,"SEC::$ && DPT::$","SEC::MED && DPT::$ && CTR::$",same,48,78651,946,failure,200,2317541669,11587708.345
covercrypt,hybridized,089a548,"SEC::$ && DPT::$","SEC::HIG",different,64,105363,946,failure,200,3064142482,15320712.410
covercrypt,hybridized,089a548,"SEC::$ && DPT::$","SEC::HIG && CTR::EN",different,32,51939,946,failure,200,1537535598,7687677.990
covercrypt,hybridized,089a548,"SEC::$ && DPT::$","SEC::HIG && CTR::FR",different,32,51939,946,failure,200,1457921358,7289606.790
covercrypt,hybridized,089a548,"SEC::$ && DPT::$","SEC::HIG && CTR::$",different,64,105363,946,failure,200,3016639527,15083197.635
covercrypt,hybridized,089a548,"SEC::$ && DPT::$","SEC::HIG && DPT::DEV",different,32,51939,946,failure,200,1524555723,7622778.615
covercrypt,hybridized,089a548,"SEC::$ && DPT::$","SEC::HIG && DPT::DEV && CTR::EN",same,16,25231,946,failure,200,714354137,3571770.685
covercrypt,hybridized,089a548,"SEC::$ && DPT::$","SEC::HIG && DPT::DEV && CTR::FR",same,16,25231,946,failure,200,738213060,3691065.300
covercrypt,hybridized,089a548,"SEC::$ && DPT::$","SEC::HIG && DPT::DEV && CTR::$",same,32,51939,946,failure,200,1433138025,7165690.125
covercrypt,hybridized,089a548,"SEC::$ && DPT::$","SEC::HIG && DPT::MKG",different,32,51939,946,failure,200,1476037711,7380188.555
covercrypt,hybridized,089a548,"SEC::$ && DPT::$","SEC::HIG && DPT::MKG && CTR::EN",same,16,25231,946,failure,200,741664761,3708323.805
covercrypt,hybridized,089a548,"SEC::$ && DPT::$","SEC::HIG && DPT::MKG && CTR::FR",same,16,25231,946,failure,200,687960276,3439801.380
covercrypt,hybridized,089a548,"SEC::$ && DPT::$","SEC::HIG && DPT::MKG && CTR::$",same,32,51939,946,failure,200,1470870995,7354354.975
covercrypt,hybridized,089a548,"SEC::$ && DPT::$","SEC::HIG && DPT::$",different,64,105363,946,failure,200,2983759409,14918797.045
covercrypt,hybridized,089a548,"SEC::$ && DPT::$","SEC::HIG && DPT::$ && CTR::EN",same,32,51939,946,failure,200,1561683841,7808419.205
covercrypt,hybridized,089a548,"SEC::$ && DPT::$","SEC::HIG && DPT::$ && CTR::FR",same,32,51939,946,failure,200,1569285557,7846427.785
covercrypt,hybridized,089a548,"SEC::$ && DPT::$","SEC::HIG && DPT::$ && CTR::$",same,64,105363,946,failure,200,2959493035,14797465.175
covercrypt,hybridized,089a548,"SEC::$ && DPT::$","SEC::$",different,80,132075,946,success,200,2008590844,10042954.220
covercrypt,hybridized,089a548,"SEC::$ && DPT::$","SEC::$ && CTR::EN",different,40,65293,946,success,200,1069040235,5345201.175
covercrypt,hybridized,089a548,"SEC::$ && DPT::$","SEC::$ && CTR::FR",different,40,65293,946,success,200,1038788369,5193941.845
covercrypt,hybridized,089a548,"SEC::$ && DPT::$","SEC::$ && CTR::$",different,80,132075,946,success,200,2076593082,10382965.410
covercrypt,hybridized,089a548,"SEC::$ && DPT::$","SEC::$ && DPT::DEV",different,40,65293,946,failure,200,1909413861,9547069.305
covercrypt,hybridized,089a548,"SEC::$ && DPT::$","SEC::$ && DPT::DEV && CTR::EN",same,20,31907,946,failure,200,932617842,4663089.210
covercrypt,hybridized,089a548,"SEC::$ && DPT::$","SEC::$ && DPT::DEV && CTR::FR",same,20,31907,946,failure,200,940923710,4704618.550
covercrypt,hybridized,089a548,"SEC::$ && DPT::$","SEC::$ && DPT::DEV && CTR::$",same,40,65293,946,failure,200,1864834300,9324171.500
covercrypt,hybridized,089a548,"SEC::$ && DPT::$","SEC::$ && DPT::MKG",different,40,65293,946,failure,200,1658025600,8290128.000
covercrypt,hybridized,089a548,"SEC::$ && DPT::$","SEC::$ && DPT::MKG && CTR::EN",same,20,31907,946,failure,200,714290380,3571451.900
covercrypt,hybridized,089a548,"SEC::$ && DPT::$","SEC::$ && DPT::MKG && CTR::FR",same,20,31907,946,failure,200,792102371,3960511.855
covercrypt,hybridized,089a548,"SEC::$ && DPT::$","SEC::$ && DPT::MKG && CTR::$",same,40,65293,946,failure,200,1452043126,7260215.630
covercrypt,hybridized,089a548,"SEC::$ && DPT::$","SEC::$ && DPT::$",different,80,132075,946,success,200,949335067,4746675.335
covercrypt,hybridized,089a548,"SEC::$ && DPT::$","SEC::$ && DPT::$ && CTR::EN",same,40,65293,946,success,200,612090633,3060453.165
covercrypt,hybridized,089a548,"SEC::$ && DPT::$","SEC::$ && DPT::$ && CTR::FR",same,40,65293,946,success,200,790336065,3951680.325
covercrypt,hybridized,089a548,"SEC::$ && DPT::$","SEC::$ && DPT::$ && CTR::$",same,80,132075,946,success,200,1040130159,5200650.795
covercrypt,hybridized,089a548,"DPT::DEV && CTR::EN","CTR::EN",different,40,65293,946,success,200,3322929188,16614645.940
covercrypt,hybridized,089a548,"DPT::DEV && CTR::EN","CTR::FR",different,40,65293,946,failure,200,6262769698,31313848.490
covercrypt,hybridized,089a548,"DPT::DEV && CTR::EN","CTR::$",different,80,132075,946,success,200,7571636843,37858184.215
covercrypt,hybridized,089a548,"DPT::DEV && CTR::EN","DPT::DEV",different,40,65293,946,success,200,2978724218,14893621.090
covercrypt,hybridized,089a548,"DPT::DEV && CTR::EN","DPT::DEV && CTR::EN",different,20,31907,946,success,200,1462459245,7312296.225
covercrypt,hybridized,089a548,"DPT::DEV && CTR::EN","DPT::DEV && CTR::FR",different,20,31907,946,failure,200,2501812224,12509061.120
covercrypt,hybridized,089a548,"DPT::DEV && CTR::EN","DPT::DEV && CTR::$",different,40,65293,946,success,200,2275600838,11378004.190
covercrypt,hybridized,089a548,"DPT::DEV && CTR::EN","DPT::MKG",different,40,65293,946,failure,200,3896061211,19480306.055
covercrypt,hybridized,089a548,"DPT::DEV && CTR::EN","DPT::MKG && CTR::EN",different,20,31907,946,failure,200,2010451277,10052256.385
covercrypt,hybridized,089a548,"DPT::DEV && CTR::EN","DPT::MKG && CTR::FR",different,20,31907,946,failure,200,2726637260,13633186.300
covercrypt,hybridized,089a548,"DPT::DEV && CTR::EN","DPT::MKG && CTR::$",different,40,65293,946,failure,200,3221155667,16105778.335
covercrypt,hybridized,089a548,"DPT::DEV && CTR::EN","DPT::$",different,80,132075,946,success,200,3857993998,19289969.990
covercrypt,hybridized,089a548,"DPT::DEV && CTR::EN","DPT::$ && CTR::EN",different,40,65293,946,success,200,2150357366,10751786.830
covercrypt,hybridized,089a548,"DPT::DEV && CTR::EN","DPT::$ && CTR::FR",different,40,65293,946,failure,200,3679888722,18399443.610
covercrypt,hybridized,089a548,"DPT::DEV && CTR::EN","DPT::$ && CTR::$",different,80,132075,946,success,200,3612104458,18060522.290
covercrypt,hybridized,089a548,"DPT::DEV && CTR::EN","SEC::LOW",different,32,51939,946,success,200,1546350348,7731751.740
covercrypt,hybridized,089a548,"DPT::DEV && CTR::EN","SEC::LOW && CTR::EN",different,16,25231,946,success,200,773104116,3865520.580
covercrypt,hybridized,089a548,"DPT::DEV && CTR::EN","SEC::LOW && CTR::FR",different,16,25231,946,failure,200,1429450538,7147252.690
covercrypt,hybridized,089a548,"DPT::DEV && CTR::EN","SEC::LOW && CTR::$",different,32,51939,946,success,200,1839215874,9196079.370
covercrypt,hybridized,089a548,"DPT::DEV && CTR::EN","SEC::LOW && DPT::DEV",different,16,25231,946,success,200,821760099,4108800.495
covercrypt,hybridized,089a548,"DPT::DEV && CTR::EN","SEC::LOW && DPT::DEV && CTR::EN",same,8,11879,946,success,200,462740529,2313702.645
covercrypt,hybridized,089a548,"DPT::DEV && CTR::EN","SEC::LOW && DPT::DEV && CTR::FR",same,8,11879,946,failure,200,671995958,3359979.790
covercrypt,hybridized,089a548,"DPT::DEV && CTR::EN","SEC::LOW && DPT::DEV && CTR::$",same,16,25231,946,success,200,820230632,4101153.160
covercrypt,hybridized,089a548,"DPT::DEV && CTR::EN","SEC::LOW && DPT::MKG",different,16,25231,946,failure,200,1378525340,6892626.700
covercrypt,hybridized,089a548,"DPT::DEV && CTR::EN","SEC::LOW && DPT::MKG && CTR::EN",same,8,11879,946,failure,200,606130767,3030653.835
covercrypt,hybridized,089a548,"DPT::DEV && CTR::EN","SEC::LOW && DPT::MKG && CTR::FR",same,8,11879,946,failure,200,736227379,3681136.895
covercrypt,hybridized,089a548,"DPT::DEV && CTR::EN","SEC::LOW && DPT::MKG && CTR::$",same,16,25231,946,failure,200,1434971071,7174855.355
covercrypt,hybridized,089a548,"DPT::DEV && CTR::EN","SEC::LOW && DPT::$",different,32,51939,946,success,200,1752111772,8760558.860
covercrypt,hybridized,089a548,"DPT::DEV && CTR::EN","SEC::LOW && DPT::$ && CTR::EN",same,16,25231,946,success,200,941383130,4706915.650
covercrypt,hybridized,089a548,"DPT::DEV && CTR::EN","SEC::LOW && DPT::$ && CTR::FR",same,16,25231,946,failure,200,1291194272,6455971.360
covercrypt,hybridized,089a548,"DPT::DEV && CTR::EN","SEC::LOW && DPT::$ && CTR::$",same,32,51939,946,success,200,1591001963,7955009.815
covercrypt,hybridized,089a548,"DPT::DEV && CTR::EN","SEC::MED",different,48,78651,946,success,200,2157542749,10787713.745
covercrypt,hybridized,089a548,"DPT::DEV && CTR::EN","SEC::MED && CTR::EN",different,24,38585,946,success,200,1218857600,6094288.000
covercrypt,hybridized,089a548,"DPT::DEV && CTR::EN","SEC::MED && CTR::FR",different,24,38585,946,failure,200,2274696476,11373482.380
covercrypt,hybridized,089a548,"DPT::DEV && CTR::EN","SEC::MED && CTR::$",different,48,78651,946,success,200,2269143973,11345719.865
covercrypt,hybridized,089a548,"DPT::DEV && CTR::EN","SEC::MED && DPT::DEV",different,24,38585,946,success,200,1225701792,6128508.960
covercrypt,hybridized,089a548,"DPT::DEV && CTR::EN","SEC::MED && DPT::DEV && CTR::EN",same,12,18555,946,success,200,595783848,2978919.240
covercrypt,hybridized,089a548,"DPT::DEV && CTR::EN","SEC::MED && DPT::DEV && CTR::FR",same,12,18555,946,failure,200,1091648799,5458243.995
covercrypt,hybridized,089a548,"DPT::DEV && CTR::EN","SEC::MED && DPT::DEV && CTR::$",same,24,38585,946,success,200,1333951745,6669758.725
covercrypt,hybridized,089a548,"DPT::DEV && CTR::EN","SEC::MED && DPT::MKG",different,24,38585,946,failure,200,1954401699,9772008.495
covercrypt,hybridized,089a548,"DPT::DEV && CTR::EN","SEC::MED && DPT::MKG && CTR::EN",same,12,18555,946,failure,200,1153169858,5765849.290
covercrypt,hybridized,089a548,"DPT::DEV && CTR::EN","SEC::MED && DPT::MKG && CTR::FR",same,12,18555,946,failure,200,1300096616,6500483.080
covercrypt,hybridized,089a548,"DPT::DEV && CTR::EN","SEC::MED && DPT::MKG && CTR::$",same,24,38585,946,failure,200,2018455604,10092278.020
covercrypt,hybridized,089a548,"DPT::DEV && CTR::EN","SEC::MED && DPT::$",different,48,78651,946,success,200,2130779151,10653895.755
covercrypt,hybridized,089a548,"DPT::DEV && CTR::EN","SEC::MED && DPT::$ && CTR::EN",same,24,38585,946,success,200,1137548295,5687741.475
covercrypt,hybridized,089a548,"DPT::DEV && CTR::EN","SEC::MED && DPT::$ && CTR::FR",same,24,38585,946,failure,200,1864175047,9320875.235
covercrypt,hybridized,089a548,"DPT::DEV && CTR::EN","SEC::MED && DPT::$ && CTR::$",same,48,78651,946,success,200,2653812611,13269063.055
covercrypt,hybridized,089a548,"DPT::DEV && CTR::EN","SEC::HIG",different,64,105363,946,success,200,3267982116,16339910.580
covercrypt,hybridized,089a548,"DPT::DEV && CTR::EN","SEC::HIG && CTR::EN",different,32,51939,946,success,200,1743315673,8716578.365
covercrypt,hybridized,089a548,"DPT::DEV && CTR::EN","SEC::HIG && CTR::FR",different,32,51939,946,failure,200,2663325401,13316627.005
covercrypt,hybridized,089a548,"DPT::DEV && CTR::EN","SEC::HIG && CTR::$",different,64,105363,946,success,200,2563934711,12819673.555
covercrypt,hybridized,089a548,"DPT::DEV && CTR::EN","SEC::HIG && DPT::DEV",different,32,51939,946,success,200,1381654318,6908271.590
covercrypt,hybridized,089a548,"DPT::DEV && CTR::EN","SEC::HIG && DPT::DEV && CTR::EN",same,16,25231,946,success,200,823485154,4117425.770
covercrypt,hybridized,089a548,"DPT::DEV && CTR::EN","SEC::HIG && DPT::DEV && CTR::FR",same,16,25231,946,failure,200,1727013077,8635065.385
covercrypt,hybridized,089a548,"DPT::DEV && CTR::EN","SEC::HIG && DPT::DEV && CTR::$",same,32,51939,946,success,200,2123222055,10616110.275
covercrypt,hybridized,089a548,"DPT::DEV && CTR::EN","SEC::HIG && DPT::MKG",different,32,51939,946,failure,200,3671967429,18359837.145
covercrypt,hybridized,089a548,"DPT::DEV && CTR::EN","SEC::HIG && DPT::MKG && CTR::EN",same,16,25231,946,failure,200,2547982555,12739912.775
covercrypt,hybridized,089a548,"DPT::DEV && CTR::EN","SEC::HIG && DPT::MKG && CTR::FR",same,16,25231,946,failure,200,1636426048,8182130.240
covercrypt,hybridized,089a548,"DPT::DEV && CTR::EN","SEC::HIG && DPT::MKG && CTR::$",same,32,51939,946,failure,200,2730242018,13651210.090
covercrypt,hybridized,089a548,"DPT::DEV && CTR::EN","SEC::HIG && DPT::$",different,64,105363,946,success,200,3649967953,18249839.765
covercrypt,hybridized,089a548,"DPT::DEV && CTR::EN","SEC::HIG && DPT::$ && CTR::EN",same,32,51939,946,success,200,1788302530,8941512.650
covercrypt,hybridized,089a548,"DPT::DEV && CTR::EN","SEC::HIG && DPT::$ && CTR::FR",same,32,51939,946,failure,200,2461497284,12307486.420
covercrypt,hybridized,089a548,"DPT::DEV && CTR::EN","SEC::HIG && DPT::$ && CTR::$",same,64,105363,946,success,200,2847329687,14236648.435
covercrypt,hybridized,089a548,"DPT::DEV && CTR::EN","SEC::$",different,80,132075,946,success,200,3724902684,18624513.420
covercrypt,hybridized,089a548,"DPT::DEV && CTR::EN","SEC::$ && CTR::EN",different,40,65293,946,success,200,2254023189,11270115.945
covercrypt,hybridized,089a548,"DPT::DEV && CTR::EN","SEC::$ && CTR::FR",different,40,65293,946,failure,200,7423677217,37118386.085
covercrypt,hybridized,089a548,"DPT::DEV && CTR::EN","SEC::$ && CTR::$",different,80,132075,946,success,200,8168811660,40844058.300
covercrypt,hybridized,089a548,"DPT::DEV && CTR::EN","SEC::$ && DPT::DEV",different,40,65293,946,success,200,4228304605,21141523.025
covercrypt,hybridized,089a548,"DPT::DEV && CTR::EN","SEC::$ && DPT::DEV && CTR::EN",same,20,31907,946,success,200,2356140360,11780701.800
covercrypt,hybridized,089a548,"DPT::DEV && CTR::EN","SEC::$ && DPT::DEV && CTR::FR",same,20,31907,946,failure,200,3834913446,19174567.230
covercrypt,hybridized,089a548,"DPT::DEV && CTR::EN","SEC::$ && DPT::DEV && CTR::$",same,40,65293,946,success,200,4140544158,20702720.790
covercrypt,hybridized,089a548,"DPT::DEV && CTR::EN","SEC::$ && DPT::MKG",different,40,65293,946,failure,200,7786453677,38932268.385
covercrypt,hybridized,089a548,"DPT::DEV && CTR::EN","SEC::$ && DPT::MKG && CTR::EN",same,20,31907,946,failure,200,4012832198,20064160.990
covercrypt,hybridized,089a548,"DPT::DEV && CTR::EN","SEC::$ && DPT::MKG && CTR::FR",same,20,31907,946,failure,200,4041579102,20207895.510
covercrypt,hybridized,089a548,"DPT::DEV && CTR::EN","SEC::$ && DPT::MKG && CTR::$",same,40,65293,946,failure,200,8111361232,40556806.160
covercrypt,hybridized,089a548,"DPT::DEV && CTR::EN","SEC::$ && DPT::$",different,80,132075,946,success,200,8123768403,40618842.015
covercrypt,hybridized,089a548,"DPT::DEV && CTR::EN","SEC::$ && DPT::$ && CTR::EN",same,40,65293,946,success,200,4582125975,22910629.875
covercrypt,hybridized,089a548,"DPT::DEV && CTR::EN","SEC::$ && DPT::$ && CTR::FR",same,40,65293,946,failure,200,7709603769,38548018.845
covercrypt,hybridized,089a548,"DPT::DEV && CTR::EN","SEC::$ && DPT::$ && CTR::$",same,80,132075,946,success,200,8508214571,42541072.855
covercrypt,hybridized,089a548,"DPT::$ && CTR::EN","CTR::EN",different,40,65293,946,success,200,4462347721,22311738.605
covercrypt,hybridized,089a548,"DPT::$ && CTR::EN","CTR::FR",different,40,65293,946,failure,200,7844596892,39222984.460
covercrypt,hybridized,089a548,"DPT::$ && CTR::EN","CTR::$",different,80,132075,946,success,200,8000005307,40000026.535
covercrypt,hybridized,089a548,"DPT::$ && CTR::EN","DPT::DEV",different,40,65293,946,failure,200,7739982968,38699914.840
covercrypt,hybridized,089a548,"DPT::$ && CTR::EN","DPT::DEV && CTR::EN",different,20,31907,946,failure,200,3995855127,19979275.635
covercrypt,hybridized,089a548,"DPT::$ && CTR::EN","DPT::DEV && CTR::FR",different,20,31907,946,failure,200,4015485975,20077429.875
covercrypt,hybridized,089a548,"DPT::$ && CTR::EN","DPT::DEV && CTR::$",different,40,65293,946,failure,200,7643513847,38217569.235
covercrypt,hybridized,089a548,"DPT::$ && CTR::EN","DPT::MKG",different,40,65293,946,failure,200,8058316533,40291582.665
covercrypt,hybridized,089a548,"DPT::$ && CTR::EN","DPT::MKG && CTR::EN",different,20,31907,946,failure,200,3861073267,19305366.335
covercrypt,hybridized,089a548,"DPT::$ && CTR::EN","DPT::MKG && CTR::FR",different,20,31907,946,failure,200,4223353437,21116767.185
covercrypt,hybridized,089a548,"DPT::$ && CTR::EN","DPT::MKG && CTR::$",different,40,65293,946,failure,200,7838364487,39191822.435
covercrypt,hybridized,089a548,"DPT::$ && CTR::EN","DPT::$",different,80,132075,946,success,200,7250498020,36252490.100
covercrypt,hybridized,089a548,"DPT::$ && CTR::EN","DPT::$ && CTR::EN",different,40,65293,946,success,200,3972484922,19862424.610
covercrypt,hybridized,089a548,"DPT::$ && CTR::EN","DPT::$ && CTR::FR",different,40,65293,946,failure,200,8257210359,41286051.795
covercrypt,hybridized,089a548,"DPT::$ && CTR::EN","DPT::$ && CTR::$",different,80,132075,946,success,200,7835256591,39176282.955
covercrypt,hybridized,089a548,"DPT::$ && CTR::EN","SEC::LOW",different,32,51939,946,success,200,3210840859,16054204.295
covercrypt,hybridized,089a548,"DPT::$ && CTR::EN","SEC::LOW && CTR::EN",different,16,25231,946,success,200,1715205075,8576025.375
covercrypt,hybridized,089a548,"DPT::$ && CTR::EN","SEC::LOW && CTR::FR",different,16,25231,946,failure,200,3238933026,16194665.130
covercrypt,hybridized,089a548,"DPT::$ && CTR::EN","SEC::LOW && CTR::$",different,32,51939,946,success,200,3379403692,16897018.460
covercrypt,hybridized,089a548,"DPT::$ && CTR::EN","SEC::LOW && DPT::DEV",different,16,25231,946,failure,200,3027137120,15135685.600
covercrypt,hybridized,089a548,"DPT::$ && CTR::EN","SEC::LOW && DPT::DEV && CTR::EN",same,8,11879,946,failure,200,1458331623,7291658.115
covercrypt,hybridized,089a548,"DPT::$ && CTR::EN","SEC::LOW && DPT::DEV && CTR::FR",same,8,11879,946,failure,200,1513045588,7565227.940
covercrypt,hybridized,089a548,"DPT::$ && CTR::EN","SEC::LOW && DPT::DEV && CTR::$",same,16,25231,946,failure,200,3150867631,15754338.155
covercrypt,hybridized,089a548,"DPT::$ && CTR::EN","SEC::LOW && DPT::MKG",different,16,25231,946,failure,200,3286442087,16432210.435
covercrypt,hybridized,089a548,"DPT::$ && CTR::EN","SEC::LOW && DPT::MKG && CTR::EN",same,8,11879,946,failure,200,1621650600,8108253.000
covercrypt,hybridized,089a548,"DPT::$ && CTR::EN","SEC::LOW && DPT::MKG && CTR::FR",same,8,11879,946,failure,200,1607379992,8036899.960
covercrypt,hybridized,089a548,"DPT::$ && CTR::EN","SEC::LOW && DPT::MKG && CTR::$",same,16,25231,946,failure,200,3157625759,15788128.795
covercrypt,hybridized,089a548,"DPT::$ && CTR::EN","SEC::LOW && DPT::$",different,32,51939,946,success,200,3342025891,16710129.455
covercrypt,hybridized,089a548,"DPT::$ && CTR::EN","SEC::LOW && DPT::$ && CTR::EN",same,16,25231,946,success,200,1918201861,9591009.305
covercrypt,hybridized,089a548,"DPT::$ && CTR::EN","SEC::LOW && DPT::$ && CTR::FR",same,16,25231,946,failure,200,3233290709,16166453.545
covercrypt,hybridized,089a548,"DPT::$ && CTR::EN","SEC::LOW && DPT::$ && CTR::$",same,32,51939,946,success,200,3443658409,17218292.045
covercrypt,hybridized,089a548,"DPT::$ && CTR::EN","SEC::MED",different,48,78651,946,success,200,5929207724,29646038.620
covercrypt,hybridized,089a548,"DPT::$ && CTR::EN","SEC::MED && CTR::EN",different,24,38585,946,success,200,2611511636,13057558.180
covercrypt,hybridized,089a548,"DPT::$ && CTR::EN","SEC::MED && CTR::FR",different,24,38585,946,failure,200,4529173780,22645868.900
covercrypt,hybridized,089a548,"DPT::$ && CTR::EN","SEC::MED && CTR::$",different,48,78651,946,success,200,4013515315,20067576.575
covercrypt,hybridized,089a548,"DPT::$ && CTR::EN","SEC::MED && DPT::DEV",different,24,38585,946,failure,200,4582250711,22911253.555
covercrypt,hybridized,089a548,"DPT::$ && CTR::EN","SEC::MED && DPT::DEV && CTR::EN",same,12,18555,946,failure,200,2312315065,11561575.325
covercrypt,hybridized,089a548,"DPT::$ && CTR::EN","SEC::MED && DPT::DEV && CTR::FR",same,12,18555,946,failure,200,2383585790,11917928.950
covercrypt,hybridized,089a548,"DPT::$ && CTR::EN","SEC::MED && DPT::DEV && CTR::$",same,24,38585,946,failure,200,4735540129,23677700.645
covercrypt,hybridized,089a548,"DPT::$ && CTR::EN","SEC::MED && DPT::MKG",different,24,38585,946,failure,200,4769571147,23847855.735
covercrypt,hybridized,089a548,"DPT::$ && CTR::EN","SEC::MED && DPT::MKG && CTR::EN",same,12,18555,946,failure,200,2263242084,11316210.420
covercrypt,hybridized,089a548,"DPT::$ && CTR::EN","SEC::MED && DPT::MKG && CTR::FR",same,12,18555,946,failure,200,2240522099,11202610.495
covercrypt,hybridized,089a548,"DPT::$ && CTR::EN","SEC::MED && DPT::MKG && CTR::$",same,24,38585,946,failure,200,4456811016,22284055.080
covercrypt,hybridized,089a548,"DPT::$ && CTR::EN","SEC::MED && DPT::$",different,48,78651,946,success,200,5556775769,27783878.845
covercrypt,hybridized,089a548,"DPT::$ && CTR::EN","SEC::MED && DPT::$ && CTR::EN",same,24,38585,946,success,200,2905187892,14525939.460
covercrypt,hybridized,089a548,"DPT::$ && CTR::EN","SEC::MED && DPT::$ && CTR::FR",same,24,38585,946,failure,200,4656459779,23282298.895
covercrypt,hybridized,089a548,"DPT::$ && CTR::EN","SEC::MED && DPT::$ && CTR::$",same,48,78651,946,success,200,4560238344,22801191.720
covercrypt,hybridized,089a548,"DPT::$ && CTR::EN","SEC::HIG",different,64,105363,946,success,200,5261915586,26309577.930
covercrypt,hybridized,089a548,"DPT::$ && CTR::EN","SEC::HIG && CTR::EN",different,32,51939,946,success,200,3223824999,16119124.995
covercrypt,hybridized,089a548,"DPT::$ && CTR::EN","SEC::HIG && CTR::FR",different,32,51939,946,failure,200,4298422254,21492111.270
covercrypt,hybridized,089a548,"DPT::$ && CTR::EN","SEC::HIG && CTR::$",different,64,105363,946,success,200,4188721871,20943609.355
covercrypt,hybridized,089a548,"DPT::$ && CTR::EN","SEC::HIG && DPT::DEV",different,32,51939,946,failure,200,2947952137,14739760.685
covercrypt,hybridized,089a548,"DPT::$ && CTR::EN","SEC::HIG && DPT::DEV && CTR::EN",same,16,25231,946,failure,200,1478953147,7394765.735
covercrypt,hybridized,089a548,"DPT::$ && CTR::EN","SEC::HIG && DPT::DEV && CTR::FR",same,16,25231,946,failure,200,1857678218,9288391.090
covercrypt,hybridized,089a548,"DPT::$ && CTR::EN","SEC::HIG && DPT::DEV && CTR::$",same,32,51939,946,failure,200,3216940918,16084704.590
covercrypt,hybridized,089a548,"DPT::$ && CTR::EN","SEC::HIG && DPT::MKG",different,32,51939,946,failure,200,3074873428,15374367.140
covercrypt,hybridized,089a548,"DPT::$ && CTR::EN","SEC::HIG && DPT::MKG && CTR::EN",same,16,25231,946,failure,200,1307033035,6535165.175
covercrypt,hybridized,089a548,"DPT::$ && CTR::EN","SEC::HIG && DPT::MKG && CTR::FR",same,16,25231,946,failure,200,1396984824,6984924.120
covercrypt,hybridized,089a548,"DPT::$ && CTR::EN","SEC::HIG && DPT::MKG && CTR::$",same,32,51939,946,failure,200,2604685440,13023427.200
covercrypt,hybridized,089a548,"DPT::$ && CTR::EN","SEC::HIG && DPT::$",different,64,105363,946,success,200,3084487074,15422435.370
covercrypt,hybridized,089a548,"DPT::$ && CTR::EN","SEC::HIG && DPT::$ && CTR::EN",same,32,51939,946,success,200,1466810822,7334054.110
covercrypt,hybridized,089a548,"DPT::$ && CTR::EN","SEC::HIG && DPT::$ && CTR::FR",same,32,51939,946,failure,200,2599502188,12997510.940
covercrypt,hybridized,089a548,"DPT::$ && CTR::EN","SEC::HIG && DPT::$ && CTR::$",same,64,105363,946,success,200,2653563695,13267818.475
covercrypt,hybridized,089a548,"DPT::$ && CTR::EN","SEC::$",different,80,132075,946,success,200,4006662288,20033311.440
covercrypt,hybridized,089a548,"DPT::$ && CTR::EN","SEC::$ && CTR::EN",different,40,65293,946,success,200,1538794683,7693973.415
covercrypt,hybridized,089a548,"DPT::$ && CTR::EN","SEC::$ && CTR::FR",different,40,65293,946,failure,200,3276010162,16380050.810
covercrypt,hybridized,089a548,"DPT::$ && CTR::EN","SEC::$ && CTR::$",different,80,132075,946,success,200,3182346751,15911733.755
covercrypt,hybridized,089a548,"DPT::$ && CTR::EN","SEC::$ && DPT::DEV",different,40,65293,946,failure,200,3383758776,16918793.880
covercrypt,hybridized,089a548,"DPT::$ && CTR::EN","SEC::$ && DPT::DEV && CTR::EN",same,20,31907,946,failure,200,1561249571,7806247.855
covercrypt,hybridized,089a548,"DPT::$ && CTR::EN","SEC::$ && DPT::DEV && CTR::FR",same,20,31907,946,failure,200,1677995169,8389975.845
covercrypt,hybridized,089a548,"DPT::$ && CTR::EN","SEC::$ && DPT::DEV && CTR::$",same,40,65293,946,failure,200,3140312707,15701563.535
covercrypt,hybridized,089a548,"DPT::$ && CTR::EN","SEC::$ && DPT::MKG",different,40,65293,946,failure,200,3372287454,16861437.270
covercrypt,hybridized,089a548,"DPT::$ && CTR::EN","SEC::$ && DPT::MKG && CTR::EN",same,20,31907,946,failure,200,2020121255,10100606.275
covercrypt,hybridized,089a548,"DPT::$ && CTR::EN","SEC::$ && DPT::MKG && CTR::FR",same,20,31907,946,failure,200,2077315027,10386575.135
covercrypt,hybridized,089a548,"DPT::$ && CTR::EN","SEC::$ && DPT::MKG && CTR::$",same,40,65293,946,failure,200,3952640382,19763201.910
covercrypt,hybridized,089a548,"DPT::$ && CTR::EN","SEC::$ && DPT::$",different,80,132075,946,success,200,4024445362,20122226.810
covercrypt,hybridized,089a548,"DPT::$ && CTR::EN","SEC::$ && DPT::$ && CTR::EN",same,40,65293,946,success,200,2231095337,11155476.685
covercrypt,hybridized,089a548,"DPT::$ && CTR::EN","SEC::$ && DPT::$ && CTR::FR",same,40,65293,946,failure,200,4252886604,21264433.020
covercrypt,hybridized,089a548,"DPT::$ && CTR::EN","SEC::$ && DPT::$ && CTR::$",same,80,132075,946,success,200,4893110273,24465551.365
covercrypt,hybridized,089a548,"SEC::LOW && DPT::DEV && CTR::EN","CTR::EN",different,40,65293,946,success,200,1825037075,9125185.375
covercrypt,hybridized,089a548,"SEC::LOW && DPT::DEV && CTR::EN","CTR::FR",different,40,65293,946,failure,200,3428285496,17141427.480
covercrypt,hybridized,089a548,"SEC::LOW && DPT::DEV && CTR::EN","CTR::$",different,80,132075,946,success,200,3327227739,16636138.695
covercrypt,hybridized,089a548,"SEC::LOW && DPT::DEV && CTR::EN","DPT::DEV",different,40,65293,946,success,200,1656914256,8284571.280
covercrypt,hybridized,089a548,"SEC::LOW && DPT::DEV && CTR::EN","DPT::DEV && CTR::EN",different,20,31907,946,success,200,920465034,4602325.170
covercrypt,hybridized,089a548,"SEC::LOW && DPT::DEV && CTR::EN","DPT::DEV && CTR::FR",different,20,31907,946,failure,200,1591691882,7958459.410
covercrypt,hybridized,089a548,"SEC::LOW && DPT::DEV && CTR::EN","DPT::DEV && CTR::$",different,40,65293,946,success,200,1728111369,8640556.845
covercrypt,hybridized,089a548,"SEC::LOW && DPT::DEV && CTR::EN","DPT::MKG",different,40,65293,946,failure,200,3440133854,17200669.270
covercrypt,hybridized,089a548,"SEC::LOW && DPT::DEV && CTR::EN","DPT::MKG && CTR::EN",different,20,31907,946,failure,200,1542895279,7714476.395
covercrypt,hybridized,089a548,"SEC::LOW && DPT::DEV && CTR::EN","DPT::MKG && CTR::FR",different,20,31907,946,failure,200,1572980593,7864902.965
covercrypt,hybridized,089a548,"SEC::LOW && DPT::DEV && CTR::EN","DPT::MKG && CTR::$",different,40,65293,946,failure,200,3621430309,18107151.545
covercrypt,hybridized,089a548,"SEC::LOW && DPT::DEV && CTR::EN","DPT::$",different,80,132075,946,success,200,3466069978,17330349.890
covercrypt,hybridized,089a548,"SEC::LOW && DPT::DEV && CTR::EN","DPT::$ && CTR::EN",different,40,65293,946,success,200,1943177155,9715885.775
covercrypt,hybridized,089a548,"SEC::LOW && DPT::DEV && CTR::EN","DPT::$ && CTR::FR",different,40,65293,946,failure,200,3531088298,17655441.490
covercrypt,hybridized,089a548,"SEC::LOW && DPT::DEV && CTR::EN","DPT::$ && CTR::$",different,80,132075,946,success,200,3306535075,16532675.375
covercrypt,hybridized,089a548,"SEC::LOW && DPT::DEV && CTR::EN","SEC::LOW",different,32,51939,946,success,200,1345982550,6729912.750
covercrypt,hybridized,089a548,"SEC::LOW && DPT::DEV && CTR::EN","SEC::LOW && CTR::EN",different,16,25231,946,success,200,811585392,4057926.960
covercrypt,hybridized,089a548,"SEC::LOW && DPT::DEV && CTR::EN","SEC::LOW && CTR::FR",different,16,25231,946,failure,200,1254540214,6272701.070
covercrypt,hybridized,089a548,"SEC::LOW && DPT::DEV && CTR::EN","SEC::LOW && CTR::$",different,32,51939,946,success,200,1538521398,7692606.990
covercrypt,hybridized,089a548,"SEC::LOW && DPT::DEV && CTR::EN","SEC::LOW && DPT::DEV",different,16,25231,946,success,200,771446110,3857230.550
covercrypt,hybridized,089a548,"SEC::LOW && DPT::DEV && CTR::EN","SEC::LOW && DPT::DEV && CTR::EN",same,8,11879,946,success,200,434691870,2173459.350
covercrypt,hybridized,089a548,"SEC::LOW && DPT::DEV && CTR::EN","SEC::LOW && DPT::DEV && CTR::FR",same,8,11879,946,failure,200,598798234,2993991.170
covercrypt,hybridized,089a548,"SEC::LOW && DPT::DEV && CTR::EN","SEC::LOW && DPT::DEV && CTR::$",same,16,25231,946,success,200,698482691,3492413.455
covercrypt,hybridized,089a548,"SEC::LOW && DPT::DEV && CTR::EN","SEC::LOW && DPT::MKG",different,16,25231,946,failure,200,1370531610,6852658.050
covercrypt,hybridized,089a548,"SEC::LOW && DPT::DEV && CTR::EN","SEC::LOW && DPT::MKG && CTR::EN",same,8,11879,946,failure,200,579831302,2899156.510
covercrypt,hybridized,089a548,"SEC::LOW && DPT::DEV && CTR::EN","SEC::LOW && DPT::MKG && CTR::FR",same,8,11879,946,failure,200,595727182,2978635.910
covercrypt,hybridized,089a548,"SEC::LOW && DPT::DEV && CTR::EN","SEC::LOW && DPT::MKG && CTR::$",same,16,25231,946,failure,200,1201275903,6006379.515
covercrypt,hybridized,089a548,"SEC::LOW && DPT::DEV && CTR::EN","SEC::LOW && DPT::$",different,32,51939,946,success,200,1525342052,7626710.260
covercrypt,hybridized,089a548,"SEC::LOW && DPT::DEV && CTR::EN","SEC::LOW && DPT::$ && CTR::EN",same,16,25231,946,success,200,810742783,4053713.915
covercrypt,hybridized,089a548,"SEC::LOW && DPT::DEV && CTR::EN","SEC::LOW && DPT::$ && CTR::FR",same,16,25231,946,failure,200,1315611326,6578056.630
covercrypt,hybridized,089a548,"SEC::LOW && DPT::DEV && CTR::EN","SEC::LOW && DPT::$ && CTR::$",same,32,51939,946,success,200,1625845796,8129228.980
covercrypt,hybridized,089a548,"SEC::LOW && DPT::DEV && CTR::EN","SEC::MED",different,48,78651,946,success,200,2169360169,10846800.845
covercrypt,hybridized,089a548,"SEC::LOW && DPT::DEV && CTR::EN","SEC::MED && CTR::EN",different,24,38585,946,success,200,1193977692,5969888.460
covercrypt,hybridized,089a548,"SEC::LOW && DPT::DEV && CTR::EN","SEC::MED && CTR::FR",different,24,38585,946,failure,200,2034704295,10173521.475
covercrypt,hybridized,089a548,"SEC::LOW && DPT::DEV && CTR::EN","SEC::MED && CTR::$",different,48,78651,946,success,200,2168969005,10844845.025
covercrypt,hybridized,089a548,"SEC::LOW && DPT::DEV && CTR::EN","SEC::MED && DPT::DEV",different,24,38585,946,success,200,1195191442,5975957.210
covercrypt,hybridized,089a548,"SEC::LOW && DPT::DEV && CTR::EN","SEC::MED && DPT::DEV && CTR::EN",same,12,18555,946,success,200,607853359,3039266.795
covercrypt,hybridized,089a548,"SEC::LOW && DPT::DEV && CTR::EN","SEC::MED && DPT::DEV && CTR::FR",same,12,18555,946,failure,200,964136152,4820680.760
covercrypt,hybridized,089a548,"SEC::LOW && DPT::DEV && CTR::EN","SEC::MED && DPT::DEV && CTR::$",same,24,38585,946,success,200,1102124036,5510620.180
covercrypt,hybridized,089a548,"SEC::LOW && DPT::DEV && CTR::EN","SEC::MED && DPT::MKG",different,24,38585,946,failure,200,1895222496,9476112.480
covercrypt,hybridized,089a548,"SEC::LOW && DPT::DEV && CTR::EN","SEC::MED && DPT::MKG && CTR::EN",same,12,18555,946,failure,200,1066286061,5331430.305
covercrypt,hybridized,089a548,"SEC::LOW && DPT::DEV && CTR::EN","SEC::MED && DPT::MKG && CTR::FR",same,12,18555,946,failure,200,1040067598,5200337.990
covercrypt,hybridized,089a548,"SEC::LOW && DPT::DEV && CTR::EN","SEC::MED && DPT::MKG && CTR::$",same,24,38585,946,failure,200,2218397689,11091988.445
covercrypt,hybridized,089a548,"SEC::LOW && DPT::DEV && CTR::EN","SEC::MED && DPT::$",different,48,78651,946,success,200,2003470520,10017352.600
covercrypt,hybridized,089a548,"SEC::LOW && DPT::DEV && CTR::EN","SEC::MED && DPT::$ && CTR::EN",same,24,38585,946,success,200,1072041386,5360206.930
covercrypt,hybridized,089a548,"SEC::LOW && DPT::DEV && CTR::EN","SEC::MED && DPT::$ && CTR::FR",same,24,38585,946,failure,200,1900290638,9501453.190
covercrypt,hybridized,089a548,"SEC::LOW && DPT::DEV && CTR::EN","SEC::MED && DPT::$ && CTR::$",same,48,78651,946,success,200,2229129858,11145649.290
covercrypt,hybridized,089a548,"SEC::LOW && DPT::DEV && CTR::EN","SEC::HIG",different,64,105363,946,success,200,3156557949,15782789.745
covercrypt,hybridized,089a548,"SEC::LOW && DPT::DEV && CTR::EN","SEC::HIG && CTR::EN",different,32,51939,946,success,200,1392099523,6960497.615
covercrypt,hybridized,089a548,"SEC::LOW && DPT::DEV && CTR::EN","SEC::HIG && CTR::FR",different,32,51939,946,failure,200,2562590608,12812953.040
covercrypt,hybridized,089a548,"SEC::LOW && DPT::DEV && CTR::EN","SEC::HIG && CTR::$",different,64,105363,946,success,200,2732560404,13662802.020
covercrypt,hybridized,089a548,"SEC::LOW && DPT::DEV && CTR::EN","SEC::HIG && DPT::DEV",different,32,51939,946,success,200,1270737227,6353686.135
covercrypt,hybridized,089a548,"SEC::LOW && DPT::DEV && CTR::EN","SEC::HIG && DPT::DEV && CTR::EN",same,16,25231,946,success,200,925000988,4625004.940
covercrypt,hybridized,089a548,"SEC::LOW && DPT::DEV && CTR::EN","SEC::HIG && DPT::DEV && CTR::FR",same,16,25231,946,failure,200,1339400325,6697001.625
covercrypt,hybridized,089a548,"SEC::LOW && DPT::DEV && CTR::EN","SEC::HIG && DPT::DEV && CTR::$",same,32,51939,946,success,200,1520748988,7603744.940
covercrypt,hybridized,089a548,"SEC::LOW && DPT::DEV && CTR::EN","SEC::HIG && DPT::MKG",different,32,51939,946,failure,200,3084793144,15423965.720
covercrypt,hybridized,089a548,"SEC::LOW && DPT::DEV && CTR::EN","SEC::HIG && DPT::MKG && CTR::EN",same,16,25231,946,failure,200,1407306160,7036530.800
covercrypt,hybridized,089a548,"SEC::LOW && DPT::DEV && CTR::EN","SEC::HIG && DPT::MKG && CTR::FR",same,16,25231,946,failure,200,1730509508,8652547.540
covercrypt,hybridized,089a548,"SEC::LOW && DPT::DEV && CTR::EN","SEC::HIG && DPT::MKG && CTR::$",same,32,51939,946,failure,200,3049410599,15247052.995
covercrypt,hybridized,089a548,"SEC::LOW && DPT::DEV && CTR::EN","SEC::HIG && DPT::$",different,64,105363,946,success,200,2693642352,13468211.760
covercrypt,hybridized,089a548,"SEC::LOW && DPT::DEV && CTR::EN","SEC::HIG && DPT::$ && CTR::EN",same,32,51939,946,success,200,1332611778,6663058.890
covercrypt,hybridized,089a548,"SEC::LOW && DPT::DEV && CTR::EN","SEC::HIG && DPT::$ && CTR::FR",same,32,51939,946,failure,200,3716142363,18580711.815
covercrypt,hybridized,089a548,"SEC::LOW && DPT::DEV && CTR::EN","SEC::HIG && DPT::$ && CTR::$",same,64,105363,946,success,200,3967710580,19838552.900
covercrypt,hybridized,089a548,"SEC::LOW && DPT::DEV && CTR::EN","SEC::$",different,80,132075,946,success,200,3771227671,18856138.355
covercrypt,hybridized,089a548,"SEC::LOW && DPT::DEV && CTR::EN","SEC::$ && CTR::EN",different,40,65293,946,success,200,2392527680,11962638.400
covercrypt,hybridized,089a548,"SEC::LOW && DPT::DEV && CTR::EN","SEC::$ && CTR::FR",different,40,65293,946,failure,200,3557623646,17788118.230
covercrypt,hybridized,089a548,"SEC::LOW && DPT::DEV && CTR::EN","SEC::$ && CTR::$",different,80,132075,946,success,200,4138972911,20694864.555
covercrypt,hybridized,089a548,"SEC::LOW && DPT::DEV && CTR::EN","SEC::$ && DPT::DEV",different,40,65293,946,success,200,1744448068,8722240.340
covercrypt,hybridized,089a548,"SEC::LOW && DPT::DEV && CTR::EN","SEC::$ && DPT::DEV && CTR::EN",same,20,31907,946,success,200,1161017598,5805087.990
covercrypt,hybridized,089a548,"SEC::LOW && DPT::DEV && CTR::EN","SEC::$ && DPT::DEV && CTR::FR",same,20,31907,946,failure,200,1687715900,8438579.500
covercrypt,hybridized,089a548,"SEC::LOW && DPT::DEV && CTR::EN","SEC::$ && DPT::DEV && CTR::$",same,40,65293,946,success,200,2746241269,13731206.345
covercrypt,hybridized,089a548,"SEC::LOW && DPT::DEV && CTR::EN","SEC::$ && DPT::MKG",different,40,65293,946,failure,200,3610096758,18050483.790
covercrypt,hybridized,089a548,"SEC::LOW && DPT::DEV && CTR::EN","SEC::$ && DPT::MKG && CTR::EN",same,20,31907,946,failure,200,1632922422,8164612.110
covercrypt,hybridized,089a548,"SEC::LOW && DPT::DEV && CTR::EN","SEC::$ && DPT::MKG && CTR::FR",same,20,31907,946,failure,200,1806860407,9034302.035
covercrypt,hybridized,089a548,"SEC::LOW && DPT::DEV && CTR::EN","SEC::$ && DPT::MKG && CTR::$",same,40,65293,946,failure,200,3270202974,16351014.870
covercrypt,hybridized,089a548,"SEC::LOW && DPT::DEV && CTR::EN","SEC::$ && DPT::$",different,80,132075,946,success,200,3674823684,18374118.420
covercrypt,hybridized,089a548,"SEC::LOW && DPT::DEV && CTR::EN","SEC::$ && DPT::$ && CTR::EN",same,40,65293,946,success,200,1968933177,9844665.885
covercrypt,hybridized,089a548,"SEC::LOW && DPT::DEV && CTR::EN","SEC::$ && DPT::$ && CTR::FR",same,40,65293,946,failure,200,3538118011,17690590.055
covercrypt,hybridized,089a548,"SEC::LOW && DPT::DEV && CTR::EN","SEC::$ && DPT::$ && CTR::$",same,80,132075,946,success,200,3636544417,18182722.085
covercrypt,hybridized,089a548,"SEC::LOW && DPT::$ && CTR::EN","CTR::EN",different,40,65293,946,success,200,2034374539,10171872.695
covercrypt,hybridized,089a548,"SEC::LOW && DPT::$ && CTR::EN","CTR::FR",different,40,65293,946,failure,200,3497948099,17489740.495
covercrypt,hybridized,089a548,"SEC::LOW && DPT::$ && CTR::EN","CTR::$",different,80,132075,946,success,200,3651877407,18259387.035
covercrypt,hybridized,089a548,"SEC::LOW && DPT::$ && CTR::EN","DPT::DEV",different,40,65293,946,failure,200,3737067953,18685339.765
covercrypt,hybridized,089a548,"SEC::LOW && DPT::$ && CTR::EN","DPT::DEV && CTR::EN",different,20,31907,946,failure,200,1753399474,8766997.370
covercrypt,hybridized,089a548,"SEC::LOW && DPT::$ && CTR::EN","DPT::DEV && CTR::FR",different,20,31907,946,failure,200,2190728488,10953642.440
covercrypt,hybridized,089a548,"SEC::LOW && DPT::$ && CTR::EN","DPT::DEV && CTR::$",different,40,65293,946,failure,200,4372908643,21864543.215
covercrypt,hybridized,089a548,"SEC::LOW && DPT::$ && CTR::EN","DPT::MKG",different,40,65293,946,failure,200,4643479984,23217399.920
covercrypt,hybridized,089a548,"SEC::LOW && DPT::$ && CTR::EN","DPT::MKG && CTR::EN",different,20,31907,946,failure,200,2215165194,11075825.970
covercrypt,hybridized,089a548,"SEC::LOW && DPT::$ && CTR::EN","DPT::MKG && CTR::FR",different,20,31907,946,failure,200,1944378233,9721891.165
covercrypt,hybridized,089a548,"SEC::LOW && DPT::$ && CTR::EN","DPT::MKG && CTR::$",different,40,65293,946,failure,200,3580863185,17904315.925
covercrypt,hybridized,089a548,"SEC::LOW && DPT::$ && CTR::EN","DPT::$",different,80,132075,946,success,200,5586418371,27932091.855
covercrypt,hybridized,089a548,"SEC::LOW && DPT::$ && CTR::EN","DPT::$ && CTR::EN",different,40,65293,946,success,200,3627482259,18137411.295
covercrypt,hybridized,089a548,"SEC::LOW && DPT::$ && CTR::EN","DPT::$ && CTR::FR",different,40,65293,946,failure,200,7282696395,36413481.975
covercrypt,hybridized,089a548,"SEC::LOW && DPT::$ && CTR::EN","DPT::$ && CTR::$",different,80,132075,946,success,200,7442169938,37210849.690
covercrypt,hybridized,089a548,"SEC::LOW && DPT::$ && CTR::EN","SEC::LOW",different,32,51939,946,success,200,2955690250,14778451.250
covercrypt,hybridized,089a548,"SEC::LOW && DPT::$ && CTR::EN","SEC::LOW && CTR::EN",different,16,25231,946,success,200,1148525104,5742625.520
covercrypt,hybridized,089a548,"SEC::LOW && DPT::$ && CTR::EN","SEC::LOW && CTR::FR",different,16,25231,946,failure,200,1935245053,9676225.265
covercrypt,hybridized,089a548,"SEC::LOW && DPT::$ && CTR::EN","SEC::LOW && CTR::$",different,32,51939,946,success,200,1879791762,9398958.810
covercrypt,hybridized,089a548,"SEC::LOW && DPT::$ && CTR::EN","SEC::LOW && DPT::DEV",different,16,25231,946,failure,200,1880903200,9404516.000
covercrypt,hybridized,089a548,"SEC::LOW && DPT::$ && CTR::EN","SEC::LOW && DPT::DEV && CTR::EN",same,8,11879,946,failure,200,1063287235,5316436.175
covercrypt,hybridized,089a548,"SEC::LOW && DPT::$ && CTR::EN","SEC::LOW && DPT::DEV && CTR::FR",same,8,11879,946,failure,200,882998439,4414992.195
covercrypt,hybridized,089a548,"SEC::LOW && DPT::$ && CTR::EN","SEC::LOW && DPT::DEV && CTR::$",same,16,25231,946,failure,200,1655359505,8276797.525
covercrypt,hybridized,089a548,"SEC::LOW && DPT::$ && CTR::EN","SEC::LOW && DPT::MKG",different,16,25231,946,failure,200,1559691578,7798457.890
covercrypt,hybridized,089a548,"SEC::LOW && DPT::$ && CTR::EN","SEC::LOW && DPT::MKG && CTR::EN",same,8,11879,946,failure,200,701715709,3508578.545
covercrypt,hybridized,089a548,"SEC::LOW && DPT::$ && CTR::EN","SEC::LOW && DPT::MKG && CTR::FR",same,8,11879,946,failure,200,756820906,3784104.530
covercrypt,hybridized,089a548,"SEC::LOW && DPT::$ && CTR::EN","SEC::LOW && DPT::MKG && CTR::$",same,16,25231,946,failure,200,1440197208,7200986.040
covercrypt,hybridized,089a548,"SEC::LOW && DPT::$ && CTR::EN","SEC::LOW && DPT::$",different,32,51939,946,success,200,1550209368,7751046.840
covercrypt,hybridized,089a548,"SEC::LOW && DPT::$ && CTR::EN","SEC::LOW && DPT::$ && CTR::EN",same,16,25231,946,success,200,816267731,4081338.655
covercrypt,hybridized,089a548,"SEC::LOW && DPT::$ && CTR::EN","SEC::LOW && DPT::$ && CTR::FR",same,16,25231,946,failure,200,1743391853,8716959.265
covercrypt,hybridized,089a548,"SEC::LOW && DPT::$ && CTR::EN","SEC::LOW && DPT::$ && CTR::$",same,32,51939,946,success,200,2234114743,11170573.715
covercrypt,hybridized,089a548,"SEC::LOW && DPT::$ && CTR::EN","SEC::MED",different,48,78651,946,success,200,3142665343,15713326.715
covercrypt,hybridized,089a548,"SEC::LOW && DPT::$ && CTR::EN","SEC::MED && CTR::EN",different,24,38585,946,success,200,1670217829,8351089.145
covercrypt,hybridized,089a548,"SEC::LOW && DPT::$ && CTR::EN","SEC::MED && CTR::FR",different,24,38585,946,failure,200,1993745071,9968725.355
covercrypt,hybridized,089a548,"SEC::LOW && DPT::$ && CTR::EN","SEC::MED && CTR::$",different,48,78651,946,success,200,1962030933,9810154.665
covercrypt,hybridized,089a548,"SEC::LOW && DPT::$ && CTR::EN","SEC::MED && DPT::DEV",different,24,38585,946,failure,200,2133275574,10666377.870
covercrypt,hybridized,089a548,"SEC::LOW && DPT::$ && CTR::EN","SEC::MED && DPT::DEV && CTR::EN",same,12,18555,946,failure,200,1042461283,5212306.415
covercrypt,hybridized,089a548,"SEC::LOW && DPT::$ && CTR::EN","SEC::MED && DPT::DEV && CTR::FR",same,12,18555,946,failure,200,943724535,4718622.675
covercrypt,hybridized,089a548,"SEC::LOW && DPT::$ && CTR::EN","SEC::MED && DPT::DEV && CTR::$",same,24,38585,946,failure,200,3145683619,15728418.095
covercrypt,hybridized,089a548,"SEC::LOW && DPT::$ && CTR::EN","SEC::MED && DPT::MKG",different,24,38585,946,failure,200,3790880764,18954403.820
covercrypt,hybridized,089a548,"SEC::LOW && DPT::$ && CTR::EN","SEC::MED && DPT::MKG && CTR::EN",same,12,18555,946,failure,200,1430222393,7151111.965
covercrypt,hybridized,089a548,"SEC::LOW && DPT::$ && CTR::EN","SEC::MED && DPT::MKG && CTR::FR",same,12,18555,946,failure,200,1582473536,7912367.680
covercrypt,hybridized,089a548,"SEC::LOW && DPT::$ && CTR::EN","SEC::MED && DPT::MKG && CTR::$",same,24,38585,946,failure,200,4328159171,21640795.855
covercrypt,hybridized,089a548,"SEC::LOW && DPT::$ && CTR::EN","SEC::MED && DPT::$",different,48,78651,946,success,200,3075006070,15375030.350
covercrypt,hybridized,089a548,"SEC::LOW && DPT::$ && CTR::EN","SEC::MED && DPT::$ && CTR::EN",same,24,38585,946,success,200,1449775288,7248876.440
covercrypt,hybridized,089a548,"SEC::LOW && DPT::$ && CTR::EN","SEC::MED && DPT::$ && CTR::FR",same,24,38585,946,failure,200,2594943018,12974715.090
covercrypt,hybridized,089a548,"SEC::LOW && DPT::$ && CTR::EN","SEC::MED && DPT::$ && CTR::$",same,48,78651,946,success,200,2715818878,13579094.390
covercrypt,hybridized,089a548,"SEC::LOW && DPT::$ && CTR::EN","SEC::HIG",different,64,105363,946,success,200,3625860931,18129304.655
covercrypt,hybridized,089a548,"SEC::LOW && DPT::$ && CTR::EN","SEC::HIG && CTR::EN",different,32,51939,946,success,200,2056065135,10280325.675
covercrypt,hybridized,089a548,"SEC::LOW && DPT::$ && CTR::EN","SEC::HIG && CTR::FR",different,32,51939,946,failure,200,3700617964,18503089.820
covercrypt,hybridized,089a548,"SEC::LOW && DPT::$ && CTR::EN","SEC::HIG && CTR::$",different,64,105363,946,success,200,3362760036,16813800.180
covercrypt,hybridized,089a548,"SEC::LOW && DPT::$ && CTR::EN","SEC::HIG && DPT::DEV",different,32,51939,946,failure,200,3066769551,15333847.755
covercrypt,hybridized,089a548,"SEC::LOW && DPT::$ && CTR::EN","SEC::HIG && DPT::DEV && CTR::EN",same,16,25231,946,failure,200,1726011268,8630056.340
covercrypt,hybridized,089a548,"SEC::LOW && DPT::$ && CTR::EN","SEC::HIG && DPT::DEV && CTR::FR",same,16,25231,946,failure,200,1973912945,9869564.725
covercrypt,hybridized,089a548,"SEC::LOW && DPT::$ && CTR::EN","SEC::HIG && DPT::DEV && CTR::$",same,32,51939,946,failure,200,4108536651,20542683.255
covercrypt,hybridized,089a548,"SEC::LOW && DPT::$ && CTR::EN","SEC::HIG && DPT::MKG",different,32,51939,946,failure,200,3808578509,19042892.545
covercrypt,hybridized,089a548,"SEC::LOW && DPT::$ && CTR::EN","SEC::HIG && DPT::MKG && CTR::EN",same,16,25231,946,failure,200,1503262418,7516312.090
covercrypt,hybridized,089a548,"SEC::LOW && DPT::$ && CTR::EN","SEC::HIG && DPT::MKG && CTR::FR",same,16,25231,946,failure,200,1538333775,7691668.875
covercrypt,hybridized,089a548,"SEC::LOW && DPT::$ && CTR::EN","SEC::HIG && DPT::MKG && CTR::$",same,32,51939,946,failure,200,3472503437,17362517.185
covercrypt,hybridized,089a548,"SEC::LOW && DPT::$ && CTR::EN","SEC::HIG && DPT::$",different,64,105363,946,success,200,4631939630,23159698.150
covercrypt,hybridized,089a548,"SEC::LOW && DPT::$ && CTR::EN","SEC::HIG && DPT::$ && CTR::EN",same,32,51939,946,success,200,3367443869,16837219.345
covercrypt,hybridized,089a548,"SEC::LOW && DPT::$ && CTR::EN","SEC::HIG && DPT::$ && CTR::FR",same,32,51939,946,failure,200,5842558823,29212794.115
covercrypt,hybridized,089a548,"SEC::LOW && DPT::$ && CTR::EN","SEC::HIG && DPT::$ && CTR::$",same,64,105363,946,success,200,6067038370,30335191.850
covercrypt,hybridized,089a548,"SEC::LOW && DPT::$ && CTR::EN","SEC::$",different,80,132075,946,success,200,7983831614,39919158.070
covercrypt,hybridized,089a548,"SEC::LOW && DPT::$ && CTR::EN","SEC::$ && CTR::EN",different,40,65293,946,success,200,4149542992,20747714.960
covercrypt,hybridized,089a548,"SEC::LOW && DPT::$ && CTR::EN","SEC::$ && CTR::FR",different,40,65293,946,failure,200,7925336213,39626681.065
covercrypt,hybridized,089a548,"SEC::LOW && DPT::$ && CTR::EN","SEC::$ && CTR::$",different,80,132075,946,success,200,8888997099,44444985.495
covercrypt,hybridized,089a548,"SEC::LOW && DPT::$ && CTR::EN","SEC::$ && DPT::DEV",different,40,65293,946,failure,200,8053713712,40268568.560
covercrypt,hybridized,089a548,"SEC::LOW && DPT::$ && CTR::EN","SEC::$ && DPT::DEV && CTR::EN",same,20,31907,946,failure,200,3868021369,19340106.845
covercrypt,hybridized,089a548,"SEC::LOW && DPT::$ && CTR::EN","SEC::$ && DPT::DEV && CTR::FR",same,20,31907,946,failure,200,4005574716,20027873.580
covercrypt,hybridized,089a548,"SEC::LOW && DPT::$ && CTR::EN","SEC::$ && DPT::DEV && CTR::$",same,40,65293,946,failure,200,7888478819,39442394.095
covercrypt,hybridized,089a548,"SEC::LOW && DPT::$ && CTR::EN","SEC::$ && DPT::MKG",different,40,65293,946,failure,200,7624642438,38123212.190
covercrypt,hybridized,089a548,"SEC::LOW && DPT::$ && CTR::EN","SEC::$ && DPT::MKG && CTR::EN",same,20,31907,946,failure,200,3894841913,19474209.565
covercrypt,hybridized,089a548,"SEC::LOW && DPT::$ && CTR::EN","SEC::$ && DPT::MKG && CTR::FR",same,20,31907,946,failure,200,3895074304,19475371.520
covercrypt,hybridized,089a548,"SEC::LOW && DPT::$ && CTR::EN","SEC::$ && DPT::MKG && CTR::$",same,40,65293,946,failure,200,5778624662,28893123.310
covercrypt,hybridized,089a548,"SEC::LOW && DPT::$ && CTR::EN","SEC::$ && DPT::$",different,80,132075,946,success,200,6987991799,34939958.995
covercrypt,hybridized,089a548,"SEC::LOW && DPT::$ && CTR::EN","SEC::$ && DPT::$ && CTR::EN",same,40,65293,946,success,200,2877853197,14389265.985
covercrypt,hybridized,089a548,"SEC::LOW && DPT::$ && CTR::EN","SEC::$ && DPT::$ && CTR::FR",same,40,65293,946,failure,200,4775325236,23876626.180
covercrypt,hybridized,089a548,"SEC::LOW && DPT::$ && CTR::EN","SEC::$ && DPT::$ && CTR::$",same,80,132075,946,success,200,4250286359,21251431.795
covercrypt,hybridized,089a548,"SEC::MED && DPT::DEV && CTR::EN","CTR::EN",different,40,65293,946,success,200,2069450293,10347251.465
covercrypt,hybridized,089a548,"SEC::MED && DPT::DEV && CTR::EN","CTR::FR",different,40,65293,946,failure,200,3647329818,18236649.090
covercrypt,hybridized,089a548,"SEC::MED && DPT::DEV && CTR::EN","CTR::$",different,80,132075,946,success,200,3664869626,18324348.130
covercrypt,hybridized,089a548,"SEC::MED && DPT::DEV && CTR::EN","DPT::DEV",different,40,65293,946,success,200,2633856372,13169281.860
covercrypt,hybridized,089a548,"SEC::MED && DPT::DEV && CTR::EN","DPT::DEV && CTR::EN",different,20,31907,946,success,200,1522868075,7614340.375
covercrypt,hybridized,089a548,"SEC::MED && DPT::DEV && CTR::EN","DPT::DEV && CTR::FR",different,20,31907,946,failure,200,3035546420,15177732.100
covercrypt,hybridized,089a548,"SEC::MED && DPT::DEV && CTR::EN","DPT::DEV && CTR::$",different,40,65293,946,success,200,2204392514,11021962.570
covercrypt,hybridized,089a548,"SEC::MED && DPT::DEV && CTR::EN","DPT::MKG",different,40,65293,946,failure,200,3538637202,17693186.010
covercrypt,hybridized,089a548,"SEC::MED && DPT::DEV && CTR::EN","DPT::MKG && CTR::EN",different,20,31907,946,failure,200,1707821187,8539105.935
covercrypt,hybridized,089a548,"SEC::MED && DPT::DEV && CTR::EN","DPT::MKG && CTR::FR",different,20,31907,946,failure,200,2322054487,11610272.435
covercrypt,hybridized,089a548,"SEC::MED && DPT::DEV && CTR::EN","DPT::MKG && CTR::$",different,40,65293,946,failure,200,4330599723,21652998.615
covercrypt,hybridized,089a548,"SEC::MED && DPT::DEV && CTR::EN","DPT::$",different,80,132075,946,success,200,3367873274,16839366.370
covercrypt,hybridized,089a548,"SEC::MED && DPT::DEV && CTR::EN","DPT::$ && CTR::EN",different,40,65293,946,success,200,2348776423,11743882.115
covercrypt,hybridized,089a548,"SEC::MED && DPT::DEV && CTR::EN","DPT::$ && CTR::FR",different,40,65293,946,failure,200,4221951869,21109759.345
covercrypt,hybridized,089a548,"SEC::MED && DPT::DEV && CTR::EN","DPT::$ && CTR::$",different,80,132075,946,success,200,3665115941,18325579.705
covercrypt,hybridized,089a548,"SEC::MED && DPT::DEV && CTR::EN","SEC::LOW",different,32,51939,946,failure,200,2736684075,13683420.375
covercrypt,hybridized,089a548,"SEC::MED && DPT::DEV && CTR::EN","SEC::LOW && CTR::EN",different,16,25231,946,failure,200,1663050712,8315253.560
covercrypt,hybridized,089a548,"SEC::MED && DPT::DEV && CTR::EN","SEC::LOW && CTR::FR",different,16,25231,946,failure,200,1451871651,7259358.255
covercrypt,hybridized,089a548,"SEC::MED && DPT::DEV && CTR::EN","SEC::LOW && CTR::$",different,32,51939,946,failure,200,2918513786,14592568.930
covercrypt,hybridized,089a548,"SEC::MED && DPT::DEV && CTR::EN","SEC::LOW && DPT::DEV",different,16,25231,946,failure,200,1723477513,8617387.565
covercrypt,hybridized,089a548,"SEC::MED && DPT::DEV && CTR::EN","SEC::LOW && DPT::DEV && CTR::EN",same,8,11879,946,failure,200,610307819,3051539.095
covercrypt,hybridized,089a548,"SEC::MED && DPT::DEV && CTR::EN","SEC::LOW && DPT::DEV && CTR::FR",same,8,11879,946,failure,200,690004851,3450024.255
covercrypt,hybridized,089a548,"SEC::MED && DPT::DEV && CTR::EN","SEC::LOW && DPT::DEV && CTR::$",same,16,25231,946,failure,200,1799610594,8998052.970
covercrypt,hybridized,089a548,"SEC::MED && DPT::DEV && CTR::EN","SEC::LOW && DPT::MKG",different,16,25231,946,failure,200,2161640073,10808200.365
covercrypt,hybridized,089a548,"SEC::MED && DPT::DEV && CTR::EN","SEC::LOW && DPT::MKG && CTR::EN",same,8,11879,946,failure,200,1003114494,5015572.470
covercrypt,hybridized,089a548,"SEC::MED && DPT::DEV && CTR::EN","SEC::LOW && DPT::MKG && CTR::FR",same,8,11879,946,failure,200,787556535,3937782.675
covercrypt,hybridized,089a548,"SEC::MED && DPT::DEV && CTR::EN","SEC::LOW && DPT::MKG && CTR::$",same,16,25231,946,failure,200,1814540793,9072703.965
covercrypt,hybridized,089a548,"SEC::MED && DPT::DEV && CTR::EN","SEC::LOW && DPT::$",different,32,51939,946,failure,200,3620238001,18101190.005
covercrypt,hybridized,089a548,"SEC::MED && DPT::DEV && CTR::EN","SEC::LOW && DPT::$ && CTR::EN",same,16,25231,946,failure,200,1577939411,7889697.055
covercrypt,hybridized,089a548,"SEC::MED && DPT::DEV && CTR::EN","SEC::LOW && DPT::$ && CTR::FR",same,16,25231,946,failure,200,2040048570,10200242.850
covercrypt,hybridized,089a548,"SEC::MED && DPT::DEV && CTR::EN","SEC::LOW && DPT::$ && CTR::$",same,32,51939,946,failure,200,3312350680,16561753.400
covercrypt,hybridized,089a548,"SEC::MED && DPT::DEV && CTR::EN","SEC::MED",different,48,78651,946,success,200,2357097817,11785489.085
covercrypt,hybridized,089a548,"SEC::MED && DPT::DEV && CTR::EN","SEC::MED && CTR::EN",different,24,38585,946,success,200,1229770187,6148850.935
covercrypt,hybridized,089a548,"SEC::MED && DPT::DEV && CTR::EN","SEC::MED && CTR::FR",different,24,38585,946,failure,200,2020299608,10101498.040
covercrypt,hybridized,089a548,"SEC::MED && DPT::DEV && CTR::EN","SEC::MED && CTR::$",different,48,78651,946,success,200,2225498838,11127494.190
covercrypt,hybridized,089a548,"SEC::MED && DPT::DEV && CTR::EN","SEC::MED && DPT::DEV",different,24,38585,946,success,200,1142018022,5710090.110
covercrypt,hybridized,089a548,"SEC::MED && DPT::DEV && CTR::EN","SEC::MED && DPT::DEV && CTR::EN",same,12,18555,946,success,200,620645891,3103229.455
covercrypt,hybridized,089a548,"SEC::MED && DPT::DEV && CTR::EN","SEC::MED && DPT::DEV && CTR::FR",same,12,18555,946,failure,200,991842910,4959214.550
covercrypt,hybridized,089a548,"SEC::MED && DPT::DEV && CTR::EN","SEC::MED && DPT::DEV && CTR::$",same,24,38585,946,success,200,996802419,4984012.095
covercrypt,hybridized,089a548,"SEC::MED && DPT::DEV && CTR::EN","SEC::MED && DPT::MKG",different,24,38585,946,failure,200,1844360398,9221801.990
covercrypt,hybridized,089a548,"SEC::MED && DPT::DEV && CTR::EN","SEC::MED && DPT::MKG && CTR::EN",same,12,18555,946,failure,200,1261929310,6309646.550
covercrypt,hybridized,089a548,"SEC::MED && DPT::DEV && CTR::EN","SEC::MED && DPT::MKG && CTR::FR",same,12,18555,946,failure,200,1154986161,5774930.805
covercrypt,hybridized,089a548,"SEC::MED && DPT::DEV && CTR::EN","SEC::MED && DPT::MKG && CTR::$",same,24,38585,946,failure,200,3132336407,15661682.035
covercrypt,hybridized,089a548,"SEC::MED && DPT::DEV && CTR::EN","SEC::MED && DPT::$",different,48,78651,946,success,200,2163881759,10819408.795
covercrypt,hybridized,089a548,"SEC::MED && DPT::DEV && CTR::EN","SEC::MED && DPT::$ && CTR::EN",same,24,38585,946,success,200,1198043350,5990216.750
covercrypt,hybridized,089a548,"SEC::MED && DPT::DEV && CTR::EN","SEC::MED && DPT::$ && CTR::FR",same,24,38585,946,failure,200,2889095956,14445479.780
covercrypt,hybridized,089a548,"SEC::MED && DPT::DEV && CTR::EN","SEC::MED && DPT::$ && CTR::$",same,48,78651,946,success,200,2667983244,13339916.220
covercrypt,hybridized,089a548,"SEC::MED && DPT::DEV && CTR::EN","SEC::HIG",different,64,105363,946,success,200,2471495610,12357478.050
covercrypt,hybridized,089a548,"SEC::MED && DPT::DEV && CTR::EN","SEC::HIG && CTR::EN",different,32,51939,946,success,200,1904227461,9521137.305
covercrypt,hybridized,089a548,"SEC::MED && DPT::DEV && CTR::EN","SEC::HIG && CTR::FR",different,32,51939,946,failure,200,4397765878,21988829.390
covercrypt,hybridized,089a548,"SEC::MED && DPT::DEV && CTR::EN","SEC::HIG && CTR::$",different,64,105363,946,success,200,2861967329,14309836.645
covercrypt,hybridized,089a548,"SEC::MED && DPT::DEV && CTR::EN","SEC::HIG && DPT::DEV",different,32,51939,946,success,200,1522473964,7612369.820
covercrypt,hybridized,089a548,"SEC::MED && DPT::DEV && CTR::EN","SEC::HIG && DPT::DEV && CTR::EN",same,16,25231,946,success,200,978436466,4892182.330
covercrypt,hybridized,089a548,"SEC::MED && DPT::DEV && CTR::EN","SEC::HIG && DPT::DEV && CTR::FR",same,16,25231,946,failure,200,1590712545,7953562.725
covercrypt,hybridized,089a548,"SEC::MED && DPT::DEV && CTR::EN","SEC::HIG && DPT::DEV && CTR::$",same,32,51939,946,success,200,2343960966,11719804.830
covercrypt,hybridized,089a548,"SEC::MED && DPT::DEV && CTR::EN","SEC::HIG && DPT::MKG",different,32,51939,946,failure,200,4808801125,24044005.625
covercrypt,hybridized,089a548,"SEC::MED && DPT::DEV && CTR::EN","SEC::HIG && DPT::MKG && CTR::EN",same,16,25231,946,failure,200,2154638878,10773194.390
covercrypt,hybridized,089a548,"SEC::MED && DPT::DEV && CTR::EN","SEC::HIG && DPT::MKG && CTR::FR",same,16,25231,946,failure,200,2395577306,11977886.530
covercrypt,hybridized,089a548,"SEC::MED && DPT::DEV && CTR::EN","SEC::HIG && DPT::MKG && CTR::$",same,32,51939,946,failure,200,5848124991,29240624.955
covercrypt,hybridized,089a548,"SEC::MED && DPT::DEV && CTR::EN","SEC::HIG && DPT::$",different,64,105363,946,success,200,6197327871,30986639.355
covercrypt,hybridized,089a548,"SEC::MED && DPT::DEV && CTR::EN","SEC::HIG && DPT::$ && CTR::EN",same,32,51939,946,success,200,3336267214,16681336.070
covercrypt,hybridized,089a548,"SEC::MED && DPT::DEV && CTR::EN","SEC::HIG && DPT::$ && CTR::FR",same,32,51939,946,failure,200,5568743247,27843716.235
covercrypt,hybridized,089a548,"SEC::MED && DPT::DEV && CTR::EN","SEC::HIG && DPT::$ && CTR::$",same,64,105363,946,success,200,4380858077,21904290.385
covercrypt,hybridized,089a548,"SEC::MED && DPT::DEV && CTR::EN","SEC::$",different,80,132075,946,success,200,4534886126,22674430.630
covercrypt,hybridized,089a548,"SEC::MED && DPT::DEV && CTR::EN","SEC::$ && CTR::EN",different,40,65293,946,success,200,2667509564,13337547.820
covercrypt,hybridized,089a548,"SEC::MED && DPT::DEV && CTR::EN","SEC::$ && CTR::FR",different,40,65293,946,failure,200,6576109798,32880548.990
covercrypt,hybridized,089a548,"SEC::MED && DPT::DEV && CTR::EN","SEC::$ && CTR::$",different,80,132075,946,success,200,4957239736,24786198.680
covercrypt,hybridized,089a548,"SEC::MED && DPT::DEV && CTR::EN","SEC::$ && DPT::DEV",different,40,65293,946,success,200,2138464965,10692324.825
covercrypt,hybridized,089a548,"SEC::MED && DPT::DEV && CTR::EN","SEC::$ && DPT::DEV && CTR::EN",same,20,31907,946,success,200,960612978,4803064.890
covercrypt,hybridized,089a548,"SEC::MED && DPT::DEV && CTR::EN","SEC::$ && DPT::DEV && CTR::FR",same,20,31907,946,failure,200,1667370137,8336850.685
covercrypt,hybridized,089a548,"SEC::MED && DPT::DEV && CTR::EN","SEC::$ && DPT::DEV && CTR::$",same,40,65293,946,success,200,2069443477,10347217.385
covercrypt,hybridized,089a548,"SEC::MED && DPT::DEV && CTR::EN","SEC::$ && DPT::MKG",different,40,65293,946,failure,200,4129942815,20649714.075
covercrypt,hybridized,089a548,"SEC::MED && DPT::DEV && CTR::EN","SEC::$ && DPT::MKG && CTR::EN",same,20,31907,946,failure,200,1749890892,8749454.460
covercrypt,hybridized,089a548,"SEC::MED && DPT::DEV && CTR::EN","SEC::$ && DPT::MKG && CTR::FR",same,20,31907,946,failure,200,1783756764,8918783.820
covercrypt,hybridized,089a548,"SEC::MED && DPT::DEV && CTR::EN","SEC::$ && DPT::MKG && CTR::$",same,40,65293,946,failure,200,4184893348,20924466.740
covercrypt,hybridized,089a548,"SEC::MED && DPT::DEV && CTR::EN","SEC::$ && DPT::$",different,80,132075,946,success,200,7109966030,35549830.150
covercrypt,hybridized,089a548,"SEC::MED && DPT::DEV && CTR::EN","SEC::$ && DPT::$ && CTR::EN",same,40,65293,946,success,200,4112323843,20561619.215
covercrypt,hybridized,089a548,"SEC::MED && DPT::DEV && CTR::EN","SEC::$ && DPT::$ && CTR::FR",same,40,65293,946,failure,200,7563469175,37817345.875
covercrypt,hybridized,089a548,"SEC::MED && DPT::DEV && CTR::EN","SEC::$ && DPT::$ && CTR::$",same,80,132075,946,success,200,8233139313,41165696.565
covercrypt,hybridized,089a548,"SEC::MED && DPT::$ && CTR::EN","CTR::EN",different,40,65293,946,success,200,4243043279,21215216.395
covercrypt,hybridized,089a548,"SEC::MED && DPT::$ && CTR::EN","CTR::FR",different,40,65293,946,failure,200,7835682044,39178410.220
covercrypt,hybridized,089a548,"SEC::MED && DPT::$ && CTR::EN","CTR::$",different,80,132075,946,success,200,8056930836,40284654.180
covercrypt,hybridized,089a548,"SEC::MED && DPT::$ && CTR::EN","DPT::DEV",different,40,65293,946,failure,200,7933570631,39667853.155
covercrypt,hybridized,089a548,"SEC::MED && DPT::$ && CTR::EN","DPT::DEV && CTR::EN",different,20,31907,946,failure,200,3982555140,19912775.700
covercrypt,hybridized,089a548,"SEC::MED && DPT::$ && CTR::EN","DPT::DEV && CTR::FR",different,20,31907,946,failure,200,3985809736,19929048.680
covercrypt,hybridized,089a548,"SEC::MED && DPT::$ && CTR::EN","DPT::DEV && CTR::$",different,40,65293,946,failure,200,7869265448,39346327.240
covercrypt,hybridized,089a548,"SEC::MED && DPT::$ && CTR::EN","DPT::MKG",different,40,65293,946,failure,200,7869635793,39348178.965
covercrypt,hybridized,089a548,"SEC::MED && DPT::$ && CTR::EN","DPT::MKG && CTR::EN",different,20,31907,946,failure,200,3958186983,19790934.915
covercrypt,hybridized,089a548,"SEC::MED && DPT::$ && CTR::EN","DPT::MKG && CTR::FR",different,20,31907,946,failure,200,4009738813,20048694.065
covercrypt,hybridized,089a548,"SEC::MED && DPT::$ && CTR::EN","DPT::MKG && CTR::$",different,40,65293,946,failure,200,7926818703,39634093.515
covercrypt,hybridized,089a548,"SEC::MED && DPT::$ && CTR::EN","DPT::$",different,80,132075,946,success,200,8667805508,43339027.540
covercrypt,hybridized,089a548,"SEC::MED && DPT::$ && CTR::EN","DPT::$ && CTR::EN",different,40,65293,946,success,200,4464005633,22320028.165
covercrypt,hybridized,089a548,"SEC::MED && DPT::$ && CTR::EN","DPT::$ && CTR::FR",different,40,65293,946,failure,200,7907916513,39539582.565
covercrypt,hybridized,089a548,"SEC::MED && DPT::$ && CTR::EN","DPT::$ && CTR::$",different,80,132075,946,success,200,8198733896,40993669.480
covercrypt,hybridized,089a548,"SEC::MED && DPT::$ && CTR::EN","SEC::LOW",different,32,51939,946,failure,200,6033319784,30166598.920
covercrypt,hybridized,089a548,"SEC::MED && DPT::$ && CTR::EN","SEC::LOW && CTR::EN",different,16,25231,946,failure,200,3022271690,15111358.450
covercrypt,hybridized,089a548,"SEC::MED && DPT::$ && CTR::EN","SEC::LOW && CTR::FR",different,16,25231,946,failure,200,3167216078,15836080.390
covercrypt,hybridized,089a548,"SEC::MED && DPT::$ && CTR::EN","SEC::LOW && CTR::$",different,32,51939,946,failure,200,6162542701,30812713.505
covercrypt,hybridized,089a548,"SEC::MED && DPT::$ && CTR::EN","SEC::LOW && DPT::DEV",different,16,25231,946,failure,200,3008929481,15044647.405
covercrypt,hybridized,089a548,"SEC::MED && DPT::$ && CTR::EN","SEC::LOW && DPT::DEV && CTR::EN",same,8,11879,946,failure,200,1506575549,7532877.745
covercrypt,hybridized,089a548,"SEC::MED && DPT::$ && CTR::EN","SEC::LOW && DPT::DEV && CTR::FR",same,8,11879,946,failure,200,1462904746,7314523.730
covercrypt,hybridized,089a548,"SEC::MED && DPT::$ && CTR::EN","SEC::LOW && DPT::DEV && CTR::$",same,16,25231,946,failure,200,3080060806,15400304.030
covercrypt,hybridized,089a548,"SEC::MED && DPT::$ && CTR::EN","SEC::LOW && DPT::MKG",different,16,25231,946,failure,200,3001252105,15006260.525
covercrypt,hybridized,089a548,"SEC::MED && DPT::$ && CTR::EN","SEC::LOW && DPT::MKG && CTR::EN",same,8,11879,946,failure,200,1619896880,8099484.400
covercrypt,hybridized,089a548,"SEC::MED && DPT::$ && CTR::EN","SEC::LOW && DPT::MKG && CTR::FR",same,8,11879,946,failure,200,1554203765,7771018.825
covercrypt,hybridized,089a548,"SEC::MED && DPT::$ && CTR::EN","SEC::LOW && DPT::MKG && CTR::$",same,16,25231,946,failure,200,3003657261,15018286.305
covercrypt,hybridized,089a548,"SEC::MED && DPT::$ && CTR::EN","SEC::LOW && DPT::$",different,32,51939,946,failure,200,6201156906,31005784.530
covercrypt,hybridized,089a548,"SEC::MED && DPT::$ && CTR::EN","SEC::LOW && DPT::$ && CTR::EN",same,16,25231,946,failure,200,2963504484,14817522.420
covercrypt,hybridized,089a548,"SEC::MED && DPT::$ && CTR::EN","SEC::LOW && DPT::$ && CTR::FR",same,16,25231,946,failure,200,2948375687,14741878.435
covercrypt,hybridized,089a548,"SEC::MED && DPT::$ && CTR::EN","SEC::LOW && DPT::$ && CTR::$",same,32,51939,946,failure,200,6583043241,32915216.205
covercrypt,hybridized,089a548,"SEC::MED && DPT::$ && CTR::EN","SEC::MED",different,48,78651,946,success,200,4807068821,24035344.105
covercrypt,hybridized,089a548,"SEC::MED && DPT::$ && CTR::EN","SEC::MED && CTR::EN",different,24,38585,946,success,200,2539972540,12699862.700
covercrypt,hybridized,089a548,"SEC::MED && DPT::$ && CTR::EN","SEC::MED && CTR::FR",different,24,38585,946,failure,200,4782236346,23911181.730
covercrypt,hybridized,089a548,"SEC::MED && DPT::$ && CTR::EN","SEC::MED && CTR::$",different,48,78651,946,success,200,4956283392,24781416.960
covercrypt,hybridized,089a548,"SEC::MED && DPT::$ && CTR::EN","SEC::MED && DPT::DEV",different,24,38585,946,failure,200,4920971612,24604858.060
covercrypt,hybridized,089a548,"SEC::MED && DPT::$ && CTR::EN","SEC::MED && DPT::DEV && CTR::EN",same,12,18555,946,failure,200,2474566754,12372833.770
covercrypt,hybridized,089a548,"SEC::MED && DPT::$ && CTR::EN","SEC::MED && DPT::DEV && CTR::FR",same,12,18555,946,failure,200,2401356083,12006780.415
covercrypt,hybridized,089a548,"SEC::MED && DPT::$ && CTR::EN","SEC::MED && DPT::DEV && CTR::$",same,24,38585,946,failure,200,4593501105,22967505.525
covercrypt,hybridized,089a548,"SEC::MED && DPT::$ && CTR::EN","SEC::MED && DPT::MKG",different,24,38585,946,failure,200,4772460672,23862303.360
covercrypt,hybridized,089a548,"SEC::MED && DPT::$ && CTR::EN","SEC::MED && DPT::MKG && CTR::EN",same,12,18555,946,failure,200,2343577185,11717885.925
covercrypt,hybridized,089a548,"SEC::MED && DPT::$ && CTR::EN","SEC::MED && DPT::MKG && CTR::FR",same,12,18555,946,failure,200,2211903878,11059519.390
covercrypt,hybridized,089a548,"SEC::MED && DPT::$ && CTR::EN","SEC::MED && DPT::MKG && CTR::$",same,24,38585,946,failure,200,4529699238,22648496.190
covercrypt,hybridized,089a548,"SEC::MED && DPT::$ && CTR::EN","SEC::MED && DPT::$",different,48,78651,946,success,200,5196025190,25980125.950
covercrypt,hybridized,089a548,"SEC::MED && DPT::$ && CTR::EN","SEC::MED && DPT::$ && CTR::EN",same,24,38585,946,success,200,2689490345,13447451.725
covercrypt,hybridized,089a548,"SEC::MED && DPT::$ && CTR::EN","SEC::MED && DPT::$ && CTR::FR",same,24,38585,946,failure,200,4785747509,23928737.545
covercrypt,hybridized,089a548,"SEC::MED && DPT::$ && CTR::EN","SEC::MED && DPT::$ && CTR::$",same,48,78651,946,success,200,5138378529,25691892.645
covercrypt,hybridized,089a548,"SEC::MED && DPT::$ && CTR::EN","SEC::HIG",different,64,105363,946,success,200,6371466237,31857331.185
covercrypt,hybridized,089a548,"SEC::MED && DPT::$ && CTR::EN","SEC::HIG && CTR::EN",different,32,51939,946,success,200,2183421765,10917108.825
covercrypt,hybridized,089a548,"SEC::MED && DPT::$ && CTR::EN","SEC::HIG && CTR::FR",different,32,51939,946,failure,200,3330166989,16650834.945
covercrypt,hybridized,089a548,"SEC::MED && DPT::$ && CTR::EN","SEC::HIG && CTR::$",different,64,105363,946,success,200,4333740083,21668700.415
covercrypt,hybridized,089a548,"SEC::MED && DPT::$ && CTR::EN","SEC::HIG && DPT::DEV",different,32,51939,946,failure,200,3074680497,15373402.485
covercrypt,hybridized,089a548,"SEC::MED && DPT::$ && CTR::EN","SEC::HIG && DPT::DEV && CTR::EN",same,16,25231,946,failure,200,2317757801,11588789.005
covercrypt,hybridized,089a548,"SEC::MED && DPT::$ && CTR::EN","SEC::HIG && DPT::DEV && CTR::FR",same,16,25231,946,failure,200,2321867269,11609336.345
covercrypt,hybridized,089a548,"SEC::MED && DPT::$ && CTR::EN","SEC::HIG && DPT::DEV && CTR::$",same,32,51939,946,failure,200,3506093480,17530467.400
covercrypt,hybridized,089a548,"SEC::MED && DPT::$ && CTR::EN","SEC::HIG && DPT::MKG",different,32,51939,946,failure,200,4208460884,21042304.420
covercrypt,hybridized,089a548,"SEC::MED && DPT::$ && CTR::EN","SEC::HIG && DPT::MKG && CTR::EN",same,16,25231,946,failure,200,1859863469,9299317.345
covercrypt,hybridized,089a548,"SEC::MED && DPT::$ && CTR::EN","SEC::HIG && DPT::MKG && CTR::FR",same,16,25231,946,failure,200,1657749547,8288747.735
covercrypt,hybridized,089a548,"SEC::MED && DPT::$ && CTR::EN","SEC::HIG && DPT::MKG && CTR::$",same,32,51939,946,failure,200,3472593555,17362967.775
covercrypt,hybridized,089a548,"SEC::MED && DPT::$ && CTR::EN","SEC::HIG && DPT::$",different,64,105363,946,success,200,4133878999,20669394.995
covercrypt,hybridized,089a548,"SEC::MED && DPT::$ && CTR::EN","SEC::HIG && DPT::$ && CTR::EN",same,32,51939,946,success,200,1815607726,9078038.630
covercrypt,hybridized,089a548,"SEC::MED && DPT::$ && CTR::EN","SEC::HIG && DPT::$ && CTR::FR",same,32,51939,946,failure,200,4086069200,20430346.000
covercrypt,hybridized,089a548,"SEC::MED && DPT::$ && CTR::EN","SEC::HIG && DPT::$ && CTR::$",same,64,105363,946,success,200,5220531624,26102658.120
covercrypt,hybridized,089a548,"SEC::MED && DPT::$ && CTR::EN","SEC::$",different,80,132075,946,success,200,5345725118,26728625.590
covercrypt,hybridized,089a548,"SEC::MED && DPT::$ && CTR::EN","SEC::$ && CTR::EN",different,40,65293,946,success,200,2565998180,12829990.900
covercrypt,hybridized,089a548,"SEC::MED && DPT::$ && CTR::EN","SEC::$ && CTR::FR",different,40,65293,946,failure,200,5285330164,26426650.820
covercrypt,hybridized,089a548,"SEC::MED && DPT::$ && CTR::EN","SEC::$ && CTR::$",different,80,132075,946,success,200,4869910339,24349551.695
covercrypt,hybridized,089a548,"SEC::MED && DPT::$ && CTR::EN","SEC::$ && DPT::DEV",different,40,65293,946,failure,200,4385450453,21927252.265
covercrypt,hybridized,089a548,"SEC::MED && DPT::$ && CTR::EN","SEC::$ && DPT::DEV && CTR::EN",same,20,31907,946,failure,200,2642863069,13214315.345
covercrypt,hybridized,089a548,"SEC::MED && DPT::$ && CTR::EN","SEC::$ && DPT::DEV && CTR::FR",same,20,31907,946,failure,200,2754543621,13772718.105
covercrypt,hybridized,089a548,"SEC::MED && DPT::$ && CTR::EN","SEC::$ && DPT::DEV && CTR::$",same,40,65293,946,failure,200,6119004450,30595022.250
covercrypt,hybridized,089a548,"SEC::MED && DPT::$ && CTR::EN","SEC::$ && DPT::MKG",different,40,65293,946,failure,200,5883729204,29418646.020
covercrypt,hybridized,089a548,"SEC::MED && DPT::$ && CTR::EN","SEC::$ && DPT::MKG && CTR::EN",same,20,31907,946,failure,200,2473668696,12368343.480
covercrypt,hybridized,089a548,"SEC::MED && DPT::$ && CTR::EN","SEC::$ && DPT::MKG && CTR::FR",same,20,31907,946,failure,200,2873879390,14369396.950
covercrypt,hybridized,089a548,"SEC::MED && DPT::$ && CTR::EN","SEC::$ && DPT::MKG && CTR::$",same,40,65293,946,failure,200,7482324934,37411624.670
covercrypt,hybridized,089a548,"SEC::MED && DPT::$ && CTR::EN","SEC::$ && DPT::$",different,80,132075,946,success,200,8784847121,43924235.605
covercrypt,hybridized,089a548,"SEC::MED && DPT::$ && CTR::EN","SEC::$ && DPT::$ && CTR::EN",same,40,65293,946,success,200,4317028257,21585141.285
covercrypt,hybridized,089a548,"SEC::MED && DPT::$ && CTR::EN","SEC::$ && DPT::$ && CTR::FR",same,40,65293,946,failure,200,7799990897,38999954.485
covercrypt,hybridized,089a548,"SEC::MED && DPT::$ && CTR::EN","SEC::$ && DPT::$ && CTR::$",same,80,132075,946,success,200,9453020138,47265100.690
covercrypt,hybridized,089a548,"SEC::HIG && DPT::DEV && CTR::EN","CTR::EN",different,40,65293,946,success,200,4202053560,21010267.800
covercrypt,hybridized,089a548,"SEC::HIG && DPT::DEV && CTR::EN","CTR::FR",different,40,65293,946,failure,200,7435271778,37176358.890
covercrypt,hybridized,089a548,"SEC::HIG && DPT::DEV && CTR::EN","CTR::$",different,80,132075,946,success,200,5637417940,28187089.700
covercrypt,hybridized,089a548,"SEC::HIG && DPT::DEV && CTR::EN","DPT::DEV",different,40,65293,946,success,200,2969164280,14845821.400
covercrypt,hybridized,089a548,"SEC::HIG && DPT::DEV && CTR::EN","DPT::DEV && CTR::EN",different,20,31907,946,success,200,1803381525,9016907.625
covercrypt,hybridized,089a548,"SEC::HIG && DPT::DEV && CTR::EN","DPT::DEV && CTR::FR",different,20,31907,946,failure,200,3747121365,18735606.825
covercrypt,hybridized,089a548,"SEC::HIG && DPT::DEV && CTR::EN","DPT::DEV && CTR::$",different,40,65293,946,success,200,4017204303,20086021.515
covercrypt,hybridized,089a548,"SEC::HIG && DPT::DEV && CTR::EN","DPT::MKG",different,40,65293,946,failure,200,6851887262,34259436.310
covercrypt,hybridized,089a548,"SEC::HIG && DPT::DEV && CTR::EN","DPT::MKG && CTR::EN",different,20,31907,946,failure,200,3901920079,19509600.395
covercrypt,hybridized,089a548,"SEC::HIG && DPT::DEV && CTR::EN","DPT::MKG && CTR::FR",different,20,31907,946,failure,200,4033510988,20167554.940
covercrypt,hybridized,089a548,"SEC::HIG && DPT::DEV && CTR::EN","DPT::MKG && CTR::$",different,40,65293,946,failure,200,7887058226,39435291.130
covercrypt,hybridized,089a548,"SEC::HIG && DPT::DEV && CTR::EN","DPT::$",different,80,132075,946,success,200,7523873920,37619369.600
covercrypt,hybridized,089a548,"SEC::HIG && DPT::DEV && CTR::EN","DPT::$ && CTR::EN",different,40,65293,946,success,200,4158868955,20794344.775
covercrypt,hybridized,089a548,"SEC::HIG && DPT::DEV && CTR::EN","DPT::$ && CTR::FR",different,40,65293,946,failure,200,7837169830,39185849.150
covercrypt,hybridized,089a548,"SEC::HIG && DPT::DEV && CTR::EN","DPT::$ && CTR::$",different,80,132075,946,success,200,7188808730,35944043.650
covercrypt,hybridized,089a548,"SEC::HIG && DPT::DEV && CTR::EN","SEC::LOW",different,32,51939,946,failure,200,5954562456,29772812.280
covercrypt,hybridized,089a548,"SEC::HIG && DPT::DEV && CTR::EN","SEC::LOW && CTR::EN",different,16,25231,946,failure,200,2943270881,14716354.405
covercrypt,hybridized,089a548,"SEC::HIG && DPT::DEV && CTR::EN","SEC::LOW && CTR::FR",different,16,25231,946,failure,200,3196762488,15983812.440
covercrypt,hybridized,089a548,"SEC::HIG && DPT::DEV && CTR::EN","SEC::LOW && CTR::$",different,32,51939,946,failure,200,6114656212,30573281.060
covercrypt,hybridized,089a548,"SEC::HIG && DPT::DEV && CTR::EN","SEC::LOW && DPT::DEV",different,16,25231,946,failure,200,3003806170,15019030.850
covercrypt,hybridized,089a548,"SEC::HIG && DPT::DEV && CTR::EN","SEC::LOW && DPT::DEV && CTR::EN",same,8,11879,946,failure,200,1529529067,7647645.335
covercrypt,hybridized,089a548,"SEC::HIG && DPT::DEV && CTR::EN","SEC::LOW && DPT::DEV && CTR::FR",same,8,11879,946,failure,200,1558769881,7793849.405
covercrypt,hybridized,089a548,"SEC::HIG && DPT::DEV && CTR::EN","SEC::LOW && DPT::DEV && CTR::$",same,16,25231,946,failure,200,3186931278,15934656.390
covercrypt,hybridized,089a548,"SEC::HIG && DPT::DEV && CTR::EN","SEC::LOW && DPT::MKG",different,16,25231,946,failure,200,3181954671,15909773.355
covercrypt,hybridized,089a548,"SEC::HIG && DPT::DEV && CTR::EN","SEC::LOW && DPT::MKG && CTR::EN",same,8,11879,946,failure,200,1595436777,7977183.885
covercrypt,hybridized,089a548,"SEC::HIG && DPT::DEV && CTR::EN","SEC::LOW && DPT::MKG && CTR::FR",same,8,11879,946,failure,200,1577773665,7888868.325
covercrypt,hybridized,089a548,"SEC::HIG && DPT::DEV && CTR::EN","SEC::LOW && DPT::MKG && CTR::$",same,16,25231,946,failure,200,3163840916,15819204.580
covercrypt,hybridized,089a548,"SEC::HIG && DPT::DEV && CTR::EN","SEC::LOW && DPT::$",different,32,51939,946,failure,200,6005035274,30025176.370
covercrypt,hybridized,089a548,"SEC::HIG && DPT::DEV && CTR::EN","SEC::LOW && DPT::$ && CTR::EN",same,16,25231,946,failure,200,3006091096,15030455.480
covercrypt,hybridized,089a548,"SEC::HIG && DPT::DEV && CTR::EN","SEC::LOW && DPT::$ && CTR::FR",same,16,25231,946,failure,200,3141016959,15705084.795
covercrypt,hybridized,089a548,"SEC::HIG && DPT::DEV && CTR::EN","SEC::LOW && DPT::$ && CTR::$",same,32,51939,946,failure,200,6548671239,32743356.195
covercrypt,hybridized,089a548,"SEC::HIG && DPT::DEV && CTR::EN","SEC::MED",different,48,78651,946,failure,200,9688211679,48441058.395
covercrypt,hybridized,089a548,"SEC::HIG && DPT::DEV && CTR::EN","SEC::MED && CTR::EN",different,24,38585,946,failure,200,4651028843,23255144.215
covercrypt,hybridized,089a548,"SEC::HIG && DPT::DEV && CTR::EN","SEC::MED && CTR::FR",different,24,38585,946,failure,200,4296519841,21482599.205
covercrypt,hybridized,089a548,"SEC::HIG && DPT::DEV && CTR::EN","SEC::MED && CTR::$",different,48,78651,946,failure,200,8389124894,41945624.470
covercrypt,hybridized,089a548,"SEC::HIG && DPT::DEV && CTR::EN","SEC::MED && DPT::DEV",different,24,38585,946,failure,200,4729962943,23649814.715
covercrypt,hybridized,089a548,"SEC::HIG && DPT::DEV && CTR::EN","SEC::MED && DPT::DEV && CTR::EN",same,12,18555,946,failure,200,2034394238,10171971.190
covercrypt,hybridized,089a548,"SEC::HIG && DPT::DEV && CTR::EN","SEC::MED && DPT::DEV && CTR::FR",same,12,18555,946,failure,200,1756339416,8781697.080
covercrypt,hybridized,089a548,"SEC::HIG && DPT::DEV && CTR::EN","SEC::MED && DPT::DEV && CTR::$",same,24,38585,946,failure,200,4371068080,21855340.400
covercrypt,hybridized,089a548,"SEC::HIG && DPT::DEV && CTR::EN","SEC::MED && DPT::MKG",different,24,38585,946,failure,200,3118276377,15591381.885
covercrypt,hybridized,089a548,"SEC::HIG && DPT::DEV && CTR::EN","SEC::MED && DPT::MKG && CTR::EN",same,12,18555,946,failure,200,2069310724,10346553.620
covercrypt,hybridized,089a548,"SEC::HIG && DPT::DEV && CTR::EN","SEC::MED && DPT::MKG && CTR::FR",same,12,18555,946,failure,200,2211061819,11055309.095
covercrypt,hybridized,089a548,"SEC::HIG && DPT::DEV && CTR::EN","SEC::MED && DPT::MKG && CTR::$",same,24,38585,946,failure,200,3465612779,17328063.895
covercrypt,hybridized,089a548,"SEC::HIG && DPT::DEV && CTR::EN","SEC::MED && DPT::$",different,48,78651,946,failure,200,6638095800,33190479.000
covercrypt,hybridized,089a548,"SEC::HIG && DPT::DEV && CTR::EN","SEC::MED && DPT::$ && CTR::EN",same,24,38585,946,failure,200,3651530093,18257650.465
covercrypt,hybridized,089a548,"SEC::HIG && DPT::DEV && CTR::EN","SEC::MED && DPT::$ && CTR::FR",same,24,38585,946,failure,200,3088407078,15442035.390
covercrypt,hybridized,089a548,"SEC::HIG && DPT::DEV && CTR::EN","SEC::MED && DPT::$ && CTR::$",same,48,78651,946,failure,200,7347190852,36735954.260
covercrypt,hybridized,089a548,"SEC::HIG && DPT::DEV && CTR::EN","SEC::HIG",different,64,105363,946,success,200,6618644511,33093222.555
covercrypt,hybridized,089a548,"SEC::HIG && DPT::DEV && CTR::EN","SEC::HIG && CTR::EN",different,32,51939,946,success,200,2340368617,11701843.085
covercrypt,hybridized,089a548,"SEC::HIG && DPT::DEV && CTR::EN","SEC::HIG && CTR::FR",different,32,51939,946,failure,200,4236086396,21180431.980
covercrypt,hybridized,089a548,"SEC::HIG && DPT::DEV && CTR::EN","SEC::HIG && CTR::$",different,64,105363,946,success,200,5238121909,26190609.545
covercrypt,hybridized,089a548,"SEC::HIG && DPT::DEV && CTR::EN","SEC::HIG && DPT::DEV",different,32,51939,946,success,200,3401958732,17009793.660
covercrypt,hybridized,089a548,"SEC::HIG && DPT::DEV && CTR::EN","SEC::HIG && DPT::DEV && CTR::EN",same,16,25231,946,success,200,2034409504,10172047.520
covercrypt,hybridized,089a548,"SEC::HIG && DPT::DEV && CTR::EN","SEC::HIG && DPT::DEV && CTR::FR",same,16,25231,946,failure,200,3045363741,15226818.705
covercrypt,hybridized,089a548,"SEC::HIG && DPT::DEV && CTR::EN","SEC::HIG && DPT::DEV && CTR::$",same,32,51939,946,success,200,3317264699,16586323.495
covercrypt,hybridized,089a548,"SEC::HIG && DPT::DEV && CTR::EN","SEC::HIG && DPT::MKG",different,32,51939,946,failure,200,3028695506,15143477.530
covercrypt,hybridized,089a548,"SEC::HIG && DPT::DEV && CTR::EN","SEC::HIG && DPT::MKG && CTR::EN",same,16,25231,946,failure,200,1402624598,7013122.990
covercrypt,hybridized,089a548,"SEC::HIG && DPT::DEV && CTR::EN","SEC::HIG && DPT::MKG && CTR::FR",same,16,25231,946,failure,200,1475097896,7375489.480
covercrypt,hybridized,089a548,"SEC::HIG && DPT::DEV && CTR::EN","SEC::HIG && DPT::MKG && CTR::$",same,32,51939,946,failure,200,2658380670,13291903.350
covercrypt,hybridized,089a548,"SEC::HIG && DPT::DEV && CTR::EN","SEC::HIG && DPT::$",different,64,105363,946,success,200,3081323015,15406615.075
covercrypt,hybridized,089a548,"SEC::HIG && DPT::DEV && CTR::EN","SEC::HIG && DPT::$ && CTR::EN",same,32,51939,946,success,200,1585069562,7925347.810
covercrypt,hybridized,089a548,"SEC::HIG && DPT::DEV && CTR::EN","SEC::HIG && DPT::$ && CTR::FR",same,32,51939,946,failure,200,2905706039,14528530.195
covercrypt,hybridized,089a548,"SEC::HIG && DPT::DEV && CTR::EN","SEC::HIG && DPT::$ && CTR::$",same,64,105363,946,success,200,3193897452,15969487.260
covercrypt,hybridized,089a548,"SEC::HIG && DPT::DEV && CTR::EN","SEC::$",different,80,132075,946,success,200,4082844414,20414222.070
covercrypt,hybridized,089a548,"SEC::HIG && DPT::DEV && CTR::EN","SEC::$ && CTR::EN",different,40,65293,946,success,200,1395103447,6975517.235
covercrypt,hybridized,089a548,"SEC::HIG && DPT::DEV && CTR::EN","SEC::$ && CTR::FR",different,40,65293,946,failure,200,3021833533,15109167.665
covercrypt,hybridized,089a548,"SEC::HIG && DPT::DEV && CTR::EN","SEC::$ && CTR::$",different,80,132075,946,success,200,2159465914,10797329.570
covercrypt,hybridized,089a548,"SEC::HIG && DPT::DEV && CTR::EN","SEC::$ && DPT::DEV",different,40,65293,946,success,200,1374865406,6874327.030
covercrypt,hybridized,089a548,"SEC::HIG && DPT::DEV && CTR::EN","SEC::$ && DPT::DEV && CTR::EN",same,20,31907,946,success,200,781378611,3906893.055
covercrypt,hybridized,089a548,"SEC::HIG && DPT::DEV && CTR::EN","SEC::$ && DPT::DEV && CTR::FR",same,20,31907,946,failure,200,1593274038,7966370.190
covercrypt,hybridized,089a548,"SEC::HIG && DPT::DEV && CTR::EN","SEC::$ && DPT::DEV && CTR::$",same,40,65293,946,success,200,1511130158,7555650.790
covercrypt,hybridized,089a548,"SEC::HIG && DPT::DEV && CTR::EN","SEC::$ && DPT::MKG",different,40,65293,946,failure,200,2595490026,12977450.130
covercrypt,hybridized,089a548,"SEC::HIG && DPT::DEV && CTR::EN","SEC::$ && DPT::MKG && CTR::EN",same,20,31907,946,failure,200,1827402435,9137012.175
covercrypt,hybridized,089a548,"SEC::HIG && DPT::DEV && CTR::EN","SEC::$ && DPT::MKG && CTR::FR",same,20,31907,946,failure,200,1541512844,7707564.220
covercrypt,hybridized,089a548,"SEC::HIG && DPT::DEV && CTR::EN","SEC::$ && DPT::MKG && CTR::$",same,40,65293,946,failure,200,2841451815,14207259.075
covercrypt,hybridized,089a548,"SEC::HIG && DPT::DEV && CTR::EN","SEC::$ && DPT::$",different,80,132075,946,success,200,2997679248,14988396.240
covercrypt,hybridized,089a548,"SEC::HIG && DPT::DEV && CTR::EN","SEC::$ && DPT::$ && CTR::EN",same,40,65293,946,success,200,1579473260,7897366.300
covercrypt,hybridized,089a548,"SEC::HIG && DPT::DEV && CTR::EN","SEC::$ && DPT::$ && CTR::FR",same,40,65293,946,failure,200,2770732263,13853661.315
covercrypt,hybridized,089a548,"SEC::HIG && DPT::DEV && CTR::EN","SEC::$ && DPT::$ && CTR::$",same,80,132075,946,success,200,2861345311,14306726.555
covercrypt,hybridized,089a548,"SEC::HIG && DPT::$ && CTR::EN","CTR::EN",different,40,65293,946,success,200,1517808225,7589041.125
covercrypt,hybridized,089a548,"SEC::HIG && DPT::$ && CTR::EN","CTR::FR",different,40,65293,946,failure,200,3190060721,15950303.605
covercrypt,hybridized,089a548,"SEC::HIG && DPT::$ && CTR::EN","CTR::$",different,80,132075,946,success,200,2761559072,13807795.360
covercrypt,hybridized,089a548,"SEC::HIG && DPT::$ && CTR::EN","DPT::DEV",different,40,65293,946,failure,200,2937303426,14686517.130
covercrypt,hybridized,089a548,"SEC::HIG && DPT::$ && CTR::EN","DPT::DEV && CTR::EN",different,20,31907,946,failure,200,1360861316,6804306.580
covercrypt,hybridized,089a548,"SEC::HIG && DPT::$ && CTR::EN","DPT::DEV && CTR::FR",different,20,31907,946,failure,200,1226097128,6130485.640
covercrypt,hybridized,089a548,"SEC::HIG && DPT::$ && CTR::EN","DPT::DEV && CTR::$",different,40,65293,946,failure,200,2468856043,12344280.215
covercrypt,hybridized,089a548,"SEC::HIG && DPT::$ && CTR::EN","DPT::MKG",different,40,65293,946,failure,200,5293755433,26468777.165
covercrypt,hybridized,089a548,"SEC::HIG && DPT::$ && CTR::EN","DPT::MKG && CTR::EN",different,20,31907,946,failure,200,2844257347,14221286.735
covercrypt,hybridized,089a548,"SEC::HIG && DPT::$ && CTR::EN","DPT::MKG && CTR::FR",different,20,31907,946,failure,200,2682430257,13412151.285
covercrypt,hybridized,089a548,"SEC::HIG && DPT::$ && CTR::EN","DPT::MKG && CTR::$",different,40,65293,946,failure,200,5556185082,27780925.410
covercrypt,hybridized,089a548,"SEC::HIG && DPT::$ && CTR::EN","DPT::$",different,80,132075,946,success,200,4399505030,21997525.150
covercrypt,hybridized,089a548,"SEC::HIG && DPT::$ && CTR::EN","DPT::$ && CTR::EN",different,40,65293,946,success,200,3186529690,15932648.450
covercrypt,hybridized,089a548,"SEC::HIG && DPT::$ && CTR::EN","DPT::$ && CTR::FR",different,40,65293,946,failure,200,2750963033,13754815.165
covercrypt,hybridized,089a548,"SEC::HIG && DPT::$ && CTR::EN","DPT::$ && CTR::$",different,80,132075,946,success,200,2821197314,14105986.570
covercrypt,hybridized,089a548,"SEC::HIG && DPT::$ && CTR::EN","SEC::LOW",different,32,51939,946,failure,200,2051208763,10256043.815
covercrypt,hybridized,089a548,"SEC::HIG && DPT::$ && CTR::EN","SEC::LOW && CTR::EN",different,16,25231,946,failure,200,1017764938,5088824.690
covercrypt,hybridized,089a548,"SEC::HIG && DPT::$ && CTR::EN","SEC::LOW && CTR::FR",different,16,25231,946,failure,200,1075288908,5376444.540
covercrypt,hybridized,089a548,"SEC::HIG && DPT::$ && CTR::EN","SEC::LOW && CTR::$",different,32,51939,946,failure,200,2161353458,10806767.290
covercrypt,hybridized,089a548,"SEC::HIG && DPT::$ && CTR::EN","SEC::LOW && DPT::DEV",different,16,25231,946,failure,200,1021890101,5109450.505
covercrypt,hybridized,089a548,"SEC::HIG && DPT::$ && CTR::EN","SEC::LOW && DPT::DEV && CTR::EN",same,8,11879,946,failure,200,609448120,3047240.600
covercrypt,hybridized,089a548,"SEC::HIG && DPT::$ && CTR::EN","SEC::LOW && DPT::DEV && CTR::FR",same,8,11879,946,failure,200,585042545,2925212.725
covercrypt,hybridized,089a548,"SEC::HIG && DPT::$ && CTR::EN","SEC::LOW && DPT::DEV && CTR::$",same,16,25231,946,failure,200,1143456082,5717280.410
covercrypt,hybridized,089a548,"SEC::HIG && DPT::$ && CTR::EN","SEC::LOW && DPT::MKG",different,16,25231,946,failure,200,2068889835,10344449.175
covercrypt,hybridized,089a548,"SEC::HIG && DPT::$ && CTR::EN","SEC::LOW && DPT::MKG && CTR::EN",same,8,11879,946,failure,200,1363019537,6815097.685
covercrypt,hybridized,089a548,"SEC::HIG && DPT::$ && CTR::EN","SEC::LOW && DPT::MKG && CTR::FR",same,8,11879,946,failure,200,897086460,4485432.300
covercrypt,hybridized,089a548,"SEC::HIG && DPT::$ && CTR::EN","SEC::LOW && DPT::MKG && CTR::$",same,16,25231,946,failure,200,1741856312,8709281.560
covercrypt,hybridized,089a548,"SEC::HIG && DPT::$ && CTR::EN","SEC::LOW && DPT::$",different,32,51939,946,failure,200,3341142361,16705711.805
covercrypt,hybridized,089a548,"SEC::HIG && DPT::$ && CTR::EN","SEC::LOW && DPT::$ && CTR::EN",same,16,25231,946,failure,200,1798359359,8991796.795
covercrypt,hybridized,089a548,"SEC::HIG && DPT::$ && CTR::EN","SEC::LOW && DPT::$ && CTR::FR",same,16,25231,946,failure,200,1862600159,9313000.795
covercrypt,hybridized,089a548,"SEC::HIG && DPT::$ && CTR::EN","SEC::LOW && DPT::$ && CTR::$",same,32,51939,946,failure,200,6247528124,31237640.620
covercrypt,hybridized,089a548,"SEC::HIG && DPT::$ && CTR::EN","SEC::MED",different,48,78651,946,failure,200,9288452076,46442260.380
covercrypt,hybridized,089a548,"SEC::HIG && DPT::$ && CTR::EN","SEC::MED && CTR::EN",different,24,38585,946,failure,200,4734763713,23673818.565
covercrypt,hybridized,089a548,"SEC::HIG && DPT::$ && CTR::EN","SEC::MED && CTR::FR",different,24,38585,946,failure,200,4631043773,23155218.865
covercrypt,hybridized,089a548,"SEC::HIG && DPT::$ && CTR::EN","SEC::MED && CTR::$",different,48,78651,946,failure,200,9239008421,46195042.105
covercrypt,hybridized,089a548,"SEC::HIG && DPT::$ && CTR::EN","SEC::MED && DPT::DEV",different,24,38585,946,failure,200,4087036218,20435181.090
covercrypt,hybridized,089a548,"SEC::HIG && DPT::$ && CTR::EN","SEC::MED && DPT::DEV && CTR::EN",same,12,18555,946,failure,200,2408361657,12041808.285
covercrypt,hybridized,089a548,"SEC::HIG && DPT::$ && CTR::EN","SEC::MED && DPT::DEV && CTR::FR",same,12,18555,946,failure,200,2111025493,10555127.465
covercrypt,hybridized,089a548,"SEC::HIG && DPT::$ && CTR::EN","SEC::MED && DPT::DEV && CTR::$",same,24,38585,946,failure,200,2634664346,13173321.730
covercrypt,hybridized,089a548,"SEC::HIG && DPT::$ && CTR::EN","SEC::MED && DPT::MKG",different,24,38585,946,failure,200,3215997034,16079985.170
covercrypt,hybridized,089a548,"SEC::HIG && DPT::$ && CTR::EN","SEC::MED && DPT::MKG && CTR::EN",same,12,18555,946,failure,200,2103294920,10516474.600
covercrypt,hybridized,089a548,"SEC::HIG && DPT::$ && CTR::EN","SEC::MED && DPT::MKG && CTR::FR",same,12,18555,946,failure,200,1838139589,9190697.945
covercrypt,hybridized,089a548,"SEC::HIG && DPT::$ && CTR::EN","SEC::MED && DPT::MKG && CTR::$",same,24,38585,946,failure,200,3100245902,15501229.510
covercrypt,hybridized,089a548,"SEC::HIG && DPT::$ && CTR::EN","SEC::MED && DPT::$",different,48,78651,946,failure,200,4880817440,24404087.200
covercrypt,hybridized,089a548,"SEC::HIG && DPT::$ && CTR::EN","SEC::MED && DPT::$ && CTR::EN",same,24,38585,946,failure,200,2798841650,13994208.250
covercrypt,hybridized,089a548,"SEC::HIG && DPT::$ && CTR::EN","SEC::MED && DPT::$ && CTR::FR",same,24,38585,946,failure,200,2565654206,12828271.030
covercrypt,hybridized,089a548,"SEC::HIG && DPT::$ && CTR::EN","SEC::MED && DPT::$ && CTR::$",same,48,78651,946,failure,200,4608090321,23040451.605
covercrypt,hybridized,089a548,"SEC::HIG && DPT::$ && CTR::EN","SEC::HIG",different,64,105363,946,success,200,2663129635,13315648.175
covercrypt,hybridized,089a548,"SEC::HIG && DPT::$ && CTR::EN","SEC::HIG && CTR::EN",different,32,51939,946,success,200,1219540878,6097704.390
covercrypt,hybridized,089a548,"SEC::HIG && DPT::$ && CTR::EN","SEC::HIG && CTR::FR",different,32,51939,946,failure,200,2244841896,11224209.480
covercrypt,hybridized,089a548,"SEC::HIG && DPT::$ && CTR::EN","SEC::HIG && CTR::$",different,64,105363,946,success,200,2627963334,13139816.670
covercrypt,hybridized,089a548,"SEC::HIG && DPT::$ && CTR::EN","SEC::HIG && DPT::DEV",different,32,51939,946,failure,200,2566382959,12831914.795
covercrypt,hybridized,089a548,"SEC::HIG && DPT::$ && CTR::EN","SEC::HIG && DPT::DEV && CTR::EN",same,16,25231,946,failure,200,1218733469,6093667.345
covercrypt,hybridized,089a548,"SEC::HIG && DPT::$ && CTR::EN","SEC::HIG && DPT::DEV && CTR::FR",same,16,25231,946,failure,200,1028229417,5141147.085
covercrypt,hybridized,089a548,"SEC::HIG && DPT::$ && CTR::EN","SEC::HIG && DPT::DEV && CTR::$",same,32,51939,946,failure,200,2056596114,10282980.570
covercrypt,hybridized,089a548,"SEC::HIG && DPT::$ && CTR::EN","SEC::HIG && DPT::MKG",different,32,51939,946,failure,200,2120195949,10600979.745
covercrypt,hybridized,089a548,"SEC::HIG && DPT::$ && CTR::EN","SEC::HIG && DPT::MKG && CTR::EN",same,16,25231,946,failure,200,976629738,4883148.690
covercrypt,hybridized,089a548,"SEC::HIG && DPT::$ && CTR::EN","SEC::HIG && DPT::MKG && CTR::FR",same,16,25231,946,failure,200,941186768,4705933.840
covercrypt,hybridized,089a548,"SEC::HIG && DPT::$ && CTR::EN","SEC::HIG && DPT::MKG && CTR::$",same,32,51939,946,failure,200,1868975016,9344875.080
covercrypt,hybridized,089a548,"SEC::HIG && DPT::$ && CTR::EN","SEC::HIG && DPT::$",different,64,105363,946,success,200,1866291903,9331459.515
covercrypt,hybridized,089a548,"SEC::HIG && DPT::$ && CTR::EN","SEC::HIG && DPT::$ && CTR::EN",same,32,51939,946,success,200,893824459,4469122.295
covercrypt,hybridized,089a548,"SEC::HIG && DPT::$ && CTR::EN","SEC::HIG && DPT::$ && CTR::FR",same,32,51939,946,failure,200,2561617095,12808085.475
covercrypt,hybridized,089a548,"SEC::HIG && DPT::$ && CTR::EN","SEC::HIG && DPT::$ && CTR::$",same,64,105363,946,success,200,1959598236,9797991.180
covercrypt,hybridized,089a548,"SEC::HIG && DPT::$ && CTR::EN","SEC::$",different,80,132075,946,success,200,1973101935,9865509.675
covercrypt,hybridized,089a548,"SEC::HIG && DPT::$ && CTR::EN","SEC::$ && CTR::EN",different,40,65293,946,success,200,1252563660,6262818.300
covercrypt,hybridized,089a548,"SEC::HIG && DPT::$ && CTR::EN","SEC::$ && CTR::FR",different,40,65293,946,failure,200,2697771713,13488858.565
covercrypt,hybridized,089a548,"SEC::HIG && DPT::$ && CTR::EN","SEC::$ && CTR::$",different,80,132075,946,success,200,4633006715,23165033.575
covercrypt,hybridized,089a548,"SEC::HIG && DPT::$ && CTR::EN","SEC::$ && DPT::DEV",different,40,65293,946,failure,200,4158695772,20793478.860
covercrypt,hybridized,089a548,"SEC::HIG && DPT::$ && CTR::EN","SEC::$ && DPT::DEV && CTR::EN",same,20,31907,946,failure,200,1825749112,9128745.560
covercrypt,hybridized,089a548,"SEC::HIG && DPT::$ && CTR::EN","SEC::$ && DPT::DEV && CTR::FR",same,20,31907,946,failure,200,1319590911,6597954.555
covercrypt,hybridized,089a548,"SEC::HIG && DPT::$ && CTR::EN","SEC::$ && DPT::DEV && CTR::$",same,40,65293,946,failure,200,2485977840,12429889.200
covercrypt,hybridized,089a548,"SEC::HIG && DPT::$ && CTR::EN","SEC::$ && DPT::MKG",different,40,65293,946,failure,200,1774355268,8871776.340
covercrypt,hybridized,089a548,"SEC::HIG && DPT::$ && CTR::EN","SEC::$ && DPT::MKG && CTR::EN",same,20,31907,946,failure,200,1126743714,5633718.570
covercrypt,hybridized,089a548,"SEC::HIG && DPT::$ && CTR::EN","SEC::$ && DPT::MKG && CTR::FR",same,20,31907,946,failure,200,1205919252,6029596.260
covercrypt,hybridized,089a548,"SEC::HIG && DPT::$ && CTR::EN","SEC::$ && DPT::MKG && CTR::$",same,40,65293,946,failure,200,2032242369,10161211.845
covercrypt,hybridized,089a548,"SEC::HIG && DPT::$ && CTR::EN","SEC::$ && DPT::$",different,80,132075,946,success,200,2511800507,12559002.535
covercrypt,hybridized,089a548,"SEC::HIG && DPT::$ && CTR::EN","SEC::$ && DPT::$ && CTR::EN",same,40,65293,946,success,200,1085819369,5429096.845
covercrypt,hybridized,089a548,"SEC::HIG && DPT::$ && CTR::EN","SEC::$ && DPT::$ && CTR::FR",same,40,65293,946,failure,200,1952425669,9762128.345
covercrypt,hybridized,089a548,"SEC::HIG && DPT::$ && CTR::EN","SEC::$ && DPT::$ && CTR::$",same,80,132075,946,success,200,2081466777,10407333.885
covercrypt,hybridized,089a548,"SEC::$ && DPT::DEV && CTR::EN","CTR::EN",different,40,65293,946,success,200,1639816315,8199081.575
covercrypt,hybridized,089a548,"SEC::$ && DPT::DEV && CTR::EN","CTR::FR",different,40,65293,946,failure,200,2547799527,12738997.635
covercrypt,hybridized,089a548,"SEC::$ && DPT::DEV && CTR::EN","CTR::$",different,80,132075,946,success,200,2043170117,10215850.585
covercrypt,hybridized,089a548,"SEC::$ && DPT::DEV && CTR::EN","DPT::DEV",different,40,65293,946,success,200,1181481953,5907409.765
covercrypt,hybridized,089a548,"SEC::$ && DPT::DEV && CTR::EN","DPT::DEV && CTR::EN",different,20,31907,946,success,200,514665135,2573325.675
covercrypt,hybridized,089a548,"SEC::$ && DPT::DEV && CTR::EN","DPT::DEV && CTR::FR",different,20,31907,946,failure,200,1212791488,6063957.440
covercrypt,hybridized,089a548,"SEC::$ && DPT::DEV && CTR::EN","DPT::DEV && CTR::$",different,40,65293,946,success,200,1595271735,7976358.675
covercrypt,hybridized,089a548,"SEC::$ && DPT::DEV && CTR::EN","DPT::MKG",different,40,65293,946,failure,200,1956494036,9782470.180
covercrypt,hybridized,089a548,"SEC::$ && DPT::DEV && CTR::EN","DPT::MKG && CTR::EN",different,20,31907,946,failure,200,919066481,4595332.405
covercrypt,hybridized,089a548,"SEC::$ && DPT::DEV && CTR::EN","DPT::MKG && CTR::FR",different,20,31907,946,failure,200,948040048,4740200.240
covercrypt,hybridized,089a548,"SEC::$ && DPT::DEV && CTR::EN","DPT::MKG && CTR::$",different,40,65293,946,failure,200,2130848531,10654242.655
covercrypt,hybridized,089a548,"SEC::$ && DPT::DEV && CTR::EN","DPT::$",different,80,132075,946,success,200,2326049861,11630249.305
covercrypt,hybridized,089a548,"SEC::$ && DPT::DEV && CTR::EN","DPT::$ && CTR::EN",different,40,65293,946,success,200,1221140610,6105703.050
covercrypt,hybridized,089a548,"SEC::$ && DPT::DEV && CTR::EN","DPT::$ && CTR::FR",different,40,65293,946,failure,200,2003519382,10017596.910
covercrypt,hybridized,089a548,"SEC::$ && DPT::DEV && CTR::EN","DPT::$ && CTR::$",different,80,132075,946,success,200,1776746235,8883731.175
covercrypt,hybridized,089a548,"SEC::$ && DPT::DEV && CTR::EN","SEC::LOW",different,32,51939,946,failure,200,1602193879,8010969.395
covercrypt,hybridized,089a548,"SEC::$ && DPT::DEV && CTR::EN","SEC::LOW && CTR::EN",different,16,25231,946,failure,200,710565094,3552825.470
covercrypt,hybridized,089a548,"SEC::$ && DPT::DEV && CTR::EN","SEC::LOW && CTR::FR",different,16,25231,946,failure,200,727866524,3639332.620
covercrypt,hybridized,089a548,"SEC::$ && DPT::DEV && CTR::EN","SEC::LOW && CTR::$",different,32,51939,946,failure,200,1798434038,8992170.190
covercrypt,hybridized,089a548,"SEC::$ && DPT::DEV && CTR::EN","SEC::LOW && DPT::DEV",different,16,25231,946,failure,200,690846009,3454230.045
covercrypt,hybridized,089a548,"SEC::$ && DPT::DEV && CTR::EN","SEC::LOW && DPT::DEV && CTR::EN",same,8,11879,946,failure,200,369313044,1846565.220
covercrypt,hybridized,089a548,"SEC::$ && DPT::DEV && CTR::EN","SEC::LOW && DPT::DEV && CTR::FR",same,8,11879,946,failure,200,358613150,1793065.750
covercrypt,hybridized,089a548,"SEC::$ && DPT::DEV && CTR::EN","SEC::LOW && DPT::DEV && CTR::$",same,16,25231,946,failure,200,725319576,3626597.880
covercrypt,hybridized,089a548,"SEC::$ && DPT::DEV && CTR::EN","SEC::LOW && DPT::MKG",different,16,25231,946,failure,200,754223738,3771118.690
covercrypt,hybridized,089a548,"SEC::$ && DPT::DEV && CTR::EN","SEC::LOW && DPT::MKG && CTR::EN",same,8,11879,946,failure,200,350551890,1752759.450
covercrypt,hybridized,089a548,"SEC::$ && DPT::DEV && CTR::EN","SEC::LOW && DPT::MKG && CTR::FR",same,8,11879,946,failure,200,350924512,1754622.560
covercrypt,hybridized,089a548,"SEC::$ && DPT::DEV && CTR::EN","SEC::LOW && DPT::MKG && CTR::$",same,16,25231,946,failure,200,856608787,4283043.935
covercrypt,hybridized,089a548,"SEC::$ && DPT::DEV && CTR::EN","SEC::LOW && DPT::$",different,32,51939,946,failure,200,1694650576,8473252.880
covercrypt,hybridized,089a548,"SEC::$ && DPT::DEV && CTR::EN","SEC::LOW && DPT::$ && CTR::EN",same,16,25231,946,failure,200,743081140,3715405.700
covercrypt,hybridized,089a548,"SEC::$ && DPT::DEV && CTR::EN","SEC::LOW && DPT::$ && CTR::FR",same,16,25231,946,failure,200,750545543,3752727.715
covercrypt,hybridized,089a548,"SEC::$ && DPT::DEV && CTR::EN","SEC::LOW && DPT::$ && CTR::$",same,32,51939,946,failure,200,1481318091,7406590.455
covercrypt,hybridized,089a548,"SEC::$ && DPT::DEV && CTR::EN","SEC::MED",different,48,78651,946,failure,200,2270866851,11354334.255
covercrypt,hybridized,089a548,"SEC::$ && DPT::DEV && CTR::EN","SEC::MED && CTR::EN",different,24,38585,946,failure,200,1117650490,5588252.450
covercrypt,hybridized,089a548,"SEC::$ && DPT::DEV && CTR::EN","SEC::MED && CTR::FR",different,24,38585,946,failure,200,1101820425,5509102.125
covercrypt,hybridized,089a548,"SEC::$ && DPT::DEV && CTR::EN","SEC::MED && CTR::$",different,48,78651,946,failure,200,2246772461,11233862.305
covercrypt,hybridized,089a548,"SEC::$ && DPT::DEV && CTR::EN","SEC::MED && DPT::DEV",different,24,38585,946,failure,200,1078845164,5394225.820
covercrypt,hybridized,089a548,"SEC::$ && DPT::DEV && CTR::EN","SEC::MED && DPT::DEV && CTR::EN",same,12,18555,946,failure,200,527675648,2638378.240
covercrypt,hybridized,089a548,"SEC::$ && DPT::DEV && CTR::EN","SEC::MED && DPT::DEV && CTR::FR",same,12,18555,946,failure,200,583800010,2919000.050
covercrypt,hybridized,089a548,"SEC::$ && DPT::DEV && CTR::EN","SEC::MED && DPT::DEV && CTR::$",same,24,38585,946,failure,200,1168223572,5841117.860
covercrypt,hybridized,089a548,"SEC::$ && DPT::DEV && CTR::EN","SEC::MED && DPT::MKG",different,24,38585,946,failure,200,1184816190,5924080.950
covercrypt,hybridized,089a548,"SEC::$ && DPT::DEV && CTR::EN","SEC::MED && DPT::MKG && CTR::EN",same,12,18555,946,failure,200,665842804,3329214.020
covercrypt,hybridized,089a548,"SEC::$ && DPT::DEV && CTR::EN","SEC::MED && DPT::MKG && CTR::FR",same,12,18555,946,failure,200,646134922,3230674.610
covercrypt,hybridized,089a548,"SEC::$ && DPT::DEV && CTR::EN","SEC::MED && DPT::MKG && CTR::$",same,24,38585,946,failure,200,1300944322,6504721.610
covercrypt,hybridized,089a548,"SEC::$ && DPT::DEV && CTR::EN","SEC::MED && DPT::$",different,48,78651,946,failure,200,2347450183,11737250.915
covercrypt,hybridized,089a548,"SEC::$ && DPT::DEV && CTR::EN","SEC::MED && DPT::$ && CTR::EN",same,24,38585,946,failure,200,1105072768,5525363.840
covercrypt,hybridized,089a548,"SEC::$ && DPT::DEV && CTR::EN","SEC::MED && DPT::$ && CTR::FR",same,24,38585,946,failure,200,1142317275,5711586.375
covercrypt,hybridized,089a548,"SEC::$ && DPT::DEV && CTR::EN","SEC::MED && DPT::$ && CTR::$",same,48,78651,946,failure,200,2307355970,11536779.850
covercrypt,hybridized,089a548,"SEC::$ && DPT::DEV && CTR::EN","SEC::HIG",different,64,105363,946,failure,200,3299186040,16495930.200
covercrypt,hybridized,089a548,"SEC::$ && DPT::DEV && CTR::EN","SEC::HIG && CTR::EN",different,32,51939,946,failure,200,1606520871,8032604.355
covercrypt,hybridized,089a548,"SEC::$ && DPT::DEV && CTR::EN","SEC::HIG && CTR::FR",different,32,51939,946,failure,200,1551756115,7758780.575
covercrypt,hybridized,089a548,"SEC::$ && DPT::DEV && CTR::EN","SEC::HIG && CTR::$",different,64,105363,946,failure,200,3106471742,15532358.710
covercrypt,hybridized,089a548,"SEC::$ && DPT::DEV && CTR::EN","SEC::HIG && DPT::DEV",different,32,51939,946,failure,200,1462193303,7310966.515
covercrypt,hybridized,089a548,"SEC::$ && DPT::DEV && CTR::EN","SEC::HIG && DPT::DEV && CTR::EN",same,16,25231,946,failure,200,742859293,3714296.465
covercrypt,hybridized,089a548,"SEC::$ && DPT::DEV && CTR::EN","SEC::HIG && DPT::DEV && CTR::FR",same,16,25231,946,failure,200,762535870,3812679.350
covercrypt,hybridized,089a548,"SEC::$ && DPT::DEV && CTR::EN","SEC::HIG && DPT::DEV && CTR::$",same,32,51939,946,failure,200,1643142635,8215713.175
covercrypt,hybridized,089a548,"SEC::$ && DPT::DEV && CTR::EN","SEC::HIG && DPT::MKG",different,32,51939,946,failure,200,1436205796,7181028.980
covercrypt,hybridized,089a548,"SEC::$ && DPT::DEV && CTR::EN","SEC::HIG && DPT::MKG && CTR::EN",same,16,25231,946,failure,200,793467655,3967338.275
covercrypt,hybridized,089a548,"SEC::$ && DPT::DEV && CTR::EN","SEC::HIG && DPT::MKG && CTR::FR",same,16,25231,946,failure,200,778983757,3894918.785
covercrypt,hybridized,089a548,"SEC::$ && DPT::DEV && CTR::EN","SEC::HIG && DPT::MKG && CTR::$",same,32,51939,946,failure,200,1632887598,8164437.990
covercrypt,hybridized,089a548,"SEC::$ && DPT::DEV && CTR::EN","SEC::HIG && DPT::$",different,64,105363,946,failure,200,3886650188,19433250.940
covercrypt,hybridized,089a548,"SEC::$ && DPT::DEV && CTR::EN","SEC::HIG && DPT::$ && CTR::EN",same,32,51939,946,failure,200,1524831782,7624158.910
covercrypt,hybridized,089a548,"SEC::$ && DPT::DEV && CTR::EN","SEC::HIG && DPT::$ && CTR::FR",same,32,51939,946,failure,200,1629547549,8147737.745
covercrypt,hybridized,089a548,"SEC::$ && DPT::DEV && CTR::EN","SEC::HIG && DPT::$ && CTR::$",same,64,105363,946,failure,200,2741782711,13708913.555
covercrypt,hybridized,089a548,"SEC::$ && DPT::DEV && CTR::EN","SEC::$",different,80,132075,946,success,200,2084443607,10422218.035
covercrypt,hybridized,089a548,"SEC::$ && DPT::DEV && CTR::EN","SEC::$ && CTR::EN",different,40,65293,946,success,200,965288420,4826442.100
covercrypt,hybridized,089a548,"SEC::$ && DPT::DEV && CTR::EN","SEC::$ && CTR::FR",different,40,65293,946,failure,200,1944856077,9724280.385
covercrypt,hybridized,089a548,"SEC::$ && DPT::DEV && CTR::EN","SEC::$ && CTR::$",different,80,132075,946,success,200,2454052139,12270260.695
covercrypt,hybridized,089a548,"SEC::$ && DPT::DEV && CTR::EN","SEC::$ && DPT::DEV",different,40,65293,946,success,200,1077626934,5388134.670
covercrypt,hybridized,089a548,"SEC::$ && DPT::DEV && CTR::EN","SEC::$ && DPT::DEV && CTR::EN",same,20,31907,946,success,200,519807518,2599037.590
covercrypt,hybridized,089a548,"SEC::$ && DPT::DEV && CTR::EN","SEC::$ && DPT::DEV && CTR::FR",same,20,31907,946,failure,200,973211893,4866059.465
covercrypt,hybridized,089a548,"SEC::$ && DPT::DEV && CTR::EN","SEC::$ && DPT::DEV && CTR::$",same,40,65293,946,success,200,1613826621,8069133.105
covercrypt,hybridized,089a548,"SEC::$ && DPT::DEV && CTR::EN","SEC::$ && DPT::MKG",different,40,65293,946,failure,200,1865958714,9329793.570
covercrypt,hybridized,089a548,"SEC::$ && DPT::DEV && CTR::EN","SEC::$ && DPT::MKG && CTR::EN",same,20,31907,946,failure,200,938572380,4692861.900
covercrypt,hybridized,089a548,"SEC::$ && DPT::DEV && CTR::EN","SEC::$ && DPT::MKG && CTR::FR",same,20,31907,946,failure,200,918205429,4591027.145
covercrypt,hybridized,089a548,"SEC::$ && DPT::DEV && CTR::EN","SEC::$ && DPT::MKG && CTR::$",same,40,65293,946,failure,200,1865492371,9327461.855
covercrypt,hybridized,089a548,"SEC::$ && DPT::DEV && CTR::EN","SEC::$ && DPT::$",different,80,132075,946,success,200,1918092438,9590462.190
covercrypt,hybridized,089a548,"SEC::$ && DPT::DEV && CTR::EN","SEC::$ && DPT::$ && CTR::EN",same,40,65293,946,success,200,1028666945,5143334.725
covercrypt,hybridized,089a548,"SEC::$ && DPT::DEV && CTR::EN","SEC::$ && DPT::$ && CTR::FR",same,40,65293,946,failure,200,1946192332,9730961.660
covercrypt,hybridized,089a548,"SEC::$ && DPT::DEV && CTR::EN","SEC::$ && DPT::$ && CTR::$",same,80,132075,946,success,200,1802552281,9012761.405
covercrypt,hybridized,089a548,"SEC::$ && DPT::$ && CTR::EN","CTR::EN",different,40,65293,946,success,200,983844656,4919223.280
covercrypt,hybridized,089a548,"SEC::$ && DPT::$ && CTR::EN","CTR::FR",different,40,65293,946,failure,200,2400439858,12002199.290
covercrypt,hybridized,089a548,"SEC::$ && DPT::$ && CTR::EN","CTR::$",different,80,132075,946,success,200,2733211559,13666057.795
covercrypt,hybridized,089a548,"SEC::$ && DPT::$ && CTR::EN","DPT::DEV",different,40,65293,946,failure,200,2601053840,13005269.200
covercrypt,hybridized,089a548,"SEC::$ && DPT::$ && CTR::EN","DPT::DEV && CTR::EN",different,20,31907,946,failure,200,1117486933,5587434.665
covercrypt,hybridized,089a548,"SEC::$ && DPT::$ && CTR::EN","DPT::DEV && CTR::FR",different,20,31907,946,failure,200,1391278647,6956393.235
covercrypt,hybridized,089a548,"SEC::$ && DPT::$ && CTR::EN","DPT::DEV && CTR::$",different,40,65293,946,failure,200,1915927596,9579637.980
covercrypt,hybridized,089a548,"SEC::$ && DPT::$ && CTR::EN","DPT::MKG",different,40,65293,946,failure,200,1859539475,9297697.375
covercrypt,hybridized,089a548,"SEC::$ && DPT::$ && CTR::EN","DPT::MKG && CTR::EN",different,20,31907,946,failure,200,988012592,4940062.960
covercrypt,hybridized,089a548,"SEC::$ && DPT::$ && CTR::EN","DPT::MKG && CTR::FR",different,20,31907,946,failure,200,922175027,4610875.135
covercrypt,hybridized,089a548,"SEC::$ && DPT::$ && CTR::EN","DPT::MKG && CTR::$",different,40,65293,946,failure,200,1884487917,9422439.585
covercrypt,hybridized,089a548,"SEC::$ && DPT::$ && CTR::EN","DPT::$",different,80,132075,946,success,200,3049550351,15247751.755
covercrypt,hybridized,089a548,"SEC::$ && DPT::$ && CTR::EN","DPT::$ && CTR::EN",different,40,65293,946,success,200,1110214244,5551071.220
covercrypt,hybridized,089a548,"SEC::$ && DPT::$ && CTR::EN","DPT::$ && CTR::FR",different,40,65293,946,failure,200,1909020999,9545104.995
covercrypt,hybridized,089a548,"SEC::$ && DPT::$ && CTR::EN","DPT::$ && CTR::$",different,80,132075,946,success,200,2020171634,10100858.170
covercrypt,hybridized,089a548,"SEC::$ && DPT::$ && CTR::EN","SEC::LOW",different,32,51939,946,failure,200,1377759478,6888797.390
covercrypt,hybridized,089a548,"SEC::$ && DPT::$ && CTR::EN","SEC::LOW && CTR::EN",different,16,25231,946,failure,200,674405651,3372028.255
covercrypt,hybridized,089a548,"SEC::$ && DPT::$ && CTR::EN","SEC::LOW && CTR::FR",different,16,25231,946,failure,200,909089240,4545446.200
covercrypt,hybridized,089a548,"SEC::$ && DPT::$ && CTR::EN","SEC::LOW && CTR::$",different,32,51939,946,failure,200,1669630381,8348151.905
covercrypt,hybridized,089a548,"SEC::$ && DPT::$ && CTR::EN","SEC::LOW && DPT::DEV",different,16,25231,946,failure,200,953493390,4767466.950
covercrypt,hybridized,089a548,"SEC::$ && DPT::$ && CTR::EN","SEC::LOW && DPT::DEV && CTR::EN",same,8,11879,946,failure,200,435402912,2177014.560
covercrypt,hybridized,089a548,"SEC::$ && DPT::$ && CTR::EN","SEC::LOW && DPT::DEV && CTR::FR",same,8,11879,946,failure,200,294653665,1473268.325
covercrypt,hybridized,089a548,"SEC::$ && DPT::$ && CTR::EN","SEC::LOW && DPT::DEV && CTR::$",same,16,25231,946,failure,200,718014328,3590071.640
covercrypt,hybridized,089a548,"SEC::$ && DPT::$ && CTR::EN","SEC::LOW && DPT::MKG",different,16,25231,946,failure,200,739940931,3699704.655
covercrypt,hybridized,089a548,"SEC::$ && DPT::$ && CTR::EN","SEC::LOW && DPT::MKG && CTR::EN",same,8,11879,946,failure,200,353816551,1769082.755
covercrypt,hybridized,089a548,"SEC::$ && DPT::$ && CTR::EN","SEC::LOW && DPT::MKG && CTR::FR",same,8,11879,946,failure,200,369569674,1847848.370
covercrypt,hybridized,089a548,"SEC::$ && DPT::$ && CTR::EN","SEC::LOW && DPT::MKG && CTR::$",same,16,25231,946,failure,200,728489545,3642447.725
covercrypt,hybridized,089a548,"SEC::$ && DPT::$ && CTR::EN","SEC::LOW && DPT::$",different,32,51939,946,failure,200,1684094711,8420473.555
covercrypt,hybridized,089a548,"SEC::$ && DPT::$ && CTR::EN","SEC::LOW && DPT::$ && CTR::EN",same,16,25231,946,failure,200,686413414,3432067.070
covercrypt,hybridized,089a548,"SEC::$ && DPT::$ && CTR::EN","SEC::LOW && DPT::$ && CTR::FR",same,16,25231,946,failure,200,684018747,3420093.735
covercrypt,hybridized,089a548,"SEC::$ && DPT::$ && CTR::EN","SEC::LOW && DPT::$ && CTR::$",same,32,51939,946,failure,200,1424606214,7123031.070
covercrypt,hybridized,089a548,"SEC::$ && DPT::$ && CTR::EN","SEC::MED",different,48,78651,946,failure,200,2083928612,10419643.060
covercrypt,hybridized,089a548,"SEC::$ && DPT::$ && CTR::EN","SEC::MED && CTR::EN",different,24,38585,946,failure,200,1041026601,5205133.005
covercrypt,hybridized,089a548,"SEC::$ && DPT::$ && CTR::EN","SEC::MED && CTR::FR",different,24,38585,946,failure,200,1149959562,5749797.810
covercrypt,hybridized,089a548,"SEC::$ && DPT::$ && CTR::EN","SEC::MED && CTR::$",different,48,78651,946,failure,200,2436587004,12182935.020
covercrypt,hybridized,089a548,"SEC::$ && DPT::$ && CTR::EN","SEC::MED && DPT::DEV",different,24,38585,946,failure,200,1366034347,6830171.735
covercrypt,hybridized,089a548,"SEC::$ && DPT::$ && CTR::EN","SEC::MED && DPT::DEV && CTR::EN",same,12,18555,946,failure,200,696690098,3483450.490
covercrypt,hybridized,089a548,"SEC::$ && DPT::$ && CTR::EN","SEC::MED && DPT::DEV && CTR::FR",same,12,18555,946,failure,200,496964940,2484824.700
covercrypt,hybridized,089a548,"SEC::$ && DPT::$ && CTR::EN","SEC::MED && DPT::DEV && CTR::$",same,24,38585,946,failure,200,1068847438,5344237.190
covercrypt,hybridized,089a548,"SEC::$ && DPT::$ && CTR::EN","SEC::MED && DPT::MKG",different,24,38585,946,failure,200,1004424948,5022124.740
covercrypt,hybridized,089a548,"SEC::$ && DPT::$ && CTR::EN","SEC::MED && DPT::MKG && CTR::EN",same,12,18555,946,failure,200,510134750,2550673.750
covercrypt,hybridized,089a548,"SEC::$ && DPT::$ && CTR::EN","SEC::MED && DPT::MKG && CTR::FR",same,12,18555,946,failure,200,498109524,2490547.620
covercrypt,hybridized,089a548,"SEC::$ && DPT::$ && CTR::EN","SEC::MED && DPT::MKG && CTR::$",same,24,38585,946,failure,200,1001775538,5008877.690
covercrypt,hybridized,089a548,"SEC::$ && DPT::$ && CTR::EN","SEC::MED && DPT::$",different,48,78651,946,failure,200,2017898161,10089490.805
covercrypt,hybridized,089a548,"SEC::$ && DPT::$ && CTR::EN","SEC::MED && DPT::$ && CTR::EN",same,24,38585,946,failure,200,1006078359,5030391.795
covercrypt,hybridized,089a548,"SEC::$ && DPT::$ && CTR::EN","SEC::MED && DPT::$ && CTR::FR",same,24,38585,946,failure,200,987778492,4938892.460
covercrypt,hybridized,089a548,"SEC::$ && DPT::$ && CTR::EN","SEC::MED && DPT::$ && CTR::$",same,48,78651,946,failure,200,2033878560,10169392.800
covercrypt,hybridized,089a548,"SEC::$ && DPT::$ && CTR::EN","SEC::HIG",different,64,105363,946,failure,200,2768974895,13844874.475
covercrypt,hybridized,089a548,"SEC::$ && DPT::$ && CTR::EN","SEC::HIG && CTR::EN",different,32,51939,946,failure,200,1383319452,6916597.260
covercrypt,hybridized,089a548,"SEC::$ && DPT::$ && CTR::EN","SEC::HIG && CTR::FR",different,32,51939,946,failure,200,1295067244,6475336.220
covercrypt,hybridized,089a548,"SEC::$ && DPT::$ && CTR::EN","SEC::HIG && CTR::$",different,64,105363,946,failure,200,2722018151,13610090.755
covercrypt,hybridized,089a548,"SEC::$ && DPT::$ && CTR::EN","SEC::HIG && DPT::DEV",different,32,51939,946,failure,200,1489858259,7449291.295
covercrypt,hybridized,089a548,"SEC::$ && DPT::$ && CTR::EN","SEC::HIG && DPT::DEV && CTR::EN",same,16,25231,946,failure,200,676592041,3382960.205
covercrypt,hybridized,089a548,"SEC::$ && DPT::$ && CTR::EN","SEC::HIG && DPT::DEV && CTR::FR",same,16,25231,946,failure,200,686592130,3432960.650
covercrypt,hybridized,089a548,"SEC::$ && DPT::$ && CTR::EN","SEC::HIG && DPT::DEV && CTR::$",same,32,51939,946,failure,200,1329090719,6645453.595
covercrypt,hybridized,089a548,"SEC::$ && DPT::$ && CTR::EN","SEC::HIG && DPT::MKG",different,32,51939,946,failure,200,1425271590,7126357.950
covercrypt,hybridized,089a548,"SEC::$ && DPT::$ && CTR::EN","SEC::HIG && DPT::MKG && CTR::EN",same,16,25231,946,failure,200,680483640,3402418.200
covercrypt,hybridized,089a548,"SEC::$ && DPT::$ && CTR::EN","SEC::HIG && DPT::MKG && CTR::FR",same,16,25231,946,failure,200,636953121,3184765.605
covercrypt,hybridized,089a548,"SEC::$ && DPT::$ && CTR::EN","SEC::HIG && DPT::MKG && CTR::$",same,32,51939,946,failure,200,1321922209,6609611.045
covercrypt,hybridized,089a548,"SEC::$ && DPT::$ && CTR::EN","SEC::HIG && DPT::$",different,64,105363,946,failure,200,2654102832,13270514.160
covercrypt,hybridized,089a548,"SEC::$ && DPT::$ && CTR::EN","SEC::HIG && DPT::$ && CTR::EN",same,32,51939,946,failure,200,1337117491,6685587.455
covercrypt,hybridized,089a548,"SEC::$ && DPT::$ && CTR::EN","SEC::HIG && DPT::$ && CTR::FR",same,32,51939,946,failure,200,1314562385,6572811.925
covercrypt,hybridized,089a548,"SEC::$ && DPT::$ && CTR::EN","SEC::HIG && DPT::$ && CTR::$",same,64,105363,946,failure,200,2675355808,13376779.040
covercrypt,hybridized,089a548,"SEC::$ && DPT::$ && CTR::EN","SEC::$",different,80,132075,946,success,200,1802390813,9011954.065
covercrypt,hybridized,089a548,"SEC::$ && DPT::$ && CTR::EN","SEC::$ && CTR::EN",different,40,65293,946,success,200,942601254,4713006.270
covercrypt,hybridized,089a548,"SEC::$ && DPT::$ && CTR::EN","SEC::$ && CTR::FR",different,40,65293,946,failure,200,1703910102,8519550.510
covercrypt,hybridized,089a548,"SEC::$ && DPT::$ && CTR::EN","SEC::$ && CTR::$",different,80,132075,946,success,200,1901818841,9509094.205
covercrypt,hybridized,089a548,"SEC::$ && DPT::$ && CTR::EN","SEC::$ && DPT::DEV",different,40,65293,946,failure,200,1667416823,8337084.115
covercrypt,hybridized,089a548,"SEC::$ && DPT::$ && CTR::EN","SEC::$ && DPT::DEV && CTR::EN",same,20,31907,946,failure,200,869270145,4346350.725
covercrypt,hybridized,089a548,"SEC::$ && DPT::$ && CTR::EN","SEC::$ && DPT::DEV && CTR::FR",same,20,31907,946,failure,200,774960683,3874803.415
covercrypt,hybridized,089a548,"SEC::$ && DPT::$ && CTR::EN","SEC::$ && DPT::DEV && CTR::$",same,40,65293,946,failure,200,1638680875,8193404.375
covercrypt,hybridized,089a548,"SEC::$ && DPT::$ && CTR::EN","SEC::$ && DPT::MKG",different,40,65293,946,failure,200,1690375526,8451877.630
covercrypt,hybridized,089a548,"SEC::$ && DPT::$ && CTR::EN","SEC::$ && DPT::MKG && CTR::EN",same,20,31907,946,failure,200,911166124,4555830.620
covercrypt,hybridized,089a548,"SEC::$ && DPT::$ && CTR::EN","SEC::$ && DPT::MKG && CTR::FR",same,20,31907,946,failure,200,887166581,4435832.905
covercrypt,hybridized,089a548,"SEC::$ && DPT::$ && CTR::EN","SEC::$ && DPT::MKG && CTR::$",same,40,65293,946,failure,200,1670349143,8351745.715
covercrypt,hybridized,089a548,"SEC::$ && DPT::$ && CTR::EN","SEC::$ && DPT::$",different,80,132075,946,success,200,1897704834,9488524.170
covercrypt,hybridized,089a548,"SEC::$ && DPT::$ && CTR::EN","SEC::$ && DPT::$ && CTR::EN",same,40,65293,946,success,200,918961241,4594806.205
covercrypt,hybridized,089a548,"SEC::$ && DPT::$ && CTR::EN","SEC::$ && DPT::$ && CTR::FR",same,40,65293,946,failure,200,1700805334,8504026.670
covercrypt,hybridized,089a548,"SEC::$ && DPT::$ && CTR::EN","SEC::$ && DPT::$ && CTR::$",same,80,132075,946,success,200,1706398804,8531994.020
covercrypt,hybridized,089a548,"DPT::DEV && CTR::FR","CTR::EN",different,40,65293,946,failure,200,6498256752,32491283.760
covercrypt,hybridized,089a548,"DPT::DEV && CTR::FR","CTR::FR",different,40,65293,946,success,200,3321872916,16609364.580
covercrypt,hybridized,089a548,"DPT::DEV && CTR::FR","CTR::$",different,80,132075,946,success,200,7092670012,35463350.060
covercrypt,hybridized,089a548,"DPT::DEV && CTR::FR","DPT::DEV",different,40,65293,946,success,200,3287599938,16437999.690
covercrypt,hybridized,089a548,"DPT::DEV && CTR::FR","DPT::DEV && CTR::EN",different,20,31907,946,failure,200,2736474418,13682372.090
covercrypt,hybridized,089a548,"DPT::DEV && CTR::FR","DPT::DEV && CTR::FR",different,20,31907,946,success,200,1273823316,6369116.580
covercrypt,hybridized,089a548,"DPT::DEV && CTR::FR","DPT::DEV && CTR::$",different,40,65293,946,success,200,1924439770,9622198.850
covercrypt,hybridized,089a548,"DPT::DEV && CTR::FR","DPT::MKG",different,40,65293,946,failure,200,3843517909,19217589.545
covercrypt,hybridized,089a548,"DPT::DEV && CTR::FR","DPT::MKG && CTR::EN",different,20,31907,946,failure,200,2018247817,10091239.085
covercrypt,hybridized,089a548,"DPT::DEV && CTR::FR","DPT::MKG && CTR::FR",different,20,31907,946,failure,200,2717658747,13588293.735
covercrypt,hybridized,089a548,"DPT::DEV && CTR::FR","DPT::MKG && CTR::$",different,40,65293,946,failure,200,3392487602,16962438.010
covercrypt,hybridized,089a548,"DPT::DEV && CTR::FR","DPT::$",different,80,132075,946,success,200,4009617177,20048085.885
covercrypt,hybridized,089a548,"DPT::DEV && CTR::FR","DPT::$ && CTR::EN",different,40,65293,946,failure,200,3961933561,19809667.805
covercrypt,hybridized,089a548,"DPT::DEV && CTR::FR","DPT::$ && CTR::FR",different,40,65293,946,success,200,1740957448,8704787.240
covercrypt,hybridized,089a548,"DPT::DEV && CTR::FR","DPT::$ && CTR::$",different,80,132075,946,success,200,3313438399,16567191.995
covercrypt,hybridized,089a548,"DPT::DEV && CTR::FR","SEC::LOW",different,32,51939,946,success,200,1446036547,7230182.735
covercrypt,hybridized,089a548,"DPT::DEV && CTR::FR","SEC::LOW && CTR::EN",different,16,25231,946,failure,200,1371309183,6856545.915
covercrypt,hybridized,089a548,"DPT::DEV && CTR::FR","SEC::LOW && CTR::FR",different,16,25231,946,success,200,782665133,3913325.665
covercrypt,hybridized,089a548,"DPT::DEV && CTR::FR","SEC::LOW && CTR::$",different,32,51939,946,success,200,1502218354,7511091.770
covercrypt,hybridized,089a548,"DPT::DEV && CTR::FR","SEC::LOW && DPT::DEV",different,16,25231,946,success,200,955657037,4778285.185
covercrypt,hybridized,089a548,"DPT::DEV && CTR::FR","SEC::LOW && DPT::DEV && CTR::EN",same,8,11879,946,failure,200,664467181,3322335.905
covercrypt,hybridized,089a548,"DPT::DEV && CTR::FR","SEC::LOW && DPT::DEV && CTR::FR",same,8,11879,946,success,200,577373072,2886865.360
covercrypt,hybridized,089a548,"DPT::DEV && CTR::FR","SEC::LOW && DPT::DEV && CTR::$",same,16,25231,946,success,200,863032614,4315163.070
covercrypt,hybridized,089a548,"DPT::DEV && CTR::FR","SEC::LOW && DPT::MKG",different,16,25231,946,failure,200,1360340918,6801704.590
covercrypt,hybridized,089a548,"DPT::DEV && CTR::FR","SEC::LOW && DPT::MKG && CTR::EN",same,8,11879,946,failure,200,688475509,3442377.545
covercrypt,hybridized,089a548,"DPT::DEV && CTR::FR","SEC::LOW && DPT::MKG && CTR::FR",same,8,11879,946,failure,200,626822566,3134112.830
covercrypt,hybridized,089a548,"DPT::DEV && CTR::FR","SEC::LOW && DPT::MKG && CTR::$",same,16,25231,946,failure,200,1419308579,7096542.895
covercrypt,hybridized,089a548,"DPT::DEV && CTR::FR","SEC::LOW && DPT::$",different,32,51939,946,success,200,1581696465,7908482.325
covercrypt,hybridized,089a548,"DPT::DEV && CTR::FR","SEC::LOW && DPT::$ && CTR::EN",same,16,25231,946,failure,200,1546837660,7734188.300
covercrypt,hybridized,089a548,"DPT::DEV && CTR::FR","SEC::LOW && DPT::$ && CTR::FR",same,16,25231,946,success,200,801927019,4009635.095
covercrypt,hybridized,089a548,"DPT::DEV && CTR::FR","SEC::LOW && DPT::$ && CTR::$",same,32,51939,946,success,200,1494583158,7472915.790
covercrypt,hybridized,089a548,"DPT::DEV && CTR::FR","SEC::MED",different,48,78651,946,success,200,2245128926,11225644.630
covercrypt,hybridized,089a548,"DPT::DEV && CTR::FR","SEC::MED && CTR::EN",different,24,38585,946,failure,200,2220187666,11100938.330
covercrypt,hybridized,089a548,"DPT::DEV && CTR::FR","SEC::MED && CTR::FR",different,24,38585,946,success,200,1394816322,6974081.610
covercrypt,hybridized,089a548,"DPT::DEV && CTR::FR","SEC::MED && CTR::$",different,48,78651,946,success,200,2163075692,10815378.460
covercrypt,hybridized,089a548,"DPT::DEV && CTR::FR","SEC::MED && DPT::DEV",different,24,38585,946,success,200,1208148495,6040742.475
covercrypt,hybridized,089a548,"DPT::DEV && CTR::FR","SEC::MED && DPT::DEV && CTR::EN",same,12,18555,946,failure,200,1027512175,5137560.875
covercrypt,hybridized,089a548,"DPT::DEV && CTR::FR","SEC::MED && DPT::DEV && CTR::FR",same,12,18555,946,success,200,731349348,3656746.740
covercrypt,hybridized,089a548,"DPT::DEV && CTR::FR","SEC::MED && DPT::DEV && CTR::$",same,24,38585,946,success,200,1195333469,5976667.345
covercrypt,hybridized,089a548,"DPT::DEV && CTR::FR","SEC::MED && DPT::MKG",different,24,38585,946,failure,200,2105667276,10528336.380
covercrypt,hybridized,089a548,"DPT::DEV && CTR::FR","SEC::MED && DPT::MKG && CTR::EN",same,12,18555,946,failure,200,969837795,4849188.975
covercrypt,hybridized,089a548,"DPT::DEV && CTR::FR","SEC::MED && DPT::MKG && CTR::FR",same,12,18555,946,failure,200,1388424354,6942121.770
covercrypt,hybridized,089a548,"DPT::DEV && CTR::FR","SEC::MED && DPT::MKG && CTR::$",same,24,38585,946,failure,200,2133705533,10668527.665
covercrypt,hybridized,089a548,"DPT::DEV && CTR::FR","SEC::MED && DPT::$",different,48,78651,946,success,200,2270629889,11353149.445
covercrypt,hybridized,089a548,"DPT::DEV && CTR::FR","SEC::MED && DPT::$ && CTR::EN",same,24,38585,946,failure,200,1941949858,9709749.290
covercrypt,hybridized,089a548,"DPT::DEV && CTR::FR","SEC::MED && DPT::$ && CTR::FR",same,24,38585,946,success,200,990300998,4951504.990
covercrypt,hybridized,089a548,"DPT::DEV && CTR::FR","SEC::MED && DPT::$ && CTR::$",same,48,78651,946,success,200,3011456377,15057281.885
covercrypt,hybridized,089a548,"DPT::DEV && CTR::FR","SEC::HIG",different,64,105363,946,success,200,3309288706,16546443.530
covercrypt,hybridized,089a548,"DPT::DEV && CTR::FR","SEC::HIG && CTR::EN",different,32,51939,946,failure,200,3013213191,15066065.955
covercrypt,hybridized,089a548,"DPT::DEV && CTR::FR","SEC::HIG && CTR::FR",different,32,51939,946,success,200,1446761836,7233809.180
covercrypt,hybridized,089a548,"DPT::DEV && CTR::FR","SEC::HIG && CTR::$",different,64,105363,946,success,200,2607191700,13035958.500
covercrypt,hybridized,089a548,"DPT::DEV && CTR::FR","SEC::HIG && DPT::DEV",different,32,51939,946,success,200,1468868353,7344341.765
covercrypt,hybridized,089a548,"DPT::DEV && CTR::FR","SEC::HIG && DPT::DEV && CTR::EN",same,16,25231,946,failure,200,1659380414,8296902.070
covercrypt,hybridized,089a548,"DPT::DEV && CTR::FR","SEC::HIG && DPT::DEV && CTR::FR",same,16,25231,946,success,200,976316887,4881584.435
covercrypt,hybridized,089a548,"DPT::DEV && CTR::FR","SEC::HIG && DPT::DEV && CTR::$",same,32,51939,946,success,200,2260079673,11300398.365
covercrypt,hybridized,089a548,"DPT::DEV && CTR::FR","SEC::HIG && DPT::MKG",different,32,51939,946,failure,200,3695152045,18475760.225
covercrypt,hybridized,089a548,"DPT::DEV && CTR::FR","SEC::HIG && DPT::MKG && CTR::EN",same,16,25231,946,failure,200,2659000487,13295002.435
covercrypt,hybridized,089a548,"DPT::DEV && CTR::FR","SEC::HIG && DPT::MKG && CTR::FR",same,16,25231,946,failure,200,1557815118,7789075.590
covercrypt,hybridized,089a548,"DPT::DEV && CTR::FR","SEC::HIG && DPT::MKG && CTR::$",same,32,51939,946,failure,200,3100678433,15503392.165
covercrypt,hybridized,089a548,"DPT::DEV && CTR::FR","SEC::HIG && DPT::$",different,64,105363,946,success,200,3986799039,19933995.195
covercrypt,hybridized,089a548,"DPT::DEV && CTR::FR","SEC::HIG && DPT::$ && CTR::EN",same,32,51939,946,failure,200,2572820626,12864103.130
covercrypt,hybridized,089a548,"DPT::DEV && CTR::FR","SEC::HIG && DPT::$ && CTR::FR",same,32,51939,946,success,200,1420833627,7104168.135
covercrypt,hybridized,089a548,"DPT::DEV && CTR::FR","SEC::HIG && DPT::$ && CTR::$",same,64,105363,946,success,200,2952807858,14764039.290
covercrypt,hybridized,089a548,"DPT::DEV && CTR::FR","SEC::$",different,80,132075,946,success,200,3960658317,19803291.585
covercrypt,hybridized,089a548,"DPT::DEV && CTR::FR","SEC::$ && CTR::EN",different,40,65293,946,failure,200,6891603037,34458015.185
covercrypt,hybridized,089a548,"DPT::DEV && CTR::FR","SEC::$ && CTR::FR",different,40,65293,946,success,200,4376249005,21881245.025
covercrypt,hybridized,089a548,"DPT::DEV && CTR::FR","SEC::$ && CTR::$",different,80,132075,946,success,200,8018691975,40093459.875
covercrypt,hybridized,089a548,"DPT::DEV && CTR::FR","SEC::$ && DPT::DEV",different,40,65293,946,success,200,3852046368,19260231.840
covercrypt,hybridized,089a548,"DPT::DEV && CTR::FR","SEC::$ && DPT::DEV && CTR::EN",same,20,31907,946,failure,200,3785751675,18928758.375
covercrypt,hybridized,089a548,"DPT::DEV && CTR::FR","SEC::$ && DPT::DEV && CTR::FR",same,20,31907,946,success,200,2294156559,11470782.795
covercrypt,hybridized,089a548,"DPT::DEV && CTR::FR","SEC::$ && DPT::DEV && CTR::$",same,40,65293,946,success,200,4390639532,21953197.660
covercrypt,hybridized,089a548,"DPT::DEV && CTR::FR","SEC::$ && DPT::MKG",different,40,65293,946,failure,200,7971821029,39859105.145
covercrypt,hybridized,089a548,"DPT::DEV && CTR::FR","SEC::$ && DPT::MKG && CTR::EN",same,20,31907,946,failure,200,4100037137,20500185.685
covercrypt,hybridized,089a548,"DPT::DEV && CTR::FR","SEC::$ && DPT::MKG && CTR::FR",same,20,31907,946,failure,200,3826730800,19133654.000
covercrypt,hybridized,089a548,"DPT::DEV && CTR::FR","SEC::$ && DPT::MKG && CTR::$",same,40,65293,946,failure,200,7735263837,38676319.185
covercrypt,hybridized,089a548,"DPT::DEV && CTR::FR","SEC::$ && DPT::$",different,80,132075,946,success,200,7721043085,38605215.425
covercrypt,hybridized,089a548,"DPT::DEV && CTR::FR","SEC::$ && DPT::$ && CTR::EN",same,40,65293,946,failure,200,7973391487,39866957.435
covercrypt,hybridized,089a548,"DPT::DEV && CTR::FR","SEC::$ && DPT::$ && CTR::FR",same,40,65293,946,success,200,4429460750,22147303.750
covercrypt,hybridized,089a548,"DPT::DEV && CTR::FR","SEC::$ && DPT::$ && CTR::$",same,80,132075,946,success,200,8358678125,41793390.625
covercrypt,hybridized,089a548,"DPT::$ && CTR::FR","CTR::EN",different,40,65293,946,failure,200,8082797511,40413987.555
covercrypt,hybridized,089a548,"DPT::$ && CTR::FR","CTR::FR",different,40,65293,946,success,200,3956685782,19783428.910
covercrypt,hybridized,089a548,"DPT::$ && CTR::FR","CTR::$",different,80,132075,946,success,200,8233713402,41168567.010
covercrypt,hybridized,089a548,"DPT::$ && CTR::FR","DPT::DEV",different,40,65293,946,failure,200,7660351912,38301759.560
covercrypt,hybridized,089a548,"DPT::$ && CTR::FR","DPT::DEV && CTR::EN",different,20,31907,946,failure,200,4055108786,20275543.930
covercrypt,hybridized,089a548,"DPT::$ && CTR::FR","DPT::DEV && CTR::FR",different,20,31907,946,failure,200,4000584353,20002921.765
covercrypt,hybridized,089a548,"DPT::$ && CTR::FR","DPT::DEV && CTR::$",different,40,65293,946,failure,200,7748253552,38741267.760
covercrypt,hybridized,089a548,"DPT::$ && CTR::FR","DPT::MKG",different,40,65293,946,failure,200,8024662021,40123310.105
covercrypt,hybridized,089a548,"DPT::$ && CTR::FR","DPT::MKG && CTR::EN",different,20,31907,946,failure,200,3921081414,19605407.070
covercrypt,hybridized,089a548,"DPT::$ && CTR::FR","DPT::MKG && CTR::FR",different,20,31907,946,failure,200,4002431485,20012157.425
covercrypt,hybridized,089a548,"DPT::$ && CTR::FR","DPT::MKG && CTR::$",different,40,65293,946,failure,200,7906813963,39534069.815
covercrypt,hybridized,089a548,"DPT::$ && CTR::FR","DPT::$",different,80,132075,946,success,200,8662734548,43313672.740
covercrypt,hybridized,089a548,"DPT::$ && CTR::FR","DPT::$ && CTR::EN",different,40,65293,946,failure,200,8158318772,40791593.860
covercrypt,hybridized,089a548,"DPT::$ && CTR::FR","DPT::$ && CTR::FR",different,40,65293,946,success,200,4191444103,20957220.515
covercrypt,hybridized,089a548,"DPT::$ && CTR::FR","DPT::$ && CTR::$",different,80,132075,946,success,200,7824741050,39123705.250
covercrypt,hybridized,089a548,"DPT::$ && CTR::FR","SEC::LOW",different,32,51939,946,success,200,3286089212,16430446.060
covercrypt,hybridized,089a548,"DPT::$ && CTR::FR","SEC::LOW && CTR::EN",different,16,25231,946,failure,200,3219598973,16097994.865
covercrypt,hybridized,089a548,"DPT::$ && CTR::FR","SEC::LOW && CTR::FR",different,16,25231,946,success,200,1809832149,9049160.745
covercrypt,hybridized,089a548,"DPT::$ && CTR::FR","SEC::LOW && CTR::$",different,32,51939,946,success,200,3340231959,16701159.795
covercrypt,hybridized,089a548,"DPT::$ && CTR::FR","SEC::LOW && DPT::DEV",different,16,25231,946,failure,200,3052383080,15261915.400
covercrypt,hybridized,089a548,"DPT::$ && CTR::FR","SEC::LOW && DPT::DEV && CTR::EN",same,8,11879,946,failure,200,1620731873,8103659.365
covercrypt,hybridized,089a548,"DPT::$ && CTR::FR","SEC::LOW && DPT::DEV && CTR::FR",same,8,11879,946,failure,200,1527088451,7635442.255
covercrypt,hybridized,089a548,"DPT::$ && CTR::FR","SEC::LOW && DPT::DEV && CTR::$",same,16,25231,946,failure,200,3296284283,16481421.415
covercrypt,hybridized,089a548,"DPT::$ && CTR::FR","SEC::LOW && DPT::MKG",different,16,25231,946,failure,200,3210048918,16050244.590
covercrypt,hybridized,089a548,"DPT::$ && CTR::FR","SEC::LOW && DPT::MKG && CTR::EN",same,8,11879,946,failure,200,1618335279,8091676.395
covercrypt,hybridized,089a548,"DPT::$ && CTR::FR","SEC::LOW && DPT::MKG && CTR::FR",same,8,11879,946,failure,200,1541447881,7707239.405
covercrypt,hybridized,089a548,"DPT::$ && CTR::FR","SEC::LOW && DPT::MKG && CTR::$",same,16,25231,946,failure,200,3092657589,15463287.945
covercrypt,hybridized,089a548,"DPT::$ && CTR::FR","SEC::LOW && DPT::$",different,32,51939,946,success,200,3328371010,16641855.050
covercrypt,hybridized,089a548,"DPT::$ && CTR::FR","SEC::LOW && DPT::$ && CTR::EN",same,16,25231,946,failure,200,3155334479,15776672.395
covercrypt,hybridized,089a548,"DPT::$ && CTR::FR","SEC::LOW && DPT::$ && CTR::FR",same,16,25231,946,success,200,1988911858,9944559.290
covercrypt,hybridized,089a548,"DPT::$ && CTR::FR","SEC::LOW && DPT::$ && CTR::$",same,32,51939,946,success,200,3493576099,17467880.495
covercrypt,hybridized,089a548,"DPT::$ && CTR::FR","SEC::MED",different,48,78651,946,success,200,5521453277,27607266.385
covercrypt,hybridized,089a548,"DPT::$ && CTR::FR","SEC::MED && CTR::EN",different,24,38585,946,failure,200,4441897947,22209489.735
covercrypt,hybridized,089a548,"DPT::$ && CTR::FR","SEC::MED && CTR::FR",different,24,38585,946,success,200,2530283542,12651417.710
covercrypt,hybridized,089a548,"DPT::$ && CTR::FR","SEC::MED && CTR::$",different,48,78651,946,success,200,4704692648,23523463.240
covercrypt,hybridized,089a548,"DPT::$ && CTR::FR","SEC::MED && DPT::DEV",different,24,38585,946,failure,200,4693579153,23467895.765
covercrypt,hybridized,089a548,"DPT::$ && CTR::FR","SEC::MED && DPT::DEV && CTR::EN",same,12,18555,946,failure,200,2349054545,11745272.725
covercrypt,hybridized,089a548,"DPT::$ && CTR::FR","SEC::MED && DPT::DEV && CTR::FR",same,12,18555,946,failure,200,2339486996,11697434.980
covercrypt,hybridized,089a548,"DPT::$ && CTR::FR","SEC::MED && DPT::DEV && CTR::$",same,24,38585,946,failure,200,4692892124,23464460.620
covercrypt,hybridized,089a548,"DPT::$ && CTR::FR","SEC::MED && DPT::MKG",different,24,38585,946,failure,200,4660388897,23301944.485
covercrypt,hybridized,089a548,"DPT::$ && CTR::FR","SEC::MED && DPT::MKG && CTR::EN",same,12,18555,946,failure,200,2336531876,11682659.380
covercrypt,hybridized,089a548,"DPT::$ && CTR::FR","SEC::MED && DPT::MKG && CTR::FR",same,12,18555,946,failure,200,2307582671,11537913.355
covercrypt,hybridized,089a548,"DPT::$ && CTR::FR","SEC::MED && DPT::MKG && CTR::$",same,24,38585,946,failure,200,4662474592,23312372.960
covercrypt,hybridized,089a548,"DPT::$ && CTR::FR","SEC::MED && DPT::$",different,48,78651,946,success,200,5307437906,26537189.530
covercrypt,hybridized,089a548,"DPT::$ && CTR::FR","SEC::MED && DPT::$ && CTR::EN",same,24,38585,946,failure,200,4608765772,23043828.860
covercrypt,hybridized,089a548,"DPT::$ && CTR::FR","SEC::MED && DPT::$ && CTR::FR",same,24,38585,946,success,200,2733916030,13669580.150
covercrypt,hybridized,089a548,"DPT::$ && CTR::FR","SEC::MED && DPT::$ && CTR::$",same,48,78651,946,success,200,4343562919,21717814.595
covercrypt,hybridized,089a548,"DPT::$ && CTR::FR","SEC::HIG",different,64,105363,946,success,200,5610201705,28051008.525
covercrypt,hybridized,089a548,"DPT::$ && CTR::FR","SEC::HIG && CTR::EN",different,32,51939,946,failure,200,4192686637,20963433.185
covercrypt,hybridized,089a548,"DPT::$ && CTR::FR","SEC::HIG && CTR::FR",different,32,51939,946,success,200,2157430724,10787153.620
covercrypt,hybridized,089a548,"DPT::$ && CTR::FR","SEC::HIG && CTR::$",different,64,105363,946,success,200,3312919753,16564598.765
covercrypt,hybridized,089a548,"DPT::$ && CTR::FR","SEC::HIG && DPT::DEV",different,32,51939,946,failure,200,3136697779,15683488.895
covercrypt,hybridized,089a548,"DPT::$ && CTR::FR","SEC::HIG && DPT::DEV && CTR::EN",same,16,25231,946,failure,200,2034798412,10173992.060
covercrypt,hybridized,089a548,"DPT::$ && CTR::FR","SEC::HIG && DPT::DEV && CTR::FR",same,16,25231,946,failure,200,1694768014,8473840.070
covercrypt,hybridized,089a548,"DPT::$ && CTR::FR","SEC::HIG && DPT::DEV && CTR::$",same,32,51939,946,failure,200,3210147971,16050739.855
covercrypt,hybridized,089a548,"DPT::$ && CTR::FR","SEC::HIG && DPT::MKG",different,32,51939,946,failure,200,2725466791,13627333.955
covercrypt,hybridized,089a548,"DPT::$ && CTR::FR","SEC::HIG && DPT::MKG && CTR::EN",same,16,25231,946,failure,200,1375300912,6876504.560
covercrypt,hybridized,089a548,"DPT::$ && CTR::FR","SEC::HIG && DPT::MKG && CTR::FR",same,16,25231,946,failure,200,1299690680,6498453.400
covercrypt,hybridized,089a548,"DPT::$ && CTR::FR","SEC::HIG && DPT::MKG && CTR::$",same,32,51939,946,failure,200,2707448452,13537242.260
covercrypt,hybridized,089a548,"DPT::$ && CTR::FR","SEC::HIG && DPT::$",different,64,105363,946,success,200,2583993131,12919965.655
covercrypt,hybridized,089a548,"DPT::$ && CTR::FR","SEC::HIG && DPT::$ && CTR::EN",same,32,51939,946,failure,200,2661848700,13309243.500
covercrypt,hybridized,089a548,"DPT::$ && CTR::FR","SEC::HIG && DPT::$ && CTR::FR",same,32,51939,946,success,200,1618326150,8091630.750
covercrypt,hybridized,089a548,"DPT::$ && CTR::FR","SEC::HIG && DPT::$ && CTR::$",same,64,105363,946,success,200,2855029614,14275148.070
covercrypt,hybridized,089a548,"DPT::$ && CTR::FR","SEC::$",different,80,132075,946,success,200,3317063170,16585315.850
covercrypt,hybridized,089a548,"DPT::$ && CTR::FR","SEC::$ && CTR::EN",different,40,65293,946,failure,200,3203029996,16015149.980
covercrypt,hybridized,089a548,"DPT::$ && CTR::FR","SEC::$ && CTR::FR",different,40,65293,946,success,200,1823681548,9118407.740
covercrypt,hybridized,089a548,"DPT::$ && CTR::FR","SEC::$ && CTR::$",different,80,132075,946,success,200,3116065215,15580326.075
covercrypt,hybridized,089a548,"DPT::$ && CTR::FR","SEC::$ && DPT::DEV",different,40,65293,946,failure,200,3325149994,16625749.970
covercrypt,hybridized,089a548,"DPT::$ && CTR::FR","SEC::$ && DPT::DEV && CTR::EN",same,20,31907,946,failure,200,1568063898,7840319.490
covercrypt,hybridized,089a548,"DPT::$ && CTR::FR","SEC::$ && DPT::DEV && CTR::FR",same,20,31907,946,failure,200,1726820267,8634101.335
covercrypt,hybridized,089a548,"DPT::$ && CTR::FR","SEC::$ && DPT::DEV && CTR::$",same,40,65293,946,failure,200,3144129039,15720645.195
covercrypt,hybridized,089a548,"DPT::$ && CTR::FR","SEC::$ && DPT::MKG",different,40,65293,946,failure,200,3907778500,19538892.500
covercrypt,hybridized,089a548,"DPT::$ && CTR::FR","SEC::$ && DPT::MKG && CTR::EN",same,20,31907,946,failure,200,1880467245,9402336.225
covercrypt,hybridized,089a548,"DPT::$ && CTR::FR","SEC::$ && DPT::MKG && CTR::FR",same,20,31907,946,failure,200,2031594945,10157974.725
covercrypt,hybridized,089a548,"DPT::$ && CTR::FR","SEC::$ && DPT::MKG && CTR::$",same,40,65293,946,failure,200,3572783049,17863915.245
covercrypt,hybridized,089a548,"DPT::$ && CTR::FR","SEC::$ && DPT::$",different,80,132075,946,success,200,4583534041,22917670.205
covercrypt,hybridized,089a548,"DPT::$ && CTR::FR","SEC::$ && DPT::$ && CTR::EN",same,40,65293,946,failure,200,4285019003,21425095.015
covercrypt,hybridized,089a548,"DPT::$ && CTR::FR","SEC::$ && DPT::$ && CTR::FR",same,40,65293,946,success,200,2279480178,11397400.890
covercrypt,hybridized,089a548,"DPT::$ && CTR::FR","SEC::$ && DPT::$ && CTR::$",same,80,132075,946,success,200,4441562921,22207814.605
covercrypt,hybridized,089a548,"SEC::LOW && DPT::DEV && CTR::FR","CTR::EN",different,40,65293,946,failure,200,3344480560,16722402.800
covercrypt,hybridized,089a548,"SEC::LOW && DPT::DEV && CTR::FR","CTR::FR",different,40,65293,946,success,200,1819945740,9099728.700
covercrypt,hybridized,089a548,"SEC::LOW && DPT::DEV && CTR::FR","CTR::$",different,80,132075,946,success,200,3004842087,15024210.435
covercrypt,hybridized,089a548,"SEC::LOW && DPT::DEV && CTR::FR","DPT::DEV",different,40,65293,946,success,200,1878566449,9392832.245
covercrypt,hybridized,089a548,"SEC::LOW && DPT::DEV && CTR::FR","DPT::DEV && CTR::EN",different,20,31907,946,failure,200,1584937105,7924685.525
covercrypt,hybridized,089a548,"SEC::LOW && DPT::DEV && CTR::FR","DPT::DEV && CTR::FR",different,20,31907,946,success,200,955436540,4777182.700
covercrypt,hybridized,089a548,"SEC::LOW && DPT::DEV && CTR::FR","DPT::DEV && CTR::$",different,40,65293,946,success,200,1950611126,9753055.630
covercrypt,hybridized,089a548,"SEC::LOW && DPT::DEV && CTR::FR","DPT::MKG",different,40,65293,946,failure,200,3275124672,16375623.360
covercrypt,hybridized,089a548,"SEC::LOW && DPT::DEV && CTR::FR","DPT::MKG && CTR::EN",different,20,31907,946,failure,200,1566102739,7830513.695
covercrypt,hybridized,089a548,"SEC::LOW && DPT::DEV && CTR::FR","DPT::MKG && CTR::FR",different,20,31907,946,failure,200,1963512356,9817561.780
covercrypt,hybridized,089a548,"SEC::LOW && DPT::DEV && CTR::FR","DPT::MKG && CTR::$",different,40,65293,946,failure,200,3319579581,16597897.905
covercrypt,hybridized,089a548,"SEC::LOW && DPT::DEV && CTR::FR","DPT::$",different,80,132075,946,success,200,3710044468,18550222.340
covercrypt,hybridized,089a548,"SEC::LOW && DPT::DEV && CTR::FR","DPT::$ && CTR::EN",different,40,65293,946,failure,200,3351283653,16756418.265
covercrypt,hybridized,089a548,"SEC::LOW && DPT::DEV && CTR::FR","DPT::$ && CTR::FR",different,40,65293,946,success,200,1717034655,8585173.275
covercrypt,hybridized,089a548,"SEC::LOW && DPT::DEV && CTR::FR","DPT::$ && CTR::$",different,80,132075,946,success,200,3025958260,15129791.300
covercrypt,hybridized,089a548,"SEC::LOW && DPT::DEV && CTR::FR","SEC::LOW",different,32,51939,946,success,200,1539759677,7698798.385
covercrypt,hybridized,089a548,"SEC::LOW && DPT::DEV && CTR::FR","SEC::LOW && CTR::EN",different,16,25231,946,failure,200,1301982119,6509910.595
covercrypt,hybridized,089a548,"SEC::LOW && DPT::DEV && CTR::FR","SEC::LOW && CTR::FR",different,16,25231,946,success,200,768739648,3843698.240
covercrypt,hybridized,089a548,"SEC::LOW && DPT::DEV && CTR::FR","SEC::LOW && CTR::$",different,32,51939,946,success,200,1448770531,7243852.655
covercrypt,hybridized,089a548,"SEC::LOW && DPT::DEV && CTR::FR","SEC::LOW && DPT::DEV",different,16,25231,946,success,200,786258770,3931293.850
covercrypt,hybridized,089a548,"SEC::LOW && DPT::DEV && CTR::FR","SEC::LOW && DPT::DEV && CTR::EN",same,8,11879,946,failure,200,584852759,2924263.795
covercrypt,hybridized,089a548,"SEC::LOW && DPT::DEV && CTR::FR","SEC::LOW && DPT::DEV && CTR::FR",same,8,11879,946,success,200,503755604,2518778.020
covercrypt,hybridized,089a548,"SEC::LOW && DPT::DEV && CTR::FR","SEC::LOW && DPT::DEV && CTR::$",same,16,25231,946,success,200,822972757,4114863.785
covercrypt,hybridized,089a548,"SEC::LOW && DPT::DEV && CTR::FR","SEC::LOW && DPT::MKG",different,16,25231,946,failure,200,1246601695,6233008.475
covercrypt,hybridized,089a548,"SEC::LOW && DPT::DEV && CTR::FR","SEC::LOW && DPT::MKG && CTR::EN",same,8,11879,946,failure,200,585329926,2926649.630
covercrypt,hybridized,089a548,"SEC::LOW && DPT::DEV && CTR::FR","SEC::LOW && DPT::MKG && CTR::FR",same,8,11879,946,failure,200,608739985,3043699.925
covercrypt,hybridized,089a548,"SEC::LOW && DPT::DEV && CTR::FR","SEC::LOW && DPT::MKG && CTR::$",same,16,25231,946,failure,200,1408035402,7040177.010
covercrypt,hybridized,089a548,"SEC::LOW && DPT::DEV && CTR::FR","SEC::LOW && DPT::$",different,32,51939,946,success,200,1709089164,8545445.820
covercrypt,hybridized,089a548,"SEC::LOW && DPT::DEV && CTR::FR","SEC::LOW && DPT::$ && CTR::EN",same,16,25231,946,failure,200,1353232815,6766164.075
covercrypt,hybridized,089a548,"SEC::LOW && DPT::DEV && CTR::FR","SEC::LOW && DPT::$ && CTR::FR",same,16,25231,946,success,200,885903996,4429519.980
covercrypt,hybridized,089a548,"SEC::LOW && DPT::DEV && CTR::FR","SEC::LOW && DPT::$ && CTR::$",same,32,51939,946,success,200,1438029637,7190148.185
covercrypt,hybridized,089a548,"SEC::LOW && DPT::DEV && CTR::FR","SEC::MED",different,48,78651,946,success,200,2147189872,10735949.360
covercrypt,hybridized,089a548,"SEC::LOW && DPT::DEV && CTR::FR","SEC::MED && CTR::EN",different,24,38585,946,failure,200,2140434057,10702170.285
covercrypt,hybridized,089a548,"SEC::LOW && DPT::DEV && CTR::FR","SEC::MED && CTR::FR",different,24,38585,946,success,200,1049906845,5249534.225
covercrypt,hybridized,089a548,"SEC::LOW && DPT::DEV && CTR::FR","SEC::MED && CTR::$",different,48,78651,946,success,200,2231700029,11158500.145
covercrypt,hybridized,089a548,"SEC::LOW && DPT::DEV && CTR::FR","SEC::MED && DPT::DEV",different,24,38585,946,success,200,1131297943,5656489.715
covercrypt,hybridized,089a548,"SEC::LOW && DPT::DEV && CTR::FR","SEC::MED && DPT::DEV && CTR::EN",same,12,18555,946,failure,200,1003861776,5019308.880
covercrypt,hybridized,089a548,"SEC::LOW && DPT::DEV && CTR::FR","SEC::MED && DPT::DEV && CTR::FR",same,12,18555,946,success,200,650749883,3253749.415
covercrypt,hybridized,089a548,"SEC::LOW && DPT::DEV && CTR::FR","SEC::MED && DPT::DEV && CTR::$",same,24,38585,946,success,200,1046322039,5231610.195
covercrypt,hybridized,089a548,"SEC::LOW && DPT::DEV && CTR::FR","SEC::MED && DPT::MKG",different,24,38585,946,failure,200,1938533902,9692669.510
covercrypt,hybridized,089a548,"SEC::LOW && DPT::DEV && CTR::FR","SEC::MED && DPT::MKG && CTR::EN",same,12,18555,946,failure,200,1138300156,5691500.780
covercrypt,hybridized,089a548,"SEC::LOW && DPT::DEV && CTR::FR","SEC::MED && DPT::MKG && CTR::FR",same,12,18555,946,failure,200,1182921955,5914609.775
covercrypt,hybridized,089a548,"SEC::LOW && DPT::DEV && CTR::FR","SEC::MED && DPT::MKG && CTR::$",same,24,38585,946,failure,200,2043551688,10217758.440
covercrypt,hybridized,089a548,"SEC::LOW && DPT::DEV && CTR::FR","SEC::MED && DPT::$",different,48,78651,946,success,200,2290557090,11452785.450
covercrypt,hybridized,089a548,"SEC::LOW && DPT::DEV && CTR::FR","SEC::MED && DPT::$ && CTR::EN",same,24,38585,946,failure,200,1978403908,9892019.540
covercrypt,hybridized,089a548,"SEC::LOW && DPT::DEV && CTR::FR","SEC::MED && DPT::$ && CTR::FR",same,24,38585,946,success,200,1062298002,5311490.010
covercrypt,hybridized,089a548,"SEC::LOW && DPT::DEV && CTR::FR","SEC::MED && DPT::$ && CTR::$",same,48,78651,946,success,200,2336322601,11681613.005
covercrypt,hybridized,089a548,"SEC::LOW && DPT::DEV && CTR::FR","SEC::HIG",different,64,105363,946,success,200,2967652455,14838262.275
covercrypt,hybridized,089a548,"SEC::LOW && DPT::DEV && CTR::FR","SEC::HIG && CTR::EN",different,32,51939,946,failure,200,2555717131,12778585.655
covercrypt,hybridized,089a548,"SEC::LOW && DPT::DEV && CTR::FR","SEC::HIG && CTR::FR",different,32,51939,946,success,200,1412066614,7060333.070
covercrypt,hybridized,089a548,"SEC::LOW && DPT::DEV && CTR::FR","SEC::HIG && CTR::$",different,64,105363,946,success,200,2788923151,13944615.755
covercrypt,hybridized,089a548,"SEC::LOW && DPT::DEV && CTR::FR","SEC::HIG && DPT::DEV",different,32,51939,946,success,200,1601017936,8005089.680
covercrypt,hybridized,089a548,"SEC::LOW && DPT::DEV && CTR::FR","SEC::HIG && DPT::DEV && CTR::EN",same,16,25231,946,failure,200,1352722452,6763612.260
covercrypt,hybridized,089a548,"SEC::LOW && DPT::DEV && CTR::FR","SEC::HIG && DPT::DEV && CTR::FR",same,16,25231,946,success,200,902232841,4511164.205
covercrypt,hybridized,089a548,"SEC::LOW && DPT::DEV && CTR::FR","SEC::HIG && DPT::DEV && CTR::$",same,32,51939,946,success,200,1814215670,9071078.350
covercrypt,hybridized,089a548,"SEC::LOW && DPT::DEV && CTR::FR","SEC::HIG && DPT::MKG",different,32,51939,946,failure,200,2763403232,13817016.160
covercrypt,hybridized,089a548,"SEC::LOW && DPT::DEV && CTR::FR","SEC::HIG && DPT::MKG && CTR::EN",same,16,25231,946,failure,200,1855906195,9279530.975
covercrypt,hybridized,089a548,"SEC::LOW && DPT::DEV && CTR::FR","SEC::HIG && DPT::MKG && CTR::FR",same,16,25231,946,failure,200,1411815106,7059075.530
covercrypt,hybridized,089a548,"SEC::LOW && DPT::DEV && CTR::FR","SEC::HIG && DPT::MKG && CTR::$",same,32,51939,946,failure,200,2795396134,13976980.670
covercrypt,hybridized,089a548,"SEC::LOW && DPT::DEV && CTR::FR","SEC::HIG && DPT::$",different,64,105363,946,success,200,2740846654,13704233.270
covercrypt,hybridized,089a548,"SEC::LOW && DPT::DEV && CTR::FR","SEC::HIG && DPT::$ && CTR::EN",same,32,51939,946,failure,200,3909324589,19546622.945
covercrypt,hybridized,089a548,"SEC::LOW && DPT::DEV && CTR::FR","SEC::HIG && DPT::$ && CTR::FR",same,32,51939,946,success,200,1864781241,9323906.205
covercrypt,hybridized,089a548,"SEC::LOW && DPT::DEV && CTR::FR","SEC::HIG && DPT::$ && CTR::$",same,64,105363,946,success,200,3650889814,18254449.070
covercrypt,hybridized,089a548,"SEC::LOW && DPT::DEV && CTR::FR","SEC::$",different,80,132075,946,success,200,4428238229,22141191.145
covercrypt,hybridized,089a548,"SEC::LOW && DPT::DEV && CTR::FR","SEC::$ && CTR::EN",different,40,65293,946,failure,200,3516976562,17584882.810
covercrypt,hybridized,089a548,"SEC::LOW && DPT::DEV && CTR::FR","SEC::$ && CTR::FR",different,40,65293,946,success,200,1856161294,9280806.470
covercrypt,hybridized,089a548,"SEC::LOW && DPT::DEV && CTR::FR","SEC::$ && CTR::$",different,80,132075,946,success,200,3525530664,17627653.320
covercrypt,hybridized,089a548,"SEC::LOW && DPT::DEV && CTR::FR","SEC::$ && DPT::DEV",different,40,65293,946,success,200,1978957745,9894788.725
covercrypt,hybridized,089a548,"SEC::LOW && DPT::DEV && CTR::FR","SEC::$ && DPT::DEV && CTR::EN",same,20,31907,946,failure,200,1714264006,8571320.030
covercrypt,hybridized,089a548,"SEC::LOW && DPT::DEV && CTR::FR","SEC::$ && DPT::DEV && CTR::FR",same,20,31907,946,success,200,1483926467,7419632.335
covercrypt,hybridized,089a548,"SEC::LOW && DPT::DEV && CTR::FR","SEC::$ && DPT::DEV && CTR::$",same,40,65293,946,success,200,2330209035,11651045.175
covercrypt,hybridized,089a548,"SEC::LOW && DPT::DEV && CTR::FR","SEC::$ && DPT::MKG",different,40,65293,946,failure,200,3364059068,16820295.340
covercrypt,hybridized,089a548,"SEC::LOW && DPT::DEV && CTR::FR","SEC::$ && DPT::MKG && CTR::EN",same,20,31907,946,failure,200,1792413721,8962068.605
covercrypt,hybridized,089a548,"SEC::LOW && DPT::DEV && CTR::FR","SEC::$ && DPT::MKG && CTR::FR",same,20,31907,946,failure,200,1809111660,9045558.300
covercrypt,hybridized,089a548,"SEC::LOW && DPT::DEV && CTR::FR","SEC::$ && DPT::MKG && CTR::$",same,40,65293,946,failure,200,3319770523,16598852.615
covercrypt,hybridized,089a548,"SEC::LOW && DPT::DEV && CTR::FR","SEC::$ && DPT::$",different,80,132075,946,success,200,3618480166,18092400.830
covercrypt,hybridized,089a548,"SEC::LOW && DPT::DEV && CTR::FR","SEC::$ && DPT::$ && CTR::EN",same,40,65293,946,failure,200,3715573190,18577865.950
covercrypt,hybridized,089a548,"SEC::LOW && DPT::DEV && CTR::FR","SEC::$ && DPT::$ && CTR::FR",same,40,65293,946,success,200,1603225777,8016128.885
covercrypt,hybridized,089a548,"SEC::LOW && DPT::DEV && CTR::FR","SEC::$ && DPT::$ && CTR::$",same,80,132075,946,success,200,3908409044,19542045.220
covercrypt,hybridized,089a548,"SEC::LOW && DPT::$ && CTR::FR","CTR::EN",different,40,65293,946,failure,200,3598659059,17993295.295
covercrypt,hybridized,089a548,"SEC::LOW && DPT::$ && CTR::FR","CTR::FR",different,40,65293,946,success,200,2121264575,10606322.875
covercrypt,hybridized,089a548,"SEC::LOW && DPT::$ && CTR::FR","CTR::$",different,80,132075,946,success,200,3760923508,18804617.540
covercrypt,hybridized,089a548,"SEC::LOW && DPT::$ && CTR::FR","DPT::DEV",different,40,65293,946,failure,200,3627978246,18139891.230
covercrypt,hybridized,089a548,"SEC::LOW && DPT::$ && CTR::FR","DPT::DEV && CTR::EN",different,20,31907,946,failure,200,2191976424,10959882.120
covercrypt,hybridized,089a548,"SEC::LOW && DPT::$ && CTR::FR","DPT::DEV && CTR::FR",different,20,31907,946,failure,200,2133539069,10667695.345
covercrypt,hybridized,089a548,"SEC::LOW && DPT::$ && CTR::FR","DPT::DEV && CTR::$",different,40,65293,946,failure,200,4490846784,22454233.920
covercrypt,hybridized,089a548,"SEC::LOW && DPT::$ && CTR::FR","DPT::MKG",different,40,65293,946,failure,200,4683560995,23417804.975
covercrypt,hybridized,089a548,"SEC::LOW && DPT::$ && CTR::FR","DPT::MKG && CTR::EN",different,20,31907,946,failure,200,1911977714,9559888.570
covercrypt,hybridized,089a548,"SEC::LOW && DPT::$ && CTR::FR","DPT::MKG && CTR::FR",different,20,31907,946,failure,200,1705687632,8528438.160
covercrypt,hybridized,089a548,"SEC::LOW && DPT::$ && CTR::FR","DPT::MKG && CTR::$",different,40,65293,946,failure,200,3597211217,17986056.085
covercrypt,hybridized,089a548,"SEC::LOW && DPT::$ && CTR::FR","DPT::$",different,80,132075,946,success,200,6720142685,33600713.425
covercrypt,hybridized,089a548,"SEC::LOW && DPT::$ && CTR::FR","DPT::$ && CTR::EN",different,40,65293,946,failure,200,6870038600,34350193.000
covercrypt,hybridized,089a548,"SEC::LOW && DPT::$ && CTR::FR","DPT::$ && CTR::FR",different,40,65293,946,success,200,3648271810,18241359.050
covercrypt,hybridized,089a548,"SEC::LOW && DPT::$ && CTR::FR","DPT::$ && CTR::$",different,80,132075,946,success,200,7530890134,37654450.670
covercrypt,hybridized,089a548,"SEC::LOW && DPT::$ && CTR::FR","SEC::LOW",different,32,51939,946,success,200,2135843588,10679217.940
covercrypt,hybridized,089a548,"SEC::LOW && DPT::$ && CTR::FR","SEC::LOW && CTR::EN",different,16,25231,946,failure,200,1787427768,8937138.840
covercrypt,hybridized,089a548,"SEC::LOW && DPT::$ && CTR::FR","SEC::LOW && CTR::FR",different,16,25231,946,success,200,1035700494,5178502.470
covercrypt,hybridized,089a548,"SEC::LOW && DPT::$ && CTR::FR","SEC::LOW && CTR::$",different,32,51939,946,success,200,2150798730,10753993.650
covercrypt,hybridized,089a548,"SEC::LOW && DPT::$ && CTR::FR","SEC::LOW && DPT::DEV",different,16,25231,946,failure,200,2014182463,10070912.315
covercrypt,hybridized,089a548,"SEC::LOW && DPT::$ && CTR::FR","SEC::LOW && DPT::DEV && CTR::EN",same,8,11879,946,failure,200,848577380,4242886.900
covercrypt,hybridized,089a548,"SEC::LOW && DPT::$ && CTR::FR","SEC::LOW && DPT::DEV && CTR::FR",same,8,11879,946,failure,200,880037876,4400189.380
covercrypt,hybridized,089a548,"SEC::LOW && DPT::$ && CTR::FR","SEC::LOW && DPT::DEV && CTR::$",same,16,25231,946,failure,200,1666411381,8332056.905
covercrypt,hybridized,089a548,"SEC::LOW && DPT::$ && CTR::FR","SEC::LOW && DPT::MKG",different,16,25231,946,failure,200,1530628975,7653144.875
covercrypt,hybridized,089a548,"SEC::LOW && DPT::$ && CTR::FR","SEC::LOW && DPT::MKG && CTR::EN",same,8,11879,946,failure,200,757754285,3788771.425
covercrypt,hybridized,089a548,"SEC::LOW && DPT::$ && CTR::FR","SEC::LOW && DPT::MKG && CTR::FR",same,8,11879,946,failure,200,718890204,3594451.020
covercrypt,hybridized,089a548,"SEC::LOW && DPT::$ && CTR::FR","SEC::LOW && DPT::MKG && CTR::$",same,16,25231,946,failure,200,1324410658,6622053.290
covercrypt,hybridized,089a548,"SEC::LOW && DPT::$ && CTR::FR","SEC::LOW && DPT::$",different,32,51939,946,success,200,1555532068,7777660.340
covercrypt,hybridized,089a548,"SEC::LOW && DPT::$ && CTR::FR","SEC::LOW && DPT::$ && CTR::EN",same,16,25231,946,failure,200,1665714979,8328574.895
covercrypt,hybridized,089a548,"SEC::LOW && DPT::$ && CTR::FR","SEC::LOW && DPT::$ && CTR::FR",same,16,25231,946,success,200,1265933865,6329669.325
covercrypt,hybridized,089a548,"SEC::LOW && DPT::$ && CTR::FR","SEC::LOW && DPT::$ && CTR::$",same,32,51939,946,success,200,1958917176,9794585.880
covercrypt,hybridized,089a548,"SEC::LOW && DPT::$ && CTR::FR","SEC::MED",different,48,78651,946,success,200,2908922993,14544614.965
covercrypt,hybridized,089a548,"SEC::LOW && DPT::$ && CTR::FR","SEC::MED && CTR::EN",different,24,38585,946,failure,200,2229628719,11148143.595
covercrypt,hybridized,089a548,"SEC::LOW && DPT::$ && CTR::FR","SEC::MED && CTR::FR",different,24,38585,946,success,200,1040497218,5202486.090
covercrypt,hybridized,089a548,"SEC::LOW && DPT::$ && CTR::FR","SEC::MED && CTR::$",different,48,78651,946,success,200,2191358555,10956792.775
covercrypt,hybridized,089a548,"SEC::LOW && DPT::$ && CTR::FR","SEC::MED && DPT::DEV",different,24,38585,946,failure,200,2123445147,10617225.735
covercrypt,hybridized,089a548,"SEC::LOW && DPT::$ && CTR::FR","SEC::MED && DPT::DEV && CTR::EN",same,12,18555,946,failure,200,910938003,4554690.015
covercrypt,hybridized,089a548,"SEC::LOW && DPT::$ && CTR::FR","SEC::MED && DPT::DEV && CTR::FR",same,12,18555,946,failure,200,1144958221,5724791.105
covercrypt,hybridized,089a548,"SEC::LOW && DPT::$ && CTR::FR","SEC::MED && DPT::DEV && CTR::$",same,24,38585,946,failure,200,3904332137,19521660.685
covercrypt,hybridized,089a548,"SEC::LOW && DPT::$ && CTR::FR","SEC::MED && DPT::MKG",different,24,38585,946,failure,200,3238444906,16192224.530
covercrypt,hybridized,089a548,"SEC::LOW && DPT::$ && CTR::FR","SEC::MED && DPT::MKG && CTR::EN",same,12,18555,946,failure,200,1606631811,8033159.055
covercrypt,hybridized,089a548,"SEC::LOW && DPT::$ && CTR::FR","SEC::MED && DPT::MKG && CTR::FR",same,12,18555,946,failure,200,2040112225,10200561.125
covercrypt,hybridized,089a548,"SEC::LOW && DPT::$ && CTR::FR","SEC::MED && DPT::MKG && CTR::$",same,24,38585,946,failure,200,3866423571,19332117.855
covercrypt,hybridized,089a548,"SEC::LOW && DPT::$ && CTR::FR","SEC::MED && DPT::$",different,48,78651,946,success,200,2981416252,14907081.260
covercrypt,hybridized,089a548,"SEC::LOW && DPT::$ && CTR::FR","SEC::MED && DPT::$ && CTR::EN",same,24,38585,946,failure,200,2650734724,13253673.620
covercrypt,hybridized,089a548,"SEC::LOW && DPT::$ && CTR::FR","SEC::MED && DPT::$ && CTR::FR",same,24,38585,946,success,200,1400550643,7002753.215
covercrypt,hybridized,089a548,"SEC::LOW && DPT::$ && CTR::FR","SEC::MED && DPT::$ && CTR::$",same,48,78651,946,success,200,2646320403,13231602.015
covercrypt,hybridized,089a548,"SEC::LOW && DPT::$ && CTR::FR","SEC::HIG",different,64,105363,946,success,200,4083142816,20415714.080
covercrypt,hybridized,089a548,"SEC::LOW && DPT::$ && CTR::FR","SEC::HIG && CTR::EN",different,32,51939,946,failure,200,3847053309,19235266.545
covercrypt,hybridized,089a548,"SEC::LOW && DPT::$ && CTR::FR","SEC::HIG && CTR::FR",different,32,51939,946,success,200,2061842669,10309213.345
covercrypt,hybridized,089a548,"SEC::LOW && DPT::$ && CTR::FR","SEC::HIG && CTR::$",different,64,105363,946,success,200,3018585817,15092929.085
covercrypt,hybridized,089a548,"SEC::LOW && DPT::$ && CTR::FR","SEC::HIG && DPT::DEV",different,32,51939,946,failure,200,3577025657,17885128.285
covercrypt,hybridized,089a548,"SEC::LOW && DPT::$ && CTR::FR","SEC::HIG && DPT::DEV && CTR::EN",same,16,25231,946,failure,200,2011185805,10055929.025
covercrypt,hybridized,089a548,"SEC::LOW && DPT::$ && CTR::FR","SEC::HIG && DPT::DEV && CTR::FR",same,16,25231,946,failure,200,2063125193,10315625.965
covercrypt,hybridized,089a548,"SEC::LOW && DPT::$ && CTR::FR","SEC::HIG && DPT::DEV && CTR::$",same,32,51939,946,failure,200,4418008380,22090041.900
covercrypt,hybridized,089a548,"SEC::LOW && DPT::$ && CTR::FR","SEC::HIG && DPT::MKG",different,32,51939,946,failure,200,3063970696,15319853.480
covercrypt,hybridized,089a548,"SEC::LOW && DPT::$ && CTR::FR","SEC::HIG && DPT::MKG && CTR::EN",same,16,25231,946,failure,200,1541166105,7705830.525
covercrypt,hybridized,089a548,"SEC::LOW && DPT::$ && CTR::FR","SEC::HIG && DPT::MKG && CTR::FR",same,16,25231,946,failure,200,1592098988,7960494.940
covercrypt,hybridized,089a548,"SEC::LOW && DPT::$ && CTR::FR","SEC::HIG && DPT::MKG && CTR::$",same,32,51939,946,failure,200,3989669178,19948345.890
covercrypt,hybridized,089a548,"SEC::LOW && DPT::$ && CTR::FR","SEC::HIG && DPT::$",different,64,105363,946,success,200,6050556602,30252783.010
covercrypt,hybridized,089a548,"SEC::LOW && DPT::$ && CTR::FR","SEC::HIG && DPT::$ && CTR::EN",same,32,51939,946,failure,200,5790142601,28950713.005
covercrypt,hybridized,089a548,"SEC::LOW && DPT::$ && CTR::FR","SEC::HIG && DPT::$ && CTR::FR",same,32,51939,946,success,200,2905145015,14525725.075
covercrypt,hybridized,089a548,"SEC::LOW && DPT::$ && CTR::FR","SEC::HIG && DPT::$ && CTR::$",same,64,105363,946,success,200,7179542070,35897710.350
covercrypt,hybridized,089a548,"SEC::LOW && DPT::$ && CTR::FR","SEC::$",different,80,132075,946,success,200,7432192833,37160964.165
covercrypt,hybridized,089a548,"SEC::LOW && DPT::$ && CTR::FR","SEC::$ && CTR::EN",different,40,65293,946,failure,200,7987294704,39936473.520
covercrypt,hybridized,089a548,"SEC::LOW && DPT::$ && CTR::FR","SEC::$ && CTR::FR",different,40,65293,946,success,200,4016177005,20080885.025
covercrypt,hybridized,089a548,"SEC::LOW && DPT::$ && CTR::FR","SEC::$ && CTR::$",different,80,132075,946,success,200,8551535466,42757677.330
covercrypt,hybridized,089a548,"SEC::LOW && DPT::$ && CTR::FR","SEC::$ && DPT::DEV",different,40,65293,946,failure,200,7635332815,38176664.075
covercrypt,hybridized,089a548,"SEC::LOW && DPT::$ && CTR::FR","SEC::$ && DPT::DEV && CTR::EN",same,20,31907,946,failure,200,3958340972,19791704.860
covercrypt,hybridized,089a548,"SEC::LOW && DPT::$ && CTR::FR","SEC::$ && DPT::DEV && CTR::FR",same,20,31907,946,failure,200,3894704433,19473522.165
covercrypt,hybridized,089a548,"SEC::LOW && DPT::$ && CTR::FR","SEC::$ && DPT::DEV && CTR::$",same,40,65293,946,failure,200,7803745391,39018726.955
covercrypt,hybridized,089a548,"SEC::LOW && DPT::$ && CTR::FR","SEC::$ && DPT::MKG",different,40,65293,946,failure,200,7833648116,39168240.580
covercrypt,hybridized,089a548,"SEC::LOW && DPT::$ && CTR::FR","SEC::$ && DPT::MKG && CTR::EN",same,20,31907,946,failure,200,3912889228,19564446.140
covercrypt,hybridized,089a548,"SEC::LOW && DPT::$ && CTR::FR","SEC::$ && DPT::MKG && CTR::FR",same,20,31907,946,failure,200,2662167261,13310836.305
covercrypt,hybridized,089a548,"SEC::LOW && DPT::$ && CTR::FR","SEC::$ && DPT::MKG && CTR::$",same,40,65293,946,failure,200,7145245877,35726229.385
covercrypt,hybridized,089a548,"SEC::LOW && DPT::$ && CTR::FR","SEC::$ && DPT::$",different,80,132075,946,success,200,6445436473,32227182.365
covercrypt,hybridized,089a548,"SEC::LOW && DPT::$ && CTR::FR","SEC::$ && DPT::$ && CTR::EN",same,40,65293,946,failure,200,4824558968,24122794.840
covercrypt,hybridized,089a548,"SEC::LOW && DPT::$ && CTR::FR","SEC::$ && DPT::$ && CTR::FR",same,40,65293,946,success,200,2156354231,10781771.155
covercrypt,hybridized,089a548,"SEC::LOW && DPT::$ && CTR::FR","SEC::$ && DPT::$ && CTR::$",same,80,132075,946,success,200,4404451376,22022256.880
covercrypt,hybridized,089a548,"SEC::MED && DPT::DEV && CTR::FR","CTR::EN",different,40,65293,946,failure,200,3542969435,17714847.175
covercrypt,hybridized,089a548,"SEC::MED && DPT::DEV && CTR::FR","CTR::FR",different,40,65293,946,success,200,1890955516,9454777.580
covercrypt,hybridized,089a548,"SEC::MED && DPT::DEV && CTR::FR","CTR::$",different,80,132075,946,success,200,4880853584,24404267.920
covercrypt,hybridized,089a548,"SEC::MED && DPT::DEV && CTR::FR","DPT::DEV",different,40,65293,946,success,200,3695629926,18478149.630
covercrypt,hybridized,089a548,"SEC::MED && DPT::DEV && CTR::FR","DPT::DEV && CTR::EN",different,20,31907,946,failure,200,2239229265,11196146.325
covercrypt,hybridized,089a548,"SEC::MED && DPT::DEV && CTR::FR","DPT::DEV && CTR::FR",different,20,31907,946,success,200,1153359955,5766799.775
covercrypt,hybridized,089a548,"SEC::MED && DPT::DEV && CTR::FR","DPT::DEV && CTR::$",different,40,65293,946,success,200,1826161568,9130807.840
covercrypt,hybridized,089a548,"SEC::MED && DPT::DEV && CTR::FR","DPT::MKG",different,40,65293,946,failure,200,3671305240,18356526.200
covercrypt,hybridized,089a548,"SEC::MED && DPT::DEV && CTR::FR","DPT::MKG && CTR::EN",different,20,31907,946,failure,200,2548514803,12742574.015
covercrypt,hybridized,089a548,"SEC::MED && DPT::DEV && CTR::FR","DPT::MKG && CTR::FR",different,20,31907,946,failure,200,2012050034,10060250.170
covercrypt,hybridized,089a548,"SEC::MED && DPT::DEV && CTR::FR","DPT::MKG && CTR::$",different,40,65293,946,failure,200,3462060691,17310303.455
covercrypt,hybridized,089a548,"SEC::MED && DPT::DEV && CTR::FR","DPT::$",different,80,132075,946,success,200,3845959137,19229795.685
covercrypt,hybridized,089a548,"SEC::MED && DPT::DEV && CTR::FR","DPT::$ && CTR::EN",different,40,65293,946,failure,200,4370668539,21853342.695
covercrypt,hybridized,089a548,"SEC::MED && DPT::DEV && CTR::FR","DPT::$ && CTR::FR",different,40,65293,946,success,200,1799080404,8995402.020
covercrypt,hybridized,089a548,"SEC::MED && DPT::DEV && CTR::FR","DPT::$ && CTR::$",different,80,132075,946,success,200,3809738766,19048693.830
covercrypt,hybridized,089a548,"SEC::MED && DPT::DEV && CTR::FR","SEC::LOW",different,32,51939,946,failure,200,3128574612,15642873.060
covercrypt,hybridized,089a548,"SEC::MED && DPT::DEV && CTR::FR","SEC::LOW && CTR::EN",different,16,25231,946,failure,200,1306588289,6532941.445
covercrypt,hybridized,089a548,"SEC::MED && DPT::DEV && CTR::FR","SEC::LOW && CTR::FR",different,16,25231,946,failure,200,1587110464,7935552.320
covercrypt,hybridized,089a548,"SEC::MED && DPT::DEV && CTR::FR","SEC::LOW && CTR::$",different,32,51939,946,failure,200,2904249812,14521249.060
covercrypt,hybridized,089a548,"SEC::MED && DPT::DEV && CTR::FR","SEC::LOW && DPT::DEV",different,16,25231,946,failure,200,1860154658,9300773.290
covercrypt,hybridized,089a548,"SEC::MED && DPT::DEV && CTR::FR","SEC::LOW && DPT::DEV && CTR::EN",same,8,11879,946,failure,200,1061064318,5305321.590
covercrypt,hybridized,089a548,"SEC::MED && DPT::DEV && CTR::FR","SEC::LOW && DPT::DEV && CTR::FR",same,8,11879,946,failure,200,1132280330,5661401.650
covercrypt,hybridized,089a548,"SEC::MED && DPT::DEV && CTR::FR","SEC::LOW && DPT::DEV && CTR::$",same,16,25231,946,failure,200,1657522569,8287612.845
covercrypt,hybridized,089a548,"SEC::MED && DPT::DEV && CTR::FR","SEC::LOW && DPT::MKG",different,16,25231,946,failure,200,1804108250,9020541.250
covercrypt,hybridized,089a548,"SEC::MED && DPT::DEV && CTR::FR","SEC::LOW && DPT::MKG && CTR::EN",same,8,11879,946,failure,200,1008899990,5044499.950
covercrypt,hybridized,089a548,"SEC::MED && DPT::DEV && CTR::FR","SEC::LOW && DPT::MKG && CTR::FR",same,8,11879,946,failure,200,759947704,3799738.520
covercrypt,hybridized,089a548,"SEC::MED && DPT::DEV && CTR::FR","SEC::LOW && DPT::MKG && CTR::$",same,16,25231,946,failure,200,1851502446,9257512.230
covercrypt,hybridized,089a548,"SEC::MED && DPT::DEV && CTR::FR","SEC::LOW && DPT::$",different,32,51939,946,failure,200,3679289340,18396446.700
covercrypt,hybridized,089a548,"SEC::MED && DPT::DEV && CTR::FR","SEC::LOW && DPT::$ && CTR::EN",same,16,25231,946,failure,200,1360899388,6804496.940
covercrypt,hybridized,089a548,"SEC::MED && DPT::DEV && CTR::FR","SEC::LOW && DPT::$ && CTR::FR",same,16,25231,946,failure,200,1843804475,9219022.375
covercrypt,hybridized,089a548,"SEC::MED && DPT::DEV && CTR::FR","SEC::LOW && DPT::$ && CTR::$",same,32,51939,946,failure,200,2783408765,13917043.825
covercrypt,hybridized,089a548,"SEC::MED && DPT::DEV && CTR::FR","SEC::MED",different,48,78651,946,success,200,2087797616,10438988.080
covercrypt,hybridized,089a548,"SEC::MED && DPT::DEV && CTR::FR","SEC::MED && CTR::EN",different,24,38585,946,failure,200,2201222268,11006111.340
covercrypt,hybridized,089a548,"SEC::MED && DPT::DEV && CTR::FR","SEC::MED && CTR::FR",different,24,38585,946,success,200,1025049009,5125245.045
covercrypt,hybridized,089a548,"SEC::MED && DPT::DEV && CTR::FR","SEC::MED && CTR::$",different,48,78651,946,success,200,1996917510,9984587.550
covercrypt,hybridized,089a548,"SEC::MED && DPT::DEV && CTR::FR","SEC::MED && DPT::DEV",different,24,38585,946,success,200,1006187965,5030939.825
covercrypt,hybridized,089a548,"SEC::MED && DPT::DEV && CTR::FR","SEC::MED && DPT::DEV && CTR::EN",same,12,18555,946,failure,200,933278906,4666394.530
covercrypt,hybridized,089a548,"SEC::MED && DPT::DEV && CTR::FR","SEC::MED && DPT::DEV && CTR::FR",same,12,18555,946,success,200,592500197,2962500.985
covercrypt,hybridized,089a548,"SEC::MED && DPT::DEV && CTR::FR","SEC::MED && DPT::DEV && CTR::$",same,24,38585,946,success,200,975773835,4878869.175
covercrypt,hybridized,089a548,"SEC::MED && DPT::DEV && CTR::FR","SEC::MED && DPT::MKG",different,24,38585,946,failure,200,2517541072,12587705.360
covercrypt,hybridized,089a548,"SEC::MED && DPT::DEV && CTR::FR","SEC::MED && DPT::MKG && CTR::EN",same,12,18555,946,failure,200,1497094771,7485473.855
covercrypt,hybridized,089a548,"SEC::MED && DPT::DEV && CTR::FR","SEC::MED && DPT::MKG && CTR::FR",same,12,18555,946,failure,200,1532773601,7663868.005
covercrypt,hybridized,089a548,"SEC::MED && DPT::DEV && CTR::FR","SEC::MED && DPT::MKG && CTR::$",same,24,38585,946,failure,200,2163662203,10818311.015
covercrypt,hybridized,089a548,"SEC::MED && DPT::DEV && CTR::FR","SEC::MED && DPT::$",different,48,78651,946,success,200,2773141066,13865705.330
covercrypt,hybridized,089a548,"SEC::MED && DPT::DEV && CTR::FR","SEC::MED && DPT::$ && CTR::EN",same,24,38585,946,failure,200,2663213987,13316069.935
covercrypt,hybridized,089a548,"SEC::MED && DPT::DEV && CTR::FR","SEC::MED && DPT::$ && CTR::FR",same,24,38585,946,success,200,1460885629,7304428.145
covercrypt,hybridized,089a548,"SEC::MED && DPT::DEV && CTR::FR","SEC::MED && DPT::$ && CTR::$",same,48,78651,946,success,200,2050742075,10253710.375
covercrypt,hybridized,089a548,"SEC::MED && DPT::DEV && CTR::FR","SEC::HIG",different,64,105363,946,success,200,4620595366,23102976.830
covercrypt,hybridized,089a548,"SEC::MED && DPT::DEV && CTR::FR","SEC::HIG && CTR::EN",different,32,51939,946,failure,200,3155871377,15779356.885
covercrypt,hybridized,089a548,"SEC::MED && DPT::DEV && CTR::FR","SEC::HIG && CTR::FR",different,32,51939,946,success,200,1365364059,6826820.295
covercrypt,hybridized,089a548,"SEC::MED && DPT::DEV && CTR::FR","SEC::HIG && CTR::$",different,64,105363,946,success,200,3100843384,15504216.920
covercrypt,hybridized,089a548,"SEC::MED && DPT::DEV && CTR::FR","SEC::HIG && DPT::DEV",different,32,51939,946,success,200,1559479595,7797397.975
covercrypt,hybridized,089a548,"SEC::MED && DPT::DEV && CTR::FR","SEC::HIG && DPT::DEV && CTR::EN",same,16,25231,946,failure,200,2150290820,10751454.100
covercrypt,hybridized,089a548,"SEC::MED && DPT::DEV && CTR::FR","SEC::HIG && DPT::DEV && CTR::FR",same,16,25231,946,success,200,1779788786,8898943.930
covercrypt,hybridized,089a548,"SEC::MED && DPT::DEV && CTR::FR","SEC::HIG && DPT::DEV && CTR::$",same,32,51939,946,success,200,2519268690,12596343.450
covercrypt,hybridized,089a548,"SEC::MED && DPT::DEV && CTR::FR","SEC::HIG && DPT::MKG",different,32,51939,946,failure,200,4618969166,23094845.830
covercrypt,hybridized,089a548,"SEC::MED && DPT::DEV && CTR::FR","SEC::HIG && DPT::MKG && CTR::EN",same,16,25231,946,failure,200,2650553683,13252768.415
covercrypt,hybridized,089a548,"SEC::MED && DPT::DEV && CTR::FR","SEC::HIG && DPT::MKG && CTR::FR",same,16,25231,946,failure,200,2995334469,14976672.345
covercrypt,hybridized,089a548,"SEC::MED && DPT::DEV && CTR::FR","SEC::HIG && DPT::MKG && CTR::$",same,32,51939,946,failure,200,5244696481,26223482.405
covercrypt,hybridized,089a548,"SEC::MED && DPT::DEV && CTR::FR","SEC::HIG && DPT::$",different,64,105363,946,success,200,6365161017,31825805.085
covercrypt,hybridized,089a548,"SEC::MED && DPT::DEV && CTR::FR","SEC::HIG && DPT::$ && CTR::EN",same,32,51939,946,failure,200,4851200623,24256003.115
covercrypt,hybridized,089a548,"SEC::MED && DPT::DEV && CTR::FR","SEC::HIG && DPT::$ && CTR::FR",same,32,51939,946,success,200,2152504783,10762523.915
covercrypt,hybridized,089a548,"SEC::MED && DPT::DEV && CTR::FR","SEC::HIG && DPT::$ && CTR::$",same,64,105363,946,success,200,3057481266,15287406.330
covercrypt,hybridized,089a548,"SEC::MED && DPT::DEV && CTR::FR","SEC::$",different,80,132075,946,success,200,5589704457,27948522.285
covercrypt,hybridized,089a548,"SEC::MED && DPT::DEV && CTR::FR","SEC::$ && CTR::EN",different,40,65293,946,failure,200,6622257566,33111287.830
covercrypt,hybridized,089a548,"SEC::MED && DPT::DEV && CTR::FR","SEC::$ && CTR::FR",different,40,65293,946,success,200,2545179643,12725898.215
covercrypt,hybridized,089a548,"SEC::MED && DPT::DEV && CTR::FR","SEC::$ && CTR::$",different,80,132075,946,success,200,3969674184,19848370.920
covercrypt,hybridized,089a548,"SEC::MED && DPT::DEV && CTR::FR","SEC::$ && DPT::DEV",different,40,65293,946,success,200,1628130529,8140652.645
covercrypt,hybridized,089a548,"SEC::MED && DPT::DEV && CTR::FR","SEC::$ && DPT::DEV && CTR::EN",same,20,31907,946,failure,200,1761349764,8806748.820
covercrypt,hybridized,089a548,"SEC::MED && DPT::DEV && CTR::FR","SEC::$ && DPT::DEV && CTR::FR",same,20,31907,946,success,200,1175204803,5876024.015
covercrypt,hybridized,089a548,"SEC::MED && DPT::DEV && CTR::FR","SEC::$ && DPT::DEV && CTR::$",same,40,65293,946,success,200,2549996904,12749984.520
covercrypt,hybridized,089a548,"SEC::MED && DPT::DEV && CTR::FR","SEC::$ && DPT::MKG",different,40,65293,946,failure,200,3648099429,18240497.145
covercrypt,hybridized,089a548,"SEC::MED && DPT::DEV && CTR::FR","SEC::$ && DPT::MKG && CTR::EN",same,20,31907,946,failure,200,1813053354,9065266.770
covercrypt,hybridized,089a548,"SEC::MED && DPT::DEV && CTR::FR","SEC::$ && DPT::MKG && CTR::FR",same,20,31907,946,failure,200,2111795563,10558977.815
covercrypt,hybridized,089a548,"SEC::MED && DPT::DEV && CTR::FR","SEC::$ && DPT::MKG && CTR::$",same,40,65293,946,failure,200,4934626916,24673134.580
covercrypt,hybridized,089a548,"SEC::MED && DPT::DEV && CTR::FR","SEC::$ && DPT::$",different,80,132075,946,success,200,8964296221,44821481.105
covercrypt,hybridized,089a548,"SEC::MED && DPT::DEV && CTR::FR","SEC::$ && DPT::$ && CTR::EN",same,40,65293,946,failure,200,7418857171,37094285.855
covercrypt,hybridized,089a548,"SEC::MED && DPT::DEV && CTR::FR","SEC::$ && DPT::$ && CTR::FR",same,40,65293,946,success,200,4384892360,21924461.800
covercrypt,hybridized,089a548,"SEC::MED && DPT::DEV && CTR::FR","SEC::$ && DPT::$ && CTR::$",same,80,132075,946,success,200,7687694982,38438474.910
covercrypt,hybridized,089a548,"SEC::MED && DPT::$ && CTR::FR","CTR::EN",different,40,65293,946,failure,200,7884221018,39421105.090
covercrypt,hybridized,089a548,"SEC::MED && DPT::$ && CTR::FR","CTR::FR",different,40,65293,946,success,200,4304792835,21523964.175
covercrypt,hybridized,089a548,"SEC::MED && DPT::$ && CTR::FR","CTR::$",different,80,132075,946,success,200,7998994945,39994974.725
covercrypt,hybridized,089a548,"SEC::MED && DPT::$ && CTR::FR","DPT::DEV",different,40,65293,946,failure,200,7875010494,39375052.470
covercrypt,hybridized,089a548,"SEC::MED && DPT::$ && CTR::FR","DPT::DEV && CTR::EN",different,20,31907,946,failure,200,3940277846,19701389.230
covercrypt,hybridized,089a548,"SEC::MED && DPT::$ && CTR::FR","DPT::DEV && CTR::FR",different,20,31907,946,failure,200,3913352396,19566761.980
covercrypt,hybridized,089a548,"SEC::MED && DPT::$ && CTR::FR","DPT::DEV && CTR::$",different,40,65293,946,failure,200,7847593675,39237968.375
covercrypt,hybridized,089a548,"SEC::MED && DPT::$ && CTR::FR","DPT::MKG",different,40,65293,946,failure,200,7748653733,38743268.665
covercrypt,hybridized,089a548,"SEC::MED && DPT::$ && CTR::FR","DPT::MKG && CTR::EN",different,20,31907,946,failure,200,4023184856,20115924.280
covercrypt,hybridized,089a548,"SEC::MED && DPT::$ && CTR::FR","DPT::MKG && CTR::FR",different,20,31907,946,failure,200,3928510800,19642554.000
covercrypt,hybridized,089a548,"SEC::MED && DPT::$ && CTR::FR","DPT::MKG && CTR::$",different,40,65293,946,failure,200,8019331580,40096657.900
covercrypt,hybridized,089a548,"SEC::MED && DPT::$ && CTR::FR","DPT::$",different,80,132075,946,success,200,7651414462,38257072.310
covercrypt,hybridized,089a548,"SEC::MED && DPT::$ && CTR::FR","DPT::$ && CTR::EN",different,40,65293,946,failure,200,7932484508,39662422.540
covercrypt,hybridized,089a548,"SEC::MED && DPT::$ && CTR::FR","DPT::$ && CTR::FR",different,40,65293,946,success,200,4227543354,21137716.770
covercrypt,hybridized,089a548,"SEC::MED && DPT::$ && CTR::FR","DPT::$ && CTR::$",different,80,132075,946,success,200,7846619281,39233096.405
covercrypt,hybridized,089a548,"SEC::MED && DPT::$ && CTR::FR","SEC::LOW",different,32,51939,946,failure,200,5940639555,29703197.775
covercrypt,hybridized,089a548,"SEC::MED && DPT::$ && CTR::FR","SEC::LOW && CTR::EN",different,16,25231,946,failure,200,3029822236,15149111.180
covercrypt,hybridized,089a548,"SEC::MED && DPT::$ && CTR::FR","SEC::LOW && CTR::FR",different,16,25231,946,failure,200,3089791740,15448958.700
covercrypt,hybridized,089a548,"SEC::MED && DPT::$ && CTR::FR","SEC::LOW && CTR::$",different,32,51939,946,failure,200,6112219991,30561099.955
covercrypt,hybridized,089a548,"SEC::MED && DPT::$ && CTR::FR","SEC::LOW && DPT::DEV",different,16,25231,946,failure,200,3108870761,15544353.805
covercrypt,hybridized,089a548,"SEC::MED && DPT::$ && CTR::FR","SEC::LOW && DPT::DEV && CTR::EN",same,8,11879,946,failure,200,1543900807,7719504.035
covercrypt,hybridized,089a548,"SEC::MED && DPT::$ && CTR::FR","SEC::LOW && DPT::DEV && CTR::FR",same,8,11879,946,failure,200,1475135241,7375676.205
covercrypt,hybridized,089a548,"SEC::MED && DPT::$ && CTR::FR","SEC::LOW && DPT::DEV && CTR::$",same,16,25231,946,failure,200,3094385302,15471926.510
covercrypt,hybridized,089a548,"SEC::MED && DPT::$ && CTR::FR","SEC::LOW && DPT::MKG",different,16,25231,946,failure,200,3115642158,15578210.790
covercrypt,hybridized,089a548,"SEC::MED && DPT::$ && CTR::FR","SEC::LOW && DPT::MKG && CTR::EN",same,8,11879,946,failure,200,1525804561,7629022.805
covercrypt,hybridized,089a548,"SEC::MED && DPT::$ && CTR::FR","SEC::LOW && DPT::MKG && CTR::FR",same,8,11879,946,failure,200,1477059656,7385298.280
covercrypt,hybridized,089a548,"SEC::MED && DPT::$ && CTR::FR","SEC::LOW && DPT::MKG && CTR::$",same,16,25231,946,failure,200,3020295765,15101478.825
covercrypt,hybridized,089a548,"SEC::MED && DPT::$ && CTR::FR","SEC::LOW && DPT::$",different,32,51939,946,failure,200,5987137506,29935687.530
covercrypt,hybridized,089a548,"SEC::MED && DPT::$ && CTR::FR","SEC::LOW && DPT::$ && CTR::EN",same,16,25231,946,failure,200,2882577182,14412885.910
covercrypt,hybridized,089a548,"SEC::MED && DPT::$ && CTR::FR","SEC::LOW && DPT::$ && CTR::FR",same,16,25231,946,failure,200,3138696216,15693481.080
covercrypt,hybridized,089a548,"SEC::MED && DPT::$ && CTR::FR","SEC::LOW && DPT::$ && CTR::$",same,32,51939,946,failure,200,6395810518,31979052.590
covercrypt,hybridized,089a548,"SEC::MED && DPT::$ && CTR::FR","SEC::MED",different,48,78651,946,success,200,5275329592,26376647.960
covercrypt,hybridized,089a548,"SEC::MED && DPT::$ && CTR::FR","SEC::MED && CTR::EN",different,24,38585,946,failure,200,4690611992,23453059.960
covercrypt,hybridized,089a548,"SEC::MED && DPT::$ && CTR::FR","SEC::MED && CTR::FR",different,24,38585,946,success,200,2491012308,12455061.540
covercrypt,hybridized,089a548,"SEC::MED && DPT::$ && CTR::FR","SEC::MED && CTR::$",different,48,78651,946,success,200,5206037105,26030185.525
covercrypt,hybridized,089a548,"SEC::MED && DPT::$ && CTR::FR","SEC::MED && DPT::DEV",different,24,38585,946,failure,200,4808314995,24041574.975
covercrypt,hybridized,089a548,"SEC::MED && DPT::$ && CTR::FR","SEC::MED && DPT::DEV && CTR::EN",same,12,18555,946,failure,200,2395160156,11975800.780
covercrypt,hybridized,089a548,"SEC::MED && DPT::$ && CTR::FR","SEC::MED && DPT::DEV && CTR::FR",same,12,18555,946,failure,200,2303207343,11516036.715
covercrypt,hybridized,089a548,"SEC::MED && DPT::$ && CTR::FR","SEC::MED && DPT::DEV && CTR::$",same,24,38585,946,failure,200,4668263078,23341315.390
covercrypt,hybridized,089a548,"SEC::MED && DPT::$ && CTR::FR","SEC::MED && DPT::MKG",different,24,38585,946,failure,200,4641056101,23205280.505
covercrypt,hybridized,089a548,"SEC::MED && DPT::$ && CTR::FR","SEC::MED && DPT::MKG && CTR::EN",same,12,18555,946,failure,200,2288727372,11443636.860
covercrypt,hybridized,089a548,"SEC::MED && DPT::$ && CTR::FR","SEC::MED && DPT::MKG && CTR::FR",same,12,18555,946,failure,200,2326528267,11632641.335
covercrypt,hybridized,089a548,"SEC::MED && DPT::$ && CTR::FR","SEC::MED && DPT::MKG && CTR::$",same,24,38585,946,failure,200,4673150332,23365751.660
covercrypt,hybridized,089a548,"SEC::MED && DPT::$ && CTR::FR","SEC::MED && DPT::$",different,48,78651,946,success,200,5296136457,26480682.285
covercrypt,hybridized,089a548,"SEC::MED && DPT::$ && CTR::FR","SEC::MED && DPT::$ && CTR::EN",same,24,38585,946,failure,200,4773090721,23865453.605
covercrypt,hybridized,089a548,"SEC::MED && DPT::$ && CTR::FR","SEC::MED && DPT::$ && CTR::FR",same,24,38585,946,success,200,2769074622,13845373.110
covercrypt,hybridized,089a548,"SEC::MED && DPT::$ && CTR::FR","SEC::MED && DPT::$ && CTR::$",same,48,78651,946,success,200,4888242705,24441213.525
covercrypt,hybridized,089a548,"SEC::MED && DPT::$ && CTR::FR","SEC::HIG",different,64,105363,946,success,200,5448723121,27243615.605
covercrypt,hybridized,089a548,"SEC::MED && DPT::$ && CTR::FR","SEC::HIG && CTR::EN",different,32,51939,946,failure,200,3437871527,17189357.635
covercrypt,hybridized,089a548,"SEC::MED && DPT::$ && CTR::FR","SEC::HIG && CTR::FR",different,32,51939,946,success,200,2311263384,11556316.920
covercrypt,hybridized,089a548,"SEC::MED && DPT::$ && CTR::FR","SEC::HIG && CTR::$",different,64,105363,946,success,200,3137968854,15689844.270
covercrypt,hybridized,089a548,"SEC::MED && DPT::$ && CTR::FR","SEC::HIG && DPT::DEV",different,32,51939,946,failure,200,3806378287,19031891.435
covercrypt,hybridized,089a548,"SEC::MED && DPT::$ && CTR::FR","SEC::HIG && DPT::DEV && CTR::EN",same,16,25231,946,failure,200,2377903992,11889519.960
covercrypt,hybridized,089a548,"SEC::MED && DPT::$ && CTR::FR","SEC::HIG && DPT::DEV && CTR::FR",same,16,25231,946,failure,200,1743311463,8716557.315
covercrypt,hybridized,089a548,"SEC::MED && DPT::$ && CTR::FR","SEC::HIG && DPT::DEV && CTR::$",same,32,51939,946,failure,200,4134162636,20670813.180
covercrypt,hybridized,089a548,"SEC::MED && DPT::$ && CTR::FR","SEC::HIG && DPT::MKG",different,32,51939,946,failure,200,3990336245,19951681.225
covercrypt,hybridized,089a548,"SEC::MED && DPT::$ && CTR::FR","SEC::HIG && DPT::MKG && CTR::EN",same,16,25231,946,failure,200,1566968423,7834842.115
covercrypt,hybridized,089a548,"SEC::MED && DPT::$ && CTR::FR","SEC::HIG && DPT::MKG && CTR::FR",same,16,25231,946,failure,200,1729516406,8647582.030
covercrypt,hybridized,089a548,"SEC::MED && DPT::$ && CTR::FR","SEC::HIG && DPT::MKG && CTR::$",same,32,51939,946,failure,200,3893832086,19469160.430
covercrypt,hybridized,089a548,"SEC::MED && DPT::$ && CTR::FR","SEC::HIG && DPT::$",different,64,105363,946,success,200,3667270777,18336353.885
covercrypt,hybridized,089a548,"SEC::MED && DPT::$ && CTR::FR","SEC::HIG && DPT::$ && CTR::EN",same,32,51939,946,failure,200,3995245341,19976226.705
covercrypt,hybridized,089a548,"SEC::MED && DPT::$ && CTR::FR","SEC::HIG && DPT::$ && CTR::FR",same,32,51939,946,success,200,2496952120,12484760.600
covercrypt,hybridized,089a548,"SEC::MED && DPT::$ && CTR::FR","SEC::HIG && DPT::$ && CTR::$",same,64,105363,946,success,200,4291240295,21456201.475
covercrypt,hybridized,089a548,"SEC::MED && DPT::$ && CTR::FR","SEC::$",different,80,132075,946,success,200,5385947018,26929735.090
covercrypt,hybridized,089a548,"SEC::MED && DPT::$ && CTR::FR","SEC::$ && CTR::EN",different,40,65293,946,failure,200,4951841405,24759207.025
covercrypt,hybridized,089a548,"SEC::MED && DPT::$ && CTR::FR","SEC::$ && CTR::FR",different,40,65293,946,success,200,3519675446,17598377.230
covercrypt,hybridized,089a548,"SEC::MED && DPT::$ && CTR::FR","SEC::$ && CTR::$",different,80,132075,946,success,200,4527402583,22637012.915
covercrypt,hybridized,089a548,"SEC::MED && DPT::$ && CTR::FR","SEC::$ && DPT::DEV",different,40,65293,946,failure,200,5178049937,25890249.685
covercrypt,hybridized,089a548,"SEC::MED && DPT::$ && CTR::FR","SEC::$ && DPT::DEV && CTR::EN",same,20,31907,946,failure,200,2864948176,14324740.880
covercrypt,hybridized,089a548,"SEC::MED && DPT::$ && CTR::FR","SEC::$ && DPT::DEV && CTR::FR",same,20,31907,946,failure,200,2930809376,14654046.880
covercrypt,hybridized,089a548,"SEC::MED && DPT::$ && CTR::FR","SEC::$ && DPT::DEV && CTR::$",same,40,65293,946,failure,200,6190875389,30954376.945
covercrypt,hybridized,089a548,"SEC::MED && DPT::$ && CTR::FR","SEC::$ && DPT::MKG",different,40,65293,946,failure,200,5186030655,25930153.275
covercrypt,hybridized,089a548,"SEC::MED && DPT::$ && CTR::FR","SEC::$ && DPT::MKG && CTR::EN",same,20,31907,946,failure,200,2727081297,13635406.485
covercrypt,hybridized,089a548,"SEC::MED && DPT::$ && CTR::FR","SEC::$ && DPT::MKG && CTR::FR",same,20,31907,946,failure,200,3679913721,18399568.605
covercrypt,hybridized,089a548,"SEC::MED && DPT::$ && CTR::FR","SEC::$ && DPT::MKG && CTR::$",same,40,65293,946,failure,200,7773237059,38866185.295
covercrypt,hybridized,089a548,"SEC::MED && DPT::$ && CTR::FR","SEC::$ && DPT::$",different,80,132075,946,success,200,7664159934,38320799.670
covercrypt,hybridized,089a548,"SEC::MED && DPT::$ && CTR::FR","SEC::$ && DPT::$ && CTR::EN",same,40,65293,946,failure,200,7779806750,38899033.750
covercrypt,hybridized,089a548,"SEC::MED && DPT::$ && CTR::FR","SEC::$ && DPT::$ && CTR::FR",same,40,65293,946,success,200,4629637098,23148185.490
covercrypt,hybridized,089a548,"SEC::MED && DPT::$ && CTR::FR","SEC::$ && DPT::$ && CTR::$",same,80,132075,946,success,200,8096473966,40482369.830
covercrypt,hybridized,089a548,"SEC::HIG && DPT::DEV && CTR::FR","CTR::EN",different,40,65293,946,failure,200,7580780689,37903903.445
covercrypt,hybridized,089a548,"SEC::HIG && DPT::DEV && CTR::FR","CTR::FR",different,40,65293,946,success,200,3743442223,18717211.115
covercrypt,hybridized,089a548,"SEC::HIG && DPT::DEV && CTR::FR","CTR::$",different,80,132075,946,success,200,5385398518,26926992.590
covercrypt,hybridized,089a548,"SEC::HIG && DPT::DEV && CTR::FR","DPT::DEV",different,40,65293,946,success,200,2909478958,14547394.790
covercrypt,hybridized,089a548,"SEC::HIG && DPT::DEV && CTR::FR","DPT::DEV && CTR::EN",different,20,31907,946,failure,200,3550693355,17753466.775
covercrypt,hybridized,089a548,"SEC::HIG && DPT::DEV && CTR::FR","DPT::DEV && CTR::FR",different,20,31907,946,success,200,2419787898,12098939.490
covercrypt,hybridized,089a548,"SEC::HIG && DPT::DEV && CTR::FR","DPT::DEV && CTR::$",different,40,65293,946,success,200,4210458210,21052291.050
covercrypt,hybridized,089a548,"SEC::HIG && DPT::DEV && CTR::FR","DPT::MKG",different,40,65293,946,failure,200,7102296182,35511480.910
covercrypt,hybridized,089a548,"SEC::HIG && DPT::DEV && CTR::FR","DPT::MKG && CTR::EN",different,20,31907,946,failure,200,3908144911,19540724.555
covercrypt,hybridized,089a548,"SEC::HIG && DPT::DEV && CTR::FR","DPT::MKG && CTR::FR",different,20,31907,946,failure,200,3946611033,19733055.165
covercrypt,hybridized,089a548,"SEC::HIG && DPT::DEV && CTR::FR","DPT::MKG && CTR::$",different,40,65293,946,failure,200,7707482680,38537413.400
covercrypt,hybridized,089a548,"SEC::HIG && DPT::DEV && CTR::FR","DPT::$",different,80,132075,946,success,200,7517424840,37587124.200
covercrypt,hybridized,089a548,"SEC::HIG && DPT::DEV && CTR::FR","DPT::$ && CTR::EN",different,40,65293,946,failure,200,7725220080,38626100.400
covercrypt,hybridized,089a548,"SEC::HIG && DPT::DEV && CTR::FR","DPT::$ && CTR::FR",different,40,65293,946,success,200,4679028973,23395144.865
covercrypt,hybridized,089a548,"SEC::HIG && DPT::DEV && CTR::FR","DPT::$ && CTR::$",different,80,132075,946,success,200,7617140609,38085703.045
covercrypt,hybridized,089a548,"SEC::HIG && DPT::DEV && CTR::FR","SEC::LOW",different,32,51939,946,failure,200,6216421761,31082108.805
covercrypt,hybridized,089a548,"SEC::HIG && DPT::DEV && CTR::FR","SEC::LOW && CTR::EN",different,16,25231,946,failure,200,3143955210,15719776.050
covercrypt,hybridized,089a548,"SEC::HIG && DPT::DEV && CTR::FR","SEC::LOW && CTR::FR",different,16,25231,946,failure,200,3015531204,15077656.020
covercrypt,hybridized,089a548,"SEC::HIG && DPT::DEV && CTR::FR","SEC::LOW && CTR::$",different,32,51939,946,failure,200,6234566158,31172830.790
covercrypt,hybridized,089a548,"SEC::HIG && DPT::DEV && CTR::FR","SEC::LOW && DPT::DEV",different,16,25231,946,failure,200,3096032279,15480161.395
covercrypt,hybridized,089a548,"SEC::HIG && DPT::DEV && CTR::FR","SEC::LOW && DPT::DEV && CTR::EN",same,8,11879,946,failure,200,1618445567,8092227.835
covercrypt,hybridized,089a548,"SEC::HIG && DPT::DEV && CTR::FR","SEC::LOW && DPT::DEV && CTR::FR",same,8,11879,946,failure,200,1562136760,7810683.800
covercrypt,hybridized,089a548,"SEC::HIG && DPT::DEV && CTR::FR","SEC::LOW && DPT::DEV && CTR::$",same,16,25231,946,failure,200,3131776294,15658881.470
covercrypt,hybridized,089a548,"SEC::HIG && DPT::DEV && CTR::FR","SEC::LOW && DPT::MKG",different,16,25231,946,failure,200,3154813287,15774066.435
covercrypt,hybridized,089a548,"SEC::HIG && DPT::DEV && CTR::FR","SEC::LOW && DPT::MKG && CTR::EN",same,8,11879,946,failure,200,1560285640,7801428.200
covercrypt,hybridized,089a548,"SEC::HIG && DPT::DEV && CTR::FR","SEC::LOW && DPT::MKG && CTR::FR",same,8,11879,946,failure,200,1526494395,7632471.975
covercrypt,hybridized,089a548,"SEC::HIG && DPT::DEV && CTR::FR","SEC::LOW && DPT::MKG && CTR::$",same,16,25231,946,failure,200,3274085503,16370427.515
covercrypt,hybridized,089a548,"SEC::HIG && DPT::DEV && CTR::FR","SEC::LOW && DPT::$",different,32,51939,946,failure,200,6147059238,30735296.190
covercrypt,hybridized,089a548,"SEC::HIG && DPT::DEV && CTR::FR","SEC::LOW && DPT::$ && CTR::EN",same,16,25231,946,failure,200,3222606427,16113032.135
covercrypt,hybridized,089a548,"SEC::HIG && DPT::DEV && CTR::FR","SEC::LOW && DPT::$ && CTR::FR",same,16,25231,946,failure,200,3269666611,16348333.055
covercrypt,hybridized,089a548,"SEC::HIG && DPT::DEV && CTR::FR","SEC::LOW && DPT::$ && CTR::$",same,32,51939,946,failure,200,6509973029,32549865.145
covercrypt,hybridized,089a548,"SEC::HIG && DPT::DEV && CTR::FR","SEC::MED",different,48,78651,946,failure,200,9537205381,47686026.905
covercrypt,hybridized,089a548,"SEC::HIG && DPT::DEV && CTR::FR","SEC::MED && CTR::EN",different,24,38585,946,failure,200,4586677465,22933387.325
covercrypt,hybridized,089a548,"SEC::HIG && DPT::DEV && CTR::FR","SEC::MED && CTR::FR",different,24,38585,946,failure,200,4202185383,21010926.915
covercrypt,hybridized,089a548,"SEC::HIG && DPT::DEV && CTR::FR","SEC::MED && CTR::$",different,48,78651,946,failure,200,8922117226,44610586.130
covercrypt,hybridized,089a548,"SEC::HIG && DPT::DEV && CTR::FR","SEC::MED && DPT::DEV",different,24,38585,946,failure,200,4218661448,21093307.240
covercrypt,hybridized,089a548,"SEC::HIG && DPT::DEV && CTR::FR","SEC::MED && DPT::DEV && CTR::EN",same,12,18555,946,failure,200,1831006151,9155030.755
covercrypt,hybridized,089a548,"SEC::HIG && DPT::DEV && CTR::FR","SEC::MED && DPT::DEV && CTR::FR",same,12,18555,946,failure,200,2164345099,10821725.495
covercrypt,hybridized,089a548,"SEC::HIG && DPT::DEV && CTR::FR","SEC::MED && DPT::DEV && CTR::$",same,24,38585,946,failure,200,3480667806,17403339.030
covercrypt,hybridized,089a548,"SEC::HIG && DPT::DEV && CTR::FR","SEC::MED && DPT::MKG",different,24,38585,946,failure,200,3676789440,18383947.200
covercrypt,hybridized,089a548,"SEC::HIG && DPT::DEV && CTR::FR","SEC::MED && DPT::MKG && CTR::EN",same,12,18555,946,failure,200,2104799785,10523998.925
covercrypt,hybridized,089a548,"SEC::HIG && DPT::DEV && CTR::FR","SEC::MED && DPT::MKG && CTR::FR",same,12,18555,946,failure,200,1916747018,9583735.090
covercrypt,hybridized,089a548,"SEC::HIG && DPT::DEV && CTR::FR","SEC::MED && DPT::MKG && CTR::$",same,24,38585,946,failure,200,3922854201,19614271.005
covercrypt,hybridized,089a548,"SEC::HIG && DPT::DEV && CTR::FR","SEC::MED && DPT::$",different,48,78651,946,failure,200,6095282471,30476412.355
covercrypt,hybridized,089a548,"SEC::HIG && DPT::DEV && CTR::FR","SEC::MED && DPT::$ && CTR::EN",same,24,38585,946,failure,200,3617010685,18085053.425
covercrypt,hybridized,089a548,"SEC::HIG && DPT::DEV && CTR::FR","SEC::MED && DPT::$ && CTR::FR",same,24,38585,946,failure,200,3108483393,15542416.965
covercrypt,hybridized,089a548,"SEC::HIG && DPT::DEV && CTR::FR","SEC::MED && DPT::$ && CTR::$",same,48,78651,946,failure,200,8120884084,40604420.420
covercrypt,hybridized,089a548,"SEC::HIG && DPT::DEV && CTR::FR","SEC::HIG",different,64,105363,946,success,200,5926237312,29631186.560
covercrypt,hybridized,089a548,"SEC::HIG && DPT::DEV && CTR::FR","SEC::HIG && CTR::EN",different,32,51939,946,failure,200,4345630010,21728150.050
covercrypt,hybridized,089a548,"SEC::HIG && DPT::DEV && CTR::FR","SEC::HIG && CTR::FR",different,32,51939,946,success,200,2657292389,13286461.945
covercrypt,hybridized,089a548,"SEC::HIG && DPT::DEV && CTR::FR","SEC::HIG && CTR::$",different,64,105363,946,success,200,5684158985,28420794.925
covercrypt,hybridized,089a548,"SEC::HIG && DPT::DEV && CTR::FR","SEC::HIG && DPT::DEV",different,32,51939,946,success,200,3525867250,17629336.250
covercrypt,hybridized,089a548,"SEC::HIG && DPT::DEV && CTR::FR","SEC::HIG && DPT::DEV && CTR::EN",same,16,25231,946,failure,200,3112479255,15562396.275
covercrypt,hybridized,089a548,"SEC::HIG && DPT::DEV && CTR::FR","SEC::HIG && DPT::DEV && CTR::FR",same,16,25231,946,success,200,1791613145,8958065.725
covercrypt,hybridized,089a548,"SEC::HIG && DPT::DEV && CTR::FR","SEC::HIG && DPT::DEV && CTR::$",same,32,51939,946,success,200,1986270569,9931352.845
covercrypt,hybridized,089a548,"SEC::HIG && DPT::DEV && CTR::FR","SEC::HIG && DPT::MKG",different,32,51939,946,failure,200,2922950981,14614754.905
covercrypt,hybridized,089a548,"SEC::HIG && DPT::DEV && CTR::FR","SEC::HIG && DPT::MKG && CTR::EN",same,16,25231,946,failure,200,1455744896,7278724.480
covercrypt,hybridized,089a548,"SEC::HIG && DPT::DEV && CTR::FR","SEC::HIG && DPT::MKG && CTR::FR",same,16,25231,946,failure,200,1352927305,6764636.525
covercrypt,hybridized,089a548,"SEC::HIG && DPT::DEV && CTR::FR","SEC::HIG && DPT::MKG && CTR::$",same,32,51939,946,failure,200,2721835314,13609176.570
covercrypt,hybridized,089a548,"SEC::HIG && DPT::DEV && CTR::FR","SEC::HIG && DPT::$",different,64,105363,946,success,200,3227350837,16136754.185
covercrypt,hybridized,089a548,"SEC::HIG && DPT::DEV && CTR::FR","SEC::HIG && DPT::$ && CTR::EN",same,32,51939,946,failure,200,2991864860,14959324.300
covercrypt,hybridized,089a548,"SEC::HIG && DPT::DEV && CTR::FR","SEC::HIG && DPT::$ && CTR::FR",same,32,51939,946,success,200,1442737852,7213689.260
covercrypt,hybridized,089a548,"SEC::HIG && DPT::DEV && CTR::FR","SEC::HIG && DPT::$ && CTR::$",same,64,105363,946,success,200,3324300411,16621502.055
covercrypt,hybridized,089a548,"SEC::HIG && DPT::DEV && CTR::FR","SEC::$",different,80,132075,946,success,200,3351483661,16757418.305
covercrypt,hybridized,089a548,"SEC::HIG && DPT::DEV && CTR::FR","SEC::$ && CTR::EN",different,40,65293,946,failure,200,3031309915,15156549.575
covercrypt,hybridized,089a548,"SEC::HIG && DPT::DEV && CTR::FR","SEC::$ && CTR::FR",different,40,65293,946,success,200,1354639125,6773195.625
covercrypt,hybridized,089a548,"SEC::HIG && DPT::DEV && CTR::FR","SEC::$ && CTR::$",different,80,132075,946,success,200,2507350020,12536750.100
covercrypt,hybridized,089a548,"SEC::HIG && DPT::DEV && CTR::FR","SEC::$ && DPT::DEV",different,40,65293,946,success,200,1241978922,6209894.610
covercrypt,hybridized,089a548,"SEC::HIG && DPT::DEV && CTR::FR","SEC::$ && DPT::DEV && CTR::EN",same,20,31907,946,failure,200,1559483936,7797419.680
covercrypt,hybridized,089a548,"SEC::HIG && DPT::DEV && CTR::FR","SEC::$ && DPT::DEV && CTR::FR",same,20,31907,946,success,200,765171398,3825856.990
covercrypt,hybridized,089a548,"SEC::HIG && DPT::DEV && CTR::FR","SEC::$ && DPT::DEV && CTR::$",same,40,65293,946,success,200,1404566888,7022834.440
covercrypt,hybridized,089a548,"SEC::HIG && DPT::DEV && CTR::FR","SEC::$ && DPT::MKG",different,40,65293,946,failure,200,3040922880,15204614.400
covercrypt,hybridized,089a548,"SEC::HIG && DPT::DEV && CTR::FR","SEC::$ && DPT::MKG && CTR::EN",same,20,31907,946,failure,200,1744890637,8724453.185
covercrypt,hybridized,089a548,"SEC::HIG && DPT::DEV && CTR::FR","SEC::$ && DPT::MKG && CTR::FR",same,20,31907,946,failure,200,1421074770,7105373.850
covercrypt,hybridized,089a548,"SEC::HIG && DPT::DEV && CTR::FR","SEC::$ && DPT::MKG && CTR::$",same,40,65293,946,failure,200,2799962577,13999812.885
covercrypt,hybridized,089a548,"SEC::HIG && DPT::DEV && CTR::FR","SEC::$ && DPT::$",different,80,132075,946,success,200,2916297204,14581486.020
covercrypt,hybridized,089a548,"SEC::HIG && DPT::DEV && CTR::FR","SEC::$ && DPT::$ && CTR::EN",same,40,65293,946,failure,200,2763668664,13818343.320
covercrypt,hybridized,089a548,"SEC::HIG && DPT::DEV && CTR::FR","SEC::$ && DPT::$ && CTR::FR",same,40,65293,946,success,200,1462074961,7310374.805
covercrypt,hybridized,089a548,"SEC::HIG && DPT::DEV && CTR::FR","SEC::$ && DPT::$ && CTR::$",same,80,132075,946,success,200,3122051010,15610255.050
covercrypt,hybridized,089a548,"SEC::HIG && DPT::$ && CTR::FR","CTR::EN",different,40,65293,946,failure,200,3153337046,15766685.230
covercrypt,hybridized,089a548,"SEC::HIG && DPT::$ && CTR::FR","CTR::FR",different,40,65293,946,success,200,1565179231,7825896.155
covercrypt,hybridized,089a548,"SEC::HIG && DPT::$ && CTR::FR","CTR::$",different,80,132075,946,success,200,2656934322,13284671.610
covercrypt,hybridized,089a548,"SEC::HIG && DPT::$ && CTR::FR","DPT::DEV",different,40,65293,946,failure,200,2983995481,14919977.405
covercrypt,hybridized,089a548,"SEC::HIG && DPT::$ && CTR::FR","DPT::DEV && CTR::EN",different,20,31907,946,failure,200,1223191299,6115956.495
covercrypt,hybridized,089a548,"SEC::HIG && DPT::$ && CTR::FR","DPT::DEV && CTR::FR",different,20,31907,946,failure,200,1132109621,5660548.105
covercrypt,hybridized,089a548,"SEC::HIG && DPT::$ && CTR::FR","DPT::DEV && CTR::$",different,40,65293,946,failure,200,4175998397,20879991.985
covercrypt,hybridized,089a548,"SEC::HIG && DPT::$ && CTR::FR","DPT::MKG",different,40,65293,946,failure,200,4629985931,23149929.655
covercrypt,hybridized,089a548,"SEC::HIG && DPT::$ && CTR::FR","DPT::MKG && CTR::EN",different,20,31907,946,failure,200,3171210659,15856053.295
covercrypt,hybridized,089a548,"SEC::HIG && DPT::$ && CTR::FR","DPT::MKG && CTR::FR",different,20,31907,946,failure,200,3343882174,16719410.870
covercrypt,hybridized,089a548,"SEC::HIG && DPT::$ && CTR::FR","DPT::MKG && CTR::$",different,40,65293,946,failure,200,4340304853,21701524.265
covercrypt,hybridized,089a548,"SEC::HIG && DPT::$ && CTR::FR","DPT::$",different,80,132075,946,success,200,5532528910,27662644.550
covercrypt,hybridized,089a548,"SEC::HIG && DPT::$ && CTR::FR","DPT::$ && CTR::EN",different,40,65293,946,failure,200,2897741143,14488705.715
covercrypt,hybridized,089a548,"SEC::HIG && DPT::$ && CTR::FR","DPT::$ && CTR::FR",different,40,65293,946,success,200,1466718452,7333592.260
covercrypt,hybridized,089a548,"SEC::HIG && DPT::$ && CTR::FR","DPT::$ && CTR::$",different,80,132075,946,success,200,2824226401,14121132.005
covercrypt,hybridized,089a548,"SEC::HIG && DPT::$ && CTR::FR","SEC::LOW",different,32,51939,946,failure,200,2100757424,10503787.120
covercrypt,hybridized,089a548,"SEC::HIG && DPT::$ && CTR::FR","SEC::LOW && CTR::EN",different,16,25231,946,failure,200,1152834146,5764170.730
covercrypt,hybridized,089a548,"SEC::HIG && DPT::$ && CTR::FR","SEC::LOW && CTR::FR",different,16,25231,946,failure,200,1105667860,5528339.300
covercrypt,hybridized,089a548,"SEC::HIG && DPT::$ && CTR::FR","SEC::LOW && CTR::$",different,32,51939,946,failure,200,2197335732,10986678.660
covercrypt,hybridized,089a548,"SEC::HIG && DPT::$ && CTR::FR","SEC::LOW && DPT::DEV",different,16,25231,946,failure,200,1183620276,5918101.380
covercrypt,hybridized,089a548,"SEC::HIG && DPT::$ && CTR::FR","SEC::LOW && DPT::DEV && CTR::EN",same,8,11879,946,failure,200,590388658,2951943.290
covercrypt,hybridized,089a548,"SEC::HIG && DPT::$ && CTR::FR","SEC::LOW && DPT::DEV && CTR::FR",same,8,11879,946,failure,200,668185846,3340929.230
covercrypt,hybridized,089a548,"SEC::HIG && DPT::$ && CTR::FR","SEC::LOW && DPT::DEV && CTR::$",same,16,25231,946,failure,200,2586748440,12933742.200
covercrypt,hybridized,089a548,"SEC::HIG && DPT::$ && CTR::FR","SEC::LOW && DPT::MKG",different,16,25231,946,failure,200,1942062289,9710311.445
covercrypt,hybridized,089a548,"SEC::HIG && DPT::$ && CTR::FR","SEC::LOW && DPT::MKG && CTR::EN",same,8,11879,946,failure,200,972651791,4863258.955
covercrypt,hybridized,089a548,"SEC::HIG && DPT::$ && CTR::FR","SEC::LOW && DPT::MKG && CTR::FR",same,8,11879,946,failure,200,1191384839,5956924.195
covercrypt,hybridized,089a548,"SEC::HIG && DPT::$ && CTR::FR","SEC::LOW && DPT::MKG && CTR::$",same,16,25231,946,failure,200,1510741097,7553705.485
covercrypt,hybridized,089a548,"SEC::HIG && DPT::$ && CTR::FR","SEC::LOW && DPT::$",different,32,51939,946,failure,200,3561732328,17808661.640
covercrypt,hybridized,089a548,"SEC::HIG && DPT::$ && CTR::FR","SEC::LOW && DPT::$ && CTR::EN",same,16,25231,946,failure,200,3092626292,15463131.460
covercrypt,hybridized,089a548,"SEC::HIG && DPT::$ && CTR::FR","SEC::LOW && DPT::$ && CTR::FR",same,16,25231,946,failure,200,3215603376,16078016.880
covercrypt,hybridized,089a548,"SEC::HIG && DPT::$ && CTR::FR","SEC::LOW && DPT::$ && CTR::$",same,32,51939,946,failure,200,6188991849,30944959.245
covercrypt,hybridized,089a548,"SEC::HIG && DPT::$ && CTR::FR","SEC::MED",different,48,78651,946,failure,200,9378098661,46890493.305
covercrypt,hybridized,089a548,"SEC::HIG && DPT::$ && CTR::FR","SEC::MED && CTR::EN",different,24,38585,946,failure,200,4840200201,24201001.005
covercrypt,hybridized,089a548,"SEC::HIG && DPT::$ && CTR::FR","SEC::MED && CTR::FR",different,24,38585,946,failure,200,4803272108,24016360.540
covercrypt,hybridized,089a548,"SEC::HIG && DPT::$ && CTR::FR","SEC::MED && CTR::$",different,48,78651,946,failure,200,8816638733,44083193.665
covercrypt,hybridized,089a548,"SEC::HIG && DPT::$ && CTR::FR","SEC::MED && DPT::DEV",different,24,38585,946,failure,200,4040388689,20201943.445
covercrypt,hybridized,089a548,"SEC::HIG && DPT::$ && CTR::FR","SEC::MED && DPT::DEV && CTR::EN",same,12,18555,946,failure,200,1549324178,7746620.890
covercrypt,hybridized,089a548,"SEC::HIG && DPT::$ && CTR::FR","SEC::MED && DPT::DEV && CTR::FR",same,12,18555,946,failure,200,1678427338,8392136.690
covercrypt,hybridized,089a548,"SEC::HIG && DPT::$ && CTR::FR","SEC::MED && DPT::DEV && CTR::$",same,24,38585,946,failure,200,3774924324,18874621.620
covercrypt,hybridized,089a548,"SEC::HIG && DPT::$ && CTR::FR","SEC::MED && DPT::MKG",different,24,38585,946,failure,200,3538903260,17694516.300
covercrypt,hybridized,089a548,"SEC::HIG && DPT::$ && CTR::FR","SEC::MED && DPT::MKG && CTR::EN",same,12,18555,946,failure,200,1678277437,8391387.185
covercrypt,hybridized,089a548,"SEC::HIG && DPT::$ && CTR::FR","SEC::MED && DPT::MKG && CTR::FR",same,12,18555,946,failure,200,1103749083,5518745.415
covercrypt,hybridized,089a548,"SEC::HIG && DPT::$ && CTR::FR","SEC::MED && DPT::MKG && CTR::$",same,24,38585,946,failure,200,2707261696,13536308.480
covercrypt,hybridized,089a548,"SEC::HIG && DPT::$ && CTR::FR","SEC::MED && DPT::$",different,48,78651,946,failure,200,5094718126,25473590.630
covercrypt,hybridized,089a548,"SEC::HIG && DPT::$ && CTR::FR","SEC::MED && DPT::$ && CTR::EN",same,24,38585,946,failure,200,2954136839,14770684.195
covercrypt,hybridized,089a548,"SEC::HIG && DPT::$ && CTR::FR","SEC::MED && DPT::$ && CTR::FR",same,24,38585,946,failure,200,2162165288,10810826.440
covercrypt,hybridized,089a548,"SEC::HIG && DPT::$ && CTR::FR","SEC::MED && DPT::$ && CTR::$",same,48,78651,946,failure,200,4004431226,20022156.130
covercrypt,hybridized,089a548,"SEC::HIG && DPT::$ && CTR::FR","SEC::HIG",different,64,105363,946,success,200,2309664143,11548320.715
covercrypt,hybridized,089a548,"SEC::HIG && DPT::$ && CTR::FR","SEC::HIG && CTR::EN",different,32,51939,946,failure,200,2411863730,12059318.650
covercrypt,hybridized,089a548,"SEC::HIG && DPT::$ && CTR::FR","SEC::HIG && CTR::FR",different,32,51939,946,success,200,1497471867,7487359.335
covercrypt,hybridized,089a548,"SEC::HIG && DPT::$ && CTR::FR","SEC::HIG && CTR::$",different,64,105363,946,success,200,2970662317,14853311.585
covercrypt,hybridized,089a548,"SEC::HIG && DPT::$ && CTR::FR","SEC::HIG && DPT::DEV",different,32,51939,946,failure,200,2106644404,10533222.020
covercrypt,hybridized,089a548,"SEC::HIG && DPT::$ && CTR::FR","SEC::HIG && DPT::DEV && CTR::EN",same,16,25231,946,failure,200,965015812,4825079.060
covercrypt,hybridized,089a548,"SEC::HIG && DPT::$ && CTR::FR","SEC::HIG && DPT::DEV && CTR::FR",same,16,25231,946,failure,200,1022678698,5113393.490
covercrypt,hybridized,089a548,"SEC::HIG && DPT::$ && CTR::FR","SEC::HIG && DPT::DEV && CTR::$",same,32,51939,946,failure,200,2231859228,11159296.140
covercrypt,hybridized,089a548,"SEC::HIG && DPT::$ && CTR::FR","SEC::HIG && DPT::MKG",different,32,51939,946,failure,200,1806536983,9032684.915
covercrypt,hybridized,089a548,"SEC::HIG && DPT::$ && CTR::FR","SEC::HIG && DPT::MKG && CTR::EN",same,16,25231,946,failure,200,970243126,4851215.630
covercrypt,hybridized,089a548,"SEC::HIG && DPT::$ && CTR::FR","SEC::HIG && DPT::MKG && CTR::FR",same,16,25231,946,failure,200,925537773,4627688.865
covercrypt,hybridized,089a548,"SEC::HIG && DPT::$ && CTR::FR","SEC::HIG && DPT::MKG && CTR::$",same,32,51939,946,failure,200,1745530213,8727651.065
covercrypt,hybridized,089a548,"SEC::HIG && DPT::$ && CTR::FR","SEC::HIG && DPT::$",different,64,105363,946,success,200,2617407265,13087036.325
covercrypt,hybridized,089a548,"SEC::HIG && DPT::$ && CTR::FR","SEC::HIG && DPT::$ && CTR::EN",same,32,51939,946,failure,200,1937676349,9688381.745
covercrypt,hybridized,089a548,"SEC::HIG && DPT::$ && CTR::FR","SEC::HIG && DPT::$ && CTR::FR",same,32,51939,946,success,200,839617678,4198088.390
covercrypt,hybridized,089a548,"SEC::HIG && DPT::$ && CTR::FR","SEC::HIG && DPT::$ && CTR::$",same,64,105363,946,success,200,1647973278,8239866.390
covercrypt,hybridized,089a548,"SEC::HIG && DPT::$ && CTR::FR","SEC::$",different,80,132075,946,success,200,2510888615,12554443.075
covercrypt,hybridized,089a548,"SEC::HIG && DPT::$ && CTR::FR","SEC::$ && CTR::EN",different,40,65293,946,failure,200,2722232380,13611161.900
covercrypt,hybridized,089a548,"SEC::HIG && DPT::$ && CTR::FR","SEC::$ && CTR::FR",different,40,65293,946,success,200,2511910698,12559553.490
covercrypt,hybridized,089a548,"SEC::HIG && DPT::$ && CTR::FR","SEC::$ && CTR::$",different,80,132075,946,success,200,4648311947,23241559.735
covercrypt,hybridized,089a548,"SEC::HIG && DPT::$ && CTR::FR","SEC::$ && DPT::DEV",different,40,65293,946,failure,200,3199609168,15998045.840
covercrypt,hybridized,089a548,"SEC::HIG && DPT::$ && CTR::FR","SEC::$ && DPT::DEV && CTR::EN",same,20,31907,946,failure,200,1303256485,6516282.425
covercrypt,hybridized,089a548,"SEC::HIG && DPT::$ && CTR::FR","SEC::$ && DPT::DEV && CTR::FR",same,20,31907,946,failure,200,1212433283,6062166.415
covercrypt,hybridized,089a548,"SEC::HIG && DPT::$ && CTR::FR","SEC::$ && DPT::DEV && CTR::$",same,40,65293,946,failure,200,2005489872,10027449.360
covercrypt,hybridized,089a548,"SEC::HIG && DPT::$ && CTR::FR","SEC::$ && DPT::MKG",different,40,65293,946,failure,200,2457158117,12285790.585
covercrypt,hybridized,089a548,"SEC::HIG && DPT::$ && CTR::FR","SEC::$ && DPT::MKG && CTR::EN",same,20,31907,946,failure,200,922000054,4610000.270
covercrypt,hybridized,089a548,"SEC::HIG && DPT::$ && CTR::FR","SEC::$ && DPT::MKG && CTR::FR",same,20,31907,946,failure,200,1078965698,5394828.490
covercrypt,hybridized,089a548,"SEC::HIG && DPT::$ && CTR::FR","SEC::$ && DPT::MKG && CTR::$",same,40,65293,946,failure,200,2267393213,11336966.065
covercrypt,hybridized,089a548,"SEC::HIG && DPT::$ && CTR::FR","SEC::$ && DPT::$",different,80,132075,946,success,200,1927425981,9637129.905
covercrypt,hybridized,089a548,"SEC::HIG && DPT::$ && CTR::FR","SEC::$ && DPT::$ && CTR::EN",same,40,65293,946,failure,200,1925579999,9627899.995
covercrypt,hybridized,089a548,"SEC::HIG && DPT::$ && CTR::FR","SEC::$ && DPT::$ && CTR::FR",same,40,65293,946,success,200,1054117662,5270588.310
covercrypt,hybridized,089a548,"SEC::HIG && DPT::$ && CTR::FR","SEC::$ && DPT::$ && CTR::$",same,80,132075,946,success,200,2697144813,13485724.065
covercrypt,hybridized,089a548,"SEC::$ && DPT::DEV && CTR::FR","CTR::EN",different,40,65293,946,failure,200,2502025654,12510128.270
covercrypt,hybridized,089a548,"SEC::$ && DPT::DEV && CTR::FR","CTR::FR",different,40,65293,946,success,200,1105946010,5529730.050
covercrypt,hybridized,089a548,"SEC::$ && DPT::DEV && CTR::FR","CTR::$",different,80,132075,946,success,200,1941108012,9705540.060
covercrypt,hybridized,089a548,"SEC::$ && DPT::DEV && CTR::FR","DPT::DEV",different,40,65293,946,success,200,1218870055,6094350.275
covercrypt,hybridized,089a548,"SEC::$ && DPT::DEV && CTR::FR","DPT::DEV && CTR::EN",different,20,31907,946,failure,200,1510526538,7552632.690
covercrypt,hybridized,089a548,"SEC::$ && DPT::DEV && CTR::FR","DPT::DEV && CTR::FR",different,20,31907,946,success,200,633533645,3167668.225
covercrypt,hybridized,089a548,"SEC::$ && DPT::DEV && CTR::FR","DPT::DEV && CTR::$",different,40,65293,946,success,200,1071758680,5358793.400
covercrypt,hybridized,089a548,"SEC::$ && DPT::DEV && CTR::FR","DPT::MKG",different,40,65293,946,failure,200,1914344067,9571720.335
covercrypt,hybridized,089a548,"SEC::$ && DPT::DEV && CTR::FR","DPT::MKG && CTR::EN",different,20,31907,946,failure,200,937351722,4686758.610
covercrypt,hybridized,089a548,"SEC::$ && DPT::DEV && CTR::FR","DPT::MKG && CTR::FR",different,20,31907,946,failure,200,1048275708,5241378.540
covercrypt,hybridized,089a548,"SEC::$ && DPT::DEV && CTR::FR","DPT::MKG && CTR::$",different,40,65293,946,failure,200,2253186253,11265931.265
covercrypt,hybridized,089a548,"SEC::$ && DPT::DEV && CTR::FR","DPT::$",different,80,132075,946,success,200,2187835302,10939176.510
covercrypt,hybridized,089a548,"SEC::$ && DPT::DEV && CTR::FR","DPT::$ && CTR::EN",different,40,65293,946,failure,200,2045181038,10225905.190
covercrypt,hybridized,089a548,"SEC::$ && DPT::DEV && CTR::FR","DPT::$ && CTR::FR",different,40,65293,946,success,200,1071339593,5356697.965
covercrypt,hybridized,089a548,"SEC::$ && DPT::DEV && CTR::FR","DPT::$ && CTR::$",different,80,132075,946,success,200,2009230021,10046150.105
covercrypt,hybridized,089a548,"SEC::$ && DPT::DEV && CTR::FR","SEC::LOW",different,32,51939,946,failure,200,1450604940,7253024.700
covercrypt,hybridized,089a548,"SEC::$ && DPT::DEV && CTR::FR","SEC::LOW && CTR::EN",different,16,25231,946,failure,200,952937182,4764685.910
covercrypt,hybridized,089a548,"SEC::$ && DPT::DEV && CTR::FR","SEC::LOW && CTR::FR",different,16,25231,946,failure,200,759415983,3797079.915
covercrypt,hybridized,089a548,"SEC::$ && DPT::DEV && CTR::FR","SEC::LOW && CTR::$",different,32,51939,946,failure,200,1520949579,7604747.895
covercrypt,hybridized,089a548,"SEC::$ && DPT::DEV && CTR::FR","SEC::LOW && DPT::DEV",different,16,25231,946,failure,200,699288945,3496444.725
covercrypt,hybridized,089a548,"SEC::$ && DPT::DEV && CTR::FR","SEC::LOW && DPT::DEV && CTR::EN",same,8,11879,946,failure,200,359059065,1795295.325
covercrypt,hybridized,089a548,"SEC::$ && DPT::DEV && CTR::FR","SEC::LOW && DPT::DEV && CTR::FR",same,8,11879,946,failure,200,370575067,1852875.335
covercrypt,hybridized,089a548,"SEC::$ && DPT::DEV && CTR::FR","SEC::LOW && DPT::DEV && CTR::$",same,16,25231,946,failure,200,704602135,3523010.675
covercrypt,hybridized,089a548,"SEC::$ && DPT::DEV && CTR::FR","SEC::LOW && DPT::MKG",different,16,25231,946,failure,200,844502613,4222513.065
covercrypt,hybridized,089a548,"SEC::$ && DPT::DEV && CTR::FR","SEC::LOW && DPT::MKG && CTR::EN",same,8,11879,946,failure,200,446999104,2234995.520
covercrypt,hybridized,089a548,"SEC::$ && DPT::DEV && CTR::FR","SEC::LOW && DPT::MKG && CTR::FR",same,8,11879,946,failure,200,410000814,2050004.070
covercrypt,hybridized,089a548,"SEC::$ && DPT::DEV && CTR::FR","SEC::LOW && DPT::MKG && CTR::$",same,16,25231,946,failure,200,885095397,4425476.985
covercrypt,hybridized,089a548,"SEC::$ && DPT::DEV && CTR::FR","SEC::LOW && DPT::$",different,32,51939,946,failure,200,1548431342,7742156.710
covercrypt,hybridized,089a548,"SEC::$ && DPT::DEV && CTR::FR","SEC::LOW && DPT::$ && CTR::EN",same,16,25231,946,failure,200,697834481,3489172.405
covercrypt,hybridized,089a548,"SEC::$ && DPT::DEV && CTR::FR","SEC::LOW && DPT::$ && CTR::FR",same,16,25231,946,failure,200,758025792,3790128.960
covercrypt,hybridized,089a548,"SEC::$ && DPT::DEV && CTR::FR","SEC::LOW && DPT::$ && CTR::$",same,32,51939,946,failure,200,1519182406,7595912.030
covercrypt,hybridized,089a548,"SEC::$ && DPT::DEV && CTR::FR","SEC::MED",different,48,78651,946,failure,200,2236795254,11183976.270
covercrypt,hybridized,089a548,"SEC::$ && DPT::DEV && CTR::FR","SEC::MED && CTR::EN",different,24,38585,946,failure,200,1094746635,5473733.175
covercrypt,hybridized,089a548,"SEC::$ && DPT::DEV && CTR::FR","SEC::MED && CTR::FR",different,24,38585,946,failure,200,1112501489,5562507.445
covercrypt,hybridized,089a548,"SEC::$ && DPT::DEV && CTR::FR","SEC::MED && CTR::$",different,48,78651,946,failure,200,2304191923,11520959.615
covercrypt,hybridized,089a548,"SEC::$ && DPT::DEV && CTR::FR","SEC::MED && DPT::DEV",different,24,38585,946,failure,200,1144292598,5721462.990
covercrypt,hybridized,089a548,"SEC::$ && DPT::DEV && CTR::FR","SEC::MED && DPT::DEV && CTR::EN",same,12,18555,946,failure,200,573521358,2867606.790
covercrypt,hybridized,089a548,"SEC::$ && DPT::DEV && CTR::FR","SEC::MED && DPT::DEV && CTR::FR",same,12,18555,946,failure,200,513316733,2566583.665
covercrypt,hybridized,089a548,"SEC::$ && DPT::DEV && CTR::FR","SEC::MED && DPT::DEV && CTR::$",same,24,38585,946,failure,200,1260975856,6304879.280
covercrypt,hybridized,089a548,"SEC::$ && DPT::DEV && CTR::FR","SEC::MED && DPT::MKG",different,24,38585,946,failure,200,1242298440,6211492.200
covercrypt,hybridized,089a548,"SEC::$ && DPT::DEV && CTR::FR","SEC::MED && DPT::MKG && CTR::EN",same,12,18555,946,failure,200,718493653,3592468.265
covercrypt,hybridized,089a548,"SEC::$ && DPT::DEV && CTR::FR","SEC::MED && DPT::MKG && CTR::FR",same,12,18555,946,failure,200,823034993,4115174.965
covercrypt,hybridized,089a548,"SEC::$ && DPT::DEV && CTR::FR","SEC::MED && DPT::MKG && CTR::$",same,24,38585,946,failure,200,1100828744,5504143.720
covercrypt,hybridized,089a548,"SEC::$ && DPT::DEV && CTR::FR","SEC::MED && DPT::$",different,48,78651,946,failure,200,2251476956,11257384.780
covercrypt,hybridized,089a548,"SEC::$ && DPT::DEV && CTR::FR","SEC::MED && DPT::$ && CTR::EN",same,24,38585,946,failure,200,1142852216,5714261.080
covercrypt,hybridized,089a548,"SEC::$ && DPT::DEV && CTR::FR","SEC::MED && DPT::$ && CTR::FR",same,24,38585,946,failure,200,1161267422,5806337.110
covercrypt,hybridized,089a548,"SEC::$ && DPT::DEV && CTR::FR","SEC::MED && DPT::$ && CTR::$",same,48,78651,946,failure,200,2431041155,12155205.775
covercrypt,hybridized,089a548,"SEC::$ && DPT::DEV && CTR::FR","SEC::HIG",different,64,105363,946,failure,200,3326571215,16632856.075
covercrypt,hybridized,089a548,"SEC::$ && DPT::DEV && CTR::FR","SEC::HIG && CTR::EN",different,32,51939,946,failure,200,1542466950,7712334.750
covercrypt,hybridized,089a548,"SEC::$ && DPT::DEV && CTR::FR","SEC::HIG && CTR::FR",different,32,51939,946,failure,200,1591927357,7959636.785
covercrypt,hybridized,089a548,"SEC::$ && DPT::DEV && CTR::FR","SEC::HIG && CTR::$",different,64,105363,946,failure,200,2971120593,14855602.965
covercrypt,hybridized,089a548,"SEC::$ && DPT::DEV && CTR::FR","SEC::HIG && DPT::DEV",different,32,51939,946,failure,200,1579200190,7896000.950
covercrypt,hybridized,089a548,"SEC::$ && DPT::DEV && CTR::FR","SEC::HIG && DPT::DEV && CTR::EN",same,16,25231,946,failure,200,819874767,4099373.835
covercrypt,hybridized,089a548,"SEC::$ && DPT::DEV && CTR::FR","SEC::HIG && DPT::DEV && CTR::FR",same,16,25231,946,failure,200,772007477,3860037.385
covercrypt,hybridized,089a548,"SEC::$ && DPT::DEV && CTR::FR","SEC::HIG && DPT::DEV && CTR::$",same,32,51939,946,failure,200,1423577290,7117886.450
covercrypt,hybridized,089a548,"SEC::$ && DPT::DEV && CTR::FR","SEC::HIG && DPT::MKG",different,32,51939,946,failure,200,1529952095,7649760.475
covercrypt,hybridized,089a548,"SEC::$ && DPT::DEV && CTR::FR","SEC::HIG && DPT::MKG && CTR::EN",same,16,25231,946,failure,200,763451393,3817256.965
covercrypt,hybridized,089a548,"SEC::$ && DPT::DEV && CTR::FR","SEC::HIG && DPT::MKG && CTR::FR",same,16,25231,946,failure,200,925156862,4625784.310
covercrypt,hybridized,089a548,"SEC::$ && DPT::DEV && CTR::FR","SEC::HIG && DPT::MKG && CTR::$",same,32,51939,946,failure,200,1861496929,9307484.645
covercrypt,hybridized,089a548,"SEC::$ && DPT::DEV && CTR::FR","SEC::HIG && DPT::$",different,64,105363,946,failure,200,3382930858,16914654.290
covercrypt,hybridized,089a548,"SEC::$ && DPT::DEV && CTR::FR","SEC::HIG && DPT::$ && CTR::EN",same,32,51939,946,failure,200,1639002475,8195012.375
covercrypt,hybridized,089a548,"SEC::$ && DPT::DEV && CTR::FR","SEC::HIG && DPT::$ && CTR::FR",same,32,51939,946,failure,200,1448917049,7244585.245
covercrypt,hybridized,089a548,"SEC::$ && DPT::DEV && CTR::FR","SEC::HIG && DPT::$ && CTR::$",same,64,105363,946,failure,200,2990215858,14951079.290
covercrypt,hybridized,089a548,"SEC::$ && DPT::DEV && CTR::FR","SEC::$",different,80,132075,946,success,200,1925857613,9629288.065
covercrypt,hybridized,089a548,"SEC::$ && DPT::DEV && CTR::FR","SEC::$ && CTR::EN",different,40,65293,946,failure,200,1907614026,9538070.130
covercrypt,hybridized,089a548,"SEC::$ && DPT::DEV && CTR::FR","SEC::$ && CTR::FR",different,40,65293,946,success,200,1082678497,5413392.485
covercrypt,hybridized,089a548,"SEC::$ && DPT::DEV && CTR::FR","SEC::$ && CTR::$",different,80,132075,946,success,200,2193420319,10967101.595
covercrypt,hybridized,089a548,"SEC::$ && DPT::DEV && CTR::FR","SEC::$ && DPT::DEV",different,40,65293,946,success,200,924658443,4623292.215
covercrypt,hybridized,089a548,"SEC::$ && DPT::DEV && CTR::FR","SEC::$ && DPT::DEV && CTR::EN",same,20,31907,946,failure,200,1337350958,6686754.790
covercrypt,hybridized,089a548,"SEC::$ && DPT::DEV && CTR::FR","SEC::$ && DPT::DEV && CTR::FR",same,20,31907,946,success,200,689515345,3447576.725
covercrypt,hybridized,089a548,"SEC::$ && DPT::DEV && CTR::FR","SEC::$ && DPT::DEV && CTR::$",same,40,65293,946,success,200,1020132323,5100661.615
covercrypt,hybridized,089a548,"SEC::$ && DPT::DEV && CTR::FR","SEC::$ && DPT::MKG",different,40,65293,946,failure,200,1845499663,9227498.315
covercrypt,hybridized,089a548,"SEC::$ && DPT::DEV && CTR::FR","SEC::$ && DPT::MKG && CTR::EN",same,20,31907,946,failure,200,882188266,4410941.330
covercrypt,hybridized,089a548,"SEC::$ && DPT::DEV && CTR::FR","SEC::$ && DPT::MKG && CTR::FR",same,20,31907,946,failure,200,884448738,4422243.690
covercrypt,hybridized,089a548,"SEC::$ && DPT::DEV && CTR::FR","SEC::$ && DPT::MKG && CTR::$",same,40,65293,946,failure,200,1892198935,9460994.675
covercrypt,hybridized,089a548,"SEC::$ && DPT::DEV && CTR::FR","SEC::$ && DPT::$",different,80,132075,946,success,200,1924607543,9623037.715
covercrypt,hybridized,089a548,"SEC::$ && DPT::DEV && CTR::FR","SEC::$ && DPT::$ && CTR::EN",same,40,65293,946,failure,200,1992815970,9964079.850
covercrypt,hybridized,089a548,"SEC::$ && DPT::DEV && CTR::FR","SEC::$ && DPT::$ && CTR::FR",same,40,65293,946,success,200,995961074,4979805.370
covercrypt,hybridized,089a548,"SEC::$ && DPT::DEV && CTR::FR","SEC::$ && DPT::$ && CTR::$",same,80,132075,946,success,200,2204911842,11024559.210
covercrypt,hybridized,089a548,"SEC::$ && DPT::$ && CTR::FR","CTR::EN",different,40,65293,946,failure,200,2408851851,12044259.255
covercrypt,hybridized,089a548,"SEC::$ && DPT::$ && CTR::FR","CTR::FR",different,40,65293,946,success,200,1305803911,6529019.555
covercrypt,hybridized,089a548,"SEC::$ && DPT::$ && CTR::FR","CTR::$",different,80,132075,946,success,200,2272020099,11360100.495
covercrypt,hybridized,089a548,"SEC::$ && DPT::$ && CTR::FR","DPT::DEV",different,40,65293,946,failure,200,2516174841,12580874.205
covercrypt,hybridized,089a548,"SEC::$ && DPT::$ && CTR::FR","DPT::DEV && CTR::EN",different,20,31907,946,failure,200,1313773399,6568866.995
covercrypt,hybridized,089a548,"SEC::$ && DPT::$ && CTR::FR","DPT::DEV && CTR::FR",different,20,31907,946,failure,200,924175661,4620878.305
covercrypt,hybridized,089a548,"SEC::$ && DPT::$ && CTR::FR","DPT::DEV && CTR::$",different,40,65293,946,failure,200,1803574442,9017872.210
covercrypt,hybridized,089a548,"SEC::$ && DPT::$ && CTR::FR","DPT::MKG",different,40,65293,946,failure,200,2003692913,10018464.565
covercrypt,hybridized,089a548,"SEC::$ && DPT::$ && CTR::FR","DPT::MKG && CTR::EN",different,20,31907,946,failure,200,957468370,4787341.850
covercrypt,hybridized,089a548,"SEC::$ && DPT::$ && CTR::FR","DPT::MKG && CTR::FR",different,20,31907,946,failure,200,930256524,4651282.620
covercrypt,hybridized,089a548,"SEC::$ && DPT::$ && CTR::FR","DPT::MKG && CTR::$",different,40,65293,946,failure,200,2792347799,13961738.995
covercrypt,hybridized,089a548,"SEC::$ && DPT::$ && CTR::FR","DPT::$",different,80,132075,946,success,200,2131488083,10657440.415
covercrypt,hybridized,089a548,"SEC::$ && DPT::$ && CTR::FR","DPT::$ && CTR::EN",different,40,65293,946,failure,200,1943368798,9716843.990
covercrypt,hybridized,089a548,"SEC::$ && DPT::$ && CTR::FR","DPT::$ && CTR::FR",different,40,65293,946,success,200,1020590512,5102952.560
covercrypt,hybridized,089a548,"SEC::$ && DPT::$ && CTR::FR","DPT::$ && CTR::$",different,80,132075,946,success,200,2043362742,10216813.710
covercrypt,hybridized,089a548,"SEC::$ && DPT::$ && CTR::FR","SEC::LOW",different,32,51939,946,failure,200,1574330506,7871652.530
covercrypt,hybridized,089a548,"SEC::$ && DPT::$ && CTR::FR","SEC::LOW && CTR::EN",different,16,25231,946,failure,200,845750603,4228753.015
covercrypt,hybridized,089a548,"SEC::$ && DPT::$ && CTR::FR","SEC::LOW && CTR::FR",different,16,25231,946,failure,200,805737901,4028689.505
covercrypt,hybridized,089a548,"SEC::$ && DPT::$ && CTR::FR","SEC::LOW && CTR::$",different,32,51939,946,failure,200,1805856922,9029284.610
covercrypt,hybridized,089a548,"SEC::$ && DPT::$ && CTR::FR","SEC::LOW && DPT::DEV",different,16,25231,946,failure,200,690269793,3451348.965
covercrypt,hybridized,089a548,"SEC::$ && DPT::$ && CTR::FR","SEC::LOW && DPT::DEV && CTR::EN",same,8,11879,946,failure,200,346773424,1733867.120
covercrypt,hybridized,089a548,"SEC::$ && DPT::$ && CTR::FR","SEC::LOW && DPT::DEV && CTR::FR",same,8,11879,946,failure,200,380099156,1900495.780
covercrypt,hybridized,089a548,"SEC::$ && DPT::$ && CTR::FR","SEC::LOW && DPT::DEV && CTR::$",same,16,25231,946,failure,200,756333729,3781668.645
covercrypt,hybridized,089a548,"SEC::$ && DPT::$ && CTR::FR","SEC::LOW && DPT::MKG",different,16,25231,946,failure,200,760561372,3802806.860
covercrypt,hybridized,089a548,"SEC::$ && DPT::$ && CTR::FR","SEC::LOW && DPT::MKG && CTR::EN",same,8,11879,946,failure,200,376315655,1881578.275
covercrypt,hybridized,089a548,"SEC::$ && DPT::$ && CTR::FR","SEC::LOW && DPT::MKG && CTR::FR",same,8,11879,946,failure,200,369142624,1845713.120
covercrypt,hybridized,089a548,"SEC::$ && DPT::$ && CTR::FR","SEC::LOW && DPT::MKG && CTR::$",same,16,25231,946,failure,200,847387805,4236939.025
covercrypt,hybridized,089a548,"SEC::$ && DPT::$ && CTR::FR","SEC::LOW && DPT::$",different,32,51939,946,failure,200,1413125157,7065625.785
covercrypt,hybridized,089a548,"SEC::$ && DPT::$ && CTR::FR","SEC::LOW && DPT::$ && CTR::EN",same,16,25231,946,failure,200,665280785,3326403.925
covercrypt,hybridized,089a548,"SEC::$ && DPT::$ && CTR::FR","SEC::LOW && DPT::$ && CTR::FR",same,16,25231,946,failure,200,716896665,3584483.325
covercrypt,hybridized,089a548,"SEC::$ && DPT::$ && CTR::FR","SEC::LOW && DPT::$ && CTR::$",same,32,51939,946,failure,200,1411274621,7056373.105
covercrypt,hybridized,089a548,"SEC::$ && DPT::$ && CTR::FR","SEC::MED",different,48,78651,946,failure,200,2043389466,10216947.330
covercrypt,hybridized,089a548,"SEC::$ && DPT::$ && CTR::FR","SEC::MED && CTR::EN",different,24,38585,946,failure,200,1198048765,5990243.825
covercrypt,hybridized,089a548,"SEC::$ && DPT::$ && CTR::FR","SEC::MED && CTR::FR",different,24,38585,946,failure,200,1229217244,6146086.220
covercrypt,hybridized,089a548,"SEC::$ && DPT::$ && CTR::FR","SEC::MED && CTR::$",different,48,78651,946,failure,200,2674434957,13372174.785
covercrypt,hybridized,089a548,"SEC::$ && DPT::$ && CTR::FR","SEC::MED && DPT::DEV",different,24,38585,946,failure,200,1104286674,5521433.370
covercrypt,hybridized,089a548,"SEC::$ && DPT::$ && CTR::FR","SEC::MED && DPT::DEV && CTR::EN",same,12,18555,946,failure,200,557432349,2787161.745
covercrypt,hybridized,089a548,"SEC::$ && DPT::$ && CTR::FR","SEC::MED && DPT::DEV && CTR::FR",same,12,18555,946,failure,200,520973750,2604868.750
covercrypt,hybridized,089a548,"SEC::$ && DPT::$ && CTR::FR","SEC::MED && DPT::DEV && CTR::$",same,24,38585,946,failure,200,987543968,4937719.840
covercrypt,hybridized,089a548,"SEC::$ && DPT::$ && CTR::FR","SEC::MED && DPT::MKG",different,24,38585,946,failure,200,971422745,4857113.725
covercrypt,hybridized,089a548,"SEC::$ && DPT::$ && CTR::FR","SEC::MED && DPT::MKG && CTR::EN",same,12,18555,946,failure,200,545715507,2728577.535
covercrypt,hybridized,089a548,"SEC::$ && DPT::$ && CTR::FR","SEC::MED && DPT::MKG && CTR::FR",same,12,18555,946,failure,200,508717010,2543585.050
covercrypt,hybridized,089a548,"SEC::$ && DPT::$ && CTR::FR","SEC::MED && DPT::MKG && CTR::$",same,24,38585,946,failure,200,996708362,4983541.810
covercrypt,hybridized,089a548,"SEC::$ && DPT::$ && CTR::FR","SEC::MED && DPT::$",different,48,78651,946,failure,200,2091860121,10459300.605
covercrypt,hybridized,089a548,"SEC::$ && DPT::$ && CTR::FR","SEC::MED && DPT::$ && CTR::EN",same,24,38585,946,failure,200,944011325,4720056.625
covercrypt,hybridized,089a548,"SEC::$ && DPT::$ && CTR::FR","SEC::MED && DPT::$ && CTR::FR",same,24,38585,946,failure,200,1039160036,5195800.180
covercrypt,hybridized,089a548,"SEC::$ && DPT::$ && CTR::FR","SEC::MED && DPT::$ && CTR::$",same,48,78651,946,failure,200,2066376348,10331881.740
covercrypt,hybridized,089a548,"SEC::$ && DPT::$ && CTR::FR","SEC::HIG",different,64,105363,946,failure,200,2739849082,13699245.410
covercrypt,hybridized,089a548,"SEC::$ && DPT::$ && CTR::FR","SEC::HIG && CTR::EN",different,32,51939,946,failure,200,1411428237,7057141.185
covercrypt,hybridized,089a548,"SEC::$ && DPT::$ && CTR::FR","SEC::HIG && CTR::FR",different,32,51939,946,failure,200,1482472528,7412362.640
covercrypt,hybridized,089a548,"SEC::$ && DPT::$ && CTR::FR","SEC::HIG && CTR::$",different,64,105363,946,failure,200,2688496251,13442481.255
covercrypt,hybridized,089a548,"SEC::$ && DPT::$ && CTR::FR","SEC::HIG && DPT::DEV",different,32,51939,946,failure,200,1463333175,7316665.875
covercrypt,hybridized,089a548,"SEC::$ && DPT::$ && CTR::FR","SEC::HIG && DPT::DEV && CTR::EN",same,16,25231,946,failure,200,621505857,3107529.285
covercrypt,hybridized,089a548,"SEC::$ && DPT::$ && CTR::FR","SEC::HIG && DPT::DEV && CTR::FR",same,16,25231,946,failure,200,673255320,3366276.600
covercrypt,hybridized,089a548,"SEC::$ && DPT::$ && CTR::FR","SEC::HIG && DPT::DEV && CTR::$",same,32,51939,946,failure,200,1399048052,6995240.260
covercrypt,hybridized,089a548,"SEC::$ && DPT::$ && CTR::FR","SEC::HIG && DPT::MKG",different,32,51939,946,failure,200,1319860509,6599302.545
covercrypt,hybridized,089a548,"SEC::$ && DPT::$ && CTR::FR","SEC::HIG && DPT::MKG && CTR::EN",same,16,25231,946,failure,200,653792405,3268962.025
covercrypt,hybridized,089a548,"SEC::$ && DPT::$ && CTR::FR","SEC::HIG && DPT::MKG && CTR::FR",same,16,25231,946,failure,200,702240082,3511200.410
covercrypt,hybridized,089a548,"SEC::$ && DPT::$ && CTR::FR","SEC::HIG && DPT::MKG && CTR::$",same,32,51939,946,failure,200,1334700434,6673502.170
covercrypt,hybridized,089a548,"SEC::$ && DPT::$ && CTR::FR","SEC::HIG && DPT::$",different,64,105363,946,failure,200,2656574833,13282874.165
covercrypt,hybridized,089a548,"SEC::$ && DPT::$ && CTR::FR","SEC::HIG && DPT::$ && CTR::EN",same,32,51939,946,failure,200,1329705117,6648525.585
covercrypt,hybridized,089a548,"SEC::$ && DPT::$ && CTR::FR","SEC::HIG && DPT::$ && CTR::FR",same,32,51939,946,failure,200,1365973511,6829867.555
covercrypt,hybridized,089a548,"SEC::$ && DPT::$ && CTR::FR","SEC::HIG && DPT::$ && CTR::$",same,64,105363,946,failure,200,2625805858,13129029.290
covercrypt,hybridized,089a548,"SEC::$ && DPT::$ && CTR::FR","SEC::$",different,80,132075,946,success,200,1794667257,8973336.285
covercrypt,hybridized,089a548,"SEC::$ && DPT::$ && CTR::FR","SEC::$ && CTR::EN",different,40,65293,946,failure,200,1742240540,8711202.700
covercrypt,hybridized,089a548,"SEC::$ && DPT::$ && CTR::FR","SEC::$ && CTR::FR",different,40,65293,946,success,200,906510048,4532550.240
covercrypt,hybridized,089a548,"SEC::$ && DPT::$ && CTR::FR","SEC::$ && CTR::$",different,80,132075,946,success,200,1539222771,7696113.855
covercrypt,hybridized,089a548,"SEC::$ && DPT::$ && CTR::FR","SEC::$ && DPT::DEV",different,40,65293,946,failure,200,1653597476,8267987.380
covercrypt,hybridized,089a548,"SEC::$ && DPT::$ && CTR::FR","SEC::$ && DPT::DEV && CTR::EN",same,20,31907,946,failure,200,771733559,3858667.795
covercrypt,hybridized,089a548,"SEC::$ && DPT::$ && CTR::FR","SEC::$ && DPT::DEV && CTR::FR",same,20,31907,946,failure,200,804291607,4021458.035
covercrypt,hybridized,089a548,"SEC::$ && DPT::$ && CTR::FR","SEC::$ && DPT::DEV && CTR::$",same,40,65293,946,failure,200,1616722815,8083614.075
covercrypt,hybridized,089a548,"SEC::$ && DPT::$ && CTR::FR","SEC::$ && DPT::MKG",different,40,65293,946,failure,200,1720842484,8604212.420
covercrypt,hybridized,089a548,"SEC::$ && DPT::$ && CTR::FR","SEC::$ && DPT::MKG && CTR::EN",same,20,31907,946,failure,200,865521583,4327607.915
covercrypt,hybridized,089a548,"SEC::$ && DPT::$ && CTR::FR","SEC::$ && DPT::MKG && CTR::FR",same,20,31907,946,failure,200,836925556,4184627.780
covercrypt,hybridized,089a548,"SEC::$ && DPT::$ && CTR::FR","SEC::$ && DPT::MKG && CTR::$",same,40,65293,946,failure,200,1703206486,8516032.430
covercrypt,hybridized,089a548,"SEC::$ && DPT::$ && CTR::FR","SEC::$ && DPT::$",different,80,132075,946,success,200,1870478293,9352391.465
covercrypt,hybridized,089a548,"SEC::$ && DPT::$ && CTR::FR","SEC::$ && DPT::$ && CTR::EN",same,40,65293,946,failure,200,1636803878,8184019.390
covercrypt,hybridized,089a548,"SEC::$ && DPT::$ && CTR::FR","SEC::$ && DPT::$ && CTR::FR",same,40,65293,946,success,200,991522420,4957612.100
covercrypt,hybridized,089a548,"SEC::$ && DPT::$ && CTR::FR","SEC::$ && DPT::$ && CTR::$",same,80,132075,946,success,200,1604171464,8020857.320
covercrypt,hybridized,089a548,"DPT::DEV && CTR::$","CTR::EN",different,40,65293,946,failure,200,4057319547,20286597.735
covercrypt,hybridized,089a548,"DPT::DEV && CTR::$","CTR::FR",different,40,65293,946,failure,200,4831870831,24159354.155
covercrypt,hybridized,089a548,"DPT::DEV && CTR::$","CTR::$",different,80,132075,946,success,200,3946977704,19734888.520
covercrypt,hybridized,089a548,"DPT::DEV && CTR::$","DPT::DEV",different,40,65293,946,success,200,1890555093,9452775.465
covercrypt,hybridized,089a548,"DPT::DEV && CTR::$","DPT::DEV && CTR::EN",different,20,31907,946,failure,200,1776093495,8880467.475
covercrypt,hybridized,089a548,"DPT::DEV && CTR::$","DPT::DEV && CTR::FR",different,20,31907,946,failure,200,1786462129,8932310.645
covercrypt,hybridized,089a548,"DPT::DEV && CTR::$","DPT::DEV && CTR::$",different,40,65293,946,success,200,2095716981,10478584.905
covercrypt,hybridized,089a548,"DPT::DEV && CTR::$","DPT::MKG",different,40,65293,946,failure,200,3273121211,16365606.055
covercrypt,hybridized,089a548,"DPT::DEV && CTR::$","DPT::MKG && CTR::EN",different,20,31907,946,failure,200,1672563623,8362818.115
covercrypt,hybridized,089a548,"DPT::DEV && CTR::$","DPT::MKG && CTR::FR",different,20,31907,946,failure,200,1556432067,7782160.335
covercrypt,hybridized,089a548,"DPT::DEV && CTR::$","DPT::MKG && CTR::$",different,40,65293,946,failure,200,3190093949,15950469.745
covercrypt,hybridized,089a548,"DPT::DEV && CTR::$","DPT::$",different,80,132075,946,success,200,3704923273,18524616.365
covercrypt,hybridized,089a548,"DPT::DEV && CTR::$","DPT::$ && CTR::EN",different,40,65293,946,failure,200,3278170006,16390850.030
covercrypt,hybridized,089a548,"DPT::DEV && CTR::$","DPT::$ && CTR::FR",different,40,65293,946,failure,200,3817470125,19087350.625
covercrypt,hybridized,089a548,"DPT::DEV && CTR::$","DPT::$ && CTR::$",different,80,132075,946,success,200,3270791002,16353955.010
covercrypt,hybridized,089a548,"DPT::DEV && CTR::$","SEC::LOW",different,32,51939,946,success,200,1445516391,7227581.955
covercrypt,hybridized,089a548,"DPT::DEV && CTR::$","SEC::LOW && CTR::EN",different,16,25231,946,failure,200,1316289778,6581448.890
covercrypt,hybridized,089a548,"DPT::DEV && CTR::$","SEC::LOW && CTR::FR",different,16,25231,946,failure,200,1259760051,6298800.255
covercrypt,hybridized,089a548,"DPT::DEV && CTR::$","SEC::LOW && CTR::$",different,32,51939,946,success,200,1390562833,6952814.165
covercrypt,hybridized,089a548,"DPT::DEV && CTR::$","SEC::LOW && DPT::DEV",different,16,25231,946,success,200,896718821,4483594.105
covercrypt,hybridized,089a548,"DPT::DEV && CTR::$","SEC::LOW && DPT::DEV && CTR::EN",same,8,11879,946,failure,200,656190567,3280952.835
covercrypt,hybridized,089a548,"DPT::DEV && CTR::$","SEC::LOW && DPT::DEV && CTR::FR",same,8,11879,946,failure,200,613331252,3066656.260
covercrypt,hybridized,089a548,"DPT::DEV && CTR::$","SEC::LOW && DPT::DEV && CTR::$",same,16,25231,946,success,200,808769050,4043845.250
covercrypt,hybridized,089a548,"DPT::DEV && CTR::$","SEC::LOW && DPT::MKG",different,16,25231,946,failure,200,1266082609,6330413.045
covercrypt,hybridized,089a548,"DPT::DEV && CTR::$","SEC::LOW && DPT::MKG && CTR::EN",same,8,11879,946,failure,200,659552120,3297760.600
covercrypt,hybridized,089a548,"DPT::DEV && CTR::$","SEC::LOW && DPT::MKG && CTR::FR",same,8,11879,946,failure,200,620916619,3104583.095
covercrypt,hybridized,089a548,"DPT::DEV && CTR::$","SEC::LOW && DPT::MKG && CTR::$",same,16,25231,946,failure,200,1380448241,6902241.205
covercrypt,hybridized,089a548,"DPT::DEV && CTR::$","SEC::LOW && DPT::$",different,32,51939,946,success,200,1660175032,8300875.160
covercrypt,hybridized,089a548,"DPT::DEV && CTR::$","SEC::LOW && DPT::$ && CTR::EN",same,16,25231,946,failure,200,1291899614,6459498.070
covercrypt,hybridized,089a548,"DPT::DEV && CTR::$","SEC::LOW && DPT::$ && CTR::FR",same,16,25231,946,failure,200,1304771397,6523856.985
covercrypt,hybridized,089a548,"DPT::DEV && CTR::$","SEC::LOW && DPT::$ && CTR::$",same,32,51939,946,success,200,1763371542,8816857.710
covercrypt,hybridized,089a548,"DPT::DEV && CTR::$","SEC::MED",different,48,78651,946,success,200,1890751715,9453758.575
covercrypt,hybridized,089a548,"DPT::DEV && CTR::$","SEC::MED && CTR::EN",different,24,38585,946,failure,200,1999503448,9997517.240
covercrypt,hybridized,089a548,"DPT::DEV && CTR::$","SEC::MED && CTR::FR",different,24,38585,946,failure,200,1921281898,9606409.490
covercrypt,hybridized,089a548,"DPT::DEV && CTR::$","SEC::MED && CTR::$",different,48,78651,946,success,200,2056597129,10282985.645
covercrypt,hybridized,089a548,"DPT::DEV && CTR::$","SEC::MED && DPT::DEV",different,24,38585,946,success,200,1156797212,5783986.060
covercrypt,hybridized,089a548,"DPT::DEV && CTR::$","SEC::MED && DPT::DEV && CTR::EN",same,12,18555,946,failure,200,936565897,4682829.485
covercrypt,hybridized,089a548,"DPT::DEV && CTR::$","SEC::MED && DPT::DEV && CTR::FR",same,12,18555,946,failure,200,966542900,4832714.500
covercrypt,hybridized,089a548,"DPT::DEV && CTR::$","SEC::MED && DPT::DEV && CTR::$",same,24,38585,946,success,200,990211589,4951057.945
covercrypt,hybridized,089a548,"DPT::DEV && CTR::$","SEC::MED && DPT::MKG",different,24,38585,946,failure,200,1792893285,8964466.425
covercrypt,hybridized,089a548,"DPT::DEV && CTR::$","SEC::MED && DPT::MKG && CTR::EN",same,12,18555,946,failure,200,980643601,4903218.005
covercrypt,hybridized,089a548,"DPT::DEV && CTR::$","SEC::MED && DPT::MKG && CTR::FR",same,12,18555,946,failure,200,928608020,4643040.100
covercrypt,hybridized,089a548,"DPT::DEV && CTR::$","SEC::MED && DPT::MKG && CTR::$",same,24,38585,946,failure,200,1839915388,9199576.940
covercrypt,hybridized,089a548,"DPT::DEV && CTR::$","SEC::MED && DPT::$",different,48,78651,946,success,200,2058023864,10290119.320
covercrypt,hybridized,089a548,"DPT::DEV && CTR::$","SEC::MED && DPT::$ && CTR::EN",same,24,38585,946,failure,200,1782094627,8910473.135
covercrypt,hybridized,089a548,"DPT::DEV && CTR::$","SEC::MED && DPT::$ && CTR::FR",same,24,38585,946,failure,200,1910133989,9550669.945
covercrypt,hybridized,089a548,"DPT::DEV && CTR::$","SEC::MED && DPT::$ && CTR::$",same,48,78651,946,success,200,1856380477,9281902.385
covercrypt,hybridized,089a548,"DPT::DEV && CTR::$","SEC::HIG",different,64,105363,946,success,200,2409383422,12046917.110
covercrypt,hybridized,089a548,"DPT::DEV && CTR::$","SEC::HIG && CTR::EN",different,32,51939,946,failure,200,2447480799,12237403.995
covercrypt,hybridized,089a548,"DPT::DEV && CTR::$","SEC::HIG && CTR::FR",different,32,51939,946,failure,200,2650618803,13253094.015
covercrypt,hybridized,089a548,"DPT::DEV && CTR::$","SEC::HIG && CTR::$",different,64,105363,946,success,200,2526836326,12634181.630
covercrypt,hybridized,089a548,"DPT::DEV && CTR::$","SEC::HIG && DPT::DEV",different,32,51939,946,success,200,1316870780,6584353.900
covercrypt,hybridized,089a548,"DPT::DEV && CTR::$","SEC::HIG && DPT::DEV && CTR::EN",same,16,25231,946,failure,200,1224420225,6122101.125
covercrypt,hybridized,089a548,"DPT::DEV && CTR::$","SEC::HIG && DPT::DEV && CTR::FR",same,16,25231,946,failure,200,1167237944,5836189.720
covercrypt,hybridized,089a548,"DPT::DEV && CTR::$","SEC::HIG && DPT::DEV && CTR::$",same,32,51939,946,success,200,1274039792,6370198.960
covercrypt,hybridized,089a548,"DPT::DEV && CTR::$","SEC::HIG && DPT::MKG",different,32,51939,946,failure,200,2288196592,11440982.960
covercrypt,hybridized,089a548,"DPT::DEV && CTR::$","SEC::HIG && DPT::MKG && CTR::EN",same,16,25231,946,failure,200,1127715195,5638575.975
covercrypt,hybridized,089a548,"DPT::DEV && CTR::$","SEC::HIG && DPT::MKG && CTR::FR",same,16,25231,946,failure,200,1156655113,5783275.565
covercrypt,hybridized,089a548,"DPT::DEV && CTR::$","SEC::HIG && DPT::MKG && CTR::$",same,32,51939,946,failure,200,2282209281,11411046.405
covercrypt,hybridized,089a548,"DPT::DEV && CTR::$","SEC::HIG && DPT::$",different,64,105363,946,success,200,2482825902,12414129.510
covercrypt,hybridized,089a548,"DPT::DEV && CTR::$","SEC::HIG && DPT::$ && CTR::EN",same,32,51939,946,failure,200,2306857489,11534287.445
covercrypt,hybridized,089a548,"DPT::DEV && CTR::$","SEC::HIG && DPT::$ && CTR::FR",same,32,51939,946,failure,200,2471086076,12355430.380
covercrypt,hybridized,089a548,"DPT::DEV && CTR::$","SEC::HIG && DPT::$ && CTR::$",same,64,105363,946,success,200,3470715545,17353577.725
covercrypt,hybridized,089a548,"DPT::DEV && CTR::$","SEC::$",different,80,132075,946,success,200,3403855885,17019279.425
covercrypt,hybridized,089a548,"DPT::DEV && CTR::$","SEC::$ && CTR::EN",different,40,65293,946,failure,200,3130270642,15651353.210
covercrypt,hybridized,089a548,"DPT::DEV && CTR::$","SEC::$ && CTR::FR",different,40,65293,946,failure,200,2984243800,14921219.000
covercrypt,hybridized,089a548,"DPT::DEV && CTR::$","SEC::$ && CTR::$",different,80,132075,946,success,200,2748696761,13743483.805
covercrypt,hybridized,089a548,"DPT::DEV && CTR::$","SEC::$ && DPT::DEV",different,40,65293,946,success,200,1477235373,7386176.865
covercrypt,hybridized,089a548,"DPT::DEV && CTR::$","SEC::$ && DPT::DEV && CTR::EN",same,20,31907,946,failure,200,1428019633,7140098.165
covercrypt,hybridized,089a548,"DPT::DEV && CTR::$","SEC::$ && DPT::DEV && CTR::FR",same,20,31907,946,failure,200,1431128824,7155644.120
covercrypt,hybridized,089a548,"DPT::DEV && CTR::$","SEC::$ && DPT::DEV && CTR::$",same,40,65293,946,success,200,1596198967,7980994.835
covercrypt,hybridized,089a548,"DPT::DEV && CTR::$","SEC::$ && DPT::MKG",different,40,65293,946,failure,200,3301813994,16509069.970
covercrypt,hybridized,089a548,"DPT::DEV && CTR::$","SEC::$ && DPT::MKG && CTR::EN",same,20,31907,946,failure,200,2078773643,10393868.215
covercrypt,hybridized,089a548,"DPT::DEV && CTR::$","SEC::$ && DPT::MKG && CTR::FR",same,20,31907,946,failure,200,2395967384,11979836.920
covercrypt,hybridized,089a548,"DPT::DEV && CTR::$","SEC::$ && DPT::MKG && CTR::$",same,40,65293,946,failure,200,4043308277,20216541.385
covercrypt,hybridized,089a548,"DPT::DEV && CTR::$","SEC::$ && DPT::$",different,80,132075,946,success,200,4135087482,20675437.410
covercrypt,hybridized,089a548,"DPT::DEV && CTR::$","SEC::$ && DPT::$ && CTR::EN",same,40,65293,946,failure,200,4057332062,20286660.310
covercrypt,hybridized,089a548,"DPT::DEV && CTR::$","SEC::$ && DPT::$ && CTR::FR",same,40,65293,946,failure,200,3887934144,19439670.720
covercrypt,hybridized,089a548,"DPT::DEV && CTR::$","SEC::$ && DPT::$ && CTR::$",same,80,132075,946,success,200,4673751532,23368757.660
covercrypt,hybridized,089a548,"DPT::$ && CTR::$","CTR::EN",different,40,65293,946,failure,200,4265016993,21325084.965
covercrypt,hybridized,089a548,"DPT::$ && CTR::$","CTR::FR",different,40,65293,946,failure,200,4604673239,23023366.195
covercrypt,hybridized,089a548,"DPT::$ && CTR::$","CTR::$",different,80,132075,946,success,200,4141834969,20709174.845
covercrypt,hybridized,089a548,"DPT::$ && CTR::$","DPT::DEV",different,40,65293,946,failure,200,4095292059,20476460.295
covercrypt,hybridized,089a548,"DPT::$ && CTR::$","DPT::DEV && CTR::EN",different,20,31907,946,failure,200,1768134734,8840673.670
covercrypt,hybridized,089a548,"DPT::$ && CTR::$","DPT::DEV && CTR::FR",different,20,31907,946,failure,200,2242647869,11213239.345
covercrypt,hybridized,089a548,"DPT::$ && CTR::$","DPT::DEV && CTR::$",different,40,65293,946,failure,200,4251726398,21258631.990
covercrypt,hybridized,089a548,"DPT::$ && CTR::$","DPT::MKG",different,40,65293,946,failure,200,4068001294,20340006.470
covercrypt,hybridized,089a548,"DPT::$ && CTR::$","DPT::MKG && CTR::EN",different,20,31907,946,failure,200,1958034844,9790174.220
covercrypt,hybridized,089a548,"DPT::$ && CTR::$","DPT::MKG && CTR::FR",different,20,31907,946,failure,200,1944703884,9723519.420
covercrypt,hybridized,089a548,"DPT::$ && CTR::$","DPT::MKG && CTR::$",different,40,65293,946,failure,200,4003515692,20017578.460
covercrypt,hybridized,089a548,"DPT::$ && CTR::$","DPT::$",different,80,132075,946,success,200,4151895281,20759476.405
covercrypt,hybridized,089a548,"DPT::$ && CTR::$","DPT::$ && CTR::EN",different,40,65293,946,failure,200,4035028281,20175141.405
covercrypt,hybridized,089a548,"DPT::$ && CTR::$","DPT::$ && CTR::FR",different,40,65293,946,failure,200,4570357666,22851788.330
covercrypt,hybridized,089a548,"DPT::$ && CTR::$","DPT::$ && CTR::$",different,80,132075,946,success,200,3988126347,19940631.735
covercrypt,hybridized,089a548,"DPT::$ && CTR::$","SEC::LOW",different,32,51939,946,success,200,1495497115,7477485.575
covercrypt,hybridized,089a548,"DPT::$ && CTR::$","SEC::LOW && CTR::EN",different,16,25231,946,failure,200,1534094515,7670472.575
covercrypt,hybridized,089a548,"DPT::$ && CTR::$","SEC::LOW && CTR::FR",different,16,25231,946,failure,200,1454601672,7273008.360
covercrypt,hybridized,089a548,"DPT::$ && CTR::$","SEC::LOW && CTR::$",different,32,51939,946,success,200,1807109245,9035546.225
covercrypt,hybridized,089a548,"DPT::$ && CTR::$","SEC::LOW && DPT::DEV",different,16,25231,946,failure,200,1833994308,9169971.540
covercrypt,hybridized,089a548,"DPT::$ && CTR::$","SEC::LOW && DPT::DEV && CTR::EN",same,8,11879,946,failure,200,1053431525,5267157.625
covercrypt,hybridized,089a548,"DPT::$ && CTR::$","SEC::LOW && DPT::DEV && CTR::FR",same,8,11879,946,failure,200,899567253,4497836.265
covercrypt,hybridized,089a548,"DPT::$ && CTR::$","SEC::LOW && DPT::DEV && CTR::$",same,16,25231,946,failure,200,1588185446,7940927.230
covercrypt,hybridized,089a548,"DPT::$ && CTR::$","SEC::LOW && DPT::MKG",different,16,25231,946,failure,200,1559715804,7798579.020
covercrypt,hybridized,089a548,"DPT::$ && CTR::$","SEC::LOW && DPT::MKG && CTR::EN",same,8,11879,946,failure,200,656742844,3283714.220
covercrypt,hybridized,089a548,"DPT::$ && CTR::$","SEC::LOW && DPT::MKG && CTR::FR",same,8,11879,946,failure,200,800703471,4003517.355
covercrypt,hybridized,089a548,"DPT::$ && CTR::$","SEC::LOW && DPT::MKG && CTR::$",same,16,25231,946,failure,200,1551264794,7756323.970
covercrypt,hybridized,089a548,"DPT::$ && CTR::$","SEC::LOW && DPT::$",different,32,51939,946,success,200,1525213316,7626066.580
covercrypt,hybridized,089a548,"DPT::$ && CTR::$","SEC::LOW && DPT::$ && CTR::EN",same,16,25231,946,failure,200,1435915504,7179577.520
covercrypt,hybridized,089a548,"DPT::$ && CTR::$","SEC::LOW && DPT::$ && CTR::FR",same,16,25231,946,failure,200,1403524382,7017621.910
covercrypt,hybridized,089a548,"DPT::$ && CTR::$","SEC::LOW && DPT::$ && CTR::$",same,32,51939,946,success,200,1661428404,8307142.020
covercrypt,hybridized,089a548,"DPT::$ && CTR::$","SEC::MED",different,48,78651,946,success,200,2047058817,10235294.085
covercrypt,hybridized,089a548,"DPT::$ && CTR::$","SEC::MED && CTR::EN",different,24,38585,946,failure,200,2144833018,10724165.090
covercrypt,hybridized,089a548,"DPT::$ && CTR::$","SEC::MED && CTR::FR",different,24,38585,946,failure,200,2222639929,11113199.645
covercrypt,hybridized,089a548,"DPT::$ && CTR::$","SEC::MED && CTR::$",different,48,78651,946,success,200,2261506823,11307534.115
covercrypt,hybridized,089a548,"DPT::$ && CTR::$","SEC::MED && DPT::DEV",different,24,38585,946,failure,200,1929015241,9645076.205
covercrypt,hybridized,089a548,"DPT::$ && CTR::$","SEC::MED && DPT::DEV && CTR::EN",same,12,18555,946,failure,200,1043220634,5216103.170
covercrypt,hybridized,089a548,"DPT::$ && CTR::$","SEC::MED && DPT::DEV && CTR::FR",same,12,18555,946,failure,200,916020428,4580102.140
covercrypt,hybridized,089a548,"DPT::$ && CTR::$","SEC::MED && DPT::DEV && CTR::$",same,24,38585,946,failure,200,2115213604,10576068.020
covercrypt,hybridized,089a548,"DPT::$ && CTR::$","SEC::MED && DPT::MKG",different,24,38585,946,failure,200,2405943007,12029715.035
covercrypt,hybridized,089a548,"DPT::$ && CTR::$","SEC::MED && DPT::MKG && CTR::EN",same,12,18555,946,failure,200,1153838923,5769194.615
covercrypt,hybridized,089a548,"DPT::$ && CTR::$","SEC::MED && DPT::MKG && CTR::FR",same,12,18555,946,failure,200,1373789889,6868949.445
covercrypt,hybridized,089a548,"DPT::$ && CTR::$","SEC::MED && DPT::MKG && CTR::$",same,24,38585,946,failure,200,2503019479,12515097.395
covercrypt,hybridized,089a548,"DPT::$ && CTR::$","SEC::MED && DPT::$",different,48,78651,946,success,200,2427449777,12137248.885
covercrypt,hybridized,089a548,"DPT::$ && CTR::$","SEC::MED && DPT::$ && CTR::EN",same,24,38585,946,failure,200,2296825297,11484126.485
covercrypt,hybridized,089a548,"DPT::$ && CTR::$","SEC::MED && DPT::$ && CTR::FR",same,24,38585,946,failure,200,2304529968,11522649.840
covercrypt,hybridized,089a548,"DPT::$ && CTR::$","SEC::MED && DPT::$ && CTR::$",same,48,78651,946,success,200,2344736680,11723683.400
covercrypt,hybridized,089a548,"DPT::$ && CTR::$","SEC::HIG",different,64,105363,946,success,200,2953018576,14765092.880
covercrypt,hybridized,089a548,"DPT::$ && CTR::$","SEC::HIG && CTR::EN",different,32,51939,946,failure,200,3001284406,15006422.030
covercrypt,hybridized,089a548,"DPT::$ && CTR::$","SEC::HIG && CTR::FR",different,32,51939,946,failure,200,3077454062,15387270.310
covercrypt,hybridized,089a548,"DPT::$ && CTR::$","SEC::HIG && CTR::$",different,64,105363,946,success,200,4282565409,21412827.045
covercrypt,hybridized,089a548,"DPT::$ && CTR::$","SEC::HIG && DPT::DEV",different,32,51939,946,failure,200,3188751359,15943756.795
covercrypt,hybridized,089a548,"DPT::$ && CTR::$","SEC::HIG && DPT::DEV && CTR::EN",same,16,25231,946,failure,200,1900687175,9503435.875
covercrypt,hybridized,089a548,"DPT::$ && CTR::$","SEC::HIG && DPT::DEV && CTR::FR",same,16,25231,946,failure,200,1719838209,8599191.045
covercrypt,hybridized,089a548,"DPT::$ && CTR::$","SEC::HIG && DPT::DEV && CTR::$",same,32,51939,946,failure,200,2846907663,14234538.315
covercrypt,hybridized,089a548,"DPT::$ && CTR::$","SEC::HIG && DPT::MKG",different,32,51939,946,failure,200,2731251145,13656255.725
covercrypt,hybridized,089a548,"DPT::$ && CTR::$","SEC::HIG && DPT::MKG && CTR::EN",same,16,25231,946,failure,200,1516373137,7581865.685
covercrypt,hybridized,089a548,"DPT::$ && CTR::$","SEC::HIG && DPT::MKG && CTR::FR",same,16,25231,946,failure,200,1653329267,8266646.335
covercrypt,hybridized,089a548,"DPT::$ && CTR::$","SEC::HIG && DPT::MKG && CTR::$",same,32,51939,946,failure,200,2588106640,12940533.200
covercrypt,hybridized,089a548,"DPT::$ && CTR::$","SEC::HIG && DPT::$",different,64,105363,946,success,200,2997935699,14989678.495
covercrypt,hybridized,089a548,"DPT::$ && CTR::$","SEC::HIG && DPT::$ && CTR::EN",same,32,51939,946,failure,200,3041852340,15209261.700
covercrypt,hybridized,089a548,"DPT::$ && CTR::$","SEC::HIG && DPT::$ && CTR::FR",same,32,51939,946,failure,200,2856644720,14283223.600
covercrypt,hybridized,089a548,"DPT::$ && CTR::$","SEC::HIG && DPT::$ && CTR::$",same,64,105363,946,success,200,2900339944,14501699.720
covercrypt,hybridized,089a548,"DPT::$ && CTR::$","SEC::$",different,80,132075,946,success,200,3946392023,19731960.115
covercrypt,hybridized,089a548,"DPT::$ && CTR::$","SEC::$ && CTR::EN",different,40,65293,946,failure,200,3970277229,19851386.145
covercrypt,hybridized,089a548,"DPT::$ && CTR::$","SEC::$ && CTR::FR",different,40,65293,946,failure,200,3562499883,17812499.415
covercrypt,hybridized,089a548,"DPT::$ && CTR::$","SEC::$ && CTR::$",different,80,132075,946,success,200,4494631122,22473155.610
covercrypt,hybridized,089a548,"DPT::$ && CTR::$","SEC::$ && DPT::DEV",different,40,65293,946,failure,200,3838299131,19191495.655
covercrypt,hybridized,089a548,"DPT::$ && CTR::$","SEC::$ && DPT::DEV && CTR::EN",same,20,31907,946,failure,200,1935540746,9677703.730
covercrypt,hybridized,089a548,"DPT::$ && CTR::$","SEC::$ && DPT::DEV && CTR::FR",same,20,31907,946,failure,200,2280216732,11401083.660
covercrypt,hybridized,089a548,"DPT::$ && CTR::$","SEC::$ && DPT::DEV && CTR::$",same,40,65293,946,failure,200,3845803396,19229016.980
covercrypt,hybridized,089a548,"DPT::$ && CTR::$","SEC::$ && DPT::MKG",different,40,65293,946,failure,200,3866636319,19333181.595
covercrypt,hybridized,089a548,"DPT::$ && CTR::$","SEC::$ && DPT::MKG && CTR::EN",same,20,31907,946,failure,200,2063150522,10315752.610
covercrypt,hybridized,089a548,"DPT::$ && CTR::$","SEC::$ && DPT::MKG && CTR::FR",same,20,31907,946,failure,200,2124194104,10620970.520
covercrypt,hybridized,089a548,"DPT::$ && CTR::$","SEC::$ && DPT::MKG && CTR::$",same,40,65293,946,failure,200,3693950002,18469750.010
covercrypt,hybridized,089a548,"DPT::$ && CTR::$","SEC::$ && DPT::$",different,80,132075,946,success,200,3951706288,19758531.440
covercrypt,hybridized,089a548,"DPT::$ && CTR::$","SEC::$ && DPT::$ && CTR::EN",same,40,65293,946,failure,200,3505862153,17529310.765
covercrypt,hybridized,089a548,"DPT::$ && CTR::$","SEC::$ && DPT::$ && CTR::FR",same,40,65293,946,failure,200,3806861427,19034307.135
covercrypt,hybridized,089a548,"DPT::$ && CTR::$","SEC::$ && DPT::$ && CTR::$",same,80,132075,946,success,200,4367076390,21835381.950
covercrypt,hybridized,089a548,"SEC::LOW && DPT::DEV && CTR::$","CTR::EN",different,40,65293,946,failure,200,3900354914,19501774.570
covercrypt,hybridized,089a548,"SEC::LOW && DPT::DEV && CTR::$","CTR::FR",different,40,65293,946,failure,200,4983152599,24915762.995
covercrypt,hybridized,089a548,"SEC::LOW && DPT::DEV && CTR::$","CTR::$",different,80,132075,946,success,200,4067470886,20337354.430
covercrypt,hybridized,089a548,"SEC::LOW && DPT::DEV && CTR::$","DPT::DEV",different,40,65293,946,success,200,2267986949,11339934.745
covercrypt,hybridized,089a548,"SEC::LOW && DPT::DEV && CTR::$","DPT::DEV && CTR::EN",different,20,31907,946,failure,200,2181714513,10908572.565
covercrypt,hybridized,089a548,"SEC::LOW && DPT::DEV && CTR::$","DPT::DEV && CTR::FR",different,20,31907,946,failure,200,2027838985,10139194.925
covercrypt,hybridized,089a548,"SEC::LOW && DPT::DEV && CTR::$","DPT::DEV && CTR::$",different,40,65293,946,success,200,2124883389,10624416.945
covercrypt,hybridized,089a548,"SEC::LOW && DPT::DEV && CTR::$","DPT::MKG",different,40,65293,946,failure,200,4610256894,23051284.470
covercrypt,hybridized,089a548,"SEC::LOW && DPT::DEV && CTR::$","DPT::MKG && CTR::EN",different,20,31907,946,failure,200,2140171246,10700856.230
covercrypt,hybridized,089a548,"SEC::LOW && DPT::DEV && CTR::$","DPT::MKG && CTR::FR",different,20,31907,946,failure,200,2610708183,13053540.915
covercrypt,hybridized,089a548,"SEC::LOW && DPT::DEV && CTR::$","DPT::MKG && CTR::$",different,40,65293,946,failure,200,4673607229,23368036.145
covercrypt,hybridized,089a548,"SEC::LOW && DPT::DEV && CTR::$","DPT::$",different,80,132075,946,success,200,4781906979,23909534.895
covercrypt,hybridized,089a548,"SEC::LOW && DPT::DEV && CTR::$","DPT::$ && CTR::EN",different,40,65293,946,failure,200,3836417332,19182086.660
covercrypt,hybridized,089a548,"SEC::LOW && DPT::DEV && CTR::$","DPT::$ && CTR::FR",different,40,65293,946,failure,200,3952628087,19763140.435
covercrypt,hybridized,089a548,"SEC::LOW && DPT::DEV && CTR::$","DPT::$ && CTR::$",different,80,132075,946,success,200,3290453798,16452268.990
covercrypt,hybridized,089a548,"SEC::LOW && DPT::DEV && CTR::$","SEC::LOW",different,32,51939,946,success,200,1548754956,7743774.780
covercrypt,hybridized,089a548,"SEC::LOW && DPT::DEV && CTR::$","SEC::LOW && CTR::EN",different,16,25231,946,failure,200,1413487845,7067439.225
covercrypt,hybridized,089a548,"SEC::LOW && DPT::DEV && CTR::$","SEC::LOW && CTR::FR",different,16,25231,946,failure,200,1238591410,6192957.050
covercrypt,hybridized,089a548,"SEC::LOW && DPT::DEV && CTR::$","SEC::LOW && CTR::$",different,32,51939,946,success,200,1466313890,7331569.450
covercrypt,hybridized,089a548,"SEC::LOW && DPT::DEV && CTR::$","SEC::LOW && DPT::DEV",different,16,25231,946,success,200,779621248,3898106.240
covercrypt,hybridized,089a548,"SEC::LOW && DPT::DEV && CTR::$","SEC::LOW && DPT::DEV && CTR::EN",same,8,11879,946,failure,200,615676789,3078383.945
covercrypt,hybridized,089a548,"SEC::LOW && DPT::DEV && CTR::$","SEC::LOW && DPT::DEV && CTR::FR",same,8,11879,946,failure,200,622754282,3113771.410
covercrypt,hybridized,089a548,"SEC::LOW && DPT::DEV && CTR::$","SEC::LOW && DPT::DEV && CTR::$",same,16,25231,946,success,200,748392484,3741962.420
covercrypt,hybridized,089a548,"SEC::LOW && DPT::DEV && CTR::$","SEC::LOW && DPT::MKG",different,16,25231,946,failure,200,1337505795,6687528.975
covercrypt,hybridized,089a548,"SEC::LOW && DPT::DEV && CTR::$","SEC::LOW && DPT::MKG && CTR::EN",same,8,11879,946,failure,200,708039500,3540197.500
covercrypt,hybridized,089a548,"SEC::LOW && DPT::DEV && CTR::$","SEC::LOW && DPT::MKG && CTR::FR",same,8,11879,946,failure,200,657946015,3289730.075
covercrypt,hybridized,089a548,"SEC::LOW && DPT::DEV && CTR::$","SEC::LOW && DPT::MKG && CTR::$",same,16,25231,946,failure,200,1560016683,7800083.415
covercrypt,hybridized,089a548,"SEC::LOW && DPT::DEV && CTR::$","SEC::LOW && DPT::$",different,32,51939,946,success,200,1800585756,9002928.780
covercrypt,hybridized,089a548,"SEC::LOW && DPT::DEV && CTR::$","SEC::LOW && DPT::$ && CTR::EN",same,16,25231,946,failure,200,1387017010,6935085.050
covercrypt,hybridized,089a548,"SEC::LOW && DPT::DEV && CTR::$","SEC::LOW && DPT::$ && CTR::FR",same,16,25231,946,failure,200,1461822777,7309113.885
covercrypt,hybridized,089a548,"SEC::LOW && DPT::DEV && CTR::$","SEC::LOW && DPT::$ && CTR::$",same,32,51939,946,success,200,1510545471,7552727.355
covercrypt,hybridized,089a548,"SEC::LOW && DPT::DEV && CTR::$","SEC::MED",different,48,78651,946,success,200,2526453895,12632269.475
covercrypt,hybridized,089a548,"SEC::LOW && DPT::DEV && CTR::$","SEC::MED && CTR::EN",different,24,38585,946,failure,200,2316105724,11580528.620
covercrypt,hybridized,089a548,"SEC::LOW && DPT::DEV && CTR::$","SEC::MED && CTR::FR",different,24,38585,946,failure,200,2009475202,10047376.010
covercrypt,hybridized,089a548,"SEC::LOW && DPT::DEV && CTR::$","SEC::MED && CTR::$",different,48,78651,946,success,200,2048617318,10243086.590
covercrypt,hybridized,089a548,"SEC::LOW && DPT::DEV && CTR::$","SEC::MED && DPT::DEV",different,24,38585,946,success,200,1241535943,6207679.715
covercrypt,hybridized,089a548,"SEC::LOW && DPT::DEV && CTR::$","SEC::MED && DPT::DEV && CTR::EN",same,12,18555,946,failure,200,1239537863,6197689.315
covercrypt,hybridized,089a548,"SEC::LOW && DPT::DEV && CTR::$","SEC::MED && DPT::DEV && CTR::FR",same,12,18555,946,failure,200,1108926963,5544634.815
covercrypt,hybridized,089a548,"SEC::LOW && DPT::DEV && CTR::$","SEC::MED && DPT::DEV && CTR::$",same,24,38585,946,success,200,1171235738,5856178.690
covercrypt,hybridized,089a548,"SEC::LOW && DPT::DEV && CTR::$","SEC::MED && DPT::MKG",different,24,38585,946,failure,200,1965067253,9825336.265
covercrypt,hybridized,089a548,"SEC::LOW && DPT::DEV && CTR::$","SEC::MED && DPT::MKG && CTR::EN",same,12,18555,946,failure,200,951114631,4755573.155
covercrypt,hybridized,089a548,"SEC::LOW && DPT::DEV && CTR::$","SEC::MED && DPT::MKG && CTR::FR",same,12,18555,946,failure,200,994153825,4970769.125
covercrypt,hybridized,089a548,"SEC::LOW && DPT::DEV && CTR::$","SEC::MED && DPT::MKG && CTR::$",same,24,38585,946,failure,200,1909096025,9545480.125
covercrypt,hybridized,089a548,"SEC::LOW && DPT::DEV && CTR::$","SEC::MED && DPT::$",different,48,78651,946,success,200,1956848479,9784242.395
covercrypt,hybridized,089a548,"SEC::LOW && DPT::DEV && CTR::$","SEC::MED && DPT::$ && CTR::EN",same,24,38585,946,failure,200,1850592776,9252963.880
covercrypt,hybridized,089a548,"SEC::LOW && DPT::DEV && CTR::$","SEC::MED && DPT::$ && CTR::FR",same,24,38585,946,failure,200,1915545328,9577726.640
covercrypt,hybridized,089a548,"SEC::LOW && DPT::DEV && CTR::$","SEC::MED && DPT::$ && CTR::$",same,48,78651,946,success,200,2026558079,10132790.395
covercrypt,hybridized,089a548,"SEC::LOW && DPT::DEV && CTR::$","SEC::HIG",different,64,105363,946,success,200,2726114826,13630574.130
covercrypt,hybridized,089a548,"SEC::LOW && DPT::DEV && CTR::$","SEC::HIG && CTR::EN",different,32,51939,946,failure,200,2497588016,12487940.080
covercrypt,hybridized,089a548,"SEC::LOW && DPT::DEV && CTR::$","SEC::HIG && CTR::FR",different,32,51939,946,failure,200,2436399477,12181997.385
covercrypt,hybridized,089a548,"SEC::LOW && DPT::DEV && CTR::$","SEC::HIG && CTR::$",different,64,105363,946,success,200,2500247568,12501237.840
covercrypt,hybridized,089a548,"SEC::LOW && DPT::DEV && CTR::$","SEC::HIG && DPT::DEV",different,32,51939,946,success,200,1315938521,6579692.605
covercrypt,hybridized,089a548,"SEC::LOW && DPT::DEV && CTR::$","SEC::HIG && DPT::DEV && CTR::EN",same,16,25231,946,failure,200,1145544074,5727720.370
covercrypt,hybridized,089a548,"SEC::LOW && DPT::DEV && CTR::$","SEC::HIG && DPT::DEV && CTR::FR",same,16,25231,946,failure,200,1166266115,5831330.575
covercrypt,hybridized,089a548,"SEC::LOW && DPT::DEV && CTR::$","SEC::HIG && DPT::DEV && CTR::$",same,32,51939,946,success,200,1301449920,6507249.600
covercrypt,hybridized,089a548,"SEC::LOW && DPT::DEV && CTR::$","SEC::HIG && DPT::MKG",different,32,51939,946,failure,200,2261345995,11306729.975
covercrypt,hybridized,089a548,"SEC::LOW && DPT::DEV && CTR::$","SEC::HIG && DPT::MKG && CTR::EN",same,16,25231,946,failure,200,1137264031,5686320.155
covercrypt,hybridized,089a548,"SEC::LOW && DPT::DEV && CTR::$","SEC::HIG && DPT::MKG && CTR::FR",same,16,25231,946,failure,200,1171434013,5857170.065
covercrypt,hybridized,089a548,"SEC::LOW && DPT::DEV && CTR::$","SEC::HIG && DPT::MKG && CTR::$",same,32,51939,946,failure,200,2677608958,13388044.790
covercrypt,hybridized,089a548,"SEC::LOW && DPT::DEV && CTR::$","SEC::HIG && DPT::$",different,64,105363,946,success,200,2899915616,14499578.080
covercrypt,hybridized,089a548,"SEC::LOW && DPT::DEV && CTR::$","SEC::HIG && DPT::$ && CTR::EN",same,32,51939,946,failure,200,3032791912,15163959.560
covercrypt,hybridized,089a548,"SEC::LOW && DPT::DEV && CTR::$","SEC::HIG && DPT::$ && CTR::FR",same,32,51939,946,failure,200,2370345568,11851727.840
covercrypt,hybridized,089a548,"SEC::LOW && DPT::DEV && CTR::$","SEC::HIG && DPT::$ && CTR::$",same,64,105363,946,success,200,2552461507,12762307.535
covercrypt,hybridized,089a548,"SEC::LOW && DPT::DEV && CTR::$","SEC::$",different,80,132075,946,success,200,3007975897,15039879.485
covercrypt,hybridized,089a548,"SEC::LOW && DPT::DEV && CTR::$","SEC::$ && CTR::EN",different,40,65293,946,failure,200,3714610701,18573053.505
covercrypt,hybridized,089a548,"SEC::LOW && DPT::DEV && CTR::$","SEC::$ && CTR::FR",different,40,65293,946,failure,200,3294898924,16474494.620
covercrypt,hybridized,089a548,"SEC::LOW && DPT::DEV && CTR::$","SEC::$ && CTR::$",different,80,132075,946,success,200,3592315838,17961579.190
covercrypt,hybridized,089a548,"SEC::LOW && DPT::DEV && CTR::$","SEC::$ && DPT::DEV",different,40,65293,946,success,200,1794209205,8971046.025
covercrypt,hybridized,089a548,"SEC::LOW && DPT::DEV && CTR::$","SEC::$ && DPT::DEV && CTR::EN",same,20,31907,946,failure,200,1550343143,7751715.715
covercrypt,hybridized,089a548,"SEC::LOW && DPT::DEV && CTR::$","SEC::$ && DPT::DEV && CTR::FR",same,20,31907,946,failure,200,1541841689,7709208.445
covercrypt,hybridized,089a548,"SEC::LOW && DPT::DEV && CTR::$","SEC::$ && DPT::DEV && CTR::$",same,40,65293,946,success,200,1637972092,8189860.460
covercrypt,hybridized,089a548,"SEC::LOW && DPT::DEV && CTR::$","SEC::$ && DPT::MKG",different,40,65293,946,failure,200,3037645538,15188227.690
covercrypt,hybridized,089a548,"SEC::LOW && DPT::DEV && CTR::$","SEC::$ && DPT::MKG && CTR::EN",same,20,31907,946,failure,200,1535984583,7679922.915
covercrypt,hybridized,089a548,"SEC::LOW && DPT::DEV && CTR::$","SEC::$ && DPT::MKG && CTR::FR",same,20,31907,946,failure,200,1481904501,7409522.505
covercrypt,hybridized,089a548,"SEC::LOW && DPT::DEV && CTR::$","SEC::$ && DPT::MKG && CTR::$",same,40,65293,946,failure,200,2994033884,14970169.420
covercrypt,hybridized,089a548,"SEC::LOW && DPT::DEV && CTR::$","SEC::$ && DPT::$",different,80,132075,946,success,200,3101046149,15505230.745
covercrypt,hybridized,089a548,"SEC::LOW && DPT::DEV && CTR::$","SEC::$ && DPT::$ && CTR::EN",same,40,65293,946,failure,200,2932008366,14660041.830
covercrypt,hybridized,089a548,"SEC::LOW && DPT::DEV && CTR::$","SEC::$ && DPT::$ && CTR::FR",same,40,65293,946,failure,200,3068251608,15341258.040
covercrypt,hybridized,089a548,"SEC::LOW && DPT::DEV && CTR::$","SEC::$ && DPT::$ && CTR::$",same,80,132075,946,success,200,3180445561,15902227.805
covercrypt,hybridized,089a548,"SEC::LOW && DPT::$ && CTR::$","CTR::EN",different,40,65293,946,failure,200,3173276364,15866381.820
covercrypt,hybridized,089a548,"SEC::LOW && DPT::$ && CTR::$","CTR::FR",different,40,65293,946,failure,200,2976078932,14880394.660
covercrypt,hybridized,089a548,"SEC::LOW && DPT::$ && CTR::$","CTR::$",different,80,132075,946,success,200,2994326101,14971630.505
covercrypt,hybridized,089a548,"SEC::LOW && DPT::$ && CTR::$","DPT::DEV",different,40,65293,946,failure,200,2929985650,14649928.250
covercrypt,hybridized,089a548,"SEC::LOW && DPT::$ && CTR::$","DPT::DEV && CTR::EN",different,20,31907,946,failure,200,1520945936,7604729.680
covercrypt,hybridized,089a548,"SEC::LOW && DPT::$ && CTR::$","DPT::DEV && CTR::FR",different,20,31907,946,failure,200,1501767852,7508839.260
covercrypt,hybridized,089a548,"SEC::LOW && DPT::$ && CTR::$","DPT::DEV && CTR::$",different,40,65293,946,failure,200,3026267005,15131335.025
covercrypt,hybridized,089a548,"SEC::LOW && DPT::$ && CTR::$","DPT::MKG",different,40,65293,946,failure,200,3285725838,16428629.190
covercrypt,hybridized,089a548,"SEC::LOW && DPT::$ && CTR::$","DPT::MKG && CTR::EN",different,20,31907,946,failure,200,1564834121,7824170.605
covercrypt,hybridized,089a548,"SEC::LOW && DPT::$ && CTR::$","DPT::MKG && CTR::FR",different,20,31907,946,failure,200,1458439116,7292195.580
covercrypt,hybridized,089a548,"SEC::LOW && DPT::$ && CTR::$","DPT::MKG && CTR::$",different,40,65293,946,failure,200,3050700439,15253502.195
covercrypt,hybridized,089a548,"SEC::LOW && DPT::$ && CTR::$","DPT::$",different,80,132075,946,success,200,3264315019,16321575.095
covercrypt,hybridized,089a548,"SEC::LOW && DPT::$ && CTR::$","DPT::$ && CTR::EN",different,40,65293,946,failure,200,2997122415,14985612.075
covercrypt,hybridized,089a548,"SEC::LOW && DPT::$ && CTR::$","DPT::$ && CTR::FR",different,40,65293,946,failure,200,2936563974,14682819.870
covercrypt,hybridized,089a548,"SEC::LOW && DPT::$ && CTR::$","DPT::$ && CTR::$",different,80,132075,946,success,200,3180111996,15900559.980
covercrypt,hybridized,089a548,"SEC::LOW && DPT::$ && CTR::$","SEC::LOW",different,32,51939,946,success,200,1334031396,6670156.980
covercrypt,hybridized,089a548,"SEC::LOW && DPT::$ && CTR::$","SEC::LOW && CTR::EN",different,16,25231,946,failure,200,1144680165,5723400.825
covercrypt,hybridized,089a548,"SEC::LOW && DPT::$ && CTR::$","SEC::LOW && CTR::FR",different,16,25231,946,failure,200,1230942437,6154712.185
covercrypt,hybridized,089a548,"SEC::LOW && DPT::$ && CTR::$","SEC::LOW && CTR::$",different,32,51939,946,success,200,1312423210,6562116.050
covercrypt,hybridized,089a548,"SEC::LOW && DPT::$ && CTR::$","SEC::LOW && DPT::DEV",different,16,25231,946,failure,200,1173487446,5867437.230
covercrypt,hybridized,089a548,"SEC::LOW && DPT::$ && CTR::$","SEC::LOW && DPT::DEV && CTR::EN",same,8,11879,946,failure,200,598629199,2993145.995
covercrypt,hybridized,089a548,"SEC::LOW && DPT::$ && CTR::$","SEC::LOW && DPT::DEV && CTR::FR",same,8,11879,946,failure,200,570993455,2854967.275
covercrypt,hybridized,089a548,"SEC::LOW && DPT::$ && CTR::$","SEC::LOW && DPT::DEV && CTR::$",same,16,25231,946,failure,200,1151094868,5755474.340
covercrypt,hybridized,089a548,"SEC::LOW && DPT::$ && CTR::$","SEC::LOW && DPT::MKG",different,16,25231,946,failure,200,1236092331,6180461.655
covercrypt,hybridized,089a548,"SEC::LOW && DPT::$ && CTR::$","SEC::LOW && DPT::MKG && CTR::EN",same,8,11879,946,failure,200,564422314,2822111.570
covercrypt,hybridized,089a548,"SEC::LOW && DPT::$ && CTR::$","SEC::LOW && DPT::MKG && CTR::FR",same,8,11879,946,failure,200,612585295,3062926.475
covercrypt,hybridized,089a548,"SEC::LOW && DPT::$ && CTR::$","SEC::LOW && DPT::MKG && CTR::$",same,16,25231,946,failure,200,1273704124,6368520.620
covercrypt,hybridized,089a548,"SEC::LOW && DPT::$ && CTR::$","SEC::LOW && DPT::$",different,32,51939,946,success,200,1438486168,7192430.840
covercrypt,hybridized,089a548,"SEC::LOW && DPT::$ && CTR::$","SEC::LOW && DPT::$ && CTR::EN",same,16,25231,946,failure,200,1192204805,5961024.025
covercrypt,hybridized,089a548,"SEC::LOW && DPT::$ && CTR::$","SEC::LOW && DPT::$ && CTR::FR",same,16,25231,946,failure,200,1116549134,5582745.670
covercrypt,hybridized,089a548,"SEC::LOW && DPT::$ && CTR::$","SEC::LOW && DPT::$ && CTR::$",same,32,51939,946,success,200,1169553491,5847767.455
covercrypt,hybridized,089a548,"SEC::LOW && DPT::$ && CTR::$","SEC::MED",different,48,78651,946,success,200,1736133584,8680667.920
covercrypt,hybridized,089a548,"SEC::LOW && DPT::$ && CTR::$","SEC::MED && CTR::EN",different,24,38585,946,failure,200,1721153738,8605768.690
covercrypt,hybridized,089a548,"SEC::LOW && DPT::$ && CTR::$","SEC::MED && CTR::FR",different,24,38585,946,failure,200,1694030670,8470153.350
covercrypt,hybridized,089a548,"SEC::LOW && DPT::$ && CTR::$","SEC::MED && CTR::$",different,48,78651,946,success,200,2003375056,10016875.280
covercrypt,hybridized,089a548,"SEC::LOW && DPT::$ && CTR::$","SEC::MED && DPT::DEV",different,24,38585,946,failure,200,1790088659,8950443.295
covercrypt,hybridized,089a548,"SEC::LOW && DPT::$ && CTR::$","SEC::MED && DPT::DEV && CTR::EN",same,12,18555,946,failure,200,819154734,4095773.670
covercrypt,hybridized,089a548,"SEC::LOW && DPT::$ && CTR::$","SEC::MED && DPT::DEV && CTR::FR",same,12,18555,946,failure,200,838587483,4192937.415
covercrypt,hybridized,089a548,"SEC::LOW && DPT::$ && CTR::$","SEC::MED && DPT::DEV && CTR::$",same,24,38585,946,failure,200,1945071747,9725358.735
covercrypt,hybridized,089a548,"SEC::LOW && DPT::$ && CTR::$","SEC::MED && DPT::MKG",different,24,38585,946,failure,200,1750498993,8752494.965
covercrypt,hybridized,089a548,"SEC::LOW && DPT::$ && CTR::$","SEC::MED && DPT::MKG && CTR::EN",same,12,18555,946,failure,200,909879167,4549395.835
covercrypt,hybridized,089a548,"SEC::LOW && DPT::$ && CTR::$","SEC::MED && DPT::MKG && CTR::FR",same,12,18555,946,failure,200,922542351,4612711.755
covercrypt,hybridized,089a548,"SEC::LOW && DPT::$ && CTR::$","SEC::MED && DPT::MKG && CTR::$",same,24,38585,946,failure,200,1963365988,9816829.940
covercrypt,hybridized,089a548,"SEC::LOW && DPT::$ && CTR::$","SEC::MED && DPT::$",different,48,78651,946,success,200,1729443489,8647217.445
covercrypt,hybridized,089a548,"SEC::LOW && DPT::$ && CTR::$","SEC::MED && DPT::$ && CTR::EN",same,24,38585,946,failure,200,1742736359,8713681.795
covercrypt,hybridized,089a548,"SEC::LOW && DPT::$ && CTR::$","SEC::MED && DPT::$ && CTR::FR",same,24,38585,946,failure,200,1825085464,9125427.320
covercrypt,hybridized,089a548,"SEC::LOW && DPT::$ && CTR::$","SEC::MED && DPT::$ && CTR::$",same,48,78651,946,success,200,1903176943,9515884.715
covercrypt,hybridized,089a548,"SEC::LOW && DPT::$ && CTR::$","SEC::HIG",different,64,105363,946,success,200,2467037371,12335186.855
covercrypt,hybridized,089a548,"SEC::LOW && DPT::$ && CTR::$","SEC::HIG && CTR::EN",different,32,51939,946,failure,200,2475800242,12379001.210
covercrypt,hybridized,089a548,"SEC::LOW && DPT::$ && CTR::$","SEC::HIG && CTR::FR",different,32,51939,946,failure,200,2819686940,14098434.700
covercrypt,hybridized,089a548,"SEC::LOW && DPT::$ && CTR::$","SEC::HIG && CTR::$",different,64,105363,946,success,200,3024510547,15122552.735
covercrypt,hybridized,089a548,"SEC::LOW && DPT::$ && CTR::$","SEC::HIG && DPT::DEV",different,32,51939,946,failure,200,2473116353,12365581.765
covercrypt,hybridized,089a548,"SEC::LOW && DPT::$ && CTR::$","SEC::HIG && DPT::DEV && CTR::EN",same,16,25231,946,failure,200,1279123794,6395618.970
covercrypt,hybridized,089a548,"SEC::LOW && DPT::$ && CTR::$","SEC::HIG && DPT::DEV && CTR::FR",same,16,25231,946,failure,200,1166752097,5833760.485
covercrypt,hybridized,089a548,"SEC::LOW && DPT::$ && CTR::$","SEC::HIG && DPT::DEV && CTR::$",same,32,51939,946,failure,200,2524273820,12621369.100
covercrypt,hybridized,089a548,"SEC::LOW && DPT::$ && CTR::$","SEC::HIG && DPT::MKG",different,32,51939,946,failure,200,2308194976,11540974.880
covercrypt,hybridized,089a548,"SEC::LOW && DPT::$ && CTR::$","SEC::HIG && DPT::MKG && CTR::EN",same,16,25231,946,failure,200,1381161020,6905805.100
covercrypt,hybridized,089a548,"SEC::LOW && DPT::$ && CTR::$","SEC::HIG && DPT::MKG && CTR::FR",same,16,25231,946,failure,200,1400854672,7004273.360
covercrypt,hybridized,089a548,"SEC::LOW && DPT::$ && CTR::$","SEC::HIG && DPT::MKG && CTR::$",same,32,51939,946,failure,200,2410865385,12054326.925
covercrypt,hybridized,089a548,"SEC::LOW && DPT::$ && CTR::$","SEC::HIG && DPT::$",different,64,105363,946,success,200,2531419788,12657098.940
covercrypt,hybridized,089a548,"SEC::LOW && DPT::$ && CTR::$","SEC::HIG && DPT::$ && CTR::EN",same,32,51939,946,failure,200,2488260063,12441300.315
covercrypt,hybridized,089a548,"SEC::LOW && DPT::$ && CTR::$","SEC::HIG && DPT::$ && CTR::FR",same,32,51939,946,failure,200,2409299582,12046497.910
covercrypt,hybridized,089a548,"SEC::LOW && DPT::$ && CTR::$","SEC::HIG && DPT::$ && CTR::$",same,64,105363,946,success,200,2656884614,13284423.070
covercrypt,hybridized,089a548,"SEC::LOW && DPT::$ && CTR::$","SEC::$",different,80,132075,946,success,200,3164188568,15820942.840
covercrypt,hybridized,089a548,"SEC::LOW && DPT::$ && CTR::$","SEC::$ && CTR::EN",different,40,65293,946,failure,200,3113371468,15566857.340
covercrypt,hybridized,089a548,"SEC::LOW && DPT::$ && CTR::$","SEC::$ && CTR::FR",different,40,65293,946,failure,200,3058120989,15290604.945
covercrypt,hybridized,089a548,"SEC::LOW && DPT::$ && CTR::$","SEC::$ && CTR::$",different,80,132075,946,success,200,3446764519,17233822.595
covercrypt,hybridized,089a548,"SEC::LOW && DPT::$ && CTR::$","SEC::$ && DPT::DEV",different,40,65293,946,failure,200,3089380135,15446900.675
covercrypt,hybridized,089a548,"SEC::LOW && DPT::$ && CTR::$","SEC::$ && DPT::DEV && CTR::EN",same,20,31907,946,failure,200,1529630888,7648154.440
covercrypt,hybridized,089a548,"SEC::LOW && DPT::$ && CTR::$","SEC::$ && DPT::DEV && CTR::FR",same,20,31907,946,failure,200,1534987192,7674935.960
covercrypt,hybridized,089a548,"SEC::LOW && DPT::$ && CTR::$","SEC::$ && DPT::DEV && CTR::$",same,40,65293,946,failure,200,3082578997,15412894.985
covercrypt,hybridized,089a548,"SEC::LOW && DPT::$ && CTR::$","SEC::$ && DPT::MKG",different,40,65293,946,failure,200,3174672876,15873364.380
covercrypt,hybridized,089a548,"SEC::LOW && DPT::$ && CTR::$","SEC::$ && DPT::MKG && CTR::EN",same,20,31907,946,failure,200,1612073897,8060369.485
covercrypt,hybridized,089a548,"SEC::LOW && DPT::$ && CTR::$","SEC::$ && DPT::MKG && CTR::FR",same,20,31907,946,failure,200,1635396371,8176981.855
covercrypt,hybridized,089a548,"SEC::LOW && DPT::$ && CTR::$","SEC::$ && DPT::MKG && CTR::$",same,40,65293,946,failure,200,3057752707,15288763.535
covercrypt,hybridized,089a548,"SEC::LOW && DPT::$ && CTR::$","SEC::$ && DPT::$",different,80,132075,946,success,200,3127197878,15635989.390
covercrypt,hybridized,089a548,"SEC::LOW && DPT::$ && CTR::$","SEC::$ && DPT::$ && CTR::EN",same,40,65293,946,failure,200,3523922022,17619610.110
covercrypt,hybridized,089a548,"SEC::LOW && DPT::$ && CTR::$","SEC::$ && DPT::$ && CTR::FR",same,40,65293,946,failure,200,3226229943,16131149.715
covercrypt,hybridized,089a548,"SEC::LOW && DPT::$ && CTR::$","SEC::$ && DPT::$ && CTR::$",same,80,132075,946,success,200,3196202958,15981014.790
covercrypt,hybridized,089a548,"SEC::MED && DPT::DEV && CTR::$","CTR::EN",different,40,65293,946,failure,200,3514412035,17572060.175
covercrypt,hybridized,089a548,"SEC::MED && DPT::DEV && CTR::$","CTR::FR",different,40,65293,946,failure,200,3851389660,19256948.300
covercrypt,hybridized,089a548,"SEC::MED && DPT::DEV && CTR::$","CTR::$",different,80,132075,946,success,200,3377529329,16887646.645
covercrypt,hybridized,089a548,"SEC::MED && DPT::DEV && CTR::$","DPT::DEV",different,40,65293,946,success,200,2103693413,10518467.065
covercrypt,hybridized,089a548,"SEC::MED && DPT::DEV && CTR::$","DPT::DEV && CTR::EN",different,20,31907,946,failure,200,1855980388,9279901.940
covercrypt,hybridized,089a548,"SEC::MED && DPT::DEV && CTR::$","DPT::DEV && CTR::FR",different,20,31907,946,failure,200,1724753057,8623765.285
covercrypt,hybridized,089a548,"SEC::MED && DPT::DEV && CTR::$","DPT::DEV && CTR::$",different,40,65293,946,success,200,1989722418,9948612.090
covercrypt,hybridized,089a548,"SEC::MED && DPT::DEV && CTR::$","DPT::MKG",different,40,65293,946,failure,200,3924124160,19620620.800
covercrypt,hybridized,089a548,"SEC::MED && DPT::DEV && CTR::$","DPT::MKG && CTR::EN",different,20,31907,946,failure,200,3134828952,15674144.760
covercrypt,hybridized,089a548,"SEC::MED && DPT::DEV && CTR::$","DPT::MKG && CTR::FR",different,20,31907,946,failure,200,2253558275,11267791.375
covercrypt,hybridized,089a548,"SEC::MED && DPT::DEV && CTR::$","DPT::MKG && CTR::$",different,40,65293,946,failure,200,3507376319,17536881.595
covercrypt,hybridized,089a548,"SEC::MED && DPT::DEV && CTR::$","DPT::$",different,80,132075,946,success,200,3868296690,19341483.450
covercrypt,hybridized,089a548,"SEC::MED && DPT::DEV && CTR::$","DPT::$ && CTR::EN",different,40,65293,946,failure,200,4129814884,20649074.420
covercrypt,hybridized,089a548,"SEC::MED && DPT::DEV && CTR::$","DPT::$ && CTR::FR",different,40,65293,946,failure,200,3437518005,17187590.025
covercrypt,hybridized,089a548,"SEC::MED && DPT::DEV && CTR::$","DPT::$ && CTR::$",different,80,132075,946,success,200,3247413918,16237069.590
covercrypt,hybridized,089a548,"SEC::MED && DPT::DEV && CTR::$","SEC::LOW",different,32,51939,946,failure,200,2889483860,14447419.300
covercrypt,hybridized,089a548,"SEC::MED && DPT::DEV && CTR::$","SEC::LOW && CTR::EN",different,16,25231,946,failure,200,1221405737,6107028.685
covercrypt,hybridized,089a548,"SEC::MED && DPT::DEV && CTR::$","SEC::LOW && CTR::FR",different,16,25231,946,failure,200,1220182232,6100911.160
covercrypt,hybridized,089a548,"SEC::MED && DPT::DEV && CTR::$","SEC::LOW && CTR::$",different,32,51939,946,failure,200,2351458570,11757292.850
covercrypt,hybridized,089a548,"SEC::MED && DPT::DEV && CTR::$","SEC::LOW && DPT::DEV",different,16,25231,946,failure,200,1176924794,5884623.970
covercrypt,hybridized,089a548,"SEC::MED && DPT::DEV && CTR::$","SEC::LOW && DPT::DEV && CTR::EN",same,8,11879,946,failure,200,578169261,2890846.305
covercrypt,hybridized,089a548,"SEC::MED && DPT::DEV && CTR::$","SEC::LOW && DPT::DEV && CTR::FR",same,8,11879,946,failure,200,572777901,2863889.505
covercrypt,hybridized,089a548,"SEC::MED && DPT::DEV && CTR::$","SEC::LOW && DPT::DEV && CTR::$",same,16,25231,946,failure,200,1335386987,6676934.935
covercrypt,hybridized,089a548,"SEC::MED && DPT::DEV && CTR::$","SEC::LOW && DPT::MKG",different,16,25231,946,failure,200,1196263208,5981316.040
covercrypt,hybridized,089a548,"SEC::MED && DPT::DEV && CTR::$","SEC::LOW && DPT::MKG && CTR::EN",same,8,11879,946,failure,200,676052032,3380260.160
covercrypt,hybridized,089a548,"SEC::MED && DPT::DEV && CTR::$","SEC::LOW && DPT::MKG && CTR::FR",same,8,11879,946,failure,200,598788075,2993940.375
covercrypt,hybridized,089a548,"SEC::MED && DPT::DEV && CTR::$","SEC::LOW && DPT::MKG && CTR::$",same,16,25231,946,failure,200,1128107958,5640539.790
covercrypt,hybridized,089a548,"SEC::MED && DPT::DEV && CTR::$","SEC::LOW && DPT::$",different,32,51939,946,failure,200,2592890848,12964454.240
covercrypt,hybridized,089a548,"SEC::MED && DPT::DEV && CTR::$","SEC::LOW && DPT::$ && CTR::EN",same,16,25231,946,failure,200,1500826088,7504130.440
covercrypt,hybridized,089a548,"SEC::MED && DPT::DEV && CTR::$","SEC::LOW && DPT::$ && CTR::FR",same,16,25231,946,failure,200,1460331080,7301655.400
covercrypt,hybridized,089a548,"SEC::MED && DPT::DEV && CTR::$","SEC::LOW && DPT::$ && CTR::$",same,32,51939,946,failure,200,2811059632,14055298.160
covercrypt,hybridized,089a548,"SEC::MED && DPT::DEV && CTR::$","SEC::MED",different,48,78651,946,success,200,2643309562,13216547.810
covercrypt,hybridized,089a548,"SEC::MED && DPT::DEV && CTR::$","SEC::MED && CTR::EN",different,24,38585,946,failure,200,2984839726,14924198.630
covercrypt,hybridized,089a548,"SEC::MED && DPT::DEV && CTR::$","SEC::MED && CTR::FR",different,24,38585,946,failure,200,2825940735,14129703.675
covercrypt,hybridized,089a548,"SEC::MED && DPT::DEV && CTR::$","SEC::MED && CTR::$",different,48,78651,946,success,200,3252760714,16263803.570
covercrypt,hybridized,089a548,"SEC::MED && DPT::DEV && CTR::$","SEC::MED && DPT::DEV",different,24,38585,946,success,200,1635513640,8177568.200
covercrypt,hybridized,089a548,"SEC::MED && DPT::DEV && CTR::$","SEC::MED && DPT::DEV && CTR::EN",same,12,18555,946,failure,200,1310842299,6554211.495
covercrypt,hybridized,089a548,"SEC::MED && DPT::DEV && CTR::$","SEC::MED && DPT::DEV && CTR::FR",same,12,18555,946,failure,200,1061144040,5305720.200
covercrypt,hybridized,089a548,"SEC::MED && DPT::DEV && CTR::$","SEC::MED && DPT::DEV && CTR::$",same,24,38585,946,success,200,1264425854,6322129.270
covercrypt,hybridized,089a548,"SEC::MED && DPT::DEV && CTR::$","SEC::MED && DPT::MKG",different,24,38585,946,failure,200,2276915113,11384575.565
covercrypt,hybridized,089a548,"SEC::MED && DPT::DEV && CTR::$","SEC::MED && DPT::MKG && CTR::EN",same,12,18555,946,failure,200,1240320709,6201603.545
covercrypt,hybridized,089a548,"SEC::MED && DPT::DEV && CTR::$","SEC::MED && DPT::MKG && CTR::FR",same,12,18555,946,failure,200,1284492501,6422462.505
covercrypt,hybridized,089a548,"SEC::MED && DPT::DEV && CTR::$","SEC::MED && DPT::MKG && CTR::$",same,24,38585,946,failure,200,2468940102,12344700.510
covercrypt,hybridized,089a548,"SEC::MED && DPT::DEV && CTR::$","SEC::MED && DPT::$",different,48,78651,946,success,200,2424565470,12122827.350
covercrypt,hybridized,089a548,"SEC::MED && DPT::DEV && CTR::$","SEC::MED && DPT::$ && CTR::EN",same,24,38585,946,failure,200,2141564495,10707822.475
covercrypt,hybridized,089a548,"SEC::MED && DPT::DEV && CTR::$","SEC::MED && DPT::$ && CTR::FR",same,24,38585,946,failure,200,2373179555,11865897.775
covercrypt,hybridized,089a548,"SEC::MED && DPT::DEV && CTR::$","SEC::MED && DPT::$ && CTR::$",same,48,78651,946,success,200,2856250848,14281254.240
covercrypt,hybridized,089a548,"SEC::MED && DPT::DEV && CTR::$","SEC::HIG",different,64,105363,946,success,200,3294581933,16472909.665
covercrypt,hybridized,089a548,"SEC::MED && DPT::DEV && CTR::$","SEC::HIG && CTR::EN",different,32,51939,946,failure,200,3467360301,17336801.505
covercrypt,hybridized,089a548,"SEC::MED && DPT::DEV && CTR::$","SEC::HIG && CTR::FR",different,32,51939,946,failure,200,3196406094,15982030.470
covercrypt,hybridized,089a548,"SEC::MED && DPT::DEV && CTR::$","SEC::HIG && CTR::$",different,64,105363,946,success,200,3000237978,15001189.890
covercrypt,hybridized,089a548,"SEC::MED && DPT::DEV && CTR::$","SEC::HIG && DPT::DEV",different,32,51939,946,success,200,2040927751,10204638.755
covercrypt,hybridized,089a548,"SEC::MED && DPT::DEV && CTR::$","SEC::HIG && DPT::DEV && CTR::EN",same,16,25231,946,failure,200,1764121230,8820606.150
covercrypt,hybridized,089a548,"SEC::MED && DPT::DEV && CTR::$","SEC::HIG && DPT::DEV && CTR::FR",same,16,25231,946,failure,200,1617700166,8088500.830
covercrypt,hybridized,089a548,"SEC::MED && DPT::DEV && CTR::$","SEC::HIG && DPT::DEV && CTR::$",same,32,51939,946,success,200,2067834716,10339173.580
covercrypt,hybridized,089a548,"SEC::MED && DPT::DEV && CTR::$","SEC::HIG && DPT::MKG",different,32,51939,946,failure,200,3473982685,17369913.425
covercrypt,hybridized,089a548,"SEC::MED && DPT::DEV && CTR::$","SEC::HIG && DPT::MKG && CTR::EN",same,16,25231,946,failure,200,1978514785,9892573.925
covercrypt,hybridized,089a548,"SEC::MED && DPT::DEV && CTR::$","SEC::HIG && DPT::MKG && CTR::FR",same,16,25231,946,failure,200,1840660094,9203300.470
covercrypt,hybridized,089a548,"SEC::MED && DPT::DEV && CTR::$","SEC::HIG && DPT::MKG && CTR::$",same,32,51939,946,failure,200,3376752310,16883761.550
covercrypt,hybridized,089a548,"SEC::MED && DPT::DEV && CTR::$","SEC::HIG && DPT::$",different,64,105363,946,success,200,4601646535,23008232.675
covercrypt,hybridized,089a548,"SEC::MED && DPT::DEV && CTR::$","SEC::HIG && DPT::$ && CTR::EN",same,32,51939,946,failure,200,3461340704,17306703.520
covercrypt,hybridized,089a548,"SEC::MED && DPT::DEV && CTR::$","SEC::HIG && DPT::$ && CTR::FR",same,32,51939,946,failure,200,3801102986,19005514.930
covercrypt,hybridized,089a548,"SEC::MED && DPT::DEV && CTR::$","SEC::HIG && DPT::$ && CTR::$",same,64,105363,946,success,200,3872183229,19360916.145
covercrypt,hybridized,089a548,"SEC::MED && DPT::DEV && CTR::$","SEC::$",different,80,132075,946,success,200,5202604106,26013020.530
covercrypt,hybridized,089a548,"SEC::MED && DPT::DEV && CTR::$","SEC::$ && CTR::EN",different,40,65293,946,failure,200,4739253556,23696267.780
covercrypt,hybridized,089a548,"SEC::MED && DPT::DEV && CTR::$","SEC::$ && CTR::FR",different,40,65293,946,failure,200,5026757488,25133787.440
covercrypt,hybridized,089a548,"SEC::MED && DPT::DEV && CTR::$","SEC::$ && CTR::$",different,80,132075,946,success,200,5175654303,25878271.515
covercrypt,hybridized,089a548,"SEC::MED && DPT::DEV && CTR::$","SEC::$ && DPT::DEV",different,40,65293,946,success,200,2820645446,14103227.230
covercrypt,hybridized,089a548,"SEC::MED && DPT::DEV && CTR::$","SEC::$ && DPT::DEV && CTR::EN",same,20,31907,946,failure,200,2674740944,13373704.720
covercrypt,hybridized,089a548,"SEC::MED && DPT::DEV && CTR::$","SEC::$ && DPT::DEV && CTR::FR",same,20,31907,946,failure,200,2274935061,11374675.305
covercrypt,hybridized,089a548,"SEC::MED && DPT::DEV && CTR::$","SEC::$ && DPT::DEV && CTR::$",same,40,65293,946,success,200,2802886855,14014434.275
covercrypt,hybridized,089a548,"SEC::MED && DPT::DEV && CTR::$","SEC::$ && DPT::MKG",different,40,65293,946,failure,200,5024505624,25122528.120
covercrypt,hybridized,089a548,"SEC::MED && DPT::DEV && CTR::$","SEC::$ && DPT::MKG && CTR::EN",same,20,31907,946,failure,200,2203470368,11017351.840
covercrypt,hybridized,089a548,"SEC::MED && DPT::DEV && CTR::$","SEC::$ && DPT::MKG && CTR::FR",same,20,31907,946,failure,200,2471675496,12358377.480
covercrypt,hybridized,089a548,"SEC::MED && DPT::DEV && CTR::$","SEC::$ && DPT::MKG && CTR::$",same,40,65293,946,failure,200,5926319018,29631595.090
covercrypt,hybridized,089a548,"SEC::MED && DPT::DEV && CTR::$","SEC::$ && DPT::$",different,80,132075,946,success,200,5658290903,28291454.515
covercrypt,hybridized,089a548,"SEC::MED && DPT::DEV && CTR::$","SEC::$ && DPT::$ && CTR::EN",same,40,65293,946,failure,200,5081106459,25405532.295
covercrypt,hybridized,089a548,"SEC::MED && DPT::DEV && CTR::$","SEC::$ && DPT::$ && CTR::FR",same,40,65293,946,failure,200,4765017742,23825088.710
covercrypt,hybridized,089a548,"SEC::MED && DPT::DEV && CTR::$","SEC::$ && DPT::$ && CTR::$",same,80,132075,946,success,200,4869302539,24346512.695
covercrypt,hybridized,089a548,"SEC::MED && DPT::$ && CTR::$","CTR::EN",different,40,65293,946,failure,200,4367297135,21836485.675
covercrypt,hybridized,089a548,"SEC::MED && DPT::$ && CTR::$","CTR::FR",different,40,65293,946,failure,200,3669304652,18346523.260
covercrypt,hybridized,089a548,"SEC::MED && DPT::$ && CTR::$","CTR::$",different,80,132075,946,success,200,4176297407,20881487.035
covercrypt,hybridized,089a548,"SEC::MED && DPT::$ && CTR::$","DPT::DEV",different,40,65293,946,failure,200,3829951388,19149756.940
covercrypt,hybridized,089a548,"SEC::MED && DPT::$ && CTR::$","DPT::DEV && CTR::EN",different,20,31907,946,failure,200,1770722500,8853612.500
covercrypt,hybridized,089a548,"SEC::MED && DPT::$ && CTR::$","DPT::DEV && CTR::FR",different,20,31907,946,failure,200,1667577928,8337889.640
covercrypt,hybridized,089a548,"SEC::MED && DPT::$ && CTR::$","DPT::DEV && CTR::$",different,40,65293,946,failure,200,3468663619,17343318.095
covercrypt,hybridized,089a548,"SEC::MED && DPT::$ && CTR::$","DPT::MKG",different,40,65293,946,failure,200,3689453289,18447266.445
covercrypt,hybridized,089a548,"SEC::MED && DPT::$ && CTR::$","DPT::MKG && CTR::EN",different,20,31907,946,failure,200,1857260387,9286301.935
covercrypt,hybridized,089a548,"SEC::MED && DPT::$ && CTR::$","DPT::MKG && CTR::FR",different,20,31907,946,failure,200,2043724383,10218621.915
covercrypt,hybridized,089a548,"SEC::MED && DPT::$ && CTR::$","DPT::MKG && CTR::$",different,40,65293,946,failure,200,4819874659,24099373.295
covercrypt,hybridized,089a548,"SEC::MED && DPT::$ && CTR::$","DPT::$",different,80,132075,946,success,200,3730661527,18653307.635
covercrypt,hybridized,089a548,"SEC::MED && DPT::$ && CTR::$","DPT::$ && CTR::EN",different,40,65293,946,failure,200,4128714379,20643571.895
covercrypt,hybridized,089a548,"SEC::MED && DPT::$ && CTR::$","DPT::$ && CTR::FR",different,40,65293,946,failure,200,4158937991,20794689.955
covercrypt,hybridized,089a548,"SEC::MED && DPT::$ && CTR::$","DPT::$ && CTR::$",different,80,132075,946,success,200,4339450759,21697253.795
covercrypt,hybridized,089a548,"SEC::MED && DPT::$ && CTR::$","SEC::LOW",different,32,51939,946,failure,200,3260602774,16303013.870
covercrypt,hybridized,089a548,"SEC::MED && DPT::$ && CTR::$","SEC::LOW && CTR::EN",different,16,25231,946,failure,200,1505087584,7525437.920
covercrypt,hybridized,089a548,"SEC::MED && DPT::$ && CTR::$","SEC::LOW && CTR::FR",different,16,25231,946,failure,200,1450388212,7251941.060
covercrypt,hybridized,089a548,"SEC::MED && DPT::$ && CTR::$","SEC::LOW && CTR::$",different,32,51939,946,failure,200,3116901609,15584508.045
covercrypt,hybridized,089a548,"SEC::MED && DPT::$ && CTR::$","SEC::LOW && DPT::DEV",different,16,25231,946,failure,200,1494595776,7472978.880
covercrypt,hybridized,089a548,"SEC::MED && DPT::$ && CTR::$","SEC::LOW && DPT::DEV && CTR::EN",same,8,11879,946,failure,200,981353566,4906767.830
covercrypt,hybridized,089a548,"SEC::MED && DPT::$ && CTR::$","SEC::LOW && DPT::DEV && CTR::FR",same,8,11879,946,failure,200,796438387,3982191.935
covercrypt,hybridized,089a548,"SEC::MED && DPT::$ && CTR::$","SEC::LOW && DPT::DEV && CTR::$",same,16,25231,946,failure,200,1405446685,7027233.425
covercrypt,hybridized,089a548,"SEC::MED && DPT::$ && CTR::$","SEC::LOW && DPT::MKG",different,16,25231,946,failure,200,1680282323,8401411.615
covercrypt,hybridized,089a548,"SEC::MED && DPT::$ && CTR::$","SEC::LOW && DPT::MKG && CTR::EN",same,8,11879,946,failure,200,849487979,4247439.895
covercrypt,hybridized,089a548,"SEC::MED && DPT::$ && CTR::$","SEC::LOW && DPT::MKG && CTR::FR",same,8,11879,946,failure,200,918496771,4592483.855
covercrypt,hybridized,089a548,"SEC::MED && DPT::$ && CTR::$","SEC::LOW && DPT::MKG && CTR::$",same,16,25231,946,failure,200,1615811108,8079055.540
covercrypt,hybridized,089a548,"SEC::MED && DPT::$ && CTR::$","SEC::LOW && DPT::$",different,32,51939,946,failure,200,2871491149,14357455.745
covercrypt,hybridized,089a548,"SEC::MED && DPT::$ && CTR::$","SEC::LOW && DPT::$ && CTR::EN",same,16,25231,946,failure,200,1794204569,8971022.845
covercrypt,hybridized,089a548,"SEC::MED && DPT::$ && CTR::$","SEC::LOW && DPT::$ && CTR::FR",same,16,25231,946,failure,200,1394887919,6974439.595
covercrypt,hybridized,089a548,"SEC::MED && DPT::$ && CTR::$","SEC::LOW && DPT::$ && CTR::$",same,32,51939,946,failure,200,3446210542,17231052.710
covercrypt,hybridized,089a548,"SEC::MED && DPT::$ && CTR::$","SEC::MED",different,48,78651,946,success,200,2449845700,12249228.500
covercrypt,hybridized,089a548,"SEC::MED && DPT::$ && CTR::$","SEC::MED && CTR::EN",different,24,38585,946,failure,200,2074769677,10373848.385
covercrypt,hybridized,089a548,"SEC::MED && DPT::$ && CTR::$","SEC::MED && CTR::FR",different,24,38585,946,failure,200,2167803314,10839016.570
covercrypt,hybridized,089a548,"SEC::MED && DPT::$ && CTR::$","SEC::MED && CTR::$",different,48,78651,946,success,200,3569044458,17845222.290
covercrypt,hybridized,089a548,"SEC::MED && DPT::$ && CTR::$","SEC::MED && DPT::DEV",different,24,38585,946,failure,200,2020260829,10101304.145
covercrypt,hybridized,089a548,"SEC::MED && DPT::$ && CTR::$","SEC::MED && DPT::DEV && CTR::EN",same,12,18555,946,failure,200,978121675,4890608.375
covercrypt,hybridized,089a548,"SEC::MED && DPT::$ && CTR::$","SEC::MED && DPT::DEV && CTR::FR",same,12,18555,946,failure,200,1006458952,5032294.760
covercrypt,hybridized,089a548,"SEC::MED && DPT::$ && CTR::$","SEC::MED && DPT::DEV && CTR::$",same,24,38585,946,failure,200,1854468961,9272344.805
covercrypt,hybridized,089a548,"SEC::MED && DPT::$ && CTR::$","SEC::MED && DPT::MKG",different,24,38585,946,failure,200,1955451429,9777257.145
covercrypt,hybridized,089a548,"SEC::MED && DPT::$ && CTR::$","SEC::MED && DPT::MKG && CTR::EN",same,12,18555,946,failure,200,876406437,4382032.185
covercrypt,hybridized,089a548,"SEC::MED && DPT::$ && CTR::$","SEC::MED && DPT::MKG && CTR::FR",same,12,18555,946,failure,200,882232022,4411160.110
covercrypt,hybridized,089a548,"SEC::MED && DPT::$ && CTR::$","SEC::MED && DPT::MKG && CTR::$",same,24,38585,946,failure,200,1774137382,8870686.910
covercrypt,hybridized,089a548,"SEC::MED && DPT::$ && CTR::$","SEC::MED && DPT::$",different,48,78651,946,success,200,2242848023,11214240.115
covercrypt,hybridized,089a548,"SEC::MED && DPT::$ && CTR::$","SEC::MED && DPT::$ && CTR::EN",same,24,38585,946,failure,200,2024196324,10120981.620
covercrypt,hybridized,089a548,"SEC::MED && DPT::$ && CTR::$","SEC::MED && DPT::$ && CTR::FR",same,24,38585,946,failure,200,1986931284,9934656.420
covercrypt,hybridized,089a548,"SEC::MED && DPT::$ && CTR::$","SEC::MED && DPT::$ && CTR::$",same,48,78651,946,success,200,1921862327,9609311.635
covercrypt,hybridized,089a548,"SEC::MED && DPT::$ && CTR::$","SEC::HIG",different,64,105363,946,success,200,2580780727,12903903.635
covercrypt,hybridized,089a548,"SEC::MED && DPT::$ && CTR::$","SEC::HIG && CTR::EN",different,32,51939,946,failure,200,2676876503,13384382.515
covercrypt,hybridized,089a548,"SEC::MED && DPT::$ && CTR::$","SEC::HIG && CTR::FR",different,32,51939,946,failure,200,2360669449,11803347.245
covercrypt,hybridized,089a548,"SEC::MED && DPT::$ && CTR::$","SEC::HIG && CTR::$",different,64,105363,946,success,200,2465082634,12325413.170
covercrypt,hybridized,089a548,"SEC::MED && DPT::$ && CTR::$","SEC::HIG && DPT::DEV",different,32,51939,946,failure,200,2353698569,11768492.845
covercrypt,hybridized,089a548,"SEC::MED && DPT::$ && CTR::$","SEC::HIG && DPT::DEV && CTR::EN",same,16,25231,946,failure,200,1462177486,7310887.430
covercrypt,hybridized,089a548,"SEC::MED && DPT::$ && CTR::$","SEC::HIG && DPT::DEV && CTR::FR",same,16,25231,946,failure,200,1263953650,6319768.250
covercrypt,hybridized,089a548,"SEC::MED && DPT::$ && CTR::$","SEC::HIG && DPT::DEV && CTR::$",same,32,51939,946,failure,200,2378958229,11894791.145
covercrypt,hybridized,089a548,"SEC::MED && DPT::$ && CTR::$","SEC::HIG && DPT::MKG",different,32,51939,946,failure,200,2481343050,12406715.250
covercrypt,hybridized,089a548,"SEC::MED && DPT::$ && CTR::$","SEC::HIG && DPT::MKG && CTR::EN",same,16,25231,946,failure,200,1528813079,7644065.395
covercrypt,hybridized,089a548,"SEC::MED && DPT::$ && CTR::$","SEC::HIG && DPT::MKG && CTR::FR",same,16,25231,946,failure,200,1696149445,8480747.225
covercrypt,hybridized,089a548,"SEC::MED && DPT::$ && CTR::$","SEC::HIG && DPT::MKG && CTR::$",same,32,51939,946,failure,200,3606282494,18031412.470
covercrypt,hybridized,089a548,"SEC::MED && DPT::$ && CTR::$","SEC::HIG && DPT::$",different,64,105363,946,success,200,2746758978,13733794.890
covercrypt,hybridized,089a548,"SEC::MED && DPT::$ && CTR::$","SEC::HIG && DPT::$ && CTR::EN",same,32,51939,946,failure,200,2623536264,13117681.320
covercrypt,hybridized,089a548,"SEC::MED && DPT::$ && CTR::$","SEC::HIG && DPT::$ && CTR::FR",same,32,51939,946,failure,200,3162609161,15813045.805
covercrypt,hybridized,089a548,"SEC::MED && DPT::$ && CTR::$","SEC::HIG && DPT::$ && CTR::$",same,64,105363,946,success,200,2817982932,14089914.660
covercrypt,hybridized,089a548,"SEC::MED && DPT::$ && CTR::$","SEC::$",different,80,132075,946,success,200,2991128318,14955641.590
covercrypt,hybridized,089a548,"SEC::MED && DPT::$ && CTR::$","SEC::$ && CTR::EN",different,40,65293,946,failure,200,3227470192,16137350.960
covercrypt,hybridized,089a548,"SEC::MED && DPT::$ && CTR::$","SEC::$ && CTR::FR",different,40,65293,946,failure,200,3430048550,17150242.750
covercrypt,hybridized,089a548,"SEC::MED && DPT::$ && CTR::$","SEC::$ && CTR::$",different,80,132075,946,success,200,3269888212,16349441.060
covercrypt,hybridized,089a548,"SEC::MED && DPT::$ && CTR::$","SEC::$ && DPT::DEV",different,40,65293,946,failure,200,3342693438,16713467.190
covercrypt,hybridized,089a548,"SEC::MED && DPT::$ && CTR::$","SEC::$ && DPT::DEV && CTR::EN",same,20,31907,946,failure,200,1775958284,8879791.420
covercrypt,hybridized,089a548,"SEC::MED && DPT::$ && CTR::$","SEC::$ && DPT::DEV && CTR::FR",same,20,31907,946,failure,200,1535541537,7677707.685
covercrypt,hybridized,089a548,"SEC::MED && DPT::$ && CTR::$","SEC::$ && DPT::DEV && CTR::$",same,40,65293,946,failure,200,3158841368,15794206.840
covercrypt,hybridized,089a548,"SEC::MED && DPT::$ && CTR::$","SEC::$ && DPT::MKG",different,40,65293,946,failure,200,3437700529,17188502.645
covercrypt,hybridized,089a548,"SEC::MED && DPT::$ && CTR::$","SEC::$ && DPT::MKG && CTR::EN",same,20,31907,946,failure,200,1674350494,8371752.470
covercrypt,hybridized,089a548,"SEC::MED && DPT::$ && CTR::$","SEC::$ && DPT::MKG && CTR::FR",same,20,31907,946,failure,200,1794059229,8970296.145
covercrypt,hybridized,089a548,"SEC::MED && DPT::$ && CTR::$","SEC::$ && DPT::MKG && CTR::$",same,40,65293,946,failure,200,3540399942,17701999.710
covercrypt,hybridized,089a548,"SEC::MED && DPT::$ && CTR::$","SEC::$ && DPT::$",different,80,132075,946,success,200,3462990101,17314950.505
covercrypt,hybridized,089a548,"SEC::MED && DPT::$ && CTR::$","SEC::$ && DPT::$ && CTR::EN",same,40,65293,946,failure,200,3185332564,15926662.820
covercrypt,hybridized,089a548,"SEC::MED && DPT::$ && CTR::$","SEC::$ && DPT::$ && CTR::FR",same,40,65293,946,failure,200,3155108407,15775542.035
covercrypt,hybridized,089a548,"SEC::MED && DPT::$ && CTR::$","SEC::$ && DPT::$ && CTR::$",same,80,132075,946,success,200,2998588218,14992941.090
covercrypt,hybridized,089a548,"SEC::HIG && DPT::DEV && CTR::$","CTR::EN",different,40,65293,946,failure,200,3602316360,18011581.800
covercrypt,hybridized,089a548,"SEC::HIG && DPT::DEV && CTR::$","CTR::FR",different,40,65293,946,failure,200,3533582363,17667911.815
covercrypt,hybridized,089a548,"SEC::HIG && DPT::DEV && CTR::$","CTR::$",different,80,132075,946,success,200,3737930224,18689651.120
covercrypt,hybridized,089a548,"SEC::HIG && DPT::DEV && CTR::$","DPT::DEV",different,40,65293,946,success,200,1914951620,9574758.100
covercrypt,hybridized,089a548,"SEC::HIG && DPT::DEV && CTR::$","DPT::DEV && CTR::EN",different,20,31907,946,failure,200,1537632840,7688164.200
covercrypt,hybridized,089a548,"SEC::HIG && DPT::DEV && CTR::$","DPT::DEV && CTR::FR",different,20,31907,946,failure,200,1676972529,8384862.645
covercrypt,hybridized,089a548,"SEC::HIG && DPT::DEV && CTR::$","DPT::DEV && CTR::$",different,40,65293,946,success,200,1941877044,9709385.220
covercrypt,hybridized,089a548,"SEC::HIG && DPT::DEV && CTR::$","DPT::MKG",different,40,65293,946,failure,200,4252280293,21261401.465
covercrypt,hybridized,089a548,"SEC::HIG && DPT::DEV && CTR::$","DPT::MKG && CTR::EN",different,20,31907,946,failure,200,1844169935,9220849.675
covercrypt,hybridized,089a548,"SEC::HIG && DPT::DEV && CTR::$","DPT::MKG && CTR::FR",different,20,31907,946,failure,200,1895155664,9475778.320
covercrypt,hybridized,089a548,"SEC::HIG && DPT::DEV && CTR::$","DPT::MKG && CTR::$",different,40,65293,946,failure,200,3975955997,19879779.985
covercrypt,hybridized,089a548,"SEC::HIG && DPT::DEV && CTR::$","DPT::$",different,80,132075,946,success,200,3917415525,19587077.625
covercrypt,hybridized,089a548,"SEC::HIG && DPT::DEV && CTR::$","DPT::$ && CTR::EN",different,40,65293,946,failure,200,4018072027,20090360.135
covercrypt,hybridized,089a548,"SEC::HIG && DPT::DEV && CTR::$","DPT::$ && CTR::FR",different,40,65293,946,failure,200,3691575955,18457879.775
covercrypt,hybridized,089a548,"SEC::HIG && DPT::DEV && CTR::$","DPT::$ && CTR::$",different,80,132075,946,success,200,3966391667,19831958.335
covercrypt,hybridized,089a548,"SEC::HIG && DPT::DEV && CTR::$","SEC::LOW",different,32,51939,946,failure,200,2857153961,14285769.805
covercrypt,hybridized,089a548,"SEC::HIG && DPT::DEV && CTR::$","SEC::LOW && CTR::EN",different,16,25231,946,failure,200,1386240585,6931202.925
covercrypt,hybridized,089a548,"SEC::HIG && DPT::DEV && CTR::$","SEC::LOW && CTR::FR",different,16,25231,946,failure,200,1400175362,7000876.810
covercrypt,hybridized,089a548,"SEC::HIG && DPT::DEV && CTR::$","SEC::LOW && CTR::$",different,32,51939,946,failure,200,4490950690,22454753.450
covercrypt,hybridized,089a548,"SEC::HIG && DPT::DEV && CTR::$","SEC::LOW && DPT::DEV",different,16,25231,946,failure,200,1792953832,8964769.160
covercrypt,hybridized,089a548,"SEC::HIG && DPT::DEV && CTR::$","SEC::LOW && DPT::DEV && CTR::EN",same,8,11879,946,failure,200,738954345,3694771.725
covercrypt,hybridized,089a548,"SEC::HIG && DPT::DEV && CTR::$","SEC::LOW && DPT::DEV && CTR::FR",same,8,11879,946,failure,200,798417404,3992087.020
covercrypt,hybridized,089a548,"SEC::HIG && DPT::DEV && CTR::$","SEC::LOW && DPT::DEV && CTR::$",same,16,25231,946,failure,200,1868741513,9343707.565
covercrypt,hybridized,089a548,"SEC::HIG && DPT::DEV && CTR::$","SEC::LOW && DPT::MKG",different,16,25231,946,failure,200,1804420546,9022102.730
covercrypt,hybridized,089a548,"SEC::HIG && DPT::DEV && CTR::$","SEC::LOW && DPT::MKG && CTR::EN",same,8,11879,946,failure,200,1013560550,5067802.750
covercrypt,hybridized,089a548,"SEC::HIG && DPT::DEV && CTR::$","SEC::LOW && DPT::MKG && CTR::FR",same,8,11879,946,failure,200,805771315,4028856.575
covercrypt,hybridized,089a548,"SEC::HIG && DPT::DEV && CTR::$","SEC::LOW && DPT::MKG && CTR::$",same,16,25231,946,failure,200,1596540928,7982704.640
covercrypt,hybridized,089a548,"SEC::HIG && DPT::DEV && CTR::$","SEC::LOW && DPT::$",different,32,51939,946,failure,200,3520119951,17600599.755
covercrypt,hybridized,089a548,"SEC::HIG && DPT::DEV && CTR::$","SEC::LOW && DPT::$ && CTR::EN",same,16,25231,946,failure,200,1420912276,7104561.380
covercrypt,hybridized,089a548,"SEC::HIG && DPT::DEV && CTR::$","SEC::LOW && DPT::$ && CTR::FR",same,16,25231,946,failure,200,1658024039,8290120.195
covercrypt,hybridized,089a548,"SEC::HIG && DPT::DEV && CTR::$","SEC::LOW && DPT::$ && CTR::$",same,32,51939,946,failure,200,3323751812,16618759.060
covercrypt,hybridized,089a548,"SEC::HIG && DPT::DEV && CTR::$","SEC::MED",different,48,78651,946,failure,200,5115262486,25576312.430
covercrypt,hybridized,089a548,"SEC::HIG && DPT::DEV && CTR::$","SEC::MED && CTR::EN",different,24,38585,946,failure,200,2207031876,11035159.380
covercrypt,hybridized,089a548,"SEC::HIG && DPT::DEV && CTR::$","SEC::MED && CTR::FR",different,24,38585,946,failure,200,2031607731,10158038.655
covercrypt,hybridized,089a548,"SEC::HIG && DPT::DEV && CTR::$","SEC::MED && CTR::$",different,48,78651,946,failure,200,4338352483,21691762.415
covercrypt,hybridized,089a548,"SEC::HIG && DPT::DEV && CTR::$","SEC::MED && DPT::DEV",different,24,38585,946,failure,200,2249306262,11246531.310
covercrypt,hybridized,089a548,"SEC::HIG && DPT::DEV && CTR::$","SEC::MED && DPT::DEV && CTR::EN",same,12,18555,946,failure,200,1293962459,6469812.295
covercrypt,hybridized,089a548,"SEC::HIG && DPT::DEV && CTR::$","SEC::MED && DPT::DEV && CTR::FR",same,12,18555,946,failure,200,1139973760,5699868.800
covercrypt,hybridized,089a548,"SEC::HIG && DPT::DEV && CTR::$","SEC::MED && DPT::DEV && CTR::$",same,24,38585,946,failure,200,2409726772,12048633.860
covercrypt,hybridized,089a548,"SEC::HIG && DPT::DEV && CTR::$","SEC::MED && DPT::MKG",different,24,38585,946,failure,200,2344404018,11722020.090
covercrypt,hybridized,089a548,"SEC::HIG && DPT::DEV && CTR::$","SEC::MED && DPT::MKG && CTR::EN",same,12,18555,946,failure,200,1088325887,5441629.435
covercrypt,hybridized,089a548,"SEC::HIG && DPT::DEV && CTR::$","SEC::MED && DPT::MKG && CTR::FR",same,12,18555,946,failure,200,1051561594,5257807.970
covercrypt,hybridized,089a548,"SEC::HIG && DPT::DEV && CTR::$","SEC::MED && DPT::MKG && CTR::$",same,24,38585,946,failure,200,2085152146,10425760.730
covercrypt,hybridized,089a548,"SEC::HIG && DPT::DEV && CTR::$","SEC::MED && DPT::$",different,48,78651,946,failure,200,4557296120,22786480.600
covercrypt,hybridized,089a548,"SEC::HIG && DPT::DEV && CTR::$","SEC::MED && DPT::$ && CTR::EN",same,24,38585,946,failure,200,2575114811,12875574.055
covercrypt,hybridized,089a548,"SEC::HIG && DPT::DEV && CTR::$","SEC::MED && DPT::$ && CTR::FR",same,24,38585,946,failure,200,2705624241,13528121.205
covercrypt,hybridized,089a548,"SEC::HIG && DPT::DEV && CTR::$","SEC::MED && DPT::$ && CTR::$",same,48,78651,946,failure,200,6404361560,32021807.800
covercrypt,hybridized,089a548,"SEC::HIG && DPT::DEV && CTR::$","SEC::HIG",different,64,105363,946,success,200,3598343454,17991717.270
covercrypt,hybridized,089a548,"SEC::HIG && DPT::DEV && CTR::$","SEC::HIG && CTR::EN",different,32,51939,946,failure,200,2991766627,14958833.135
covercrypt,hybridized,089a548,"SEC::HIG && DPT::DEV && CTR::$","SEC::HIG && CTR::FR",different,32,51939,946,failure,200,2784259908,13921299.540
covercrypt,hybridized,089a548,"SEC::HIG && DPT::DEV && CTR::$","SEC::HIG && CTR::$",different,64,105363,946,success,200,3036091120,15180455.600
covercrypt,hybridized,089a548,"SEC::HIG && DPT::DEV && CTR::$","SEC::HIG && DPT::DEV",different,32,51939,946,success,200,1571038448,7855192.240
covercrypt,hybridized,089a548,"SEC::HIG && DPT::DEV && CTR::$","SEC::HIG && DPT::DEV && CTR::EN",same,16,25231,946,failure,200,1460029123,7300145.615
covercrypt,hybridized,089a548,"SEC::HIG && DPT::DEV && CTR::$","SEC::HIG && DPT::DEV && CTR::FR",same,16,25231,946,failure,200,1563057529,7815287.645
covercrypt,hybridized,089a548,"SEC::HIG && DPT::DEV && CTR::$","SEC::HIG && DPT::DEV && CTR::$",same,32,51939,946,success,200,1941709953,9708549.765
covercrypt,hybridized,089a548,"SEC::HIG && DPT::DEV && CTR::$","SEC::HIG && DPT::MKG",different,32,51939,946,failure,200,3281383550,16406917.750
covercrypt,hybridized,089a548,"SEC::HIG && DPT::DEV && CTR::$","SEC::HIG && DPT::MKG && CTR::EN",same,16,25231,946,failure,200,1603606090,8018030.450
covercrypt,hybridized,089a548,"SEC::HIG && DPT::DEV && CTR::$","SEC::HIG && DPT::MKG && CTR::FR",same,16,25231,946,failure,200,1363959310,6819796.550
covercrypt,hybridized,089a548,"SEC::HIG && DPT::DEV && CTR::$","SEC::HIG && DPT::MKG && CTR::$",same,32,51939,946,failure,200,2951675847,14758379.235
covercrypt,hybridized,089a548,"SEC::HIG && DPT::DEV && CTR::$","SEC::HIG && DPT::$",different,64,105363,946,success,200,3238690539,16193452.695
covercrypt,hybridized,089a548,"SEC::HIG && DPT::DEV && CTR::$","SEC::HIG && DPT::$ && CTR::EN",same,32,51939,946,failure,200,3183489068,15917445.340
covercrypt,hybridized,089a548,"SEC::HIG && DPT::DEV && CTR::$","SEC::HIG && DPT::$ && CTR::FR",same,32,51939,946,failure,200,3314200798,16571003.990
covercrypt,hybridized,089a548,"SEC::HIG && DPT::DEV && CTR::$","SEC::HIG && DPT::$ && CTR::$",same,64,105363,946,success,200,3238124374,16190621.870
covercrypt,hybridized,089a548,"SEC::HIG && DPT::DEV && CTR::$","SEC::$",different,80,132075,946,success,200,5063853044,25319265.220
covercrypt,hybridized,089a548,"SEC::HIG && DPT::DEV && CTR::$","SEC::$ && CTR::EN",different,40,65293,946,failure,200,3772404595,18862022.975
covercrypt,hybridized,089a548,"SEC::HIG && DPT::DEV && CTR::$","SEC::$ && CTR::FR",different,40,65293,946,failure,200,3819601566,19098007.830
covercrypt,hybridized,089a548,"SEC::HIG && DPT::DEV && CTR::$","SEC::$ && CTR::$",different,80,132075,946,success,200,3799831451,18999157.255
covercrypt,hybridized,089a548,"SEC::HIG && DPT::DEV && CTR::$","SEC::$ && DPT::DEV",different,40,65293,946,success,200,2109425909,10547129.545
covercrypt,hybridized,089a548,"SEC::HIG && DPT::DEV && CTR::$","SEC::$ && DPT::DEV && CTR::EN",same,20,31907,946,failure,200,2688470042,13442350.210
covercrypt,hybridized,089a548,"SEC::HIG && DPT::DEV && CTR::$","SEC::$ && DPT::DEV && CTR::FR",same,20,31907,946,failure,200,2717293878,13586469.390
covercrypt,hybridized,089a548,"SEC::HIG && DPT::DEV && CTR::$","SEC::$ && DPT::DEV && CTR::$",same,40,65293,946,success,200,2147745494,10738727.470
covercrypt,hybridized,089a548,"SEC::HIG && DPT::DEV && CTR::$","SEC::$ && DPT::MKG",different,40,65293,946,failure,200,3608884079,18044420.395
covercrypt,hybridized,089a548,"SEC::HIG && DPT::DEV && CTR::$","SEC::$ && DPT::MKG && CTR::EN",same,20,31907,946,failure,200,1783107858,8915539.290
covercrypt,hybridized,089a548,"SEC::HIG && DPT::DEV && CTR::$","SEC::$ && DPT::MKG && CTR::FR",same,20,31907,946,failure,200,1668297647,8341488.235
covercrypt,hybridized,089a548,"SEC::HIG && DPT::DEV && CTR::$","SEC::$ && DPT::MKG && CTR::$",same,40,65293,946,failure,200,3970269808,19851349.040
covercrypt,hybridized,089a548,"SEC::HIG && DPT::DEV && CTR::$","SEC::$ && DPT::$",different,80,132075,946,success,200,3970573279,19852866.395
covercrypt,hybridized,089a548,"SEC::HIG && DPT::DEV && CTR::$","SEC::$ && DPT::$ && CTR::EN",same,40,65293,946,failure,200,3603860121,18019300.605
covercrypt,hybridized,089a548,"SEC::HIG && DPT::DEV && CTR::$","SEC::$ && DPT::$ && CTR::FR",same,40,65293,946,failure,200,3365853334,16829266.670
covercrypt,hybridized,089a548,"SEC::HIG && DPT::DEV && CTR::$","SEC::$ && DPT::$ && CTR::$",same,80,132075,946,success,200,3745419223,18727096.115
covercrypt,hybridized,089a548,"SEC::HIG && DPT::$ && CTR::$","CTR::EN",different,40,65293,946,failure,200,3526288639,17631443.195
covercrypt,hybridized,089a548,"SEC::HIG && DPT::$ && CTR::$","CTR::FR",different,40,65293,946,failure,200,3353664590,16768322.950
covercrypt,hybridized,089a548,"SEC::HIG && DPT::$ && CTR::$","CTR::$",different,80,132075,946,success,200,3764991101,18824955.505
covercrypt,hybridized,089a548,"SEC::HIG && DPT::$ && CTR::$","DPT::DEV",different,40,65293,946,failure,200,3301129338,16505646.690
covercrypt,hybridized,089a548,"SEC::HIG && DPT::$ && CTR::$","DPT::DEV && CTR::EN",different,20,31907,946,failure,200,1803197799,9015988.995
covercrypt,hybridized,089a548,"SEC::HIG && DPT::$ && CTR::$","DPT::DEV && CTR::FR",different,20,31907,946,failure,200,2445156578,12225782.890
covercrypt,hybridized,089a548,"SEC::HIG && DPT::$ && CTR::$","DPT::DEV && CTR::$",different,40,65293,946,failure,200,4374636030,21873180.150
covercrypt,hybridized,089a548,"SEC::HIG && DPT::$ && CTR::$","DPT::MKG",different,40,65293,946,failure,200,4403021027,22015105.135
covercrypt,hybridized,089a548,"SEC::HIG && DPT::$ && CTR::$","DPT::MKG && CTR::EN",different,20,31907,946,failure,200,2019238097,10096190.485
covercrypt,hybridized,089a548,"SEC::HIG && DPT::$ && CTR::$","DPT::MKG && CTR::FR",different,20,31907,946,failure,200,2190665209,10953326.045
covercrypt,hybridized,089a548,"SEC::HIG && DPT::$ && CTR::$","DPT::MKG && CTR::$",different,40,65293,946,failure,200,3796114126,18980570.630
covercrypt,hybridized,089a548,"SEC::HIG && DPT::$ && CTR::$","DPT::$",different,80,132075,946,success,200,3765125639,18825628.195
covercrypt,hybridized,089a548,"SEC::HIG && DPT::$ && CTR::$","DPT::$ && CTR::EN",different,40,65293,946,failure,200,3634015596,18170077.980
covercrypt,hybridized,089a548,"SEC::HIG && DPT::$ && CTR::$","DPT::$ && CTR::FR",different,40,65293,946,failure,200,4020784903,20103924.515
covercrypt,hybridized,089a548,"SEC::HIG && DPT::$ && CTR::$","DPT::$ && CTR::$",different,80,132075,946,success,200,5188207435,25941037.175
covercrypt,hybridized,089a548,"SEC::HIG && DPT::$ && CTR::$","SEC::LOW",different,32,51939,946,failure,200,3761850609,18809253.045
covercrypt,hybridized,089a548,"SEC::HIG && DPT::$ && CTR::$","SEC::LOW && CTR::EN",different,16,25231,946,failure,200,1636153694,8180768.470
covercrypt,hybridized,089a548,"SEC::HIG && DPT::$ && CTR::$","SEC::LOW && CTR::FR",different,16,25231,946,failure,200,1325526851,6627634.255
covercrypt,hybridized,089a548,"SEC::HIG && DPT::$ && CTR::$","SEC::LOW && CTR::$",different,32,51939,946,failure,200,2656007939,13280039.695
covercrypt,hybridized,089a548,"SEC::HIG && DPT::$ && CTR::$","SEC::LOW && DPT::DEV",different,16,25231,946,failure,200,1575807687,7879038.435
covercrypt,hybridized,089a548,"SEC::HIG && DPT::$ && CTR::$","SEC::LOW && DPT::DEV && CTR::EN",same,8,11879,946,failure,200,791963530,3959817.650
covercrypt,hybridized,089a548,"SEC::HIG && DPT::$ && CTR::$","SEC::LOW && DPT::DEV && CTR::FR",same,8,11879,946,failure,200,780679536,3903397.680
covercrypt,hybridized,089a548,"SEC::HIG && DPT::$ && CTR::$","SEC::LOW && DPT::DEV && CTR::$",same,16,25231,946,failure,200,1494782290,7473911.450
covercrypt,hybridized,089a548,"SEC::HIG && DPT::$ && CTR::$","SEC::LOW && DPT::MKG",different,16,25231,946,failure,200,1567858762,7839293.810
covercrypt,hybridized,089a548,"SEC::HIG && DPT::$ && CTR::$","SEC::LOW && DPT::MKG && CTR::EN",same,8,11879,946,failure,200,712102142,3560510.710
covercrypt,hybridized,089a548,"SEC::HIG && DPT::$ && CTR::$","SEC::LOW && DPT::MKG && CTR::FR",same,8,11879,946,failure,200,740938203,3704691.015
covercrypt,hybridized,089a548,"SEC::HIG && DPT::$ && CTR::$","SEC::LOW && DPT::MKG && CTR::$",same,16,25231,946,failure,200,1379126927,6895634.635
covercrypt,hybridized,089a548,"SEC::HIG && DPT::$ && CTR::$","SEC::LOW && DPT::$",different,32,51939,946,failure,200,3233679304,16168396.520
covercrypt,hybridized,089a548,"SEC::HIG && DPT::$ && CTR::$","SEC::LOW && DPT::$ && CTR::EN",same,16,25231,946,failure,200,2093091695,10465458.475
covercrypt,hybridized,089a548,"SEC::HIG && DPT::$ && CTR::$","SEC::LOW && DPT::$ && CTR::FR",same,16,25231,946,failure,200,1496773127,7483865.635
covercrypt,hybridized,089a548,"SEC::HIG && DPT::$ && CTR::$","SEC::LOW && DPT::$ && CTR::$",same,32,51939,946,failure,200,2974514287,14872571.435
covercrypt,hybridized,089a548,"SEC::HIG && DPT::$ && CTR::$","SEC::MED",different,48,78651,946,failure,200,4710010424,23550052.120
covercrypt,hybridized,089a548,"SEC::HIG && DPT::$ && CTR::$","SEC::MED && CTR::EN",different,24,38585,946,failure,200,2705541924,13527709.620
covercrypt,hybridized,089a548,"SEC::HIG && DPT::$ && CTR::$","SEC::MED && CTR::FR",different,24,38585,946,failure,200,2325053232,11625266.160
covercrypt,hybridized,089a548,"SEC::HIG && DPT::$ && CTR::$","SEC::MED && CTR::$",different,48,78651,946,failure,200,5420771005,27103855.025
covercrypt,hybridized,089a548,"SEC::HIG && DPT::$ && CTR::$","SEC::MED && DPT::DEV",different,24,38585,946,failure,200,2291557122,11457785.610
covercrypt,hybridized,089a548,"SEC::HIG && DPT::$ && CTR::$","SEC::MED && DPT::DEV && CTR::EN",same,12,18555,946,failure,200,1350073409,6750367.045
covercrypt,hybridized,089a548,"SEC::HIG && DPT::$ && CTR::$","SEC::MED && DPT::DEV && CTR::FR",same,12,18555,946,failure,200,1222424182,6112120.910
covercrypt,hybridized,089a548,"SEC::HIG && DPT::$ && CTR::$","SEC::MED && DPT::DEV && CTR::$",same,24,38585,946,failure,200,2545965809,12729829.045
covercrypt,hybridized,089a548,"SEC::HIG && DPT::$ && CTR::$","SEC::MED && DPT::MKG",different,24,38585,946,failure,200,2747117483,13735587.415
covercrypt,hybridized,089a548,"SEC::HIG && DPT::$ && CTR::$","SEC::MED && DPT::MKG && CTR::EN",same,12,18555,946,failure,200,1422315201,7111576.005
covercrypt,hybridized,089a548,"SEC::HIG && DPT::$ && CTR::$","SEC::MED && DPT::MKG && CTR::FR",same,12,18555,946,failure,200,1372146109,6860730.545
covercrypt,hybridized,089a548,"SEC::HIG && DPT::$ && CTR::$","SEC::MED && DPT::MKG && CTR::$",same,24,38585,946,failure,200,2615915013,13079575.065
covercrypt,hybridized,089a548,"SEC::HIG && DPT::$ && CTR::$","SEC::MED && DPT::$",different,48,78651,946,failure,200,5998918572,29994592.860
covercrypt,hybridized,089a548,"SEC::HIG && DPT::$ && CTR::$","SEC::MED && DPT::$ && CTR::EN",same,24,38585,946,failure,200,3266004372,16330021.860
covercrypt,hybridized,089a548,"SEC::HIG && DPT::$ && CTR::$","SEC::MED && DPT::$ && CTR::FR",same,24,38585,946,failure,200,3328078276,16640391.380
covercrypt,hybridized,089a548,"SEC::HIG && DPT::$ && CTR::$","SEC::MED && DPT::$ && CTR::$",same,48,78651,946,failure,200,6526015245,32630076.225
covercrypt,hybridized,089a548,"SEC::HIG && DPT::$ && CTR::$","SEC::HIG",different,64,105363,946,success,200,5183848718,25919243.590
covercrypt,hybridized,089a548,"SEC::HIG && DPT::$ && CTR::$","SEC::HIG && CTR::EN",different,32,51939,946,failure,200,4200600547,21003002.735
covercrypt,hybridized,089a548,"SEC::HIG && DPT::$ && CTR::$","SEC::HIG && CTR::FR",different,32,51939,946,failure,200,4061479734,20307398.670
covercrypt,hybridized,089a548,"SEC::HIG && DPT::$ && CTR::$","SEC::HIG && CTR::$",different,64,105363,946,success,200,5084416606,25422083.030
covercrypt,hybridized,089a548,"SEC::HIG && DPT::$ && CTR::$","SEC::HIG && DPT::DEV",different,32,51939,946,failure,200,3286451523,16432257.615
covercrypt,hybridized,089a548,"SEC::HIG && DPT::$ && CTR::$","SEC::HIG && DPT::DEV && CTR::EN",same,16,25231,946,failure,200,1781966395,8909831.975
covercrypt,hybridized,089a548,"SEC::HIG && DPT::$ && CTR::$","SEC::HIG && DPT::DEV && CTR::FR",same,16,25231,946,failure,200,1780803606,8904018.030
covercrypt,hybridized,089a548,"SEC::HIG && DPT::$ && CTR::$","SEC::HIG && DPT::DEV && CTR::$",same,32,51939,946,failure,200,4048275644,20241378.220
covercrypt,hybridized,089a548,"SEC::HIG && DPT::$ && CTR::$","SEC::HIG && DPT::MKG",different,32,51939,946,failure,200,4166882307,20834411.535
covercrypt,hybridized,089a548,"SEC::HIG && DPT::$ && CTR::$","SEC::HIG && DPT::MKG && CTR::EN",same,16,25231,946,failure,200,2135073296,10675366.480
covercrypt,hybridized,089a548,"SEC::HIG && DPT::$ && CTR::$","SEC::HIG && DPT::MKG && CTR::FR",same,16,25231,946,failure,200,2039416386,10197081.930
covercrypt,hybridized,089a548,"SEC::HIG && DPT::$ && CTR::$","SEC::HIG && DPT::MKG && CTR::$",same,32,51939,946,failure,200,4286910758,21434553.790
covercrypt,hybridized,089a548,"SEC::HIG && DPT::$ && CTR::$","SEC::HIG && DPT::$",different,64,105363,946,success,200,4852582210,24262911.050
covercrypt,hybridized,089a548,"SEC::HIG && DPT::$ && CTR::$","SEC::HIG && DPT::$ && CTR::EN",same,32,51939,946,failure,200,3682446766,18412233.830
covercrypt,hybridized,089a548,"SEC::HIG && DPT::$ && CTR::$","SEC::HIG && DPT::$ && CTR::FR",same,32,51939,946,failure,200,2958465069,14792325.345
covercrypt,hybridized,089a548,"SEC::HIG && DPT::$ && CTR::$","SEC::HIG && DPT::$ && CTR::$",same,64,105363,946,success,200,3632264335,18161321.675
covercrypt,hybridized,089a548,"SEC::HIG && DPT::$ && CTR::$","SEC::$",different,80,132075,946,success,200,5214327348,26071636.740
covercrypt,hybridized,089a548,"SEC::HIG && DPT::$ && CTR::$","SEC::$ && CTR::EN",different,40,65293,946,failure,200,4018655832,20093279.160
covercrypt,hybridized,089a548,"SEC::HIG && DPT::$ && CTR::$","SEC::$ && CTR::FR",different,40,65293,946,failure,200,3856398240,19281991.200
covercrypt,hybridized,089a548,"SEC::HIG && DPT::$ && CTR::$","SEC::$ && CTR::$",different,80,132075,946,success,200,5109955022,25549775.110
covercrypt,hybridized,089a548,"SEC::HIG && DPT::$ && CTR::$","SEC::$ && DPT::DEV",different,40,65293,946,failure,200,4410870585,22054352.925
covercrypt,hybridized,089a548,"SEC::HIG && DPT::$ && CTR::$","SEC::$ && DPT::DEV && CTR::EN",same,20,31907,946,failure,200,2199551401,10997757.005
covercrypt,hybridized,089a548,"SEC::HIG && DPT::$ && CTR::$","SEC::$ && DPT::DEV && CTR::FR",same,20,31907,946,failure,200,2320015326,11600076.630
covercrypt,hybridized,089a548,"SEC::HIG && DPT::$ && CTR::$","SEC::$ && DPT::DEV && CTR::$",same,40,65293,946,failure,200,4215866479,21079332.395
covercrypt,hybridized,089a548,"SEC::HIG && DPT::$ && CTR::$","SEC::$ && DPT::MKG",different,40,65293,946,failure,200,4074992883,20374964.415
covercrypt,hybridized,089a548,"SEC::HIG && DPT::$ && CTR::$","SEC::$ && DPT::MKG && CTR::EN",same,20,31907,946,failure,200,2083144110,10415720.550
covercrypt,hybridized,089a548,"SEC::HIG && DPT::$ && CTR::$","SEC::$ && DPT::MKG && CTR::FR",same,20,31907,946,failure,200,1996863935,9984319.675
covercrypt,hybridized,089a548,"SEC::HIG && DPT::$ && CTR::$","SEC::$ && DPT::MKG && CTR::$",same,40,65293,946,failure,200,4001751035,20008755.175
covercrypt,hybridized,089a548,"SEC::HIG && DPT::$ && CTR::$","SEC::$ && DPT::$",different,80,132075,946,success,200,4208131958,21040659.790
covercrypt,hybridized,089a548,"SEC::HIG && DPT::$ && CTR::$","SEC::$ && DPT::$ && CTR::EN",same,40,65293,946,failure,200,3740116941,18700584.705
covercrypt,hybridized,089a548,"SEC::HIG && DPT::$ && CTR::$","SEC::$ && DPT::$ && CTR::FR",same,40,65293,946,failure,200,3739552082,18697760.410
covercrypt,hybridized,089a548,"SEC::HIG && DPT::$ && CTR::$","SEC::$ && DPT::$ && CTR::$",same,80,132075,946,success,200,4108025910,20540129.550
covercrypt,hybridized,089a548,"SEC::$ && DPT::DEV && CTR::$","CTR::EN",different,40,65293,946,failure,200,3689242278,18446211.390
covercrypt,hybridized,089a548,"SEC::$ && DPT::DEV && CTR::$","CTR::FR",different,40,65293,946,failure,200,3468773570,17343867.850
covercrypt,hybridized,089a548,"SEC::$ && DPT::DEV && CTR::$","CTR::$",different,80,132075,946,success,200,4165530437,20827652.185
covercrypt,hybridized,089a548,"SEC::$ && DPT::DEV && CTR::$","DPT::DEV",different,40,65293,946,success,200,1925469272,9627346.360
covercrypt,hybridized,089a548,"SEC::$ && DPT::DEV && CTR::$","DPT::DEV && CTR::EN",different,20,31907,946,failure,200,1607100816,8035504.080
covercrypt,hybridized,089a548,"SEC::$ && DPT::DEV && CTR::$","DPT::DEV && CTR::FR",different,20,31907,946,failure,200,1787048818,8935244.090
covercrypt,hybridized,089a548,"SEC::$ && DPT::DEV && CTR::$","DPT::DEV && CTR::$",different,40,65293,946,success,200,1905919964,9529599.820
covercrypt,hybridized,089a548,"SEC::$ && DPT::DEV && CTR::$","DPT::MKG",different,40,65293,946,failure,200,3656478961,18282394.805
covercrypt,hybridized,089a548,"SEC::$ && DPT::DEV && CTR::$","DPT::MKG && CTR::EN",different,20,31907,946,failure,200,1812540478,9062702.390
covercrypt,hybridized,089a548,"SEC::$ && DPT::DEV && CTR::$","DPT::MKG && CTR::FR",different,20,31907,946,failure,200,1631350166,8156750.830
covercrypt,hybridized,089a548,"SEC::$ && DPT::DEV && CTR::$","DPT::MKG && CTR::$",different,40,65293,946,failure,200,3524796163,17623980.815
covercrypt,hybridized,089a548,"SEC::$ && DPT::DEV && CTR::$","DPT::$",different,80,132075,946,success,200,4094463193,20472315.965
covercrypt,hybridized,089a548,"SEC::$ && DPT::DEV && CTR::$","DPT::$ && CTR::EN",different,40,65293,946,failure,200,4215586895,21077934.475
covercrypt,hybridized,089a548,"SEC::$ && DPT::DEV && CTR::$","DPT::$ && CTR::FR",different,40,65293,946,failure,200,4064952375,20324761.875
covercrypt,hybridized,089a548,"SEC::$ && DPT::DEV && CTR::$","DPT::$ && CTR::$",different,80,132075,946,success,200,4301907532,21509537.660
covercrypt,hybridized,089a548,"SEC::$ && DPT::DEV && CTR::$","SEC::LOW",different,32,51939,946,failure,200,3432680704,17163403.520
covercrypt,hybridized,089a548,"SEC::$ && DPT::DEV && CTR::$","SEC::LOW && CTR::EN",different,16,25231,946,failure,200,1546461484,7732307.420
covercrypt,hybridized,089a548,"SEC::$ && DPT::DEV && CTR::$","SEC::LOW && CTR::FR",different,16,25231,946,failure,200,1559854505,7799272.525
covercrypt,hybridized,089a548,"SEC::$ && DPT::DEV && CTR::$","SEC::LOW && CTR::$",different,32,51939,946,failure,200,4098081929,20490409.645
covercrypt,hybridized,089a548,"SEC::$ && DPT::DEV && CTR::$","SEC::LOW && DPT::DEV",different,16,25231,946,failure,200,2170201235,10851006.175
covercrypt,hybridized,089a548,"SEC::$ && DPT::DEV && CTR::$","SEC::LOW && DPT::DEV && CTR::EN",same,8,11879,946,failure,200,851307286,4256536.430
covercrypt,hybridized,089a548,"SEC::$ && DPT::DEV && CTR::$","SEC::LOW && DPT::DEV && CTR::FR",same,8,11879,946,failure,200,839257638,4196288.190
covercrypt,hybridized,089a548,"SEC::$ && DPT::DEV && CTR::$","SEC::LOW && DPT::DEV && CTR::$",same,16,25231,946,failure,200,1501557158,7507785.790
covercrypt,hybridized,089a548,"SEC::$ && DPT::DEV && CTR::$","SEC::LOW && DPT::MKG",different,16,25231,946,failure,200,1488786667,7443933.335
covercrypt,hybridized,089a548,"SEC::$ && DPT::DEV && CTR::$","SEC::LOW && DPT::MKG && CTR::EN",same,8,11879,946,failure,200,722486869,3612434.345
covercrypt,hybridized,089a548,"SEC::$ && DPT::DEV && CTR::$","SEC::LOW && DPT::MKG && CTR::FR",same,8,11879,946,failure,200,837421717,4187108.585
covercrypt,hybridized,089a548,"SEC::$ && DPT::DEV && CTR::$","SEC::LOW && DPT::MKG && CTR::$",same,16,25231,946,failure,200,1447624238,7238121.190
covercrypt,hybridized,089a548,"SEC::$ && DPT::DEV && CTR::$","SEC::LOW && DPT::$",different,32,51939,946,failure,200,2845946812,14229734.060
covercrypt,hybridized,089a548,"SEC::$ && DPT::DEV && CTR::$","SEC::LOW && DPT::$ && CTR::EN",same,16,25231,946,failure,200,1400710963,7003554.815
covercrypt,hybridized,089a548,"SEC::$ && DPT::DEV && CTR::$","SEC::LOW && DPT::$ && CTR::FR",same,16,25231,946,failure,200,1691363541,8456817.705
covercrypt,hybridized,089a548,"SEC::$ && DPT::DEV && CTR::$","SEC::LOW && DPT::$ && CTR::$",same,32,51939,946,failure,200,2952730130,14763650.650
covercrypt,hybridized,089a548,"SEC::$ && DPT::DEV && CTR::$","SEC::MED",different,48,78651,946,failure,200,4632829865,23164149.325
covercrypt,hybridized,089a548,"SEC::$ && DPT::DEV && CTR::$","SEC::MED && CTR::EN",different,24,38585,946,failure,200,2160420769,10802103.845
covercrypt,hybridized,089a548,"SEC::$ && DPT::DEV && CTR::$","SEC::MED && CTR::FR",different,24,38585,946,failure,200,2310302037,11551510.185
covercrypt,hybridized,089a548,"SEC::$ && DPT::DEV && CTR::$","SEC::MED && CTR::$",different,48,78651,946,failure,200,4650710185,23253550.925
covercrypt,hybridized,089a548,"SEC::$ && DPT::DEV && CTR::$","SEC::MED && DPT::DEV",different,24,38585,946,failure,200,2227339532,11136697.660
covercrypt,hybridized,089a548,"SEC::$ && DPT::DEV && CTR::$","SEC::MED && DPT::DEV && CTR::EN",same,12,18555,946,failure,200,1148606619,5743033.095
covercrypt,hybridized,089a548,"SEC::$ && DPT::DEV && CTR::$","SEC::MED && DPT::DEV && CTR::FR",same,12,18555,946,failure,200,1150478235,5752391.175
covercrypt,hybridized,089a548,"SEC::$ && DPT::DEV && CTR::$","SEC::MED && DPT::DEV && CTR::$",same,24,38585,946,failure,200,2174324366,10871621.830
covercrypt,hybridized,089a548,"SEC::$ && DPT::DEV && CTR::$","SEC::MED && DPT::MKG",different,24,38585,946,failure,200,2226659851,11133299.255
covercrypt,hybridized,089a548,"SEC::$ && DPT::DEV && CTR::$","SEC::MED && DPT::MKG && CTR::EN",same,12,18555,946,failure,200,1187658471,5938292.355
covercrypt,hybridized,089a548,"SEC::$ && DPT::DEV && CTR::$","SEC::MED && DPT::MKG && CTR::FR",same,12,18555,946,failure,200,1120169594,5600847.970
covercrypt,hybridized,089a548,"SEC::$ && DPT::DEV && CTR::$","SEC::MED && DPT::MKG && CTR::$",same,24,38585,946,failure,200,2411274373,12056371.865
covercrypt,hybridized,089a548,"SEC::$ && DPT::DEV && CTR::$","SEC::MED && DPT::$",different,48,78651,946,failure,200,4369304759,21846523.795
covercrypt,hybridized,089a548,"SEC::$ && DPT::DEV && CTR::$","SEC::MED && DPT::$ && CTR::EN",same,24,38585,946,failure,200,2186391822,10931959.110
covercrypt,hybridized,089a548,"SEC::$ && DPT::DEV && CTR::$","SEC::MED && DPT::$ && CTR::FR",same,24,38585,946,failure,200,2128908908,10644544.540
covercrypt,hybridized,089a548,"SEC::$ && DPT::DEV && CTR::$","SEC::MED && DPT::$ && CTR::$",same,48,78651,946,failure,200,4495785030,22478925.150
covercrypt,hybridized,089a548,"SEC::$ && DPT::DEV && CTR::$","SEC::HIG",different,64,105363,946,failure,200,5776989192,28884945.960
covercrypt,hybridized,089a548,"SEC::$ && DPT::DEV && CTR::$","SEC::HIG && CTR::EN",different,32,51939,946,failure,200,3017713502,15088567.510
covercrypt,hybridized,089a548,"SEC::$ && DPT::DEV && CTR::$","SEC::HIG && CTR::FR",different,32,51939,946,failure,200,2844872848,14224364.240
covercrypt,hybridized,089a548,"SEC::$ && DPT::DEV && CTR::$","SEC::HIG && CTR::$",different,64,105363,946,failure,200,5663649969,28318249.845
covercrypt,hybridized,089a548,"SEC::$ && DPT::DEV && CTR::$","SEC::HIG && DPT::DEV",different,32,51939,946,failure,200,2830293209,14151466.045
covercrypt,hybridized,089a548,"SEC::$ && DPT::DEV && CTR::$","SEC::HIG && DPT::DEV && CTR::EN",same,16,25231,946,failure,200,1373552320,6867761.600
covercrypt,hybridized,089a548,"SEC::$ && DPT::DEV && CTR::$","SEC::HIG && DPT::DEV && CTR::FR",same,16,25231,946,failure,200,1424758772,7123793.860
covercrypt,hybridized,089a548,"SEC::$ && DPT::DEV && CTR::$","SEC::HIG && DPT::DEV && CTR::$",same,32,51939,946,failure,200,2878944850,14394724.250
covercrypt,hybridized,089a548,"SEC::$ && DPT::DEV && CTR::$","SEC::HIG && DPT::MKG",different,32,51939,946,failure,200,2823733374,14118666.870
covercrypt,hybridized,089a548,"SEC::$ && DPT::DEV && CTR::$","SEC::HIG && DPT::MKG && CTR::EN",same,16,25231,946,failure,200,1483106842,7415534.210
covercrypt,hybridized,089a548,"SEC::$ && DPT::DEV && CTR::$","SEC::HIG && DPT::MKG && CTR::FR",same,16,25231,946,failure,200,1406592430,7032962.150
covercrypt,hybridized,089a548,"SEC::$ && DPT::DEV && CTR::$","SEC::HIG && DPT::MKG && CTR::$",same,32,51939,946,failure,200,2949647428,14748237.140
covercrypt,hybridized,089a548,"SEC::$ && DPT::DEV && CTR::$","SEC::HIG && DPT::$",different,64,105363,946,failure,200,5900296679,29501483.395
covercrypt,hybridized,089a548,"SEC::$ && DPT::DEV && CTR::$","SEC::HIG && DPT::$ && CTR::EN",same,32,51939,946,failure,200,2958529770,14792648.850
covercrypt,hybridized,089a548,"SEC::$ && DPT::DEV && CTR::$","SEC::HIG && DPT::$ && CTR::FR",same,32,51939,946,failure,200,2931183335,14655916.675
covercrypt,hybridized,089a548,"SEC::$ && DPT::DEV && CTR::$","SEC::HIG && DPT::$ && CTR::$",same,64,105363,946,failure,200,6056013762,30280068.810
covercrypt,hybridized,089a548,"SEC::$ && DPT::DEV && CTR::$","SEC::$",different,80,132075,946,success,200,3715702847,18578514.235
covercrypt,hybridized,089a548,"SEC::$ && DPT::DEV && CTR::$","SEC::$ && CTR::EN",different,40,65293,946,failure,200,3356657336,16783286.680
covercrypt,hybridized,089a548,"SEC::$ && DPT::DEV && CTR::$","SEC::$ && CTR::FR",different,40,65293,946,failure,200,3370750124,16853750.620
covercrypt,hybridized,089a548,"SEC::$ && DPT::DEV && CTR::$","SEC::$ && CTR::$",different,80,132075,946,success,200,3692615924,18463079.620
covercrypt,hybridized,089a548,"SEC::$ && DPT::DEV && CTR::$","SEC::$ && DPT::DEV",different,40,65293,946,success,200,1793188030,8965940.150
covercrypt,hybridized,089a548,"SEC::$ && DPT::DEV && CTR::$","SEC::$ && DPT::DEV && CTR::EN",same,20,31907,946,failure,200,1766104859,8830524.295
covercrypt,hybridized,089a548,"SEC::$ && DPT::DEV && CTR::$","SEC::$ && DPT::DEV && CTR::FR",same,20,31907,946,failure,200,1579773256,7898866.280
covercrypt,hybridized,089a548,"SEC::$ && DPT::DEV && CTR::$","SEC::$ && DPT::DEV && CTR::$",same,40,65293,946,success,200,1967824614,9839123.070
covercrypt,hybridized,089a548,"SEC::$ && DPT::DEV && CTR::$","SEC::$ && DPT::MKG",different,40,65293,946,failure,200,3341199323,16705996.615
covercrypt,hybridized,089a548,"SEC::$ && DPT::DEV && CTR::$","SEC::$ && DPT::MKG && CTR::EN",same,20,31907,946,failure,200,1576494227,7882471.135
covercrypt,hybridized,089a548,"SEC::$ && DPT::DEV && CTR::$","SEC::$ && DPT::MKG && CTR::FR",same,20,31907,946,failure,200,1295357031,6476785.155
covercrypt,hybridized,089a548,"SEC::$ && DPT::DEV && CTR::$","SEC::$ && DPT::MKG && CTR::$",same,40,65293,946,failure,200,2864586618,14322933.090
covercrypt,hybridized,089a548,"SEC::$ && DPT::DEV && CTR::$","SEC::$ && DPT::$",different,80,132075,946,success,200,2331696468,11658482.340
covercrypt,hybridized,089a548,"SEC::$ && DPT::DEV && CTR::$","SEC::$ && DPT::$ && CTR::EN",same,40,65293,946,failure,200,2528954388,12644771.940
covercrypt,hybridized,089a548,"SEC::$ && DPT::DEV && CTR::$","SEC::$ && DPT::$ && CTR::FR",same,40,65293,946,failure,200,2820410801,14102054.005
covercrypt,hybridized,089a548,"SEC::$ && DPT::DEV && CTR::$","SEC::$ && DPT::$ && CTR::$",same,80,132075,946,success,200,2598779062,12993895.310
covercrypt,hybridized,089a548,"SEC::$ && DPT::$ && CTR::$","CTR::EN",different,40,65293,946,failure,200,3182599874,15912999.370
covercrypt,hybridized,089a548,"SEC::$ && DPT::$ && CTR::$","CTR::FR",different,40,65293,946,failure,200,2812589159,14062945.795
covercrypt,hybridized,089a548,"SEC::$ && DPT::$ && CTR::$","CTR::$",different,80,132075,946,success,200,2893087821,14465439.105
covercrypt,hybridized,089a548,"SEC::$ && DPT::$ && CTR::$","DPT::DEV",different,40,65293,946,failure,200,2713833166,13569165.830
covercrypt,hybridized,089a548,"SEC::$ && DPT::$ && CTR::$","DPT::DEV && CTR::EN",different,20,31907,946,failure,200,1348649008,6743245.040
covercrypt,hybridized,089a548,"SEC::$ && DPT::$ && CTR::$","DPT::DEV && CTR::FR",different,20,31907,946,failure,200,1348071415,6740357.075
covercrypt,hybridized,089a548,"SEC::$ && DPT::$ && CTR::$","DPT::DEV && CTR::$",different,40,65293,946,failure,200,2839877195,14199385.975
covercrypt,hybridized,089a548,"SEC::$ && DPT::$ && CTR::$","DPT::MKG",different,40,65293,946,failure,200,2715213755,13576068.775
covercrypt,hybridized,089a548,"SEC::$ && DPT::$ && CTR::$","DPT::MKG && CTR::EN",different,20,31907,946,failure,200,1569278220,7846391.100
covercrypt,hybridized,089a548,"SEC::$ && DPT::$ && CTR::$","DPT::MKG && CTR::FR",different,20,31907,946,failure,200,1385349697,6926748.485
covercrypt,hybridized,089a548,"SEC::$ && DPT::$ && CTR::$","DPT::MKG && CTR::$",different,40,65293,946,failure,200,2555270130,12776350.650
covercrypt,hybridized,089a548,"SEC::$ && DPT::$ && CTR::$","DPT::$",different,80,132075,946,success,200,2803015420,14015077.100
covercrypt,hybridized,089a548,"SEC::$ && DPT::$ && CTR::$","DPT::$ && CTR::EN",different,40,65293,946,failure,200,2348520254,11742601.270
covercrypt,hybridized,089a548,"SEC::$ && DPT::$ && CTR::$","DPT::$ && CTR::FR",different,40,65293,946,failure,200,3045120196,15225600.980
covercrypt,hybridized,089a548,"SEC::$ && DPT::$ && CTR::$","DPT::$ && CTR::$",different,80,132075,946,success,200,2757198185,13785990.925
covercrypt,hybridized,089a548,"SEC::$ && DPT::$ && CTR::$","SEC::LOW",different,32,51939,946,failure,200,2153032154,10765160.770
covercrypt,hybridized,089a548,"SEC::$ && DPT::$ && CTR::$","SEC::LOW && CTR::EN",different,16,25231,946,failure,200,1133171856,5665859.280
covercrypt,hybridized,089a548,"SEC::$ && DPT::$ && CTR::$","SEC::LOW && CTR::FR",different,16,25231,946,failure,200,1201470190,6007350.950
covercrypt,hybridized,089a548,"SEC::$ && DPT::$ && CTR::$","SEC::LOW && CTR::$",different,32,51939,946,failure,200,2648422810,13242114.050
covercrypt,hybridized,089a548,"SEC::$ && DPT::$ && CTR::$","SEC::LOW && DPT::DEV",different,16,25231,946,failure,200,1330411304,6652056.520
covercrypt,hybridized,089a548,"SEC::$ && DPT::$ && CTR::$","SEC::LOW && DPT::DEV && CTR::EN",same,8,11879,946,failure,200,617318421,3086592.105
covercrypt,hybridized,089a548,"SEC::$ && DPT::$ && CTR::$","SEC::LOW && DPT::DEV && CTR::FR",same,8,11879,946,failure,200,555174326,2775871.630
covercrypt,hybridized,089a548,"SEC::$ && DPT::$ && CTR::$","SEC::LOW && DPT::DEV && CTR::$",same,16,25231,946,failure,200,1105234735,5526173.675
covercrypt,hybridized,089a548,"SEC::$ && DPT::$ && CTR::$","SEC::LOW && DPT::MKG",different,16,25231,946,failure,200,1092161512,5460807.560
covercrypt,hybridized,089a548,"SEC::$ && DPT::$ && CTR::$","SEC::LOW && DPT::MKG && CTR::EN",same,8,11879,946,failure,200,543859883,2719299.415
covercrypt,hybridized,089a548,"SEC::$ && DPT::$ && CTR::$","SEC::LOW && DPT::MKG && CTR::FR",same,8,11879,946,failure,200,554492138,2772460.690
covercrypt,hybridized,089a548,"SEC::$ && DPT::$ && CTR::$","SEC::LOW && DPT::MKG && CTR::$",same,16,25231,946,failure,200,1301073711,6505368.555
covercrypt,hybridized,089a548,"SEC::$ && DPT::$ && CTR::$","SEC::LOW && DPT::$",different,32,51939,946,failure,200,2260188591,11300942.955
covercrypt,hybridized,089a548,"SEC::$ && DPT::$ && CTR::$","SEC::LOW && DPT::$ && CTR::EN",same,16,25231,946,failure,200,1268060895,6340304.475
covercrypt,hybridized,089a548,"SEC::$ && DPT::$ && CTR::$","SEC::LOW && DPT::$ && CTR::FR",same,16,25231,946,failure,200,1221258758,6106293.790
covercrypt,hybridized,089a548,"SEC::$ && DPT::$ && CTR::$","SEC::LOW && DPT::$ && CTR::$",same,32,51939,946,failure,200,2339581239,11697906.195
covercrypt,hybridized,089a548,"SEC::$ && DPT::$ && CTR::$","SEC::MED",different,48,78651,946,failure,200,3084280601,15421403.005
covercrypt,hybridized,089a548,"SEC::$ && DPT::$ && CTR::$","SEC::MED && CTR::EN",different,24,38585,946,failure,200,1484122056,7420610.280
covercrypt,hybridized,089a548,"SEC::$ && DPT::$ && CTR::$","SEC::MED && CTR::FR",different,24,38585,946,failure,200,1529048384,7645241.920
covercrypt,hybridized,089a548,"SEC::$ && DPT::$ && CTR::$","SEC::MED && CTR::$",different,48,78651,946,failure,200,3230210342,16151051.710
covercrypt,hybridized,089a548,"SEC::$ && DPT::$ && CTR::$","SEC::MED && DPT::DEV",different,24,38585,946,failure,200,1565074050,7825370.250
covercrypt,hybridized,089a548,"SEC::$ && DPT::$ && CTR::$","SEC::MED && DPT::DEV && CTR::EN",same,12,18555,946,failure,200,823139682,4115698.410
covercrypt,hybridized,089a548,"SEC::$ && DPT::$ && CTR::$","SEC::MED && DPT::DEV && CTR::FR",same,12,18555,946,failure,200,854822035,4274110.175
covercrypt,hybridized,089a548,"SEC::$ && DPT::$ && CTR::$","SEC::MED && DPT::DEV && CTR::$",same,24,38585,946,failure,200,1812826073,9064130.365
covercrypt,hybridized,089a548,"SEC::$ && DPT::$ && CTR::$","SEC::MED && DPT::MKG",different,24,38585,946,failure,200,1772311483,8861557.415
covercrypt,hybridized,089a548,"SEC::$ && DPT::$ && CTR::$","SEC::MED && DPT::MKG && CTR::EN",same,12,18555,946,failure,200,838183304,4190916.520
covercrypt,hybridized,089a548,"SEC::$ && DPT::$ && CTR::$","SEC::MED && DPT::MKG && CTR::FR",same,12,18555,946,failure,200,858148010,4290740.050
covercrypt,hybridized,089a548,"SEC::$ && DPT::$ && CTR::$","SEC::MED && DPT::MKG && CTR::$",same,24,38585,946,failure,200,1636545246,8182726.230
covercrypt,hybridized,089a548,"SEC::$ && DPT::$ && CTR::$","SEC::MED && DPT::$",different,48,78651,946,failure,200,3270691191,16353455.955
covercrypt,hybridized,089a548,"SEC::$ && DPT::$ && CTR::$","SEC::MED && DPT::$ && CTR::EN",same,24,38585,946,failure,200,1796809383,8984046.915
covercrypt,hybridized,089a548,"SEC::$ && DPT::$ && CTR::$","SEC::MED && DPT::$ && CTR::FR",same,24,38585,946,failure,200,1794200050,8971000.250
covercrypt,hybridized,089a548,"SEC::$ && DPT::$ && CTR::$","SEC::MED && DPT::$ && CTR::$",same,48,78651,946,failure,200,4039090004,20195450.020
covercrypt,hybridized,089a548,"SEC::$ && DPT::$ && CTR::$","SEC::HIG",different,64,105363,946,failure,200,5291414140,26457070.700
covercrypt,hybridized,089a548,"SEC::$ && DPT::$ && CTR::$","SEC::HIG && CTR::EN",different,32,51939,946,failure,200,2817513903,14087569.515
covercrypt,hybridized,089a548,"SEC::$ && DPT::$ && CTR::$","SEC::HIG && CTR::FR",different,32,51939,946,failure,200,2767271899,13836359.495
covercrypt,hybridized,089a548,"SEC::$ && DPT::$ && CTR::$","SEC::HIG && CTR::$",different,64,105363,946,failure,200,5769420287,28847101.435
covercrypt,hybridized,089a548,"SEC::$ && DPT::$ && CTR::$","SEC::HIG && DPT::DEV",different,32,51939,946,failure,200,2545534131,12727670.655
covercrypt,hybridized,089a548,"SEC::$ && DPT::$ && CTR::$","SEC::HIG && DPT::DEV && CTR::EN",same,16,25231,946,failure,200,1290508027,6452540.135
covercrypt,hybridized,089a548,"SEC::$ && DPT::$ && CTR::$","SEC::HIG && DPT::DEV && CTR::FR",same,16,25231,946,failure,200,1314667015,6573335.075
covercrypt,hybridized,089a548,"SEC::$ && DPT::$ && CTR::$","SEC::HIG && DPT::DEV && CTR::$",same,32,51939,946,failure,200,2675424904,13377124.520
covercrypt,hybridized,089a548,"SEC::$ && DPT::$ && CTR::$","SEC::HIG && DPT::MKG",different,32,51939,946,failure,200,2663260034,13316300.170
covercrypt,hybridized,089a548,"SEC::$ && DPT::$ && CTR::$","SEC::HIG && DPT::MKG && CTR::EN",same,16,25231,946,failure,200,1318434680,6592173.400
covercrypt,hybridized,089a548,"SEC::$ && DPT::$ && CTR::$","SEC::HIG && DPT::MKG && CTR::FR",same,16,25231,946,failure,200,1377260835,6886304.175
covercrypt,hybridized,089a548,"SEC::$ && DPT::$ && CTR::$","SEC::HIG && DPT::MKG && CTR::$",same,32,51939,946,failure,200,2712034425,13560172.125
covercrypt,hybridized,089a548,"SEC::$ && DPT::$ && CTR::$","SEC::HIG && DPT::$",different,64,105363,946,failure,200,5615269141,28076345.705
covercrypt,hybridized,089a548,"SEC::$ && DPT::$ && CTR::$","SEC::HIG && DPT::$ && CTR::EN",same,32,51939,946,failure,200,2748537547,13742687.735
covercrypt,hybridized,089a548,"SEC::$ && DPT::$ && CTR::$","SEC::HIG && DPT::$ && CTR::FR",same,32,51939,946,failure,200,2771413156,13857065.780
covercrypt,hybridized,089a548,"SEC::$ && DPT::$ && CTR::$","SEC::HIG && DPT::$ && CTR::$",same,64,105363,946,failure,200,5484598781,27422993.905
covercrypt,hybridized,089a548,"SEC::$ && DPT::$ && CTR::$","SEC::$",different,80,132075,946,success,200,3710489822,18552449.110
covercrypt,hybridized,089a548,"SEC::$ && DPT::$ && CTR::$","SEC::$ && CTR::EN",different,40,65293,946,failure,200,3490479486,17452397.430
covercrypt,hybridized,089a548,"SEC::$ && DPT::$ && CTR::$","SEC::$ && CTR::FR",different,40,65293,946,failure,200,3118525721,15592628.605
covercrypt,hybridized,089a548,"SEC::$ && DPT::$ && CTR::$","SEC::$ && CTR::$",different,80,132075,946,success,200,3202267112,16011335.560
covercrypt,hybridized,089a548,"SEC::$ && DPT::$ && CTR::$","SEC::$ && DPT::DEV",different,40,65293,946,failure,200,3150360171,15751800.855
covercrypt,hybridized,089a548,"SEC::$ && DPT::$ && CTR::$","SEC::$ && DPT::DEV && CTR::EN",same,20,31907,946,failure,200,1567114080,7835570.400
covercrypt,hybridized,089a548,"SEC::$ && DPT::$ && CTR::$","SEC::$ && DPT::DEV && CTR::FR",same,20,31907,946,failure,200,1396374319,6981871.595
covercrypt,hybridized,089a548,"SEC::$ && DPT::$ && CTR::$","SEC::$ && DPT::DEV && CTR::$",same,40,65293,946,failure,200,2831846895,14159234.475
covercrypt,hybridized,089a548,"SEC::$ && DPT::$ && CTR::$","SEC::$ && DPT::MKG",different,40,65293,946,failure,200,2808165679,14040828.395
covercrypt,hybridized,089a548,"SEC::$ && DPT::$ && CTR::$","SEC::$ && DPT::MKG && CTR::EN",same,20,31907,946,failure,200,1567170245,7835851.225
covercrypt,hybridized,089a548,"SEC::$ && DPT::$ && CTR::$","SEC::$ && DPT::MKG && CTR::FR",same,20,31907,946,failure,200,1474336380,7371681.900
covercrypt,hybridized,089a548,"SEC::$ && DPT::$ && CTR::$","SEC::$ && DPT::MKG && CTR::$",same,40,65293,946,failure,200,2898869475,14494347.375
covercrypt,hybridized,089a548,"SEC::$ && DPT::$ && CTR::$","SEC::$ && DPT::$",different,80,132075,946,success,200,2450451114,12252255.570
covercrypt,hybridized,089a548,"SEC::$ && DPT::$ && CTR::$","SEC::$ && DPT::$ && CTR::EN",same,40,65293,946,failure,200,2655712852,13278564.260
covercrypt,hybridized,089a548,"SEC::$ && DPT::$ && CTR::$","SEC::$ && DPT::$ && CTR::FR",same,40,65293,946,failure,200,2272391242,11361956.210
covercrypt,hybridized,089a548,"SEC::$ && DPT::$ && CTR::$","SEC::$ && DPT::$ && CTR::$",same,80,132075,946,success,200,2676281555,13381407.775
covercrypt,hybridized,089a548,"DPT::MKG","CTR::EN",different,40,65293,946,success,200,2108644601,10543223.005
covercrypt,hybridized,089a548,"DPT::MKG","CTR::FR",different,40,65293,946,success,200,2042513632,10212568.160
covercrypt,hybridized,089a548,"DPT::MKG","CTR::$",different,80,132075,946,success,200,4926176506,24630882.530
covercrypt,hybridized,089a548,"DPT::MKG","DPT::DEV",different,40,65293,946,failure,200,3928670020,19643350.100
covercrypt,hybridized,089a548,"DPT::MKG","DPT::DEV && CTR::EN",different,20,31907,946,failure,200,1775672360,8878361.800
covercrypt,hybridized,089a548,"DPT::MKG","DPT::DEV && CTR::FR",different,20,31907,946,failure,200,1841699699,9208498.495
covercrypt,hybridized,089a548,"DPT::MKG","DPT::DEV && CTR::$",different,40,65293,946,failure,200,3890194431,19450972.155
covercrypt,hybridized,089a548,"DPT::MKG","DPT::MKG",different,40,65293,946,success,200,1738649273,8693246.365
covercrypt,hybridized,089a548,"DPT::MKG","DPT::MKG && CTR::EN",different,20,31907,946,success,200,921060182,4605300.910
covercrypt,hybridized,089a548,"DPT::MKG","DPT::MKG && CTR::FR",different,20,31907,946,success,200,943956425,4719782.125
covercrypt,hybridized,089a548,"DPT::MKG","DPT::MKG && CTR::$",different,40,65293,946,success,200,1898318935,9491594.675
covercrypt,hybridized,089a548,"DPT::MKG","DPT::$",different,80,132075,946,success,200,3321667047,16608335.235
covercrypt,hybridized,089a548,"DPT::MKG","DPT::$ && CTR::EN",different,40,65293,946,success,200,1606843556,8034217.780
covercrypt,hybridized,089a548,"DPT::MKG","DPT::$ && CTR::FR",different,40,65293,946,success,200,1697961468,8489807.340
covercrypt,hybridized,089a548,"DPT::MKG","DPT::$ && CTR::$",different,80,132075,946,success,200,3519367302,17596836.510
covercrypt,hybridized,089a548,"DPT::MKG","SEC::LOW",different,32,51939,946,success,200,1370091851,6850459.255
covercrypt,hybridized,089a548,"DPT::MKG","SEC::LOW && CTR::EN",different,16,25231,946,success,200,795014198,3975070.990
covercrypt,hybridized,089a548,"DPT::MKG","SEC::LOW && CTR::FR",different,16,25231,946,success,200,1032438742,5162193.710
covercrypt,hybridized,089a548,"DPT::MKG","SEC::LOW && CTR::$",different,32,51939,946,success,200,2021212192,10106060.960
covercrypt,hybridized,089a548,"DPT::MKG","SEC::LOW && DPT::DEV",different,16,25231,946,failure,200,1300657616,6503288.080
covercrypt,hybridized,089a548,"DPT::MKG","SEC::LOW && DPT::DEV && CTR::EN",same,8,11879,946,failure,200,678808653,3394043.265
covercrypt,hybridized,089a548,"DPT::MKG","SEC::LOW && DPT::DEV && CTR::FR",same,8,11879,946,failure,200,640280743,3201403.715
covercrypt,hybridized,089a548,"DPT::MKG","SEC::LOW && DPT::DEV && CTR::$",same,16,25231,946,failure,200,1291582292,6457911.460
covercrypt,hybridized,089a548,"DPT::MKG","SEC::LOW && DPT::MKG",different,16,25231,946,success,200,782969960,3914849.800
covercrypt,hybridized,089a548,"DPT::MKG","SEC::LOW && DPT::MKG && CTR::EN",same,8,11879,946,success,200,471004895,2355024.475
covercrypt,hybridized,089a548,"DPT::MKG","SEC::LOW && DPT::MKG && CTR::FR",same,8,11879,946,success,200,489744763,2448723.815
covercrypt,hybridized,089a548,"DPT::MKG","SEC::LOW && DPT::MKG && CTR::$",same,16,25231,946,success,200,767480251,3837401.255
covercrypt,hybridized,089a548,"DPT::MKG","SEC::LOW && DPT::$",different,32,51939,946,success,200,1658238846,8291194.230
covercrypt,hybridized,089a548,"DPT::MKG","SEC::LOW && DPT::$ && CTR::EN",same,16,25231,946,success,200,873591742,4367958.710
covercrypt,hybridized,089a548,"DPT::MKG","SEC::LOW && DPT::$ && CTR::FR",same,16,25231,946,success,200,775238417,3876192.085
covercrypt,hybridized,089a548,"DPT::MKG","SEC::LOW && DPT::$ && CTR::$",same,32,51939,946,success,200,1458337011,7291685.055
covercrypt,hybridized,089a548,"DPT::MKG","SEC::MED",different,48,78651,946,success,200,2178668561,10893342.805
covercrypt,hybridized,089a548,"DPT::MKG","SEC::MED && CTR::EN",different,24,38585,946,success,200,1190478692,5952393.460
covercrypt,hybridized,089a548,"DPT::MKG","SEC::MED && CTR::FR",different,24,38585,946,success,200,1004936238,5024681.190
covercrypt,hybridized,089a548,"DPT::MKG","SEC::MED && CTR::$",different,48,78651,946,success,200,2114118085,10570590.425
covercrypt,hybridized,089a548,"DPT::MKG","SEC::MED && DPT::DEV",different,24,38585,946,failure,200,2050804720,10254023.600
covercrypt,hybridized,089a548,"DPT::MKG","SEC::MED && DPT::DEV && CTR::EN",same,12,18555,946,failure,200,1250014072,6250070.360
covercrypt,hybridized,089a548,"DPT::MKG","SEC::MED && DPT::DEV && CTR::FR",same,12,18555,946,failure,200,1050881814,5254409.070
covercrypt,hybridized,089a548,"DPT::MKG","SEC::MED && DPT::DEV && CTR::$",same,24,38585,946,failure,200,1971800040,9859000.200
covercrypt,hybridized,089a548,"DPT::MKG","SEC::MED && DPT::MKG",different,24,38585,946,success,200,1321815588,6609077.940
covercrypt,hybridized,089a548,"DPT::MKG","SEC::MED && DPT::MKG && CTR::EN",same,12,18555,946,success,200,572704203,2863521.015
covercrypt,hybridized,089a548,"DPT::MKG","SEC::MED && DPT::MKG && CTR::FR",same,12,18555,946,success,200,622700265,3113501.325
covercrypt,hybridized,089a548,"DPT::MKG","SEC::MED && DPT::MKG && CTR::$",same,24,38585,946,success,200,1130421291,5652106.455
covercrypt,hybridized,089a548,"DPT::MKG","SEC::MED && DPT::$",different,48,78651,946,success,200,2183078108,10915390.540
covercrypt,hybridized,089a548,"DPT::MKG","SEC::MED && DPT::$ && CTR::EN",same,24,38585,946,success,200,1133379715,5666898.575
covercrypt,hybridized,089a548,"DPT::MKG","SEC::MED && DPT::$ && CTR::FR",same,24,38585,946,success,200,1068062120,5340310.600
covercrypt,hybridized,089a548,"DPT::MKG","SEC::MED && DPT::$ && CTR::$",same,48,78651,946,success,200,2260272236,11301361.180
covercrypt,hybridized,089a548,"DPT::MKG","SEC::HIG",different,64,105363,946,success,200,2865334974,14326674.870
covercrypt,hybridized,089a548,"DPT::MKG","SEC::HIG && CTR::EN",different,32,51939,946,success,200,1329096182,6645480.910
covercrypt,hybridized,089a548,"DPT::MKG","SEC::HIG && CTR::FR",different,32,51939,946,success,200,1554639712,7773198.560
covercrypt,hybridized,089a548,"DPT::MKG","SEC::HIG && CTR::$",different,64,105363,946,success,200,2256673344,11283366.720
covercrypt,hybridized,089a548,"DPT::MKG","SEC::HIG && DPT::DEV",different,32,51939,946,failure,200,2583048705,12915243.525
covercrypt,hybridized,089a548,"DPT::MKG","SEC::HIG && DPT::DEV && CTR::EN",same,16,25231,946,failure,200,1233397626,6166988.130
covercrypt,hybridized,089a548,"DPT::MKG","SEC::HIG && DPT::DEV && CTR::FR",same,16,25231,946,failure,200,1235372681,6176863.405
covercrypt,hybridized,089a548,"DPT::MKG","SEC::HIG && DPT::DEV && CTR::$",same,32,51939,946,failure,200,2413482068,12067410.340
covercrypt,hybridized,089a548,"DPT::MKG","SEC::HIG && DPT::MKG",different,32,51939,946,success,200,1343079543,6715397.715
covercrypt,hybridized,089a548,"DPT::MKG","SEC::HIG && DPT::MKG && CTR::EN",same,16,25231,946,success,200,831231954,4156159.770
covercrypt,hybridized,089a548,"DPT::MKG","SEC::HIG && DPT::MKG && CTR::FR",same,16,25231,946,success,200,906564168,4532820.840
covercrypt,hybridized,089a548,"DPT::MKG","SEC::HIG && DPT::MKG && CTR::$",same,32,51939,946,success,200,1434545850,7172729.250
covercrypt,hybridized,089a548,"DPT::MKG","SEC::HIG && DPT::$",different,64,105363,946,success,200,2492749780,12463748.900
covercrypt,hybridized,089a548,"DPT::MKG","SEC::HIG && DPT::$ && CTR::EN",same,32,51939,946,success,200,1349813969,6749069.845
covercrypt,hybridized,089a548,"DPT::MKG","SEC::HIG && DPT::$ && CTR::FR",same,32,51939,946,success,200,1218234570,6091172.850
covercrypt,hybridized,089a548,"DPT::MKG","SEC::HIG && DPT::$ && CTR::$",same,64,105363,946,success,200,2320432410,11602162.050
covercrypt,hybridized,089a548,"DPT::MKG","SEC::$",different,80,132075,946,success,200,3099112545,15495562.725
covercrypt,hybridized,089a548,"DPT::MKG","SEC::$ && CTR::EN",different,40,65293,946,success,200,1610069401,8050347.005
covercrypt,hybridized,089a548,"DPT::MKG","SEC::$ && CTR::FR",different,40,65293,946,success,200,1453819235,7269096.175
covercrypt,hybridized,089a548,"DPT::MKG","SEC::$ && CTR::$",different,80,132075,946,success,200,3342466559,16712332.795
covercrypt,hybridized,089a548,"DPT::MKG","SEC::$ && DPT::DEV",different,40,65293,946,failure,200,2847077459,14235387.295
covercrypt,hybridized,089a548,"DPT::MKG","SEC::$ && DPT::DEV && CTR::EN",same,20,31907,946,failure,200,1683931663,8419658.315
covercrypt,hybridized,089a548,"DPT::MKG","SEC::$ && DPT::DEV && CTR::FR",same,20,31907,946,failure,200,2241332594,11206662.970
covercrypt,hybridized,089a548,"DPT::MKG","SEC::$ && DPT::DEV && CTR::$",same,40,65293,946,failure,200,3159168224,15795841.120
covercrypt,hybridized,089a548,"DPT::MKG","SEC::$ && DPT::MKG",different,40,65293,946,success,200,1995710722,9978553.610
covercrypt,hybridized,089a548,"DPT::MKG","SEC::$ && DPT::MKG && CTR::EN",same,20,31907,946,success,200,958819896,4794099.480
covercrypt,hybridized,089a548,"DPT::MKG","SEC::$ && DPT::MKG && CTR::FR",same,20,31907,946,success,200,842854454,4214272.270
covercrypt,hybridized,089a548,"DPT::MKG","SEC::$ && DPT::MKG && CTR::$",same,40,65293,946,success,200,1665998841,8329994.205
covercrypt,hybridized,089a548,"DPT::MKG","SEC::$ && DPT::$",different,80,132075,946,success,200,2948704452,14743522.260
covercrypt,hybridized,089a548,"DPT::MKG","SEC::$ && DPT::$ && CTR::EN",same,40,65293,946,success,200,1652272872,8261364.360
covercrypt,hybridized,089a548,"DPT::MKG","SEC::$ && DPT::$ && CTR::FR",same,40,65293,946,success,200,1675441704,8377208.520
covercrypt,hybridized,089a548,"DPT::MKG","SEC::$ && DPT::$ && CTR::$",same,80,132075,946,success,200,3186692439,15933462.195
covercrypt,hybridized,089a548,"SEC::LOW","CTR::EN",different,40,65293,946,success,200,1726132259,8630661.295
covercrypt,hybridized,089a548,"SEC::LOW","CTR::FR",different,40,65293,946,success,200,1546491981,7732459.905
covercrypt,hybridized,089a548,"SEC::LOW","CTR::$",different,80,132075,946,success,200,4233157417,21165787.085
covercrypt,hybridized,089a548,"SEC::LOW","DPT::DEV",different,40,65293,946,success,200,2673615310,13368076.550
covercrypt,hybridized,089a548,"SEC::LOW","DPT::DEV && CTR::EN",different,20,31907,946,success,200,1261669718,6308348.590
covercrypt,hybridized,089a548,"SEC::LOW","DPT::DEV && CTR::FR",different,20,31907,946,success,200,1079909042,5399545.210
covercrypt,hybridized,089a548,"SEC::LOW","DPT::DEV && CTR::$",different,40,65293,946,success,200,1786266104,8931330.520
covercrypt,hybridized,089a548,"SEC::LOW","DPT::MKG",different,40,65293,946,success,200,2247026737,11235133.685
covercrypt,hybridized,089a548,"SEC::LOW","DPT::MKG && CTR::EN",different,20,31907,946,success,200,1209207629,6046038.145
covercrypt,hybridized,089a548,"SEC::LOW","DPT::MKG && CTR::FR",different,20,31907,946,success,200,1060117485,5300587.425
covercrypt,hybridized,089a548,"SEC::LOW","DPT::MKG && CTR::$",different,40,65293,946,success,200,2138833799,10694168.995
covercrypt,hybridized,089a548,"SEC::LOW","DPT::$",different,80,132075,946,success,200,4140638281,20703191.405
covercrypt,hybridized,089a548,"SEC::LOW","DPT::$ && CTR::EN",different,40,65293,946,success,200,2252438333,11262191.665
covercrypt,hybridized,089a548,"SEC::LOW","DPT::$ && CTR::FR",different,40,65293,946,success,200,2309960570,11549802.850
covercrypt,hybridized,089a548,"SEC::LOW","DPT::$ && CTR::$",different,80,132075,946,success,200,5018511328,25092556.640
covercrypt,hybridized,089a548,"SEC::LOW","SEC::LOW",different,32,51939,946,success,200,2202055758,11010278.790
covercrypt,hybridized,089a548,"SEC::LOW","SEC::LOW && CTR::EN",different,16,25231,946,success,200,1037768027,5188840.135
covercrypt,hybridized,089a548,"SEC::LOW","SEC::LOW && CTR::FR",different,16,25231,946,success,200,995541955,4977709.775
covercrypt,hybridized,089a548,"SEC::LOW","SEC::LOW && CTR::$",different,32,51939,946,success,200,1664813424,8324067.120
covercrypt,hybridized,089a548,"SEC::LOW","SEC::LOW && DPT::DEV",different,16,25231,946,success,200,891177391,4455886.955
covercrypt,hybridized,089a548,"SEC::LOW","SEC::LOW && DPT::DEV && CTR::EN",same,8,11879,946,success,200,683645529,3418227.645
covercrypt,hybridized,089a548,"SEC::LOW","SEC::LOW && DPT::DEV && CTR::FR",same,8,11879,946,success,200,554947526,2774737.630
covercrypt,hybridized,089a548,"SEC::LOW","SEC::LOW && DPT::DEV && CTR::$",same,16,25231,946,success,200,1009652978,5048264.890
covercrypt,hybridized,089a548,"SEC::LOW","SEC::LOW && DPT::MKG",different,16,25231,946,success,200,784570294,3922851.470
covercrypt,hybridized,089a548,"SEC::LOW","SEC::LOW && DPT::MKG && CTR::EN",same,8,11879,946,success,200,511381724,2556908.620
covercrypt,hybridized,089a548,"SEC::LOW","SEC::LOW && DPT::MKG && CTR::FR",same,8,11879,946,success,200,503138227,2515691.135
covercrypt,hybridized,089a548,"SEC::LOW","SEC::LOW && DPT::MKG && CTR::$",same,16,25231,946,success,200,985642830,4928214.150
covercrypt,hybridized,089a548,"SEC::LOW","SEC::LOW && DPT::$",different,32,51939,946,success,200,1661088908,8305444.540
covercrypt,hybridized,089a548,"SEC::LOW","SEC::LOW && DPT::$ && CTR::EN",same,16,25231,946,success,200,996786702,4983933.510
covercrypt,hybridized,089a548,"SEC::LOW","SEC::LOW && DPT::$ && CTR::FR",same,16,25231,946,success,200,968751064,4843755.320
covercrypt,hybridized,089a548,"SEC::LOW","SEC::LOW && DPT::$ && CTR::$",same,32,51939,946,success,200,1931897786,9659488.930
covercrypt,hybridized,089a548,"SEC::LOW","SEC::MED",different,48,78651,946,success,200,3275890999,16379454.995
covercrypt,hybridized,089a548,"SEC::LOW","SEC::MED && CTR::EN",different,24,38585,946,success,200,1374749097,6873745.485
covercrypt,hybridized,089a548,"SEC::LOW","SEC::MED && CTR::FR",different,24,38585,946,success,200,1416101436,7080507.180
covercrypt,hybridized,089a548,"SEC::LOW","SEC::MED && CTR::$",different,48,78651,946,success,200,2522257784,12611288.920
covercrypt,hybridized,089a548,"SEC::LOW","SEC::MED && DPT::DEV",different,24,38585,946,success,200,1322924557,6614622.785
covercrypt,hybridized,089a548,"SEC::LOW","SEC::MED && DPT::DEV && CTR::EN",same,12,18555,946,success,200,815086417,4075432.085
covercrypt,hybridized,089a548,"SEC::LOW","SEC::MED && DPT::DEV && CTR::FR",same,12,18555,946,success,200,750045690,3750228.450
covercrypt,hybridized,089a548,"SEC::LOW","SEC::MED && DPT::DEV && CTR::$",same,24,38585,946,success,200,1322492357,6612461.785
covercrypt,hybridized,089a548,"SEC::LOW","SEC::MED && DPT::MKG",different,24,38585,946,success,200,1339589585,6697947.925
covercrypt,hybridized,089a548,"SEC::LOW","SEC::MED && DPT::MKG && CTR::EN",same,12,18555,946,success,200,727656498,3638282.490
covercrypt,hybridized,089a548,"SEC::LOW","SEC::MED && DPT::MKG && CTR::FR",same,12,18555,946,success,200,760294399,3801471.995
covercrypt,hybridized,089a548,"SEC::LOW","SEC::MED && DPT::MKG && CTR::$",same,24,38585,946,success,200,1494845801,7474229.005
covercrypt,hybridized,089a548,"SEC::LOW","SEC::MED && DPT::$",different,48,78651,946,success,200,2425293806,12126469.030
covercrypt,hybridized,089a548,"SEC::LOW","SEC::MED && DPT::$ && CTR::EN",same,24,38585,946,success,200,1325444641,6627223.205
covercrypt,hybridized,089a548,"SEC::LOW","SEC::MED && DPT::$ && CTR::FR",same,24,38585,946,success,200,1460642670,7303213.350
covercrypt,hybridized,089a548,"SEC::LOW","SEC::MED && DPT::$ && CTR::$",same,48,78651,946,success,200,2932224390,14661121.950
covercrypt,hybridized,089a548,"SEC::LOW","SEC::HIG",different,64,105363,946,success,200,3507760173,17538800.865
covercrypt,hybridized,089a548,"SEC::LOW","SEC::HIG && CTR::EN",different,32,51939,946,success,200,1501585031,7507925.155
covercrypt,hybridized,089a548,"SEC::LOW","SEC::HIG && CTR::FR",different,32,51939,946,success,200,1667876249,8339381.245
covercrypt,hybridized,089a548,"SEC::LOW","SEC::HIG && CTR::$",different,64,105363,946,success,200,2914756436,14573782.180
covercrypt,hybridized,089a548,"SEC::LOW","SEC::HIG && DPT::DEV",different,32,51939,946,success,200,1759575231,8797876.155
covercrypt,hybridized,089a548,"SEC::LOW","SEC::HIG && DPT::DEV && CTR::EN",same,16,25231,946,success,200,888513944,4442569.720
covercrypt,hybridized,089a548,"SEC::LOW","SEC::HIG && DPT::DEV && CTR::FR",same,16,25231,946,success,200,1235832569,6179162.845
covercrypt,hybridized,089a548,"SEC::LOW","SEC::HIG && DPT::DEV && CTR::$",same,32,51939,946,success,200,2209085112,11045425.560
covercrypt,hybridized,089a548,"SEC::LOW","SEC::HIG && DPT::MKG",different,32,51939,946,success,200,2015026367,10075131.835
covercrypt,hybridized,089a548,"SEC::LOW","SEC::HIG && DPT::MKG && CTR::EN",same,16,25231,946,success,200,998744396,4993721.980
covercrypt,hybridized,089a548,"SEC::LOW","SEC::HIG && DPT::MKG && CTR::FR",same,16,25231,946,success,200,825555109,4127775.545
covercrypt,hybridized,089a548,"SEC::LOW","SEC::HIG && DPT::MKG && CTR::$",same,32,51939,946,success,200,1768518497,8842592.485
covercrypt,hybridized,089a548,"SEC::LOW","SEC::HIG && DPT::$",different,64,105363,946,success,200,2970358012,14851790.060
covercrypt,hybridized,089a548,"SEC::LOW","SEC::HIG && DPT::$ && CTR::EN",same,32,51939,946,success,200,1529749805,7648749.025
covercrypt,hybridized,089a548,"SEC::LOW","SEC::HIG && DPT::$ && CTR::FR",same,32,51939,946,success,200,1857601925,9288009.625
covercrypt,hybridized,089a548,"SEC::LOW","SEC::HIG && DPT::$ && CTR::$",same,64,105363,946,success,200,2813335279,14066676.395
covercrypt,hybridized,089a548,"SEC::LOW","SEC::$",different,80,132075,946,success,200,3521616224,17608081.120
covercrypt,hybridized,089a548,"SEC::LOW","SEC::$ && CTR::EN",different,40,65293,946,success,200,1893634382,9468171.910
covercrypt,hybridized,089a548,"SEC::LOW","SEC::$ && CTR::FR",different,40,65293,946,success,200,1692376427,8461882.135
covercrypt,hybridized,089a548,"SEC::LOW","SEC::$ && CTR::$",different,80,132075,946,success,200,3670567391,18352836.955
covercrypt,hybridized,089a548,"SEC::LOW","SEC::$ && DPT::DEV",different,40,65293,946,success,200,1891991695,9459958.475
covercrypt,hybridized,089a548,"SEC::LOW","SEC::$ && DPT::DEV && CTR::EN",same,20,31907,946,success,200,1169032095,5845160.475
covercrypt,hybridized,089a548,"SEC::LOW","SEC::$ && DPT::DEV && CTR::FR",same,20,31907,946,success,200,1229085395,6145426.975
covercrypt,hybridized,089a548,"SEC::LOW","SEC::$ && DPT::DEV && CTR::$",same,40,65293,946,success,200,2474155115,12370775.575
covercrypt,hybridized,089a548,"SEC::LOW","SEC::$ && DPT::MKG",different,40,65293,946,success,200,2391645223,11958226.115
covercrypt,hybridized,089a548,"SEC::LOW","SEC::$ && DPT::MKG && CTR::EN",same,20,31907,946,success,200,860445121,4302225.605
covercrypt,hybridized,089a548,"SEC::LOW","SEC::$ && DPT::MKG && CTR::FR",same,20,31907,946,success,200,1305236015,6526180.075
covercrypt,hybridized,089a548,"SEC::LOW","SEC::$ && DPT::MKG && CTR::$",same,40,65293,946,success,200,2182757575,10913787.875
covercrypt,hybridized,089a548,"SEC::LOW","SEC::$ && DPT::$",different,80,132075,946,success,200,3866923888,19334619.440
covercrypt,hybridized,089a548,"SEC::LOW","SEC::$ && DPT::$ && CTR::EN",same,40,65293,946,success,200,2198235985,10991179.925
covercrypt,hybridized,089a548,"SEC::LOW","SEC::$ && DPT::$ && CTR::FR",same,40,65293,946,success,200,1910453973,9552269.865
covercrypt,hybridized,089a548,"SEC::LOW","SEC::$ && DPT::$ && CTR::$",same,80,132075,946,success,200,3861233469,19306167.345
covercrypt,hybridized,089a548,"SEC::LOW && DPT::MKG","CTR::EN",different,40,65293,946,success,200,2486585884,12432929.420
covercrypt,hybridized,089a548,"SEC::LOW && DPT::MKG","CTR::FR",different,40,65293,946,success,200,2727666592,13638332.960
covercrypt,hybridized,089a548,"SEC::LOW && DPT::MKG","CTR::$",different,80,132075,946,success,200,4082821304,20414106.520
covercrypt,hybridized,089a548,"SEC::LOW && DPT::MKG","DPT::DEV",different,40,65293,946,failure,200,4565313877,22826569.385
covercrypt,hybridized,089a548,"SEC::LOW && DPT::MKG","DPT::DEV && CTR::EN",different,20,31907,946,failure,200,1807767947,9038839.735
covercrypt,hybridized,089a548,"SEC::LOW && DPT::MKG","DPT::DEV && CTR::FR",different,20,31907,946,failure,200,1615802884,8079014.420
covercrypt,hybridized,089a548,"SEC::LOW && DPT::MKG","DPT::DEV && CTR::$",different,40,65293,946,failure,200,3820331373,19101656.865
covercrypt,hybridized,089a548,"SEC::LOW && DPT::MKG","DPT::MKG",different,40,65293,946,success,200,2049349211,10246746.055
covercrypt,hybridized,089a548,"SEC::LOW && DPT::MKG","DPT::MKG && CTR::EN",different,20,31907,946,success,200,946743949,4733719.745
covercrypt,hybridized,089a548,"SEC::LOW && DPT::MKG","DPT::MKG && CTR::FR",different,20,31907,946,success,200,886502233,4432511.165
covercrypt,hybridized,089a548,"SEC::LOW && DPT::MKG","DPT::MKG && CTR::$",different,40,65293,946,success,200,1924808602,9624043.010
covercrypt,hybridized,089a548,"SEC::LOW && DPT::MKG","DPT::$",different,80,132075,946,success,200,4140657610,20703288.050
covercrypt,hybridized,089a548,"SEC::LOW && DPT::MKG","DPT::$ && CTR::EN",different,40,65293,946,success,200,2062456589,10312282.945
covercrypt,hybridized,089a548,"SEC::LOW && DPT::MKG","DPT::$ && CTR::FR",different,40,65293,946,success,200,2129788130,10648940.650
covercrypt,hybridized,089a548,"SEC::LOW && DPT::MKG","DPT::$ && CTR::$",different,80,132075,946,success,200,4091213293,20456066.465
covercrypt,hybridized,089a548,"SEC::LOW && DPT::MKG","SEC::LOW",different,32,51939,946,success,200,1731284891,8656424.455
covercrypt,hybridized,089a548,"SEC::LOW && DPT::MKG","SEC::LOW && CTR::EN",different,16,25231,946,success,200,872762783,4363813.915
covercrypt,hybridized,089a548,"SEC::LOW && DPT::MKG","SEC::LOW && CTR::FR",different,16,25231,946,success,200,1009591162,5047955.810
covercrypt,hybridized,089a548,"SEC::LOW && DPT::MKG","SEC::LOW && CTR::$",different,32,51939,946,success,200,1722995192,8614975.960
covercrypt,hybridized,089a548,"SEC::LOW && DPT::MKG","SEC::LOW && DPT::DEV",different,16,25231,946,failure,200,1431675591,7158377.955
covercrypt,hybridized,089a548,"SEC::LOW && DPT::MKG","SEC::LOW && DPT::DEV && CTR::EN",same,8,11879,946,failure,200,662386588,3311932.940
covercrypt,hybridized,089a548,"SEC::LOW && DPT::MKG","SEC::LOW && DPT::DEV && CTR::FR",same,8,11879,946,failure,200,818444888,4092224.440
covercrypt,hybridized,089a548,"SEC::LOW && DPT::MKG","SEC::LOW && DPT::DEV && CTR::$",same,16,25231,946,failure,200,1515670987,7578354.935
covercrypt,hybridized,089a548,"SEC::LOW && DPT::MKG","SEC::LOW && DPT::MKG",different,16,25231,946,success,200,954027758,4770138.790
covercrypt,hybridized,089a548,"SEC::LOW && DPT::MKG","SEC::LOW && DPT::MKG && CTR::EN",same,8,11879,946,success,200,568940518,2844702.590
covercrypt,hybridized,089a548,"SEC::LOW && DPT::MKG","SEC::LOW && DPT::MKG && CTR::FR",same,8,11879,946,success,200,606012626,3030063.130
covercrypt,hybridized,089a548,"SEC::LOW && DPT::MKG","SEC::LOW && DPT::MKG && CTR::$",same,16,25231,946,success,200,1093602555,5468012.775
covercrypt,hybridized,089a548,"SEC::LOW && DPT::MKG","SEC::LOW && DPT::$",different,32,51939,946,success,200,1822439174,9112195.870
covercrypt,hybridized,089a548,"SEC::LOW && DPT::MKG","SEC::LOW && DPT::$ && CTR::EN",same,16,25231,946,success,200,860653442,4303267.210
covercrypt,hybridized,089a548,"SEC::LOW && DPT::MKG","SEC::LOW && DPT::$ && CTR::FR",same,16,25231,946,success,200,886263987,4431319.935
covercrypt,hybridized,089a548,"SEC::LOW && DPT::MKG","SEC::LOW && DPT::$ && CTR::$",same,32,51939,946,success,200,1486934052,7434670.260
covercrypt,hybridized,089a548,"SEC::LOW && DPT::MKG","SEC::MED",different,48,78651,946,success,200,3107275233,15536376.165
covercrypt,hybridized,089a548,"SEC::LOW && DPT::MKG","SEC::MED && CTR::EN",different,24,38585,946,success,200,1276494730,6382473.650
covercrypt,hybridized,089a548,"SEC::LOW && DPT::MKG","SEC::MED && CTR::FR",different,24,38585,946,success,200,1371241557,6856207.785
covercrypt,hybridized,089a548,"SEC::LOW && DPT::MKG","SEC::MED && CTR::$",different,48,78651,946,success,200,1973905612,9869528.060
covercrypt,hybridized,089a548,"SEC::LOW && DPT::MKG","SEC::MED && DPT::DEV",different,24,38585,946,failure,200,2552884458,12764422.290
covercrypt,hybridized,089a548,"SEC::LOW && DPT::MKG","SEC::MED && DPT::DEV && CTR::EN",same,12,18555,946,failure,200,1309431902,6547159.510
covercrypt,hybridized,089a548,"SEC::LOW && DPT::MKG","SEC::MED && DPT::DEV && CTR::FR",same,12,18555,946,failure,200,1142362206,5711811.030
covercrypt,hybridized,089a548,"SEC::LOW && DPT::MKG","SEC::MED && DPT::DEV && CTR::$",same,24,38585,946,failure,200,2477250148,12386250.740
covercrypt,hybridized,089a548,"SEC::LOW && DPT::MKG","SEC::MED && DPT::MKG",different,24,38585,946,success,200,1293105669,6465528.345
covercrypt,hybridized,089a548,"SEC::LOW && DPT::MKG","SEC::MED && DPT::MKG && CTR::EN",same,12,18555,946,success,200,749622204,3748111.020
covercrypt,hybridized,089a548,"SEC::LOW && DPT::MKG","SEC::MED && DPT::MKG && CTR::FR",same,12,18555,946,success,200,682079854,3410399.270
covercrypt,hybridized,089a548,"SEC::LOW && DPT::MKG","SEC::MED && DPT::MKG && CTR::$",same,24,38585,946,success,200,1270445394,6352226.970
covercrypt,hybridized,089a548,"SEC::LOW && DPT::MKG","SEC::MED && DPT::$",different,48,78651,946,success,200,2647526957,13237634.785
covercrypt,hybridized,089a548,"SEC::LOW && DPT::MKG","SEC::MED && DPT::$ && CTR::EN",same,24,38585,946,success,200,1157448068,5787240.340
covercrypt,hybridized,089a548,"SEC::LOW && DPT::MKG","SEC::MED && DPT::$ && CTR::FR",same,24,38585,946,success,200,1279288634,6396443.170
covercrypt,hybridized,089a548,"SEC::LOW && DPT::MKG","SEC::MED && DPT::$ && CTR::$",same,48,78651,946,success,200,2112487666,10562438.330
covercrypt,hybridized,089a548,"SEC::LOW && DPT::MKG","SEC::HIG",different,64,105363,946,success,200,3432424905,17162124.525
covercrypt,hybridized,089a548,"SEC::LOW && DPT::MKG","SEC::HIG && CTR::EN",different,32,51939,946,success,200,1862543284,9312716.420
covercrypt,hybridized,089a548,"SEC::LOW && DPT::MKG","SEC::HIG && CTR::FR",different,32,51939,946,success,200,1725163717,8625818.585
covercrypt,hybridized,089a548,"SEC::LOW && DPT::MKG","SEC::HIG && CTR::$",different,64,105363,946,success,200,3272843634,16364218.170
covercrypt,hybridized,089a548,"SEC::LOW && DPT::MKG","SEC::HIG && DPT::DEV",different,32,51939,946,failure,200,3937261657,19686308.285
covercrypt,hybridized,089a548,"SEC::LOW && DPT::MKG","SEC::HIG && DPT::DEV && CTR::EN",same,16,25231,946,failure,200,1938146041,9690730.205
covercrypt,hybridized,089a548,"SEC::LOW && DPT::MKG","SEC::HIG && DPT::DEV && CTR::FR",same,16,25231,946,failure,200,1598323975,7991619.875
covercrypt,hybridized,089a548,"SEC::LOW && DPT::MKG","SEC::HIG && DPT::DEV && CTR::$",same,32,51939,946,failure,200,3384985233,16924926.165
covercrypt,hybridized,089a548,"SEC::LOW && DPT::MKG","SEC::HIG && DPT::MKG",different,32,51939,946,success,200,1948227374,9741136.870
covercrypt,hybridized,089a548,"SEC::LOW && DPT::MKG","SEC::HIG && DPT::MKG && CTR::EN",same,16,25231,946,success,200,1240845572,6204227.860
covercrypt,hybridized,089a548,"SEC::LOW && DPT::MKG","SEC::HIG && DPT::MKG && CTR::FR",same,16,25231,946,success,200,887482971,4437414.855
covercrypt,hybridized,089a548,"SEC::LOW && DPT::MKG","SEC::HIG && DPT::MKG && CTR::$",same,32,51939,946,success,200,1677439912,8387199.560
covercrypt,hybridized,089a548,"SEC::LOW && DPT::MKG","SEC::HIG && DPT::$",different,64,105363,946,success,200,3269070804,16345354.020
covercrypt,hybridized,089a548,"SEC::LOW && DPT::MKG","SEC::HIG && DPT::$ && CTR::EN",same,32,51939,946,success,200,1853289523,9266447.615
covercrypt,hybridized,089a548,"SEC::LOW && DPT::MKG","SEC::HIG && DPT::$ && CTR::FR",same,32,51939,946,success,200,2229379937,11146899.685
covercrypt,hybridized,089a548,"SEC::LOW && DPT::MKG","SEC::HIG && DPT::$ && CTR::$",same,64,105363,946,success,200,4151758013,20758790.065
covercrypt,hybridized,089a548,"SEC::LOW && DPT::MKG","SEC::$",different,80,132075,946,success,200,5288925220,26444626.100
covercrypt,hybridized,089a548,"SEC::LOW && DPT::MKG","SEC::$ && CTR::EN",different,40,65293,946,success,200,2335630813,11678154.065
covercrypt,hybridized,089a548,"SEC::LOW && DPT::MKG","SEC::$ && CTR::FR",different,40,65293,946,success,200,2145076629,10725383.145
covercrypt,hybridized,089a548,"SEC::LOW && DPT::MKG","SEC::$ && CTR::$",different,80,132075,946,success,200,4143388073,20716940.365
covercrypt,hybridized,089a548,"SEC::LOW && DPT::MKG","SEC::$ && DPT::DEV",different,40,65293,946,failure,200,3549176221,17745881.105
covercrypt,hybridized,089a548,"SEC::LOW && DPT::MKG","SEC::$ && DPT::DEV && CTR::EN",same,20,31907,946,failure,200,1582847632,7914238.160
covercrypt,hybridized,089a548,"SEC::LOW && DPT::MKG","SEC::$ && DPT::DEV && CTR::FR",same,20,31907,946,failure,200,1680092082,8400460.410
covercrypt,hybridized,089a548,"SEC::LOW && DPT::MKG","SEC::$ && DPT::DEV && CTR::$",same,40,65293,946,failure,200,3253445339,16267226.695
covercrypt,hybridized,089a548,"SEC::LOW && DPT::MKG","SEC::$ && DPT::MKG",different,40,65293,946,success,200,1815129601,9075648.005
covercrypt,hybridized,089a548,"SEC::LOW && DPT::MKG","SEC::$ && DPT::MKG && CTR::EN",same,20,31907,946,success,200,975325995,4876629.975
covercrypt,hybridized,089a548,"SEC::LOW && DPT::MKG","SEC::$ && DPT::MKG && CTR::FR",same,20,31907,946,success,200,965062730,4825313.650
covercrypt,hybridized,089a548,"SEC::LOW && DPT::MKG","SEC::$ && DPT::MKG && CTR::$",same,40,65293,946,success,200,1866785565,9333927.825
covercrypt,hybridized,089a548,"SEC::LOW && DPT::MKG","SEC::$ && DPT::$",different,80,132075,946,success,200,3749851024,18749255.120
covercrypt,hybridized,089a548,"SEC::LOW && DPT::MKG","SEC::$ && DPT::$ && CTR::EN",same,40,65293,946,success,200,2014743376,10073716.880
covercrypt,hybridized,089a548,"SEC::LOW && DPT::MKG","SEC::$ && DPT::$ && CTR::FR",same,40,65293,946,success,200,1810182842,9050914.210
covercrypt,hybridized,089a548,"SEC::LOW && DPT::MKG","SEC::$ && DPT::$ && CTR::$",same,80,132075,946,success,200,3875582726,19377913.630
covercrypt,hybridized,089a548,"SEC::MED","CTR::EN",different,40,65293,946,success,200,2366152616,11830763.080
covercrypt,hybridized,089a548,"SEC::MED","CTR::FR",different,40,65293,946,success,200,1872841180,9364205.900
covercrypt,hybridized,089a548,"SEC::MED","CTR::$",different,80,132075,946,success,200,3250762189,16253810.945
covercrypt,hybridized,089a548,"SEC::MED","DPT::DEV",different,40,65293,946,success,200,2096272564,10481362.820
covercrypt,hybridized,089a548,"SEC::MED","DPT::DEV && CTR::EN",different,20,31907,946,success,200,916478476,4582392.380
covercrypt,hybridized,089a548,"SEC::MED","DPT::DEV && CTR::FR",different,20,31907,946,success,200,868188212,4340941.060
covercrypt,hybridized,089a548,"SEC::MED","DPT::DEV && CTR::$",different,40,65293,946,success,200,1679466264,8397331.320
covercrypt,hybridized,089a548,"SEC::MED","DPT::MKG",different,40,65293,946,success,200,1927000490,9635002.450
covercrypt,hybridized,089a548,"SEC::MED","DPT::MKG && CTR::EN",different,20,31907,946,success,200,917058852,4585294.260
covercrypt,hybridized,089a548,"SEC::MED","DPT::MKG && CTR::FR",different,20,31907,946,success,200,985961285,4929806.425
covercrypt,hybridized,089a548,"SEC::MED","DPT::MKG && CTR::$",different,40,65293,946,success,200,1641222706,8206113.530
covercrypt,hybridized,089a548,"SEC::MED","DPT::$",different,80,132075,946,success,200,3475350994,17376754.970
covercrypt,hybridized,089a548,"SEC::MED","DPT::$ && CTR::EN",different,40,65293,946,success,200,1729172040,8645860.200
covercrypt,hybridized,089a548,"SEC::MED","DPT::$ && CTR::FR",different,40,65293,946,success,200,1914494490,9572472.450
covercrypt,hybridized,089a548,"SEC::MED","DPT::$ && CTR::$",different,80,132075,946,success,200,3262689579,16313447.895
covercrypt,hybridized,089a548,"SEC::MED","SEC::LOW",different,32,51939,946,failure,200,2417103146,12085515.730
covercrypt,hybridized,089a548,"SEC::MED","SEC::LOW && CTR::EN",different,16,25231,946,failure,200,1166782797,5833913.985
covercrypt,hybridized,089a548,"SEC::MED","SEC::LOW && CTR::FR",different,16,25231,946,failure,200,1232252312,6161261.560
covercrypt,hybridized,089a548,"SEC::MED","SEC::LOW && CTR::$",different,32,51939,946,failure,200,2359192441,11795962.205
covercrypt,hybridized,089a548,"SEC::MED","SEC::LOW && DPT::DEV",different,16,25231,946,failure,200,1157977990,5789889.950
covercrypt,hybridized,089a548,"SEC::MED","SEC::LOW && DPT::DEV && CTR::EN",same,8,11879,946,failure,200,588029787,2940148.935
covercrypt,hybridized,089a548,"SEC::MED","SEC::LOW && DPT::DEV && CTR::FR",same,8,11879,946,failure,200,550647889,2753239.445
covercrypt,hybridized,089a548,"SEC::MED","SEC::LOW && DPT::DEV && CTR::$",same,16,25231,946,failure,200,1120429546,5602147.730
covercrypt,hybridized,089a548,"SEC::MED","SEC::LOW && DPT::MKG",different,16,25231,946,failure,200,1174976665,5874883.325
covercrypt,hybridized,089a548,"SEC::MED","SEC::LOW && DPT::MKG && CTR::EN",same,8,11879,946,failure,200,553039969,2765199.845
covercrypt,hybridized,089a548,"SEC::MED","SEC::LOW && DPT::MKG && CTR::FR",same,8,11879,946,failure,200,553057010,2765285.050
covercrypt,hybridized,089a548,"SEC::MED","SEC::LOW && DPT::MKG && CTR::$",same,16,25231,946,failure,200,1146562412,5732812.060
covercrypt,hybridized,089a548,"SEC::MED","SEC::LOW && DPT::$",different,32,51939,946,failure,200,2245572604,11227863.020
covercrypt,hybridized,089a548,"SEC::MED","SEC::LOW && DPT::$ && CTR::EN",same,16,25231,946,failure,200,1476757860,7383789.300
covercrypt,hybridized,089a548,"SEC::MED","SEC::LOW && DPT::$ && CTR::FR",same,16,25231,946,failure,200,1345305350,6726526.750
covercrypt,hybridized,089a548,"SEC::MED","SEC::LOW && DPT::$ && CTR::$",same,32,51939,946,failure,200,3139354339,15696771.695
covercrypt,hybridized,089a548,"SEC::MED","SEC::MED",different,48,78651,946,success,200,2460061406,12300307.030
covercrypt,hybridized,089a548,"SEC::MED","SEC::MED && CTR::EN",different,24,38585,946,success,200,1061286728,5306433.640
covercrypt,hybridized,089a548,"SEC::MED","SEC::MED && CTR::FR",different,24,38585,946,success,200,992670930,4963354.650
covercrypt,hybridized,089a548,"SEC::MED","SEC::MED && CTR::$",different,48,78651,946,success,200,1972958110,9864790.550
covercrypt,hybridized,089a548,"SEC::MED","SEC::MED && DPT::DEV",different,24,38585,946,success,200,1013845702,5069228.510
covercrypt,hybridized,089a548,"SEC::MED","SEC::MED && DPT::DEV && CTR::EN",same,12,18555,946,success,200,573303775,2866518.875
covercrypt,hybridized,089a548,"SEC::MED","SEC::MED && DPT::DEV && CTR::FR",same,12,18555,946,success,200,618663265,3093316.325
covercrypt,hybridized,089a548,"SEC::MED","SEC::MED && DPT::DEV && CTR::$",same,24,38585,946,success,200,1070564757,5352823.785
covercrypt,hybridized,089a548,"SEC::MED","SEC::MED && DPT::MKG",different,24,38585,946,success,200,1034668685,5173343.425
covercrypt,hybridized,089a548,"SEC::MED","SEC::MED && DPT::MKG && CTR::EN",same,12,18555,946,success,200,665951148,3329755.740
covercrypt,hybridized,089a548,"SEC::MED","SEC::MED && DPT::MKG && CTR::FR",same,12,18555,946,success,200,731415386,3657076.930
covercrypt,hybridized,089a548,"SEC::MED","SEC::MED && DPT::MKG && CTR::$",same,24,38585,946,success,200,1346458368,6732291.840
covercrypt,hybridized,089a548,"SEC::MED","SEC::MED && DPT::$",different,48,78651,946,success,200,2308015700,11540078.500
covercrypt,hybridized,089a548,"SEC::MED","SEC::MED && DPT::$ && CTR::EN",same,24,38585,946,success,200,1089519773,5447598.865
covercrypt,hybridized,089a548,"SEC::MED","SEC::MED && DPT::$ && CTR::FR",same,24,38585,946,success,200,1076451927,5382259.635
covercrypt,hybridized,089a548,"SEC::MED","SEC::MED && DPT::$ && CTR::$",same,48,78651,946,success,200,1971088198,9855440.990
covercrypt,hybridized,089a548,"SEC::MED","SEC::HIG",different,64,105363,946,success,200,2632270147,13161350.735
covercrypt,hybridized,089a548,"SEC::MED","SEC::HIG && CTR::EN",different,32,51939,946,success,200,1368755684,6843778.420
covercrypt,hybridized,089a548,"SEC::MED","SEC::HIG && CTR::FR",different,32,51939,946,success,200,1385333110,6926665.550
covercrypt,hybridized,089a548,"SEC::MED","SEC::HIG && CTR::$",different,64,105363,946,success,200,2747814632,13739073.160
covercrypt,hybridized,089a548,"SEC::MED","SEC::HIG && DPT::DEV",different,32,51939,946,success,200,1464236161,7321180.805
covercrypt,hybridized,089a548,"SEC::MED","SEC::HIG && DPT::DEV && CTR::EN",same,16,25231,946,success,200,720578589,3602892.945
covercrypt,hybridized,089a548,"SEC::MED","SEC::HIG && DPT::DEV && CTR::FR",same,16,25231,946,success,200,797467914,3987339.570
covercrypt,hybridized,089a548,"SEC::MED","SEC::HIG && DPT::DEV && CTR::$",same,32,51939,946,success,200,1328296285,6641481.425
covercrypt,hybridized,089a548,"SEC::MED","SEC::HIG && DPT::MKG",different,32,51939,946,success,200,1253910823,6269554.115
covercrypt,hybridized,089a548,"SEC::MED","SEC::HIG && DPT::MKG && CTR::EN",same,16,25231,946,success,200,691843910,3459219.550
covercrypt,hybridized,089a548,"SEC::MED","SEC::HIG && DPT::MKG && CTR::FR",same,16,25231,946,success,200,761598667,3807993.335
covercrypt,hybridized,089a548,"SEC::MED","SEC::HIG && DPT::MKG && CTR::$",same,32,51939,946,success,200,1288745943,6443729.715
covercrypt,hybridized,089a548,"SEC::MED","SEC::HIG && DPT::$",different,64,105363,946,success,200,2827829259,14139146.295
covercrypt,hybridized,089a548,"SEC::MED","SEC::HIG && DPT::$ && CTR::EN",same,32,51939,946,success,200,1381519752,6907598.760
covercrypt,hybridized,089a548,"SEC::MED","SEC::HIG && DPT::$ && CTR::FR",same,32,51939,946,success,200,1164219434,5821097.170
covercrypt,hybridized,089a548,"SEC::MED","SEC::HIG && DPT::$ && CTR::$",same,64,105363,946,success,200,2486204616,12431023.080
covercrypt,hybridized,089a548,"SEC::MED","SEC::$",different,80,132075,946,success,200,3103992942,15519964.710
covercrypt,hybridized,089a548,"SEC::MED","SEC::$ && CTR::EN",different,40,65293,946,success,200,1768284333,8841421.665
covercrypt,hybridized,089a548,"SEC::MED","SEC::$ && CTR::FR",different,40,65293,946,success,200,1715886929,8579434.645
covercrypt,hybridized,089a548,"SEC::MED","SEC::$ && CTR::$",different,80,132075,946,success,200,2958097625,14790488.125
covercrypt,hybridized,089a548,"SEC::MED","SEC::$ && DPT::DEV",different,40,65293,946,success,200,1635251209,8176256.045
covercrypt,hybridized,089a548,"SEC::MED","SEC::$ && DPT::DEV && CTR::EN",same,20,31907,946,success,200,911759174,4558795.870
covercrypt,hybridized,089a548,"SEC::MED","SEC::$ && DPT::DEV && CTR::FR",same,20,31907,946,success,200,973144095,4865720.475
covercrypt,hybridized,089a548,"SEC::MED","SEC::$ && DPT::DEV && CTR::$",same,40,65293,946,success,200,1657851973,8289259.865
covercrypt,hybridized,089a548,"SEC::MED","SEC::$ && DPT::MKG",different,40,65293,946,success,200,1512339798,7561698.990
covercrypt,hybridized,089a548,"SEC::MED","SEC::$ && DPT::MKG && CTR::EN",same,20,31907,946,success,200,922430169,4612150.845
covercrypt,hybridized,089a548,"SEC::MED","SEC::$ && DPT::MKG && CTR::FR",same,20,31907,946,success,200,873022820,4365114.100
covercrypt,hybridized,089a548,"SEC::MED","SEC::$ && DPT::MKG && CTR::$",same,40,65293,946,success,200,1677921145,8389605.725
covercrypt,hybridized,089a548,"SEC::MED","SEC::$ && DPT::$",different,80,132075,946,success,200,2964744656,14823723.280
covercrypt,hybridized,089a548,"SEC::MED","SEC::$ && DPT::$ && CTR::EN",same,40,65293,946,success,200,1819565763,9097828.815
covercrypt,hybridized,089a548,"SEC::MED","SEC::$ && DPT::$ && CTR::FR",same,40,65293,946,success,200,1719895726,8599478.630
covercrypt,hybridized,089a548,"SEC::MED","SEC::$ && DPT::$ && CTR::$",same,80,132075,946,success,200,2862619121,14313095.605
covercrypt,hybridized,089a548,"SEC::MED && DPT::MKG","CTR::EN",different,40,65293,946,success,200,1519521558,7597607.790
covercrypt,hybridized,089a548,"SEC::MED && DPT::MKG","CTR::FR",different,40,65293,946,success,200,1593915925,7969579.625
covercrypt,hybridized,089a548,"SEC::MED && DPT::MKG","CTR::$",different,80,132075,946,success,200,3257243731,16286218.655
covercrypt,hybridized,089a548,"SEC::MED && DPT::MKG","DPT::DEV",different,40,65293,946,failure,200,2984438207,14922191.035
covercrypt,hybridized,089a548,"SEC::MED && DPT::MKG","DPT::DEV && CTR::EN",different,20,31907,946,failure,200,1472133817,7360669.085
covercrypt,hybridized,089a548,"SEC::MED && DPT::MKG","DPT::DEV && CTR::FR",different,20,31907,946,failure,200,1478569803,7392849.015
covercrypt,hybridized,089a548,"SEC::MED && DPT::MKG","DPT::DEV && CTR::$",different,40,65293,946,failure,200,3199886586,15999432.930
covercrypt,hybridized,089a548,"SEC::MED && DPT::MKG","DPT::MKG",different,40,65293,946,success,200,1683689709,8418448.545
covercrypt,hybridized,089a548,"SEC::MED && DPT::MKG","DPT::MKG && CTR::EN",different,20,31907,946,success,200,878842403,4394212.015
covercrypt,hybridized,089a548,"SEC::MED && DPT::MKG","DPT::MKG && CTR::FR",different,20,31907,946,success,200,791915199,3959575.995
covercrypt,hybridized,089a548,"SEC::MED && DPT::MKG","DPT::MKG && CTR::$",different,40,65293,946,success,200,1742394522,8711972.610
covercrypt,hybridized,089a548,"SEC::MED && DPT::MKG","DPT::$",different,80,132075,946,success,200,2963445277,14817226.385
covercrypt,hybridized,089a548,"SEC::MED && DPT::MKG","DPT::$ && CTR::EN",different,40,65293,946,success,200,1556015439,7780077.195
covercrypt,hybridized,089a548,"SEC::MED && DPT::MKG","DPT::$ && CTR::FR",different,40,65293,946,success,200,1639624286,8198121.430
covercrypt,hybridized,089a548,"SEC::MED && DPT::MKG","DPT::$ && CTR::$",different,80,132075,946,success,200,3184596746,15922983.730
covercrypt,hybridized,089a548,"SEC::MED && DPT::MKG","SEC::LOW",different,32,51939,946,failure,200,2202766107,11013830.535
covercrypt,hybridized,089a548,"SEC::MED && DPT::MKG","SEC::LOW && CTR::EN",different,16,25231,946,failure,200,1147546767,5737733.835
covercrypt,hybridized,089a548,"SEC::MED && DPT::MKG","SEC::LOW && CTR::FR",different,16,25231,946,failure,200,1075854049,5379270.245
covercrypt,hybridized,089a548,"SEC::MED && DPT::MKG","SEC::LOW && CTR::$",different,32,51939,946,failure,200,2343060762,11715303.810
covercrypt,hybridized,089a548,"SEC::MED && DPT::MKG","SEC::LOW && DPT::DEV",different,16,25231,946,failure,200,1184618478,5923092.390
covercrypt,hybridized,089a548,"SEC::MED && DPT::MKG","SEC::LOW && DPT::DEV && CTR::EN",same,8,11879,946,failure,200,585285620,2926428.100
covercrypt,hybridized,089a548,"SEC::MED && DPT::MKG","SEC::LOW && DPT::DEV && CTR::FR",same,8,11879,946,failure,200,657135648,3285678.240
covercrypt,hybridized,089a548,"SEC::MED && DPT::MKG","SEC::LOW && DPT::DEV && CTR::$",same,16,25231,946,failure,200,1253452387,6267261.935
covercrypt,hybridized,089a548,"SEC::MED && DPT::MKG","SEC::LOW && DPT::MKG",different,16,25231,946,failure,200,1118695972,5593479.860
covercrypt,hybridized,089a548,"SEC::MED && DPT::MKG","SEC::LOW && DPT::MKG && CTR::EN",same,8,11879,946,failure,200,546876319,2734381.595
covercrypt,hybridized,089a548,"SEC::MED && DPT::MKG","SEC::LOW && DPT::MKG && CTR::FR",same,8,11879,946,failure,200,564088568,2820442.840
covercrypt,hybridized,089a548,"SEC::MED && DPT::MKG","SEC::LOW && DPT::MKG && CTR::$",same,16,25231,946,failure,200,1326771613,6633858.065
covercrypt,hybridized,089a548,"SEC::MED && DPT::MKG","SEC::LOW && DPT::$",different,32,51939,946,failure,200,2434992590,12174962.950
covercrypt,hybridized,089a548,"SEC::MED && DPT::MKG","SEC::LOW && DPT::$ && CTR::EN",same,16,25231,946,failure,200,1200021599,6000107.995
covercrypt,hybridized,089a548,"SEC::MED && DPT::MKG","SEC::LOW && DPT::$ && CTR::FR",same,16,25231,946,failure,200,1179185750,5895928.750
covercrypt,hybridized,089a548,"SEC::MED && DPT::MKG","SEC::LOW && DPT::$ && CTR::$",same,32,51939,946,failure,200,2570383081,12851915.405
covercrypt,hybridized,089a548,"SEC::MED && DPT::MKG","SEC::MED",different,48,78651,946,success,200,2024894098,10124470.490
covercrypt,hybridized,089a548,"SEC::MED && DPT::MKG","SEC::MED && CTR::EN",different,24,38585,946,success,200,1045368133,5226840.665
covercrypt,hybridized,089a548,"SEC::MED && DPT::MKG","SEC::MED && CTR::FR",different,24,38585,946,success,200,1061914140,5309570.700
covercrypt,hybridized,089a548,"SEC::MED && DPT::MKG","SEC::MED && CTR::$",different,48,78651,946,success,200,2123379822,10616899.110
covercrypt,hybridized,089a548,"SEC::MED && DPT::MKG","SEC::MED && DPT::DEV",different,24,38585,946,failure,200,1887856567,9439282.835
covercrypt,hybridized,089a548,"SEC::MED && DPT::MKG","SEC::MED && DPT::DEV && CTR::EN",same,12,18555,946,failure,200,915860075,4579300.375
covercrypt,hybridized,089a548,"SEC::MED && DPT::MKG","SEC::MED && DPT::DEV && CTR::FR",same,12,18555,946,failure,200,999173162,4995865.810
covercrypt,hybridized,089a548,"SEC::MED && DPT::MKG","SEC::MED && DPT::DEV && CTR::$",same,24,38585,946,failure,200,1839012913,9195064.565
covercrypt,hybridized,089a548,"SEC::MED && DPT::MKG","SEC::MED && DPT::MKG",different,24,38585,946,success,200,1280473331,6402366.655
covercrypt,hybridized,089a548,"SEC::MED && DPT::MKG","SEC::MED && DPT::MKG && CTR::EN",same,12,18555,946,success,200,767126754,3835633.770
covercrypt,hybridized,089a548,"SEC::MED && DPT::MKG","SEC::MED && DPT::MKG && CTR::FR",same,12,18555,946,success,200,714515952,3572579.760
covercrypt,hybridized,089a548,"SEC::MED && DPT::MKG","SEC::MED && DPT::MKG && CTR::$",same,24,38585,946,success,200,1165075673,5825378.365
covercrypt,hybridized,089a548,"SEC::MED && DPT::MKG","SEC::MED && DPT::$",different,48,78651,946,success,200,1953249913,9766249.565
covercrypt,hybridized,089a548,"SEC::MED && DPT::MKG","SEC::MED && DPT::$ && CTR::EN",same,24,38585,946,success,200,1073438519,5367192.595
covercrypt,hybridized,089a548,"SEC::MED && DPT::MKG","SEC::MED && DPT::$ && CTR::FR",same,24,38585,946,success,200,1132676340,5663381.700
covercrypt,hybridized,089a548,"SEC::MED && DPT::MKG","SEC::MED && DPT::$ && CTR::$",same,48,78651,946,success,200,1993350419,9966752.095
covercrypt,hybridized,089a548,"SEC::MED && DPT::MKG","SEC::HIG",different,64,105363,946,success,200,2486702312,12433511.560
covercrypt,hybridized,089a548,"SEC::MED && DPT::MKG","SEC::HIG && CTR::EN",different,32,51939,946,success,200,1285956494,6429782.470
covercrypt,hybridized,089a548,"SEC::MED && DPT::MKG","SEC::HIG && CTR::FR",different,32,51939,946,success,200,1382586372,6912931.860
covercrypt,hybridized,089a548,"SEC::MED && DPT::MKG","SEC::HIG && CTR::$",different,64,105363,946,success,200,2984033338,14920166.690
covercrypt,hybridized,089a548,"SEC::MED && DPT::MKG","SEC::HIG && DPT::DEV",different,32,51939,946,failure,200,2419863778,12099318.890
covercrypt,hybridized,089a548,"SEC::MED && DPT::MKG","SEC::HIG && DPT::DEV && CTR::EN",same,16,25231,946,failure,200,1272522806,6362614.030
covercrypt,hybridized,089a548,"SEC::MED && DPT::MKG","SEC::HIG && DPT::DEV && CTR::FR",same,16,25231,946,failure,200,1222142713,6110713.565
covercrypt,hybridized,089a548,"SEC::MED && DPT::MKG","SEC::HIG && DPT::DEV && CTR::$",same,32,51939,946,failure,200,2524890808,12624454.040
covercrypt,hybridized,089a548,"SEC::MED && DPT::MKG","SEC::HIG && DPT::MKG",different,32,51939,946,success,200,1468461418,7342307.090
covercrypt,hybridized,089a548,"SEC::MED && DPT::MKG","SEC::HIG && DPT::MKG && CTR::EN",same,16,25231,946,success,200,745318001,3726590.005
covercrypt,hybridized,089a548,"SEC::MED && DPT::MKG","SEC::HIG && DPT::MKG && CTR::FR",same,16,25231,946,success,200,762932228,3814661.140
covercrypt,hybridized,089a548,"SEC::MED && DPT::MKG","SEC::HIG && DPT::MKG && CTR::$",same,32,51939,946,success,200,1394282173,6971410.865
covercrypt,hybridized,089a548,"SEC::MED && DPT::MKG","SEC::HIG && DPT::$",different,64,105363,946,success,200,2529510960,12647554.800
covercrypt,hybridized,089a548,"SEC::MED && DPT::MKG","SEC::HIG && DPT::$ && CTR::EN",same,32,51939,946,success,200,1470224240,7351121.200
covercrypt,hybridized,089a548,"SEC::MED && DPT::MKG","SEC::HIG && DPT::$ && CTR::FR",same,32,51939,946,success,200,1258346966,6291734.830
covercrypt,hybridized,089a548,"SEC::MED && DPT::MKG","SEC::HIG && DPT::$ && CTR::$",same,64,105363,946,success,200,2550039593,12750197.965
covercrypt,hybridized,089a548,"SEC::MED && DPT::MKG","SEC::$",different,80,132075,946,success,200,3576074236,17880371.180
covercrypt,hybridized,089a548,"SEC::MED && DPT::MKG","SEC::$ && CTR::EN",different,40,65293,946,success,200,2071375492,10356877.460
covercrypt,hybridized,089a548,"SEC::MED && DPT::MKG","SEC::$ && CTR::FR",different,40,65293,946,success,200,1696132828,8480664.140
covercrypt,hybridized,089a548,"SEC::MED && DPT::MKG","SEC::$ && CTR::$",different,80,132075,946,success,200,3273946285,16369731.425
covercrypt,hybridized,089a548,"SEC::MED && DPT::MKG","SEC::$ && DPT::DEV",different,40,65293,946,failure,200,3095761476,15478807.380
covercrypt,hybridized,089a548,"SEC::MED && DPT::MKG","SEC::$ && DPT::DEV && CTR::EN",same,20,31907,946,failure,200,1581610554,7908052.770
covercrypt,hybridized,089a548,"SEC::MED && DPT::MKG","SEC::$ && DPT::DEV && CTR::FR",same,20,31907,946,failure,200,1569271794,7846358.970
covercrypt,hybridized,089a548,"SEC::MED && DPT::MKG","SEC::$ && DPT::DEV && CTR::$",same,40,65293,946,failure,200,3213339675,16066698.375
covercrypt,hybridized,089a548,"SEC::MED && DPT::MKG","SEC::$ && DPT::MKG",different,40,65293,946,success,200,1796569325,8982846.625
covercrypt,hybridized,089a548,"SEC::MED && DPT::MKG","SEC::$ && DPT::MKG && CTR::EN",same,20,31907,946,success,200,977920114,4889600.570
covercrypt,hybridized,089a548,"SEC::MED && DPT::MKG","SEC::$ && DPT::MKG && CTR::FR",same,20,31907,946,success,200,932101536,4660507.680
covercrypt,hybridized,089a548,"SEC::MED && DPT::MKG","SEC::$ && DPT::MKG && CTR::$",same,40,65293,946,success,200,1779738961,8898694.805
covercrypt,hybridized,089a548,"SEC::MED && DPT::MKG","SEC::$ && DPT::$",different,80,132075,946,success,200,3337913271,16689566.355
covercrypt,hybridized,089a548,"SEC::MED && DPT::MKG","SEC::$ && DPT::$ && CTR::EN",same,40,65293,946,success,200,2064262374,10321311.870
covercrypt,hybridized,089a548,"SEC::MED && DPT::MKG","SEC::$ && DPT::$ && CTR::FR",same,40,65293,946,success,200,1760130987,8800654.935
covercrypt,hybridized,089a548,"SEC::MED && DPT::MKG","SEC::$ && DPT::$ && CTR::$",same,80,132075,946,success,200,3163276767,15816383.835
covercrypt,hybridized,089a548,"SEC::HIG","CTR::EN",different,40,65293,946,success,200,1666848101,8334240.505
covercrypt,hybridized,089a548,"SEC::HIG","CTR::FR",different,40,65293,946,success,200,2106701631,10533508.155
covercrypt,hybridized,089a548,"SEC::HIG","CTR::$",different,80,132075,946,success,200,4089363418,20446817.090
covercrypt,hybridized,089a548,"SEC::HIG","DPT::DEV",different,40,65293,946,success,200,1699564162,8497820.810
covercrypt,hybridized,089a548,"SEC::HIG","DPT::DEV && CTR::EN",different,20,31907,946,success,200,850473754,4252368.770
covercrypt,hybridized,089a548,"SEC::HIG","DPT::DEV && CTR::FR",different,20,31907,946,success,200,881640178,4408200.890
covercrypt,hybridized,089a548,"SEC::HIG","DPT::DEV && CTR::$",different,40,65293,946,success,200,1786265228,8931326.140
covercrypt,hybridized,089a548,"SEC::HIG","DPT::MKG",different,40,65293,946,success,200,2018843252,10094216.260
covercrypt,hybridized,089a548,"SEC::HIG","DPT::MKG && CTR::EN",different,20,31907,946,success,200,953557709,4767788.545
covercrypt,hybridized,089a548,"SEC::HIG","DPT::MKG && CTR::FR",different,20,31907,946,success,200,1142660761,5713303.805
covercrypt,hybridized,089a548,"SEC::HIG","DPT::MKG && CTR::$",different,40,65293,946,success,200,1928560381,9642801.905
covercrypt,hybridized,089a548,"SEC::HIG","DPT::$",different,80,132075,946,success,200,4134404971,20672024.855
covercrypt,hybridized,089a548,"SEC::HIG","DPT::$ && CTR::EN",different,40,65293,946,success,200,3208082711,16040413.555
covercrypt,hybridized,089a548,"SEC::HIG","DPT::$ && CTR::FR",different,40,65293,946,success,200,2240458743,11202293.715
covercrypt,hybridized,089a548,"SEC::HIG","DPT::$ && CTR::$",different,80,132075,946,success,200,4003953959,20019769.795
covercrypt,hybridized,089a548,"SEC::HIG","SEC::LOW",different,32,51939,946,failure,200,3196353081,15981765.405
covercrypt,hybridized,089a548,"SEC::HIG","SEC::LOW && CTR::EN",different,16,25231,946,failure,200,1732098594,8660492.970
covercrypt,hybridized,089a548,"SEC::HIG","SEC::LOW && CTR::FR",different,16,25231,946,failure,200,1574454374,7872271.870
covercrypt,hybridized,089a548,"SEC::HIG","SEC::LOW && CTR::$",different,32,51939,946,failure,200,3054805338,15274026.690
covercrypt,hybridized,089a548,"SEC::HIG","SEC::LOW && DPT::DEV",different,16,25231,946,failure,200,1273898528,6369492.640
covercrypt,hybridized,089a548,"SEC::HIG","SEC::LOW && DPT::DEV && CTR::EN",same,8,11879,946,failure,200,647554927,3237774.635
covercrypt,hybridized,089a548,"SEC::HIG","SEC::LOW && DPT::DEV && CTR::FR",same,8,11879,946,failure,200,641770397,3208851.985
covercrypt,hybridized,089a548,"SEC::HIG","SEC::LOW && DPT::DEV && CTR::$",same,16,25231,946,failure,200,1227595399,6137976.995
covercrypt,hybridized,089a548,"SEC::HIG","SEC::LOW && DPT::MKG",different,16,25231,946,failure,200,1276421456,6382107.280
covercrypt,hybridized,089a548,"SEC::HIG","SEC::LOW && DPT::MKG && CTR::EN",same,8,11879,946,failure,200,783546430,3917732.150
covercrypt,hybridized,089a548,"SEC::HIG","SEC::LOW && DPT::MKG && CTR::FR",same,8,11879,946,failure,200,733161726,3665808.630
covercrypt,hybridized,089a548,"SEC::HIG","SEC::LOW && DPT::MKG && CTR::$",same,16,25231,946,failure,200,1211398209,6056991.045
covercrypt,hybridized,089a548,"SEC::HIG","SEC::LOW && DPT::$",different,32,51939,946,failure,200,2399716442,11998582.210
covercrypt,hybridized,089a548,"SEC::HIG","SEC::LOW && DPT::$ && CTR::EN",same,16,25231,946,failure,200,1202545622,6012728.110
covercrypt,hybridized,089a548,"SEC::HIG","SEC::LOW && DPT::$ && CTR::FR",same,16,25231,946,failure,200,1137884093,5689420.465
covercrypt,hybridized,089a548,"SEC::HIG","SEC::LOW && DPT::$ && CTR::$",same,32,51939,946,failure,200,2399508578,11997542.890
covercrypt,hybridized,089a548,"SEC::HIG","SEC::MED",different,48,78651,946,failure,200,3772991496,18864957.480
covercrypt,hybridized,089a548,"SEC::HIG","SEC::MED && CTR::EN",different,24,38585,946,failure,200,1877956592,9389782.960
covercrypt,hybridized,089a548,"SEC::HIG","SEC::MED && CTR::FR",different,24,38585,946,failure,200,2230142780,11150713.900
covercrypt,hybridized,089a548,"SEC::HIG","SEC::MED && CTR::$",different,48,78651,946,failure,200,4211968502,21059842.510
covercrypt,hybridized,089a548,"SEC::HIG","SEC::MED && DPT::DEV",different,24,38585,946,failure,200,2353598478,11767992.390
covercrypt,hybridized,089a548,"SEC::HIG","SEC::MED && DPT::DEV && CTR::EN",same,12,18555,946,failure,200,1568800000,7844000.000
covercrypt,hybridized,089a548,"SEC::HIG","SEC::MED && DPT::DEV && CTR::FR",same,12,18555,946,failure,200,1466789589,7333947.945
covercrypt,hybridized,089a548,"SEC::HIG","SEC::MED && DPT::DEV && CTR::$",same,24,38585,946,failure,200,2852714976,14263574.880
covercrypt,hybridized,089a548,"SEC::HIG","SEC::MED && DPT::MKG",different,24,38585,946,failure,200,2615438216,13077191.080
covercrypt,hybridized,089a548,"SEC::HIG","SEC::MED && DPT::MKG && CTR::EN",same,12,18555,946,failure,200,1642672629,8213363.145
covercrypt,hybridized,089a548,"SEC::HIG","SEC::MED && DPT::MKG && CTR::FR",same,12,18555,946,failure,200,1218979185,6094895.925
covercrypt,hybridized,089a548,"SEC::HIG","SEC::MED && DPT::MKG && CTR::$",same,24,38585,946,failure,200,2469795780,12348978.900
covercrypt,hybridized,089a548,"SEC::HIG","SEC::MED && DPT::$",different,48,78651,946,failure,200,4413572353,22067861.765
covercrypt,hybridized,089a548,"SEC::HIG","SEC::MED && DPT::$ && CTR::EN",same,24,38585,946,failure,200,2566000962,12830004.810
covercrypt,hybridized,089a548,"SEC::HIG","SEC::MED && DPT::$ && CTR::FR",same,24,38585,946,failure,200,2457443004,12287215.020
covercrypt,hybridized,089a548,"SEC::HIG","SEC::MED && DPT::$ && CTR::$",same,48,78651,946,failure,200,4321606188,21608030.940
covercrypt,hybridized,089a548,"SEC::HIG","SEC::HIG",different,64,105363,946,success,200,3526051469,17630257.345
covercrypt,hybridized,089a548,"SEC::HIG","SEC::HIG && CTR::EN",different,32,51939,946,success,200,1841498492,9207492.460
covercrypt,hybridized,089a548,"SEC::HIG","SEC::HIG && CTR::FR",different,32,51939,946,success,200,1730966291,8654831.455
covercrypt,hybridized,089a548,"SEC::HIG","SEC::HIG && CTR::$",different,64,105363,946,success,200,3881867347,19409336.735
covercrypt,hybridized,089a548,"SEC::HIG","SEC::HIG && DPT::DEV",different,32,51939,946,success,200,1819010431,9095052.155
covercrypt,hybridized,089a548,"SEC::HIG","SEC::HIG && DPT::DEV && CTR::EN",same,16,25231,946,success,200,853464923,4267324.615
covercrypt,hybridized,089a548,"SEC::HIG","SEC::HIG && DPT::DEV && CTR::FR",same,16,25231,946,success,200,866371558,4331857.790
covercrypt,hybridized,089a548,"SEC::HIG","SEC::HIG && DPT::DEV && CTR::$",same,32,51939,946,success,200,1589113903,7945569.515
covercrypt,hybridized,089a548,"SEC::HIG","SEC::HIG && DPT::MKG",different,32,51939,946,success,200,1825970848,9129854.240
covercrypt,hybridized,089a548,"SEC::HIG","SEC::HIG && DPT::MKG && CTR::EN",same,16,25231,946,success,200,1117861701,5589308.505
covercrypt,hybridized,089a548,"SEC::HIG","SEC::HIG && DPT::MKG && CTR::FR",same,16,25231,946,success,200,1056537993,5282689.965
covercrypt,hybridized,089a548,"SEC::HIG","SEC::HIG && DPT::MKG && CTR::$",same,32,51939,946,success,200,2109278525,10546392.625
covercrypt,hybridized,089a548,"SEC::HIG","SEC::HIG && DPT::$",different,64,105363,946,success,200,3721493491,18607467.455
covercrypt,hybridized,089a548,"SEC::HIG","SEC::HIG && DPT::$ && CTR::EN",same,32,51939,946,success,200,1867182497,9335912.485
covercrypt,hybridized,089a548,"SEC::HIG","SEC::HIG && DPT::$ && CTR::FR",same,32,51939,946,success,200,2149718200,10748591.000
covercrypt,hybridized,089a548,"SEC::HIG","SEC::HIG && DPT::$ && CTR::$",same,64,105363,946,success,200,3817034116,19085170.580
covercrypt,hybridized,089a548,"SEC::HIG","SEC::$",different,80,132075,946,success,200,5591419210,27957096.050
covercrypt,hybridized,089a548,"SEC::HIG","SEC::$ && CTR::EN",different,40,65293,946,success,200,2013623764,10068118.820
covercrypt,hybridized,089a548,"SEC::HIG","SEC::$ && CTR::FR",different,40,65293,946,success,200,2540549491,12702747.455
covercrypt,hybridized,089a548,"SEC::HIG","SEC::$ && CTR::$",different,80,132075,946,success,200,4913590293,24567951.465
covercrypt,hybridized,089a548,"SEC::HIG","SEC::$ && DPT::DEV",different,40,65293,946,success,200,2512760791,12563803.955
covercrypt,hybridized,089a548,"SEC::HIG","SEC::$ && DPT::DEV && CTR::EN",same,20,31907,946,success,200,1377772118,6888860.590
covercrypt,hybridized,089a548,"SEC::HIG","SEC::$ && DPT::DEV && CTR::FR",same,20,31907,946,success,200,1438985908,7194929.540
covercrypt,hybridized,089a548,"SEC::HIG","SEC::$ && DPT::DEV && CTR::$",same,40,65293,946,success,200,2337217555,11686087.775
covercrypt,hybridized,089a548,"SEC::HIG","SEC::$ && DPT::MKG",different,40,65293,946,success,200,2234627766,11173138.830
covercrypt,hybridized,089a548,"SEC::HIG","SEC::$ && DPT::MKG && CTR::EN",same,20,31907,946,success,200,1331534215,6657671.075
covercrypt,hybridized,089a548,"SEC::HIG","SEC::$ && DPT::MKG && CTR::FR",same,20,31907,946,success,200,1796174513,8980872.565
covercrypt,hybridized,089a548,"SEC::HIG","SEC::$ && DPT::MKG && CTR::$",same,40,65293,946,success,200,2783232335,13916161.675
covercrypt,hybridized,089a548,"SEC::HIG","SEC::$ && DPT::$",different,80,132075,946,success,200,5675204279,28376021.395
covercrypt,hybridized,089a548,"SEC::HIG","SEC::$ && DPT::$ && CTR::EN",same,40,65293,946,success,200,2673302448,13366512.240
covercrypt,hybridized,089a548,"SEC::HIG","SEC::$ && DPT::$ && CTR::FR",same,40,65293,946,success,200,3057822433,15289112.165
covercrypt,hybridized,089a548,"SEC::HIG","SEC::$ && DPT::$ && CTR::$",same,80,132075,946,success,200,4547826577,22739132.885
covercrypt,hybridized,089a548,"SEC::HIG && DPT::MKG","CTR::EN",different,40,65293,946,success,200,3062958904,15314794.520
covercrypt,hybridized,089a548,"SEC::HIG && DPT::MKG","CTR::FR",different,40,65293,946,success,200,2648965672,13244828.360
covercrypt,hybridized,089a548,"SEC::HIG && DPT::MKG","CTR::$",different,80,132075,946,success,200,4888637470,24443187.350
covercrypt,hybridized,089a548,"SEC::HIG && DPT::MKG","DPT::DEV",different,40,65293,946,failure,200,6165580499,30827902.495
covercrypt,hybridized,089a548,"SEC::HIG && DPT::MKG","DPT::DEV && CTR::EN",different,20,31907,946,failure,200,2957565998,14787829.990
covercrypt,hybridized,089a548,"SEC::HIG && DPT::MKG","DPT::DEV && CTR::FR",different,20,31907,946,failure,200,2571906936,12859534.680
covercrypt,hybridized,089a548,"SEC::HIG && DPT::MKG","DPT::DEV && CTR::$",different,40,65293,946,failure,200,5023418545,25117092.725
covercrypt,hybridized,089a548,"SEC::HIG && DPT::MKG","DPT::MKG",different,40,65293,946,success,200,2888635826,14443179.130
covercrypt,hybridized,089a548,"SEC::HIG && DPT::MKG","DPT::MKG && CTR::EN",different,20,31907,946,success,200,1232647331,6163236.655
covercrypt,hybridized,089a548,"SEC::HIG && DPT::MKG","DPT::MKG && CTR::FR",different,20,31907,946,success,200,1234668868,6173344.340
covercrypt,hybridized,089a548,"SEC::HIG && DPT::MKG","DPT::MKG && CTR::$",different,40,65293,946,success,200,2469316375,12346581.875
covercrypt,hybridized,089a548,"SEC::HIG && DPT::MKG","DPT::$",different,80,132075,946,success,200,4675018649,23375093.245
covercrypt,hybridized,089a548,"SEC::HIG && DPT::MKG","DPT::$ && CTR::EN",different,40,65293,946,success,200,2595273280,12976366.400
covercrypt,hybridized,089a548,"SEC::HIG && DPT::MKG","DPT::$ && CTR::FR",different,40,65293,946,success,200,1945576046,9727880.230
covercrypt,hybridized,089a548,"SEC::HIG && DPT::MKG","DPT::$ && CTR::$",different,80,132075,946,success,200,4237660069,21188300.345
covercrypt,hybridized,089a548,"SEC::HIG && DPT::MKG","SEC::LOW",different,32,51939,946,failure,200,3263908892,16319544.460
covercrypt,hybridized,089a548,"SEC::HIG && DPT::MKG","SEC::LOW && CTR::EN",different,16,25231,946,failure,200,1417843240,7089216.200
covercrypt,hybridized,089a548,"SEC::HIG && DPT::MKG","SEC::LOW && CTR::FR",different,16,25231,946,failure,200,1468899049,7344495.245
covercrypt,hybridized,089a548,"SEC::HIG && DPT::MKG","SEC::LOW && CTR::$",different,32,51939,946,failure,200,2798412573,13992062.865
covercrypt,hybridized,089a548,"SEC::HIG && DPT::MKG","SEC::LOW && DPT::DEV",different,16,25231,946,failure,200,1399418437,6997092.185
covercrypt,hybridized,089a548,"SEC::HIG && DPT::MKG","SEC::LOW && DPT::DEV && CTR::EN",same,8,11879,946,failure,200,718197971,3590989.855
covercrypt,hybridized,089a548,"SEC::HIG && DPT::MKG","SEC::LOW && DPT::DEV && CTR::FR",same,8,11879,946,failure,200,682720551,3413602.755
covercrypt,hybridized,089a548,"SEC::HIG && DPT::MKG","SEC::LOW && DPT::DEV && CTR::$",same,16,25231,946,failure,200,1417355671,7086778.355
covercrypt,hybridized,089a548,"SEC::HIG && DPT::MKG","SEC::LOW && DPT::MKG",different,16,25231,946,failure,200,1525682354,7628411.770
covercrypt,hybridized,089a548,"SEC::HIG && DPT::MKG","SEC::LOW && DPT::MKG && CTR::EN",same,8,11879,946,failure,200,762139288,3810696.440
covercrypt,hybridized,089a548,"SEC::HIG && DPT::MKG","SEC::LOW && DPT::MKG && CTR::FR",same,8,11879,946,failure,200,689964426,3449822.130
covercrypt,hybridized,089a548,"SEC::HIG && DPT::MKG","SEC::LOW && DPT::MKG && CTR::$",same,16,25231,946,failure,200,1553013268,7765066.340
covercrypt,hybridized,089a548,"SEC::HIG && DPT::MKG","SEC::LOW && DPT::$",different,32,51939,946,failure,200,3492895717,17464478.585
covercrypt,hybridized,089a548,"SEC::HIG && DPT::MKG","SEC::LOW && DPT::$ && CTR::EN",same,16,25231,946,failure,200,2093261214,10466306.070
covercrypt,hybridized,089a548,"SEC::HIG && DPT::MKG","SEC::LOW && DPT::$ && CTR::FR",same,16,25231,946,failure,200,1414648978,7073244.890
covercrypt,hybridized,089a548,"SEC::HIG && DPT::MKG","SEC::LOW && DPT::$ && CTR::$",same,32,51939,946,failure,200,2922109281,14610546.405
covercrypt,hybridized,089a548,"SEC::HIG && DPT::MKG","SEC::MED",different,48,78651,946,failure,200,4977438035,24887190.175
covercrypt,hybridized,089a548,"SEC::HIG && DPT::MKG","SEC::MED && CTR::EN",different,24,38585,946,failure,200,2365460498,11827302.490
covercrypt,hybridized,089a548,"SEC::HIG && DPT::MKG","SEC::MED && CTR::FR",different,24,38585,946,failure,200,2871531947,14357659.735
covercrypt,hybridized,089a548,"SEC::HIG && DPT::MKG","SEC::MED && CTR::$",different,48,78651,946,failure,200,4688371172,23441855.860
covercrypt,hybridized,089a548,"SEC::HIG && DPT::MKG","SEC::MED && DPT::DEV",different,24,38585,946,failure,200,2339982849,11699914.245
covercrypt,hybridized,089a548,"SEC::HIG && DPT::MKG","SEC::MED && DPT::DEV && CTR::EN",same,12,18555,946,failure,200,1120048186,5600240.930
covercrypt,hybridized,089a548,"SEC::HIG && DPT::MKG","SEC::MED && DPT::DEV && CTR::FR",same,12,18555,946,failure,200,1303440398,6517201.990
covercrypt,hybridized,089a548,"SEC::HIG && DPT::MKG","SEC::MED && DPT::DEV && CTR::$",same,24,38585,946,failure,200,2256931644,11284658.220
covercrypt,hybridized,089a548,"SEC::HIG && DPT::MKG","SEC::MED && DPT::MKG",different,24,38585,946,failure,200,2452073272,12260366.360
covercrypt,hybridized,089a548,"SEC::HIG && DPT::MKG","SEC::MED && DPT::MKG && CTR::EN",same,12,18555,946,failure,200,1161281282,5806406.410
covercrypt,hybridized,089a548,"SEC::HIG && DPT::MKG","SEC::MED && DPT::MKG && CTR::FR",same,12,18555,946,failure,200,1024521821,5122609.105
covercrypt,hybridized,089a548,"SEC::HIG && DPT::MKG","SEC::MED && DPT::MKG && CTR::$",same,24,38585,946,failure,200,2594163374,12970816.870
covercrypt,hybridized,089a548,"SEC::HIG && DPT::MKG","SEC::MED && DPT::$",different,48,78651,946,failure,200,4551795337,22758976.685
covercrypt,hybridized,089a548,"SEC::HIG && DPT::MKG","SEC::MED && DPT::$ && CTR::EN",same,24,38585,946,failure,200,2529954281,12649771.405
covercrypt,hybridized,089a548,"SEC::HIG && DPT::MKG","SEC::MED && DPT::$ && CTR::FR",same,24,38585,946,failure,200,2227871895,11139359.475
covercrypt,hybridized,089a548,"SEC::HIG && DPT::MKG","SEC::MED && DPT::$ && CTR::$",same,48,78651,946,failure,200,4690134835,23450674.175
covercrypt,hybridized,089a548,"SEC::HIG && DPT::MKG","SEC::HIG",different,64,105363,946,success,200,2850009366,14250046.830
covercrypt,hybridized,089a548,"SEC::HIG && DPT::MKG","SEC::HIG && CTR::EN",different,32,51939,946,success,200,1692505271,8462526.355
covercrypt,hybridized,089a548,"SEC::HIG && DPT::MKG","SEC::HIG && CTR::FR",different,32,51939,946,success,200,2192013972,10960069.860
covercrypt,hybridized,089a548,"SEC::HIG && DPT::MKG","SEC::HIG && CTR::$",different,64,105363,946,success,200,3106452533,15532262.665
covercrypt,hybridized,089a548,"SEC::HIG && DPT::MKG","SEC::HIG && DPT::DEV",different,32,51939,946,failure,200,2533498588,12667492.940
covercrypt,hybridized,089a548,"SEC::HIG && DPT::MKG","SEC::HIG && DPT::DEV && CTR::EN",same,16,25231,946,failure,200,1254335296,6271676.480
covercrypt,hybridized,089a548,"SEC::HIG && DPT::MKG","SEC::HIG && DPT::DEV && CTR::FR",same,16,25231,946,failure,200,1282173398,6410866.990
covercrypt,hybridized,089a548,"SEC::HIG && DPT::MKG","SEC::HIG && DPT::DEV && CTR::$",same,32,51939,946,failure,200,2442108014,12210540.070
covercrypt,hybridized,089a548,"SEC::HIG && DPT::MKG","SEC::HIG && DPT::MKG",different,32,51939,946,success,200,1282180537,6410902.685
covercrypt,hybridized,089a548,"SEC::HIG && DPT::MKG","SEC::HIG && DPT::MKG && CTR::EN",same,16,25231,946,success,200,780170940,3900854.700
covercrypt,hybridized,089a548,"SEC::HIG && DPT::MKG","SEC::HIG && DPT::MKG && CTR::FR",same,16,25231,946,success,200,712187535,3560937.675
covercrypt,hybridized,089a548,"SEC::HIG && DPT::MKG","SEC::HIG && DPT::MKG && CTR::$",same,32,51939,946,success,200,1520810549,7604052.745
covercrypt,hybridized,089a548,"SEC::HIG && DPT::MKG","SEC::HIG && DPT::$",different,64,105363,946,success,200,2810913179,14054565.895
covercrypt,hybridized,089a548,"SEC::HIG && DPT::MKG","SEC::HIG && DPT::$ && CTR::EN",same,32,51939,946,success,200,1598795806,7993979.030
covercrypt,hybridized,089a548,"SEC::HIG && DPT::MKG","SEC::HIG && DPT::$ && CTR::FR",same,32,51939,946,success,200,1216998348,6084991.740
covercrypt,hybridized,089a548,"SEC::HIG && DPT::MKG","SEC::HIG && DPT::$ && CTR::$",same,64,105363,946,success,200,2481386000,12406930.000
covercrypt,hybridized,089a548,"SEC::HIG && DPT::MKG","SEC::$",different,80,132075,946,success,200,3430664225,17153321.125
covercrypt,hybridized,089a548,"SEC::HIG && DPT::MKG","SEC::$ && CTR::EN",different,40,65293,946,success,200,1584153949,7920769.745
covercrypt,hybridized,089a548,"SEC::HIG && DPT::MKG","SEC::$ && CTR::FR",different,40,65293,946,success,200,1422355357,7111776.785
covercrypt,hybridized,089a548,"SEC::HIG && DPT::MKG","SEC::$ && CTR::$",different,80,132075,946,success,200,3115025270,15575126.350
covercrypt,hybridized,089a548,"SEC::HIG && DPT::MKG","SEC::$ && DPT::DEV",different,40,65293,946,failure,200,3275139345,16375696.725
covercrypt,hybridized,089a548,"SEC::HIG && DPT::MKG","SEC::$ && DPT::DEV && CTR::EN",same,20,31907,946,failure,200,1461947207,7309736.035
covercrypt,hybridized,089a548,"SEC::HIG && DPT::MKG","SEC::$ && DPT::DEV && CTR::FR",same,20,31907,946,failure,200,1496414523,7482072.615
covercrypt,hybridized,089a548,"SEC::HIG && DPT::MKG","SEC::$ && DPT::DEV && CTR::$",same,40,65293,946,failure,200,3379167528,16895837.640
covercrypt,hybridized,089a548,"SEC::HIG && DPT::MKG","SEC::$ && DPT::MKG",different,40,65293,946,success,200,2336743475,11683717.375
covercrypt,hybridized,089a548,"SEC::HIG && DPT::MKG","SEC::$ && DPT::MKG && CTR::EN",same,20,31907,946,success,200,1097496922,5487484.610
covercrypt,hybridized,089a548,"SEC::HIG && DPT::MKG","SEC::$ && DPT::MKG && CTR::FR",same,20,31907,946,success,200,1654436735,8272183.675
covercrypt,hybridized,089a548,"SEC::HIG && DPT::MKG","SEC::$ && DPT::MKG && CTR::$",same,40,65293,946,success,200,1872962088,9364810.440
covercrypt,hybridized,089a548,"SEC::HIG && DPT::MKG","SEC::$ && DPT::$",different,80,132075,946,success,200,3335978246,16679891.230
covercrypt,hybridized,089a548,"SEC::HIG && DPT::MKG","SEC::$ && DPT::$ && CTR::EN",same,40,65293,946,success,200,2317311700,11586558.500
covercrypt,hybridized,089a548,"SEC::HIG && DPT::MKG","SEC::$ && DPT::$ && CTR::FR",same,40,65293,946,success,200,2170025475,10850127.375
covercrypt,hybridized,089a548,"SEC::HIG && DPT::MKG","SEC::$ && DPT::$ && CTR::$",same,80,132075,946,success,200,3230024647,16150123.235
covercrypt,hybridized,089a548,"SEC::$","CTR::EN",different,40,65293,946,success,200,1612928823,8064644.115
covercrypt,hybridized,089a548,"SEC::$","CTR::FR",different,40,65293,946,success,200,1644343491,8221717.455
covercrypt,hybridized,089a548,"SEC::$","CTR::$",different,80,132075,946,success,200,3778529660,18892648.300
covercrypt,hybridized,089a548,"SEC::$","DPT::DEV",different,40,65293,946,success,200,1632297896,8161489.480
covercrypt,hybridized,089a548,"SEC::$","DPT::DEV && CTR::EN",different,20,31907,946,success,200,825226880,4126134.400
covercrypt,hybridized,089a548,"SEC::$","DPT::DEV && CTR::FR",different,20,31907,946,success,200,924802383,4624011.915
covercrypt,hybridized,089a548,"SEC::$","DPT::DEV && CTR::$",different,40,65293,946,success,200,1521908070,7609540.350
covercrypt,hybridized,089a548,"SEC::$","DPT::MKG",different,40,65293,946,success,200,2061304991,10306524.955
covercrypt,hybridized,089a548,"SEC::$","DPT::MKG && CTR::EN",different,20,31907,946,success,200,1075611320,5378056.600
covercrypt,hybridized,089a548,"SEC::$","DPT::MKG && CTR::FR",different,20,31907,946,success,200,951292095,4756460.475
covercrypt,hybridized,089a548,"SEC::$","DPT::MKG && CTR::$",different,40,65293,946,success,200,1664738747,8323693.735
covercrypt,hybridized,089a548,"SEC::$","DPT::$",different,80,132075,946,success,200,3157354276,15786771.380
covercrypt,hybridized,089a548,"SEC::$","DPT::$ && CTR::EN",different,40,65293,946,success,200,1736873936,8684369.680
covercrypt,hybridized,089a548,"SEC::$","DPT::$ && CTR::FR",different,40,65293,946,success,200,2063230336,10316151.680
covercrypt,hybridized,089a548,"SEC::$","DPT::$ && CTR::$",different,80,132075,946,success,200,3852607099,19263035.495
covercrypt,hybridized,089a548,"SEC::$","SEC::LOW",different,32,51939,946,failure,200,2838334296,14191671.480
covercrypt,hybridized,089a548,"SEC::$","SEC::LOW && CTR::EN",different,16,25231,946,failure,200,1333189604,6665948.020
covercrypt,hybridized,089a548,"SEC::$","SEC::LOW && CTR::FR",different,16,25231,946,failure,200,1359524950,6797624.750
covercrypt,hybridized,089a548,"SEC::$","SEC::LOW && CTR::$",different,32,51939,946,failure,200,2643879995,13219399.975
covercrypt,hybridized,089a548,"SEC::$","SEC::LOW && DPT::DEV",different,16,25231,946,failure,200,1243101759,6215508.795
covercrypt,hybridized,089a548,"SEC::$","SEC::LOW && DPT::DEV && CTR::EN",same,8,11879,946,failure,200,635976092,3179880.460
covercrypt,hybridized,089a548,"SEC::$","SEC::LOW && DPT::DEV && CTR::FR",same,8,11879,946,failure,200,637814684,3189073.420
covercrypt,hybridized,089a548,"SEC::$","SEC::LOW && DPT::DEV && CTR::$",same,16,25231,946,failure,200,1303845418,6519227.090
covercrypt,hybridized,089a548,"SEC::$","SEC::LOW && DPT::MKG",different,16,25231,946,failure,200,1204458375,6022291.875
covercrypt,hybridized,089a548,"SEC::$","SEC::LOW && DPT::MKG && CTR::EN",same,8,11879,946,failure,200,550887100,2754435.500
covercrypt,hybridized,089a548,"SEC::$","SEC::LOW && DPT::MKG && CTR::FR",same,8,11879,946,failure,200,584553677,2922768.385
covercrypt,hybridized,089a548,"SEC::$","SEC::LOW && DPT::MKG && CTR::$",same,16,25231,946,failure,200,1259959360,6299796.800
covercrypt,hybridized,089a548,"SEC::$","SEC::LOW && DPT::$",different,32,51939,946,failure,200,2727284458,13636422.290
covercrypt,hybridized,089a548,"SEC::$","SEC::LOW && DPT::$ && CTR::EN",same,16,25231,946,failure,200,1531846503,7659232.515
covercrypt,hybridized,089a548,"SEC::$","SEC::LOW && DPT::$ && CTR::FR",same,16,25231,946,failure,200,1643200660,8216003.300
covercrypt,hybridized,089a548,"SEC::$","SEC::LOW && DPT::$ && CTR::$",same,32,51939,946,failure,200,2564124978,12820624.890
covercrypt,hybridized,089a548,"SEC::$","SEC::MED",different,48,78651,946,failure,200,4044803570,20224017.850
covercrypt,hybridized,089a548,"SEC::$","SEC::MED && CTR::EN",different,24,38585,946,failure,200,1926490989,9632454.945
covercrypt,hybridized,089a548,"SEC::$","SEC::MED && CTR::FR",different,24,38585,946,failure,200,2067452467,10337262.335
covercrypt,hybridized,089a548,"SEC::$","SEC::MED && CTR::$",different,48,78651,946,failure,200,4943128362,24715641.810
covercrypt,hybridized,089a548,"SEC::$","SEC::MED && DPT::DEV",different,24,38585,946,failure,200,2449226753,12246133.765
covercrypt,hybridized,089a548,"SEC::$","SEC::MED && DPT::DEV && CTR::EN",same,12,18555,946,failure,200,1150054378,5750271.890
covercrypt,hybridized,089a548,"SEC::$","SEC::MED && DPT::DEV && CTR::FR",same,12,18555,946,failure,200,1193615489,5968077.445
covercrypt,hybridized,089a548,"SEC::$","SEC::MED && DPT::DEV && CTR::$",same,24,38585,946,failure,200,2467449918,12337249.590
covercrypt,hybridized,089a548,"SEC::$","SEC::MED && DPT::MKG",different,24,38585,946,failure,200,2373161020,11865805.100
covercrypt,hybridized,089a548,"SEC::$","SEC::MED && DPT::MKG && CTR::EN",same,12,18555,946,failure,200,1367969006,6839845.030
covercrypt,hybridized,089a548,"SEC::$","SEC::MED && DPT::MKG && CTR::FR",same,12,18555,946,failure,200,1121378214,5606891.070
covercrypt,hybridized,089a548,"SEC::$","SEC::MED && DPT::MKG && CTR::$",same,24,38585,946,failure,200,2360565286,11802826.430
covercrypt,hybridized,089a548,"SEC::$","SEC::MED && DPT::$",different,48,78651,946,failure,200,4774187353,23870936.765
covercrypt,hybridized,089a548,"SEC::$","SEC::MED && DPT::$ && CTR::EN",same,24,38585,946,failure,200,2259048228,11295241.140
covercrypt,hybridized,089a548,"SEC::$","SEC::MED && DPT::$ && CTR::FR",same,24,38585,946,failure,200,2330086779,11650433.895
covercrypt,hybridized,089a548,"SEC::$","SEC::MED && DPT::$ && CTR::$",same,48,78651,946,failure,200,4441312254,22206561.270
covercrypt,hybridized,089a548,"SEC::$","SEC::HIG",different,64,105363,946,failure,200,7659236257,38296181.285
covercrypt,hybridized,089a548,"SEC::$","SEC::HIG && CTR::EN",different,32,51939,946,failure,200,3318277970,16591389.850
covercrypt,hybridized,089a548,"SEC::$","SEC::HIG && CTR::FR",different,32,51939,946,failure,200,3758108581,18790542.905
covercrypt,hybridized,089a548,"SEC::$","SEC::HIG && CTR::$",different,64,105363,946,failure,200,6577633994,32888169.970
covercrypt,hybridized,089a548,"SEC::$","SEC::HIG && DPT::DEV",different,32,51939,946,failure,200,3211041196,16055205.980
covercrypt,hybridized,089a548,"SEC::$","SEC::HIG && DPT::DEV && CTR::EN",same,16,25231,946,failure,200,1638460458,8192302.290
covercrypt,hybridized,089a548,"SEC::$","SEC::HIG && DPT::DEV && CTR::FR",same,16,25231,946,failure,200,1623576824,8117884.120
covercrypt,hybridized,089a548,"SEC::$","SEC::HIG && DPT::DEV && CTR::$",same,32,51939,946,failure,200,3268163233,16340816.165
covercrypt,hybridized,089a548,"SEC::$","SEC::HIG && DPT::MKG",different,32,51939,946,failure,200,2925381149,14626905.745
covercrypt,hybridized,089a548,"SEC::$","SEC::HIG && DPT::MKG && CTR::EN",same,16,25231,946,failure,200,1490401631,7452008.155
covercrypt,hybridized,089a548,"SEC::$","SEC::HIG && DPT::MKG && CTR::FR",same,16,25231,946,failure,200,1402430022,7012150.110
covercrypt,hybridized,089a548,"SEC::$","SEC::HIG && DPT::MKG && CTR::$",same,32,51939,946,failure,200,2980095292,14900476.460
covercrypt,hybridized,089a548,"SEC::$","SEC::HIG && DPT::$",different,64,105363,946,failure,200,6195022744,30975113.720
covercrypt,hybridized,089a548,"SEC::$","SEC::HIG && DPT::$ && CTR::EN",same,32,51939,946,failure,200,3160201306,15801006.530
covercrypt,hybridized,089a548,"SEC::$","SEC::HIG && DPT::$ && CTR::FR",same,32,51939,946,failure,200,3041196686,15205983.430
covercrypt,hybridized,089a548,"SEC::$","SEC::HIG && DPT::$ && CTR::$",same,64,105363,946,failure,200,6077395725,30386978.625
covercrypt,hybridized,089a548,"SEC::$","SEC::$",different,80,132075,946,success,200,4555885676,22779428.380
covercrypt,hybridized,089a548,"SEC::$","SEC::$ && CTR::EN",different,40,65293,946,success,200,2613256444,13066282.220
covercrypt,hybridized,089a548,"SEC::$","SEC::$ && CTR::FR",different,40,65293,946,success,200,3043059502,15215297.510
covercrypt,hybridized,089a548,"SEC::$","SEC::$ && CTR::$",different,80,132075,946,success,200,4511299537,22556497.685
covercrypt,hybridized,089a548,"SEC::$","SEC::$ && DPT::DEV",different,40,65293,946,success,200,2256901357,11284506.785
covercrypt,hybridized,089a548,"SEC::$","SEC::$ && DPT::DEV && CTR::EN",same,20,31907,946,success,200,1103843117,5519215.585
covercrypt,hybridized,089a548,"SEC::$","SEC::$ && DPT::DEV && CTR::FR",same,20,31907,946,success,200,1012633543,5063167.715
covercrypt,hybridized,089a548,"SEC::$","SEC::$ && DPT::DEV && CTR::$",same,40,65293,946,success,200,2160434298,10802171.490
covercrypt,hybridized,089a548,"SEC::$","SEC::$ && DPT::MKG",different,40,65293,946,success,200,1862618182,9313090.910
covercrypt,hybridized,089a548,"SEC::$","SEC::$ && DPT::MKG && CTR::EN",same,20,31907,946,success,200,1094398265,5471991.325
covercrypt,hybridized,089a548,"SEC::$","SEC::$ && DPT::MKG && CTR::FR",same,20,31907,946,success,200,1040314265,5201571.325
covercrypt,hybridized,089a548,"SEC::$","SEC::$ && DPT::MKG && CTR::$",same,40,65293,946,success,200,2142940357,10714701.785
covercrypt,hybridized,089a548,"SEC::$","SEC::$ && DPT::$",different,80,132075,946,success,200,4519897275,22599486.375
covercrypt,hybridized,089a548,"SEC::$","SEC::$ && DPT::$ && CTR::EN",same,40,65293,946,success,200,2465971322,12329856.610
covercrypt,hybridized,089a548,"SEC::$","SEC::$ && DPT::$ && CTR::FR",same,40,65293,946,success,200,2259531113,11297655.565
covercrypt,hybridized,089a548,"SEC::$","SEC::$ && DPT::$ && CTR::$",same,80,132075,946,success,200,3880812266,19404061.330
covercrypt,hybridized,089a548,"SEC::$ && DPT::MKG","CTR::EN",different,40,65293,946,success,200,2235994661,11179973.305
covercrypt,hybridized,089a548,"SEC::$ && DPT::MKG","CTR::FR",different,40,65293,946,success,200,2000001612,10000008.060
covercrypt,hybridized,089a548,"SEC::$ && DPT::MKG","CTR::$",different,80,132075,946,success,200,3791663191,18958315.955
covercrypt,hybridized,089a548,"SEC::$ && DPT::MKG","DPT::DEV",different,40,65293,946,failure,200,4389059836,21945299.180
covercrypt,hybridized,089a548,"SEC::$ && DPT::MKG","DPT::DEV && CTR::EN",different,20,31907,946,failure,200,1774015949,8870079.745
covercrypt,hybridized,089a548,"SEC::$ && DPT::MKG","DPT::DEV && CTR::FR",different,20,31907,946,failure,200,2274145303,11370726.515
covercrypt,hybridized,089a548,"SEC::$ && DPT::MKG","DPT::DEV && CTR::$",different,40,65293,946,failure,200,4001555314,20007776.570
covercrypt,hybridized,089a548,"SEC::$ && DPT::MKG","DPT::MKG",different,40,65293,946,success,200,1772034564,8860172.820
covercrypt,hybridized,089a548,"SEC::$ && DPT::MKG","DPT::MKG && CTR::EN",different,20,31907,946,success,200,1092136696,5460683.480
covercrypt,hybridized,089a548,"SEC::$ && DPT::MKG","DPT::MKG && CTR::FR",different,20,31907,946,success,200,998030447,4990152.235
covercrypt,hybridized,089a548,"SEC::$ && DPT::MKG","DPT::MKG && CTR::$",different,40,65293,946,success,200,2438961038,12194805.190
covercrypt,hybridized,089a548,"SEC::$ && DPT::MKG","DPT::$",different,80,132075,946,success,200,3937705209,19688526.045
covercrypt,hybridized,089a548,"SEC::$ && DPT::MKG","DPT::$ && CTR::EN",different,40,65293,946,success,200,2961493256,14807466.280
covercrypt,hybridized,089a548,"SEC::$ && DPT::MKG","DPT::$ && CTR::FR",different,40,65293,946,success,200,3113892135,15569460.675
covercrypt,hybridized,089a548,"SEC::$ && DPT::MKG","DPT::$ && CTR::$",different,80,132075,946,success,200,4156271695,20781358.475
covercrypt,hybridized,089a548,"SEC::$ && DPT::MKG","SEC::LOW",different,32,51939,946,failure,200,2954241368,14771206.840
covercrypt,hybridized,089a548,"SEC::$ && DPT::MKG","SEC::LOW && CTR::EN",different,16,25231,946,failure,200,1307056841,6535284.205
covercrypt,hybridized,089a548,"SEC::$ && DPT::MKG","SEC::LOW && CTR::FR",different,16,25231,946,failure,200,1301849877,6509249.385
covercrypt,hybridized,089a548,"SEC::$ && DPT::MKG","SEC::LOW && CTR::$",different,32,51939,946,failure,200,3097825772,15489128.860
covercrypt,hybridized,089a548,"SEC::$ && DPT::MKG","SEC::LOW && DPT::DEV",different,16,25231,946,failure,200,1465602028,7328010.140
covercrypt,hybridized,089a548,"SEC::$ && DPT::MKG","SEC::LOW && DPT::DEV && CTR::EN",same,8,11879,946,failure,200,649836465,3249182.325
covercrypt,hybridized,089a548,"SEC::$ && DPT::MKG","SEC::LOW && DPT::DEV && CTR::FR",same,8,11879,946,failure,200,659438910,3297194.550
covercrypt,hybridized,089a548,"SEC::$ && DPT::MKG","SEC::LOW && DPT::DEV && CTR::$",same,16,25231,946,failure,200,1414171821,7070859.105
covercrypt,hybridized,089a548,"SEC::$ && DPT::MKG","SEC::LOW && DPT::MKG",different,16,25231,946,failure,200,1405361094,7026805.470
covercrypt,hybridized,089a548,"SEC::$ && DPT::MKG","SEC::LOW && DPT::MKG && CTR::EN",same,8,11879,946,failure,200,771116653,3855583.265
covercrypt,hybridized,089a548,"SEC::$ && DPT::MKG","SEC::LOW && DPT::MKG && CTR::FR",same,8,11879,946,failure,200,772352302,3861761.510
covercrypt,hybridized,089a548,"SEC::$ && DPT::MKG","SEC::LOW && DPT::MKG && CTR::$",same,16,25231,946,failure,200,1332583499,6662917.495
covercrypt,hybridized,089a548,"SEC::$ && DPT::MKG","SEC::LOW && DPT::$",different,32,51939,946,failure,200,2646411439,13232057.195
covercrypt,hybridized,089a548,"SEC::$ && DPT::MKG","SEC::LOW && DPT::$ && CTR::EN",same,16,25231,946,failure,200,1346547799,6732738.995
covercrypt,hybridized,089a548,"SEC::$ && DPT::MKG","SEC::LOW && DPT::$ && CTR::FR",same,16,25231,946,failure,200,1306640248,6533201.240
covercrypt,hybridized,089a548,"SEC::$ && DPT::MKG","SEC::LOW && DPT::$ && CTR::$",same,32,51939,946,failure,200,2836818468,14184092.340
covercrypt,hybridized,089a548,"SEC::$ && DPT::MKG","SEC::MED",different,48,78651,946,failure,200,4272219293,21361096.465
covercrypt,hybridized,089a548,"SEC::$ && DPT::MKG","SEC::MED && CTR::EN",different,24,38585,946,failure,200,1915686114,9578430.570
covercrypt,hybridized,089a548,"SEC::$ && DPT::MKG","SEC::MED && CTR::FR",different,24,38585,946,failure,200,2098888633,10494443.165
covercrypt,hybridized,089a548,"SEC::$ && DPT::MKG","SEC::MED && CTR::$",different,48,78651,946,failure,200,4182700705,20913503.525
covercrypt,hybridized,089a548,"SEC::$ && DPT::MKG","SEC::MED && DPT::DEV",different,24,38585,946,failure,200,2181534246,10907671.230
covercrypt,hybridized,089a548,"SEC::$ && DPT::MKG","SEC::MED && DPT::DEV && CTR::EN",same,12,18555,946,failure,200,1531197668,7655988.340
covercrypt,hybridized,089a548,"SEC::$ && DPT::MKG","SEC::MED && DPT::DEV && CTR::FR",same,12,18555,946,failure,200,1804804275,9024021.375
covercrypt,hybridized,089a548,"SEC::$ && DPT::MKG","SEC::MED && DPT::DEV && CTR::$",same,24,38585,946,failure,200,2445949347,12229746.735
covercrypt,hybridized,089a548,"SEC::$ && DPT::MKG","SEC::MED && DPT::MKG",different,24,38585,946,failure,200,2381733954,11908669.770
covercrypt,hybridized,089a548,"SEC::$ && DPT::MKG","SEC::MED && DPT::MKG && CTR::EN",same,12,18555,946,failure,200,1181754233,5908771.165
covercrypt,hybridized,089a548,"SEC::$ && DPT::MKG","SEC::MED && DPT::MKG && CTR::FR",same,12,18555,946,failure,200,1410170707,7050853.535
covercrypt,hybridized,089a548,"SEC::$ && DPT::MKG","SEC::MED && DPT::MKG && CTR::$",same,24,38585,946,failure,200,2407054764,12035273.820
covercrypt,hybridized,089a548,"SEC::$ && DPT::MKG","SEC::MED && DPT::$",different,48,78651,946,failure,200,4861953160,24309765.800
covercrypt,hybridized,089a548,"SEC::$ && DPT::MKG","SEC::MED && DPT::$ && CTR::EN",same,24,38585,946,failure,200,2140071947,10700359.735
covercrypt,hybridized,089a548,"SEC::$ && DPT::MKG","SEC::MED && DPT::$ && CTR::FR",same,24,38585,946,failure,200,2124168652,10620843.260
covercrypt,hybridized,089a548,"SEC::$ && DPT::MKG","SEC::MED && DPT::$ && CTR::$",same,48,78651,946,failure,200,4312374882,21561874.410
covercrypt,hybridized,089a548,"SEC::$ && DPT::MKG","SEC::HIG",different,64,105363,946,failure,200,6231882401,31159412.005
covercrypt,hybridized,089a548,"SEC::$ && DPT::MKG","SEC::HIG && CTR::EN",different,32,51939,946,failure,200,4237397352,21186986.760
covercrypt,hybridized,089a548,"SEC::$ && DPT::MKG","SEC::HIG && CTR::FR",different,32,51939,946,failure,200,3565578963,17827894.815
covercrypt,hybridized,089a548,"SEC::$ && DPT::MKG","SEC::HIG && CTR::$",different,64,105363,946,failure,200,5735660719,28678303.595
covercrypt,hybridized,089a548,"SEC::$ && DPT::MKG","SEC::HIG && DPT::DEV",different,32,51939,946,failure,200,3289622662,16448113.310
covercrypt,hybridized,089a548,"SEC::$ && DPT::MKG","SEC::HIG && DPT::DEV && CTR::EN",same,16,25231,946,failure,200,1422959215,7114796.075
covercrypt,hybridized,089a548,"SEC::$ && DPT::MKG","SEC::HIG && DPT::DEV && CTR::FR",same,16,25231,946,failure,200,1437850435,7189252.175
covercrypt,hybridized,089a548,"SEC::$ && DPT::MKG","SEC::HIG && DPT::DEV && CTR::$",same,32,51939,946,failure,200,3010538007,15052690.035
covercrypt,hybridized,089a548,"SEC::$ && DPT::MKG","SEC::HIG && DPT::MKG",different,32,51939,946,failure,200,3890398163,19451990.815
covercrypt,hybridized,089a548,"SEC::$ && DPT::MKG","SEC::HIG && DPT::MKG && CTR::EN",same,16,25231,946,failure,200,1408494521,7042472.605
covercrypt,hybridized,089a548,"SEC::$ && DPT::MKG","SEC::HIG && DPT::MKG && CTR::FR",same,16,25231,946,failure,200,1426069266,7130346.330
covercrypt,hybridized,089a548,"SEC::$ && DPT::MKG","SEC::HIG && DPT::MKG && CTR::$",same,32,51939,946,failure,200,3313742376,16568711.880
covercrypt,hybridized,089a548,"SEC::$ && DPT::MKG","SEC::HIG && DPT::$",different,64,105363,946,failure,200,6734380658,33671903.290
covercrypt,hybridized,089a548,"SEC::$ && DPT::MKG","SEC::HIG && DPT::$ && CTR::EN",same,32,51939,946,failure,200,3243236428,16216182.140
covercrypt,hybridized,089a548,"SEC::$ && DPT::MKG","SEC::HIG && DPT::$ && CTR::FR",same,32,51939,946,failure,200,3754927508,18774637.540
covercrypt,hybridized,089a548,"SEC::$ && DPT::MKG","SEC::HIG && DPT::$ && CTR::$",same,64,105363,946,failure,200,6737394907,33686974.535
covercrypt,hybridized,089a548,"SEC::$ && DPT::MKG","SEC::$",different,80,132075,946,success,200,5265484691,26327423.455
covercrypt,hybridized,089a548,"SEC::$ && DPT::MKG","SEC::$ && CTR::EN",different,40,65293,946,success,200,2052276247,10261381.235
covercrypt,hybridized,089a548,"SEC::$ && DPT::MKG","SEC::$ && CTR::FR",different,40,65293,946,success,200,2897144079,14485720.395
covercrypt,hybridized,089a548,"SEC::$ && DPT::MKG","SEC::$ && CTR::$",different,80,132075,946,success,200,5193986136,25969930.680
covercrypt,hybridized,089a548,"SEC::$ && DPT::MKG","SEC::$ && DPT::DEV",different,40,65293,946,failure,200,5637086488,28185432.440
covercrypt,hybridized,089a548,"SEC::$ && DPT::MKG","SEC::$ && DPT::DEV && CTR::EN",same,20,31907,946,failure,200,2591837037,12959185.185
covercrypt,hybridized,089a548,"SEC::$ && DPT::MKG","SEC::$ && DPT::DEV && CTR::FR",same,20,31907,946,failure,200,2660900276,13304501.380
covercrypt,hybridized,089a548,"SEC::$ && DPT::MKG","SEC::$ && DPT::DEV && CTR::$",same,40,65293,946,failure,200,6224023621,31120118.105
covercrypt,hybridized,089a548,"SEC::$ && DPT::MKG","SEC::$ && DPT::MKG",different,40,65293,946,success,200,3121805734,15609028.670
covercrypt,hybridized,089a548,"SEC::$ && DPT::MKG","SEC::$ && DPT::MKG && CTR::EN",same,20,31907,946,success,200,1341926397,6709631.985
covercrypt,hybridized,089a548,"SEC::$ && DPT::MKG","SEC::$ && DPT::MKG && CTR::FR",same,20,31907,946,success,200,1663328609,8316643.045
covercrypt,hybridized,089a548,"SEC::$ && DPT::MKG","SEC::$ && DPT::MKG && CTR::$",same,40,65293,946,success,200,3318607645,16593038.225
covercrypt,hybridized,089a548,"SEC::$ && DPT::MKG","SEC::$ && DPT::$",different,80,132075,946,success,200,4780355876,23901779.380
covercrypt,hybridized,089a548,"SEC::$ && DPT::MKG","SEC::$ && DPT::$ && CTR::EN",same,40,65293,946,success,200,2174660612,10873303.060
covercrypt,hybridized,089a548,"SEC::$ && DPT::MKG","SEC::$ && DPT::$ && CTR::FR",same,40,65293,946,success,200,2622197718,13110988.590
covercrypt,hybridized,089a548,"SEC::$ && DPT::MKG","SEC::$ && DPT::$ && CTR::$",same,80,132075,946,success,200,5036846952,25184234.760
