enc_ap,user_ap,covercrypt_implementation_user_ap,lp_implementation_user_ap,covercrypt_ciphertext_rights_hex,lp_ciphertext_rights_hex,y_relation,group,oracle_outcome,covercrypt_rights,lp_rights,covercrypt_outcome,lp_outcome,covercrypt_mean_ns,lp_mean_ns
CTR::$,CTR::$,,,,,different,TP_TP,success,80,4,success,success,1605563.250,232222.255
CTR::$,CTR::EN,,,,,different,TN_TN,failure,40,2,failure,failure,1528756.705,145913.767
CTR::$,CTR::FR,,,,,different,TN_TN,failure,40,2,failure,failure,1522471.160,145832.781
CTR::$,DPT::$,,,,,different,TN_FP,failure,80,4,success,failure,1710363.369,227742.679
CTR::$,DPT::$ && CTR::$,,,,,different,TP_TP,success,80,16,success,success,1747598.713,479541.089
CTR::$,DPT::$ && CTR::EN,,,,,different,TN_TN,failure,40,8,failure,failure,1530448.629,376212.230
CTR::$,DPT::$ && CTR::FR,,,,,different,TN_TN,failure,40,8,failure,failure,1536409.529,374552.041
CTR::$,DPT::DEV,,,,,different,TN_FP,failure,40,2,success,failure,868151.666,146919.329
CTR::$,DPT::DEV && CTR::$,,,,,different,TP_TP,success,40,8,success,success,856607.451,306599.589
CTR::$,DPT::DEV && CTR::EN,,,,,different,TN_TN,failure,20,4,failure,failure,795435.889,225215.117
CTR::$,DPT::DEV && CTR::FR,,,,,different,TN_TN,failure,20,4,failure,failure,796036.966,224130.427
CTR::$,DPT::MKG,,,,,different,TN_FP,failure,40,2,success,failure,870692.125,148147.878
CTR::$,DPT::MKG && CTR::$,,,,,different,TP_TP,success,40,8,success,success,853565.671,311028.036
CTR::$,DPT::MKG && CTR::EN,,,,,different,TN_TN,failure,20,4,failure,failure,805159.022,222028.606
CTR::$,DPT::MKG && CTR::FR,,,,,different,TN_TN,failure,20,4,failure,failure,805283.605,223964.421
CTR::$,SEC::$,,,,,different,TN_FP,failure,80,5,success,failure,1722924.896,260376.250
CTR::$,SEC::$ && CTR::$,,,,,different,TP_TP,success,80,20,success,success,1713180.724,570465.285
CTR::$,SEC::$ && CTR::EN,,,,,different,TN_TN,failure,40,10,failure,failure,1595251.438,451828.267
CTR::$,SEC::$ && CTR::FR,,,,,different,TN_TN,failure,40,10,failure,failure,1647844.173,444843.355
CTR::$,SEC::$ && DPT::$,,,,,different,TN_FP,failure,80,20,success,failure,1753702.502,833714.209
CTR::$,SEC::$ && DPT::$ && CTR::$,,,,,same,same,success,80,80,success,success,1594452.904,1630383.326
CTR::$,SEC::$ && DPT::$ && CTR::EN,,,,,same,same,failure,40,40,failure,failure,1564806.280,1574609.874
CTR::$,SEC::$ && DPT::$ && CTR::FR,,,,,same,same,failure,40,40,failure,failure,1567464.110,1599774.156
CTR::$,SEC::$ && DPT::DEV,,,,,different,TN_FP,failure,40,10,success,failure,995759.321,444884.377
CTR::$,SEC::$ && DPT::DEV && CTR::$,,,,,same,same,success,40,40,success,success,938134.871,892433.076
CTR::$,SEC::$ && DPT::DEV && CTR::EN,,,,,same,same,failure,20,20,failure,failure,827056.416,838855.017
CTR::$,SEC::$ && DPT::DEV && CTR::FR,,,,,same,same,failure,20,20,failure,failure,808122.150,816905.305
CTR::$,SEC::$ && DPT::MKG,,,,,different,TN_FP,failure,40,10,success,failure,925248.240,453954.966
CTR::$,SEC::$ && DPT::MKG && CTR::$,,,,,same,same,success,40,40,success,success,936487.371,901170.295
CTR::$,SEC::$ && DPT::MKG && CTR::EN,,,,,same,same,failure,20,20,failure,failure,867401.824,811058.027
CTR::$,SEC::$ && DPT::MKG && CTR::FR,,,,,same,same,failure,20,20,failure,failure,859454.973,837795.630
CTR::$,SEC::HIG,,,,,different,TN_FP,failure,64,4,success,failure,1503783.722,222287.486
CTR::$,SEC::HIG && CTR::$,,,,,different,TP_TP,success,64,16,success,success,1381383.935,457091.519
CTR::$,SEC::HIG && CTR::EN,,,,,different,TN_TN,failure,32,8,failure,failure,1283559.642,380159.930
CTR::$,SEC::HIG && CTR::FR,,,,,different,TN_TN,failure,32,8,failure,failure,1302875.488,372515.731
CTR::$,SEC::HIG && DPT::$,,,,,different,TN_FP,failure,64,16,success,failure,1454875.457,746857.798
CTR::$,SEC::HIG && DPT::$ && CTR::$,,,,,same,same,success,64,64,success,success,1323394.407,1425176.981
CTR::$,SEC::HIG && DPT::$ && CTR::EN,,,,,same,same,failure,32,32,failure,failure,1263094.434,1261223.285
CTR::$,SEC::HIG && DPT::$ && CTR::FR,,,,,same,same,failure,32,32,failure,failure,1268541.717,1297537.766
CTR::$,SEC::HIG && DPT::DEV,,,,,different,TN_FP,failure,32,8,success,failure,805574.010,366587.832
CTR::$,SEC::HIG && DPT::DEV && CTR::$,,,,,same,same,success,32,32,success,success,773086.577,772025.272
CTR::$,SEC::HIG && DPT::DEV && CTR::EN,,,,,same,same,failure,16,16,failure,failure,661267.944,658843.766
CTR::$,SEC::HIG && DPT::DEV && CTR::FR,,,,,same,same,failure,16,16,failure,failure,671163.094,656768.669
CTR::$,SEC::HIG && DPT::MKG,,,,,different,TN_FP,failure,32,8,success,failure,757594.142,367491.963
CTR::$,SEC::HIG && DPT::MKG && CTR::$,,,,,same,same,success,32,32,success,success,730031.837,852598.230
CTR::$,SEC::HIG && DPT::MKG && CTR::EN,,,,,same,same,failure,16,16,failure,failure,692544.154,666156.198
CTR::$,SEC::HIG && DPT::MKG && CTR::FR,,,,,same,same,failure,16,16,failure,failure,712072.089,705939.275
CTR::$,SEC::LOW,,,,,different,TN_FP,failure,32,2,success,failure,781659.988,151918.511
CTR::$,SEC::LOW && CTR::$,,,,,different,TP_TP,success,32,8,success,success,722099.238,299052.067
CTR::$,SEC::LOW && CTR::EN,,,,,different,TN_TN,failure,16,4,failure,failure,654694.262,221506.696
CTR::$,SEC::LOW && CTR::FR,,,,,different,TN_TN,failure,16,4,failure,failure,655978.552,222465.224
CTR::$,SEC::LOW && DPT::$,,,,,different,TN_FP,failure,32,8,success,failure,731276.487,366753.497
CTR::$,SEC::LOW && DPT::$ && CTR::$,,,,,same,same,success,32,32,success,success,831117.959,734208.837
CTR::$,SEC::LOW && DPT::$ && CTR::EN,,,,,same,same,failure,16,16,failure,failure,666969.238,662479.591
CTR::$,SEC::LOW && DPT::$ && CTR::FR,,,,,same,same,failure,16,16,failure,failure,662887.051,665513.963
CTR::$,SEC::LOW && DPT::DEV,,,,,different,TN_FP,failure,16,4,success,failure,454962.872,219341.815
CTR::$,SEC::LOW && DPT::DEV && CTR::$,,,,,same,same,success,16,16,success,success,436567.552,447339.221
CTR::$,SEC::LOW && DPT::DEV && CTR::EN,,,,,same,same,failure,8,8,failure,failure,364954.133,366716.894
CTR::$,SEC::LOW && DPT::DEV && CTR::FR,,,,,same,same,failure,8,8,failure,failure,365142.947,368157.411
CTR::$,SEC::LOW && DPT::MKG,,,,,different,TN_FP,failure,16,4,success,failure,447314.906,218779.065
CTR::$,SEC::LOW && DPT::MKG && CTR::$,,,,,same,same,success,16,16,success,success,469368.032,454282.315
CTR::$,SEC::LOW && DPT::MKG && CTR::EN,,,,,same,same,failure,8,8,failure,failure,366486.758,365311.438
CTR::$,SEC::LOW && DPT::MKG && CTR::FR,,,,,same,same,failure,8,8,failure,failure,368271.295,368434.060
CTR::$,SEC::MED,,,,,different,TN_FP,failure,48,3,success,failure,1004322.853,186956.573
CTR::$,SEC::MED && CTR::$,,,,,different,TP_TP,success,48,12,success,success,1009185.264,374503.400
CTR::$,SEC::MED && CTR::EN,,,,,different,TN_TN,failure,24,6,failure,failure,960006.091,295729.214
CTR::$,SEC::MED && CTR::FR,,,,,different,TN_TN,failure,24,6,failure,failure,956602.377,295452.941
CTR::$,SEC::MED && DPT::$,,,,,different,TN_FP,failure,48,12,success,failure,1069940.746,533942.337
CTR::$,SEC::MED && DPT::$ && CTR::$,,,,,same,same,success,48,48,success,success,1006643.236,1035839.666
CTR::$,SEC::MED && DPT::$ && CTR::EN,,,,,same,same,failure,24,24,failure,failure,949689.104,962278.409
CTR::$,SEC::MED && DPT::$ && CTR::FR,,,,,same,same,failure,24,24,failure,failure,956170.010,965692.242
CTR::$,SEC::MED && DPT::DEV,,,,,different,TN_FP,failure,24,6,success,failure,615092.810,295342.138
CTR::$,SEC::MED && DPT::DEV && CTR::$,,,,,same,same,success,24,24,success,success,627713.434,591442.118
CTR::$,SEC::MED && DPT::DEV && CTR::EN,,,,,same,same,failure,12,12,failure,failure,516111.777,517861.920
CTR::$,SEC::MED && DPT::DEV && CTR::FR,,,,,same,same,failure,12,12,failure,failure,512406.572,519539.306
CTR::$,SEC::MED && DPT::MKG,,,,,different,TN_FP,failure,24,6,success,failure,582750.520,293066.805
CTR::$,SEC::MED && DPT::MKG && CTR::$,,,,,same,same,success,24,24,success,success,591284.417,616600.032
CTR::$,SEC::MED && DPT::MKG && CTR::EN,,,,,same,same,failure,12,12,failure,failure,510266.422,513527.469
CTR::$,SEC::MED && DPT::MKG && CTR::FR,,,,,same,same,failure,12,12,failure,failure,512012.878,513099.622
CTR::EN,CTR::$,,,,,different,TP_TP,success,80,4,success,success,1767064.862,242099.744
CTR::EN,CTR::EN,,,,,different,TP_TP,success,40,2,success,success,965450.157,205635.881
CTR::EN,CTR::FR,,,,,different,TN_TN,failure,40,2,failure,failure,1678950.150,155504.834
CTR::EN,DPT::$,,,,,different,TN_FP,failure,80,4,success,failure,1954629.015,238631.614
CTR::EN,DPT::$ && CTR::$,,,,,different,TP_TP,success,80,16,success,success,1797683.569,503174.430
CTR::EN,DPT::$ && CTR::EN,,,,,different,TP_TP,success,40,8,success,success,989916.049,325885.910
CTR::EN,DPT::$ && CTR::FR,,,,,different,TN_TN,failure,40,8,failure,failure,1691906.894,398993.672
CTR::EN,DPT::DEV,,,,,different,TN_FP,failure,40,2,success,failure,937716.086,156266.382
CTR::EN,DPT::DEV && CTR::$,,,,,different,TP_TP,success,40,8,success,success,946865.793,340645.621
CTR::EN,DPT::DEV && CTR::EN,,,,,different,TP_TP,success,20,4,success,success,557900.907,243994.522
CTR::EN,DPT::DEV && CTR::FR,,,,,different,TN_TN,failure,20,4,failure,failure,882443.088,237446.190
CTR::EN,DPT::MKG,,,,,different,TN_FP,failure,40,2,success,failure,1014029.771,157787.875
CTR::EN,DPT::MKG && CTR::$,,,,,different,TP_TP,success,40,8,success,success,1046386.349,336684.105
CTR::EN,DPT::MKG && CTR::EN,,,,,different,TP_TP,success,20,4,success,success,589194.922,248499.643
CTR::EN,DPT::MKG && CTR::FR,,,,,different,TN_TN,failure,20,4,failure,failure,888580.816,255595.598
CTR::EN,SEC::$,,,,,different,TN_FP,failure,80,5,success,failure,1813852.038,357685.839
CTR::EN,SEC::$ && CTR::$,,,,,different,TP_TP,success,80,20,success,success,1847888.261,734318.953
CTR::EN,SEC::$ && CTR::EN,,,,,different,TP_TP,success,40,10,success,success,1011234.017,477864.940
CTR::EN,SEC::$ && CTR::FR,,,,,different,TN_TN,failure,40,10,failure,failure,1780151.238,629934.941
CTR::EN,SEC::$ && DPT::$,,,,,different,TN_FP,failure,80,20,success,failure,1821573.271,876262.479
CTR::EN,SEC::$ && DPT::$ && CTR::$,,,,,same,same,success,80,80,success,success,1800653.114,1763540.792
CTR::EN,SEC::$ && DPT::$ && CTR::EN,,,,,same,same,success,40,40,success,success,983155.193,1011510.346
CTR::EN,SEC::$ && DPT::$ && CTR::FR,,,,,same,same,failure,40,40,failure,failure,1727003.707,1695981.673
CTR::EN,SEC::$ && DPT::DEV,,,,,different,TN_FP,failure,40,10,success,failure,999436.769,501983.184
CTR::EN,SEC::$ && DPT::DEV && CTR::$,,,,,same,same,success,40,40,success,success,1003544.343,917270.214
CTR::EN,SEC::$ && DPT::DEV && CTR::EN,,,,,same,same,success,20,20,success,success,638865.963,559641.377
CTR::EN,SEC::$ && DPT::DEV && CTR::FR,,,,,same,same,failure,20,20,failure,failure,896908.997,869120.312
CTR::EN,SEC::$ && DPT::MKG,,,,,different,TN_FP,failure,40,10,success,failure,1017697.130,473030.522
CTR::EN,SEC::$ && DPT::MKG && CTR::$,,,,,same,same,success,40,40,success,success,1061824.773,1176640.999
CTR::EN,SEC::$ && DPT::MKG && CTR::EN,,,,,same,same,success,20,20,success,success,603288.333,561106.285
CTR::EN,SEC::$ && DPT::MKG && CTR::FR,,,,,same,same,failure,20,20,failure,failure,930128.524,880849.779
CTR::EN,SEC::HIG,,,,,different,TN_FP,failure,64,4,success,failure,1473992.136,238010.207
CTR::EN,SEC::HIG && CTR::$,,,,,different,TP_TP,success,64,16,success,success,1475432.277,493521.323
CTR::EN,SEC::HIG && CTR::EN,,,,,different,TP_TP,success,32,8,success,success,831489.757,334187.778
CTR::EN,SEC::HIG && CTR::FR,,,,,different,TN_TN,failure,32,8,failure,failure,1435198.493,396653.983
CTR::EN,SEC::HIG && DPT::$,,,,,different,TN_FP,failure,64,16,success,failure,1611853.449,901540.720
CTR::EN,SEC::HIG && DPT::$ && CTR::$,,,,,same,same,success,64,64,success,success,1434267.031,1841145.964
CTR::EN,SEC::HIG && DPT::$ && CTR::EN,,,,,same,same,success,32,32,success,success,865928.880,844753.907
CTR::EN,SEC::HIG && DPT::$ && CTR::FR,,,,,same,same,failure,32,32,failure,failure,1397751.647,1524067.745
CTR::EN,SEC::HIG && DPT::DEV,,,,,different,TN_FP,failure,32,8,success,failure,800267.927,389809.004
CTR::EN,SEC::HIG && DPT::DEV && CTR::$,,,,,same,same,success,32,32,success,success,831181.514,770589.703
CTR::EN,SEC::HIG && DPT::DEV && CTR::EN,,,,,same,same,success,16,16,success,success,505120.294,485016.514
CTR::EN,SEC::HIG && DPT::DEV && CTR::FR,,,,,same,same,failure,16,16,failure,failure,747967.870,703556.461
CTR::EN,SEC::HIG && DPT::MKG,,,,,different,TN_FP,failure,32,8,success,failure,831636.101,390145.785
CTR::EN,SEC::HIG && DPT::MKG && CTR::$,,,,,same,same,success,32,32,success,success,802728.653,952136.284
CTR::EN,SEC::HIG && DPT::MKG && CTR::EN,,,,,same,same,success,16,16,success,success,479194.354,481549.716
CTR::EN,SEC::HIG && DPT::MKG && CTR::FR,,,,,same,same,failure,16,16,failure,failure,736590.024,738756.282
CTR::EN,SEC::LOW,,,,,different,TN_FP,failure,32,2,success,failure,814822.252,157496.318
CTR::EN,SEC::LOW && CTR::$,,,,,different,TP_TP,success,32,8,success,success,864533.378,322838.349
CTR::EN,SEC::LOW && CTR::EN,,,,,different,TP_TP,success,16,4,success,success,507159.178,246811.276
CTR::EN,SEC::LOW && CTR::FR,,,,,different,TN_TN,failure,16,4,failure,failure,730767.588,235514.331
CTR::EN,SEC::LOW && DPT::$,,,,,different,TN_FP,failure,32,8,success,failure,846578.490,388873.555
CTR::EN,SEC::LOW && DPT::$ && CTR::$,,,,,same,same,success,32,32,success,success,840503.770,830792.745
CTR::EN,SEC::LOW && DPT::$ && CTR::EN,,,,,same,same,success,16,16,success,success,510477.974,472090.855
CTR::EN,SEC::LOW && DPT::$ && CTR::FR,,,,,same,same,failure,16,16,failure,failure,731388.512,704370.493
CTR::EN,SEC::LOW && DPT::DEV,,,,,different,TN_FP,failure,16,4,success,failure,503412.556,235914.987
CTR::EN,SEC::LOW && DPT::DEV && CTR::$,,,,,same,same,success,16,16,success,success,494539.894,482990.128
CTR::EN,SEC::LOW && DPT::DEV && CTR::EN,,,,,same,same,success,8,8,success,success,330055.421,336285.747
CTR::EN,SEC::LOW && DPT::DEV && CTR::FR,,,,,same,same,failure,8,8,failure,failure,404646.721,394554.585
CTR::EN,SEC::LOW && DPT::MKG,,,,,different,TN_FP,failure,16,4,success,failure,479477.810,236327.611
CTR::EN,SEC::LOW && DPT::MKG && CTR::$,,,,,same,same,success,16,16,success,success,501033.293,506999.735
CTR::EN,SEC::LOW && DPT::MKG && CTR::EN,,,,,same,same,success,8,8,success,success,345860.378,318741.584
CTR::EN,SEC::LOW && DPT::MKG && CTR::FR,,,,,same,same,failure,8,8,failure,failure,402646.089,402698.938
CTR::EN,SEC::MED,,,,,different,TN_FP,failure,48,3,success,failure,1250683.529,196422.089
CTR::EN,SEC::MED && CTR::$,,,,,different,TP_TP,success,48,12,success,success,1230490.362,398547.045
CTR::EN,SEC::MED && CTR::EN,,,,,different,TP_TP,success,24,6,success,success,662812.716,291189.198
CTR::EN,SEC::MED && CTR::FR,,,,,different,TN_TN,failure,24,6,failure,failure,1054638.924,312673.758
CTR::EN,SEC::MED && DPT::$,,,,,different,TN_FP,failure,48,12,success,failure,1149657.650,556507.148
CTR::EN,SEC::MED && DPT::$ && CTR::$,,,,,same,same,success,48,48,success,success,1123218.652,1070016.222
CTR::EN,SEC::MED && DPT::$ && CTR::EN,,,,,same,same,success,24,24,success,success,638514.193,649572.115
CTR::EN,SEC::MED && DPT::$ && CTR::FR,,,,,same,same,failure,24,24,failure,failure,1057900.301,1029975.120
CTR::EN,SEC::MED && DPT::DEV,,,,,different,TN_FP,failure,24,6,success,failure,657109.934,311693.133
CTR::EN,SEC::MED && DPT::DEV && CTR::$,,,,,same,same,success,24,24,success,success,668348.855,669744.613
CTR::EN,SEC::MED && DPT::DEV && CTR::EN,,,,,same,same,success,12,12,success,success,416388.171,396176.213
CTR::EN,SEC::MED && DPT::DEV && CTR::FR,,,,,same,same,failure,12,12,failure,failure,565239.718,556130.436
CTR::EN,SEC::MED && DPT::MKG,,,,,different,TN_FP,failure,24,6,success,failure,669201.660,312135.719
CTR::EN,SEC::MED && DPT::MKG && CTR::$,,,,,same,same,success,24,24,success,success,651001.416,631774.090
CTR::EN,SEC::MED && DPT::MKG && CTR::EN,,,,,same,same,success,12,12,success,success,412243.376,394543.305
CTR::EN,SEC::MED && DPT::MKG && CTR::FR,,,,,same,same,failure,12,12,failure,failure,571771.169,549926.715
CTR::FR,CTR::$,,,,,different,TP_TP,success,80,4,success,success,1746447.929,232644.623
CTR::FR,CTR::EN,,,,,different,TN_TN,failure,40,2,failure,failure,1535939.328,146236.959
CTR::FR,CTR::FR,,,,,different,TP_TP,success,40,2,success,success,875029.416,191523.024
CTR::FR,DPT::$,,,,,different,TN_FP,failure,80,4,success,failure,1563378.747,229530.447
CTR::FR,DPT::$ && CTR::$,,,,,different,TP_TP,success,80,16,success,success,1706197.655,452747.155
CTR::FR,DPT::$ && CTR::EN,,,,,different,TN_TN,failure,40,8,failure,failure,1529344.107,376255.085
CTR::FR,DPT::$ && CTR::FR,,,,,different,TP_TP,success,40,8,success,success,942434.627,304267.941
CTR::FR,DPT::DEV,,,,,different,TN_FP,failure,40,2,success,failure,858849.577,145735.748
CTR::FR,DPT::DEV && CTR::$,,,,,different,TP_TP,success,40,8,success,success,861097.458,312675.817
CTR::FR,DPT::DEV && CTR::EN,,,,,different,TN_TN,failure,20,4,failure,failure,802107.733,227044.183
CTR::FR,DPT::DEV && CTR::FR,,,,,different,TP_TP,success,20,4,success,success,508086.969,230852.106
CTR::FR,DPT::MKG,,,,,different,TN_FP,failure,40,2,success,failure,923338.472,149657.215
CTR::FR,DPT::MKG && CTR::$,,,,,different,TP_TP,success,40,8,success,success,879241.346,320012.268
CTR::FR,DPT::MKG && CTR::EN,,,,,different,TN_TN,failure,20,4,failure,failure,803285.091,225348.097
CTR::FR,DPT::MKG && CTR::FR,,,,,different,TP_TP,success,20,4,success,success,537386.538,244287.898
CTR::FR,SEC::$,,,,,different,TN_FP,failure,80,5,success,failure,1677816.319,262182.865
CTR::FR,SEC::$ && CTR::$,,,,,different,TP_TP,success,80,20,success,success,1748066.124,535704.688
CTR::FR,SEC::$ && CTR::EN,,,,,different,TN_TN,failure,40,10,failure,failure,1572014.225,459811.627
CTR::FR,SEC::$ && CTR::FR,,,,,different,TP_TP,success,40,10,success,success,912357.384,348729.960
CTR::FR,SEC::$ && DPT::$,,,,,different,TN_FP,failure,80,20,success,failure,1742100.460,1102281.204
CTR::FR,SEC::$ && DPT::$ && CTR::$,,,,,same,same,success,80,80,success,success,1642299.438,1666311.688
CTR::FR,SEC::$ && DPT::$ && CTR::EN,,,,,same,same,failure,40,40,failure,failure,1615246.959,2119489.412
CTR::FR,SEC::$ && DPT::$ && CTR::FR,,,,,same,same,success,40,40,success,success,908673.249,1036685.843
CTR::FR,SEC::$ && DPT::DEV,,,,,different,TN_FP,failure,40,10,success,failure,894646.733,445507.251
CTR::FR,SEC::$ && DPT::DEV && CTR::$,,,,,same,same,success,40,40,success,success,892459.801,932819.386
CTR::FR,SEC::$ && DPT::DEV && CTR::EN,,,,,same,same,failure,20,20,failure,failure,838092.427,830517.633
CTR::FR,SEC::$ && DPT::DEV && CTR::FR,,,,,same,same,success,20,20,success,success,535318.333,525703.939
CTR::FR,SEC::$ && DPT::MKG,,,,,different,TN_FP,failure,40,10,success,failure,956464.674,448275.588
CTR::FR,SEC::$ && DPT::MKG && CTR::$,,,,,same,same,success,40,40,success,success,939780.393,1250030.004
CTR::FR,SEC::$ && DPT::MKG && CTR::EN,,,,,same,same,failure,20,20,failure,failure,881125.406,833235.571
CTR::FR,SEC::$ && DPT::MKG && CTR::FR,,,,,same,same,success,20,20,success,success,594271.931,581971.398
CTR::FR,SEC::HIG,,,,,different,TN_FP,failure,64,4,success,failure,1279158.846,222846.244
CTR::FR,SEC::HIG && CTR::$,,,,,different,TP_TP,success,64,16,success,success,1461369.975,458978.534
CTR::FR,SEC::HIG && CTR::EN,,,,,different,TN_TN,failure,32,8,failure,failure,1256936.163,373735.419
CTR::FR,SEC::HIG && CTR::FR,,,,,different,TP_TP,success,32,8,success,success,748925.336,294590.318
CTR::FR,SEC::HIG && DPT::$,,,,,different,TN_FP,failure,64,16,success,failure,1482184.653,688251.502
CTR::FR,SEC::HIG && DPT::$ && CTR::$,,,,,same,same,success,64,64,success,success,1303831.056,1334888.031
CTR::FR,SEC::HIG && DPT::$ && CTR::EN,,,,,same,same,failure,32,32,failure,failure,1293656.697,1359192.319
CTR::FR,SEC::HIG && DPT::$ && CTR::FR,,,,,same,same,success,32,32,success,success,743600.424,766237.740
CTR::FR,SEC::HIG && DPT::DEV,,,,,different,TN_FP,failure,32,8,success,failure,721091.162,380917.571
CTR::FR,SEC::HIG && DPT::DEV && CTR::$,,,,,same,same,success,32,32,success,success,745524.873,730548.010
CTR::FR,SEC::HIG && DPT::DEV && CTR::EN,,,,,same,same,failure,16,16,failure,failure,703408.434,664814.225
CTR::FR,SEC::HIG && DPT::DEV && CTR::FR,,,,,same,same,success,16,16,success,success,460827.463,459228.403
CTR::FR,SEC::HIG && DPT::MKG,,,,,different,TN_FP,failure,32,8,success,failure,768565.051,365997.254
CTR::FR,SEC::HIG && DPT::MKG && CTR::$,,,,,same,same,success,32,32,success,success,753124.443,738830.647
CTR::FR,SEC::HIG && DPT::MKG && CTR::EN,,,,,same,same,failure,16,16,failure,failure,693051.091,659152.485
CTR::FR,SEC::HIG && DPT::MKG && CTR::FR,,,,,same,same,success,16,16,success,success,485770.994,440265.488
CTR::FR,SEC::LOW,,,,,different,TN_FP,failure,32,2,success,failure,769706.412,149689.841
CTR::FR,SEC::LOW && CTR::$,,,,,different,TP_TP,success,32,8,success,success,732013.223,315901.462
CTR::FR,SEC::LOW && CTR::EN,,,,,different,TN_TN,failure,16,4,failure,failure,660779.051,221528.502
CTR::FR,SEC::LOW && CTR::FR,,,,,different,TP_TP,success,16,4,success,success,443874.027,229154.822
CTR::FR,SEC::LOW && DPT::$,,,,,different,TN_FP,failure,32,8,success,failure,781494.073,368673.855
CTR::FR,SEC::LOW && DPT::$ && CTR::$,,,,,same,same,success,32,32,success,success,744785.847,783335.591
CTR::FR,SEC::LOW && DPT::$ && CTR::EN,,,,,same,same,failure,16,16,failure,failure,660170.329,667430.537
CTR::FR,SEC::LOW && DPT::$ && CTR::FR,,,,,same,same,success,16,16,success,success,438873.542,476381.568
CTR::FR,SEC::LOW && DPT::DEV,,,,,different,TN_FP,failure,16,4,success,failure,444781.824,222398.574
CTR::FR,SEC::LOW && DPT::DEV && CTR::$,,,,,same,same,success,16,16,success,success,437310.996,448146.510
CTR::FR,SEC::LOW && DPT::DEV && CTR::EN,,,,,same,same,failure,8,8,failure,failure,367033.688,371201.767
CTR::FR,SEC::LOW && DPT::DEV && CTR::FR,,,,,same,same,success,8,8,success,success,306601.487,305502.581
CTR::FR,SEC::LOW && DPT::MKG,,,,,different,TN_FP,failure,16,4,success,failure,445189.439,220799.424
CTR::FR,SEC::LOW && DPT::MKG && CTR::$,,,,,same,same,success,16,16,success,success,447524.604,456589.398
CTR::FR,SEC::LOW && DPT::MKG && CTR::EN,,,,,same,same,failure,8,8,failure,failure,380222.197,368669.507
CTR::FR,SEC::LOW && DPT::MKG && CTR::FR,,,,,same,same,success,8,8,success,success,308136.747,307687.360
CTR::FR,SEC::MED,,,,,different,TN_FP,failure,48,3,success,failure,1031727.993,188085.857
CTR::FR,SEC::MED && CTR::$,,,,,different,TP_TP,success,48,12,success,success,1079254.011,377579.876
CTR::FR,SEC::MED && CTR::EN,,,,,different,TN_TN,failure,24,6,failure,failure,986220.363,300172.794
CTR::FR,SEC::MED && CTR::FR,,,,,different,TP_TP,success,24,6,success,success,790580.176,262559.301
CTR::FR,SEC::MED && DPT::$,,,,,different,TN_FP,failure,48,12,success,failure,1017584.048,522999.090
CTR::FR,SEC::MED && DPT::$ && CTR::$,,,,,same,same,success,48,48,success,success,1025171.275,1006262.722
CTR::FR,SEC::MED && DPT::$ && CTR::EN,,,,,same,same,failure,24,24,failure,failure,953950.868,974519.961
CTR::FR,SEC::MED && DPT::$ && CTR::FR,,,,,same,same,success,24,24,success,success,578336.265,592376.635
CTR::FR,SEC::MED && DPT::DEV,,,,,different,TN_FP,failure,24,6,success,failure,606537.223,294787.097
CTR::FR,SEC::MED && DPT::DEV && CTR::$,,,,,same,same,success,24,24,success,success,581721.159,588723.894
CTR::FR,SEC::MED && DPT::DEV && CTR::EN,,,,,same,same,failure,12,12,failure,failure,518397.113,518716.197
CTR::FR,SEC::MED && DPT::DEV && CTR::FR,,,,,same,same,success,12,12,success,success,377223.833,376629.152
CTR::FR,SEC::MED && DPT::MKG,,,,,different,TN_FP,failure,24,6,success,failure,641453.171,309834.101
CTR::FR,SEC::MED && DPT::MKG && CTR::$,,,,,same,same,success,24,24,success,success,634271.905,617268.381
CTR::FR,SEC::MED && DPT::MKG && CTR::EN,,,,,same,same,failure,12,12,failure,failure,519594.349,515876.590
CTR::FR,SEC::MED && DPT::MKG && CTR::FR,,,,,same,same,success,12,12,success,success,369407.536,376698.883
DPT::$,CTR::$,,,,,different,TN_FP,failure,80,4,success,failure,1788094.528,236873.972
DPT::$,CTR::EN,,,,,different,TN_FP,failure,40,2,success,failure,892477.525,158595.030
DPT::$,CTR::FR,,,,,different,TN_FP,failure,40,2,success,failure,936485.708,158447.558
DPT::$,DPT::$,,,,,different,TP_TP,success,80,4,success,success,1663121.224,253657.138
DPT::$,DPT::$ && CTR::$,,,,,different,TP_TP,success,80,16,success,success,1664981.279,502833.044
DPT::$,DPT::$ && CTR::EN,,,,,different,TP_TP,success,40,8,success,success,919814.572,325514.840
DPT::$,DPT::$ && CTR::FR,,,,,different,TP_TP,success,40,8,success,success,918237.013,336194.487
DPT::$,DPT::DEV,,,,,different,TN_TN,failure,40,2,failure,failure,1595083.287,158616.004
DPT::$,DPT::DEV && CTR::$,,,,,different,TN_TN,failure,40,8,failure,failure,1611772.427,396664.769
DPT::$,DPT::DEV && CTR::EN,,,,,different,TN_TN,failure,20,4,failure,failure,842012.966,245044.923
DPT::$,DPT::DEV && CTR::FR,,,,,different,TN_TN,failure,20,4,failure,failure,841177.809,238330.649
DPT::$,DPT::MKG,,,,,different,TN_TN,failure,40,2,failure,failure,1601861.948,158138.168
DPT::$,DPT::MKG && CTR::$,,,,,different,TN_TN,failure,40,8,failure,failure,1607412.714,410458.317
DPT::$,DPT::MKG && CTR::EN,,,,,different,TN_TN,failure,20,4,failure,failure,846049.221,238070.541
DPT::$,DPT::MKG && CTR::FR,,,,,different,TN_TN,failure,20,4,failure,failure,843563.409,242179.979
DPT::$,SEC::$,,,,,different,TN_FP,failure,80,5,success,failure,1686650.935,277143.812
DPT::$,SEC::$ && CTR::$,,,,,different,TN_FP,failure,80,20,success,failure,1833879.544,880288.826
DPT::$,SEC::$ && CTR::EN,,,,,different,TN_FP,failure,40,10,success,failure,1015554.256,492277.740
DPT::$,SEC::$ && CTR::FR,,,,,different,TN_FP,failure,40,10,success,failure,1105216.660,479298.414
DPT::$,SEC::$ && DPT::$,,,,,different,TP_TP,success,80,20,success,success,1681929.950,570780.601
DPT::$,SEC::$ && DPT::$ && CTR::$,,,,,same,same,success,80,80,success,success,1715640.828,1739675.185
DPT::$,SEC::$ && DPT::$ && CTR::EN,,,,,same,same,success,40,40,success,success,937075.189,962197.137
DPT::$,SEC::$ && DPT::$ && CTR::FR,,,,,same,same,success,40,40,success,success,977735.257,985994.954
DPT::$,SEC::$ && DPT::DEV,,,,,different,TN_TN,failure,40,10,failure,failure,1726781.435,478153.265
DPT::$,SEC::$ && DPT::DEV && CTR::$,,,,,same,same,failure,40,40,failure,failure,1631640.023,1719745.036
DPT::$,SEC::$ && DPT::DEV && CTR::EN,,,,,same,same,failure,20,20,failure,failure,866075.366,891755.686
DPT::$,SEC::$ && DPT::DEV && CTR::FR,,,,,same,same,failure,20,20,failure,failure,851020.772,894557.526
DPT::$,SEC::$ && DPT::MKG,,,,,different,TN_TN,failure,40,10,failure,failure,1653260.012,483750.775
DPT::$,SEC::$ && DPT::MKG && CTR::$,,,,,same,same,failure,40,40,failure,failure,1656983.461,1698581.108
DPT::$,SEC::$ && DPT::MKG && CTR::EN,,,,,same,same,failure,20,20,failure,failure,874131.958,877671.767
DPT::$,SEC::$ && DPT::MKG && CTR::FR,,,,,same,same,failure,20,20,failure,failure,868167.340,877219.820
DPT::$,SEC::HIG,,,,,different,TN_FP,failure,64,4,success,failure,1509924.140,260156.208
DPT::$,SEC::HIG && CTR::$,,,,,different,TN_FP,failure,64,16,success,failure,1433088.751,711936.154
DPT::$,SEC::HIG && CTR::EN,,,,,different,TN_FP,failure,32,8,success,failure,785644.292,395060.225
DPT::$,SEC::HIG && CTR::FR,,,,,different,TN_FP,failure,32,8,success,failure,824469.278,396292.756
DPT::$,SEC::HIG && DPT::$,,,,,different,TP_TP,success,64,16,success,success,1362752.417,504297.115
DPT::$,SEC::HIG && DPT::$ && CTR::$,,,,,same,same,success,64,64,success,success,1380396.253,1444886.881
DPT::$,SEC::HIG && DPT::$ && CTR::EN,,,,,same,same,success,32,32,success,success,761379.773,799031.674
DPT::$,SEC::HIG && DPT::$ && CTR::FR,,,,,same,same,success,32,32,success,success,788542.708,799252.343
DPT::$,SEC::HIG && DPT::DEV,,,,,different,TN_TN,failure,32,8,failure,failure,1363792.809,396644.831
DPT::$,SEC::HIG && DPT::DEV && CTR::$,,,,,same,same,failure,32,32,failure,failure,1349958.750,1486582.877
DPT::$,SEC::HIG && DPT::DEV && CTR::EN,,,,,same,same,failure,16,16,failure,failure,704884.752,712958.451
DPT::$,SEC::HIG && DPT::DEV && CTR::FR,,,,,same,same,failure,16,16,failure,failure,699903.444,712775.864
DPT::$,SEC::HIG && DPT::MKG,,,,,different,TN_TN,failure,32,8,failure,failure,1358760.480,535750.990
DPT::$,SEC::HIG && DPT::MKG && CTR::$,,,,,same,same,failure,32,32,failure,failure,1399919.519,1399178.418
DPT::$,SEC::HIG && DPT::MKG && CTR::EN,,,,,same,same,failure,16,16,failure,failure,698477.248,784009.130
DPT::$,SEC::HIG && DPT::MKG && CTR::FR,,,,,same,same,failure,16,16,failure,failure,735019.242,714951.079
DPT::$,SEC::LOW,,,,,different,TN_FP,failure,32,2,success,failure,778112.159,155829.136
DPT::$,SEC::LOW && CTR::$,,,,,different,TN_FP,failure,32,8,success,failure,768115.758,388203.508
DPT::$,SEC::LOW && CTR::EN,,,,,different,TN_FP,failure,16,4,success,failure,461567.105,232986.825
DPT::$,SEC::LOW && CTR::FR,,,,,different,TN_FP,failure,16,4,success,failure,462390.614,233293.811
DPT::$,SEC::LOW && DPT::$,,,,,different,TP_TP,success,32,8,success,success,824045.167,320973.776
DPT::$,SEC::LOW && DPT::$ && CTR::$,,,,,same,same,success,32,32,success,success,820230.012,835952.803
DPT::$,SEC::LOW && DPT::$ && CTR::EN,,,,,same,same,success,16,16,success,success,505543.664,469317.898
DPT::$,SEC::LOW && DPT::$ && CTR::FR,,,,,same,same,success,16,16,success,success,469862.339,493471.183
DPT::$,SEC::LOW && DPT::DEV,,,,,different,TN_TN,failure,16,4,failure,failure,686378.024,232514.774
DPT::$,SEC::LOW && DPT::DEV && CTR::$,,,,,same,same,failure,16,16,failure,failure,692440.285,698724.623
DPT::$,SEC::LOW && DPT::DEV && CTR::EN,,,,,same,same,failure,8,8,failure,failure,381530.400,389073.605
DPT::$,SEC::LOW && DPT::DEV && CTR::FR,,,,,same,same,failure,8,8,failure,failure,381400.456,388697.389
DPT::$,SEC::LOW && DPT::MKG,,,,,different,TN_TN,failure,16,4,failure,failure,686645.090,233142.733
DPT::$,SEC::LOW && DPT::MKG && CTR::$,,,,,same,same,failure,16,16,failure,failure,713661.561,699426.294
DPT::$,SEC::LOW && DPT::MKG && CTR::EN,,,,,same,same,failure,8,8,failure,failure,382047.971,401523.027
DPT::$,SEC::LOW && DPT::MKG && CTR::FR,,,,,same,same,failure,8,8,failure,failure,388599.611,388319.486
DPT::$,SEC::MED,,,,,different,TN_FP,failure,48,3,success,failure,1061240.526,195114.266
DPT::$,SEC::MED && CTR::$,,,,,different,TN_FP,failure,48,12,success,failure,1171822.697,544484.341
DPT::$,SEC::MED && CTR::EN,,,,,different,TN_FP,failure,24,6,success,failure,616978.637,310798.220
DPT::$,SEC::MED && CTR::FR,,,,,different,TN_FP,failure,24,6,success,failure,607911.125,310610.783
DPT::$,SEC::MED && DPT::$,,,,,different,TP_TP,success,48,12,success,success,1105429.013,427443.993
DPT::$,SEC::MED && DPT::$ && CTR::$,,,,,same,same,success,48,48,success,success,1063179.719,1222527.972
DPT::$,SEC::MED && DPT::$ && CTR::EN,,,,,same,same,success,24,24,success,success,654170.976,708430.834
DPT::$,SEC::MED && DPT::$ && CTR::FR,,,,,same,same,success,24,24,success,success,631979.280,642331.292
DPT::$,SEC::MED && DPT::DEV,,,,,different,TN_TN,failure,24,6,failure,failure,1003010.968,311366.716
DPT::$,SEC::MED && DPT::DEV && CTR::$,,,,,same,same,failure,24,24,failure,failure,1026031.503,1013468.569
DPT::$,SEC::MED && DPT::DEV && CTR::EN,,,,,same,same,failure,12,12,failure,failure,539650.925,559208.660
DPT::$,SEC::MED && DPT::DEV && CTR::FR,,,,,same,same,failure,12,12,failure,failure,542230.819,553189.265
DPT::$,SEC::MED && DPT::MKG,,,,,different,TN_TN,failure,24,6,failure,failure,1020108.448,315351.200
DPT::$,SEC::MED && DPT::MKG && CTR::$,,,,,same,same,failure,24,24,failure,failure,1024958.160,1029928.363
DPT::$,SEC::MED && DPT::MKG && CTR::EN,,,,,same,same,failure,12,12,failure,failure,560943.234,574285.471
DPT::$,SEC::MED && DPT::MKG && CTR::FR,,,,,same,same,failure,12,12,failure,failure,542819.784,556021.407
DPT::$ && CTR::$,CTR::$,,,,,different,TN_FP,failure,80,4,success,failure,1793860.148,224449.466
DPT::$ && CTR::$,CTR::EN,,,,,different,TN_TN,failure,40,2,failure,failure,1567148.243,149066.051
DPT::$ && CTR::$,CTR::FR,,,,,different,TN_TN,failure,40,2,failure,failure,1577618.222,147855.620
DPT::$ && CTR::$,DPT::$,,,,,different,TN_FP,failure,80,4,success,failure,2170104.633,222647.015
DPT::$ && CTR::$,DPT::$ && CTR::$,,,,,different,TP_TP,success,80,16,success,success,1907896.807,459056.329
DPT::$ && CTR::$,DPT::$ && CTR::EN,,,,,different,TN_TN,failure,40,8,failure,failure,2031163.229,372269.615
DPT::$ && CTR::$,DPT::$ && CTR::FR,,,,,different,TN_TN,failure,40,8,failure,failure,1889665.374,378573.639
DPT::$ && CTR::$,DPT::DEV,,,,,different,TN_TN,failure,40,2,failure,failure,1695481.985,148733.011
DPT::$ && CTR::$,DPT::DEV && CTR::$,,,,,different,TN_TN,failure,40,8,failure,failure,1762048.071,373525.551
DPT::$ && CTR::$,DPT::DEV && CTR::EN,,,,,different,TN_TN,failure,20,4,failure,failure,939555.030,221213.331
DPT::$ && CTR::$,DPT::DEV && CTR::FR,,,,,different,TN_TN,failure,20,4,failure,failure,883432.103,257278.275
DPT::$ && CTR::$,DPT::MKG,,,,,different,TN_TN,failure,40,2,failure,failure,1803435.629,149763.318
DPT::$ && CTR::$,DPT::MKG && CTR::$,,,,,different,TN_TN,failure,40,8,failure,failure,2213177.076,373651.192
DPT::$ && CTR::$,DPT::MKG && CTR::EN,,,,,different,TN_TN,failure,20,4,failure,failure,1169116.971,225450.664
DPT::$ && CTR::$,DPT::MKG && CTR::FR,,,,,different,TN_TN,failure,20,4,failure,failure,1110244.441,225127.237
DPT::$ && CTR::$,SEC::$,,,,,different,TN_FP,failure,80,5,success,failure,1696198.424,262117.191
DPT::$ && CTR::$,SEC::$ && CTR::$,,,,,different,TN_FP,failure,80,20,success,failure,1629005.582,818371.555
DPT::$ && CTR::$,SEC::$ && CTR::EN,,,,,different,TN_TN,failure,40,10,failure,failure,1575417.514,443401.580
DPT::$ && CTR::$,SEC::$ && CTR::FR,,,,,different,TN_TN,failure,40,10,failure,failure,1576322.211,443995.254
DPT::$ && CTR::$,SEC::$ && DPT::$,,,,,different,TN_FP,failure,80,20,success,failure,1621011.187,824722.728
DPT::$ && CTR::$,SEC::$ && DPT::$ && CTR::$,,,,,same,same,success,80,80,success,success,1648539.984,1602098.060
DPT::$ && CTR::$,SEC::$ && DPT::$ && CTR::EN,,,,,same,same,failure,40,40,failure,failure,1574715.848,1566507.330
DPT::$ && CTR::$,SEC::$ && DPT::$ && CTR::FR,,,,,same,same,failure,40,40,failure,failure,1570827.895,1571689.897
DPT::$ && CTR::$,SEC::$ && DPT::DEV,,,,,different,TN_TN,failure,40,10,failure,failure,1577778.543,445796.698
DPT::$ && CTR::$,SEC::$ && DPT::DEV && CTR::$,,,,,same,same,failure,40,40,failure,failure,1580482.836,1569682.441
DPT::$ && CTR::$,SEC::$ && DPT::DEV && CTR::EN,,,,,same,same,failure,20,20,failure,failure,822677.007,825416.890
DPT::$ && CTR::$,SEC::$ && DPT::DEV && CTR::FR,,,,,same,same,failure,20,20,failure,failure,835061.842,815422.263
DPT::$ && CTR::$,SEC::$ && DPT::MKG,,,,,different,TN_TN,failure,40,10,failure,failure,1586343.248,445584.329
DPT::$ && CTR::$,SEC::$ && DPT::MKG && CTR::$,,,,,same,same,failure,40,40,failure,failure,1579138.333,1566997.475
DPT::$ && CTR::$,SEC::$ && DPT::MKG && CTR::EN,,,,,same,same,failure,20,20,failure,failure,844451.740,829238.504
DPT::$ && CTR::$,SEC::$ && DPT::MKG && CTR::FR,,,,,same,same,failure,20,20,failure,failure,822951.801,813957.821
DPT::$ && CTR::$,SEC::HIG,,,,,different,TN_FP,failure,64,4,success,failure,1594130.235,299695.274
DPT::$ && CTR::$,SEC::HIG && CTR::$,,,,,different,TN_FP,failure,64,16,success,failure,1585628.161,661248.196
DPT::$ && CTR::$,SEC::HIG && CTR::EN,,,,,different,TN_TN,failure,32,8,failure,failure,1493054.302,497203.429
DPT::$ && CTR::$,SEC::HIG && CTR::FR,,,,,different,TN_TN,failure,32,8,failure,failure,1419830.181,417217.966
DPT::$ && CTR::$,SEC::HIG && DPT::$,,,,,different,TN_FP,failure,64,16,success,failure,1450126.735,666596.162
DPT::$ && CTR::$,SEC::HIG && DPT::$ && CTR::$,,,,,same,same,success,64,64,success,success,1325730.860,1417806.205
DPT::$ && CTR::$,SEC::HIG && DPT::$ && CTR::EN,,,,,same,same,failure,32,32,failure,failure,1409765.542,1270799.352
DPT::$ && CTR::$,SEC::HIG && DPT::$ && CTR::FR,,,,,same,same,failure,32,32,failure,failure,1527597.852,1269730.742
DPT::$ && CTR::$,SEC::HIG && DPT::DEV,,,,,different,TN_TN,failure,32,8,failure,failure,1471604.311,369031.606
DPT::$ && CTR::$,SEC::HIG && DPT::DEV && CTR::$,,,,,same,same,failure,32,32,failure,failure,1526523.947,1251828.322
DPT::$ && CTR::$,SEC::HIG && DPT::DEV && CTR::EN,,,,,same,same,failure,16,16,failure,failure,716775.406,664832.424
DPT::$ && CTR::$,SEC::HIG && DPT::DEV && CTR::FR,,,,,same,same,failure,16,16,failure,failure,746987.567,667796.208
DPT::$ && CTR::$,SEC::HIG && DPT::MKG,,,,,different,TN_TN,failure,32,8,failure,failure,1648998.058,369100.530
DPT::$ && CTR::$,SEC::HIG && DPT::MKG && CTR::$,,,,,same,same,failure,32,32,failure,failure,1384446.841,1300306.800
DPT::$ && CTR::$,SEC::HIG && DPT::MKG && CTR::EN,,,,,same,same,failure,16,16,failure,failure,716885.868,666423.399
DPT::$ && CTR::$,SEC::HIG && DPT::MKG && CTR::FR,,,,,same,same,failure,16,16,failure,failure,768105.694,686621.189
DPT::$ && CTR::$,SEC::LOW,,,,,different,TN_FP,failure,32,2,success,failure,944314.328,152184.330
DPT::$ && CTR::$,SEC::LOW && CTR::$,,,,,different,TN_FP,failure,32,8,success,failure,874731.097,372389.254
DPT::$ && CTR::$,SEC::LOW && CTR::EN,,,,,different,TN_TN,failure,16,4,failure,failure,717309.333,223414.274
DPT::$ && CTR::$,SEC::LOW && CTR::FR,,,,,different,TN_TN,failure,16,4,failure,failure,792971.060,223603.589
DPT::$ && CTR::$,SEC::LOW && DPT::$,,,,,different,TN_FP,failure,32,8,success,failure,886982.923,374109.802
DPT::$ && CTR::$,SEC::LOW && DPT::$ && CTR::$,,,,,same,same,success,32,32,success,success,857881.181,792813.480
DPT::$ && CTR::$,SEC::LOW && DPT::$ && CTR::EN,,,,,same,same,failure,16,16,failure,failure,754782.403,670705.390
DPT::$ && CTR::$,SEC::LOW && DPT::$ && CTR::FR,,,,,same,same,failure,16,16,failure,failure,733926.117,682321.529
DPT::$ && CTR::$,SEC::LOW && DPT::DEV,,,,,different,TN_TN,failure,16,4,failure,failure,759355.912,226587.617
DPT::$ && CTR::$,SEC::LOW && DPT::DEV && CTR::$,,,,,same,same,failure,16,16,failure,failure,848083.112,673764.108
DPT::$ && CTR::$,SEC::LOW && DPT::DEV && CTR::EN,,,,,same,same,failure,8,8,failure,failure,434249.102,379246.742
DPT::$ && CTR::$,SEC::LOW && DPT::DEV && CTR::FR,,,,,same,same,failure,8,8,failure,failure,459218.248,376419.574
DPT::$ && CTR::$,SEC::LOW && DPT::MKG,,,,,different,TN_TN,failure,16,4,failure,failure,758106.358,221983.856
DPT::$ && CTR::$,SEC::LOW && DPT::MKG && CTR::$,,,,,same,same,failure,16,16,failure,failure,754362.441,681402.100
DPT::$ && CTR::$,SEC::LOW && DPT::MKG && CTR::EN,,,,,same,same,failure,8,8,failure,failure,397702.775,375659.613
DPT::$ && CTR::$,SEC::LOW && DPT::MKG && CTR::FR,,,,,same,same,failure,8,8,failure,failure,426745.172,375235.282
DPT::$ && CTR::$,SEC::MED,,,,,different,TN_FP,failure,48,3,success,failure,1175196.780,186768.020
DPT::$ && CTR::$,SEC::MED && CTR::$,,,,,different,TN_FP,failure,48,12,success,failure,1237760.359,527073.152
DPT::$ && CTR::$,SEC::MED && CTR::EN,,,,,different,TN_TN,failure,24,6,failure,failure,1042747.338,298513.702
DPT::$ && CTR::$,SEC::MED && CTR::FR,,,,,different,TN_TN,failure,24,6,failure,failure,1184670.736,298789.339
DPT::$ && CTR::$,SEC::MED && DPT::$,,,,,different,TN_FP,failure,48,12,success,failure,1145339.861,523558.720
DPT::$ && CTR::$,SEC::MED && DPT::$ && CTR::$,,,,,same,same,success,48,48,success,success,1164288.554,1393360.917
DPT::$ && CTR::$,SEC::MED && DPT::$ && CTR::EN,,,,,same,same,failure,24,24,failure,failure,1072485.053,1139162.474
DPT::$ && CTR::$,SEC::MED && DPT::$ && CTR::FR,,,,,same,same,failure,24,24,failure,failure,1152247.799,1301787.618
DPT::$ && CTR::$,SEC::MED && DPT::DEV,,,,,different,TN_TN,failure,24,6,failure,failure,1071979.250,299100.498
DPT::$ && CTR::$,SEC::MED && DPT::DEV && CTR::$,,,,,same,same,failure,24,24,failure,failure,1047124.860,973564.358
DPT::$ && CTR::$,SEC::MED && DPT::DEV && CTR::EN,,,,,same,same,failure,12,12,failure,failure,561651.277,519810.615
DPT::$ && CTR::$,SEC::MED && DPT::DEV && CTR::FR,,,,,same,same,failure,12,12,failure,failure,605317.233,527056.987
DPT::$ && CTR::$,SEC::MED && DPT::MKG,,,,,different,TN_TN,failure,24,6,failure,failure,1108398.613,306155.606
DPT::$ && CTR::$,SEC::MED && DPT::MKG && CTR::$,,,,,same,same,failure,24,24,failure,failure,1046445.470,966549.896
DPT::$ && CTR::$,SEC::MED && DPT::MKG && CTR::EN,,,,,same,same,failure,12,12,failure,failure,593754.024,523029.523
DPT::$ && CTR::$,SEC::MED && DPT::MKG && CTR::FR,,,,,same,same,failure,12,12,failure,failure,594264.115,518646.781
DPT::$ && CTR::EN,CTR::$,,,,,different,TN_FP,failure,80,4,success,failure,1757569.981,254285.071
DPT::$ && CTR::EN,CTR::EN,,,,,different,TN_FP,failure,40,2,success,failure,976450.006,157563.765
DPT::$ && CTR::EN,CTR::FR,,,,,different,TN_TN,failure,40,2,failure,failure,1717478.370,157622.204
DPT::$ && CTR::EN,DPT::$,,,,,different,TN_FP,failure,80,4,success,failure,2141423.159,246687.128
DPT::$ && CTR::EN,DPT::$ && CTR::$,,,,,different,TP_TP,success,80,16,success,success,2025028.567,479921.032
DPT::$ && CTR::EN,DPT::$ && CTR::EN,,,,,different,TP_TP,success,40,8,success,success,1265197.404,328431.194
DPT::$ && CTR::EN,DPT::$ && CTR::FR,,,,,different,TN_TN,failure,40,8,failure,failure,1981292.198,395837.868
DPT::$ && CTR::EN,DPT::DEV,,,,,different,TN_TN,failure,40,2,failure,failure,1727199.214,160903.741
DPT::$ && CTR::EN,DPT::DEV && CTR::$,,,,,different,TN_TN,failure,40,8,failure,failure,2150164.851,408967.410
DPT::$ && CTR::EN,DPT::DEV && CTR::EN,,,,,different,TN_TN,failure,20,4,failure,failure,908592.402,241608.437
DPT::$ && CTR::EN,DPT::DEV && CTR::FR,,,,,different,TN_TN,failure,20,4,failure,failure,943327.246,239076.348
DPT::$ && CTR::EN,DPT::MKG,,,,,different,TN_TN,failure,40,2,failure,failure,1921666.761,158328.750
DPT::$ && CTR::EN,DPT::MKG && CTR::$,,,,,different,TN_TN,failure,40,8,failure,failure,2303075.524,397739.710
DPT::$ && CTR::EN,DPT::MKG && CTR::EN,,,,,different,TN_TN,failure,20,4,failure,failure,1090816.549,247523.152
DPT::$ && CTR::EN,DPT::MKG && CTR::FR,,,,,different,TN_TN,failure,20,4,failure,failure,1242716.240,238769.272
DPT::$ && CTR::EN,SEC::$,,,,,different,TN_FP,failure,80,5,success,failure,1784639.447,276902.955
DPT::$ && CTR::EN,SEC::$ && CTR::$,,,,,different,TN_FP,failure,80,20,success,failure,1761285.756,873647.088
DPT::$ && CTR::EN,SEC::$ && CTR::EN,,,,,different,TN_FP,failure,40,10,success,failure,979484.543,475014.738
DPT::$ && CTR::EN,SEC::$ && CTR::FR,,,,,different,TN_TN,failure,40,10,failure,failure,1730994.117,474265.453
DPT::$ && CTR::EN,SEC::$ && DPT::$,,,,,different,TN_FP,failure,80,20,success,failure,1784337.726,874662.353
DPT::$ && CTR::EN,SEC::$ && DPT::$ && CTR::$,,,,,same,same,success,80,80,success,success,1830566.530,1687859.637
DPT::$ && CTR::EN,SEC::$ && DPT::$ && CTR::EN,,,,,same,same,success,40,40,success,success,997991.177,951008.139
DPT::$ && CTR::EN,SEC::$ && DPT::$ && CTR::FR,,,,,same,same,failure,40,40,failure,failure,1733463.835,1672969.613
DPT::$ && CTR::EN,SEC::$ && DPT::DEV,,,,,different,TN_TN,failure,40,10,failure,failure,1746261.380,475136.662
DPT::$ && CTR::EN,SEC::$ && DPT::DEV && CTR::$,,,,,same,same,failure,40,40,failure,failure,1741743.660,1666787.160
DPT::$ && CTR::EN,SEC::$ && DPT::DEV && CTR::EN,,,,,same,same,failure,20,20,failure,failure,918155.330,872969.978
DPT::$ && CTR::EN,SEC::$ && DPT::DEV && CTR::FR,,,,,same,same,failure,20,20,failure,failure,913567.760,869727.306
DPT::$ && CTR::EN,SEC::$ && DPT::MKG,,,,,different,TN_TN,failure,40,10,failure,failure,1740712.737,478842.814
DPT::$ && CTR::EN,SEC::$ && DPT::MKG && CTR::$,,,,,same,same,failure,40,40,failure,failure,1734148.218,1666266.394
DPT::$ && CTR::EN,SEC::$ && DPT::MKG && CTR::EN,,,,,same,same,failure,20,20,failure,failure,912368.079,871585.611
DPT::$ && CTR::EN,SEC::$ && DPT::MKG && CTR::FR,,,,,same,same,failure,20,20,failure,failure,910230.139,873940.679
DPT::$ && CTR::EN,SEC::HIG,,,,,different,TN_FP,failure,64,4,success,failure,1607754.996,237010.442
DPT::$ && CTR::EN,SEC::HIG && CTR::$,,,,,different,TN_FP,failure,64,16,success,failure,1636945.871,708665.334
DPT::$ && CTR::EN,SEC::HIG && CTR::EN,,,,,different,TN_FP,failure,32,8,success,failure,980106.790,395164.565
DPT::$ && CTR::EN,SEC::HIG && CTR::FR,,,,,different,TN_TN,failure,32,8,failure,failure,1660858.190,390321.275
DPT::$ && CTR::EN,SEC::HIG && DPT::$,,,,,different,TN_FP,failure,64,16,success,failure,1545602.864,711480.855
DPT::$ && CTR::EN,SEC::HIG && DPT::$ && CTR::$,,,,,same,same,success,64,64,success,success,1467013.335,1399200.014
DPT::$ && CTR::EN,SEC::HIG && DPT::$ && CTR::EN,,,,,same,same,success,32,32,success,success,937287.577,805844.557
DPT::$ && CTR::EN,SEC::HIG && DPT::$ && CTR::FR,,,,,same,same,failure,32,32,failure,failure,1451450.397,1348797.902
DPT::$ && CTR::EN,SEC::HIG && DPT::DEV,,,,,different,TN_TN,failure,32,8,failure,failure,1569219.859,393795.231
DPT::$ && CTR::EN,SEC::HIG && DPT::DEV && CTR::$,,,,,same,same,failure,32,32,failure,failure,1516153.555,1339299.050
DPT::$ && CTR::EN,SEC::HIG && DPT::DEV && CTR::EN,,,,,same,same,failure,16,16,failure,failure,830726.730,705708.348
DPT::$ && CTR::EN,SEC::HIG && DPT::DEV && CTR::FR,,,,,same,same,failure,16,16,failure,failure,849331.132,715965.066
DPT::$ && CTR::EN,SEC::HIG && DPT::MKG,,,,,different,TN_TN,failure,32,8,failure,failure,1551523.945,394486.478
DPT::$ && CTR::EN,SEC::HIG && DPT::MKG && CTR::$,,,,,same,same,failure,32,32,failure,failure,1514507.151,1361168.120
DPT::$ && CTR::EN,SEC::HIG && DPT::MKG && CTR::EN,,,,,same,same,failure,16,16,failure,failure,810912.444,715928.528
DPT::$ && CTR::EN,SEC::HIG && DPT::MKG && CTR::FR,,,,,same,same,failure,16,16,failure,failure,807989.907,724705.772
DPT::$ && CTR::EN,SEC::LOW,,,,,different,TN_FP,failure,32,2,success,failure,1038894.757,158186.448
DPT::$ && CTR::EN,SEC::LOW && CTR::$,,,,,different,TN_FP,failure,32,8,success,failure,924494.471,400942.478
DPT::$ && CTR::EN,SEC::LOW && CTR::EN,,,,,different,TN_FP,failure,16,4,success,failure,577755.905,239436.563
DPT::$ && CTR::EN,SEC::LOW && CTR::FR,,,,,different,TN_TN,failure,16,4,failure,failure,814409.514,241180.239
DPT::$ && CTR::EN,SEC::LOW && DPT::$,,,,,different,TN_FP,failure,32,8,success,failure,857410.768,401728.693
DPT::$ && CTR::EN,SEC::LOW && DPT::$ && CTR::$,,,,,same,same,success,32,32,success,success,992017.091,790061.883
DPT::$ && CTR::EN,SEC::LOW && DPT::$ && CTR::EN,,,,,same,same,success,16,16,success,success,583060.010,526238.151
DPT::$ && CTR::EN,SEC::LOW && DPT::$ && CTR::FR,,,,,same,same,failure,16,16,failure,failure,828554.931,713911.760
DPT::$ && CTR::EN,SEC::LOW && DPT::DEV,,,,,different,TN_TN,failure,16,4,failure,failure,799349.680,241433.343
DPT::$ && CTR::EN,SEC::LOW && DPT::DEV && CTR::$,,,,,same,same,failure,16,16,failure,failure,925826.349,738938.363
DPT::$ && CTR::EN,SEC::LOW && DPT::DEV && CTR::EN,,,,,same,same,failure,8,8,failure,failure,445758.382,400179.432
DPT::$ && CTR::EN,SEC::LOW && DPT::DEV && CTR::FR,,,,,same,same,failure,8,8,failure,failure,454792.427,396508.906
DPT::$ && CTR::EN,SEC::LOW && DPT::MKG,,,,,different,TN_TN,failure,16,4,failure,failure,808473.404,240264.451
DPT::$ && CTR::EN,SEC::LOW && DPT::MKG && CTR::$,,,,,same,same,failure,16,16,failure,failure,897062.895,716058.512
DPT::$ && CTR::EN,SEC::LOW && DPT::MKG && CTR::EN,,,,,same,same,failure,8,8,failure,failure,446797.595,407903.365
DPT::$ && CTR::EN,SEC::LOW && DPT::MKG && CTR::FR,,,,,same,same,failure,8,8,failure,failure,430909.608,400655.850
DPT::$ && CTR::EN,SEC::MED,,,,,different,TN_FP,failure,48,3,success,failure,1274754.385,200900.223
DPT::$ && CTR::EN,SEC::MED && CTR::$,,,,,different,TN_FP,failure,48,12,success,failure,1252218.613,564642.593
DPT::$ && CTR::EN,SEC::MED && CTR::EN,,,,,different,TN_FP,failure,24,6,success,failure,680710.101,319753.323
DPT::$ && CTR::EN,SEC::MED && CTR::FR,,,,,different,TN_TN,failure,24,6,failure,failure,1164293.823,319352.731
DPT::$ && CTR::EN,SEC::MED && DPT::$,,,,,different,TN_FP,failure,48,12,success,failure,1359049.587,554405.522
DPT::$ && CTR::EN,SEC::MED && DPT::$ && CTR::$,,,,,same,same,success,48,48,success,success,1204207.903,1087913.404
DPT::$ && CTR::EN,SEC::MED && DPT::$ && CTR::EN,,,,,same,same,success,24,24,success,success,817150.485,642879.286
DPT::$ && CTR::EN,SEC::MED && DPT::$ && CTR::FR,,,,,same,same,failure,24,24,failure,failure,1175888.688,1026639.995
DPT::$ && CTR::EN,SEC::MED && DPT::DEV,,,,,different,TN_TN,failure,24,6,failure,failure,1161735.330,318399.858
DPT::$ && CTR::EN,SEC::MED && DPT::DEV && CTR::$,,,,,same,same,failure,24,24,failure,failure,1201588.284,1034335.685
DPT::$ && CTR::EN,SEC::MED && DPT::DEV && CTR::EN,,,,,same,same,failure,12,12,failure,failure,649647.015,552788.728
DPT::$ && CTR::EN,SEC::MED && DPT::DEV && CTR::FR,,,,,same,same,failure,12,12,failure,failure,637009.756,570449.345
DPT::$ && CTR::EN,SEC::MED && DPT::MKG,,,,,different,TN_TN,failure,24,6,failure,failure,1210325.142,320910.222
DPT::$ && CTR::EN,SEC::MED && DPT::MKG && CTR::$,,,,,same,same,failure,24,24,failure,failure,1350042.447,1045495.172
DPT::$ && CTR::EN,SEC::MED && DPT::MKG && CTR::EN,,,,,same,same,failure,12,12,failure,failure,792245.208,555708.701
DPT::$ && CTR::EN,SEC::MED && DPT::MKG && CTR::FR,,,,,same,same,failure,12,12,failure,failure,774367.836,557509.674
DPT::$ && CTR::FR,CTR::$,,,,,different,TN_FP,failure,80,4,success,failure,1649393.319,226375.794
DPT::$ && CTR::FR,CTR::EN,,,,,different,TN_TN,failure,40,2,failure,failure,1572220.637,150381.193
DPT::$ && CTR::FR,CTR::FR,,,,,different,TN_FP,failure,40,2,success,failure,903869.939,149680.237
DPT::$ && CTR::FR,DPT::$,,,,,different,TN_FP,failure,80,4,success,failure,1924735.151,231953.131
DPT::$ && CTR::FR,DPT::$ && CTR::$,,,,,different,TP_TP,success,80,16,success,success,2315799.726,474117.050
DPT::$ && CTR::FR,DPT::$ && CTR::EN,,,,,different,TN_TN,failure,40,8,failure,failure,1906671.243,373351.940
DPT::$ && CTR::FR,DPT::$ && CTR::FR,,,,,different,TP_TP,success,40,8,success,success,1314496.221,321705.985
DPT::$ && CTR::FR,DPT::DEV,,,,,different,TN_TN,failure,40,2,failure,failure,1567545.683,153531.402
DPT::$ && CTR::FR,DPT::DEV && CTR::$,,,,,different,TN_TN,failure,40,8,failure,failure,1563891.905,376825.781
DPT::$ && CTR::FR,DPT::DEV && CTR::EN,,,,,different,TN_TN,failure,20,4,failure,failure,826298.630,226558.146
DPT::$ && CTR::FR,DPT::DEV && CTR::FR,,,,,different,TN_TN,failure,20,4,failure,failure,815165.627,222354.867
DPT::$ && CTR::FR,DPT::MKG,,,,,different,TN_TN,failure,40,2,failure,failure,1576772.390,151888.600
DPT::$ && CTR::FR,DPT::MKG && CTR::$,,,,,different,TN_TN,failure,40,8,failure,failure,1634435.772,373683.637
DPT::$ && CTR::FR,DPT::MKG && CTR::EN,,,,,different,TN_TN,failure,20,4,failure,failure,821122.460,221863.416
DPT::$ && CTR::FR,DPT::MKG && CTR::FR,,,,,different,TN_TN,failure,20,4,failure,failure,820407.629,223596.071
DPT::$ && CTR::FR,SEC::$,,,,,different,TN_FP,failure,80,5,success,failure,1886163.045,352438.486
DPT::$ && CTR::FR,SEC::$ && CTR::$,,,,,different,TN_FP,failure,80,20,success,failure,1866002.679,1108230.569
DPT::$ && CTR::FR,SEC::$ && CTR::EN,,,,,different,TN_TN,failure,40,10,failure,failure,1726325.836,602860.145
DPT::$ && CTR::FR,SEC::$ && CTR::FR,,,,,different,TN_FP,failure,40,10,success,failure,1047470.027,604694.546
DPT::$ && CTR::FR,SEC::$ && DPT::$,,,,,different,TN_FP,failure,80,20,success,failure,1650446.414,1107356.404
DPT::$ && CTR::FR,SEC::$ && DPT::$ && CTR::$,,,,,same,same,success,80,80,success,success,1659053.083,2176741.377
DPT::$ && CTR::FR,SEC::$ && DPT::$ && CTR::EN,,,,,same,same,failure,40,40,failure,failure,1584600.168,2111150.294
DPT::$ && CTR::FR,SEC::$ && DPT::$ && CTR::FR,,,,,same,same,success,40,40,success,success,911092.737,1191639.106
DPT::$ && CTR::FR,SEC::$ && DPT::DEV,,,,,different,TN_TN,failure,40,10,failure,failure,1792262.867,606517.956
DPT::$ && CTR::FR,SEC::$ && DPT::DEV && CTR::$,,,,,same,same,failure,40,40,failure,failure,1583525.743,2100489.848
DPT::$ && CTR::FR,SEC::$ && DPT::DEV && CTR::EN,,,,,same,same,failure,20,20,failure,failure,867414.909,1104462.531
DPT::$ && CTR::FR,SEC::$ && DPT::DEV && CTR::FR,,,,,same,same,failure,20,20,failure,failure,822860.255,1102269.046
DPT::$ && CTR::FR,SEC::$ && DPT::MKG,,,,,different,TN_TN,failure,40,10,failure,failure,1588727.455,599860.794
DPT::$ && CTR::FR,SEC::$ && DPT::MKG && CTR::$,,,,,same,same,failure,40,40,failure,failure,1578612.286,2116881.440
DPT::$ && CTR::FR,SEC::$ && DPT::MKG && CTR::EN,,,,,same,same,failure,20,20,failure,failure,833828.279,1102733.802
DPT::$ && CTR::FR,SEC::$ && DPT::MKG && CTR::FR,,,,,same,same,failure,20,20,failure,failure,818505.943,1101223.965
DPT::$ && CTR::FR,SEC::HIG,,,,,different,TN_FP,failure,64,4,success,failure,1658824.991,235650.316
DPT::$ && CTR::FR,SEC::HIG && CTR::$,,,,,different,TN_FP,failure,64,16,success,failure,1430793.455,671377.927
DPT::$ && CTR::FR,SEC::HIG && CTR::EN,,,,,different,TN_TN,failure,32,8,failure,failure,1484272.509,373949.285
DPT::$ && CTR::FR,SEC::HIG && CTR::FR,,,,,different,TN_FP,failure,32,8,success,failure,844331.214,373290.970
DPT::$ && CTR::FR,SEC::HIG && DPT::$,,,,,different,TN_FP,failure,64,16,success,failure,1917526.289,664967.427
DPT::$ && CTR::FR,SEC::HIG && DPT::$ && CTR::$,,,,,same,same,success,64,64,success,success,1722249.234,1855861.732
DPT::$ && CTR::FR,SEC::HIG && DPT::$ && CTR::EN,,,,,same,same,failure,32,32,failure,failure,1679091.185,1350231.747
DPT::$ && CTR::FR,SEC::HIG && DPT::$ && CTR::FR,,,,,same,same,success,32,32,success,success,805112.885,999324.343
DPT::$ && CTR::FR,SEC::HIG && DPT::DEV,,,,,different,TN_TN,failure,32,8,failure,failure,1401266.705,374876.324
DPT::$ && CTR::FR,SEC::HIG && DPT::DEV && CTR::$,,,,,same,same,failure,32,32,failure,failure,1496682.768,1264558.650
DPT::$ && CTR::FR,SEC::HIG && DPT::DEV && CTR::EN,,,,,same,same,failure,16,16,failure,failure,746821.630,666916.429
DPT::$ && CTR::FR,SEC::HIG && DPT::DEV && CTR::FR,,,,,same,same,failure,16,16,failure,failure,843272.699,667681.289
DPT::$ && CTR::FR,SEC::HIG && DPT::MKG,,,,,different,TN_TN,failure,32,8,failure,failure,1443444.992,366926.212
DPT::$ && CTR::FR,SEC::HIG && DPT::MKG && CTR::$,,,,,same,same,failure,32,32,failure,failure,1403151.822,1260147.116
DPT::$ && CTR::FR,SEC::HIG && DPT::MKG && CTR::EN,,,,,same,same,failure,16,16,failure,failure,722960.794,665708.848
DPT::$ && CTR::FR,SEC::HIG && DPT::MKG && CTR::FR,,,,,same,same,failure,16,16,failure,failure,789719.606,669001.429
DPT::$ && CTR::FR,SEC::LOW,,,,,different,TN_FP,failure,32,2,success,failure,1110344.298,150248.734
DPT::$ && CTR::FR,SEC::LOW && CTR::$,,,,,different,TN_FP,failure,32,8,success,failure,832997.600,375248.923
DPT::$ && CTR::FR,SEC::LOW && CTR::EN,,,,,different,TN_TN,failure,16,4,failure,failure,932730.048,229793.916
DPT::$ && CTR::FR,SEC::LOW && CTR::FR,,,,,different,TN_FP,failure,16,4,success,failure,551831.363,227929.434
DPT::$ && CTR::FR,SEC::LOW && DPT::$,,,,,different,TN_FP,failure,32,8,success,failure,949286.534,374673.834
DPT::$ && CTR::FR,SEC::LOW && DPT::$ && CTR::$,,,,,same,same,success,32,32,success,success,791015.593,781821.471
DPT::$ && CTR::FR,SEC::LOW && DPT::$ && CTR::EN,,,,,same,same,failure,16,16,failure,failure,857801.431,676432.583
DPT::$ && CTR::FR,SEC::LOW && DPT::$ && CTR::FR,,,,,same,same,success,16,16,success,success,521562.591,470863.593
DPT::$ && CTR::FR,SEC::LOW && DPT::DEV,,,,,different,TN_TN,failure,16,4,failure,failure,900866.991,224368.394
DPT::$ && CTR::FR,SEC::LOW && DPT::DEV && CTR::$,,,,,same,same,failure,16,16,failure,failure,795838.959,669292.541
DPT::$ && CTR::FR,SEC::LOW && DPT::DEV && CTR::EN,,,,,same,same,failure,8,8,failure,failure,492204.182,375153.744
DPT::$ && CTR::FR,SEC::LOW && DPT::DEV && CTR::FR,,,,,same,same,failure,8,8,failure,failure,514103.725,377882.453
DPT::$ && CTR::FR,SEC::LOW && DPT::MKG,,,,,different,TN_TN,failure,16,4,failure,failure,746976.456,222683.429
DPT::$ && CTR::FR,SEC::LOW && DPT::MKG && CTR::$,,,,,same,same,failure,16,16,failure,failure,828680.537,679601.252
DPT::$ && CTR::FR,SEC::LOW && DPT::MKG && CTR::EN,,,,,same,same,failure,8,8,failure,failure,482622.419,371003.796
DPT::$ && CTR::FR,SEC::LOW && DPT::MKG && CTR::FR,,,,,same,same,failure,8,8,failure,failure,466419.070,389042.692
DPT::$ && CTR::FR,SEC::MED,,,,,different,TN_FP,failure,48,3,success,failure,1323917.928,186494.152
DPT::$ && CTR::FR,SEC::MED && CTR::$,,,,,different,TN_FP,failure,48,12,success,failure,1228132.575,525612.187
DPT::$ && CTR::FR,SEC::MED && CTR::EN,,,,,different,TN_TN,failure,24,6,failure,failure,1092701.209,301636.735
DPT::$ && CTR::FR,SEC::MED && CTR::FR,,,,,different,TN_FP,failure,24,6,success,failure,754121.674,301417.569
DPT::$ && CTR::FR,SEC::MED && DPT::$,,,,,different,TN_FP,failure,48,12,success,failure,1152943.279,526438.086
DPT::$ && CTR::FR,SEC::MED && DPT::$ && CTR::$,,,,,same,same,success,48,48,success,success,1277571.945,1065304.925
DPT::$ && CTR::FR,SEC::MED && DPT::$ && CTR::EN,,,,,same,same,failure,24,24,failure,failure,1081974.137,968891.127
DPT::$ && CTR::FR,SEC::MED && DPT::$ && CTR::FR,,,,,same,same,success,24,24,success,success,640011.401,640318.618
DPT::$ && CTR::FR,SEC::MED && DPT::DEV,,,,,different,TN_TN,failure,24,6,failure,failure,1103826.532,304519.026
DPT::$ && CTR::FR,SEC::MED && DPT::DEV && CTR::$,,,,,same,same,failure,24,24,failure,failure,1073740.157,979688.306
DPT::$ && CTR::FR,SEC::MED && DPT::DEV && CTR::EN,,,,,same,same,failure,12,12,failure,failure,606076.638,522088.523
DPT::$ && CTR::FR,SEC::MED && DPT::DEV && CTR::FR,,,,,same,same,failure,12,12,failure,failure,543379.880,522904.698
DPT::$ && CTR::FR,SEC::MED && DPT::MKG,,,,,different,TN_TN,failure,24,6,failure,failure,1069178.366,298777.527
DPT::$ && CTR::FR,SEC::MED && DPT::MKG && CTR::$,,,,,same,same,failure,24,24,failure,failure,1137420.786,975702.012
DPT::$ && CTR::FR,SEC::MED && DPT::MKG && CTR::EN,,,,,same,same,failure,12,12,failure,failure,572930.830,519991.013
DPT::$ && CTR::FR,SEC::MED && DPT::MKG && CTR::FR,,,,,same,same,failure,12,12,failure,failure,597378.652,533735.825
DPT::DEV,CTR::$,,,,,different,TN_FP,failure,80,4,success,failure,1869662.304,219108.723
DPT::DEV,CTR::EN,,,,,different,TN_FP,failure,40,2,success,failure,1094488.562,145775.634
DPT::DEV,CTR::FR,,,,,different,TN_FP,failure,40,2,success,failure,1136935.086,146043.752
DPT::DEV,DPT::$,,,,,different,TP_TP,success,80,4,success,success,1891455.678,235835.598
DPT::DEV,DPT::$ && CTR::$,,,,,different,TP_TP,success,80,16,success,success,1870274.607,454405.836
DPT::DEV,DPT::$ && CTR::EN,,,,,different,TP_TP,success,40,8,success,success,1029285.407,301186.185
DPT::DEV,DPT::$ && CTR::FR,,,,,different,TP_TP,success,40,8,success,success,1071196.602,303360.784
DPT::DEV,DPT::DEV,,,,,different,TP_TP,success,40,2,success,success,1037707.139,191861.570
DPT::DEV,DPT::DEV && CTR::$,,,,,different,TP_TP,success,40,8,success,success,1061833.283,306450.475
DPT::DEV,DPT::DEV && CTR::EN,,,,,different,TP_TP,success,20,4,success,success,630169.520,230427.584
DPT::DEV,DPT::DEV && CTR::FR,,,,,different,TP_TP,success,20,4,success,success,619662.738,231020.516
DPT::DEV,DPT::MKG,,,,,different,TN_TN,failure,40,2,failure,failure,1823463.592,149105.475
DPT::DEV,DPT::MKG && CTR::$,,,,,different,TN_TN,failure,40,8,failure,failure,1818331.675,453584.456
DPT::DEV,DPT::MKG && CTR::EN,,,,,different,TN_TN,failure,20,4,failure,failure,955005.276,225961.568
DPT::DEV,DPT::MKG && CTR::FR,,,,,different,TN_TN,failure,20,4,failure,failure,953405.645,279139.767
DPT::DEV,SEC::$,,,,,different,TN_FP,failure,80,5,success,failure,2075300.254,267959.475
DPT::DEV,SEC::$ && CTR::$,,,,,different,TN_FP,failure,80,20,success,failure,1914000.416,829340.896
DPT::DEV,SEC::$ && CTR::EN,,,,,different,TN_FP,failure,40,10,success,failure,1091387.725,454713.539
DPT::DEV,SEC::$ && CTR::FR,,,,,different,TN_FP,failure,40,10,success,failure,1084512.894,444179.584
DPT::DEV,SEC::$ && DPT::$,,,,,different,TP_TP,success,80,20,success,success,2028728.207,553377.267
DPT::DEV,SEC::$ && DPT::$ && CTR::$,,,,,same,same,success,80,80,success,success,1929138.562,1601846.107
DPT::DEV,SEC::$ && DPT::$ && CTR::EN,,,,,same,same,success,40,40,success,success,1037111.517,916131.488
DPT::DEV,SEC::$ && DPT::$ && CTR::FR,,,,,same,same,success,40,40,success,success,1137133.357,926525.605
DPT::DEV,SEC::$ && DPT::DEV,,,,,different,TP_TP,success,40,10,success,success,1089043.678,337482.427
DPT::DEV,SEC::$ && DPT::DEV && CTR::$,,,,,same,same,success,40,40,success,success,1123885.698,897436.692
DPT::DEV,SEC::$ && DPT::DEV && CTR::EN,,,,,same,same,success,20,20,success,success,629848.989,526757.059
DPT::DEV,SEC::$ && DPT::DEV && CTR::FR,,,,,same,same,success,20,20,success,success,617229.082,534553.404
DPT::DEV,SEC::$ && DPT::MKG,,,,,different,TN_TN,failure,40,10,failure,failure,1859556.312,492810.769
DPT::DEV,SEC::$ && DPT::MKG && CTR::$,,,,,same,same,failure,40,40,failure,failure,1859855.669,1569494.585
DPT::DEV,SEC::$ && DPT::MKG && CTR::EN,,,,,same,same,failure,20,20,failure,failure,984005.418,819424.180
DPT::DEV,SEC::$ && DPT::MKG && CTR::FR,,,,,same,same,failure,20,20,failure,failure,967086.693,817566.696
DPT::DEV,SEC::HIG,,,,,different,TN_FP,failure,64,4,success,failure,1598103.147,231607.573
DPT::DEV,SEC::HIG && CTR::$,,,,,different,TN_FP,failure,64,16,success,failure,1543633.184,705784.870
DPT::DEV,SEC::HIG && CTR::EN,,,,,different,TN_FP,failure,32,8,success,failure,897744.930,367281.894
DPT::DEV,SEC::HIG && CTR::FR,,,,,different,TN_FP,failure,32,8,success,failure,942889.003,370405.538
DPT::DEV,SEC::HIG && DPT::$,,,,,different,TP_TP,success,64,16,success,success,1593379.446,540062.417
DPT::DEV,SEC::HIG && DPT::$ && CTR::$,,,,,same,same,success,64,64,success,success,1657532.806,1429268.035
DPT::DEV,SEC::HIG && DPT::$ && CTR::EN,,,,,same,same,success,32,32,success,success,919515.877,831268.277
DPT::DEV,SEC::HIG && DPT::$ && CTR::FR,,,,,same,same,success,32,32,success,success,893721.478,787177.167
DPT::DEV,SEC::HIG && DPT::DEV,,,,,different,TP_TP,success,32,8,success,success,937925.519,298793.236
DPT::DEV,SEC::HIG && DPT::DEV && CTR::$,,,,,same,same,success,32,32,success,success,893826.846,730112.964
DPT::DEV,SEC::HIG && DPT::DEV && CTR::EN,,,,,same,same,success,16,16,success,success,530468.486,432927.845
DPT::DEV,SEC::HIG && DPT::DEV && CTR::FR,,,,,same,same,success,16,16,success,success,546159.483,441344.872
DPT::DEV,SEC::HIG && DPT::MKG,,,,,different,TN_TN,failure,32,8,failure,failure,1511546.748,368449.118
DPT::DEV,SEC::HIG && DPT::MKG && CTR::$,,,,,same,same,failure,32,32,failure,failure,1502414.769,1331736.870
DPT::DEV,SEC::HIG && DPT::MKG && CTR::EN,,,,,same,same,failure,16,16,failure,failure,793505.603,670201.130
DPT::DEV,SEC::HIG && DPT::MKG && CTR::FR,,,,,same,same,failure,16,16,failure,failure,794170.535,659670.287
DPT::DEV,SEC::LOW,,,,,different,TN_FP,failure,32,2,success,failure,869248.197,154496.252
DPT::DEV,SEC::LOW && CTR::$,,,,,different,TN_FP,failure,32,8,success,failure,894712.677,367377.328
DPT::DEV,SEC::LOW && CTR::EN,,,,,different,TN_FP,failure,16,4,success,failure,544054.054,222923.003
DPT::DEV,SEC::LOW && CTR::FR,,,,,different,TN_FP,failure,16,4,success,failure,538117.609,222259.693
DPT::DEV,SEC::LOW && DPT::$,,,,,different,TP_TP,success,32,8,success,success,910110.755,298248.119
DPT::DEV,SEC::LOW && DPT::$ && CTR::$,,,,,same,same,success,32,32,success,success,910101.007,824853.468
DPT::DEV,SEC::LOW && DPT::$ && CTR::EN,,,,,same,same,success,16,16,success,success,555903.556,446123.101
DPT::DEV,SEC::LOW && DPT::$ && CTR::FR,,,,,same,same,success,16,16,success,success,550994.423,449621.628
DPT::DEV,SEC::LOW && DPT::DEV,,,,,different,TP_TP,success,16,4,success,success,527446.568,232013.179
DPT::DEV,SEC::LOW && DPT::DEV && CTR::$,,,,,same,same,success,16,16,success,success,525205.549,469953.280
DPT::DEV,SEC::LOW && DPT::DEV && CTR::EN,,,,,same,same,success,8,8,success,success,353995.392,299470.732
DPT::DEV,SEC::LOW && DPT::DEV && CTR::FR,,,,,same,same,success,8,8,success,success,356233.395,296975.402
DPT::DEV,SEC::LOW && DPT::MKG,,,,,different,TN_TN,failure,16,4,failure,failure,789805.919,220290.229
DPT::DEV,SEC::LOW && DPT::MKG && CTR::$,,,,,same,same,failure,16,16,failure,failure,791300.351,680213.285
DPT::DEV,SEC::LOW && DPT::MKG && CTR::EN,,,,,same,same,failure,8,8,failure,failure,439667.436,367519.580
DPT::DEV,SEC::LOW && DPT::MKG && CTR::FR,,,,,same,same,failure,8,8,failure,failure,446283.231,368131.923
DPT::DEV,SEC::MED,,,,,different,TN_FP,failure,48,3,success,failure,1225381.519,186164.022
DPT::DEV,SEC::MED && CTR::$,,,,,different,TN_FP,failure,48,12,success,failure,1209190.058,515353.530
DPT::DEV,SEC::MED && CTR::EN,,,,,different,TN_FP,failure,24,6,success,failure,694444.534,296201.399
DPT::DEV,SEC::MED && CTR::FR,,,,,different,TN_FP,failure,24,6,success,failure,709229.782,294233.308
DPT::DEV,SEC::MED && DPT::$,,,,,different,TP_TP,success,48,12,success,success,1234000.972,374436.885
DPT::DEV,SEC::MED && DPT::$ && CTR::$,,,,,same,same,success,48,48,success,success,1248158.458,1116555.194
DPT::DEV,SEC::MED && DPT::$ && CTR::EN,,,,,same,same,success,24,24,success,success,711075.515,603758.215
DPT::DEV,SEC::MED && DPT::$ && CTR::FR,,,,,same,same,success,24,24,success,success,726824.946,638119.051
DPT::DEV,SEC::MED && DPT::DEV,,,,,different,TP_TP,success,24,6,success,success,706328.821,268404.735
DPT::DEV,SEC::MED && DPT::DEV && CTR::$,,,,,same,same,success,24,24,success,success,709032.483,639697.838
DPT::DEV,SEC::MED && DPT::DEV && CTR::EN,,,,,same,same,success,12,12,success,success,442582.169,381766.078
DPT::DEV,SEC::MED && DPT::DEV && CTR::FR,,,,,same,same,success,12,12,success,success,436459.569,398303.643
DPT::DEV,SEC::MED && DPT::MKG,,,,,different,TN_TN,failure,24,6,failure,failure,1138268.447,301235.132
DPT::DEV,SEC::MED && DPT::MKG && CTR::$,,,,,same,same,failure,24,24,failure,failure,1333515.035,988033.308
DPT::DEV,SEC::MED && DPT::MKG && CTR::EN,,,,,same,same,failure,12,12,failure,failure,611308.497,517272.965
DPT::DEV,SEC::MED && DPT::MKG && CTR::FR,,,,,same,same,failure,12,12,failure,failure,609966.815,513681.774
DPT::DEV && CTR::$,CTR::$,,,,,different,TN_FP,failure,80,4,success,failure,1616324.505,219934.106
DPT::DEV && CTR::$,CTR::EN,,,,,different,TN_TN,failure,40,2,failure,failure,1515720.367,148066.481
DPT::DEV && CTR::$,CTR::FR,,,,,different,TN_TN,failure,40,2,failure,failure,1526154.874,147002.741
DPT::DEV && CTR::$,DPT::$,,,,,different,TN_FP,failure,80,4,success,failure,1603998.229,230733.424
DPT::DEV && CTR::$,DPT::$ && CTR::$,,,,,different,TP_TP,success,80,16,success,success,1559203.511,436705.194
DPT::DEV && CTR::$,DPT::$ && CTR::EN,,,,,different,TN_TN,failure,40,8,failure,failure,1543303.436,370318.910
DPT::DEV && CTR::$,DPT::$ && CTR::FR,,,,,different,TN_TN,failure,40,8,failure,failure,1535703.320,371004.526
DPT::DEV && CTR::$,DPT::DEV,,,,,different,TN_FP,failure,40,2,success,failure,858996.132,147530.169
DPT::DEV && CTR::$,DPT::DEV && CTR::$,,,,,different,TP_TP,success,40,8,success,success,855193.509,300982.177
DPT::DEV && CTR::$,DPT::DEV && CTR::EN,,,,,different,TN_TN,failure,20,4,failure,failure,799163.721,222839.531
DPT::DEV && CTR::$,DPT::DEV && CTR::FR,,,,,different,TN_TN,failure,20,4,failure,failure,801381.622,222385.755
DPT::DEV && CTR::$,DPT::MKG,,,,,different,TN_TN,failure,40,2,failure,failure,1527035.481,147180.549
DPT::DEV && CTR::$,DPT::MKG && CTR::$,,,,,different,TN_TN,failure,40,8,failure,failure,1526663.649,373483.457
DPT::DEV && CTR::$,DPT::MKG && CTR::EN,,,,,different,TN_TN,failure,20,4,failure,failure,802696.162,219325.976
DPT::DEV && CTR::$,DPT::MKG && CTR::FR,,,,,different,TN_TN,failure,20,4,failure,failure,803326.134,221256.737
DPT::DEV && CTR::$,SEC::$,,,,,different,TN_FP,failure,80,5,success,failure,1672344.550,262193.509
DPT::DEV && CTR::$,SEC::$ && CTR::$,,,,,different,TN_FP,failure,80,20,success,failure,1751298.403,833742.758
DPT::DEV && CTR::$,SEC::$ && CTR::EN,,,,,different,TN_TN,failure,40,10,failure,failure,1680878.788,456464.794
DPT::DEV && CTR::$,SEC::$ && CTR::FR,,,,,different,TN_TN,failure,40,10,failure,failure,1579095.057,463181.808
DPT::DEV && CTR::$,SEC::$ && DPT::$,,,,,different,TN_FP,failure,80,20,success,failure,1767915.407,1102745.229
DPT::DEV && CTR::$,SEC::$ && DPT::$ && CTR::$,,,,,same,same,success,80,80,success,success,1649334.690,2178926.145
DPT::DEV && CTR::$,SEC::$ && DPT::$ && CTR::EN,,,,,same,same,failure,40,40,failure,failure,1576461.868,2093560.055
DPT::DEV && CTR::$,SEC::$ && DPT::$ && CTR::FR,,,,,same,same,failure,40,40,failure,failure,1581982.694,2097014.360
DPT::DEV && CTR::$,SEC::$ && DPT::DEV,,,,,different,TN_FP,failure,40,10,success,failure,948353.524,448394.982
DPT::DEV && CTR::$,SEC::$ && DPT::DEV && CTR::$,,,,,same,same,success,40,40,success,success,886506.809,986814.316
DPT::DEV && CTR::$,SEC::$ && DPT::DEV && CTR::EN,,,,,same,same,failure,20,20,failure,failure,809699.564,821621.110
DPT::DEV && CTR::$,SEC::$ && DPT::DEV && CTR::FR,,,,,same,same,failure,20,20,failure,failure,806093.971,826414.953
DPT::DEV && CTR::$,SEC::$ && DPT::MKG,,,,,different,TN_TN,failure,40,10,failure,failure,1577855.086,458579.315
DPT::DEV && CTR::$,SEC::$ && DPT::MKG && CTR::$,,,,,same,same,failure,40,40,failure,failure,1584735.141,1909241.144
DPT::DEV && CTR::$,SEC::$ && DPT::MKG && CTR::EN,,,,,same,same,failure,20,20,failure,failure,827377.183,836667.549
DPT::DEV && CTR::$,SEC::$ && DPT::MKG && CTR::FR,,,,,same,same,failure,20,20,failure,failure,820797.505,840476.614
DPT::DEV && CTR::$,SEC::HIG,,,,,different,TN_FP,failure,64,4,success,failure,1436512.994,228058.661
DPT::DEV && CTR::$,SEC::HIG && CTR::$,,,,,different,TN_FP,failure,64,16,success,failure,1360063.739,663925.238
DPT::DEV && CTR::$,SEC::HIG && CTR::EN,,,,,different,TN_TN,failure,32,8,failure,failure,1257025.811,369800.754
DPT::DEV && CTR::$,SEC::HIG && CTR::FR,,,,,different,TN_TN,failure,32,8,failure,failure,1272813.299,370256.699
DPT::DEV && CTR::$,SEC::HIG && DPT::$,,,,,different,TN_FP,failure,64,16,success,failure,1395556.004,664167.427
DPT::DEV && CTR::$,SEC::HIG && DPT::$ && CTR::$,,,,,same,same,success,64,64,success,success,1337508.701,1324004.401
DPT::DEV && CTR::$,SEC::HIG && DPT::$ && CTR::EN,,,,,same,same,failure,32,32,failure,failure,1267163.302,1296961.891
DPT::DEV && CTR::$,SEC::HIG && DPT::$ && CTR::FR,,,,,same,same,failure,32,32,failure,failure,1275546.116,1269125.021
DPT::DEV && CTR::$,SEC::HIG && DPT::DEV,,,,,different,TN_FP,failure,32,8,success,failure,717591.782,367314.204
DPT::DEV && CTR::$,SEC::HIG && DPT::DEV && CTR::$,,,,,same,same,success,32,32,success,success,763371.504,730148.490
DPT::DEV && CTR::$,SEC::HIG && DPT::DEV && CTR::EN,,,,,same,same,failure,16,16,failure,failure,673020.177,664791.027
DPT::DEV && CTR::$,SEC::HIG && DPT::DEV && CTR::FR,,,,,same,same,failure,16,16,failure,failure,665793.242,674867.488
DPT::DEV && CTR::$,SEC::HIG && DPT::MKG,,,,,different,TN_TN,failure,32,8,failure,failure,1289791.235,373743.279
DPT::DEV && CTR::$,SEC::HIG && DPT::MKG && CTR::$,,,,,same,same,failure,32,32,failure,failure,1285141.214,1340697.494
DPT::DEV && CTR::$,SEC::HIG && DPT::MKG && CTR::EN,,,,,same,same,failure,16,16,failure,failure,666740.052,703148.456
DPT::DEV && CTR::$,SEC::HIG && DPT::MKG && CTR::FR,,,,,same,same,failure,16,16,failure,failure,661338.064,695521.379
DPT::DEV && CTR::$,SEC::LOW,,,,,different,TN_FP,failure,32,2,success,failure,772610.373,153101.696
DPT::DEV && CTR::$,SEC::LOW && CTR::$,,,,,different,TN_FP,failure,32,8,success,failure,723839.292,362521.154
DPT::DEV && CTR::$,SEC::LOW && CTR::EN,,,,,different,TN_TN,failure,16,4,failure,failure,654016.221,217418.142
DPT::DEV && CTR::$,SEC::LOW && CTR::FR,,,,,different,TN_TN,failure,16,4,failure,failure,672180.953,217675.484
DPT::DEV && CTR::$,SEC::LOW && DPT::$,,,,,different,TN_FP,failure,32,8,success,failure,748043.042,362465.750
DPT::DEV && CTR::$,SEC::LOW && DPT::$ && CTR::$,,,,,same,same,success,32,32,success,success,751892.713,795545.820
DPT::DEV && CTR::$,SEC::LOW && DPT::$ && CTR::EN,,,,,same,same,failure,16,16,failure,failure,710007.817,653617.157
DPT::DEV && CTR::$,SEC::LOW && DPT::$ && CTR::FR,,,,,same,same,failure,16,16,failure,failure,672186.870,656645.558
DPT::DEV && CTR::$,SEC::LOW && DPT::DEV,,,,,different,TN_FP,failure,16,4,success,failure,439762.198,216757.813
DPT::DEV && CTR::$,SEC::LOW && DPT::DEV && CTR::$,,,,,same,same,success,16,16,success,success,442930.466,445296.835
DPT::DEV && CTR::$,SEC::LOW && DPT::DEV && CTR::EN,,,,,same,same,failure,8,8,failure,failure,364520.430,362695.567
DPT::DEV && CTR::$,SEC::LOW && DPT::DEV && CTR::FR,,,,,same,same,failure,8,8,failure,failure,366999.725,362044.570
DPT::DEV && CTR::$,SEC::LOW && DPT::MKG,,,,,different,TN_TN,failure,16,4,failure,failure,654684.610,216681.641
DPT::DEV && CTR::$,SEC::LOW && DPT::MKG && CTR::$,,,,,same,same,failure,16,16,failure,failure,665676.858,664472.074
DPT::DEV && CTR::$,SEC::LOW && DPT::MKG && CTR::EN,,,,,same,same,failure,8,8,failure,failure,364829.028,362526.204
DPT::DEV && CTR::$,SEC::LOW && DPT::MKG && CTR::FR,,,,,same,same,failure,8,8,failure,failure,369967.416,363172.190
DPT::DEV && CTR::$,SEC::MED,,,,,different,TN_FP,failure,48,3,success,failure,1104022.445,182240.864
DPT::DEV && CTR::$,SEC::MED && CTR::$,,,,,different,TN_FP,failure,48,12,success,failure,1029907.684,508483.468
DPT::DEV && CTR::$,SEC::MED && CTR::EN,,,,,different,TN_TN,failure,24,6,failure,failure,1029027.233,292930.314
DPT::DEV && CTR::$,SEC::MED && CTR::FR,,,,,different,TN_TN,failure,24,6,failure,failure,985842.770,290806.165
DPT::DEV && CTR::$,SEC::MED && DPT::$,,,,,different,TN_FP,failure,48,12,success,failure,1116379.583,512637.415
DPT::DEV && CTR::$,SEC::MED && DPT::$ && CTR::$,,,,,same,same,success,48,48,success,success,1109713.840,1044996.051
DPT::DEV && CTR::$,SEC::MED && DPT::$ && CTR::EN,,,,,same,same,failure,24,24,failure,failure,967761.974,975954.827
DPT::DEV && CTR::$,SEC::MED && DPT::$ && CTR::FR,,,,,same,same,failure,24,24,failure,failure,958751.473,969437.602
DPT::DEV && CTR::$,SEC::MED && DPT::DEV,,,,,different,TN_FP,failure,24,6,success,failure,590798.671,290709.584
DPT::DEV && CTR::$,SEC::MED && DPT::DEV && CTR::$,,,,,same,same,success,24,24,success,success,649456.513,603241.966
DPT::DEV && CTR::$,SEC::MED && DPT::DEV && CTR::EN,,,,,same,same,failure,12,12,failure,failure,517556.968,509300.966
DPT::DEV && CTR::$,SEC::MED && DPT::DEV && CTR::FR,,,,,same,same,failure,12,12,failure,failure,525125.855,515540.796
DPT::DEV && CTR::$,SEC::MED && DPT::MKG,,,,,different,TN_TN,failure,24,6,failure,failure,963219.424,290885.884
DPT::DEV && CTR::$,SEC::MED && DPT::MKG && CTR::$,,,,,same,same,failure,24,24,failure,failure,1000131.973,983322.547
DPT::DEV && CTR::$,SEC::MED && DPT::MKG && CTR::EN,,,,,same,same,failure,12,12,failure,failure,514177.759,508170.165
DPT::DEV && CTR::$,SEC::MED && DPT::MKG && CTR::FR,,,,,same,same,failure,12,12,failure,failure,519229.119,513030.497
DPT::DEV && CTR::EN,CTR::$,,,,,different,TN_FP,failure,80,4,success,failure,1563449.180,226760.606
DPT::DEV && CTR::EN,CTR::EN,,,,,different,TN_FP,failure,40,2,success,failure,955058.957,151976.154
DPT::DEV && CTR::EN,CTR::FR,,,,,different,TN_TN,failure,40,2,failure,failure,1531143.532,151201.797
DPT::DEV && CTR::EN,DPT::$,,,,,different,TN_FP,failure,80,4,success,failure,1548761.960,311445.749
DPT::DEV && CTR::EN,DPT::$ && CTR::$,,,,,different,TP_TP,success,80,16,success,success,1596874.918,461534.628
DPT::DEV && CTR::EN,DPT::$ && CTR::EN,,,,,different,TP_TP,success,40,8,success,success,950754.838,415287.270
DPT::DEV && CTR::EN,DPT::$ && CTR::FR,,,,,different,TN_TN,failure,40,8,failure,failure,1538526.040,399492.012
DPT::DEV && CTR::EN,DPT::DEV,,,,,different,TN_FP,failure,40,2,success,failure,863664.714,150673.210
DPT::DEV && CTR::EN,DPT::DEV && CTR::$,,,,,different,TP_TP,success,40,8,success,success,866419.186,325446.446
DPT::DEV && CTR::EN,DPT::DEV && CTR::EN,,,,,different,TP_TP,success,20,4,success,success,561274.405,239384.150
DPT::DEV && CTR::EN,DPT::DEV && CTR::FR,,,,,different,TN_TN,failure,20,4,failure,failure,801390.809,231473.021
DPT::DEV && CTR::EN,DPT::MKG,,,,,different,TN_TN,failure,40,2,failure,failure,1541311.425,154653.852
DPT::DEV && CTR::EN,DPT::MKG && CTR::$,,,,,different,TN_TN,failure,40,8,failure,failure,1532754.359,423970.187
DPT::DEV && CTR::EN,DPT::MKG && CTR::EN,,,,,different,TN_TN,failure,20,4,failure,failure,808744.067,231602.698
DPT::DEV && CTR::EN,DPT::MKG && CTR::FR,,,,,different,TN_TN,failure,20,4,failure,failure,809584.292,240334.422
DPT::DEV && CTR::EN,SEC::$,,,,,different,TN_FP,failure,80,5,success,failure,1655227.638,276774.124
DPT::DEV && CTR::EN,SEC::$ && CTR::$,,,,,different,TN_FP,failure,80,20,success,failure,1788285.090,896119.326
DPT::DEV && CTR::EN,SEC::$ && CTR::EN,,,,,different,TN_FP,failure,40,10,success,failure,989702.083,466023.854
DPT::DEV && CTR::EN,SEC::$ && CTR::FR,,,,,different,TN_TN,failure,40,10,failure,failure,1602041.729,458849.852
DPT::DEV && CTR::EN,SEC::$ && DPT::$,,,,,different,TN_FP,failure,80,20,success,failure,1601571.267,897053.713
DPT::DEV && CTR::EN,SEC::$ && DPT::$ && CTR::$,,,,,same,same,success,80,80,success,success,1695842.251,1674315.221
DPT::DEV && CTR::EN,SEC::$ && DPT::$ && CTR::EN,,,,,same,same,success,40,40,success,success,887988.590,907380.368
DPT::DEV && CTR::EN,SEC::$ && DPT::$ && CTR::FR,,,,,same,same,failure,40,40,failure,failure,1567314.269,1611053.038
DPT::DEV && CTR::EN,SEC::$ && DPT::DEV,,,,,different,TN_FP,failure,40,10,success,failure,1069104.808,461991.290
DPT::DEV && CTR::EN,SEC::$ && DPT::DEV && CTR::$,,,,,same,same,success,40,40,success,success,931758.370,888424.377
DPT::DEV && CTR::EN,SEC::$ && DPT::DEV && CTR::EN,,,,,same,same,success,20,20,success,success,532503.895,573758.808
DPT::DEV && CTR::EN,SEC::$ && DPT::DEV && CTR::FR,,,,,same,same,failure,20,20,failure,failure,839600.551,855235.137
DPT::DEV && CTR::EN,SEC::$ && DPT::MKG,,,,,different,TN_TN,failure,40,10,failure,failure,1601565.171,480248.721
DPT::DEV && CTR::EN,SEC::$ && DPT::MKG && CTR::$,,,,,same,same,failure,40,40,failure,failure,1579652.578,1626363.681
DPT::DEV && CTR::EN,SEC::$ && DPT::MKG && CTR::EN,,,,,same,same,failure,20,20,failure,failure,827062.122,860512.902
DPT::DEV && CTR::EN,SEC::$ && DPT::MKG && CTR::FR,,,,,same,same,failure,20,20,failure,failure,840626.831,875883.223
DPT::DEV && CTR::EN,SEC::HIG,,,,,different,TN_FP,failure,64,4,success,failure,1403967.332,230107.108
DPT::DEV && CTR::EN,SEC::HIG && CTR::$,,,,,different,TN_FP,failure,64,16,success,failure,1340713.648,686417.683
DPT::DEV && CTR::EN,SEC::HIG && CTR::EN,,,,,different,TN_FP,failure,32,8,success,failure,871583.878,376666.021
DPT::DEV && CTR::EN,SEC::HIG && CTR::FR,,,,,different,TN_TN,failure,32,8,failure,failure,1295640.502,380150.733
DPT::DEV && CTR::EN,SEC::HIG && DPT::$,,,,,different,TN_FP,failure,64,16,success,failure,1308739.904,882759.937
DPT::DEV && CTR::EN,SEC::HIG && DPT::$ && CTR::$,,,,,same,same,success,64,64,success,success,1477065.229,1432015.423
DPT::DEV && CTR::EN,SEC::HIG && DPT::$ && CTR::EN,,,,,same,same,success,32,32,success,success,729543.356,842351.301
DPT::DEV && CTR::EN,SEC::HIG && DPT::$ && CTR::FR,,,,,same,same,failure,32,32,failure,failure,1264522.242,1306418.469
DPT::DEV && CTR::EN,SEC::HIG && DPT::DEV,,,,,different,TN_FP,failure,32,8,success,failure,731916.362,378125.298
DPT::DEV && CTR::EN,SEC::HIG && DPT::DEV && CTR::$,,,,,same,same,success,32,32,success,success,766113.993,765554.659
DPT::DEV && CTR::EN,SEC::HIG && DPT::DEV && CTR::EN,,,,,same,same,success,16,16,success,success,449226.322,457888.910
DPT::DEV && CTR::EN,SEC::HIG && DPT::DEV && CTR::FR,,,,,same,same,failure,16,16,failure,failure,662824.493,683916.606
DPT::DEV && CTR::EN,SEC::HIG && DPT::MKG,,,,,different,TN_TN,failure,32,8,failure,failure,1323577.791,383059.965
DPT::DEV && CTR::EN,SEC::HIG && DPT::MKG && CTR::$,,,,,same,same,failure,32,32,failure,failure,1269691.658,1516705.355
DPT::DEV && CTR::EN,SEC::HIG && DPT::MKG && CTR::EN,,,,,same,same,failure,16,16,failure,failure,703711.807,746519.794
DPT::DEV && CTR::EN,SEC::HIG && DPT::MKG && CTR::FR,,,,,same,same,failure,16,16,failure,failure,686008.000,761436.039
DPT::DEV && CTR::EN,SEC::LOW,,,,,different,TN_FP,failure,32,2,success,failure,737601.326,150218.473
DPT::DEV && CTR::EN,SEC::LOW && CTR::$,,,,,different,TN_FP,failure,32,8,success,failure,749453.407,377031.652
DPT::DEV && CTR::EN,SEC::LOW && CTR::EN,,,,,different,TN_FP,failure,16,4,success,failure,444319.067,224892.668
DPT::DEV && CTR::EN,SEC::LOW && CTR::FR,,,,,different,TN_TN,failure,16,4,failure,failure,661738.291,225796.182
DPT::DEV && CTR::EN,SEC::LOW && DPT::$,,,,,different,TN_FP,failure,32,8,success,failure,798556.993,379708.479
DPT::DEV && CTR::EN,SEC::LOW && DPT::$ && CTR::$,,,,,same,same,success,32,32,success,success,900109.195,815478.033
DPT::DEV && CTR::EN,SEC::LOW && DPT::$ && CTR::EN,,,,,same,same,success,16,16,success,success,628572.875,455788.220
DPT::DEV && CTR::EN,SEC::LOW && DPT::$ && CTR::FR,,,,,same,same,failure,16,16,failure,failure,920412.173,684625.847
DPT::DEV && CTR::EN,SEC::LOW && DPT::DEV,,,,,different,TN_FP,failure,16,4,success,failure,441162.165,225747.095
DPT::DEV && CTR::EN,SEC::LOW && DPT::DEV && CTR::$,,,,,same,same,success,16,16,success,success,444323.605,458859.270
DPT::DEV && CTR::EN,SEC::LOW && DPT::DEV && CTR::EN,,,,,same,same,success,8,8,success,success,333642.965,308543.926
DPT::DEV && CTR::EN,SEC::LOW && DPT::DEV && CTR::FR,,,,,same,same,failure,8,8,failure,failure,376403.423,375682.006
DPT::DEV && CTR::EN,SEC::LOW && DPT::MKG,,,,,different,TN_TN,failure,16,4,failure,failure,662217.174,226704.626
DPT::DEV && CTR::EN,SEC::LOW && DPT::MKG && CTR::$,,,,,same,same,failure,16,16,failure,failure,663632.243,685041.571
DPT::DEV && CTR::EN,SEC::LOW && DPT::MKG && CTR::EN,,,,,same,same,failure,8,8,failure,failure,368710.568,379477.926
DPT::DEV && CTR::EN,SEC::LOW && DPT::MKG && CTR::FR,,,,,same,same,failure,8,8,failure,failure,371237.483,387328.702
DPT::DEV && CTR::EN,SEC::MED,,,,,different,TN_FP,failure,48,3,success,failure,1048134.118,190000.308
DPT::DEV && CTR::EN,SEC::MED && CTR::$,,,,,different,TN_FP,failure,48,12,success,failure,1022694.729,523173.959
DPT::DEV && CTR::EN,SEC::MED && CTR::EN,,,,,different,TN_FP,failure,24,6,success,failure,642388.725,301884.399
DPT::DEV && CTR::EN,SEC::MED && CTR::FR,,,,,different,TN_TN,failure,24,6,failure,failure,964379.490,299896.541
DPT::DEV && CTR::EN,SEC::MED && DPT::$,,,,,different,TN_FP,failure,48,12,success,failure,1114183.555,532652.743
DPT::DEV && CTR::EN,SEC::MED && DPT::$ && CTR::$,,,,,same,same,success,48,48,success,success,1068303.075,1163902.675
DPT::DEV && CTR::EN,SEC::MED && DPT::$ && CTR::EN,,,,,same,same,success,24,24,success,success,585082.794,631544.395
DPT::DEV && CTR::EN,SEC::MED && DPT::$ && CTR::FR,,,,,same,same,failure,24,24,failure,failure,973895.128,992763.811
DPT::DEV && CTR::EN,SEC::MED && DPT::DEV,,,,,different,TN_FP,failure,24,6,success,failure,625126.221,300118.913
DPT::DEV && CTR::EN,SEC::MED && DPT::DEV && CTR::$,,,,,same,same,success,24,24,success,success,599760.044,625519.613
DPT::DEV && CTR::EN,SEC::MED && DPT::DEV && CTR::EN,,,,,same,same,success,12,12,success,success,378464.184,387955.578
DPT::DEV && CTR::EN,SEC::MED && DPT::DEV && CTR::FR,,,,,same,same,failure,12,12,failure,failure,515090.802,548845.782
DPT::DEV && CTR::EN,SEC::MED && DPT::MKG,,,,,different,TN_TN,failure,24,6,failure,failure,958959.889,303517.729
DPT::DEV && CTR::EN,SEC::MED && DPT::MKG && CTR::$,,,,,same,same,failure,24,24,failure,failure,960772.463,998480.284
DPT::DEV && CTR::EN,SEC::MED && DPT::MKG && CTR::EN,,,,,same,same,failure,12,12,failure,failure,515554.797,533383.654
DPT::DEV && CTR::EN,SEC::MED && DPT::MKG && CTR::FR,,,,,same,same,failure,12,12,failure,failure,517384.579,543854.209
DPT::DEV && CTR::FR,CTR::$,,,,,different,TN_FP,failure,80,4,success,failure,1593587.802,217776.815
DPT::DEV && CTR::FR,CTR::EN,,,,,different,TN_TN,failure,40,2,failure,failure,1542427.674,146112.014
DPT::DEV && CTR::FR,CTR::FR,,,,,different,TN_FP,failure,40,2,success,failure,937920.289,146208.981
DPT::DEV && CTR::FR,DPT::$,,,,,different,TN_FP,failure,80,4,success,failure,1588580.975,227687.981
DPT::DEV && CTR::FR,DPT::$ && CTR::$,,,,,different,TP_TP,success,80,16,success,success,1652100.397,444467.650
DPT::DEV && CTR::FR,DPT::$ && CTR::EN,,,,,different,TN_TN,failure,40,8,failure,failure,1538585.792,378459.014
DPT::DEV && CTR::FR,DPT::$ && CTR::FR,,,,,different,TP_TP,success,40,8,success,success,874870.252,301027.578
DPT::DEV && CTR::FR,DPT::DEV,,,,,different,TN_FP,failure,40,2,success,failure,871568.630,145153.692
DPT::DEV && CTR::FR,DPT::DEV && CTR::$,,,,,different,TP_TP,success,40,8,success,success,874445.501,298975.704
DPT::DEV && CTR::FR,DPT::DEV && CTR::EN,,,,,different,TN_TN,failure,20,4,failure,failure,816832.493,223578.552
DPT::DEV && CTR::FR,DPT::DEV && CTR::FR,,,,,different,TP_TP,success,20,4,success,success,510261.588,233422.357
DPT::DEV && CTR::FR,DPT::MKG,,,,,different,TN_TN,failure,40,2,failure,failure,1533196.668,148014.293
DPT::DEV && CTR::FR,DPT::MKG && CTR::$,,,,,different,TN_TN,failure,40,8,failure,failure,1536576.107,384935.533
DPT::DEV && CTR::FR,DPT::MKG && CTR::EN,,,,,different,TN_TN,failure,20,4,failure,failure,807807.826,222179.589
DPT::DEV && CTR::FR,DPT::MKG && CTR::FR,,,,,different,TN_TN,failure,20,4,failure,failure,808045.196,225726.516
DPT::DEV && CTR::FR,SEC::$,,,,,different,TN_FP,failure,80,5,success,failure,1698365.063,261834.141
DPT::DEV && CTR::FR,SEC::$ && CTR::$,,,,,different,TN_FP,failure,80,20,success,failure,1672805.194,830455.978
DPT::DEV && CTR::FR,SEC::$ && CTR::EN,,,,,different,TN_TN,failure,40,10,failure,failure,1570296.930,452321.698
DPT::DEV && CTR::FR,SEC::$ && CTR::FR,,,,,different,TN_FP,failure,40,10,success,failure,951187.570,458057.336
DPT::DEV && CTR::FR,SEC::$ && DPT::$,,,,,different,TN_FP,failure,80,20,success,failure,1936067.418,826812.413
DPT::DEV && CTR::FR,SEC::$ && DPT::$ && CTR::$,,,,,same,same,success,80,80,success,success,2161155.888,1661842.766
DPT::DEV && CTR::FR,SEC::$ && DPT::$ && CTR::EN,,,,,same,same,failure,40,40,failure,failure,2131815.442,1615655.370
DPT::DEV && CTR::FR,SEC::$ && DPT::$ && CTR::FR,,,,,same,same,success,40,40,success,success,1243938.498,962247.155
DPT::DEV && CTR::FR,SEC::$ && DPT::DEV,,,,,different,TN_FP,failure,40,10,success,failure,951217.632,544519.778
DPT::DEV && CTR::FR,SEC::$ && DPT::DEV && CTR::$,,,,,same,same,success,40,40,success,success,915712.042,912090.844
DPT::DEV && CTR::FR,SEC::$ && DPT::DEV && CTR::EN,,,,,same,same,failure,20,20,failure,failure,861108.529,955300.299
DPT::DEV && CTR::FR,SEC::$ && DPT::DEV && CTR::FR,,,,,same,same,success,20,20,success,success,570060.506,527508.569
DPT::DEV && CTR::FR,SEC::$ && DPT::MKG,,,,,different,TN_TN,failure,40,10,failure,failure,1574561.238,442248.618
DPT::DEV && CTR::FR,SEC::$ && DPT::MKG && CTR::$,,,,,same,same,failure,40,40,failure,failure,1586769.367,1591487.627
DPT::DEV && CTR::FR,SEC::$ && DPT::MKG && CTR::EN,,,,,same,same,failure,20,20,failure,failure,862350.599,875750.103
DPT::DEV && CTR::FR,SEC::$ && DPT::MKG && CTR::FR,,,,,same,same,failure,20,20,failure,failure,834903.605,960799.054
DPT::DEV && CTR::FR,SEC::HIG,,,,,different,TN_FP,failure,64,4,success,failure,1290705.265,286085.931
DPT::DEV && CTR::FR,SEC::HIG && CTR::$,,,,,different,TN_FP,failure,64,16,success,failure,1390448.058,663733.402
DPT::DEV && CTR::FR,SEC::HIG && CTR::EN,,,,,different,TN_TN,failure,32,8,failure,failure,1279398.566,365659.270
DPT::DEV && CTR::FR,SEC::HIG && CTR::FR,,,,,different,TN_FP,failure,32,8,success,failure,774363.878,368838.629
DPT::DEV && CTR::FR,SEC::HIG && DPT::$,,,,,different,TN_FP,failure,64,16,success,failure,1367771.457,668244.114
DPT::DEV && CTR::FR,SEC::HIG && DPT::$ && CTR::$,,,,,same,same,success,64,64,success,success,1376447.776,1329732.591
DPT::DEV && CTR::FR,SEC::HIG && DPT::$ && CTR::EN,,,,,same,same,failure,32,32,failure,failure,1266256.725,1310969.320
DPT::DEV && CTR::FR,SEC::HIG && DPT::$ && CTR::FR,,,,,same,same,success,32,32,success,success,787951.480,747293.095
DPT::DEV && CTR::FR,SEC::HIG && DPT::DEV,,,,,different,TN_FP,failure,32,8,success,failure,750994.668,368595.954
DPT::DEV && CTR::FR,SEC::HIG && DPT::DEV && CTR::$,,,,,same,same,success,32,32,success,success,751163.380,731863.392
DPT::DEV && CTR::FR,SEC::HIG && DPT::DEV && CTR::EN,,,,,same,same,failure,16,16,failure,failure,676567.100,661262.828
DPT::DEV && CTR::FR,SEC::HIG && DPT::DEV && CTR::FR,,,,,same,same,success,16,16,success,success,464482.057,473319.048
DPT::DEV && CTR::FR,SEC::HIG && DPT::MKG,,,,,different,TN_TN,failure,32,8,failure,failure,1299098.228,368318.068
DPT::DEV && CTR::FR,SEC::HIG && DPT::MKG && CTR::$,,,,,same,same,failure,32,32,failure,failure,1296493.507,1339280.495
DPT::DEV && CTR::FR,SEC::HIG && DPT::MKG && CTR::EN,,,,,same,same,failure,16,16,failure,failure,667458.635,726406.863
DPT::DEV && CTR::FR,SEC::HIG && DPT::MKG && CTR::FR,,,,,same,same,failure,16,16,failure,failure,667869.926,708488.086
DPT::DEV && CTR::FR,SEC::LOW,,,,,different,TN_FP,failure,32,2,success,failure,733581.530,149783.837
DPT::DEV && CTR::FR,SEC::LOW && CTR::$,,,,,different,TN_FP,failure,32,8,success,failure,716904.578,367354.700
DPT::DEV && CTR::FR,SEC::LOW && CTR::EN,,,,,different,TN_TN,failure,16,4,failure,failure,666578.554,223599.878
DPT::DEV && CTR::FR,SEC::LOW && CTR::FR,,,,,different,TN_FP,failure,16,4,success,failure,475286.283,220537.834
DPT::DEV && CTR::FR,SEC::LOW && DPT::$,,,,,different,TN_FP,failure,32,8,success,failure,769592.287,365422.837
DPT::DEV && CTR::FR,SEC::LOW && DPT::$ && CTR::$,,,,,same,same,success,32,32,success,success,741812.254,744359.452
DPT::DEV && CTR::FR,SEC::LOW && DPT::$ && CTR::EN,,,,,same,same,failure,16,16,failure,failure,674778.912,658083.074
DPT::DEV && CTR::FR,SEC::LOW && DPT::$ && CTR::FR,,,,,same,same,success,16,16,success,success,455443.097,469575.280
DPT::DEV && CTR::FR,SEC::LOW && DPT::DEV,,,,,different,TN_FP,failure,16,4,success,failure,449392.297,217867.350
DPT::DEV && CTR::FR,SEC::LOW && DPT::DEV && CTR::$,,,,,same,same,success,16,16,success,success,479972.864,438319.067
DPT::DEV && CTR::FR,SEC::LOW && DPT::DEV && CTR::EN,,,,,same,same,failure,8,8,failure,failure,382535.050,367888.076
DPT::DEV && CTR::FR,SEC::LOW && DPT::DEV && CTR::FR,,,,,same,same,success,8,8,success,success,307153.974,292933.535
DPT::DEV && CTR::FR,SEC::LOW && DPT::MKG,,,,,different,TN_TN,failure,16,4,failure,failure,663069.934,221235.232
DPT::DEV && CTR::FR,SEC::LOW && DPT::MKG && CTR::$,,,,,same,same,failure,16,16,failure,failure,664611.254,670549.563
DPT::DEV && CTR::FR,SEC::LOW && DPT::MKG && CTR::EN,,,,,same,same,failure,8,8,failure,failure,365478.797,368166.182
DPT::DEV && CTR::FR,SEC::LOW && DPT::MKG && CTR::FR,,,,,same,same,failure,8,8,failure,failure,367042.184,367764.514
DPT::DEV && CTR::FR,SEC::MED,,,,,different,TN_FP,failure,48,3,success,failure,1100922.891,184819.500
DPT::DEV && CTR::FR,SEC::MED && CTR::$,,,,,different,TN_FP,failure,48,12,success,failure,1083350.194,513259.661
DPT::DEV && CTR::FR,SEC::MED && CTR::EN,,,,,different,TN_TN,failure,24,6,failure,failure,967319.179,291819.871
DPT::DEV && CTR::FR,SEC::MED && CTR::FR,,,,,different,TN_FP,failure,24,6,success,failure,607765.632,291883.846
DPT::DEV && CTR::FR,SEC::MED && DPT::$,,,,,different,TN_FP,failure,48,12,success,failure,1031288.615,637625.360
DPT::DEV && CTR::FR,SEC::MED && DPT::$ && CTR::$,,,,,same,same,success,48,48,success,success,1019475.882,1363237.953
DPT::DEV && CTR::FR,SEC::MED && DPT::$ && CTR::EN,,,,,same,same,failure,24,24,failure,failure,963309.848,1185661.189
DPT::DEV && CTR::FR,SEC::MED && DPT::$ && CTR::FR,,,,,same,same,success,24,24,success,success,593052.068,723276.631
DPT::DEV && CTR::FR,SEC::MED && DPT::DEV,,,,,different,TN_FP,failure,24,6,success,failure,598392.635,292806.231
DPT::DEV && CTR::FR,SEC::MED && DPT::DEV && CTR::$,,,,,same,same,success,24,24,success,success,595881.590,605512.975
DPT::DEV && CTR::FR,SEC::MED && DPT::DEV && CTR::EN,,,,,same,same,failure,12,12,failure,failure,524701.659,513021.069
DPT::DEV && CTR::FR,SEC::MED && DPT::DEV && CTR::FR,,,,,same,same,success,12,12,success,success,384601.486,374152.732
DPT::DEV && CTR::FR,SEC::MED && DPT::MKG,,,,,different,TN_TN,failure,24,6,failure,failure,958001.135,295756.345
DPT::DEV && CTR::FR,SEC::MED && DPT::MKG && CTR::$,,,,,same,same,failure,24,24,failure,failure,962662.479,1130503.788
DPT::DEV && CTR::FR,SEC::MED && DPT::MKG && CTR::EN,,,,,same,same,failure,12,12,failure,failure,515568.808,514749.677
DPT::DEV && CTR::FR,SEC::MED && DPT::MKG && CTR::FR,,,,,same,same,failure,12,12,failure,failure,512176.024,512484.222
DPT::MKG,CTR::$,,,,,different,TN_FP,failure,80,4,success,failure,1545157.799,220633.969
DPT::MKG,CTR::EN,,,,,different,TN_FP,failure,40,2,success,failure,861218.475,147797.321
DPT::MKG,CTR::FR,,,,,different,TN_FP,failure,40,2,success,failure,926591.775,147573.285
DPT::MKG,DPT::$,,,,,different,TP_TP,success,80,4,success,success,1738873.842,290523.434
DPT::MKG,DPT::$ && CTR::$,,,,,different,TP_TP,success,80,16,success,success,1789904.954,470609.521
DPT::MKG,DPT::$ && CTR::EN,,,,,different,TP_TP,success,40,8,success,success,892061.174,375402.877
DPT::MKG,DPT::$ && CTR::FR,,,,,different,TP_TP,success,40,8,success,success,875658.676,392021.313
DPT::MKG,DPT::DEV,,,,,different,TN_TN,failure,40,2,failure,failure,1534890.360,146983.800
DPT::MKG,DPT::DEV && CTR::$,,,,,different,TN_TN,failure,40,8,failure,failure,1552198.576,453839.680
DPT::MKG,DPT::DEV && CTR::EN,,,,,different,TN_TN,failure,20,4,failure,failure,804424.730,237295.052
DPT::MKG,DPT::DEV && CTR::FR,,,,,different,TN_TN,failure,20,4,failure,failure,804471.883,270893.203
DPT::MKG,DPT::MKG,,,,,different,TP_TP,success,40,2,success,success,935845.061,238589.028
DPT::MKG,DPT::MKG && CTR::$,,,,,different,TP_TP,success,40,8,success,success,896615.461,374659.362
DPT::MKG,DPT::MKG && CTR::EN,,,,,different,TP_TP,success,20,4,success,success,534730.185,279788.017
DPT::MKG,DPT::MKG && CTR::FR,,,,,different,TP_TP,success,20,4,success,success,509593.960,293313.503
DPT::MKG,SEC::$,,,,,different,TN_FP,failure,80,5,success,failure,1703699.018,261210.741
DPT::MKG,SEC::$ && CTR::$,,,,,different,TN_FP,failure,80,20,success,failure,1606768.150,821534.828
DPT::MKG,SEC::$ && CTR::EN,,,,,different,TN_FP,failure,40,10,success,failure,972115.054,444849.987
DPT::MKG,SEC::$ && CTR::FR,,,,,different,TN_FP,failure,40,10,success,failure,908804.775,445964.077
DPT::MKG,SEC::$ && DPT::$,,,,,different,TP_TP,success,80,20,success,success,1626944.556,527489.949
DPT::MKG,SEC::$ && DPT::$ && CTR::$,,,,,same,same,success,80,80,success,success,1616934.785,1610556.231
DPT::MKG,SEC::$ && DPT::$ && CTR::EN,,,,,same,same,success,40,40,success,success,869283.448,889209.710
DPT::MKG,SEC::$ && DPT::$ && CTR::FR,,,,,same,same,success,40,40,success,success,917724.296,903231.706
DPT::MKG,SEC::$ && DPT::DEV,,,,,different,TN_TN,failure,40,10,failure,failure,1588669.657,449774.414
DPT::MKG,SEC::$ && DPT::DEV && CTR::$,,,,,same,same,failure,40,40,failure,failure,1686518.637,1595494.543
DPT::MKG,SEC::$ && DPT::DEV && CTR::EN,,,,,same,same,failure,20,20,failure,failure,830465.696,839716.263
DPT::MKG,SEC::$ && DPT::DEV && CTR::FR,,,,,same,same,failure,20,20,failure,failure,822297.274,823028.741
DPT::MKG,SEC::$ && DPT::MKG,,,,,different,TP_TP,success,40,10,success,success,1342413.552,363986.022
DPT::MKG,SEC::$ && DPT::MKG && CTR::$,,,,,same,same,success,40,40,success,success,949564.175,894933.937
DPT::MKG,SEC::$ && DPT::MKG && CTR::EN,,,,,same,same,success,20,20,success,success,751951.272,516054.113
DPT::MKG,SEC::$ && DPT::MKG && CTR::FR,,,,,same,same,success,20,20,success,success,645771.260,528161.634
DPT::MKG,SEC::HIG,,,,,different,TN_FP,failure,64,4,success,failure,1335147.809,222102.694
DPT::MKG,SEC::HIG && CTR::$,,,,,different,TN_FP,failure,64,16,success,failure,1444668.893,684129.275
DPT::MKG,SEC::HIG && CTR::EN,,,,,different,TN_FP,failure,32,8,success,failure,789059.078,374315.142
DPT::MKG,SEC::HIG && CTR::FR,,,,,different,TN_FP,failure,32,8,success,failure,763256.078,374661.772
DPT::MKG,SEC::HIG && DPT::$,,,,,different,TP_TP,success,64,16,success,success,1274601.593,465395.055
DPT::MKG,SEC::HIG && DPT::$ && CTR::$,,,,,same,same,success,64,64,success,success,1353353.397,1310869.829
DPT::MKG,SEC::HIG && DPT::$ && CTR::EN,,,,,same,same,success,32,32,success,success,739068.798,803664.483
DPT::MKG,SEC::HIG && DPT::$ && CTR::FR,,,,,same,same,success,32,32,success,success,794215.470,744699.615
DPT::MKG,SEC::HIG && DPT::DEV,,,,,different,TN_TN,failure,32,8,failure,failure,1272487.724,368922.166
DPT::MKG,SEC::HIG && DPT::DEV && CTR::$,,,,,same,same,failure,32,32,failure,failure,1269299.553,1254396.063
DPT::MKG,SEC::HIG && DPT::DEV && CTR::EN,,,,,same,same,failure,16,16,failure,failure,727593.383,662315.649
DPT::MKG,SEC::HIG && DPT::DEV && CTR::FR,,,,,same,same,failure,16,16,failure,failure,674428.745,659723.105
DPT::MKG,SEC::HIG && DPT::MKG,,,,,different,TP_TP,success,32,8,success,success,780994.285,306251.095
DPT::MKG,SEC::HIG && DPT::MKG && CTR::$,,,,,same,same,success,32,32,success,success,765306.544,829909.863
DPT::MKG,SEC::HIG && DPT::MKG && CTR::EN,,,,,same,same,success,16,16,success,success,475915.649,488224.146
DPT::MKG,SEC::HIG && DPT::MKG && CTR::FR,,,,,same,same,success,16,16,success,success,464401.637,457356.406
DPT::MKG,SEC::LOW,,,,,different,TN_FP,failure,32,2,success,failure,749038.569,145221.354
DPT::MKG,SEC::LOW && CTR::$,,,,,different,TN_FP,failure,32,8,success,failure,806340.328,363473.525
DPT::MKG,SEC::LOW && CTR::EN,,,,,different,TN_FP,failure,16,4,success,failure,444771.155,221585.339
DPT::MKG,SEC::LOW && CTR::FR,,,,,different,TN_FP,failure,16,4,success,failure,468637.141,217616.514
DPT::MKG,SEC::LOW && DPT::$,,,,,different,TP_TP,success,32,8,success,success,742393.334,301171.052
DPT::MKG,SEC::LOW && DPT::$ && CTR::$,,,,,same,same,success,32,32,success,success,743496.759,821413.681
DPT::MKG,SEC::LOW && DPT::$ && CTR::EN,,,,,same,same,success,16,16,success,success,440732.394,457889.311
DPT::MKG,SEC::LOW && DPT::$ && CTR::FR,,,,,same,same,success,16,16,success,success,447318.914,466343.694
DPT::MKG,SEC::LOW && DPT::DEV,,,,,different,TN_TN,failure,16,4,failure,failure,660255.819,218089.541
DPT::MKG,SEC::LOW && DPT::DEV && CTR::$,,,,,same,same,failure,16,16,failure,failure,672778.630,654474.655
DPT::MKG,SEC::LOW && DPT::DEV && CTR::EN,,,,,same,same,failure,8,8,failure,failure,367421.531,363498.578
DPT::MKG,SEC::LOW && DPT::DEV && CTR::FR,,,,,same,same,failure,8,8,failure,failure,367119.099,363787.960
DPT::MKG,SEC::LOW && DPT::MKG,,,,,different,TP_TP,success,16,4,success,success,468943.175,223328.228
DPT::MKG,SEC::LOW && DPT::MKG && CTR::$,,,,,same,same,success,16,16,success,success,443807.276,443815.577
DPT::MKG,SEC::LOW && DPT::MKG && CTR::EN,,,,,same,same,success,8,8,success,success,303618.848,309438.529
DPT::MKG,SEC::LOW && DPT::MKG && CTR::FR,,,,,same,same,success,8,8,success,success,309363.604,303698.763
DPT::MKG,SEC::MED,,,,,different,TN_FP,failure,48,3,success,failure,1028061.020,182842.723
DPT::MKG,SEC::MED && CTR::$,,,,,different,TN_FP,failure,48,12,success,failure,1098394.579,510202.127
DPT::MKG,SEC::MED && CTR::EN,,,,,different,TN_FP,failure,24,6,success,failure,643966.560,292814.572
DPT::MKG,SEC::MED && CTR::FR,,,,,different,TN_FP,failure,24,6,success,failure,610011.424,291746.669
DPT::MKG,SEC::MED && DPT::$,,,,,different,TP_TP,success,48,12,success,success,1133107.050,371841.943
DPT::MKG,SEC::MED && DPT::$ && CTR::$,,,,,same,same,success,48,48,success,success,986137.973,1042242.537
DPT::MKG,SEC::MED && DPT::$ && CTR::EN,,,,,same,same,success,24,24,success,success,653039.804,592707.772
DPT::MKG,SEC::MED && DPT::$ && CTR::FR,,,,,same,same,success,24,24,success,success,597420.231,602261.953
DPT::MKG,SEC::MED && DPT::DEV,,,,,different,TN_TN,failure,24,6,failure,failure,962034.686,290972.447
DPT::MKG,SEC::MED && DPT::DEV && CTR::$,,,,,same,same,failure,24,24,failure,failure,979657.502,964322.623
DPT::MKG,SEC::MED && DPT::DEV && CTR::EN,,,,,same,same,failure,12,12,failure,failure,516158.169,510211.289
DPT::MKG,SEC::MED && DPT::DEV && CTR::FR,,,,,same,same,failure,12,12,failure,failure,519210.279,532385.347
DPT::MKG,SEC::MED && DPT::MKG,,,,,different,TP_TP,success,24,6,success,success,604876.517,260613.736
DPT::MKG,SEC::MED && DPT::MKG && CTR::$,,,,,same,same,success,24,24,success,success,607141.400,590416.238
DPT::MKG,SEC::MED && DPT::MKG && CTR::EN,,,,,same,same,success,12,12,success,success,391278.009,371966.381
DPT::MKG,SEC::MED && DPT::MKG && CTR::FR,,,,,same,same,success,12,12,success,success,381722.752,369737.525
DPT::MKG && CTR::$,CTR::$,,,,,different,TN_FP,failure,80,4,success,failure,1647654.713,222622.910
DPT::MKG && CTR::$,CTR::EN,,,,,different,TN_TN,failure,40,2,failure,failure,1533146.815,148271.470
DPT::MKG && CTR::$,CTR::FR,,,,,different,TN_TN,failure,40,2,failure,failure,1539634.464,146941.150
DPT::MKG && CTR::$,DPT::$,,,,,different,TN_FP,failure,80,4,success,failure,1631559.112,227240.777
DPT::MKG && CTR::$,DPT::$ && CTR::$,,,,,different,TP_TP,success,80,16,success,success,1587332.393,447777.339
DPT::MKG && CTR::$,DPT::$ && CTR::EN,,,,,different,TN_TN,failure,40,8,failure,failure,1552596.407,375334.874
DPT::MKG && CTR::$,DPT::$ && CTR::FR,,,,,different,TN_TN,failure,40,8,failure,failure,1546025.738,376137.856
DPT::MKG && CTR::$,DPT::DEV,,,,,different,TN_TN,failure,40,2,failure,failure,1537511.802,146330.965
DPT::MKG && CTR::$,DPT::DEV && CTR::$,,,,,different,TN_TN,failure,40,8,failure,failure,1534993.854,369556.365
DPT::MKG && CTR::$,DPT::DEV && CTR::EN,,,,,different,TN_TN,failure,20,4,failure,failure,809535.631,228358.358
DPT::MKG && CTR::$,DPT::DEV && CTR::FR,,,,,different,TN_TN,failure,20,4,failure,failure,806895.730,223267.665
DPT::MKG && CTR::$,DPT::MKG,,,,,different,TN_FP,failure,40,2,success,failure,863783.311,147658.160
DPT::MKG && CTR::$,DPT::MKG && CTR::$,,,,,different,TP_TP,success,40,8,success,success,969576.703,307120.431
DPT::MKG && CTR::$,DPT::MKG && CTR::EN,,,,,different,TN_TN,failure,20,4,failure,failure,805095.243,222273.099
DPT::MKG && CTR::$,DPT::MKG && CTR::FR,,,,,different,TN_TN,failure,20,4,failure,failure,807726.523,228960.177
DPT::MKG && CTR::$,SEC::$,,,,,different,TN_FP,failure,80,5,success,failure,1663092.130,270645.829
DPT::MKG && CTR::$,SEC::$ && CTR::$,,,,,different,TN_FP,failure,80,20,success,failure,2012674.454,828829.211
DPT::MKG && CTR::$,SEC::$ && CTR::EN,,,,,different,TN_TN,failure,40,10,failure,failure,1712952.350,451706.413
DPT::MKG && CTR::$,SEC::$ && CTR::FR,,,,,different,TN_TN,failure,40,10,failure,failure,1587720.351,458030.661
DPT::MKG && CTR::$,SEC::$ && DPT::$,,,,,different,TN_FP,failure,80,20,success,failure,1603974.149,878546.855
DPT::MKG && CTR::$,SEC::$ && DPT::$ && CTR::$,,,,,same,same,success,80,80,success,success,1671242.558,1789772.646
DPT::MKG && CTR::$,SEC::$ && DPT::$ && CTR::EN,,,,,same,same,failure,40,40,failure,failure,1578602.944,1575340.485
DPT::MKG && CTR::$,SEC::$ && DPT::$ && CTR::FR,,,,,same,same,failure,40,40,failure,failure,1586502.827,1575253.136
DPT::MKG && CTR::$,SEC::$ && DPT::DEV,,,,,different,TN_TN,failure,40,10,failure,failure,1556821.327,447503.665
DPT::MKG && CTR::$,SEC::$ && DPT::DEV && CTR::$,,,,,same,same,failure,40,40,failure,failure,1597989.648,1618331.695
DPT::MKG && CTR::$,SEC::$ && DPT::DEV && CTR::EN,,,,,same,same,failure,20,20,failure,failure,813160.416,830383.512
DPT::MKG && CTR::$,SEC::$ && DPT::DEV && CTR::FR,,,,,same,same,failure,20,20,failure,failure,840711.936,827289.373
DPT::MKG && CTR::$,SEC::$ && DPT::MKG,,,,,different,TN_FP,failure,40,10,success,failure,879160.891,460409.653
DPT::MKG && CTR::$,SEC::$ && DPT::MKG && CTR::$,,,,,same,same,success,40,40,success,success,957492.030,872833.923
DPT::MKG && CTR::$,SEC::$ && DPT::MKG && CTR::EN,,,,,same,same,failure,20,20,failure,failure,833856.862,827796.319
DPT::MKG && CTR::$,SEC::$ && DPT::MKG && CTR::FR,,,,,same,same,failure,20,20,failure,failure,819419.666,825351.097
DPT::MKG && CTR::$,SEC::HIG,,,,,different,TN_FP,failure,64,4,success,failure,1359295.929,223500.075
DPT::MKG && CTR::$,SEC::HIG && CTR::$,,,,,different,TN_FP,failure,64,16,success,failure,1340339.857,662306.331
DPT::MKG && CTR::$,SEC::HIG && CTR::EN,,,,,different,TN_TN,failure,32,8,failure,failure,1259906.073,369548.255
DPT::MKG && CTR::$,SEC::HIG && CTR::FR,,,,,different,TN_TN,failure,32,8,failure,failure,1271005.964,371066.112
DPT::MKG && CTR::$,SEC::HIG && DPT::$,,,,,different,TN_FP,failure,64,16,success,failure,1327258.415,672451.216
DPT::MKG && CTR::$,SEC::HIG && DPT::$ && CTR::$,,,,,same,same,success,64,64,success,success,1420551.033,1653158.522
DPT::MKG && CTR::$,SEC::HIG && DPT::$ && CTR::EN,,,,,same,same,failure,32,32,failure,failure,1268084.725,1292111.188
DPT::MKG && CTR::$,SEC::HIG && DPT::$ && CTR::FR,,,,,same,same,failure,32,32,failure,failure,1272530.895,1265998.427
DPT::MKG && CTR::$,SEC::HIG && DPT::DEV,,,,,different,TN_TN,failure,32,8,failure,failure,1280172.198,368670.394
DPT::MKG && CTR::$,SEC::HIG && DPT::DEV && CTR::$,,,,,same,same,failure,32,32,failure,failure,1280463.033,1271814.251
DPT::MKG && CTR::$,SEC::HIG && DPT::DEV && CTR::EN,,,,,same,same,failure,16,16,failure,failure,671183.623,664558.230
DPT::MKG && CTR::$,SEC::HIG && DPT::DEV && CTR::FR,,,,,same,same,failure,16,16,failure,failure,696089.340,666109.235
DPT::MKG && CTR::$,SEC::HIG && DPT::MKG,,,,,different,TN_FP,failure,32,8,success,failure,762217.319,409736.003
DPT::MKG && CTR::$,SEC::HIG && DPT::MKG && CTR::$,,,,,same,same,success,32,32,success,success,749005.602,746412.273
DPT::MKG && CTR::$,SEC::HIG && DPT::MKG && CTR::EN,,,,,same,same,failure,16,16,failure,failure,672804.377,707649.744
DPT::MKG && CTR::$,SEC::HIG && DPT::MKG && CTR::FR,,,,,same,same,failure,16,16,failure,failure,670007.752,735342.488
DPT::MKG && CTR::$,SEC::LOW,,,,,different,TN_FP,failure,32,2,success,failure,781884.685,147140.674
DPT::MKG && CTR::$,SEC::LOW && CTR::$,,,,,different,TN_FP,failure,32,8,success,failure,752777.232,363234.006
DPT::MKG && CTR::$,SEC::LOW && CTR::EN,,,,,different,TN_TN,failure,16,4,failure,failure,662742.248,217682.834
DPT::MKG && CTR::$,SEC::LOW && CTR::FR,,,,,different,TN_TN,failure,16,4,failure,failure,677987.194,218275.625
DPT::MKG && CTR::$,SEC::LOW && DPT::$,,,,,different,TN_FP,failure,32,8,success,failure,787662.939,362940.736
DPT::MKG && CTR::$,SEC::LOW && DPT::$ && CTR::$,,,,,same,same,success,32,32,success,success,731986.444,831110.721
DPT::MKG && CTR::$,SEC::LOW && DPT::$ && CTR::EN,,,,,same,same,failure,16,16,failure,failure,676034.897,653738.350
DPT::MKG && CTR::$,SEC::LOW && DPT::$ && CTR::FR,,,,,same,same,failure,16,16,failure,failure,677647.101,657864.549
DPT::MKG && CTR::$,SEC::LOW && DPT::DEV,,,,,different,TN_TN,failure,16,4,failure,failure,661628.885,217933.208
DPT::MKG && CTR::$,SEC::LOW && DPT::DEV && CTR::$,,,,,same,same,failure,16,16,failure,failure,657512.213,653419.937
DPT::MKG && CTR::$,SEC::LOW && DPT::DEV && CTR::EN,,,,,same,same,failure,8,8,failure,failure,368303.375,362941.508
DPT::MKG && CTR::$,SEC::LOW && DPT::DEV && CTR::FR,,,,,same,same,failure,8,8,failure,failure,366769.613,364072.594
DPT::MKG && CTR::$,SEC::LOW && DPT::MKG,,,,,different,TN_FP,failure,16,4,success,failure,452562.665,217704.444
DPT::MKG && CTR::$,SEC::LOW && DPT::MKG && CTR::$,,,,,same,same,success,16,16,success,success,449360.142,437453.223
DPT::MKG && CTR::$,SEC::LOW && DPT::MKG && CTR::EN,,,,,same,same,failure,8,8,failure,failure,370907.540,363875.960
DPT::MKG && CTR::$,SEC::LOW && DPT::MKG && CTR::FR,,,,,same,same,failure,8,8,failure,failure,373318.081,370594.227
DPT::MKG && CTR::$,SEC::MED,,,,,different,TN_FP,failure,48,3,success,failure,1027270.903,182644.886
DPT::MKG && CTR::$,SEC::MED && CTR::$,,,,,different,TN_FP,failure,48,12,success,failure,1028948.149,508650.381
DPT::MKG && CTR::$,SEC::MED && CTR::EN,,,,,different,TN_TN,failure,24,6,failure,failure,954455.544,291503.988
DPT::MKG && CTR::$,SEC::MED && CTR::FR,,,,,different,TN_TN,failure,24,6,failure,failure,966282.484,290235.008
DPT::MKG && CTR::$,SEC::MED && DPT::$,,,,,different,TN_FP,failure,48,12,success,failure,1067295.845,519075.956
DPT::MKG && CTR::$,SEC::MED && DPT::$ && CTR::$,,,,,same,same,success,48,48,success,success,1017165.684,1091819.660
DPT::MKG && CTR::$,SEC::MED && DPT::$ && CTR::EN,,,,,same,same,failure,24,24,failure,failure,971499.895,982230.944
DPT::MKG && CTR::$,SEC::MED && DPT::$ && CTR::FR,,,,,same,same,failure,24,24,failure,failure,974980.620,979502.953
DPT::MKG && CTR::$,SEC::MED && DPT::DEV,,,,,different,TN_TN,failure,24,6,failure,failure,965248.109,290650.528
DPT::MKG && CTR::$,SEC::MED && DPT::DEV && CTR::$,,,,,same,same,failure,24,24,failure,failure,982646.990,954780.384
DPT::MKG && CTR::$,SEC::MED && DPT::DEV && CTR::EN,,,,,same,same,failure,12,12,failure,failure,523671.401,508440.868
DPT::MKG && CTR::$,SEC::MED && DPT::DEV && CTR::FR,,,,,same,same,failure,12,12,failure,failure,517757.504,557608.870
DPT::MKG && CTR::$,SEC::MED && DPT::MKG,,,,,different,TN_FP,failure,24,6,success,failure,586106.865,290072.644
DPT::MKG && CTR::$,SEC::MED && DPT::MKG && CTR::$,,,,,same,same,success,24,24,success,success,606858.991,612293.554
DPT::MKG && CTR::$,SEC::MED && DPT::MKG && CTR::EN,,,,,same,same,failure,12,12,failure,failure,534476.203,519018.679
DPT::MKG && CTR::$,SEC::MED && DPT::MKG && CTR::FR,,,,,same,same,failure,12,12,failure,failure,530653.027,533456.576
DPT::MKG && CTR::EN,CTR::$,,,,,different,TN_FP,failure,80,4,success,failure,1589623.536,220581.516
DPT::MKG && CTR::EN,CTR::EN,,,,,different,TN_FP,failure,40,2,success,failure,857302.125,150190.730
DPT::MKG && CTR::EN,CTR::FR,,,,,different,TN_TN,failure,40,2,failure,failure,1537264.188,147449.869
DPT::MKG && CTR::EN,DPT::$,,,,,different,TN_FP,failure,80,4,success,failure,1595172.951,224958.416
DPT::MKG && CTR::EN,DPT::$ && CTR::$,,,,,different,TP_TP,success,80,16,success,success,1616850.572,467502.789
DPT::MKG && CTR::EN,DPT::$ && CTR::EN,,,,,different,TP_TP,success,40,8,success,success,873854.703,304721.401
DPT::MKG && CTR::EN,DPT::$ && CTR::FR,,,,,different,TN_TN,failure,40,8,failure,failure,1551323.054,371699.470
DPT::MKG && CTR::EN,DPT::DEV,,,,,different,TN_TN,failure,40,2,failure,failure,1538913.802,147044.188
DPT::MKG && CTR::EN,DPT::DEV && CTR::$,,,,,different,TN_TN,failure,40,8,failure,failure,1545960.540,369567.080
DPT::MKG && CTR::EN,DPT::DEV && CTR::EN,,,,,different,TN_TN,failure,20,4,failure,failure,807270.132,237073.811
DPT::MKG && CTR::EN,DPT::DEV && CTR::FR,,,,,different,TN_TN,failure,20,4,failure,failure,808212.465,223869.919
DPT::MKG && CTR::EN,DPT::MKG,,,,,different,TN_FP,failure,40,2,success,failure,891674.979,147324.209
DPT::MKG && CTR::EN,DPT::MKG && CTR::$,,,,,different,TP_TP,success,40,8,success,success,884808.274,312243.020
DPT::MKG && CTR::EN,DPT::MKG && CTR::EN,,,,,different,TP_TP,success,20,4,success,success,515648.167,229954.582
DPT::MKG && CTR::EN,DPT::MKG && CTR::FR,,,,,different,TN_TN,failure,20,4,failure,failure,814430.312,225127.498
DPT::MKG && CTR::EN,SEC::$,,,,,different,TN_FP,failure,80,5,success,failure,1572834.884,257919.362
DPT::MKG && CTR::EN,SEC::$ && CTR::$,,,,,different,TN_FP,failure,80,20,success,failure,1769511.636,840670.723
DPT::MKG && CTR::EN,SEC::$ && CTR::EN,,,,,different,TN_FP,failure,40,10,success,failure,887785.799,450927.818
DPT::MKG && CTR::EN,SEC::$ && CTR::FR,,,,,different,TN_TN,failure,40,10,failure,failure,1590657.130,445111.763
DPT::MKG && CTR::EN,SEC::$ && DPT::$,,,,,different,TN_FP,failure,80,20,success,failure,1734473.724,817939.319
DPT::MKG && CTR::EN,SEC::$ && DPT::$ && CTR::$,,,,,same,same,success,80,80,success,success,1609124.184,1601940.109
DPT::MKG && CTR::EN,SEC::$ && DPT::$ && CTR::EN,,,,,same,same,success,40,40,success,success,876802.332,940792.837
DPT::MKG && CTR::EN,SEC::$ && DPT::$ && CTR::FR,,,,,same,same,failure,40,40,failure,failure,1582088.076,1589718.429
DPT::MKG && CTR::EN,SEC::$ && DPT::DEV,,,,,different,TN_TN,failure,40,10,failure,failure,1650720.900,465563.260
DPT::MKG && CTR::EN,SEC::$ && DPT::DEV && CTR::$,,,,,same,same,failure,40,40,failure,failure,1588868.049,1575915.579
DPT::MKG && CTR::EN,SEC::$ && DPT::DEV && CTR::EN,,,,,same,same,failure,20,20,failure,failure,840175.579,846395.015
DPT::MKG && CTR::EN,SEC::$ && DPT::DEV && CTR::FR,,,,,same,same,failure,20,20,failure,failure,841579.287,825612.192
DPT::MKG && CTR::EN,SEC::$ && DPT::MKG,,,,,different,TN_FP,failure,40,10,success,failure,960346.510,448657.769
DPT::MKG && CTR::EN,SEC::$ && DPT::MKG && CTR::$,,,,,same,same,success,40,40,success,success,893321.473,885371.510
DPT::MKG && CTR::EN,SEC::$ && DPT::MKG && CTR::EN,,,,,same,same,success,20,20,success,success,512411.501,526499.381
DPT::MKG && CTR::EN,SEC::$ && DPT::MKG && CTR::FR,,,,,same,same,failure,20,20,failure,failure,815239.330,834510.643
DPT::MKG && CTR::EN,SEC::HIG,,,,,different,TN_FP,failure,64,4,success,failure,1426082.584,224121.717
DPT::MKG && CTR::EN,SEC::HIG && CTR::$,,,,,different,TN_FP,failure,64,16,success,failure,1420307.882,670271.101
DPT::MKG && CTR::EN,SEC::HIG && CTR::EN,,,,,different,TN_FP,failure,32,8,success,failure,755020.209,375154.055
DPT::MKG && CTR::EN,SEC::HIG && CTR::FR,,,,,different,TN_TN,failure,32,8,failure,failure,1272968.225,397551.813
DPT::MKG && CTR::EN,SEC::HIG && DPT::$,,,,,different,TN_FP,failure,64,16,success,failure,1368046.748,706608.616
DPT::MKG && CTR::EN,SEC::HIG && DPT::$ && CTR::$,,,,,same,same,success,64,64,success,success,1296798.315,1358817.437
DPT::MKG && CTR::EN,SEC::HIG && DPT::$ && CTR::EN,,,,,same,same,success,32,32,success,success,778484.467,724388.101
DPT::MKG && CTR::EN,SEC::HIG && DPT::$ && CTR::FR,,,,,same,same,failure,32,32,failure,failure,1261682.376,1318426.228
DPT::MKG && CTR::EN,SEC::HIG && DPT::DEV,,,,,different,TN_TN,failure,32,8,failure,failure,1267737.413,371343.959
DPT::MKG && CTR::EN,SEC::HIG && DPT::DEV && CTR::$,,,,,same,same,failure,32,32,failure,failure,1297863.282,1258499.305
DPT::MKG && CTR::EN,SEC::HIG && DPT::DEV && CTR::EN,,,,,same,same,failure,16,16,failure,failure,676304.839,661099.061
DPT::MKG && CTR::EN,SEC::HIG && DPT::DEV && CTR::FR,,,,,same,same,failure,16,16,failure,failure,686739.701,664705.316
DPT::MKG && CTR::EN,SEC::HIG && DPT::MKG,,,,,different,TN_FP,failure,32,8,success,failure,762207.541,370628.677
DPT::MKG && CTR::EN,SEC::HIG && DPT::MKG && CTR::$,,,,,same,same,success,32,32,success,success,753594.730,772344.910
DPT::MKG && CTR::EN,SEC::HIG && DPT::MKG && CTR::EN,,,,,same,same,success,16,16,success,success,491477.123,472733.760
DPT::MKG && CTR::EN,SEC::HIG && DPT::MKG && CTR::FR,,,,,same,same,failure,16,16,failure,failure,679866.775,715274.882
DPT::MKG && CTR::EN,SEC::LOW,,,,,different,TN_FP,failure,32,2,success,failure,752162.949,147650.716
DPT::MKG && CTR::EN,SEC::LOW && CTR::$,,,,,different,TN_FP,failure,32,8,success,failure,736788.571,364250.568
DPT::MKG && CTR::EN,SEC::LOW && CTR::EN,,,,,different,TN_FP,failure,16,4,success,failure,456685.432,221039.630
DPT::MKG && CTR::EN,SEC::LOW && CTR::FR,,,,,different,TN_TN,failure,16,4,failure,failure,659282.599,218368.900
DPT::MKG && CTR::EN,SEC::LOW && DPT::$,,,,,different,TN_FP,failure,32,8,success,failure,749592.984,364058.858
DPT::MKG && CTR::EN,SEC::LOW && DPT::$ && CTR::$,,,,,same,same,success,32,32,success,success,806029.584,747241.809
DPT::MKG && CTR::EN,SEC::LOW && DPT::$ && CTR::EN,,,,,same,same,success,16,16,success,success,482857.816,436872.905
DPT::MKG && CTR::EN,SEC::LOW && DPT::$ && CTR::FR,,,,,same,same,failure,16,16,failure,failure,683671.902,656245.272
DPT::MKG && CTR::EN,SEC::LOW && DPT::DEV,,,,,different,TN_TN,failure,16,4,failure,failure,673205.460,217913.326
DPT::MKG && CTR::EN,SEC::LOW && DPT::DEV && CTR::$,,,,,same,same,failure,16,16,failure,failure,661433.614,655415.330
DPT::MKG && CTR::EN,SEC::LOW && DPT::DEV && CTR::EN,,,,,same,same,failure,8,8,failure,failure,372727.448,363113.700
DPT::MKG && CTR::EN,SEC::LOW && DPT::DEV && CTR::FR,,,,,same,same,failure,8,8,failure,failure,367019.872,364237.178
DPT::MKG && CTR::EN,SEC::LOW && DPT::MKG,,,,,different,TN_FP,failure,16,4,success,failure,484993.406,217739.410
DPT::MKG && CTR::EN,SEC::LOW && DPT::MKG && CTR::$,,,,,same,same,success,16,16,success,success,438212.828,452711.479
DPT::MKG && CTR::EN,SEC::LOW && DPT::MKG && CTR::EN,,,,,same,same,success,8,8,success,success,303141.548,297852.497
DPT::MKG && CTR::EN,SEC::LOW && DPT::MKG && CTR::FR,,,,,same,same,failure,8,8,failure,failure,368760.803,369154.041
DPT::MKG && CTR::EN,SEC::MED,,,,,different,TN_FP,failure,48,3,success,failure,1082044.079,185333.014
DPT::MKG && CTR::EN,SEC::MED && CTR::$,,,,,different,TN_FP,failure,48,12,success,failure,1056039.536,509980.586
DPT::MKG && CTR::EN,SEC::MED && CTR::EN,,,,,different,TN_FP,failure,24,6,success,failure,580272.225,293154.855
DPT::MKG && CTR::EN,SEC::MED && CTR::FR,,,,,different,TN_TN,failure,24,6,failure,failure,958479.944,292599.112
DPT::MKG && CTR::EN,SEC::MED && DPT::$,,,,,different,TN_FP,failure,48,12,success,failure,1061705.258,516069.387
DPT::MKG && CTR::EN,SEC::MED && DPT::$ && CTR::$,,,,,same,same,success,48,48,success,success,1094281.052,1045137.602
DPT::MKG && CTR::EN,SEC::MED && DPT::$ && CTR::EN,,,,,same,same,success,24,24,success,success,603591.537,608929.569
DPT::MKG && CTR::EN,SEC::MED && DPT::$ && CTR::FR,,,,,same,same,failure,24,24,failure,failure,978747.756,986705.808
DPT::MKG && CTR::EN,SEC::MED && DPT::DEV,,,,,different,TN_TN,failure,24,6,failure,failure,960572.213,291651.255
DPT::MKG && CTR::EN,SEC::MED && DPT::DEV && CTR::$,,,,,same,same,failure,24,24,failure,failure,975793.940,959472.941
DPT::MKG && CTR::EN,SEC::MED && DPT::DEV && CTR::EN,,,,,same,same,failure,12,12,failure,failure,537892.752,512735.784
DPT::MKG && CTR::EN,SEC::MED && DPT::DEV && CTR::FR,,,,,same,same,failure,12,12,failure,failure,535127.686,537789.564
DPT::MKG && CTR::EN,SEC::MED && DPT::MKG,,,,,different,TN_FP,failure,24,6,success,failure,648078.703,291565.073
DPT::MKG && CTR::EN,SEC::MED && DPT::MKG && CTR::$,,,,,same,same,success,24,24,success,success,620861.225,595003.904
DPT::MKG && CTR::EN,SEC::MED && DPT::MKG && CTR::EN,,,,,same,same,success,12,12,success,success,381377.108,368242.686
DPT::MKG && CTR::EN,SEC::MED && DPT::MKG && CTR::FR,,,,,same,same,failure,12,12,failure,failure,522455.105,513016.014
DPT::MKG && CTR::FR,CTR::$,,,,,different,TN_FP,failure,80,4,success,failure,1729205.512,221787.137
DPT::MKG && CTR::FR,CTR::EN,,,,,different,TN_TN,failure,40,2,failure,failure,1530171.479,147193.033
DPT::MKG && CTR::FR,CTR::FR,,,,,different,TN_FP,failure,40,2,success,failure,872972.964,147858.766
DPT::MKG && CTR::FR,DPT::$,,,,,different,TN_FP,failure,80,4,success,failure,1594594.204,227031.374
DPT::MKG && CTR::FR,DPT::$ && CTR::$,,,,,different,TP_TP,success,80,16,success,success,1643716.225,442637.797
DPT::MKG && CTR::FR,DPT::$ && CTR::EN,,,,,different,TN_TN,failure,40,8,failure,failure,1540844.408,374128.452
DPT::MKG && CTR::FR,DPT::$ && CTR::FR,,,,,different,TP_TP,success,40,8,success,success,893832.736,302731.925
DPT::MKG && CTR::FR,DPT::DEV,,,,,different,TN_TN,failure,40,2,failure,failure,1534020.133,147218.650
DPT::MKG && CTR::FR,DPT::DEV && CTR::$,,,,,different,TN_TN,failure,40,8,failure,failure,1538603.705,371645.930
DPT::MKG && CTR::FR,DPT::DEV && CTR::EN,,,,,different,TN_TN,failure,20,4,failure,failure,804535.157,223200.674
DPT::MKG && CTR::FR,DPT::DEV && CTR::FR,,,,,different,TN_TN,failure,20,4,failure,failure,806164.032,223693.844
DPT::MKG && CTR::FR,DPT::MKG,,,,,different,TN_FP,failure,40,2,success,failure,911616.054,147131.446
DPT::MKG && CTR::FR,DPT::MKG && CTR::$,,,,,different,TP_TP,success,40,8,success,success,863405.808,317959.112
DPT::MKG && CTR::FR,DPT::MKG && CTR::EN,,,,,different,TN_TN,failure,20,4,failure,failure,808298.105,221778.201
DPT::MKG && CTR::FR,DPT::MKG && CTR::FR,,,,,different,TP_TP,success,20,4,success,success,524413.845,233218.851
DPT::MKG && CTR::FR,SEC::$,,,,,different,TN_FP,failure,80,5,success,failure,1625115.174,257747.549
DPT::MKG && CTR::FR,SEC::$ && CTR::$,,,,,different,TN_FP,failure,80,20,success,failure,1730867.464,842938.582
DPT::MKG && CTR::FR,SEC::$ && CTR::EN,,,,,different,TN_TN,failure,40,10,failure,failure,1581795.623,450707.019
DPT::MKG && CTR::FR,SEC::$ && CTR::FR,,,,,different,TN_FP,failure,40,10,success,failure,871760.209,444081.421
DPT::MKG && CTR::FR,SEC::$ && DPT::$,,,,,different,TN_FP,failure,80,20,success,failure,1665476.452,822663.892
DPT::MKG && CTR::FR,SEC::$ && DPT::$ && CTR::$,,,,,same,same,success,80,80,success,success,1625601.121,1746716.173
DPT::MKG && CTR::FR,SEC::$ && DPT::$ && CTR::EN,,,,,same,same,failure,40,40,failure,failure,1578331.705,1575011.393
DPT::MKG && CTR::FR,SEC::$ && DPT::$ && CTR::FR,,,,,same,same,success,40,40,success,success,876834.417,972154.624
DPT::MKG && CTR::FR,SEC::$ && DPT::DEV,,,,,different,TN_TN,failure,40,10,failure,failure,1691759.663,447096.862
DPT::MKG && CTR::FR,SEC::$ && DPT::DEV && CTR::$,,,,,same,same,failure,40,40,failure,failure,1587918.087,1572410.098
DPT::MKG && CTR::FR,SEC::$ && DPT::DEV && CTR::EN,,,,,same,same,failure,20,20,failure,failure,856056.689,831104.920
DPT::MKG && CTR::FR,SEC::$ && DPT::DEV && CTR::FR,,,,,same,same,failure,20,20,failure,failure,840172.393,823092.626
DPT::MKG && CTR::FR,SEC::$ && DPT::MKG,,,,,different,TN_FP,failure,40,10,success,failure,937127.441,449411.824
DPT::MKG && CTR::FR,SEC::$ && DPT::MKG && CTR::$,,,,,same,same,success,40,40,success,success,992792.130,906493.139
DPT::MKG && CTR::FR,SEC::$ && DPT::MKG && CTR::EN,,,,,same,same,failure,20,20,failure,failure,816243.839,912082.654
DPT::MKG && CTR::FR,SEC::$ && DPT::MKG && CTR::FR,,,,,same,same,success,20,20,success,success,522689.805,587784.983
DPT::MKG && CTR::FR,SEC::HIG,,,,,different,TN_FP,failure,64,4,success,failure,1335382.954,224149.103
DPT::MKG && CTR::FR,SEC::HIG && CTR::$,,,,,different,TN_FP,failure,64,16,success,failure,1480339.272,668128.252
DPT::MKG && CTR::FR,SEC::HIG && CTR::EN,,,,,different,TN_TN,failure,32,8,failure,failure,1276043.939,378044.026
DPT::MKG && CTR::FR,SEC::HIG && CTR::FR,,,,,different,TN_FP,failure,32,8,success,failure,751556.132,385908.127
DPT::MKG && CTR::FR,SEC::HIG && DPT::$,,,,,different,TN_FP,failure,64,16,success,failure,1480469.540,689750.098
DPT::MKG && CTR::FR,SEC::HIG && DPT::$ && CTR::$,,,,,same,same,success,64,64,success,success,1335409.374,1307569.684
DPT::MKG && CTR::FR,SEC::HIG && DPT::$ && CTR::EN,,,,,same,same,failure,32,32,failure,failure,1286086.556,1269178.917
DPT::MKG && CTR::FR,SEC::HIG && DPT::$ && CTR::FR,,,,,same,same,success,32,32,success,success,776879.727,811121.270
DPT::MKG && CTR::FR,SEC::HIG && DPT::DEV,,,,,different,TN_TN,failure,32,8,failure,failure,1284246.810,369128.463
DPT::MKG && CTR::FR,SEC::HIG && DPT::DEV && CTR::$,,,,,same,same,failure,32,32,failure,failure,1271063.492,1259507.035
DPT::MKG && CTR::FR,SEC::HIG && DPT::DEV && CTR::EN,,,,,same,same,failure,16,16,failure,failure,703362.868,662939.809
DPT::MKG && CTR::FR,SEC::HIG && DPT::DEV && CTR::FR,,,,,same,same,failure,16,16,failure,failure,712418.003,666755.150
DPT::MKG && CTR::FR,SEC::HIG && DPT::MKG,,,,,different,TN_FP,failure,32,8,success,failure,758466.919,370998.249
DPT::MKG && CTR::FR,SEC::HIG && DPT::MKG && CTR::$,,,,,same,same,success,32,32,success,success,777352.760,798004.542
DPT::MKG && CTR::FR,SEC::HIG && DPT::MKG && CTR::EN,,,,,same,same,failure,16,16,failure,failure,680318.693,690197.248
DPT::MKG && CTR::FR,SEC::HIG && DPT::MKG && CTR::FR,,,,,same,same,success,16,16,success,success,484907.491,483772.306
DPT::MKG && CTR::FR,SEC::LOW,,,,,different,TN_FP,failure,32,2,success,failure,776471.166,150436.201
DPT::MKG && CTR::FR,SEC::LOW && CTR::$,,,,,different,TN_FP,failure,32,8,success,failure,722261.627,364060.932
DPT::MKG && CTR::FR,SEC::LOW && CTR::EN,,,,,different,TN_TN,failure,16,4,failure,failure,659058.048,218415.899
DPT::MKG && CTR::FR,SEC::LOW && CTR::FR,,,,,different,TN_FP,failure,16,4,success,failure,438213.454,218009.672
DPT::MKG && CTR::FR,SEC::LOW && DPT::$,,,,,different,TN_FP,failure,32,8,success,failure,760489.323,363177.134
DPT::MKG && CTR::FR,SEC::LOW && DPT::$ && CTR::$,,,,,same,same,success,32,32,success,success,767240.601,744345.696
DPT::MKG && CTR::FR,SEC::LOW && DPT::$ && CTR::EN,,,,,same,same,failure,16,16,failure,failure,683559.486,655286.879
DPT::MKG && CTR::FR,SEC::LOW && DPT::$ && CTR::FR,,,,,same,same,success,16,16,success,success,449831.331,441857.243
DPT::MKG && CTR::FR,SEC::LOW && DPT::DEV,,,,,different,TN_TN,failure,16,4,failure,failure,685030.070,218149.339
DPT::MKG && CTR::FR,SEC::LOW && DPT::DEV && CTR::$,,,,,same,same,failure,16,16,failure,failure,659831.068,655069.281
DPT::MKG && CTR::FR,SEC::LOW && DPT::DEV && CTR::EN,,,,,same,same,failure,8,8,failure,failure,366864.837,364099.519
DPT::MKG && CTR::FR,SEC::LOW && DPT::DEV && CTR::FR,,,,,same,same,failure,8,8,failure,failure,366073.367,364346.307
DPT::MKG && CTR::FR,SEC::LOW && DPT::MKG,,,,,different,TN_FP,failure,16,4,success,failure,452474.013,218120.495
DPT::MKG && CTR::FR,SEC::LOW && DPT::MKG && CTR::$,,,,,same,same,success,16,16,success,success,444731.370,467684.334
DPT::MKG && CTR::FR,SEC::LOW && DPT::MKG && CTR::EN,,,,,same,same,failure,8,8,failure,failure,369671.606,364279.938
DPT::MKG && CTR::FR,SEC::LOW && DPT::MKG && CTR::FR,,,,,same,same,success,8,8,success,success,298976.715,315902.214
DPT::MKG && CTR::FR,SEC::MED,,,,,different,TN_FP,failure,48,3,success,failure,1062908.495,186438.542
DPT::MKG && CTR::FR,SEC::MED && CTR::$,,,,,different,TN_FP,failure,48,12,success,failure,1063353.530,508925.852
DPT::MKG && CTR::FR,SEC::MED && CTR::EN,,,,,different,TN_TN,failure,24,6,failure,failure,955473.679,292722.990
DPT::MKG && CTR::FR,SEC::MED && CTR::FR,,,,,different,TN_FP,failure,24,6,success,failure,626672.495,291938.644
DPT::MKG && CTR::FR,SEC::MED && DPT::$,,,,,different,TN_FP,failure,48,12,success,failure,1094836.389,516817.701
DPT::MKG && CTR::FR,SEC::MED && DPT::$ && CTR::$,,,,,same,same,success,48,48,success,success,1053725.195,1048319.966
DPT::MKG && CTR::FR,SEC::MED && DPT::$ && CTR::EN,,,,,same,same,failure,24,24,failure,failure,973114.264,965017.356
DPT::MKG && CTR::FR,SEC::MED && DPT::$ && CTR::FR,,,,,same,same,success,24,24,success,success,615054.453,621003.347
DPT::MKG && CTR::FR,SEC::MED && DPT::DEV,,,,,different,TN_TN,failure,24,6,failure,failure,965356.502,291120.950
DPT::MKG && CTR::FR,SEC::MED && DPT::DEV && CTR::$,,,,,same,same,failure,24,24,failure,failure,1011852.352,994067.236
DPT::MKG && CTR::FR,SEC::MED && DPT::DEV && CTR::EN,,,,,same,same,failure,12,12,failure,failure,519655.489,510277.187
DPT::MKG && CTR::FR,SEC::MED && DPT::DEV && CTR::FR,,,,,same,same,failure,12,12,failure,failure,529514.462,514421.155
DPT::MKG && CTR::FR,SEC::MED && DPT::MKG,,,,,different,TN_FP,failure,24,6,success,failure,580336.275,290818.533
DPT::MKG && CTR::FR,SEC::MED && DPT::MKG && CTR::$,,,,,same,same,success,24,24,success,success,608336.547,603050.367
DPT::MKG && CTR::FR,SEC::MED && DPT::MKG && CTR::EN,,,,,same,same,failure,12,12,failure,failure,521324.178,510152.949
DPT::MKG && CTR::FR,SEC::MED && DPT::MKG && CTR::FR,,,,,same,same,success,12,12,success,success,382352.302,387306.971
SEC::$,CTR::$,,,,,different,TN_FP,failure,80,4,success,failure,1898670.907,222041.179
SEC::$,CTR::EN,,,,,different,TN_FP,failure,40,2,success,failure,1099364.617,148733.231
SEC::$,CTR::FR,,,,,different,TN_FP,failure,40,2,success,failure,1129043.714,148199.204
SEC::$,DPT::$,,,,,different,TN_FP,failure,80,4,success,failure,2379998.582,219254.797
SEC::$,DPT::$ && CTR::$,,,,,different,TN_FP,failure,80,16,success,failure,1981440.246,660065.272
SEC::$,DPT::$ && CTR::EN,,,,,different,TN_FP,failure,40,8,success,failure,1291988.783,366363.486
SEC::$,DPT::$ && CTR::FR,,,,,different,TN_FP,failure,40,8,success,failure,1169557.833,366667.126
SEC::$,DPT::DEV,,,,,different,TN_FP,failure,40,2,success,failure,1064844.401,148270.839
SEC::$,DPT::DEV && CTR::$,,,,,different,TN_FP,failure,40,8,success,failure,1080822.628,367074.575
SEC::$,DPT::DEV && CTR::EN,,,,,different,TN_FP,failure,20,4,success,failure,620435.086,221926.945
SEC::$,DPT::DEV && CTR::FR,,,,,different,TN_FP,failure,20,4,success,failure,622532.591,220321.964
SEC::$,DPT::MKG,,,,,different,TN_FP,failure,40,2,success,failure,1084514.097,146763.141
SEC::$,DPT::MKG && CTR::$,,,,,different,TN_FP,failure,40,8,success,failure,1219979.612,365899.116
SEC::$,DPT::MKG && CTR::EN,,,,,different,TN_FP,failure,20,4,success,failure,630267.910,219826.645
SEC::$,DPT::MKG && CTR::FR,,,,,different,TN_FP,failure,20,4,success,failure,676134.815,219606.582
SEC::$,SEC::$,,,,,different,TP_TP,success,80,5,success,success,1781971.017,248504.547
SEC::$,SEC::$ && CTR::$,,,,,different,TP_TP,success,80,20,success,success,1774021.265,527078.688
SEC::$,SEC::$ && CTR::EN,,,,,different,TP_TP,success,40,10,success,success,1112941.921,346857.273
SEC::$,SEC::$ && CTR::FR,,,,,different,TP_TP,success,40,10,success,success,1055781.381,335833.194
SEC::$,SEC::$ && DPT::$,,,,,different,TP_TP,success,80,20,success,success,1777950.340,512221.019
SEC::$,SEC::$ && DPT::$ && CTR::$,,,,,same,same,success,80,80,success,success,1731189.859,1594533.086
SEC::$,SEC::$ && DPT::$ && CTR::EN,,,,,same,same,success,40,40,success,success,938480.500,859483.706
SEC::$,SEC::$ && DPT::$ && CTR::FR,,,,,same,same,success,40,40,success,success,1070444.020,910885.203
SEC::$,SEC::$ && DPT::DEV,,,,,different,TP_TP,success,40,10,success,success,1028060.113,340729.032
SEC::$,SEC::$ && DPT::DEV && CTR::$,,,,,same,same,success,40,40,success,success,1031009.326,879008.465
SEC::$,SEC::$ && DPT::DEV && CTR::EN,,,,,same,same,success,20,20,success,success,599270.186,526203.496
SEC::$,SEC::$ && DPT::DEV && CTR::FR,,,,,same,same,success,20,20,success,success,582129.008,517107.264
SEC::$,SEC::$ && DPT::MKG,,,,,different,TP_TP,success,40,10,success,success,1026999.970,345060.346
SEC::$,SEC::$ && DPT::MKG && CTR::$,,,,,same,same,success,40,40,success,success,1011683.425,868225.860
SEC::$,SEC::$ && DPT::MKG && CTR::EN,,,,,same,same,success,20,20,success,success,559958.226,507600.322
SEC::$,SEC::$ && DPT::MKG && CTR::FR,,,,,same,same,success,20,20,success,success,603480.959,534109.365
SEC::$,SEC::HIG,,,,,different,TN_TN,failure,64,4,failure,failure,2854461.581,220761.899
SEC::$,SEC::HIG && CTR::$,,,,,different,TN_TN,failure,64,16,failure,failure,2749473.445,662638.299
SEC::$,SEC::HIG && CTR::EN,,,,,different,TN_TN,failure,32,8,failure,failure,1462535.676,367710.443
SEC::$,SEC::HIG && CTR::FR,,,,,different,TN_TN,failure,32,8,failure,failure,1424477.934,368916.655
SEC::$,SEC::HIG && DPT::$,,,,,different,TN_TN,failure,64,16,failure,failure,2738470.671,659338.489
SEC::$,SEC::HIG && DPT::$ && CTR::$,,,,,same,same,failure,64,64,failure,failure,2749342.444,2429733.081
SEC::$,SEC::HIG && DPT::$ && CTR::EN,,,,,same,same,failure,32,32,failure,failure,1412603.316,1260916.809
SEC::$,SEC::HIG && DPT::$ && CTR::FR,,,,,same,same,failure,32,32,failure,failure,1392125.454,1249896.383
SEC::$,SEC::HIG && DPT::DEV,,,,,different,TN_TN,failure,32,8,failure,failure,1414730.300,367647.430
SEC::$,SEC::HIG && DPT::DEV && CTR::$,,,,,same,same,failure,32,32,failure,failure,1425118.360,1251078.335
SEC::$,SEC::HIG && DPT::DEV && CTR::EN,,,,,same,same,failure,16,16,failure,failure,742178.491,662863.821
SEC::$,SEC::HIG && DPT::DEV && CTR::FR,,,,,same,same,failure,16,16,failure,failure,748690.041,662677.498
SEC::$,SEC::HIG && DPT::MKG,,,,,different,TN_TN,failure,32,8,failure,failure,1425007.573,366384.691
SEC::$,SEC::HIG && DPT::MKG && CTR::$,,,,,same,same,failure,32,32,failure,failure,1405582.376,1246659.846
SEC::$,SEC::HIG && DPT::MKG && CTR::EN,,,,,same,same,failure,16,16,failure,failure,770569.600,658957.935
SEC::$,SEC::HIG && DPT::MKG && CTR::FR,,,,,same,same,failure,16,16,failure,failure,752666.509,662850.121
SEC::$,SEC::LOW,,,,,different,TN_TN,failure,32,2,failure,failure,1531069.008,149465.976
SEC::$,SEC::LOW && CTR::$,,,,,different,TN_TN,failure,32,8,failure,failure,1530230.214,367181.030
SEC::$,SEC::LOW && CTR::EN,,,,,different,TN_TN,failure,16,4,failure,failure,820004.233,225100.247
SEC::$,SEC::LOW && CTR::FR,,,,,different,TN_TN,failure,16,4,failure,failure,827364.143,220567.905
SEC::$,SEC::LOW && DPT::$,,,,,different,TN_TN,failure,32,8,failure,failure,1504559.026,365855.584
SEC::$,SEC::LOW && DPT::$ && CTR::$,,,,,same,same,failure,32,32,failure,failure,1486547.316,1246472.410
SEC::$,SEC::LOW && DPT::$ && CTR::EN,,,,,same,same,failure,16,16,failure,failure,807767.885,660300.869
SEC::$,SEC::LOW && DPT::$ && CTR::FR,,,,,same,same,failure,16,16,failure,failure,790896.133,657530.112
SEC::$,SEC::LOW && DPT::DEV,,,,,different,TN_TN,failure,16,4,failure,failure,845108.882,219678.291
SEC::$,SEC::LOW && DPT::DEV && CTR::$,,,,,same,same,failure,16,16,failure,failure,859119.228,657465.050
SEC::$,SEC::LOW && DPT::DEV && CTR::EN,,,,,same,same,failure,8,8,failure,failure,458050.503,365374.747
SEC::$,SEC::LOW && DPT::DEV && CTR::FR,,,,,same,same,failure,8,8,failure,failure,453989.040,367337.503
SEC::$,SEC::LOW && DPT::MKG,,,,,different,TN_TN,failure,16,4,failure,failure,822757.182,218364.227
SEC::$,SEC::LOW && DPT::MKG && CTR::$,,,,,same,same,failure,16,16,failure,failure,829135.535,660374.998
SEC::$,SEC::LOW && DPT::MKG && CTR::EN,,,,,same,same,failure,8,8,failure,failure,497611.710,365296.575
SEC::$,SEC::LOW && DPT::MKG && CTR::FR,,,,,same,same,failure,8,8,failure,failure,485906.759,365806.732
SEC::$,SEC::MED,,,,,different,TN_TN,failure,48,3,failure,failure,2259337.387,182612.976
SEC::$,SEC::MED && CTR::$,,,,,different,TN_TN,failure,48,12,failure,failure,2351358.880,515528.252
SEC::$,SEC::MED && CTR::EN,,,,,different,TN_TN,failure,24,6,failure,failure,1176711.677,294090.595
SEC::$,SEC::MED && CTR::FR,,,,,different,TN_TN,failure,24,6,failure,failure,1180175.079,302617.319
SEC::$,SEC::MED && DPT::$,,,,,different,TN_TN,failure,48,12,failure,failure,2263150.424,512101.233
SEC::$,SEC::MED && DPT::$ && CTR::$,,,,,same,same,failure,48,48,failure,failure,2241524.323,1834969.894
SEC::$,SEC::MED && DPT::$ && CTR::EN,,,,,same,same,failure,24,24,failure,failure,1166843.687,956454.635
SEC::$,SEC::MED && DPT::$ && CTR::FR,,,,,same,same,failure,24,24,failure,failure,1152549.790,957241.250
SEC::$,SEC::MED && DPT::DEV,,,,,different,TN_TN,failure,24,6,failure,failure,1176419.689,295015.671
SEC::$,SEC::MED && DPT::DEV && CTR::$,,,,,same,same,failure,24,24,failure,failure,1181086.042,956599.952
SEC::$,SEC::MED && DPT::DEV && CTR::EN,,,,,same,same,failure,12,12,failure,failure,630816.814,516823.091
SEC::$,SEC::MED && DPT::DEV && CTR::FR,,,,,same,same,failure,12,12,failure,failure,625304.985,516643.524
SEC::$,SEC::MED && DPT::MKG,,,,,different,TN_TN,failure,24,6,failure,failure,1156877.753,292952.355
SEC::$,SEC::MED && DPT::MKG && CTR::$,,,,,same,same,failure,24,24,failure,failure,1160512.752,953264.225
SEC::$,SEC::MED && DPT::MKG && CTR::EN,,,,,same,same,failure,12,12,failure,failure,624599.167,512541.119
SEC::$,SEC::MED && DPT::MKG && CTR::FR,,,,,same,same,failure,12,12,failure,failure,613383.008,513221.100
SEC::$ && CTR::$,CTR::$,,,,,different,TN_FP,failure,80,4,success,failure,1691523.130,218284.472
SEC::$ && CTR::$,CTR::EN,,,,,different,TN_TN,failure,40,2,failure,failure,1561290.485,149985.851
SEC::$ && CTR::$,CTR::FR,,,,,different,TN_TN,failure,40,2,failure,failure,1557241.927,145760.551
SEC::$ && CTR::$,DPT::$,,,,,different,TN_FP,failure,80,4,success,failure,1740078.382,218015.638
SEC::$ && CTR::$,DPT::$ && CTR::$,,,,,different,TN_FP,failure,80,16,success,failure,1616979.113,656390.625
SEC::$ && CTR::$,DPT::$ && CTR::EN,,,,,different,TN_TN,failure,40,8,failure,failure,1547803.392,364121.246
SEC::$ && CTR::$,DPT::$ && CTR::FR,,,,,different,TN_TN,failure,40,8,failure,failure,1625014.080,364906.503
SEC::$ && CTR::$,DPT::DEV,,,,,different,TN_FP,failure,40,2,success,failure,871706.032,145411.671
SEC::$ && CTR::$,DPT::DEV && CTR::$,,,,,different,TN_FP,failure,40,8,success,failure,952756.693,365926.582
SEC::$ && CTR::$,DPT::DEV && CTR::EN,,,,,different,TN_TN,failure,20,4,failure,failure,821060.960,219978.114
SEC::$ && CTR::$,DPT::DEV && CTR::FR,,,,,different,TN_TN,failure,20,4,failure,failure,824275.635,220959.580
SEC::$ && CTR::$,DPT::MKG,,,,,different,TN_FP,failure,40,2,success,failure,876087.922,146090.554
SEC::$ && CTR::$,DPT::MKG && CTR::$,,,,,different,TN_FP,failure,40,8,success,failure,925981.260,365155.926
SEC::$ && CTR::$,DPT::MKG && CTR::EN,,,,,different,TN_TN,failure,20,4,failure,failure,820663.980,219390.983
SEC::$ && CTR::$,DPT::MKG && CTR::FR,,,,,different,TN_TN,failure,20,4,failure,failure,817264.754,222371.995
SEC::$ && CTR::$,SEC::$,,,,,different,TN_FP,failure,80,5,success,failure,1699426.129,248543.621
SEC::$ && CTR::$,SEC::$ && CTR::$,,,,,different,TP_TP,success,80,20,success,success,1664101.663,482321.805
SEC::$ && CTR::$,SEC::$ && CTR::EN,,,,,different,TN_TN,failure,40,10,failure,failure,1486399.694,418235.110
SEC::$ && CTR::$,SEC::$ && CTR::FR,,,,,different,TN_TN,failure,40,10,failure,failure,1476583.496,419532.303
SEC::$ && CTR::$,SEC::$ && DPT::$,,,,,different,TN_FP,failure,80,20,success,failure,1497493.393,729746.777
SEC::$ && CTR::$,SEC::$ && DPT::$ && CTR::$,,,,,same,same,success,80,80,success,success,1722898.512,1564722.728
SEC::$ && CTR::$,SEC::$ && DPT::$ && CTR::EN,,,,,same,same,failure,40,40,failure,failure,1488723.407,1389905.681
SEC::$ && CTR::$,SEC::$ && DPT::$ && CTR::FR,,,,,same,same,failure,40,40,failure,failure,1648592.412,1368575.520
SEC::$ && CTR::$,SEC::$ && DPT::DEV,,,,,different,TN_FP,failure,40,10,success,failure,854082.730,407733.106
SEC::$ && CTR::$,SEC::$ && DPT::DEV && CTR::$,,,,,same,same,success,40,40,success,success,856980.772,796762.998
SEC::$ && CTR::$,SEC::$ && DPT::DEV && CTR::EN,,,,,same,same,failure,20,20,failure,failure,796768.208,746780.689
SEC::$ && CTR::$,SEC::$ && DPT::DEV && CTR::FR,,,,,same,same,failure,20,20,failure,failure,751619.365,746746.495
SEC::$ && CTR::$,SEC::$ && DPT::MKG,,,,,different,TN_FP,failure,40,10,success,failure,905279.969,407037.436
SEC::$ && CTR::$,SEC::$ && DPT::MKG && CTR::$,,,,,same,same,success,40,40,success,success,819738.710,772318.030
SEC::$ && CTR::$,SEC::$ && DPT::MKG && CTR::EN,,,,,same,same,failure,20,20,failure,failure,777464.814,741958.934
SEC::$ && CTR::$,SEC::$ && DPT::MKG && CTR::FR,,,,,same,same,failure,20,20,failure,failure,768889.835,727413.941
SEC::$ && CTR::$,SEC::HIG,,,,,different,TN_TN,failure,64,4,failure,failure,2510518.770,213925.135
SEC::$ && CTR::$,SEC::HIG && CTR::$,,,,,different,TN_TN,failure,64,16,failure,failure,2529482.672,644262.711
SEC::$ && CTR::$,SEC::HIG && CTR::EN,,,,,different,TN_TN,failure,32,8,failure,failure,1289050.907,357766.431
SEC::$ && CTR::$,SEC::HIG && CTR::FR,,,,,different,TN_TN,failure,32,8,failure,failure,1279917.771,356649.786
SEC::$ && CTR::$,SEC::HIG && DPT::$,,,,,different,TN_TN,failure,64,16,failure,failure,2880695.714,644222.425
SEC::$ && CTR::$,SEC::HIG && DPT::$ && CTR::$,,,,,same,same,failure,64,64,failure,failure,2395522.811,2302611.067
SEC::$ && CTR::$,SEC::HIG && DPT::$ && CTR::EN,,,,,same,same,failure,32,32,failure,failure,1270407.256,1220996.930
SEC::$ && CTR::$,SEC::HIG && DPT::$ && CTR::FR,,,,,same,same,failure,32,32,failure,failure,1254167.504,1203986.683
SEC::$ && CTR::$,SEC::HIG && DPT::DEV,,,,,different,TN_TN,failure,32,8,failure,failure,1298416.089,357157.258
SEC::$ && CTR::$,SEC::HIG && DPT::DEV && CTR::$,,,,,same,same,failure,32,32,failure,failure,1721606.318,1216465.640
SEC::$ && CTR::$,SEC::HIG && DPT::DEV && CTR::EN,,,,,same,same,failure,16,16,failure,failure,675553.014,643715.814
SEC::$ && CTR::$,SEC::HIG && DPT::DEV && CTR::FR,,,,,same,same,failure,16,16,failure,failure,902838.490,642996.576
SEC::$ && CTR::$,SEC::HIG && DPT::MKG,,,,,different,TN_TN,failure,32,8,failure,failure,1345760.775,357574.821
SEC::$ && CTR::$,SEC::HIG && DPT::MKG && CTR::$,,,,,same,same,failure,32,32,failure,failure,1280623.008,1225024.339
SEC::$ && CTR::$,SEC::HIG && DPT::MKG && CTR::EN,,,,,same,same,failure,16,16,failure,failure,680863.184,643628.511
SEC::$ && CTR::$,SEC::HIG && DPT::MKG && CTR::FR,,,,,same,same,failure,16,16,failure,failure,690792.939,645619.941
SEC::$ && CTR::$,SEC::LOW,,,,,different,TN_TN,failure,32,2,failure,failure,1256648.954,145603.451
SEC::$ && CTR::$,SEC::LOW && CTR::$,,,,,different,TN_TN,failure,32,8,failure,failure,1317344.979,364311.171
SEC::$ && CTR::$,SEC::LOW && CTR::EN,,,,,different,TN_TN,failure,16,4,failure,failure,669345.429,219255.924
SEC::$ && CTR::$,SEC::LOW && CTR::FR,,,,,different,TN_TN,failure,16,4,failure,failure,668570.706,218321.336
SEC::$ && CTR::$,SEC::LOW && DPT::$,,,,,different,TN_TN,failure,32,8,failure,failure,1299258.579,363892.632
SEC::$ && CTR::$,SEC::LOW && DPT::$ && CTR::$,,,,,same,same,failure,32,32,failure,failure,1298408.148,1240060.087
SEC::$ && CTR::$,SEC::LOW && DPT::$ && CTR::EN,,,,,same,same,failure,16,16,failure,failure,667961.519,658316.216
SEC::$ && CTR::$,SEC::LOW && DPT::$ && CTR::FR,,,,,same,same,failure,16,16,failure,failure,686189.024,657224.774
SEC::$ && CTR::$,SEC::LOW && DPT::DEV,,,,,different,TN_TN,failure,16,4,failure,failure,804867.395,218904.941
SEC::$ && CTR::$,SEC::LOW && DPT::DEV && CTR::$,,,,,same,same,failure,16,16,failure,failure,680744.441,656732.511
SEC::$ && CTR::$,SEC::LOW && DPT::DEV && CTR::EN,,,,,same,same,failure,8,8,failure,failure,371208.094,364865.236
SEC::$ && CTR::$,SEC::LOW && DPT::DEV && CTR::FR,,,,,same,same,failure,8,8,failure,failure,379131.040,365118.185
SEC::$ && CTR::$,SEC::LOW && DPT::MKG,,,,,different,TN_TN,failure,16,4,failure,failure,693337.522,218561.467
SEC::$ && CTR::$,SEC::LOW && DPT::MKG && CTR::$,,,,,same,same,failure,16,16,failure,failure,703623.251,657827.340
SEC::$ && CTR::$,SEC::LOW && DPT::MKG && CTR::EN,,,,,same,same,failure,8,8,failure,failure,384959.026,364191.151
SEC::$ && CTR::$,SEC::LOW && DPT::MKG && CTR::FR,,,,,same,same,failure,8,8,failure,failure,405558.857,364629.869
SEC::$ && CTR::$,SEC::MED,,,,,different,TN_TN,failure,48,3,failure,failure,1896756.947,182205.151
SEC::$ && CTR::$,SEC::MED && CTR::$,,,,,different,TN_TN,failure,48,12,failure,failure,1902609.981,510097.410
SEC::$ && CTR::$,SEC::MED && CTR::EN,,,,,different,TN_TN,failure,24,6,failure,failure,983938.257,291665.843
SEC::$ && CTR::$,SEC::MED && CTR::FR,,,,,different,TN_TN,failure,24,6,failure,failure,996021.487,292276.513
SEC::$ && CTR::$,SEC::MED && DPT::$,,,,,different,TN_TN,failure,48,12,failure,failure,1845211.771,506672.045
SEC::$ && CTR::$,SEC::MED && DPT::$ && CTR::$,,,,,same,same,failure,48,48,failure,failure,1900087.894,1806750.161
SEC::$ && CTR::$,SEC::MED && DPT::$ && CTR::EN,,,,,same,same,failure,24,24,failure,failure,990079.892,939748.238
SEC::$ && CTR::$,SEC::MED && DPT::$ && CTR::FR,,,,,same,same,failure,24,24,failure,failure,967924.830,944865.096
SEC::$ && CTR::$,SEC::MED && DPT::DEV,,,,,different,TN_TN,failure,24,6,failure,failure,997443.424,291808.034
SEC::$ && CTR::$,SEC::MED && DPT::DEV && CTR::$,,,,,same,same,failure,24,24,failure,failure,1052137.086,955653.447
SEC::$ && CTR::$,SEC::MED && DPT::DEV && CTR::EN,,,,,same,same,failure,12,12,failure,failure,573860.870,510293.803
SEC::$ && CTR::$,SEC::MED && DPT::DEV && CTR::FR,,,,,same,same,failure,12,12,failure,failure,543083.223,512379.676
SEC::$ && CTR::$,SEC::MED && DPT::MKG,,,,,different,TN_TN,failure,24,6,failure,failure,1106062.120,292837.450
SEC::$ && CTR::$,SEC::MED && DPT::MKG && CTR::$,,,,,same,same,failure,24,24,failure,failure,1015575.245,940641.658
SEC::$ && CTR::$,SEC::MED && DPT::MKG && CTR::EN,,,,,same,same,failure,12,12,failure,failure,569398.068,505820.533
SEC::$ && CTR::$,SEC::MED && DPT::MKG && CTR::FR,,,,,same,same,failure,12,12,failure,failure,567696.637,506648.125
SEC::$ && CTR::EN,CTR::$,,,,,different,TN_FP,failure,80,4,success,failure,1602619.113,227304.071
SEC::$ && CTR::EN,CTR::EN,,,,,different,TN_FP,failure,40,2,success,failure,898718.706,152159.999
SEC::$ && CTR::EN,CTR::FR,,,,,different,TN_TN,failure,40,2,failure,failure,1589904.994,151724.357
SEC::$ && CTR::EN,DPT::$,,,,,different,TN_FP,failure,80,4,success,failure,1647886.853,227887.199
SEC::$ && CTR::EN,DPT::$ && CTR::$,,,,,different,TN_FP,failure,80,16,success,failure,1600930.174,678738.609
SEC::$ && CTR::EN,DPT::$ && CTR::EN,,,,,different,TN_FP,failure,40,8,success,failure,879713.973,379305.127
SEC::$ && CTR::EN,DPT::$ && CTR::FR,,,,,different,TN_TN,failure,40,8,failure,failure,1629817.610,379281.848
SEC::$ && CTR::EN,DPT::DEV,,,,,different,TN_FP,failure,40,2,success,failure,891637.153,152078.726
SEC::$ && CTR::EN,DPT::DEV && CTR::$,,,,,different,TN_FP,failure,40,8,success,failure,868819.814,378943.588
SEC::$ && CTR::EN,DPT::DEV && CTR::EN,,,,,different,TN_FP,failure,20,4,success,failure,524036.642,227879.625
SEC::$ && CTR::EN,DPT::DEV && CTR::FR,,,,,different,TN_TN,failure,20,4,failure,failure,814532.564,227645.557
SEC::$ && CTR::EN,DPT::MKG,,,,,different,TN_FP,failure,40,2,success,failure,945846.301,151441.622
SEC::$ && CTR::EN,DPT::MKG && CTR::$,,,,,different,TN_FP,failure,40,8,success,failure,985825.958,381379.528
SEC::$ && CTR::EN,DPT::MKG && CTR::EN,,,,,different,TN_FP,failure,20,4,success,failure,520755.672,227912.442
SEC::$ && CTR::EN,DPT::MKG && CTR::FR,,,,,different,TN_TN,failure,20,4,failure,failure,894559.975,227797.116
SEC::$ && CTR::EN,SEC::$,,,,,different,TN_FP,failure,80,5,success,failure,1611481.030,256131.498
SEC::$ && CTR::EN,SEC::$ && CTR::$,,,,,different,TP_TP,success,80,20,success,success,1625134.435,518270.986
SEC::$ && CTR::EN,SEC::$ && CTR::EN,,,,,different,TP_TP,success,40,10,success,success,861784.898,355607.466
SEC::$ && CTR::EN,SEC::$ && CTR::FR,,,,,different,TN_TN,failure,40,10,failure,failure,1574291.367,460251.997
SEC::$ && CTR::EN,SEC::$ && DPT::$,,,,,different,TN_FP,failure,80,20,success,failure,1699481.411,804932.672
SEC::$ && CTR::EN,SEC::$ && DPT::$ && CTR::$,,,,,same,same,success,80,80,success,success,1619901.149,1500143.630
SEC::$ && CTR::EN,SEC::$ && DPT::$ && CTR::EN,,,,,same,same,success,40,40,success,success,884349.804,879182.677
SEC::$ && CTR::EN,SEC::$ && DPT::$ && CTR::FR,,,,,same,same,failure,40,40,failure,failure,1569604.540,1474452.704
SEC::$ && CTR::EN,SEC::$ && DPT::DEV,,,,,different,TN_FP,failure,40,10,success,failure,913390.542,458074.353
SEC::$ && CTR::EN,SEC::$ && DPT::DEV && CTR::$,,,,,same,same,success,40,40,success,success,907603.938,936226.667
SEC::$ && CTR::EN,SEC::$ && DPT::DEV && CTR::EN,,,,,same,same,success,20,20,success,success,531834.508,533241.432
SEC::$ && CTR::EN,SEC::$ && DPT::DEV && CTR::FR,,,,,same,same,failure,20,20,failure,failure,838882.328,810365.603
SEC::$ && CTR::EN,SEC::$ && DPT::MKG,,,,,different,TN_FP,failure,40,10,success,failure,996971.559,437067.409
SEC::$ && CTR::EN,SEC::$ && DPT::MKG && CTR::$,,,,,same,same,success,40,40,success,success,901096.512,877274.993
SEC::$ && CTR::EN,SEC::$ && DPT::MKG && CTR::EN,,,,,same,same,success,20,20,success,success,527068.880,504229.032
SEC::$ && CTR::EN,SEC::$ && DPT::MKG && CTR::FR,,,,,same,same,failure,20,20,failure,failure,845315.380,787861.561
SEC::$ && CTR::EN,SEC::HIG,,,,,different,TN_TN,failure,64,4,failure,failure,2548652.519,227160.992
SEC::$ && CTR::EN,SEC::HIG && CTR::$,,,,,different,TN_TN,failure,64,16,failure,failure,2628065.593,677026.938
SEC::$ && CTR::EN,SEC::HIG && CTR::EN,,,,,different,TN_TN,failure,32,8,failure,failure,1292125.930,378670.767
SEC::$ && CTR::EN,SEC::HIG && CTR::FR,,,,,different,TN_TN,failure,32,8,failure,failure,1437465.821,375477.106
SEC::$ && CTR::EN,SEC::HIG && DPT::$,,,,,different,TN_TN,failure,64,16,failure,failure,2574695.224,666026.389
SEC::$ && CTR::EN,SEC::HIG && DPT::$ && CTR::$,,,,,same,same,failure,64,64,failure,failure,2577062.084,2427785.107
SEC::$ && CTR::EN,SEC::HIG && DPT::$ && CTR::EN,,,,,same,same,failure,32,32,failure,failure,1325962.924,1258647.724
SEC::$ && CTR::EN,SEC::HIG && DPT::$ && CTR::FR,,,,,same,same,failure,32,32,failure,failure,1370214.991,1253933.535
SEC::$ && CTR::EN,SEC::HIG && DPT::DEV,,,,,different,TN_TN,failure,32,8,failure,failure,1299048.190,366730.379
SEC::$ && CTR::EN,SEC::HIG && DPT::DEV && CTR::$,,,,,same,same,failure,32,32,failure,failure,1282839.782,1249900.396
SEC::$ && CTR::EN,SEC::HIG && DPT::DEV && CTR::EN,,,,,same,same,failure,16,16,failure,failure,681328.572,661369.929
SEC::$ && CTR::EN,SEC::HIG && DPT::DEV && CTR::FR,,,,,same,same,failure,16,16,failure,failure,690180.421,661427.307
SEC::$ && CTR::EN,SEC::HIG && DPT::MKG,,,,,different,TN_TN,failure,32,8,failure,failure,1295284.340,366837.290
SEC::$ && CTR::EN,SEC::HIG && DPT::MKG && CTR::$,,,,,same,same,failure,32,32,failure,failure,1316754.943,1320020.383
SEC::$ && CTR::EN,SEC::HIG && DPT::MKG && CTR::EN,,,,,same,same,failure,16,16,failure,failure,692271.493,664382.461
SEC::$ && CTR::EN,SEC::HIG && DPT::MKG && CTR::FR,,,,,same,same,failure,16,16,failure,failure,700315.848,675841.274
SEC::$ && CTR::EN,SEC::LOW,,,,,different,TN_TN,failure,32,2,failure,failure,1315797.026,149675.318
SEC::$ && CTR::EN,SEC::LOW && CTR::$,,,,,different,TN_TN,failure,32,8,failure,failure,1264422.180,376818.122
SEC::$ && CTR::EN,SEC::LOW && CTR::EN,,,,,different,TN_TN,failure,16,4,failure,failure,677640.213,224743.633
SEC::$ && CTR::EN,SEC::LOW && CTR::FR,,,,,different,TN_TN,failure,16,4,failure,failure,671190.635,224463.788
SEC::$ && CTR::EN,SEC::LOW && DPT::$,,,,,different,TN_TN,failure,32,8,failure,failure,1260472.992,387511.029
SEC::$ && CTR::EN,SEC::LOW && DPT::$ && CTR::$,,,,,same,same,failure,32,32,failure,failure,1254478.227,1282143.340
SEC::$ && CTR::EN,SEC::LOW && DPT::$ && CTR::EN,,,,,same,same,failure,16,16,failure,failure,667799.495,682484.415
SEC::$ && CTR::EN,SEC::LOW && DPT::$ && CTR::FR,,,,,same,same,failure,16,16,failure,failure,674369.990,675651.689
SEC::$ && CTR::EN,SEC::LOW && DPT::DEV,,,,,different,TN_TN,failure,16,4,failure,failure,674916.775,226942.447
SEC::$ && CTR::EN,SEC::LOW && DPT::DEV && CTR::$,,,,,same,same,failure,16,16,failure,failure,672768.485,676998.159
SEC::$ && CTR::EN,SEC::LOW && DPT::DEV && CTR::EN,,,,,same,same,failure,8,8,failure,failure,374153.122,376452.736
SEC::$ && CTR::EN,SEC::LOW && DPT::DEV && CTR::FR,,,,,same,same,failure,8,8,failure,failure,374397.095,377109.579
SEC::$ && CTR::EN,SEC::LOW && DPT::MKG,,,,,different,TN_TN,failure,16,4,failure,failure,676175.306,225759.823
SEC::$ && CTR::EN,SEC::LOW && DPT::MKG && CTR::$,,,,,same,same,failure,16,16,failure,failure,702879.076,678707.205
SEC::$ && CTR::EN,SEC::LOW && DPT::MKG && CTR::EN,,,,,same,same,failure,8,8,failure,failure,375136.232,376337.029
SEC::$ && CTR::EN,SEC::LOW && DPT::MKG && CTR::FR,,,,,same,same,failure,8,8,failure,failure,385560.004,375973.111
SEC::$ && CTR::EN,SEC::MED,,,,,different,TN_TN,failure,48,3,failure,failure,1853043.046,188710.945
SEC::$ && CTR::EN,SEC::MED && CTR::$,,,,,different,TN_TN,failure,48,12,failure,failure,1850784.604,527228.860
SEC::$ && CTR::EN,SEC::MED && CTR::EN,,,,,different,TN_TN,failure,24,6,failure,failure,963123.985,301731.834
SEC::$ && CTR::EN,SEC::MED && CTR::FR,,,,,different,TN_TN,failure,24,6,failure,failure,972921.387,301734.759
SEC::$ && CTR::EN,SEC::MED && DPT::$,,,,,different,TN_TN,failure,48,12,failure,failure,1936934.580,534107.341
SEC::$ && CTR::EN,SEC::MED && DPT::$ && CTR::$,,,,,same,same,failure,48,48,failure,failure,1852310.501,1893921.252
SEC::$ && CTR::EN,SEC::MED && DPT::$ && CTR::EN,,,,,same,same,failure,24,24,failure,failure,960018.049,987585.824
SEC::$ && CTR::EN,SEC::MED && DPT::$ && CTR::FR,,,,,same,same,failure,24,24,failure,failure,972601.061,987752.998
SEC::$ && CTR::EN,SEC::MED && DPT::DEV,,,,,different,TN_TN,failure,24,6,failure,failure,969742.309,301212.269
SEC::$ && CTR::EN,SEC::MED && DPT::DEV && CTR::$,,,,,same,same,failure,24,24,failure,failure,977133.503,979855.594
SEC::$ && CTR::EN,SEC::MED && DPT::DEV && CTR::EN,,,,,same,same,failure,12,12,failure,failure,518128.454,526799.008
SEC::$ && CTR::EN,SEC::MED && DPT::DEV && CTR::FR,,,,,same,same,failure,12,12,failure,failure,517978.087,527769.208
SEC::$ && CTR::EN,SEC::MED && DPT::MKG,,,,,different,TN_TN,failure,24,6,failure,failure,969367.826,303964.206
SEC::$ && CTR::EN,SEC::MED && DPT::MKG && CTR::$,,,,,same,same,failure,24,24,failure,failure,976046.975,980334.352
SEC::$ && CTR::EN,SEC::MED && DPT::MKG && CTR::EN,,,,,same,same,failure,12,12,failure,failure,522419.844,532616.786
SEC::$ && CTR::EN,SEC::MED && DPT::MKG && CTR::FR,,,,,same,same,failure,12,12,failure,failure,521389.782,529028.666
SEC::$ && CTR::FR,CTR::$,,,,,different,TN_FP,failure,80,4,success,failure,1567166.532,218637.570
SEC::$ && CTR::FR,CTR::EN,,,,,different,TN_TN,failure,40,2,failure,failure,1563644.475,146273.618
SEC::$ && CTR::FR,CTR::FR,,,,,different,TN_FP,failure,40,2,success,failure,870901.358,145754.514
SEC::$ && CTR::FR,DPT::$,,,,,different,TN_FP,failure,80,4,success,failure,1593955.952,219729.288
SEC::$ && CTR::FR,DPT::$ && CTR::$,,,,,different,TN_FP,failure,80,16,success,failure,1682497.449,657620.221
SEC::$ && CTR::FR,DPT::$ && CTR::EN,,,,,different,TN_TN,failure,40,8,failure,failure,1626592.977,364768.815
SEC::$ && CTR::FR,DPT::$ && CTR::FR,,,,,different,TN_FP,failure,40,8,success,failure,874884.098,364657.781
SEC::$ && CTR::FR,DPT::DEV,,,,,different,TN_FP,failure,40,2,success,failure,902542.294,146340.238
SEC::$ && CTR::FR,DPT::DEV && CTR::$,,,,,different,TN_FP,failure,40,8,success,failure,870384.719,364522.198
SEC::$ && CTR::FR,DPT::DEV && CTR::EN,,,,,different,TN_TN,failure,20,4,failure,failure,817108.861,218688.395
SEC::$ && CTR::FR,DPT::DEV && CTR::FR,,,,,different,TN_FP,failure,20,4,success,failure,540257.272,218717.560
SEC::$ && CTR::FR,DPT::MKG,,,,,different,TN_FP,failure,40,2,success,failure,897818.358,145431.223
SEC::$ && CTR::FR,DPT::MKG && CTR::$,,,,,different,TN_FP,failure,40,8,success,failure,912276.537,364699.741
SEC::$ && CTR::FR,DPT::MKG && CTR::EN,,,,,different,TN_TN,failure,20,4,failure,failure,932143.708,218643.491
SEC::$ && CTR::FR,DPT::MKG && CTR::FR,,,,,different,TN_FP,failure,20,4,success,failure,564739.235,218639.062
SEC::$ && CTR::FR,SEC::$,,,,,different,TN_FP,failure,80,5,success,failure,1581833.594,249573.964
SEC::$ && CTR::FR,SEC::$ && CTR::$,,,,,different,TP_TP,success,80,20,success,success,1698136.569,505724.548
SEC::$ && CTR::FR,SEC::$ && CTR::EN,,,,,different,TN_TN,failure,40,10,failure,failure,1599222.235,446048.831
SEC::$ && CTR::FR,SEC::$ && CTR::FR,,,,,different,TP_TP,success,40,10,success,success,1011276.752,398185.562
SEC::$ && CTR::FR,SEC::$ && DPT::$,,,,,different,TN_FP,failure,80,20,success,failure,1625174.406,785621.916
SEC::$ && CTR::FR,SEC::$ && DPT::$ && CTR::$,,,,,same,same,success,80,80,success,success,1642682.261,1636231.326
SEC::$ && CTR::FR,SEC::$ && DPT::$ && CTR::EN,,,,,same,same,failure,40,40,failure,failure,1572882.053,1511065.546
SEC::$ && CTR::FR,SEC::$ && DPT::$ && CTR::FR,,,,,same,same,success,40,40,success,success,925665.853,869983.076
SEC::$ && CTR::FR,SEC::$ && DPT::DEV,,,,,different,TN_FP,failure,40,10,success,failure,905970.524,429267.208
SEC::$ && CTR::FR,SEC::$ && DPT::DEV && CTR::$,,,,,same,same,success,40,40,success,success,903466.877,904147.449
SEC::$ && CTR::FR,SEC::$ && DPT::DEV && CTR::EN,,,,,same,same,failure,20,20,failure,failure,838036.216,832186.273
SEC::$ && CTR::FR,SEC::$ && DPT::DEV && CTR::FR,,,,,same,same,success,20,20,success,success,527584.456,522200.673
SEC::$ && CTR::FR,SEC::$ && DPT::MKG,,,,,different,TN_FP,failure,40,10,success,failure,962566.008,427789.822
SEC::$ && CTR::FR,SEC::$ && DPT::MKG && CTR::$,,,,,same,same,success,40,40,success,success,948409.383,882197.497
SEC::$ && CTR::FR,SEC::$ && DPT::MKG && CTR::EN,,,,,same,same,failure,20,20,failure,failure,831827.220,785313.953
SEC::$ && CTR::FR,SEC::$ && DPT::MKG && CTR::FR,,,,,same,same,success,20,20,success,success,532717.880,505082.042
SEC::$ && CTR::FR,SEC::HIG,,,,,different,TN_TN,failure,64,4,failure,failure,2560659.907,220285.846
SEC::$ && CTR::FR,SEC::HIG && CTR::$,,,,,different,TN_TN,failure,64,16,failure,failure,2595182.523,659730.029
SEC::$ && CTR::FR,SEC::HIG && CTR::EN,,,,,different,TN_TN,failure,32,8,failure,failure,1305142.155,365686.767
SEC::$ && CTR::FR,SEC::HIG && CTR::FR,,,,,different,TN_TN,failure,32,8,failure,failure,1479554.914,366694.893
SEC::$ && CTR::FR,SEC::HIG && DPT::$,,,,,different,TN_TN,failure,64,16,failure,failure,2664658.001,663282.001
SEC::$ && CTR::FR,SEC::HIG && DPT::$ && CTR::$,,,,,same,same,failure,64,64,failure,failure,2501382.377,2358081.341
SEC::$ && CTR::FR,SEC::HIG && DPT::$ && CTR::EN,,,,,same,same,failure,32,32,failure,failure,1377252.812,1253679.198
SEC::$ && CTR::FR,SEC::HIG && DPT::$ && CTR::FR,,,,,same,same,failure,32,32,failure,failure,1365753.171,1225049.842
SEC::$ && CTR::FR,SEC::HIG && DPT::DEV,,,,,different,TN_TN,failure,32,8,failure,failure,1315139.578,365325.900
SEC::$ && CTR::FR,SEC::HIG && DPT::DEV && CTR::$,,,,,same,same,failure,32,32,failure,failure,1291464.479,1245987.556
SEC::$ && CTR::FR,SEC::HIG && DPT::DEV && CTR::EN,,,,,same,same,failure,16,16,failure,failure,691409.542,664060.596
SEC::$ && CTR::FR,SEC::HIG && DPT::DEV && CTR::FR,,,,,same,same,failure,16,16,failure,failure,679633.027,665197.829
SEC::$ && CTR::FR,SEC::HIG && DPT::MKG,,,,,different,TN_TN,failure,32,8,failure,failure,1295537.234,365862.291
SEC::$ && CTR::FR,SEC::HIG && DPT::MKG && CTR::$,,,,,same,same,failure,32,32,failure,failure,1762391.671,1253726.151
SEC::$ && CTR::FR,SEC::HIG && DPT::MKG && CTR::EN,,,,,same,same,failure,16,16,failure,failure,692889.047,659018.919
SEC::$ && CTR::FR,SEC::HIG && DPT::MKG && CTR::FR,,,,,same,same,failure,16,16,failure,failure,808957.336,659859.321
SEC::$ && CTR::FR,SEC::LOW,,,,,different,TN_TN,failure,32,2,failure,failure,1340741.600,147714.911
SEC::$ && CTR::FR,SEC::LOW && CTR::$,,,,,different,TN_TN,failure,32,8,failure,failure,1280000.396,367350.703
SEC::$ && CTR::FR,SEC::LOW && CTR::EN,,,,,different,TN_TN,failure,16,4,failure,failure,668722.547,220253.661
SEC::$ && CTR::FR,SEC::LOW && CTR::FR,,,,,different,TN_TN,failure,16,4,failure,failure,667148.294,221310.934
SEC::$ && CTR::FR,SEC::LOW && DPT::$,,,,,different,TN_TN,failure,32,8,failure,failure,1264309.443,369342.434
SEC::$ && CTR::FR,SEC::LOW && DPT::$ && CTR::$,,,,,same,same,failure,32,32,failure,failure,1258328.695,1257034.467
SEC::$ && CTR::FR,SEC::LOW && DPT::$ && CTR::EN,,,,,same,same,failure,16,16,failure,failure,675549.958,660806.809
SEC::$ && CTR::FR,SEC::LOW && DPT::$ && CTR::FR,,,,,same,same,failure,16,16,failure,failure,668467.769,662898.131
SEC::$ && CTR::FR,SEC::LOW && DPT::DEV,,,,,different,TN_TN,failure,16,4,failure,failure,680519.289,221512.082
SEC::$ && CTR::FR,SEC::LOW && DPT::DEV && CTR::$,,,,,same,same,failure,16,16,failure,failure,674811.973,666938.660
SEC::$ && CTR::FR,SEC::LOW && DPT::DEV && CTR::EN,,,,,same,same,failure,8,8,failure,failure,373429.480,369077.657
SEC::$ && CTR::FR,SEC::LOW && DPT::DEV && CTR::FR,,,,,same,same,failure,8,8,failure,failure,371921.336,369293.903
SEC::$ && CTR::FR,SEC::LOW && DPT::MKG,,,,,different,TN_TN,failure,16,4,failure,failure,680465.608,221423.259
SEC::$ && CTR::FR,SEC::LOW && DPT::MKG && CTR::$,,,,,same,same,failure,16,16,failure,failure,669502.995,663383.176
SEC::$ && CTR::FR,SEC::LOW && DPT::MKG && CTR::EN,,,,,same,same,failure,8,8,failure,failure,390987.104,369493.978
SEC::$ && CTR::FR,SEC::LOW && DPT::MKG && CTR::FR,,,,,same,same,failure,8,8,failure,failure,374103.835,373713.894
SEC::$ && CTR::FR,SEC::MED,,,,,different,TN_TN,failure,48,3,failure,failure,1854472.080,182129.254
SEC::$ && CTR::FR,SEC::MED && CTR::$,,,,,different,TN_TN,failure,48,12,failure,failure,1858016.484,512181.985
SEC::$ && CTR::FR,SEC::MED && CTR::EN,,,,,different,TN_TN,failure,24,6,failure,failure,966770.515,293284.023
SEC::$ && CTR::FR,SEC::MED && CTR::FR,,,,,different,TN_TN,failure,24,6,failure,failure,976068.725,291719.198
SEC::$ && CTR::FR,SEC::MED && DPT::$,,,,,different,TN_TN,failure,48,12,failure,failure,1925820.562,510760.554
SEC::$ && CTR::FR,SEC::MED && DPT::$ && CTR::$,,,,,same,same,failure,48,48,failure,failure,1852294.962,1839578.519
SEC::$ && CTR::FR,SEC::MED && DPT::$ && CTR::EN,,,,,same,same,failure,24,24,failure,failure,969618.407,950224.238
SEC::$ && CTR::FR,SEC::MED && DPT::$ && CTR::FR,,,,,same,same,failure,24,24,failure,failure,969776.328,952718.181
SEC::$ && CTR::FR,SEC::MED && DPT::DEV,,,,,different,TN_TN,failure,24,6,failure,failure,964053.869,292359.714
SEC::$ && CTR::FR,SEC::MED && DPT::DEV && CTR::$,,,,,same,same,failure,24,24,failure,failure,977214.791,950075.794
SEC::$ && CTR::FR,SEC::MED && DPT::DEV && CTR::EN,,,,,same,same,failure,12,12,failure,failure,529896.298,510781.589
SEC::$ && CTR::FR,SEC::MED && DPT::DEV && CTR::FR,,,,,same,same,failure,12,12,failure,failure,520430.848,511303.101
SEC::$ && CTR::FR,SEC::MED && DPT::MKG,,,,,different,TN_TN,failure,24,6,failure,failure,978494.206,291934.215
SEC::$ && CTR::FR,SEC::MED && DPT::MKG && CTR::$,,,,,same,same,failure,24,24,failure,failure,977498.904,957761.836
SEC::$ && CTR::FR,SEC::MED && DPT::MKG && CTR::EN,,,,,same,same,failure,12,12,failure,failure,522996.561,512886.722
SEC::$ && CTR::FR,SEC::MED && DPT::MKG && CTR::FR,,,,,same,same,failure,12,12,failure,failure,536375.115,514145.774
SEC::$ && DPT::$,CTR::$,,,,,different,TN_FP,failure,80,4,success,failure,1871587.179,220727.149
SEC::$ && DPT::$,CTR::EN,,,,,different,TN_FP,failure,40,2,success,failure,920807.319,147712.016
SEC::$ && DPT::$,CTR::FR,,,,,different,TN_FP,failure,40,2,success,failure,923630.365,147194.861
SEC::$ && DPT::$,DPT::$,,,,,different,TN_FP,failure,80,4,success,failure,1711951.818,214837.807
SEC::$ && DPT::$,DPT::$ && CTR::$,,,,,different,TN_FP,failure,80,16,success,failure,1729425.434,644954.433
SEC::$ && DPT::$,DPT::$ && CTR::EN,,,,,different,TN_FP,failure,40,8,success,failure,933718.022,358684.307
SEC::$ && DPT::$,DPT::$ && CTR::FR,,,,,different,TN_FP,failure,40,8,success,failure,947734.889,358329.717
SEC::$ && DPT::$,DPT::DEV,,,,,different,TN_TN,failure,40,2,failure,failure,1649024.076,146988.163
SEC::$ && DPT::$,DPT::DEV && CTR::$,,,,,different,TN_TN,failure,40,8,failure,failure,1650126.194,359153.698
SEC::$ && DPT::$,DPT::DEV && CTR::EN,,,,,different,TN_TN,failure,20,4,failure,failure,861950.649,215637.707
SEC::$ && DPT::$,DPT::DEV && CTR::FR,,,,,different,TN_TN,failure,20,4,failure,failure,863221.733,214377.143
SEC::$ && DPT::$,DPT::MKG,,,,,different,TN_TN,failure,40,2,failure,failure,1646272.400,142850.602
SEC::$ && DPT::$,DPT::MKG && CTR::$,,,,,different,TN_TN,failure,40,8,failure,failure,1671760.935,358736.720
SEC::$ && DPT::$,DPT::MKG && CTR::EN,,,,,different,TN_TN,failure,20,4,failure,failure,866453.555,213850.645
SEC::$ && DPT::$,DPT::MKG && CTR::FR,,,,,different,TN_TN,failure,20,4,failure,failure,867535.985,214790.152
SEC::$ && DPT::$,SEC::$,,,,,different,TN_FP,failure,80,5,success,failure,1530786.393,225900.427
SEC::$ && DPT::$,SEC::$ && CTR::$,,,,,different,TN_FP,failure,80,20,success,failure,1436424.113,705131.725
SEC::$ && DPT::$,SEC::$ && CTR::EN,,,,,different,TN_FP,failure,40,10,success,failure,818852.593,386860.373
SEC::$ && DPT::$,SEC::$ && CTR::FR,,,,,different,TN_FP,failure,40,10,success,failure,859352.015,386690.730
SEC::$ && DPT::$,SEC::$ && DPT::$,,,,,different,TP_TP,success,80,20,success,success,1541195.722,442515.594
SEC::$ && DPT::$,SEC::$ && DPT::$ && CTR::$,,,,,same,same,success,80,80,success,success,1483968.634,1412629.244
SEC::$ && DPT::$,SEC::$ && DPT::$ && CTR::EN,,,,,same,same,success,40,40,success,success,825584.811,831668.823
SEC::$ && DPT::$,SEC::$ && DPT::$ && CTR::FR,,,,,same,same,success,40,40,success,success,797991.968,757729.291
SEC::$ && DPT::$,SEC::$ && DPT::DEV,,,,,different,TN_TN,failure,40,10,failure,failure,1395935.160,384577.642
SEC::$ && DPT::$,SEC::$ && DPT::DEV && CTR::$,,,,,same,same,failure,40,40,failure,failure,1387915.042,1360305.924
SEC::$ && DPT::$,SEC::$ && DPT::DEV && CTR::EN,,,,,same,same,failure,20,20,failure,failure,728971.979,710097.145
SEC::$ && DPT::$,SEC::$ && DPT::DEV && CTR::FR,,,,,same,same,failure,20,20,failure,failure,734649.564,710900.902
SEC::$ && DPT::$,SEC::$ && DPT::MKG,,,,,different,TN_TN,failure,40,10,failure,failure,1397655.011,387326.317
SEC::$ && DPT::$,SEC::$ && DPT::MKG && CTR::$,,,,,same,same,failure,40,40,failure,failure,1399443.150,1355318.995
SEC::$ && DPT::$,SEC::$ && DPT::MKG && CTR::EN,,,,,same,same,failure,20,20,failure,failure,723542.279,711070.064
SEC::$ && DPT::$,SEC::$ && DPT::MKG && CTR::FR,,,,,same,same,failure,20,20,failure,failure,732508.107,711567.858
SEC::$ && DPT::$,SEC::HIG,,,,,different,TN_TN,failure,64,4,failure,failure,2375918.774,209279.471
SEC::$ && DPT::$,SEC::HIG && CTR::$,,,,,different,TN_TN,failure,64,16,failure,failure,2370415.847,613512.096
SEC::$ && DPT::$,SEC::HIG && CTR::EN,,,,,different,TN_TN,failure,32,8,failure,failure,1226208.521,344739.720
SEC::$ && DPT::$,SEC::HIG && CTR::FR,,,,,different,TN_TN,failure,32,8,failure,failure,1222238.704,340783.379
SEC::$ && DPT::$,SEC::HIG && DPT::$,,,,,different,TN_TN,failure,64,16,failure,failure,2212088.891,596172.410
SEC::$ && DPT::$,SEC::HIG && DPT::$ && CTR::$,,,,,same,same,failure,64,64,failure,failure,2206995.351,2143588.300
SEC::$ && DPT::$,SEC::HIG && DPT::$ && CTR::EN,,,,,same,same,failure,32,32,failure,failure,1136992.724,1115676.440
SEC::$ && DPT::$,SEC::HIG && DPT::$ && CTR::FR,,,,,same,same,failure,32,32,failure,failure,1137095.236,1102023.195
SEC::$ && DPT::$,SEC::HIG && DPT::DEV,,,,,different,TN_TN,failure,32,8,failure,failure,1199493.720,340460.032
SEC::$ && DPT::$,SEC::HIG && DPT::DEV && CTR::$,,,,,same,same,failure,32,32,failure,failure,1196695.060,1158541.489
SEC::$ && DPT::$,SEC::HIG && DPT::DEV && CTR::EN,,,,,same,same,failure,16,16,failure,failure,641239.875,613556.990
SEC::$ && DPT::$,SEC::HIG && DPT::DEV && CTR::FR,,,,,same,same,failure,16,16,failure,failure,636916.927,612046.035
SEC::$ && DPT::$,SEC::HIG && DPT::MKG,,,,,different,TN_TN,failure,32,8,failure,failure,1187703.670,331946.829
SEC::$ && DPT::$,SEC::HIG && DPT::MKG && CTR::$,,,,,same,same,failure,32,32,failure,failure,1181097.058,1128594.320
SEC::$ && DPT::$,SEC::HIG && DPT::MKG && CTR::EN,,,,,same,same,failure,16,16,failure,failure,633442.910,595905.875
SEC::$ && DPT::$,SEC::HIG && DPT::MKG && CTR::FR,,,,,same,same,failure,16,16,failure,failure,628009.544,598017.522
SEC::$ && DPT::$,SEC::LOW,,,,,different,TN_TN,failure,32,2,failure,failure,1341282.180,142959.566
SEC::$ && DPT::$,SEC::LOW && CTR::$,,,,,different,TN_TN,failure,32,8,failure,failure,1335476.741,366156.242
SEC::$ && DPT::$,SEC::LOW && CTR::EN,,,,,different,TN_TN,failure,16,4,failure,failure,710250.132,214108.389
SEC::$ && DPT::$,SEC::LOW && CTR::FR,,,,,different,TN_TN,failure,16,4,failure,failure,707131.582,214527.956
SEC::$ && DPT::$,SEC::LOW && DPT::$,,,,,different,TN_TN,failure,32,8,failure,failure,1336412.535,360055.363
SEC::$ && DPT::$,SEC::LOW && DPT::$ && CTR::$,,,,,same,same,failure,32,32,failure,failure,1365328.204,1220888.316
SEC::$ && DPT::$,SEC::LOW && DPT::$ && CTR::EN,,,,,same,same,failure,16,16,failure,failure,712340.658,643951.121
SEC::$ && DPT::$,SEC::LOW && DPT::$ && CTR::FR,,,,,same,same,failure,16,16,failure,failure,704253.949,644310.029
SEC::$ && DPT::$,SEC::LOW && DPT::DEV,,,,,different,TN_TN,failure,16,4,failure,failure,703703.812,219325.715
SEC::$ && DPT::$,SEC::LOW && DPT::DEV && CTR::$,,,,,same,same,failure,16,16,failure,failure,708796.174,658489.346
SEC::$ && DPT::$,SEC::LOW && DPT::DEV && CTR::EN,,,,,same,same,failure,8,8,failure,failure,391505.346,367249.193
SEC::$ && DPT::$,SEC::LOW && DPT::DEV && CTR::FR,,,,,same,same,failure,8,8,failure,failure,390663.652,362989.227
SEC::$ && DPT::$,SEC::LOW && DPT::MKG,,,,,different,TN_TN,failure,16,4,failure,failure,708744.978,214777.664
SEC::$ && DPT::$,SEC::LOW && DPT::MKG && CTR::$,,,,,same,same,failure,16,16,failure,failure,705493.409,647435.277
SEC::$ && DPT::$,SEC::LOW && DPT::MKG && CTR::EN,,,,,same,same,failure,8,8,failure,failure,390609.085,359004.954
SEC::$ && DPT::$,SEC::LOW && DPT::MKG && CTR::FR,,,,,same,same,failure,8,8,failure,failure,390262.319,359990.137
SEC::$ && DPT::$,SEC::MED,,,,,different,TN_TN,failure,48,3,failure,failure,1943795.224,178944.400
SEC::$ && DPT::$,SEC::MED && CTR::$,,,,,different,TN_TN,failure,48,12,failure,failure,1852100.843,503174.394
SEC::$ && DPT::$,SEC::MED && CTR::EN,,,,,different,TN_TN,failure,24,6,failure,failure,1003516.221,287494.643
SEC::$ && DPT::$,SEC::MED && CTR::FR,,,,,different,TN_TN,failure,24,6,failure,failure,994296.662,286236.012
SEC::$ && DPT::$,SEC::MED && DPT::$,,,,,different,TN_TN,failure,48,12,failure,failure,1791712.565,495037.141
SEC::$ && DPT::$,SEC::MED && DPT::$ && CTR::$,,,,,same,same,failure,48,48,failure,failure,1802774.815,1756174.228
SEC::$ && DPT::$,SEC::MED && DPT::$ && CTR::EN,,,,,same,same,failure,24,24,failure,failure,930499.699,908153.699
SEC::$ && DPT::$,SEC::MED && DPT::$ && CTR::FR,,,,,same,same,failure,24,24,failure,failure,943097.816,908216.853
SEC::$ && DPT::$,SEC::MED && DPT::DEV,,,,,different,TN_TN,failure,24,6,failure,failure,928270.618,286262.041
SEC::$ && DPT::$,SEC::MED && DPT::DEV && CTR::$,,,,,same,same,failure,24,24,failure,failure,930967.226,933842.625
SEC::$ && DPT::$,SEC::MED && DPT::DEV && CTR::EN,,,,,same,same,failure,12,12,failure,failure,498977.146,503611.243
SEC::$ && DPT::$,SEC::MED && DPT::DEV && CTR::FR,,,,,same,same,failure,12,12,failure,failure,498556.588,503259.684
SEC::$ && DPT::$,SEC::MED && DPT::MKG,,,,,different,TN_TN,failure,24,6,failure,failure,939213.475,286605.896
SEC::$ && DPT::$,SEC::MED && DPT::MKG && CTR::$,,,,,same,same,failure,24,24,failure,failure,932141.640,932486.005
SEC::$ && DPT::$,SEC::MED && DPT::MKG && CTR::EN,,,,,same,same,failure,12,12,failure,failure,504201.631,501895.205
SEC::$ && DPT::$,SEC::MED && DPT::MKG && CTR::FR,,,,,same,same,failure,12,12,failure,failure,503730.537,501140.259
SEC::$ && DPT::$ && CTR::$,CTR::$,,,,,different,TN_FP,failure,80,4,success,failure,1609176.908,192957.805
SEC::$ && DPT::$ && CTR::$,CTR::EN,,,,,different,TN_TN,failure,40,2,failure,failure,1494440.777,129135.050
SEC::$ && DPT::$ && CTR::$,CTR::FR,,,,,different,TN_TN,failure,40,2,failure,failure,1488879.350,128885.051
SEC::$ && DPT::$ && CTR::$,DPT::$,,,,,different,TN_FP,failure,80,4,success,failure,1410343.331,191564.166
SEC::$ && DPT::$ && CTR::$,DPT::$ && CTR::$,,,,,different,TN_FP,failure,80,16,success,failure,1517765.243,580372.413
SEC::$ && DPT::$ && CTR::$,DPT::$ && CTR::EN,,,,,different,TN_TN,failure,40,8,failure,failure,1383430.224,318299.976
SEC::$ && DPT::$ && CTR::$,DPT::$ && CTR::FR,,,,,different,TN_TN,failure,40,8,failure,failure,1507379.722,318564.843
SEC::$ && DPT::$ && CTR::$,DPT::DEV,,,,,different,TN_TN,failure,40,2,failure,failure,1565820.197,129220.480
SEC::$ && DPT::$ && CTR::$,DPT::DEV && CTR::$,,,,,different,TN_TN,failure,40,8,failure,failure,1508831.039,322165.972
SEC::$ && DPT::$ && CTR::$,DPT::DEV && CTR::EN,,,,,different,TN_TN,failure,20,4,failure,failure,764110.515,193399.704
SEC::$ && DPT::$ && CTR::$,DPT::DEV && CTR::FR,,,,,different,TN_TN,failure,20,4,failure,failure,753458.735,194104.913
SEC::$ && DPT::$ && CTR::$,DPT::MKG,,,,,different,TN_TN,failure,40,2,failure,failure,1458767.017,128442.932
SEC::$ && DPT::$ && CTR::$,DPT::MKG && CTR::$,,,,,different,TN_TN,failure,40,8,failure,failure,1435121.825,321122.476
SEC::$ && DPT::$ && CTR::$,DPT::MKG && CTR::EN,,,,,different,TN_TN,failure,20,4,failure,failure,791922.799,193088.585
SEC::$ && DPT::$ && CTR::$,DPT::MKG && CTR::FR,,,,,different,TN_TN,failure,20,4,failure,failure,755475.924,193677.285
SEC::$ && DPT::$ && CTR::$,SEC::$,,,,,different,TN_FP,failure,80,5,success,failure,1296617.931,212583.824
SEC::$ && DPT::$ && CTR::$,SEC::$ && CTR::$,,,,,different,TN_FP,failure,80,20,success,failure,1304719.653,647163.367
SEC::$ && DPT::$ && CTR::$,SEC::$ && CTR::EN,,,,,different,TN_TN,failure,40,10,failure,failure,1274763.052,364731.695
SEC::$ && DPT::$ && CTR::$,SEC::$ && CTR::FR,,,,,different,TN_TN,failure,40,10,failure,failure,1274738.320,361736.067
SEC::$ && DPT::$ && CTR::$,SEC::$ && DPT::$,,,,,different,TN_FP,failure,80,20,success,failure,1306541.090,627983.304
SEC::$ && DPT::$ && CTR::$,SEC::$ && DPT::$ && CTR::$,,,,,same,same,success,80,80,success,success,1337022.024,1227720.661
SEC::$ && DPT::$ && CTR::$,SEC::$ && DPT::$ && CTR::EN,,,,,same,same,failure,40,40,failure,failure,1235445.101,1200227.892
SEC::$ && DPT::$ && CTR::$,SEC::$ && DPT::$ && CTR::FR,,,,,same,same,failure,40,40,failure,failure,1239837.164,1198610.378
SEC::$ && DPT::$ && CTR::$,SEC::$ && DPT::DEV,,,,,different,TN_TN,failure,40,10,failure,failure,1276850.587,359485.736
SEC::$ && DPT::$ && CTR::$,SEC::$ && DPT::DEV && CTR::$,,,,,same,same,failure,40,40,failure,failure,1264366.570,1235510.243
SEC::$ && DPT::$ && CTR::$,SEC::$ && DPT::DEV && CTR::EN,,,,,same,same,failure,20,20,failure,failure,676267.623,652265.693
SEC::$ && DPT::$ && CTR::$,SEC::$ && DPT::DEV && CTR::FR,,,,,same,same,failure,20,20,failure,failure,664564.797,647276.965
SEC::$ && DPT::$ && CTR::$,SEC::$ && DPT::MKG,,,,,different,TN_TN,failure,40,10,failure,failure,1259985.403,352682.424
SEC::$ && DPT::$ && CTR::$,SEC::$ && DPT::MKG && CTR::$,,,,,same,same,failure,40,40,failure,failure,1236968.738,1205573.815
SEC::$ && DPT::$ && CTR::$,SEC::$ && DPT::MKG && CTR::EN,,,,,same,same,failure,20,20,failure,failure,652084.317,647020.052
SEC::$ && DPT::$ && CTR::$,SEC::$ && DPT::MKG && CTR::FR,,,,,same,same,failure,20,20,failure,failure,644899.380,635474.932
SEC::$ && DPT::$ && CTR::$,SEC::HIG,,,,,different,TN_TN,failure,64,4,failure,failure,2191590.781,188069.090
SEC::$ && DPT::$ && CTR::$,SEC::HIG && CTR::$,,,,,different,TN_TN,failure,64,16,failure,failure,2211953.962,563789.093
SEC::$ && DPT::$ && CTR::$,SEC::HIG && CTR::EN,,,,,different,TN_TN,failure,32,8,failure,failure,1136290.111,313555.717
SEC::$ && DPT::$ && CTR::$,SEC::HIG && CTR::FR,,,,,different,TN_TN,failure,32,8,failure,failure,1128919.701,313544.226
SEC::$ && DPT::$ && CTR::$,SEC::HIG && DPT::$,,,,,different,TN_TN,failure,64,16,failure,failure,1998590.070,561129.714
SEC::$ && DPT::$ && CTR::$,SEC::HIG && DPT::$ && CTR::$,,,,,same,same,failure,64,64,failure,failure,2006398.467,2007596.910
SEC::$ && DPT::$ && CTR::$,SEC::HIG && DPT::$ && CTR::EN,,,,,same,same,failure,32,32,failure,failure,1031795.691,1063298.657
SEC::$ && DPT::$ && CTR::$,SEC::HIG && DPT::$ && CTR::FR,,,,,same,same,failure,32,32,failure,failure,1025772.883,1048466.336
SEC::$ && DPT::$ && CTR::$,SEC::HIG && DPT::DEV,,,,,different,TN_TN,failure,32,8,failure,failure,1105640.840,312415.729
SEC::$ && DPT::$ && CTR::$,SEC::HIG && DPT::DEV && CTR::$,,,,,same,same,failure,32,32,failure,failure,1089854.565,1064012.786
SEC::$ && DPT::$ && CTR::$,SEC::HIG && DPT::DEV && CTR::EN,,,,,same,same,failure,16,16,failure,failure,575790.934,563564.481
SEC::$ && DPT::$ && CTR::$,SEC::HIG && DPT::DEV && CTR::FR,,,,,same,same,failure,16,16,failure,failure,577724.402,563615.301
SEC::$ && DPT::$ && CTR::$,SEC::HIG && DPT::MKG,,,,,different,TN_TN,failure,32,8,failure,failure,1076397.883,311255.427
SEC::$ && DPT::$ && CTR::$,SEC::HIG && DPT::MKG && CTR::$,,,,,same,same,failure,32,32,failure,failure,1025085.038,1061079.840
SEC::$ && DPT::$ && CTR::$,SEC::HIG && DPT::MKG && CTR::EN,,,,,same,same,failure,16,16,failure,failure,551453.544,560269.556
SEC::$ && DPT::$ && CTR::$,SEC::HIG && DPT::MKG && CTR::FR,,,,,same,same,failure,16,16,failure,failure,539577.924,560506.260
SEC::$ && DPT::$ && CTR::$,SEC::LOW,,,,,different,TN_TN,failure,32,2,failure,failure,1121312.441,128704.557
SEC::$ && DPT::$ && CTR::$,SEC::LOW && CTR::$,,,,,different,TN_TN,failure,32,8,failure,failure,1124323.665,322252.465
SEC::$ && DPT::$ && CTR::$,SEC::LOW && CTR::EN,,,,,different,TN_TN,failure,16,4,failure,failure,590720.959,193025.703
SEC::$ && DPT::$ && CTR::$,SEC::LOW && CTR::FR,,,,,different,TN_TN,failure,16,4,failure,failure,594945.895,192976.430
SEC::$ && DPT::$ && CTR::$,SEC::LOW && DPT::$,,,,,different,TN_TN,failure,32,8,failure,failure,1131265.066,321220.334
SEC::$ && DPT::$ && CTR::$,SEC::LOW && DPT::$ && CTR::$,,,,,same,same,failure,32,32,failure,failure,1124105.977,1092285.489
SEC::$ && DPT::$ && CTR::$,SEC::LOW && DPT::$ && CTR::EN,,,,,same,same,failure,16,16,failure,failure,603108.620,578552.064
SEC::$ && DPT::$ && CTR::$,SEC::LOW && DPT::$ && CTR::FR,,,,,same,same,failure,16,16,failure,failure,608237.466,578177.076
SEC::$ && DPT::$ && CTR::$,SEC::LOW && DPT::DEV,,,,,different,TN_TN,failure,16,4,failure,failure,598656.670,192757.049
SEC::$ && DPT::$ && CTR::$,SEC::LOW && DPT::DEV && CTR::$,,,,,same,same,failure,16,16,failure,failure,595808.799,579336.541
SEC::$ && DPT::$ && CTR::$,SEC::LOW && DPT::DEV && CTR::EN,,,,,same,same,failure,8,8,failure,failure,330881.205,321976.021
SEC::$ && DPT::$ && CTR::$,SEC::LOW && DPT::DEV && CTR::FR,,,,,same,same,failure,8,8,failure,failure,331308.071,322530.466
SEC::$ && DPT::$ && CTR::$,SEC::LOW && DPT::MKG,,,,,different,TN_TN,failure,16,4,failure,failure,592450.324,193068.844
SEC::$ && DPT::$ && CTR::$,SEC::LOW && DPT::MKG && CTR::$,,,,,same,same,failure,16,16,failure,failure,592599.449,578282.684
SEC::$ && DPT::$ && CTR::$,SEC::LOW && DPT::MKG && CTR::EN,,,,,same,same,failure,8,8,failure,failure,329275.799,322383.916
SEC::$ && DPT::$ && CTR::$,SEC::LOW && DPT::MKG && CTR::FR,,,,,same,same,failure,8,8,failure,failure,329727.030,322634.542
SEC::$ && DPT::$ && CTR::$,SEC::MED,,,,,different,TN_TN,failure,48,3,failure,failure,1659115.646,160068.298
SEC::$ && DPT::$ && CTR::$,SEC::MED && CTR::$,,,,,different,TN_TN,failure,48,12,failure,failure,1655676.846,448245.852
SEC::$ && DPT::$ && CTR::$,SEC::MED && CTR::EN,,,,,different,TN_TN,failure,24,6,failure,failure,913302.497,255925.372
SEC::$ && DPT::$ && CTR::$,SEC::MED && CTR::FR,,,,,different,TN_TN,failure,24,6,failure,failure,861648.527,257078.690
SEC::$ && DPT::$ && CTR::$,SEC::MED && DPT::$,,,,,different,TN_TN,failure,48,12,failure,failure,1644951.317,440280.972
SEC::$ && DPT::$ && CTR::$,SEC::MED && DPT::$ && CTR::$,,,,,same,same,failure,48,48,failure,failure,1659180.833,1593187.306
SEC::$ && DPT::$ && CTR::$,SEC::MED && DPT::$ && CTR::EN,,,,,same,same,failure,24,24,failure,failure,862282.522,815666.306
SEC::$ && DPT::$ && CTR::$,SEC::MED && DPT::$ && CTR::FR,,,,,same,same,failure,24,24,failure,failure,854093.321,813929.188
SEC::$ && DPT::$ && CTR::$,SEC::MED && DPT::DEV,,,,,different,TN_TN,failure,24,6,failure,failure,859411.336,258980.427
SEC::$ && DPT::$ && CTR::$,SEC::MED && DPT::DEV && CTR::$,,,,,same,same,failure,24,24,failure,failure,854915.618,824890.443
SEC::$ && DPT::$ && CTR::$,SEC::MED && DPT::DEV && CTR::EN,,,,,same,same,failure,12,12,failure,failure,465082.518,448113.629
SEC::$ && DPT::$ && CTR::$,SEC::MED && DPT::DEV && CTR::FR,,,,,same,same,failure,12,12,failure,failure,465592.595,450418.643
SEC::$ && DPT::$ && CTR::$,SEC::MED && DPT::MKG,,,,,different,TN_TN,failure,24,6,failure,failure,852276.432,250333.332
SEC::$ && DPT::$ && CTR::$,SEC::MED && DPT::MKG && CTR::$,,,,,same,same,failure,24,24,failure,failure,890476.100,824824.720
SEC::$ && DPT::$ && CTR::$,SEC::MED && DPT::MKG && CTR::EN,,,,,same,same,failure,12,12,failure,failure,459680.601,439637.095
SEC::$ && DPT::$ && CTR::$,SEC::MED && DPT::MKG && CTR::FR,,,,,same,same,failure,12,12,failure,failure,465839.448,438872.175
SEC::$ && DPT::$ && CTR::EN,CTR::$,,,,,different,TN_FP,failure,80,4,success,failure,1773245.395,209008.438
SEC::$ && DPT::$ && CTR::EN,CTR::EN,,,,,different,TN_FP,failure,40,2,success,failure,915991.907,141062.293
SEC::$ && DPT::$ && CTR::EN,CTR::FR,,,,,different,TN_TN,failure,40,2,failure,failure,1600591.148,139758.608
SEC::$ && DPT::$ && CTR::EN,DPT::$,,,,,different,TN_FP,failure,80,4,success,failure,1668205.782,203762.407
SEC::$ && DPT::$ && CTR::EN,DPT::$ && CTR::$,,,,,different,TN_FP,failure,80,16,success,failure,1683988.922,612033.892
SEC::$ && DPT::$ && CTR::EN,DPT::$ && CTR::EN,,,,,different,TN_FP,failure,40,8,success,failure,847017.644,340999.825
SEC::$ && DPT::$ && CTR::EN,DPT::$ && CTR::FR,,,,,different,TN_TN,failure,40,8,failure,failure,1461052.789,340836.193
SEC::$ && DPT::$ && CTR::EN,DPT::DEV,,,,,different,TN_TN,failure,40,2,failure,failure,1617864.039,139404.318
SEC::$ && DPT::$ && CTR::EN,DPT::DEV && CTR::$,,,,,different,TN_TN,failure,40,8,failure,failure,1538890.293,340191.314
SEC::$ && DPT::$ && CTR::EN,DPT::DEV && CTR::EN,,,,,different,TN_TN,failure,20,4,failure,failure,830371.770,209054.925
SEC::$ && DPT::$ && CTR::EN,DPT::DEV && CTR::FR,,,,,different,TN_TN,failure,20,4,failure,failure,807140.353,208940.611
SEC::$ && DPT::$ && CTR::EN,DPT::MKG,,,,,different,TN_TN,failure,40,2,failure,failure,1538724.467,135605.272
SEC::$ && DPT::$ && CTR::EN,DPT::MKG && CTR::$,,,,,different,TN_TN,failure,40,8,failure,failure,1472622.226,339510.847
SEC::$ && DPT::$ && CTR::EN,DPT::MKG && CTR::EN,,,,,different,TN_TN,failure,20,4,failure,failure,779413.545,203596.701
SEC::$ && DPT::$ && CTR::EN,DPT::MKG && CTR::FR,,,,,different,TN_TN,failure,20,4,failure,failure,773337.387,203492.951
SEC::$ && DPT::$ && CTR::EN,SEC::$,,,,,different,TN_FP,failure,80,5,success,failure,1433543.093,225195.841
SEC::$ && DPT::$ && CTR::EN,SEC::$ && CTR::$,,,,,different,TN_FP,failure,80,20,success,failure,1558244.657,709014.900
SEC::$ && DPT::$ && CTR::EN,SEC::$ && CTR::EN,,,,,different,TN_FP,failure,40,10,success,failure,799207.137,386924.994
SEC::$ && DPT::$ && CTR::EN,SEC::$ && CTR::FR,,,,,different,TN_TN,failure,40,10,failure,failure,1406924.533,386112.255
SEC::$ && DPT::$ && CTR::EN,SEC::$ && DPT::$,,,,,different,TN_FP,failure,80,20,success,failure,1417224.633,674487.750
SEC::$ && DPT::$ && CTR::EN,SEC::$ && DPT::$ && CTR::$,,,,,same,same,success,80,80,success,success,1422867.995,1387709.495
SEC::$ && DPT::$ && CTR::EN,SEC::$ && DPT::$ && CTR::EN,,,,,same,same,success,40,40,success,success,808405.677,734229.571
SEC::$ && DPT::$ && CTR::EN,SEC::$ && DPT::$ && CTR::FR,,,,,same,same,failure,40,40,failure,failure,1355988.650,1272594.574
SEC::$ && DPT::$ && CTR::EN,SEC::$ && DPT::DEV,,,,,different,TN_TN,failure,40,10,failure,failure,1387518.006,387104.521
SEC::$ && DPT::$ && CTR::EN,SEC::$ && DPT::DEV && CTR::$,,,,,same,same,failure,40,40,failure,failure,1387866.560,1334902.062
SEC::$ && DPT::$ && CTR::EN,SEC::$ && DPT::DEV && CTR::EN,,,,,same,same,failure,20,20,failure,failure,728141.066,712216.124
SEC::$ && DPT::$ && CTR::EN,SEC::$ && DPT::DEV && CTR::FR,,,,,same,same,failure,20,20,failure,failure,732382.391,709149.001
SEC::$ && DPT::$ && CTR::EN,SEC::$ && DPT::MKG,,,,,different,TN_TN,failure,40,10,failure,failure,1388347.132,374897.264
SEC::$ && DPT::$ && CTR::EN,SEC::$ && DPT::MKG && CTR::$,,,,,same,same,failure,40,40,failure,failure,1396505.249,1296545.986
SEC::$ && DPT::$ && CTR::EN,SEC::$ && DPT::MKG && CTR::EN,,,,,same,same,failure,20,20,failure,failure,734691.137,689469.352
SEC::$ && DPT::$ && CTR::EN,SEC::$ && DPT::MKG && CTR::FR,,,,,same,same,failure,20,20,failure,failure,733469.475,689484.240
SEC::$ && DPT::$ && CTR::EN,SEC::HIG,,,,,different,TN_TN,failure,64,4,failure,failure,2305558.876,198102.816
SEC::$ && DPT::$ && CTR::EN,SEC::HIG && CTR::$,,,,,different,TN_TN,failure,64,16,failure,failure,2179014.015,584741.208
SEC::$ && DPT::$ && CTR::EN,SEC::HIG && CTR::EN,,,,,different,TN_TN,failure,32,8,failure,failure,1133927.730,330238.931
SEC::$ && DPT::$ && CTR::EN,SEC::HIG && CTR::FR,,,,,different,TN_TN,failure,32,8,failure,failure,1119123.215,330750.561
SEC::$ && DPT::$ && CTR::EN,SEC::HIG && DPT::$,,,,,different,TN_TN,failure,64,16,failure,failure,2258092.847,583837.398
SEC::$ && DPT::$ && CTR::EN,SEC::HIG && DPT::$ && CTR::$,,,,,same,same,failure,64,64,failure,failure,2186735.263,2130003.007
SEC::$ && DPT::$ && CTR::EN,SEC::HIG && DPT::$ && CTR::EN,,,,,same,same,failure,32,32,failure,failure,1134571.583,1099853.235
SEC::$ && DPT::$ && CTR::EN,SEC::HIG && DPT::$ && CTR::FR,,,,,same,same,failure,32,32,failure,failure,1116902.991,1096937.755
SEC::$ && DPT::$ && CTR::EN,SEC::HIG && DPT::DEV,,,,,different,TN_TN,failure,32,8,failure,failure,1124242.868,322539.057
SEC::$ && DPT::$ && CTR::EN,SEC::HIG && DPT::DEV && CTR::$,,,,,same,same,failure,32,32,failure,failure,1123053.387,1097603.559
SEC::$ && DPT::$ && CTR::EN,SEC::HIG && DPT::DEV && CTR::EN,,,,,same,same,failure,16,16,failure,failure,595418.225,580184.091
SEC::$ && DPT::$ && CTR::EN,SEC::HIG && DPT::DEV && CTR::FR,,,,,same,same,failure,16,16,failure,failure,595270.559,590732.647
SEC::$ && DPT::$ && CTR::EN,SEC::HIG && DPT::MKG,,,,,different,TN_TN,failure,32,8,failure,failure,1125690.834,322668.249
SEC::$ && DPT::$ && CTR::EN,SEC::HIG && DPT::MKG && CTR::$,,,,,same,same,failure,32,32,failure,failure,1127567.285,1114316.504
SEC::$ && DPT::$ && CTR::EN,SEC::HIG && DPT::MKG && CTR::EN,,,,,same,same,failure,16,16,failure,failure,597928.704,579596.843
SEC::$ && DPT::$ && CTR::EN,SEC::HIG && DPT::MKG && CTR::FR,,,,,same,same,failure,16,16,failure,failure,594515.242,581075.983
SEC::$ && DPT::$ && CTR::EN,SEC::LOW,,,,,different,TN_TN,failure,32,2,failure,failure,1210977.911,135728.613
SEC::$ && DPT::$ && CTR::EN,SEC::LOW && CTR::$,,,,,different,TN_TN,failure,32,8,failure,failure,1222279.285,339475.346
SEC::$ && DPT::$ && CTR::EN,SEC::LOW && CTR::EN,,,,,different,TN_TN,failure,16,4,failure,failure,658902.130,204018.418
SEC::$ && DPT::$ && CTR::EN,SEC::LOW && CTR::FR,,,,,different,TN_TN,failure,16,4,failure,failure,642867.012,203616.378
SEC::$ && DPT::$ && CTR::EN,SEC::LOW && DPT::$,,,,,different,TN_TN,failure,32,8,failure,failure,1185828.062,332417.943
SEC::$ && DPT::$ && CTR::EN,SEC::LOW && DPT::$ && CTR::$,,,,,same,same,failure,32,32,failure,failure,1194502.888,1123398.955
SEC::$ && DPT::$ && CTR::EN,SEC::LOW && DPT::$ && CTR::EN,,,,,same,same,failure,16,16,failure,failure,623043.143,595494.453
SEC::$ && DPT::$ && CTR::EN,SEC::LOW && DPT::$ && CTR::FR,,,,,same,same,failure,16,16,failure,failure,625874.654,597604.271
SEC::$ && DPT::$ && CTR::EN,SEC::LOW && DPT::DEV,,,,,different,TN_TN,failure,16,4,failure,failure,616006.544,203288.434
SEC::$ && DPT::$ && CTR::EN,SEC::LOW && DPT::DEV && CTR::$,,,,,same,same,failure,16,16,failure,failure,629475.865,599152.495
SEC::$ && DPT::$ && CTR::EN,SEC::LOW && DPT::DEV && CTR::EN,,,,,same,same,failure,8,8,failure,failure,342435.519,330857.215
SEC::$ && DPT::$ && CTR::EN,SEC::LOW && DPT::DEV && CTR::FR,,,,,same,same,failure,8,8,failure,failure,345887.042,331869.404
SEC::$ && DPT::$ && CTR::EN,SEC::LOW && DPT::MKG,,,,,different,TN_TN,failure,16,4,failure,failure,658594.439,199535.734
SEC::$ && DPT::$ && CTR::EN,SEC::LOW && DPT::MKG && CTR::$,,,,,same,same,failure,16,16,failure,failure,628390.378,601870.965
SEC::$ && DPT::$ && CTR::EN,SEC::LOW && DPT::MKG && CTR::EN,,,,,same,same,failure,8,8,failure,failure,348107.388,332757.540
SEC::$ && DPT::$ && CTR::EN,SEC::LOW && DPT::MKG && CTR::FR,,,,,same,same,failure,8,8,failure,failure,359141.825,336204.035
SEC::$ && DPT::$ && CTR::EN,SEC::MED,,,,,different,TN_TN,failure,48,3,failure,failure,1762614.183,165058.078
SEC::$ && DPT::$ && CTR::EN,SEC::MED && CTR::$,,,,,different,TN_TN,failure,48,12,failure,failure,1820766.953,465389.555
SEC::$ && DPT::$ && CTR::EN,SEC::MED && CTR::EN,,,,,different,TN_TN,failure,24,6,failure,failure,906925.015,264725.383
SEC::$ && DPT::$ && CTR::EN,SEC::MED && CTR::FR,,,,,different,TN_TN,failure,24,6,failure,failure,910537.039,265483.927
SEC::$ && DPT::$ && CTR::EN,SEC::MED && DPT::$,,,,,different,TN_TN,failure,48,12,failure,failure,1713338.840,462408.207
SEC::$ && DPT::$ && CTR::EN,SEC::MED && DPT::$ && CTR::$,,,,,same,same,failure,48,48,failure,failure,1654359.765,1651846.832
SEC::$ && DPT::$ && CTR::EN,SEC::MED && DPT::$ && CTR::EN,,,,,same,same,failure,24,24,failure,failure,856643.324,858916.377
SEC::$ && DPT::$ && CTR::EN,SEC::MED && DPT::$ && CTR::FR,,,,,same,same,failure,24,24,failure,failure,858483.566,859869.886
SEC::$ && DPT::$ && CTR::EN,SEC::MED && DPT::DEV,,,,,different,TN_TN,failure,24,6,failure,failure,893830.453,264421.994
SEC::$ && DPT::$ && CTR::EN,SEC::MED && DPT::DEV && CTR::$,,,,,same,same,failure,24,24,failure,failure,914473.949,863126.459
SEC::$ && DPT::$ && CTR::EN,SEC::MED && DPT::DEV && CTR::EN,,,,,same,same,failure,12,12,failure,failure,483199.281,463404.205
SEC::$ && DPT::$ && CTR::EN,SEC::MED && DPT::DEV && CTR::FR,,,,,same,same,failure,12,12,failure,failure,495943.025,462408.237
SEC::$ && DPT::$ && CTR::EN,SEC::MED && DPT::MKG,,,,,different,TN_TN,failure,24,6,failure,failure,933824.365,266026.108
SEC::$ && DPT::$ && CTR::EN,SEC::MED && DPT::MKG && CTR::$,,,,,same,same,failure,24,24,failure,failure,958874.178,860969.333
SEC::$ && DPT::$ && CTR::EN,SEC::MED && DPT::MKG && CTR::EN,,,,,same,same,failure,12,12,failure,failure,489853.262,464955.245
SEC::$ && DPT::$ && CTR::EN,SEC::MED && DPT::MKG && CTR::FR,,,,,same,same,failure,12,12,failure,failure,518349.449,463278.535
SEC::$ && DPT::$ && CTR::FR,CTR::$,,,,,different,TN_FP,failure,80,4,success,failure,1677145.465,213823.218
SEC::$ && DPT::$ && CTR::FR,CTR::EN,,,,,different,TN_TN,failure,40,2,failure,failure,1744751.442,143018.247
SEC::$ && DPT::$ && CTR::FR,CTR::FR,,,,,different,TN_FP,failure,40,2,success,failure,931045.453,142368.948
SEC::$ && DPT::$ && CTR::FR,DPT::$,,,,,different,TN_FP,failure,80,4,success,failure,1500967.424,208706.727
SEC::$ && DPT::$ && CTR::FR,DPT::$ && CTR::$,,,,,different,TN_FP,failure,80,16,success,failure,1515892.455,630959.101
SEC::$ && DPT::$ && CTR::FR,DPT::$ && CTR::EN,,,,,different,TN_TN,failure,40,8,failure,failure,1467458.390,347867.107
SEC::$ && DPT::$ && CTR::FR,DPT::$ && CTR::FR,,,,,different,TN_FP,failure,40,8,success,failure,886173.675,347917.361
SEC::$ && DPT::$ && CTR::FR,DPT::DEV,,,,,different,TN_TN,failure,40,2,failure,failure,1551054.935,142647.140
SEC::$ && DPT::$ && CTR::FR,DPT::DEV && CTR::$,,,,,different,TN_TN,failure,40,8,failure,failure,1521275.943,348439.430
SEC::$ && DPT::$ && CTR::FR,DPT::DEV && CTR::EN,,,,,different,TN_TN,failure,20,4,failure,failure,817560.118,213638.989
SEC::$ && DPT::$ && CTR::FR,DPT::DEV && CTR::FR,,,,,different,TN_TN,failure,20,4,failure,failure,789184.768,212844.247
SEC::$ && DPT::$ && CTR::FR,DPT::MKG,,,,,different,TN_TN,failure,40,2,failure,failure,1485047.883,138771.019
SEC::$ && DPT::$ && CTR::FR,DPT::MKG && CTR::$,,,,,different,TN_TN,failure,40,8,failure,failure,1481794.150,347798.959
SEC::$ && DPT::$ && CTR::FR,DPT::MKG && CTR::EN,,,,,different,TN_TN,failure,20,4,failure,failure,778697.717,208408.873
SEC::$ && DPT::$ && CTR::FR,DPT::MKG && CTR::FR,,,,,different,TN_TN,failure,20,4,failure,failure,772179.691,208932.215
SEC::$ && DPT::$ && CTR::FR,SEC::$,,,,,different,TN_FP,failure,80,5,success,failure,1444275.259,219852.203
SEC::$ && DPT::$ && CTR::FR,SEC::$ && CTR::$,,,,,different,TN_FP,failure,80,20,success,failure,1419585.237,688360.913
SEC::$ && DPT::$ && CTR::FR,SEC::$ && CTR::EN,,,,,different,TN_TN,failure,40,10,failure,failure,1406130.519,376829.498
SEC::$ && DPT::$ && CTR::FR,SEC::$ && CTR::FR,,,,,different,TN_FP,failure,40,10,success,failure,787854.002,375788.631
SEC::$ && DPT::$ && CTR::FR,SEC::$ && DPT::$,,,,,different,TN_FP,failure,80,20,success,failure,1412161.982,693067.832
SEC::$ && DPT::$ && CTR::FR,SEC::$ && DPT::$ && CTR::$,,,,,same,same,success,80,80,success,success,1438128.759,1373959.083
SEC::$ && DPT::$ && CTR::FR,SEC::$ && DPT::$ && CTR::EN,,,,,same,same,failure,40,40,failure,failure,1359033.522,1314526.628
SEC::$ && DPT::$ && CTR::FR,SEC::$ && DPT::$ && CTR::FR,,,,,same,same,success,40,40,success,success,783216.493,763513.581
SEC::$ && DPT::$ && CTR::FR,SEC::$ && DPT::DEV,,,,,different,TN_TN,failure,40,10,failure,failure,1390154.663,376414.494
SEC::$ && DPT::$ && CTR::FR,SEC::$ && DPT::DEV && CTR::$,,,,,same,same,failure,40,40,failure,failure,1384323.921,1317980.332
SEC::$ && DPT::$ && CTR::FR,SEC::$ && DPT::DEV && CTR::EN,,,,,same,same,failure,20,20,failure,failure,729501.322,691707.997
SEC::$ && DPT::$ && CTR::FR,SEC::$ && DPT::DEV && CTR::FR,,,,,same,same,failure,20,20,failure,failure,730580.596,705289.346
SEC::$ && DPT::$ && CTR::FR,SEC::$ && DPT::MKG,,,,,different,TN_TN,failure,40,10,failure,failure,1411968.279,375760.367
SEC::$ && DPT::$ && CTR::FR,SEC::$ && DPT::MKG && CTR::$,,,,,same,same,failure,40,40,failure,failure,1430046.394,1316651.799
SEC::$ && DPT::$ && CTR::FR,SEC::$ && DPT::MKG && CTR::EN,,,,,same,same,failure,20,20,failure,failure,726632.050,689458.096
SEC::$ && DPT::$ && CTR::FR,SEC::$ && DPT::MKG && CTR::FR,,,,,same,same,failure,20,20,failure,failure,728767.315,688265.379
SEC::$ && DPT::$ && CTR::FR,SEC::HIG,,,,,different,TN_TN,failure,64,4,failure,failure,2270821.548,192639.739
SEC::$ && DPT::$ && CTR::FR,SEC::HIG && CTR::$,,,,,different,TN_TN,failure,64,16,failure,failure,2186395.556,579025.041
SEC::$ && DPT::$ && CTR::FR,SEC::HIG && CTR::EN,,,,,different,TN_TN,failure,32,8,failure,failure,1122266.076,322254.669
SEC::$ && DPT::$ && CTR::FR,SEC::HIG && CTR::FR,,,,,different,TN_TN,failure,32,8,failure,failure,1123528.202,321503.640
SEC::$ && DPT::$ && CTR::FR,SEC::HIG && DPT::$,,,,,different,TN_TN,failure,64,16,failure,failure,2206666.754,576753.911
SEC::$ && DPT::$ && CTR::FR,SEC::HIG && DPT::$ && CTR::$,,,,,same,same,failure,64,64,failure,failure,2185630.095,2096719.531
SEC::$ && DPT::$ && CTR::FR,SEC::HIG && DPT::$ && CTR::EN,,,,,same,same,failure,32,32,failure,failure,1120733.907,1090524.606
SEC::$ && DPT::$ && CTR::FR,SEC::HIG && DPT::$ && CTR::FR,,,,,same,same,failure,32,32,failure,failure,1119902.597,1084169.100
SEC::$ && DPT::$ && CTR::FR,SEC::HIG && DPT::DEV,,,,,different,TN_TN,failure,32,8,failure,failure,1129182.710,322789.407
SEC::$ && DPT::$ && CTR::FR,SEC::HIG && DPT::DEV && CTR::$,,,,,same,same,failure,32,32,failure,failure,1134482.796,1095017.870
SEC::$ && DPT::$ && CTR::FR,SEC::HIG && DPT::DEV && CTR::EN,,,,,same,same,failure,16,16,failure,failure,597298.783,580268.118
SEC::$ && DPT::$ && CTR::FR,SEC::HIG && DPT::DEV && CTR::FR,,,,,same,same,failure,16,16,failure,failure,593648.892,580984.917
SEC::$ && DPT::$ && CTR::FR,SEC::HIG && DPT::MKG,,,,,different,TN_TN,failure,32,8,failure,failure,1133793.949,321350.759
SEC::$ && DPT::$ && CTR::FR,SEC::HIG && DPT::MKG && CTR::$,,,,,same,same,failure,32,32,failure,failure,1132685.299,1092749.009
SEC::$ && DPT::$ && CTR::FR,SEC::HIG && DPT::MKG && CTR::EN,,,,,same,same,failure,16,16,failure,failure,594946.100,578817.001
SEC::$ && DPT::$ && CTR::FR,SEC::HIG && DPT::MKG && CTR::FR,,,,,same,same,failure,16,16,failure,failure,597792.479,578442.588
SEC::$ && DPT::$ && CTR::FR,SEC::LOW,,,,,different,TN_TN,failure,32,2,failure,failure,1234301.481,138986.183
SEC::$ && DPT::$ && CTR::FR,SEC::LOW && CTR::$,,,,,different,TN_TN,failure,32,8,failure,failure,1169364.335,348691.829
SEC::$ && DPT::$ && CTR::FR,SEC::LOW && CTR::EN,,,,,different,TN_TN,failure,16,4,failure,failure,637936.549,210142.084
SEC::$ && DPT::$ && CTR::FR,SEC::LOW && CTR::FR,,,,,different,TN_TN,failure,16,4,failure,failure,639716.733,208378.616
SEC::$ && DPT::$ && CTR::FR,SEC::LOW && DPT::$,,,,,different,TN_TN,failure,32,8,failure,failure,1179079.593,340285.395
SEC::$ && DPT::$ && CTR::FR,SEC::LOW && DPT::$ && CTR::$,,,,,same,same,failure,32,32,failure,failure,1197419.259,1123184.589
SEC::$ && DPT::$ && CTR::FR,SEC::LOW && DPT::$ && CTR::EN,,,,,same,same,failure,16,16,failure,failure,634747.172,611088.730
SEC::$ && DPT::$ && CTR::FR,SEC::LOW && DPT::$ && CTR::FR,,,,,same,same,failure,16,16,failure,failure,640194.740,604895.948
SEC::$ && DPT::$ && CTR::FR,SEC::LOW && DPT::DEV,,,,,different,TN_TN,failure,16,4,failure,failure,629380.250,208853.467
SEC::$ && DPT::$ && CTR::FR,SEC::LOW && DPT::DEV && CTR::$,,,,,same,same,failure,16,16,failure,failure,625854.221,610802.693
SEC::$ && DPT::$ && CTR::FR,SEC::LOW && DPT::DEV && CTR::EN,,,,,same,same,failure,8,8,failure,failure,357537.977,347153.092
SEC::$ && DPT::$ && CTR::FR,SEC::LOW && DPT::DEV && CTR::FR,,,,,same,same,failure,8,8,failure,failure,359647.633,339199.519
SEC::$ && DPT::$ && CTR::FR,SEC::LOW && DPT::MKG,,,,,different,TN_TN,failure,16,4,failure,failure,636108.566,202903.236
SEC::$ && DPT::$ && CTR::FR,SEC::LOW && DPT::MKG && CTR::$,,,,,same,same,failure,16,16,failure,failure,623103.982,611108.326
SEC::$ && DPT::$ && CTR::FR,SEC::LOW && DPT::MKG && CTR::EN,,,,,same,same,failure,8,8,failure,failure,353513.458,339408.465
SEC::$ && DPT::$ && CTR::FR,SEC::LOW && DPT::MKG && CTR::FR,,,,,same,same,failure,8,8,failure,failure,351100.882,339422.737
SEC::$ && DPT::$ && CTR::FR,SEC::MED,,,,,different,TN_TN,failure,48,3,failure,failure,1764074.673,164500.737
SEC::$ && DPT::$ && CTR::FR,SEC::MED && CTR::$,,,,,different,TN_TN,failure,48,12,failure,failure,1780197.671,462809.144
SEC::$ && DPT::$ && CTR::FR,SEC::MED && CTR::EN,,,,,different,TN_TN,failure,24,6,failure,failure,925961.698,264565.840
SEC::$ && DPT::$ && CTR::FR,SEC::MED && CTR::FR,,,,,different,TN_TN,failure,24,6,failure,failure,939000.811,264362.343
SEC::$ && DPT::$ && CTR::FR,SEC::MED && DPT::$,,,,,different,TN_TN,failure,48,12,failure,failure,1663649.836,451108.938
SEC::$ && DPT::$ && CTR::FR,SEC::MED && DPT::$ && CTR::$,,,,,same,same,failure,48,48,failure,failure,1761354.671,1607088.661
SEC::$ && DPT::$ && CTR::FR,SEC::MED && DPT::$ && CTR::EN,,,,,same,same,failure,24,24,failure,failure,861547.718,838162.278
SEC::$ && DPT::$ && CTR::FR,SEC::MED && DPT::$ && CTR::FR,,,,,same,same,failure,24,24,failure,failure,863975.618,837673.291
SEC::$ && DPT::$ && CTR::FR,SEC::MED && DPT::DEV,,,,,different,TN_TN,failure,24,6,failure,failure,908274.912,264218.724
SEC::$ && DPT::$ && CTR::FR,SEC::MED && DPT::DEV && CTR::$,,,,,same,same,failure,24,24,failure,failure,906208.110,837089.776
SEC::$ && DPT::$ && CTR::FR,SEC::MED && DPT::DEV && CTR::EN,,,,,same,same,failure,12,12,failure,failure,474371.257,462279.606
SEC::$ && DPT::$ && CTR::FR,SEC::MED && DPT::DEV && CTR::FR,,,,,same,same,failure,12,12,failure,failure,515853.066,463174.620
SEC::$ && DPT::$ && CTR::FR,SEC::MED && DPT::MKG,,,,,different,TN_TN,failure,24,6,failure,failure,945137.166,256802.818
SEC::$ && DPT::$ && CTR::FR,SEC::MED && DPT::MKG && CTR::$,,,,,same,same,failure,24,24,failure,failure,909028.309,846239.995
SEC::$ && DPT::$ && CTR::FR,SEC::MED && DPT::MKG && CTR::EN,,,,,same,same,failure,12,12,failure,failure,493304.105,453537.027
SEC::$ && DPT::$ && CTR::FR,SEC::MED && DPT::MKG && CTR::FR,,,,,same,same,failure,12,12,failure,failure,489030.614,452390.877
SEC::$ && DPT::DEV,CTR::$,,,,,different,TN_FP,failure,80,4,success,failure,1604992.244,219167.237
SEC::$ && DPT::DEV,CTR::EN,,,,,different,TN_FP,failure,40,2,success,failure,881358.984,148070.804
SEC::$ && DPT::DEV,CTR::FR,,,,,different,TN_FP,failure,40,2,success,failure,891474.062,147426.405
SEC::$ && DPT::DEV,DPT::$,,,,,different,TN_FP,failure,80,4,success,failure,1815229.397,219045.520
SEC::$ && DPT::DEV,DPT::$ && CTR::$,,,,,different,TN_FP,failure,80,16,success,failure,1605825.286,663371.329
SEC::$ && DPT::DEV,DPT::$ && CTR::EN,,,,,different,TN_FP,failure,40,8,success,failure,1000116.378,366524.889
SEC::$ && DPT::DEV,DPT::$ && CTR::FR,,,,,different,TN_FP,failure,40,8,success,failure,901394.346,368179.547
SEC::$ && DPT::DEV,DPT::DEV,,,,,different,TN_FP,failure,40,2,success,failure,904142.265,147131.347
SEC::$ && DPT::DEV,DPT::DEV && CTR::$,,,,,different,TN_FP,failure,40,8,success,failure,921194.796,366457.793
SEC::$ && DPT::DEV,DPT::DEV && CTR::EN,,,,,different,TN_FP,failure,20,4,success,failure,569977.456,219702.552
SEC::$ && DPT::DEV,DPT::DEV && CTR::FR,,,,,different,TN_FP,failure,20,4,success,failure,547108.168,219331.892
SEC::$ && DPT::DEV,DPT::MKG,,,,,different,TN_TN,failure,40,2,failure,failure,1586945.743,145698.649
SEC::$ && DPT::DEV,DPT::MKG && CTR::$,,,,,different,TN_TN,failure,40,8,failure,failure,1593370.289,365838.627
SEC::$ && DPT::DEV,DPT::MKG && CTR::EN,,,,,different,TN_TN,failure,20,4,failure,failure,885178.969,218811.296
SEC::$ && DPT::DEV,DPT::MKG && CTR::FR,,,,,different,TN_TN,failure,20,4,failure,failure,842345.655,220429.190
SEC::$ && DPT::DEV,SEC::$,,,,,different,TN_FP,failure,80,5,success,failure,1714111.975,255743.030
SEC::$ && DPT::DEV,SEC::$ && CTR::$,,,,,different,TN_FP,failure,80,20,success,failure,1746558.917,804708.592
SEC::$ && DPT::DEV,SEC::$ && CTR::EN,,,,,different,TN_FP,failure,40,10,success,failure,1008977.850,438909.810
SEC::$ && DPT::DEV,SEC::$ && CTR::FR,,,,,different,TN_FP,failure,40,10,success,failure,955961.515,438318.776
SEC::$ && DPT::DEV,SEC::$ && DPT::$,,,,,different,TP_TP,success,80,20,success,success,1784133.302,502916.371
SEC::$ && DPT::DEV,SEC::$ && DPT::$ && CTR::$,,,,,same,same,success,80,80,success,success,1653727.023,1609456.498
SEC::$ && DPT::DEV,SEC::$ && DPT::$ && CTR::EN,,,,,same,same,success,40,40,success,success,950628.782,877479.567
SEC::$ && DPT::DEV,SEC::$ && DPT::$ && CTR::FR,,,,,same,same,success,40,40,success,success,944284.902,876897.750
SEC::$ && DPT::DEV,SEC::$ && DPT::DEV,,,,,different,TP_TP,success,40,10,success,success,974136.847,342036.575
SEC::$ && DPT::DEV,SEC::$ && DPT::DEV && CTR::$,,,,,same,same,success,40,40,success,success,931614.176,886788.999
SEC::$ && DPT::DEV,SEC::$ && DPT::DEV && CTR::EN,,,,,same,same,success,20,20,success,success,540451.186,507257.153
SEC::$ && DPT::DEV,SEC::$ && DPT::DEV && CTR::FR,,,,,same,same,success,20,20,success,success,604683.956,547777.288
SEC::$ && DPT::DEV,SEC::$ && DPT::MKG,,,,,different,TN_TN,failure,40,10,failure,failure,1593431.659,438229.419
SEC::$ && DPT::DEV,SEC::$ && DPT::MKG && CTR::$,,,,,same,same,failure,40,40,failure,failure,1621123.307,1534723.187
SEC::$ && DPT::DEV,SEC::$ && DPT::MKG && CTR::EN,,,,,same,same,failure,20,20,failure,failure,846488.731,803962.397
SEC::$ && DPT::DEV,SEC::$ && DPT::MKG && CTR::FR,,,,,same,same,failure,20,20,failure,failure,844784.344,804332.847
SEC::$ && DPT::DEV,SEC::HIG,,,,,different,TN_TN,failure,64,4,failure,failure,2487191.459,218787.847
SEC::$ && DPT::DEV,SEC::HIG && CTR::$,,,,,different,TN_TN,failure,64,16,failure,failure,2480033.703,661765.697
SEC::$ && DPT::DEV,SEC::HIG && CTR::EN,,,,,different,TN_TN,failure,32,8,failure,failure,1282097.684,368283.153
SEC::$ && DPT::DEV,SEC::HIG && CTR::FR,,,,,different,TN_TN,failure,32,8,failure,failure,1283642.622,365200.981
SEC::$ && DPT::DEV,SEC::HIG && DPT::$,,,,,different,TN_TN,failure,64,16,failure,failure,2452649.722,660801.298
SEC::$ && DPT::DEV,SEC::HIG && DPT::$ && CTR::$,,,,,same,same,failure,64,64,failure,failure,2467153.368,2417919.001
SEC::$ && DPT::DEV,SEC::HIG && DPT::$ && CTR::EN,,,,,same,same,failure,32,32,failure,failure,1353810.269,1247109.185
SEC::$ && DPT::DEV,SEC::HIG && DPT::$ && CTR::FR,,,,,same,same,failure,32,32,failure,failure,1278463.718,1260148.038
SEC::$ && DPT::DEV,SEC::HIG && DPT::DEV,,,,,different,TN_TN,failure,32,8,failure,failure,1290128.894,365240.520
SEC::$ && DPT::DEV,SEC::HIG && DPT::DEV && CTR::$,,,,,same,same,failure,32,32,failure,failure,1278627.029,1245813.795
SEC::$ && DPT::DEV,SEC::HIG && DPT::DEV && CTR::EN,,,,,same,same,failure,16,16,failure,failure,673775.485,657041.951
SEC::$ && DPT::DEV,SEC::HIG && DPT::DEV && CTR::FR,,,,,same,same,failure,16,16,failure,failure,690600.223,657223.928
SEC::$ && DPT::DEV,SEC::HIG && DPT::MKG,,,,,different,TN_TN,failure,32,8,failure,failure,1274435.227,368655.075
SEC::$ && DPT::DEV,SEC::HIG && DPT::MKG && CTR::$,,,,,same,same,failure,32,32,failure,failure,1264884.356,1249388.771
SEC::$ && DPT::DEV,SEC::HIG && DPT::MKG && CTR::EN,,,,,same,same,failure,16,16,failure,failure,682524.215,663941.964
SEC::$ && DPT::DEV,SEC::HIG && DPT::MKG && CTR::FR,,,,,same,same,failure,16,16,failure,failure,675868.330,662475.152
SEC::$ && DPT::DEV,SEC::LOW,,,,,different,TN_TN,failure,32,2,failure,failure,1276969.195,147056.752
SEC::$ && DPT::DEV,SEC::LOW && CTR::$,,,,,different,TN_TN,failure,32,8,failure,failure,1272388.086,370762.077
SEC::$ && DPT::DEV,SEC::LOW && CTR::EN,,,,,different,TN_TN,failure,16,4,failure,failure,703672.829,221158.739
SEC::$ && DPT::DEV,SEC::LOW && CTR::FR,,,,,different,TN_TN,failure,16,4,failure,failure,696942.385,220697.488
SEC::$ && DPT::DEV,SEC::LOW && DPT::$,,,,,different,TN_TN,failure,32,8,failure,failure,1275577.239,365615.032
SEC::$ && DPT::DEV,SEC::LOW && DPT::$ && CTR::$,,,,,same,same,failure,32,32,failure,failure,1269499.192,1250806.204
SEC::$ && DPT::DEV,SEC::LOW && DPT::$ && CTR::EN,,,,,same,same,failure,16,16,failure,failure,672554.088,659613.459
SEC::$ && DPT::DEV,SEC::LOW && DPT::$ && CTR::FR,,,,,same,same,failure,16,16,failure,failure,669570.502,660996.103
SEC::$ && DPT::DEV,SEC::LOW && DPT::DEV,,,,,different,TN_TN,failure,16,4,failure,failure,670891.534,221640.788
SEC::$ && DPT::DEV,SEC::LOW && DPT::DEV && CTR::$,,,,,same,same,failure,16,16,failure,failure,677640.184,659886.747
SEC::$ && DPT::DEV,SEC::LOW && DPT::DEV && CTR::EN,,,,,same,same,failure,8,8,failure,failure,371830.056,376949.628
SEC::$ && DPT::DEV,SEC::LOW && DPT::DEV && CTR::FR,,,,,same,same,failure,8,8,failure,failure,374743.379,370640.198
SEC::$ && DPT::DEV,SEC::LOW && DPT::MKG,,,,,different,TN_TN,failure,16,4,failure,failure,676473.194,220240.767
SEC::$ && DPT::DEV,SEC::LOW && DPT::MKG && CTR::$,,,,,same,same,failure,16,16,failure,failure,683796.747,658902.872
SEC::$ && DPT::DEV,SEC::LOW && DPT::MKG && CTR::EN,,,,,same,same,failure,8,8,failure,failure,378708.562,366975.349
SEC::$ && DPT::DEV,SEC::LOW && DPT::MKG && CTR::FR,,,,,same,same,failure,8,8,failure,failure,390752.684,367681.698
SEC::$ && DPT::DEV,SEC::MED,,,,,different,TN_TN,failure,48,3,failure,failure,1870873.570,183699.991
SEC::$ && DPT::DEV,SEC::MED && CTR::$,,,,,different,TN_TN,failure,48,12,failure,failure,2024441.981,515198.990
SEC::$ && DPT::DEV,SEC::MED && CTR::EN,,,,,different,TN_TN,failure,24,6,failure,failure,969682.562,294502.578
SEC::$ && DPT::DEV,SEC::MED && CTR::FR,,,,,different,TN_TN,failure,24,6,failure,failure,965456.836,294597.861
SEC::$ && DPT::DEV,SEC::MED && DPT::$,,,,,different,TN_TN,failure,48,12,failure,failure,1936515.950,515118.143
SEC::$ && DPT::DEV,SEC::MED && DPT::$ && CTR::$,,,,,same,same,failure,48,48,failure,failure,1867812.188,1827020.143
SEC::$ && DPT::DEV,SEC::MED && DPT::$ && CTR::EN,,,,,same,same,failure,24,24,failure,failure,975511.681,956974.204
SEC::$ && DPT::DEV,SEC::MED && DPT::$ && CTR::FR,,,,,same,same,failure,24,24,failure,failure,972932.553,958840.900
SEC::$ && DPT::DEV,SEC::MED && DPT::DEV,,,,,different,TN_TN,failure,24,6,failure,failure,980768.721,294251.783
SEC::$ && DPT::DEV,SEC::MED && DPT::DEV && CTR::$,,,,,same,same,failure,24,24,failure,failure,1053844.904,951029.779
SEC::$ && DPT::DEV,SEC::MED && DPT::DEV && CTR::EN,,,,,same,same,failure,12,12,failure,failure,527382.773,525506.063
SEC::$ && DPT::DEV,SEC::MED && DPT::DEV && CTR::FR,,,,,same,same,failure,12,12,failure,failure,536591.596,512207.022
SEC::$ && DPT::DEV,SEC::MED && DPT::MKG,,,,,different,TN_TN,failure,24,6,failure,failure,980921.834,295020.620
SEC::$ && DPT::DEV,SEC::MED && DPT::MKG && CTR::$,,,,,same,same,failure,24,24,failure,failure,970018.126,955439.466
SEC::$ && DPT::DEV,SEC::MED && DPT::MKG && CTR::EN,,,,,same,same,failure,12,12,failure,failure,525493.785,517731.284
SEC::$ && DPT::DEV,SEC::MED && DPT::MKG && CTR::FR,,,,,same,same,failure,12,12,failure,failure,521409.805,514614.218
SEC::$ && DPT::DEV && CTR::$,CTR::$,,,,,different,TN_FP,failure,80,4,success,failure,1629462.053,220465.628
SEC::$ && DPT::DEV && CTR::$,CTR::EN,,,,,different,TN_TN,failure,40,2,failure,failure,1566047.694,151250.188
SEC::$ && DPT::DEV && CTR::$,CTR::FR,,,,,different,TN_TN,failure,40,2,failure,failure,1572574.046,146085.995
SEC::$ && DPT::DEV && CTR::$,DPT::$,,,,,different,TN_FP,failure,80,4,success,failure,1757296.989,221791.280
SEC::$ && DPT::DEV && CTR::$,DPT::$ && CTR::$,,,,,different,TN_FP,failure,80,16,success,failure,1721191.545,662423.902
SEC::$ && DPT::DEV && CTR::$,DPT::$ && CTR::EN,,,,,different,TN_TN,failure,40,8,failure,failure,1565490.048,379042.253
SEC::$ && DPT::DEV && CTR::$,DPT::$ && CTR::FR,,,,,different,TN_TN,failure,40,8,failure,failure,1559687.043,367630.528
SEC::$ && DPT::DEV && CTR::$,DPT::DEV,,,,,different,TN_FP,failure,40,2,success,failure,942929.184,146888.556
SEC::$ && DPT::DEV && CTR::$,DPT::DEV && CTR::$,,,,,different,TN_FP,failure,40,8,success,failure,895923.999,367405.585
SEC::$ && DPT::DEV && CTR::$,DPT::DEV && CTR::EN,,,,,different,TN_TN,failure,20,4,failure,failure,821135.975,219744.521
SEC::$ && DPT::DEV && CTR::$,DPT::DEV && CTR::FR,,,,,different,TN_TN,failure,20,4,failure,failure,814356.569,219217.843
SEC::$ && DPT::DEV && CTR::$,DPT::MKG,,,,,different,TN_TN,failure,40,2,failure,failure,1572179.651,146357.866
SEC::$ && DPT::DEV && CTR::$,DPT::MKG && CTR::$,,,,,different,TN_TN,failure,40,8,failure,failure,1556956.055,367655.410
SEC::$ && DPT::DEV && CTR::$,DPT::MKG && CTR::EN,,,,,different,TN_TN,failure,20,4,failure,failure,814005.380,219466.709
SEC::$ && DPT::DEV && CTR::$,DPT::MKG && CTR::FR,,,,,different,TN_TN,failure,20,4,failure,failure,811898.809,219693.870
SEC::$ && DPT::DEV && CTR::$,SEC::$,,,,,different,TN_FP,failure,80,5,success,failure,1691433.451,251741.840
SEC::$ && DPT::DEV && CTR::$,SEC::$ && CTR::$,,,,,different,TN_FP,failure,80,20,success,failure,1518689.807,781395.462
SEC::$ && DPT::DEV && CTR::$,SEC::$ && CTR::EN,,,,,different,TN_TN,failure,40,10,failure,failure,1475066.901,432606.842
SEC::$ && DPT::DEV && CTR::$,SEC::$ && CTR::FR,,,,,different,TN_TN,failure,40,10,failure,failure,1498707.450,431752.194
SEC::$ && DPT::DEV && CTR::$,SEC::$ && DPT::$,,,,,different,TN_FP,failure,80,20,success,failure,1528697.654,750129.761
SEC::$ && DPT::DEV && CTR::$,SEC::$ && DPT::$ && CTR::$,,,,,same,same,success,80,80,success,success,1687455.860,1500744.281
SEC::$ && DPT::DEV && CTR::$,SEC::$ && DPT::$ && CTR::EN,,,,,same,same,failure,40,40,failure,failure,1506770.144,1417313.365
SEC::$ && DPT::DEV && CTR::$,SEC::$ && DPT::$ && CTR::FR,,,,,same,same,failure,40,40,failure,failure,1493251.717,1391787.556
SEC::$ && DPT::DEV && CTR::$,SEC::$ && DPT::DEV,,,,,different,TN_FP,failure,40,10,success,failure,939403.145,420201.543
SEC::$ && DPT::DEV && CTR::$,SEC::$ && DPT::DEV && CTR::$,,,,,same,same,success,40,40,success,success,1159831.840,838102.911
SEC::$ && DPT::DEV && CTR::$,SEC::$ && DPT::DEV && CTR::EN,,,,,same,same,failure,20,20,failure,failure,773595.341,773972.228
SEC::$ && DPT::DEV && CTR::$,SEC::$ && DPT::DEV && CTR::FR,,,,,same,same,failure,20,20,failure,failure,782142.980,773570.400
SEC::$ && DPT::DEV && CTR::$,SEC::$ && DPT::MKG,,,,,different,TN_TN,failure,40,10,failure,failure,1729834.968,423028.195
SEC::$ && DPT::DEV && CTR::$,SEC::$ && DPT::MKG && CTR::$,,,,,same,same,failure,40,40,failure,failure,1461313.944,1430333.327
SEC::$ && DPT::DEV && CTR::$,SEC::$ && DPT::MKG && CTR::EN,,,,,same,same,failure,20,20,failure,failure,783711.422,769732.240
SEC::$ && DPT::DEV && CTR::$,SEC::$ && DPT::MKG && CTR::FR,,,,,same,same,failure,20,20,failure,failure,784492.367,754281.723
SEC::$ && DPT::DEV && CTR::$,SEC::HIG,,,,,different,TN_TN,failure,64,4,failure,failure,2518951.893,214860.600
SEC::$ && DPT::DEV && CTR::$,SEC::HIG && CTR::$,,,,,different,TN_TN,failure,64,16,failure,failure,2493959.780,646998.598
SEC::$ && DPT::DEV && CTR::$,SEC::HIG && CTR::EN,,,,,different,TN_TN,failure,32,8,failure,failure,1310875.765,358596.272
SEC::$ && DPT::DEV && CTR::$,SEC::HIG && CTR::FR,,,,,different,TN_TN,failure,32,8,failure,failure,1293100.027,359291.075
SEC::$ && DPT::DEV && CTR::$,SEC::HIG && DPT::$,,,,,different,TN_TN,failure,64,16,failure,failure,2493271.954,645024.024
SEC::$ && DPT::DEV && CTR::$,SEC::HIG && DPT::$ && CTR::$,,,,,same,same,failure,64,64,failure,failure,2343818.923,2372604.257
SEC::$ && DPT::DEV && CTR::$,SEC::HIG && DPT::$ && CTR::EN,,,,,same,same,failure,32,32,failure,failure,1642065.244,1216081.750
SEC::$ && DPT::DEV && CTR::$,SEC::HIG && DPT::$ && CTR::FR,,,,,same,same,failure,32,32,failure,failure,1398534.761,1226340.733
SEC::$ && DPT::DEV && CTR::$,SEC::HIG && DPT::DEV,,,,,different,TN_TN,failure,32,8,failure,failure,1301017.097,361275.672
SEC::$ && DPT::DEV && CTR::$,SEC::HIG && DPT::DEV && CTR::$,,,,,same,same,failure,32,32,failure,failure,1303205.322,1222594.902
SEC::$ && DPT::DEV && CTR::$,SEC::HIG && DPT::DEV && CTR::EN,,,,,same,same,failure,16,16,failure,failure,682544.342,690608.333
SEC::$ && DPT::DEV && CTR::$,SEC::HIG && DPT::DEV && CTR::FR,,,,,same,same,failure,16,16,failure,failure,691501.524,657870.701
SEC::$ && DPT::DEV && CTR::$,SEC::HIG && DPT::MKG,,,,,different,TN_TN,failure,32,8,failure,failure,1292271.854,357105.290
SEC::$ && DPT::DEV && CTR::$,SEC::HIG && DPT::MKG && CTR::$,,,,,same,same,failure,32,32,failure,failure,1301528.187,1225604.587
SEC::$ && DPT::DEV && CTR::$,SEC::HIG && DPT::MKG && CTR::EN,,,,,same,same,failure,16,16,failure,failure,674781.361,650627.990
SEC::$ && DPT::DEV && CTR::$,SEC::HIG && DPT::MKG && CTR::FR,,,,,same,same,failure,16,16,failure,failure,676301.562,648643.002
SEC::$ && DPT::DEV && CTR::$,SEC::LOW,,,,,different,TN_TN,failure,32,2,failure,failure,1354214.122,146942.973
SEC::$ && DPT::DEV && CTR::$,SEC::LOW && CTR::$,,,,,different,TN_TN,failure,32,8,failure,failure,1352120.370,364455.578
SEC::$ && DPT::DEV && CTR::$,SEC::LOW && CTR::EN,,,,,different,TN_TN,failure,16,4,failure,failure,684686.130,219857.082
SEC::$ && DPT::DEV && CTR::$,SEC::LOW && CTR::FR,,,,,different,TN_TN,failure,16,4,failure,failure,665966.943,230117.413
SEC::$ && DPT::DEV && CTR::$,SEC::LOW && DPT::$,,,,,different,TN_TN,failure,32,8,failure,failure,1313849.212,364664.950
SEC::$ && DPT::DEV && CTR::$,SEC::LOW && DPT::$ && CTR::$,,,,,same,same,failure,32,32,failure,failure,1477320.058,1241858.155
SEC::$ && DPT::DEV && CTR::$,SEC::LOW && DPT::$ && CTR::EN,,,,,same,same,failure,16,16,failure,failure,685492.522,657118.069
SEC::$ && DPT::DEV && CTR::$,SEC::LOW && DPT::$ && CTR::FR,,,,,same,same,failure,16,16,failure,failure,685670.556,656908.601
SEC::$ && DPT::DEV && CTR::$,SEC::LOW && DPT::DEV,,,,,different,TN_TN,failure,16,4,failure,failure,763045.152,219389.064
SEC::$ && DPT::DEV && CTR::$,SEC::LOW && DPT::DEV && CTR::$,,,,,same,same,failure,16,16,failure,failure,714767.140,661986.476
SEC::$ && DPT::DEV && CTR::$,SEC::LOW && DPT::DEV && CTR::EN,,,,,same,same,failure,8,8,failure,failure,378332.287,366894.331
SEC::$ && DPT::DEV && CTR::$,SEC::LOW && DPT::DEV && CTR::FR,,,,,same,same,failure,8,8,failure,failure,400339.992,366384.075
SEC::$ && DPT::DEV && CTR::$,SEC::LOW && DPT::MKG,,,,,different,TN_TN,failure,16,4,failure,failure,674267.321,219797.875
SEC::$ && DPT::DEV && CTR::$,SEC::LOW && DPT::MKG && CTR::$,,,,,same,same,failure,16,16,failure,failure,677973.619,657316.907
SEC::$ && DPT::DEV && CTR::$,SEC::LOW && DPT::MKG && CTR::EN,,,,,same,same,failure,8,8,failure,failure,374950.669,365506.008
SEC::$ && DPT::DEV && CTR::$,SEC::LOW && DPT::MKG && CTR::FR,,,,,same,same,failure,8,8,failure,failure,385910.987,363440.253
SEC::$ && DPT::DEV && CTR::$,SEC::MED,,,,,different,TN_TN,failure,48,3,failure,failure,1982893.012,182253.247
SEC::$ && DPT::DEV && CTR::$,SEC::MED && CTR::$,,,,,different,TN_TN,failure,48,12,failure,failure,1960394.755,510158.214
SEC::$ && DPT::DEV && CTR::$,SEC::MED && CTR::EN,,,,,different,TN_TN,failure,24,6,failure,failure,1002572.816,292160.240
SEC::$ && DPT::DEV && CTR::$,SEC::MED && CTR::FR,,,,,different,TN_TN,failure,24,6,failure,failure,1040282.219,291786.553
SEC::$ && DPT::DEV && CTR::$,SEC::MED && DPT::$,,,,,different,TN_TN,failure,48,12,failure,failure,2125156.346,510273.911
SEC::$ && DPT::DEV && CTR::$,SEC::MED && DPT::$ && CTR::$,,,,,same,same,failure,48,48,failure,failure,1911170.728,1796819.008
SEC::$ && DPT::DEV && CTR::$,SEC::MED && DPT::$ && CTR::EN,,,,,same,same,failure,24,24,failure,failure,1264882.302,949087.581
SEC::$ && DPT::DEV && CTR::$,SEC::MED && DPT::$ && CTR::FR,,,,,same,same,failure,24,24,failure,failure,996239.511,951736.515
SEC::$ && DPT::DEV && CTR::$,SEC::MED && DPT::DEV,,,,,different,TN_TN,failure,24,6,failure,failure,1043856.644,291607.703
SEC::$ && DPT::DEV && CTR::$,SEC::MED && DPT::DEV && CTR::$,,,,,same,same,failure,24,24,failure,failure,963795.704,949953.164
SEC::$ && DPT::DEV && CTR::$,SEC::MED && DPT::DEV && CTR::EN,,,,,same,same,failure,12,12,failure,failure,599659.887,511699.435
SEC::$ && DPT::DEV && CTR::$,SEC::MED && DPT::DEV && CTR::FR,,,,,same,same,failure,12,12,failure,failure,565739.516,511883.185
SEC::$ && DPT::DEV && CTR::$,SEC::MED && DPT::MKG,,,,,different,TN_TN,failure,24,6,failure,failure,973448.626,291910.831
SEC::$ && DPT::DEV && CTR::$,SEC::MED && DPT::MKG && CTR::$,,,,,same,same,failure,24,24,failure,failure,963014.189,949026.742
SEC::$ && DPT::DEV && CTR::$,SEC::MED && DPT::MKG && CTR::EN,,,,,same,same,failure,12,12,failure,failure,518922.488,510461.608
SEC::$ && DPT::DEV && CTR::$,SEC::MED && DPT::MKG && CTR::FR,,,,,same,same,failure,12,12,failure,failure,542834.242,510462.465
SEC::$ && DPT::DEV && CTR::EN,CTR::$,,,,,different,TN_FP,failure,80,4,success,failure,1591945.040,218657.532
SEC::$ && DPT::DEV && CTR::EN,CTR::EN,,,,,different,TN_FP,failure,40,2,success,failure,886115.366,146874.590
SEC::$ && DPT::DEV && CTR::EN,CTR::FR,,,,,different,TN_TN,failure,40,2,failure,failure,1565538.880,146035.736
SEC::$ && DPT::DEV && CTR::EN,DPT::$,,,,,different,TN_FP,failure,80,4,success,failure,1780787.272,218917.891
SEC::$ && DPT::DEV && CTR::EN,DPT::$ && CTR::$,,,,,different,TN_FP,failure,80,16,success,failure,1599323.791,658233.872
SEC::$ && DPT::DEV && CTR::EN,DPT::$ && CTR::EN,,,,,different,TN_FP,failure,40,8,success,failure,891521.331,365353.151
SEC::$ && DPT::DEV && CTR::EN,DPT::$ && CTR::FR,,,,,different,TN_TN,failure,40,8,failure,failure,1620488.350,366221.384
SEC::$ && DPT::DEV && CTR::EN,DPT::DEV,,,,,different,TN_FP,failure,40,2,success,failure,906413.981,145718.887
SEC::$ && DPT::DEV && CTR::EN,DPT::DEV && CTR::$,,,,,different,TN_FP,failure,40,8,success,failure,929773.818,365765.519
SEC::$ && DPT::DEV && CTR::EN,DPT::DEV && CTR::EN,,,,,different,TN_FP,failure,20,4,success,failure,518847.934,219010.870
SEC::$ && DPT::DEV && CTR::EN,DPT::DEV && CTR::FR,,,,,different,TN_TN,failure,20,4,failure,failure,817699.685,219280.881
SEC::$ && DPT::DEV && CTR::EN,DPT::MKG,,,,,different,TN_TN,failure,40,2,failure,failure,1653623.168,146052.823
SEC::$ && DPT::DEV && CTR::EN,DPT::MKG && CTR::$,,,,,different,TN_TN,failure,40,8,failure,failure,1661274.360,366116.598
SEC::$ && DPT::DEV && CTR::EN,DPT::MKG && CTR::EN,,,,,different,TN_TN,failure,20,4,failure,failure,824947.885,218877.595
SEC::$ && DPT::DEV && CTR::EN,DPT::MKG && CTR::FR,,,,,different,TN_TN,failure,20,4,failure,failure,836379.759,218895.263
SEC::$ && DPT::DEV && CTR::EN,SEC::$,,,,,different,TN_FP,failure,80,5,success,failure,1689205.792,253946.861
SEC::$ && DPT::DEV && CTR::EN,SEC::$ && CTR::$,,,,,different,TN_FP,failure,80,20,success,failure,1679688.465,789596.245
SEC::$ && DPT::DEV && CTR::EN,SEC::$ && CTR::EN,,,,,different,TN_FP,failure,40,10,success,failure,901993.243,434223.845
SEC::$ && DPT::DEV && CTR::EN,SEC::$ && CTR::FR,,,,,different,TN_TN,failure,40,10,failure,failure,1601907.137,432475.416
SEC::$ && DPT::DEV && CTR::EN,SEC::$ && DPT::$,,,,,different,TN_FP,failure,80,20,success,failure,1667957.536,788859.558
SEC::$ && DPT::DEV && CTR::EN,SEC::$ && DPT::$ && CTR::$,,,,,same,same,success,80,80,success,success,1665844.617,1640273.162
SEC::$ && DPT::DEV && CTR::EN,SEC::$ && DPT::$ && CTR::EN,,,,,same,same,success,40,40,success,success,953716.519,848435.528
SEC::$ && DPT::DEV && CTR::EN,SEC::$ && DPT::$ && CTR::FR,,,,,same,same,failure,40,40,failure,failure,1598914.889,1467994.726
SEC::$ && DPT::DEV && CTR::EN,SEC::$ && DPT::DEV,,,,,different,TN_FP,failure,40,10,success,failure,960620.138,433805.185
SEC::$ && DPT::DEV && CTR::EN,SEC::$ && DPT::DEV && CTR::$,,,,,same,same,success,40,40,success,success,892654.140,865821.219
SEC::$ && DPT::DEV && CTR::EN,SEC::$ && DPT::DEV && CTR::EN,,,,,same,same,success,20,20,success,success,588145.258,536586.687
SEC::$ && DPT::DEV && CTR::EN,SEC::$ && DPT::DEV && CTR::FR,,,,,same,same,failure,20,20,failure,failure,852562.103,792045.139
SEC::$ && DPT::DEV && CTR::EN,SEC::$ && DPT::MKG,,,,,different,TN_TN,failure,40,10,failure,failure,1598478.911,434639.585
SEC::$ && DPT::DEV && CTR::EN,SEC::$ && DPT::MKG && CTR::$,,,,,same,same,failure,40,40,failure,failure,1610375.577,1520820.303
SEC::$ && DPT::DEV && CTR::EN,SEC::$ && DPT::MKG && CTR::EN,,,,,same,same,failure,20,20,failure,failure,838261.855,793883.257
SEC::$ && DPT::DEV && CTR::EN,SEC::$ && DPT::MKG && CTR::FR,,,,,same,same,failure,20,20,failure,failure,828421.431,793886.382
SEC::$ && DPT::DEV && CTR::EN,SEC::HIG,,,,,different,TN_TN,failure,64,4,failure,failure,2611764.702,219131.375
SEC::$ && DPT::DEV && CTR::EN,SEC::HIG && CTR::$,,,,,different,TN_TN,failure,64,16,failure,failure,2529999.621,658018.643
SEC::$ && DPT::DEV && CTR::EN,SEC::HIG && CTR::EN,,,,,different,TN_TN,failure,32,8,failure,failure,1321306.871,365721.883
SEC::$ && DPT::DEV && CTR::EN,SEC::HIG && CTR::FR,,,,,different,TN_TN,failure,32,8,failure,failure,1297052.191,365251.530
SEC::$ && DPT::DEV && CTR::EN,SEC::HIG && DPT::$,,,,,different,TN_TN,failure,64,16,failure,failure,2693109.635,649168.453
SEC::$ && DPT::DEV && CTR::EN,SEC::HIG && DPT::$ && CTR::$,,,,,same,same,failure,64,64,failure,failure,2497673.866,2383121.078
SEC::$ && DPT::DEV && CTR::EN,SEC::HIG && DPT::$ && CTR::EN,,,,,same,same,failure,32,32,failure,failure,1281139.056,1226920.390
SEC::$ && DPT::DEV && CTR::EN,SEC::HIG && DPT::$ && CTR::FR,,,,,same,same,failure,32,32,failure,failure,1308959.640,1245878.667
SEC::$ && DPT::DEV && CTR::EN,SEC::HIG && DPT::DEV,,,,,different,TN_TN,failure,32,8,failure,failure,1308212.374,365889.472
SEC::$ && DPT::DEV && CTR::EN,SEC::HIG && DPT::DEV && CTR::$,,,,,same,same,failure,32,32,failure,failure,1330006.439,1245105.992
SEC::$ && DPT::DEV && CTR::EN,SEC::HIG && DPT::DEV && CTR::EN,,,,,same,same,failure,16,16,failure,failure,689087.416,658401.983
SEC::$ && DPT::DEV && CTR::EN,SEC::HIG && DPT::DEV && CTR::FR,,,,,same,same,failure,16,16,failure,failure,693530.099,658403.490
SEC::$ && DPT::DEV && CTR::EN,SEC::HIG && DPT::MKG,,,,,different,TN_TN,failure,32,8,failure,failure,1312494.496,368705.430
SEC::$ && DPT::DEV && CTR::EN,SEC::HIG && DPT::MKG && CTR::$,,,,,same,same,failure,32,32,failure,failure,1326135.523,1220866.460
SEC::$ && DPT::DEV && CTR::EN,SEC::HIG && DPT::MKG && CTR::EN,,,,,same,same,failure,16,16,failure,failure,720283.717,654371.783
SEC::$ && DPT::DEV && CTR::EN,SEC::HIG && DPT::MKG && CTR::FR,,,,,same,same,failure,16,16,failure,failure,714733.657,646979.652
SEC::$ && DPT::DEV && CTR::EN,SEC::LOW,,,,,different,TN_TN,failure,32,2,failure,failure,1267306.134,145848.576
SEC::$ && DPT::DEV && CTR::EN,SEC::LOW && CTR::$,,,,,different,TN_TN,failure,32,8,failure,failure,1289490.913,365108.448
SEC::$ && DPT::DEV && CTR::EN,SEC::LOW && CTR::EN,,,,,different,TN_TN,failure,16,4,failure,failure,667888.206,219206.883
SEC::$ && DPT::DEV && CTR::EN,SEC::LOW && CTR::FR,,,,,different,TN_TN,failure,16,4,failure,failure,669393.966,219252.804
SEC::$ && DPT::DEV && CTR::EN,SEC::LOW && DPT::$,,,,,different,TN_TN,failure,32,8,failure,failure,1276320.608,366103.608
SEC::$ && DPT::DEV && CTR::EN,SEC::LOW && DPT::$ && CTR::$,,,,,same,same,failure,32,32,failure,failure,1278225.005,1254380.589
SEC::$ && DPT::DEV && CTR::EN,SEC::LOW && DPT::$ && CTR::EN,,,,,same,same,failure,16,16,failure,failure,678803.897,662575.622
SEC::$ && DPT::DEV && CTR::EN,SEC::LOW && DPT::$ && CTR::FR,,,,,same,same,failure,16,16,failure,failure,673470.608,663315.509
SEC::$ && DPT::DEV && CTR::EN,SEC::LOW && DPT::DEV,,,,,different,TN_TN,failure,16,4,failure,failure,682285.762,219031.398
SEC::$ && DPT::DEV && CTR::EN,SEC::LOW && DPT::DEV && CTR::$,,,,,same,same,failure,16,16,failure,failure,676702.299,659520.696
SEC::$ && DPT::DEV && CTR::EN,SEC::LOW && DPT::DEV && CTR::EN,,,,,same,same,failure,8,8,failure,failure,375670.584,366260.608
SEC::$ && DPT::DEV && CTR::EN,SEC::LOW && DPT::DEV && CTR::FR,,,,,same,same,failure,8,8,failure,failure,376212.606,366213.580
SEC::$ && DPT::DEV && CTR::EN,SEC::LOW && DPT::MKG,,,,,different,TN_TN,failure,16,4,failure,failure,675182.704,220853.486
SEC::$ && DPT::DEV && CTR::EN,SEC::LOW && DPT::MKG && CTR::$,,,,,same,same,failure,16,16,failure,failure,670882.202,659776.135
SEC::$ && DPT::DEV && CTR::EN,SEC::LOW && DPT::MKG && CTR::EN,,,,,same,same,failure,8,8,failure,failure,374236.539,370129.816
SEC::$ && DPT::DEV && CTR::EN,SEC::LOW && DPT::MKG && CTR::FR,,,,,same,same,failure,8,8,failure,failure,372838.392,371002.974
SEC::$ && DPT::DEV && CTR::EN,SEC::MED,,,,,different,TN_TN,failure,48,3,failure,failure,1880176.826,184204.467
SEC::$ && DPT::DEV && CTR::EN,SEC::MED && CTR::$,,,,,different,TN_TN,failure,48,12,failure,failure,1862800.783,511940.959
SEC::$ && DPT::DEV && CTR::EN,SEC::MED && CTR::EN,,,,,different,TN_TN,failure,24,6,failure,failure,981442.961,295848.352
SEC::$ && DPT::DEV && CTR::EN,SEC::MED && CTR::FR,,,,,different,TN_TN,failure,24,6,failure,failure,974854.774,297620.512
SEC::$ && DPT::DEV && CTR::EN,SEC::MED && DPT::$,,,,,different,TN_TN,failure,48,12,failure,failure,1866005.675,512112.225
SEC::$ && DPT::DEV && CTR::EN,SEC::MED && DPT::$ && CTR::$,,,,,same,same,failure,48,48,failure,failure,1918737.717,1829535.957
SEC::$ && DPT::DEV && CTR::EN,SEC::MED && DPT::$ && CTR::EN,,,,,same,same,failure,24,24,failure,failure,970062.490,950650.327
SEC::$ && DPT::DEV && CTR::EN,SEC::MED && DPT::$ && CTR::FR,,,,,same,same,failure,24,24,failure,failure,1035974.033,950844.737
SEC::$ && DPT::DEV && CTR::EN,SEC::MED && DPT::DEV,,,,,different,TN_TN,failure,24,6,failure,failure,965446.752,294986.330
SEC::$ && DPT::DEV && CTR::EN,SEC::MED && DPT::DEV && CTR::$,,,,,same,same,failure,24,24,failure,failure,972166.221,955259.683
SEC::$ && DPT::DEV && CTR::EN,SEC::MED && DPT::DEV && CTR::EN,,,,,same,same,failure,12,12,failure,failure,519448.636,518656.866
SEC::$ && DPT::DEV && CTR::EN,SEC::MED && DPT::DEV && CTR::FR,,,,,same,same,failure,12,12,failure,failure,521256.166,516396.080
SEC::$ && DPT::DEV && CTR::EN,SEC::MED && DPT::MKG,,,,,different,TN_TN,failure,24,6,failure,failure,1036119.942,292695.759
SEC::$ && DPT::DEV && CTR::EN,SEC::MED && DPT::MKG && CTR::$,,,,,same,same,failure,24,24,failure,failure,973868.995,950742.791
SEC::$ && DPT::DEV && CTR::EN,SEC::MED && DPT::MKG && CTR::EN,,,,,same,same,failure,12,12,failure,failure,524647.753,512447.744
SEC::$ && DPT::DEV && CTR::EN,SEC::MED && DPT::MKG && CTR::FR,,,,,same,same,failure,12,12,failure,failure,522187.533,511474.273
SEC::$ && DPT::DEV && CTR::FR,CTR::$,,,,,different,TN_FP,failure,80,4,success,failure,1660265.452,220165.931
SEC::$ && DPT::DEV && CTR::FR,CTR::EN,,,,,different,TN_TN,failure,40,2,failure,failure,1565111.663,147237.120
SEC::$ && DPT::DEV && CTR::FR,CTR::FR,,,,,different,TN_FP,failure,40,2,success,failure,866693.044,146220.182
SEC::$ && DPT::DEV && CTR::FR,DPT::$,,,,,different,TN_FP,failure,80,4,success,failure,1610759.622,219288.876
SEC::$ && DPT::DEV && CTR::FR,DPT::$ && CTR::$,,,,,different,TN_FP,failure,80,16,success,failure,1565436.788,659023.218
SEC::$ && DPT::DEV && CTR::FR,DPT::$ && CTR::EN,,,,,different,TN_TN,failure,40,8,failure,failure,1576465.720,366586.860
SEC::$ && DPT::DEV && CTR::FR,DPT::$ && CTR::FR,,,,,different,TN_FP,failure,40,8,success,failure,919238.922,366782.302
SEC::$ && DPT::DEV && CTR::FR,DPT::DEV,,,,,different,TN_FP,failure,40,2,success,failure,913112.240,146967.199
SEC::$ && DPT::DEV && CTR::FR,DPT::DEV && CTR::$,,,,,different,TN_FP,failure,40,8,success,failure,895498.736,366148.618
SEC::$ && DPT::DEV && CTR::FR,DPT::DEV && CTR::EN,,,,,different,TN_TN,failure,20,4,failure,failure,941855.540,220342.438
SEC::$ && DPT::DEV && CTR::FR,DPT::DEV && CTR::FR,,,,,different,TN_FP,failure,20,4,success,failure,547586.756,219581.525
SEC::$ && DPT::DEV && CTR::FR,DPT::MKG,,,,,different,TN_TN,failure,40,2,failure,failure,1581154.461,147399.544
SEC::$ && DPT::DEV && CTR::FR,DPT::MKG && CTR::$,,,,,different,TN_TN,failure,40,8,failure,failure,1565061.068,365570.819
SEC::$ && DPT::DEV && CTR::FR,DPT::MKG && CTR::EN,,,,,different,TN_TN,failure,20,4,failure,failure,865314.979,221807.750
SEC::$ && DPT::DEV && CTR::FR,DPT::MKG && CTR::FR,,,,,different,TN_TN,failure,20,4,failure,failure,817372.376,221352.572
SEC::$ && DPT::DEV && CTR::FR,SEC::$,,,,,different,TN_FP,failure,80,5,success,failure,1669550.640,250150.310
SEC::$ && DPT::DEV && CTR::FR,SEC::$ && CTR::$,,,,,different,TN_FP,failure,80,20,success,failure,1679755.902,804185.917
SEC::$ && DPT::DEV && CTR::FR,SEC::$ && CTR::EN,,,,,different,TN_TN,failure,40,10,failure,failure,1596765.918,460175.940
SEC::$ && DPT::DEV && CTR::FR,SEC::$ && CTR::FR,,,,,different,TN_FP,failure,40,10,success,failure,921562.270,453359.269
SEC::$ && DPT::DEV && CTR::FR,SEC::$ && DPT::$,,,,,different,TN_FP,failure,80,20,success,failure,1649142.709,793599.189
SEC::$ && DPT::DEV && CTR::FR,SEC::$ && DPT::$ && CTR::$,,,,,same,same,success,80,80,success,success,1733845.841,1543562.552
SEC::$ && DPT::DEV && CTR::FR,SEC::$ && DPT::$ && CTR::EN,,,,,same,same,failure,40,40,failure,failure,1590691.053,1522671.285
SEC::$ && DPT::DEV && CTR::FR,SEC::$ && DPT::$ && CTR::FR,,,,,same,same,success,40,40,success,success,1072713.798,862995.739
SEC::$ && DPT::DEV && CTR::FR,SEC::$ && DPT::DEV,,,,,different,TN_FP,failure,40,10,success,failure,915488.363,435551.135
SEC::$ && DPT::DEV && CTR::FR,SEC::$ && DPT::DEV && CTR::$,,,,,same,same,success,40,40,success,success,907973.617,862894.474
SEC::$ && DPT::DEV && CTR::FR,SEC::$ && DPT::DEV && CTR::EN,,,,,same,same,failure,20,20,failure,failure,835959.170,785932.172
SEC::$ && DPT::DEV && CTR::FR,SEC::$ && DPT::DEV && CTR::FR,,,,,same,same,success,20,20,success,success,529363.949,508657.259
SEC::$ && DPT::DEV && CTR::FR,SEC::$ && DPT::MKG,,,,,different,TN_TN,failure,40,10,failure,failure,1603643.484,433033.432
SEC::$ && DPT::DEV && CTR::FR,SEC::$ && DPT::MKG && CTR::$,,,,,same,same,failure,40,40,failure,failure,1608977.038,1517849.326
SEC::$ && DPT::DEV && CTR::FR,SEC::$ && DPT::MKG && CTR::EN,,,,,same,same,failure,20,20,failure,failure,843258.317,793726.848
SEC::$ && DPT::DEV && CTR::FR,SEC::$ && DPT::MKG && CTR::FR,,,,,same,same,failure,20,20,failure,failure,842679.691,796112.978
SEC::$ && DPT::DEV && CTR::FR,SEC::HIG,,,,,different,TN_TN,failure,64,4,failure,failure,2774235.807,219477.149
SEC::$ && DPT::DEV && CTR::FR,SEC::HIG && CTR::$,,,,,different,TN_TN,failure,64,16,failure,failure,2539778.619,658531.150
SEC::$ && DPT::DEV && CTR::FR,SEC::HIG && CTR::EN,,,,,different,TN_TN,failure,32,8,failure,failure,1322709.412,365814.201
SEC::$ && DPT::DEV && CTR::FR,SEC::HIG && CTR::FR,,,,,different,TN_TN,failure,32,8,failure,failure,1309949.858,365569.862
SEC::$ && DPT::DEV && CTR::FR,SEC::HIG && DPT::$,,,,,different,TN_TN,failure,64,16,failure,failure,2496315.348,657911.392
SEC::$ && DPT::DEV && CTR::FR,SEC::HIG && DPT::$ && CTR::$,,,,,same,same,failure,64,64,failure,failure,2539146.158,2363360.277
SEC::$ && DPT::DEV && CTR::FR,SEC::HIG && DPT::$ && CTR::EN,,,,,same,same,failure,32,32,failure,failure,1268690.416,1245403.075
SEC::$ && DPT::DEV && CTR::FR,SEC::HIG && DPT::$ && CTR::FR,,,,,same,same,failure,32,32,failure,failure,1301947.102,1227618.751
SEC::$ && DPT::DEV && CTR::FR,SEC::HIG && DPT::DEV,,,,,different,TN_TN,failure,32,8,failure,failure,1317025.616,365815.618
SEC::$ && DPT::DEV && CTR::FR,SEC::HIG && DPT::DEV && CTR::$,,,,,same,same,failure,32,32,failure,failure,1409576.573,1243561.701
SEC::$ && DPT::DEV && CTR::FR,SEC::HIG && DPT::DEV && CTR::EN,,,,,same,same,failure,16,16,failure,failure,693040.390,657606.926
SEC::$ && DPT::DEV && CTR::FR,SEC::HIG && DPT::DEV && CTR::FR,,,,,same,same,failure,16,16,failure,failure,702987.068,658892.613
SEC::$ && DPT::DEV && CTR::FR,SEC::HIG && DPT::MKG,,,,,different,TN_TN,failure,32,8,failure,failure,1341452.349,366140.593
SEC::$ && DPT::DEV && CTR::FR,SEC::HIG && DPT::MKG && CTR::$,,,,,same,same,failure,32,32,failure,failure,1383398.705,1242171.262
SEC::$ && DPT::DEV && CTR::FR,SEC::HIG && DPT::MKG && CTR::EN,,,,,same,same,failure,16,16,failure,failure,685931.065,657967.412
SEC::$ && DPT::DEV && CTR::FR,SEC::HIG && DPT::MKG && CTR::FR,,,,,same,same,failure,16,16,failure,failure,757294.125,657061.593
SEC::$ && DPT::DEV && CTR::FR,SEC::LOW,,,,,different,TN_TN,failure,32,2,failure,failure,1261708.810,145614.867
SEC::$ && DPT::DEV && CTR::FR,SEC::LOW && CTR::$,,,,,different,TN_TN,failure,32,8,failure,failure,1277048.243,365417.307
SEC::$ && DPT::DEV && CTR::FR,SEC::LOW && CTR::EN,,,,,different,TN_TN,failure,16,4,failure,failure,674302.312,221381.566
SEC::$ && DPT::DEV && CTR::FR,SEC::LOW && CTR::FR,,,,,different,TN_TN,failure,16,4,failure,failure,695965.081,219174.341
SEC::$ && DPT::DEV && CTR::FR,SEC::LOW && DPT::$,,,,,different,TN_TN,failure,32,8,failure,failure,1277828.362,365428.798
SEC::$ && DPT::DEV && CTR::FR,SEC::LOW && DPT::$ && CTR::$,,,,,same,same,failure,32,32,failure,failure,1270494.965,1243106.707
SEC::$ && DPT::DEV && CTR::FR,SEC::LOW && DPT::$ && CTR::EN,,,,,same,same,failure,16,16,failure,failure,671938.378,658537.988
SEC::$ && DPT::DEV && CTR::FR,SEC::LOW && DPT::$ && CTR::FR,,,,,same,same,failure,16,16,failure,failure,679676.303,657839.627
SEC::$ && DPT::DEV && CTR::FR,SEC::LOW && DPT::DEV,,,,,different,TN_TN,failure,16,4,failure,failure,675570.421,219107.536
SEC::$ && DPT::DEV && CTR::FR,SEC::LOW && DPT::DEV && CTR::$,,,,,same,same,failure,16,16,failure,failure,675510.734,658970.574
SEC::$ && DPT::DEV && CTR::FR,SEC::LOW && DPT::DEV && CTR::EN,,,,,same,same,failure,8,8,failure,failure,373819.416,365087.412
SEC::$ && DPT::DEV && CTR::FR,SEC::LOW && DPT::DEV && CTR::FR,,,,,same,same,failure,8,8,failure,failure,376630.635,365800.726
SEC::$ && DPT::DEV && CTR::FR,SEC::LOW && DPT::MKG,,,,,different,TN_TN,failure,16,4,failure,failure,677147.885,219329.296
SEC::$ && DPT::DEV && CTR::FR,SEC::LOW && DPT::MKG && CTR::$,,,,,same,same,failure,16,16,failure,failure,672736.015,657643.505
SEC::$ && DPT::DEV && CTR::FR,SEC::LOW && DPT::MKG && CTR::EN,,,,,same,same,failure,8,8,failure,failure,373539.712,365891.611
SEC::$ && DPT::DEV && CTR::FR,SEC::LOW && DPT::MKG && CTR::FR,,,,,same,same,failure,8,8,failure,failure,374461.701,366279.845
SEC::$ && DPT::DEV && CTR::FR,SEC::MED,,,,,different,TN_TN,failure,48,3,failure,failure,1869245.046,183921.877
SEC::$ && DPT::DEV && CTR::FR,SEC::MED && CTR::$,,,,,different,TN_TN,failure,48,12,failure,failure,1854782.859,516447.006
SEC::$ && DPT::DEV && CTR::FR,SEC::MED && CTR::EN,,,,,different,TN_TN,failure,24,6,failure,failure,973520.191,295208.171
SEC::$ && DPT::DEV && CTR::FR,SEC::MED && CTR::FR,,,,,different,TN_TN,failure,24,6,failure,failure,963232.644,293612.133
SEC::$ && DPT::DEV && CTR::FR,SEC::MED && DPT::$,,,,,different,TN_TN,failure,48,12,failure,failure,1891177.431,514850.841
SEC::$ && DPT::DEV && CTR::FR,SEC::MED && DPT::$ && CTR::$,,,,,same,same,failure,48,48,failure,failure,2053348.888,1825829.569
SEC::$ && DPT::DEV && CTR::FR,SEC::MED && DPT::$ && CTR::EN,,,,,same,same,failure,24,24,failure,failure,1128039.360,960456.877
SEC::$ && DPT::DEV && CTR::FR,SEC::MED && DPT::$ && CTR::FR,,,,,same,same,failure,24,24,failure,failure,1041882.926,949137.610
SEC::$ && DPT::DEV && CTR::FR,SEC::MED && DPT::DEV,,,,,different,TN_TN,failure,24,6,failure,failure,964475.790,293072.556
SEC::$ && DPT::DEV && CTR::FR,SEC::MED && DPT::DEV && CTR::$,,,,,same,same,failure,24,24,failure,failure,975119.285,957639.662
SEC::$ && DPT::DEV && CTR::FR,SEC::MED && DPT::DEV && CTR::EN,,,,,same,same,failure,12,12,failure,failure,553646.147,516173.026
SEC::$ && DPT::DEV && CTR::FR,SEC::MED && DPT::DEV && CTR::FR,,,,,same,same,failure,12,12,failure,failure,574922.897,514754.501
SEC::$ && DPT::DEV && CTR::FR,SEC::MED && DPT::MKG,,,,,different,TN_TN,failure,24,6,failure,failure,967744.201,293249.032
SEC::$ && DPT::DEV && CTR::FR,SEC::MED && DPT::MKG && CTR::$,,,,,same,same,failure,24,24,failure,failure,969089.855,964037.463
SEC::$ && DPT::DEV && CTR::FR,SEC::MED && DPT::MKG && CTR::EN,,,,,same,same,failure,12,12,failure,failure,519061.099,514189.301
SEC::$ && DPT::DEV && CTR::FR,SEC::MED && DPT::MKG && CTR::FR,,,,,same,same,failure,12,12,failure,failure,519679.113,514357.916
SEC::$ && DPT::MKG,CTR::$,,,,,different,TN_FP,failure,80,4,success,failure,1765203.610,233916.008
SEC::$ && DPT::MKG,CTR::EN,,,,,different,TN_FP,failure,40,2,success,failure,979160.260,156170.757
SEC::$ && DPT::MKG,CTR::FR,,,,,different,TN_FP,failure,40,2,success,failure,973828.804,156229.908
SEC::$ && DPT::MKG,DPT::$,,,,,different,TN_FP,failure,80,4,success,failure,1700666.159,233602.455
SEC::$ && DPT::MKG,DPT::$ && CTR::$,,,,,different,TN_FP,failure,80,16,success,failure,1686187.511,703989.483
SEC::$ && DPT::MKG,DPT::$ && CTR::EN,,,,,different,TN_FP,failure,40,8,success,failure,927479.926,390092.140
SEC::$ && DPT::MKG,DPT::$ && CTR::FR,,,,,different,TN_FP,failure,40,8,success,failure,919933.365,390974.716
SEC::$ && DPT::MKG,DPT::DEV,,,,,different,TN_TN,failure,40,2,failure,failure,1796795.003,155985.039
SEC::$ && DPT::MKG,DPT::DEV && CTR::$,,,,,different,TN_TN,failure,40,8,failure,failure,1696855.476,390408.209
SEC::$ && DPT::MKG,DPT::DEV && CTR::EN,,,,,different,TN_TN,failure,20,4,failure,failure,859074.739,234289.845
SEC::$ && DPT::MKG,DPT::DEV && CTR::FR,,,,,different,TN_TN,failure,20,4,failure,failure,882210.426,234057.739
SEC::$ && DPT::MKG,DPT::MKG,,,,,different,TN_FP,failure,40,2,success,failure,999945.032,155781.562
SEC::$ && DPT::MKG,DPT::MKG && CTR::$,,,,,different,TN_FP,failure,40,8,success,failure,1031800.855,389875.198
SEC::$ && DPT::MKG,DPT::MKG && CTR::EN,,,,,different,TN_FP,failure,20,4,success,failure,550377.917,233854.517
SEC::$ && DPT::MKG,DPT::MKG && CTR::FR,,,,,different,TN_FP,failure,20,4,success,failure,584363.800,233815.399
SEC::$ && DPT::MKG,SEC::$,,,,,different,TN_FP,failure,80,5,success,failure,1762786.867,271465.476
SEC::$ && DPT::MKG,SEC::$ && CTR::$,,,,,different,TN_FP,failure,80,20,success,failure,1812040.700,844544.510
SEC::$ && DPT::MKG,SEC::$ && CTR::EN,,,,,different,TN_FP,failure,40,10,success,failure,970967.642,461842.311
SEC::$ && DPT::MKG,SEC::$ && CTR::FR,,,,,different,TN_FP,failure,40,10,success,failure,977739.214,461216.416
SEC::$ && DPT::MKG,SEC::$ && DPT::$,,,,,different,TP_TP,success,80,20,success,success,1768618.535,521219.217
SEC::$ && DPT::MKG,SEC::$ && DPT::$ && CTR::$,,,,,same,same,success,80,80,success,success,1699482.258,1556102.719
SEC::$ && DPT::MKG,SEC::$ && DPT::$ && CTR::EN,,,,,same,same,success,40,40,success,success,944089.646,967131.076
SEC::$ && DPT::MKG,SEC::$ && DPT::$ && CTR::FR,,,,,same,same,success,40,40,success,success,877891.885,930179.304
SEC::$ && DPT::MKG,SEC::$ && DPT::DEV,,,,,different,TN_TN,failure,40,10,failure,failure,1652877.049,461607.259
SEC::$ && DPT::MKG,SEC::$ && DPT::DEV && CTR::$,,,,,same,same,failure,40,40,failure,failure,1677005.954,1571309.183
SEC::$ && DPT::MKG,SEC::$ && DPT::DEV && CTR::EN,,,,,same,same,failure,20,20,failure,failure,888839.015,848723.433
SEC::$ && DPT::MKG,SEC::$ && DPT::DEV && CTR::FR,,,,,same,same,failure,20,20,failure,failure,889999.125,843837.974
SEC::$ && DPT::MKG,SEC::$ && DPT::MKG,,,,,different,TP_TP,success,40,10,success,success,956360.973,340962.566
SEC::$ && DPT::MKG,SEC::$ && DPT::MKG && CTR::$,,,,,same,same,success,40,40,success,success,987615.579,946950.963
SEC::$ && DPT::MKG,SEC::$ && DPT::MKG && CTR::EN,,,,,same,same,success,20,20,success,success,558140.557,538183.688
SEC::$ && DPT::MKG,SEC::$ && DPT::MKG && CTR::FR,,,,,same,same,success,20,20,success,success,567167.364,559614.046
SEC::$ && DPT::MKG,SEC::HIG,,,,,different,TN_TN,failure,64,4,failure,failure,2649367.260,234343.320
SEC::$ && DPT::MKG,SEC::HIG && CTR::$,,,,,different,TN_TN,failure,64,16,failure,failure,2993006.642,706003.746
SEC::$ && DPT::MKG,SEC::HIG && CTR::EN,,,,,different,TN_TN,failure,32,8,failure,failure,1353597.600,391304.555
SEC::$ && DPT::MKG,SEC::HIG && CTR::FR,,,,,different,TN_TN,failure,32,8,failure,failure,1465396.292,395467.373
SEC::$ && DPT::MKG,SEC::HIG && DPT::$,,,,,different,TN_TN,failure,64,16,failure,failure,2627231.544,688870.679
SEC::$ && DPT::MKG,SEC::HIG && DPT::$ && CTR::$,,,,,same,same,failure,64,64,failure,failure,2630614.164,2538222.956
SEC::$ && DPT::MKG,SEC::HIG && DPT::$ && CTR::EN,,,,,same,same,failure,32,32,failure,failure,1365592.089,1303150.660
SEC::$ && DPT::MKG,SEC::HIG && DPT::$ && CTR::FR,,,,,same,same,failure,32,32,failure,failure,1355217.900,1303205.502
SEC::$ && DPT::MKG,SEC::HIG && DPT::DEV,,,,,different,TN_TN,failure,32,8,failure,failure,1672326.967,382413.101
SEC::$ && DPT::MKG,SEC::HIG && DPT::DEV && CTR::$,,,,,same,same,failure,32,32,failure,failure,1476046.404,1306233.046
SEC::$ && DPT::MKG,SEC::HIG && DPT::DEV && CTR::EN,,,,,same,same,failure,16,16,failure,failure,814594.620,692120.535
SEC::$ && DPT::MKG,SEC::HIG && DPT::DEV && CTR::FR,,,,,same,same,failure,16,16,failure,failure,736067.749,691080.805
SEC::$ && DPT::MKG,SEC::HIG && DPT::MKG,,,,,different,TN_TN,failure,32,8,failure,failure,1373478.402,382067.738
SEC::$ && DPT::MKG,SEC::HIG && DPT::MKG && CTR::$,,,,,same,same,failure,32,32,failure,failure,1350805.052,1323731.164
SEC::$ && DPT::MKG,SEC::HIG && DPT::MKG && CTR::EN,,,,,same,same,failure,16,16,failure,failure,712201.266,693947.963
SEC::$ && DPT::MKG,SEC::HIG && DPT::MKG && CTR::FR,,,,,same,same,failure,16,16,failure,failure,689162.426,793365.044
SEC::$ && DPT::MKG,SEC::LOW,,,,,different,TN_TN,failure,32,2,failure,failure,1336223.947,156031.226
SEC::$ && DPT::MKG,SEC::LOW && CTR::$,,,,,different,TN_TN,failure,32,8,failure,failure,1328085.060,393362.254
SEC::$ && DPT::MKG,SEC::LOW && CTR::EN,,,,,different,TN_TN,failure,16,4,failure,failure,707538.140,234672.968
SEC::$ && DPT::MKG,SEC::LOW && CTR::FR,,,,,different,TN_TN,failure,16,4,failure,failure,703795.845,234056.215
SEC::$ && DPT::MKG,SEC::LOW && DPT::$,,,,,different,TN_TN,failure,32,8,failure,failure,1338416.083,392580.323
SEC::$ && DPT::MKG,SEC::LOW && DPT::$ && CTR::$,,,,,same,same,failure,32,32,failure,failure,1325437.033,1342146.596
SEC::$ && DPT::MKG,SEC::LOW && DPT::$ && CTR::EN,,,,,same,same,failure,16,16,failure,failure,704088.765,717013.387
SEC::$ && DPT::MKG,SEC::LOW && DPT::$ && CTR::FR,,,,,same,same,failure,16,16,failure,failure,701706.671,703376.032
SEC::$ && DPT::MKG,SEC::LOW && DPT::DEV,,,,,different,TN_TN,failure,16,4,failure,failure,704519.237,235923.965
SEC::$ && DPT::MKG,SEC::LOW && DPT::DEV && CTR::$,,,,,same,same,failure,16,16,failure,failure,704471.562,703704.353
SEC::$ && DPT::MKG,SEC::LOW && DPT::DEV && CTR::EN,,,,,same,same,failure,8,8,failure,failure,391499.110,393933.350
SEC::$ && DPT::MKG,SEC::LOW && DPT::DEV && CTR::FR,,,,,same,same,failure,8,8,failure,failure,388958.569,392315.992
SEC::$ && DPT::MKG,SEC::LOW && DPT::MKG,,,,,different,TN_TN,failure,16,4,failure,failure,703062.730,234894.293
SEC::$ && DPT::MKG,SEC::LOW && DPT::MKG && CTR::$,,,,,same,same,failure,16,16,failure,failure,705986.905,714548.885
SEC::$ && DPT::MKG,SEC::LOW && DPT::MKG && CTR::EN,,,,,same,same,failure,8,8,failure,failure,391452.422,395277.341
SEC::$ && DPT::MKG,SEC::LOW && DPT::MKG && CTR::FR,,,,,same,same,failure,8,8,failure,failure,393836.814,395639.887
SEC::$ && DPT::MKG,SEC::MED,,,,,different,TN_TN,failure,48,3,failure,failure,1952385.507,195262.674
SEC::$ && DPT::MKG,SEC::MED && CTR::$,,,,,different,TN_TN,failure,48,12,failure,failure,1956636.485,546349.966
SEC::$ && DPT::MKG,SEC::MED && CTR::EN,,,,,different,TN_TN,failure,24,6,failure,failure,1004395.574,312090.028
SEC::$ && DPT::MKG,SEC::MED && CTR::FR,,,,,different,TN_TN,failure,24,6,failure,failure,1003195.594,311901.504
SEC::$ && DPT::MKG,SEC::MED && DPT::$,,,,,different,TN_TN,failure,48,12,failure,failure,2038544.083,547013.686
SEC::$ && DPT::MKG,SEC::MED && DPT::$ && CTR::$,,,,,same,same,failure,48,48,failure,failure,2077413.724,1957830.019
SEC::$ && DPT::MKG,SEC::MED && DPT::$ && CTR::EN,,,,,same,same,failure,24,24,failure,failure,1103928.238,1017682.799
SEC::$ && DPT::MKG,SEC::MED && DPT::$ && CTR::FR,,,,,same,same,failure,24,24,failure,failure,1160027.947,1018037.735
SEC::$ && DPT::MKG,SEC::MED && DPT::DEV,,,,,different,TN_TN,failure,24,6,failure,failure,1044861.900,312951.474
SEC::$ && DPT::MKG,SEC::MED && DPT::DEV && CTR::$,,,,,same,same,failure,24,24,failure,failure,1004441.551,1016425.450
SEC::$ && DPT::MKG,SEC::MED && DPT::DEV && CTR::EN,,,,,same,same,failure,12,12,failure,failure,544710.035,548027.443
SEC::$ && DPT::MKG,SEC::MED && DPT::DEV && CTR::FR,,,,,same,same,failure,12,12,failure,failure,546013.816,548260.064
SEC::$ && DPT::MKG,SEC::MED && DPT::MKG,,,,,different,TN_TN,failure,24,6,failure,failure,1011612.562,312477.590
SEC::$ && DPT::MKG,SEC::MED && DPT::MKG && CTR::$,,,,,same,same,failure,24,24,failure,failure,1048962.832,1015160.522
SEC::$ && DPT::MKG,SEC::MED && DPT::MKG && CTR::EN,,,,,same,same,failure,12,12,failure,failure,541997.221,546363.917
SEC::$ && DPT::MKG,SEC::MED && DPT::MKG && CTR::FR,,,,,same,same,failure,12,12,failure,failure,543511.391,547155.702
SEC::$ && DPT::MKG && CTR::$,CTR::$,,,,,different,TN_FP,failure,80,4,success,failure,1486589.255,197886.215
SEC::$ && DPT::MKG && CTR::$,CTR::EN,,,,,different,TN_TN,failure,40,2,failure,failure,1461758.633,132228.613
SEC::$ && DPT::MKG && CTR::$,CTR::FR,,,,,different,TN_TN,failure,40,2,failure,failure,1458573.529,131643.405
SEC::$ && DPT::MKG && CTR::$,DPT::$,,,,,different,TN_FP,failure,80,4,success,failure,1438944.440,194069.171
SEC::$ && DPT::MKG && CTR::$,DPT::$ && CTR::$,,,,,different,TN_FP,failure,80,16,success,failure,1672500.056,581538.616
SEC::$ && DPT::MKG && CTR::$,DPT::$ && CTR::EN,,,,,different,TN_TN,failure,40,8,failure,failure,1461703.830,321708.585
SEC::$ && DPT::MKG && CTR::$,DPT::$ && CTR::FR,,,,,different,TN_TN,failure,40,8,failure,failure,1493592.255,321646.273
SEC::$ && DPT::MKG && CTR::$,DPT::DEV,,,,,different,TN_TN,failure,40,2,failure,failure,1449723.859,131844.622
SEC::$ && DPT::MKG && CTR::$,DPT::DEV && CTR::$,,,,,different,TN_TN,failure,40,8,failure,failure,1459374.156,330582.705
SEC::$ && DPT::MKG && CTR::$,DPT::DEV && CTR::EN,,,,,different,TN_TN,failure,20,4,failure,failure,773801.333,199372.824
SEC::$ && DPT::MKG && CTR::$,DPT::DEV && CTR::FR,,,,,different,TN_TN,failure,20,4,failure,failure,763079.862,198309.394
SEC::$ && DPT::MKG && CTR::$,DPT::MKG,,,,,different,TN_FP,failure,40,2,success,failure,834289.218,131695.457
SEC::$ && DPT::MKG && CTR::$,DPT::MKG && CTR::$,,,,,different,TN_FP,failure,40,8,success,failure,843414.941,334907.943
SEC::$ && DPT::MKG && CTR::$,DPT::MKG && CTR::EN,,,,,different,TN_TN,failure,20,4,failure,failure,772251.600,198028.457
SEC::$ && DPT::MKG && CTR::$,DPT::MKG && CTR::FR,,,,,different,TN_TN,failure,20,4,failure,failure,804270.735,198143.588
SEC::$ && DPT::MKG && CTR::$,SEC::$,,,,,different,TN_FP,failure,80,5,success,failure,1257120.148,220922.720
SEC::$ && DPT::MKG && CTR::$,SEC::$ && CTR::$,,,,,different,TN_FP,failure,80,20,success,failure,1418483.260,689364.826
SEC::$ && DPT::MKG && CTR::$,SEC::$ && CTR::EN,,,,,different,TN_TN,failure,40,10,failure,failure,1265742.025,378594.654
SEC::$ && DPT::MKG && CTR::$,SEC::$ && CTR::FR,,,,,different,TN_TN,failure,40,10,failure,failure,1269181.752,376618.978
SEC::$ && DPT::MKG && CTR::$,SEC::$ && DPT::$,,,,,different,TN_FP,failure,80,20,success,failure,1287354.695,648465.794
SEC::$ && DPT::MKG && CTR::$,SEC::$ && DPT::$ && CTR::$,,,,,same,same,success,80,80,success,success,1456600.303,1250599.477
SEC::$ && DPT::MKG && CTR::$,SEC::$ && DPT::$ && CTR::EN,,,,,same,same,failure,40,40,failure,failure,1276060.866,1231794.579
SEC::$ && DPT::MKG && CTR::$,SEC::$ && DPT::$ && CTR::FR,,,,,same,same,failure,40,40,failure,failure,1266840.992,1236841.215
SEC::$ && DPT::MKG && CTR::$,SEC::$ && DPT::DEV,,,,,different,TN_TN,failure,40,10,failure,failure,1260007.920,376130.642
SEC::$ && DPT::MKG && CTR::$,SEC::$ && DPT::DEV && CTR::$,,,,,same,same,failure,40,40,failure,failure,1271755.900,1279026.779
SEC::$ && DPT::MKG && CTR::$,SEC::$ && DPT::DEV && CTR::EN,,,,,same,same,failure,20,20,failure,failure,661046.387,679330.358
SEC::$ && DPT::MKG && CTR::$,SEC::$ && DPT::DEV && CTR::FR,,,,,same,same,failure,20,20,failure,failure,667531.557,671698.789
SEC::$ && DPT::MKG && CTR::$,SEC::$ && DPT::MKG,,,,,different,TN_FP,failure,40,10,success,failure,735085.642,364545.261
SEC::$ && DPT::MKG && CTR::$,SEC::$ && DPT::MKG && CTR::$,,,,,same,same,success,40,40,success,success,719389.910,717808.399
SEC::$ && DPT::MKG && CTR::$,SEC::$ && DPT::MKG && CTR::EN,,,,,same,same,failure,20,20,failure,failure,666462.377,669274.676
SEC::$ && DPT::MKG && CTR::$,SEC::$ && DPT::MKG && CTR::FR,,,,,same,same,failure,20,20,failure,failure,668441.479,647118.081
SEC::$ && DPT::MKG && CTR::$,SEC::HIG,,,,,different,TN_TN,failure,64,4,failure,failure,2189391.891,187479.028
SEC::$ && DPT::MKG && CTR::$,SEC::HIG && CTR::$,,,,,different,TN_TN,failure,64,16,failure,failure,2164658.092,568806.194
SEC::$ && DPT::MKG && CTR::$,SEC::HIG && CTR::EN,,,,,different,TN_TN,failure,32,8,failure,failure,1121276.404,314009.623
SEC::$ && DPT::MKG && CTR::$,SEC::HIG && CTR::FR,,,,,different,TN_TN,failure,32,8,failure,failure,1118662.901,318801.682
SEC::$ && DPT::MKG && CTR::$,SEC::HIG && DPT::$,,,,,different,TN_TN,failure,64,16,failure,failure,2139590.196,562911.937
SEC::$ && DPT::MKG && CTR::$,SEC::HIG && DPT::$ && CTR::$,,,,,same,same,failure,64,64,failure,failure,2002393.795,2071073.620
SEC::$ && DPT::MKG && CTR::$,SEC::HIG && DPT::$ && CTR::EN,,,,,same,same,failure,32,32,failure,failure,1095930.471,1064868.367
SEC::$ && DPT::MKG && CTR::$,SEC::HIG && DPT::$ && CTR::FR,,,,,same,same,failure,32,32,failure,failure,1077510.981,1064858.609
SEC::$ && DPT::MKG && CTR::$,SEC::HIG && DPT::DEV,,,,,different,TN_TN,failure,32,8,failure,failure,1131603.790,314123.442
SEC::$ && DPT::MKG && CTR::$,SEC::HIG && DPT::DEV && CTR::$,,,,,same,same,failure,32,32,failure,failure,1116799.457,1066698.614
SEC::$ && DPT::MKG && CTR::$,SEC::HIG && DPT::DEV && CTR::EN,,,,,same,same,failure,16,16,failure,failure,587973.492,565689.767
SEC::$ && DPT::MKG && CTR::$,SEC::HIG && DPT::DEV && CTR::FR,,,,,same,same,failure,16,16,failure,failure,603198.640,563125.112
SEC::$ && DPT::MKG && CTR::$,SEC::HIG && DPT::MKG,,,,,different,TN_TN,failure,32,8,failure,failure,1132320.340,316038.339
SEC::$ && DPT::MKG && CTR::$,SEC::HIG && DPT::MKG && CTR::$,,,,,same,same,failure,32,32,failure,failure,1147884.163,1066293.054
SEC::$ && DPT::MKG && CTR::$,SEC::HIG && DPT::MKG && CTR::EN,,,,,same,same,failure,16,16,failure,failure,590635.384,579878.201
SEC::$ && DPT::MKG && CTR::$,SEC::HIG && DPT::MKG && CTR::FR,,,,,same,same,failure,16,16,failure,failure,592710.106,567401.563
SEC::$ && DPT::MKG && CTR::$,SEC::LOW,,,,,different,TN_TN,failure,32,2,failure,failure,1155043.668,128913.590
SEC::$ && DPT::MKG && CTR::$,SEC::LOW && CTR::$,,,,,different,TN_TN,failure,32,8,failure,failure,1121332.614,331075.039
SEC::$ && DPT::MKG && CTR::$,SEC::LOW && CTR::EN,,,,,different,TN_TN,failure,16,4,failure,failure,592641.578,193194.519
SEC::$ && DPT::MKG && CTR::$,SEC::LOW && CTR::FR,,,,,different,TN_TN,failure,16,4,failure,failure,594371.668,194013.551
SEC::$ && DPT::MKG && CTR::$,SEC::LOW && DPT::$,,,,,different,TN_TN,failure,32,8,failure,failure,1119730.424,322715.614
SEC::$ && DPT::MKG && CTR::$,SEC::LOW && DPT::$ && CTR::$,,,,,same,same,failure,32,32,failure,failure,1114134.829,1094002.430
SEC::$ && DPT::MKG && CTR::$,SEC::LOW && DPT::$ && CTR::EN,,,,,same,same,failure,16,16,failure,failure,587389.150,580818.215
SEC::$ && DPT::MKG && CTR::$,SEC::LOW && DPT::$ && CTR::FR,,,,,same,same,failure,16,16,failure,failure,596863.246,580093.079
SEC::$ && DPT::MKG && CTR::$,SEC::LOW && DPT::DEV,,,,,different,TN_TN,failure,16,4,failure,failure,593568.721,193683.351
SEC::$ && DPT::MKG && CTR::$,SEC::LOW && DPT::DEV && CTR::$,,,,,same,same,failure,16,16,failure,failure,623914.382,579106.895
SEC::$ && DPT::MKG && CTR::$,SEC::LOW && DPT::DEV && CTR::EN,,,,,same,same,failure,8,8,failure,failure,328989.487,325520.410
SEC::$ && DPT::MKG && CTR::$,SEC::LOW && DPT::DEV && CTR::FR,,,,,same,same,failure,8,8,failure,failure,329450.943,322214.414
SEC::$ && DPT::MKG && CTR::$,SEC::LOW && DPT::MKG,,,,,different,TN_TN,failure,16,4,failure,failure,663545.154,192427.050
SEC::$ && DPT::MKG && CTR::$,SEC::LOW && DPT::MKG && CTR::$,,,,,same,same,failure,16,16,failure,failure,607896.316,580266.760
SEC::$ && DPT::MKG && CTR::$,SEC::LOW && DPT::MKG && CTR::EN,,,,,same,same,failure,8,8,failure,failure,341513.339,321868.871
SEC::$ && DPT::MKG && CTR::$,SEC::LOW && DPT::MKG && CTR::FR,,,,,same,same,failure,8,8,failure,failure,330721.802,322685.151
SEC::$ && DPT::MKG && CTR::$,SEC::MED,,,,,different,TN_TN,failure,48,3,failure,failure,1642934.674,160310.788
SEC::$ && DPT::MKG && CTR::$,SEC::MED && CTR::$,,,,,different,TN_TN,failure,48,12,failure,failure,1654882.556,451140.467
SEC::$ && DPT::MKG && CTR::$,SEC::MED && CTR::EN,,,,,different,TN_TN,failure,24,6,failure,failure,858831.758,257517.489
SEC::$ && DPT::MKG && CTR::$,SEC::MED && CTR::FR,,,,,different,TN_TN,failure,24,6,failure,failure,853832.742,257954.533
SEC::$ && DPT::MKG && CTR::$,SEC::MED && DPT::$,,,,,different,TN_TN,failure,48,12,failure,failure,1639999.138,448657.224
SEC::$ && DPT::MKG && CTR::$,SEC::MED && DPT::$ && CTR::$,,,,,same,same,failure,48,48,failure,failure,1637677.117,1580261.250
SEC::$ && DPT::MKG && CTR::$,SEC::MED && DPT::$ && CTR::EN,,,,,same,same,failure,24,24,failure,failure,849821.853,833427.742
SEC::$ && DPT::MKG && CTR::$,SEC::MED && DPT::$ && CTR::FR,,,,,same,same,failure,24,24,failure,failure,863238.815,834442.290
SEC::$ && DPT::MKG && CTR::$,SEC::MED && DPT::DEV,,,,,different,TN_TN,failure,24,6,failure,failure,857911.823,257785.826
SEC::$ && DPT::MKG && CTR::$,SEC::MED && DPT::DEV && CTR::$,,,,,same,same,failure,24,24,failure,failure,860422.367,838146.363
SEC::$ && DPT::MKG && CTR::$,SEC::MED && DPT::DEV && CTR::EN,,,,,same,same,failure,12,12,failure,failure,460945.688,450411.574
SEC::$ && DPT::MKG && CTR::$,SEC::MED && DPT::DEV && CTR::FR,,,,,same,same,failure,12,12,failure,failure,459118.862,450593.095
SEC::$ && DPT::MKG && CTR::$,SEC::MED && DPT::MKG,,,,,different,TN_TN,failure,24,6,failure,failure,864636.456,257117.693
SEC::$ && DPT::MKG && CTR::$,SEC::MED && DPT::MKG && CTR::$,,,,,same,same,failure,24,24,failure,failure,904614.631,836018.912
SEC::$ && DPT::MKG && CTR::$,SEC::MED && DPT::MKG && CTR::EN,,,,,same,same,failure,12,12,failure,failure,474814.573,451402.979
SEC::$ && DPT::MKG && CTR::$,SEC::MED && DPT::MKG && CTR::FR,,,,,same,same,failure,12,12,failure,failure,467076.889,450200.037
SEC::$ && DPT::MKG && CTR::EN,CTR::$,,,,,different,TN_FP,failure,80,4,success,failure,1586180.463,206268.954
SEC::$ && DPT::MKG && CTR::EN,CTR::EN,,,,,different,TN_FP,failure,40,2,success,failure,984931.115,137525.959
SEC::$ && DPT::MKG && CTR::EN,CTR::FR,,,,,different,TN_TN,failure,40,2,failure,failure,1557761.386,136595.369
SEC::$ && DPT::MKG && CTR::EN,DPT::$,,,,,different,TN_FP,failure,80,4,success,failure,1560841.898,205807.453
SEC::$ && DPT::MKG && CTR::EN,DPT::$ && CTR::$,,,,,different,TN_FP,failure,80,16,success,failure,1584471.201,617981.639
SEC::$ && DPT::MKG && CTR::EN,DPT::$ && CTR::EN,,,,,different,TN_FP,failure,40,8,success,failure,865320.735,341606.965
SEC::$ && DPT::MKG && CTR::EN,DPT::$ && CTR::FR,,,,,different,TN_TN,failure,40,8,failure,failure,1519461.715,343169.726
SEC::$ && DPT::MKG && CTR::EN,DPT::DEV,,,,,different,TN_TN,failure,40,2,failure,failure,1519210.258,138352.239
SEC::$ && DPT::MKG && CTR::EN,DPT::DEV && CTR::$,,,,,different,TN_TN,failure,40,8,failure,failure,1645865.191,345052.923
SEC::$ && DPT::MKG && CTR::EN,DPT::DEV && CTR::EN,,,,,different,TN_TN,failure,20,4,failure,failure,802358.458,205986.690
SEC::$ && DPT::MKG && CTR::EN,DPT::DEV && CTR::FR,,,,,different,TN_TN,failure,20,4,failure,failure,801927.225,205724.527
SEC::$ && DPT::MKG && CTR::EN,DPT::MKG,,,,,different,TN_FP,failure,40,2,success,failure,854985.434,146580.559
SEC::$ && DPT::MKG && CTR::EN,DPT::MKG && CTR::$,,,,,different,TN_FP,failure,40,8,success,failure,935408.948,344490.423
SEC::$ && DPT::MKG && CTR::EN,DPT::MKG && CTR::EN,,,,,different,TN_FP,failure,20,4,success,failure,499857.823,207465.589
SEC::$ && DPT::MKG && CTR::EN,DPT::MKG && CTR::FR,,,,,different,TN_TN,failure,20,4,failure,failure,794244.584,206847.168
SEC::$ && DPT::MKG && CTR::EN,SEC::$,,,,,different,TN_FP,failure,80,5,success,failure,1396671.416,226245.130
SEC::$ && DPT::MKG && CTR::EN,SEC::$ && CTR::$,,,,,different,TN_FP,failure,80,20,success,failure,1413204.308,690303.417
SEC::$ && DPT::MKG && CTR::EN,SEC::$ && CTR::EN,,,,,different,TN_FP,failure,40,10,success,failure,783560.503,389163.784
SEC::$ && DPT::MKG && CTR::EN,SEC::$ && CTR::FR,,,,,different,TN_TN,failure,40,10,failure,failure,1359159.153,389367.220
SEC::$ && DPT::MKG && CTR::EN,SEC::$ && DPT::$,,,,,different,TN_FP,failure,80,20,success,failure,1402448.683,668735.025
SEC::$ && DPT::MKG && CTR::EN,SEC::$ && DPT::$ && CTR::$,,,,,same,same,success,80,80,success,success,1314076.349,1413984.972
SEC::$ && DPT::MKG && CTR::EN,SEC::$ && DPT::$ && CTR::EN,,,,,same,same,success,40,40,success,success,759667.486,764496.169
SEC::$ && DPT::MKG && CTR::EN,SEC::$ && DPT::$ && CTR::FR,,,,,same,same,failure,40,40,failure,failure,1289810.602,1282508.931
SEC::$ && DPT::MKG && CTR::EN,SEC::$ && DPT::DEV,,,,,different,TN_TN,failure,40,10,failure,failure,1354418.761,381301.206
SEC::$ && DPT::MKG && CTR::EN,SEC::$ && DPT::DEV && CTR::$,,,,,same,same,failure,40,40,failure,failure,1296560.413,1317687.953
SEC::$ && DPT::MKG && CTR::EN,SEC::$ && DPT::DEV && CTR::EN,,,,,same,same,failure,20,20,failure,failure,695830.980,691650.969
SEC::$ && DPT::MKG && CTR::EN,SEC::$ && DPT::DEV && CTR::FR,,,,,same,same,failure,20,20,failure,failure,680282.735,688103.816
SEC::$ && DPT::MKG && CTR::EN,SEC::$ && DPT::MKG,,,,,different,TN_FP,failure,40,10,success,failure,751831.302,375137.344
SEC::$ && DPT::MKG && CTR::EN,SEC::$ && DPT::MKG && CTR::$,,,,,same,same,success,40,40,success,success,759609.332,736883.189
SEC::$ && DPT::MKG && CTR::EN,SEC::$ && DPT::MKG && CTR::EN,,,,,same,same,success,20,20,success,success,434599.114,443245.172
SEC::$ && DPT::MKG && CTR::EN,SEC::$ && DPT::MKG && CTR::FR,,,,,same,same,failure,20,20,failure,failure,678122.534,679184.545
SEC::$ && DPT::MKG && CTR::EN,SEC::HIG,,,,,different,TN_TN,failure,64,4,failure,failure,2214630.187,201319.936
SEC::$ && DPT::MKG && CTR::EN,SEC::HIG && CTR::$,,,,,different,TN_TN,failure,64,16,failure,failure,2188283.252,603085.207
SEC::$ && DPT::MKG && CTR::EN,SEC::HIG && CTR::EN,,,,,different,TN_TN,failure,32,8,failure,failure,1120206.106,348364.845
SEC::$ && DPT::MKG && CTR::EN,SEC::HIG && CTR::FR,,,,,different,TN_TN,failure,32,8,failure,failure,1127365.165,348912.653
SEC::$ && DPT::MKG && CTR::EN,SEC::HIG && DPT::$,,,,,different,TN_TN,failure,64,16,failure,failure,2185694.316,598060.191
SEC::$ && DPT::MKG && CTR::EN,SEC::HIG && DPT::$ && CTR::$,,,,,same,same,failure,64,64,failure,failure,2178966.461,2145772.918
SEC::$ && DPT::MKG && CTR::EN,SEC::HIG && DPT::$ && CTR::EN,,,,,same,same,failure,32,32,failure,failure,1132553.712,1133299.175
SEC::$ && DPT::MKG && CTR::EN,SEC::HIG && DPT::$ && CTR::FR,,,,,same,same,failure,32,32,failure,failure,1133537.282,1131374.495
SEC::$ && DPT::MKG && CTR::EN,SEC::HIG && DPT::DEV,,,,,different,TN_TN,failure,32,8,failure,failure,1125721.296,333887.139
SEC::$ && DPT::MKG && CTR::EN,SEC::HIG && DPT::DEV && CTR::$,,,,,same,same,failure,32,32,failure,failure,1129684.831,1133456.120
SEC::$ && DPT::MKG && CTR::EN,SEC::HIG && DPT::DEV && CTR::EN,,,,,same,same,failure,16,16,failure,failure,594230.333,600329.774
SEC::$ && DPT::MKG && CTR::EN,SEC::HIG && DPT::DEV && CTR::FR,,,,,same,same,failure,16,16,failure,failure,596285.743,599522.965
SEC::$ && DPT::MKG && CTR::EN,SEC::HIG && DPT::MKG,,,,,different,TN_TN,failure,32,8,failure,failure,1131364.040,333119.519
SEC::$ && DPT::MKG && CTR::EN,SEC::HIG && DPT::MKG && CTR::$,,,,,same,same,failure,32,32,failure,failure,1141161.674,1132005.489
SEC::$ && DPT::MKG && CTR::EN,SEC::HIG && DPT::MKG && CTR::EN,,,,,same,same,failure,16,16,failure,failure,603077.448,601319.145
SEC::$ && DPT::MKG && CTR::EN,SEC::HIG && DPT::MKG && CTR::FR,,,,,same,same,failure,16,16,failure,failure,599447.444,601221.902
SEC::$ && DPT::MKG && CTR::EN,SEC::LOW,,,,,different,TN_TN,failure,32,2,failure,failure,1233598.006,136669.453
SEC::$ && DPT::MKG && CTR::EN,SEC::LOW && CTR::$,,,,,different,TN_TN,failure,32,8,failure,failure,1234341.802,344111.021
SEC::$ && DPT::MKG && CTR::EN,SEC::LOW && CTR::EN,,,,,different,TN_TN,failure,16,4,failure,failure,657491.324,206477.235
SEC::$ && DPT::MKG && CTR::EN,SEC::LOW && CTR::FR,,,,,different,TN_TN,failure,16,4,failure,failure,648323.633,207518.413
SEC::$ && DPT::MKG && CTR::EN,SEC::LOW && DPT::$,,,,,different,TN_TN,failure,32,8,failure,failure,1230203.394,342670.233
SEC::$ && DPT::MKG && CTR::EN,SEC::LOW && DPT::$ && CTR::$,,,,,same,same,failure,32,32,failure,failure,1225273.502,1164479.793
SEC::$ && DPT::MKG && CTR::EN,SEC::LOW && DPT::$ && CTR::EN,,,,,same,same,failure,16,16,failure,failure,652244.758,616766.449
SEC::$ && DPT::MKG && CTR::EN,SEC::LOW && DPT::$ && CTR::FR,,,,,same,same,failure,16,16,failure,failure,648976.042,616586.507
SEC::$ && DPT::MKG && CTR::EN,SEC::LOW && DPT::DEV,,,,,different,TN_TN,failure,16,4,failure,failure,657895.277,204225.736
SEC::$ && DPT::MKG && CTR::EN,SEC::LOW && DPT::DEV && CTR::$,,,,,same,same,failure,16,16,failure,failure,653684.834,616918.174
SEC::$ && DPT::MKG && CTR::EN,SEC::LOW && DPT::DEV && CTR::EN,,,,,same,same,failure,8,8,failure,failure,367720.517,341668.855
SEC::$ && DPT::MKG && CTR::EN,SEC::LOW && DPT::DEV && CTR::FR,,,,,same,same,failure,8,8,failure,failure,374026.891,344286.395
SEC::$ && DPT::MKG && CTR::EN,SEC::LOW && DPT::MKG,,,,,different,TN_TN,failure,16,4,failure,failure,652906.830,205471.247
SEC::$ && DPT::MKG && CTR::EN,SEC::LOW && DPT::MKG && CTR::$,,,,,same,same,failure,16,16,failure,failure,647067.717,618275.184
SEC::$ && DPT::MKG && CTR::EN,SEC::LOW && DPT::MKG && CTR::EN,,,,,same,same,failure,8,8,failure,failure,360758.938,342672.789
SEC::$ && DPT::MKG && CTR::EN,SEC::LOW && DPT::MKG && CTR::FR,,,,,same,same,failure,8,8,failure,failure,362139.047,342110.614
SEC::$ && DPT::MKG && CTR::EN,SEC::MED,,,,,different,TN_TN,failure,48,3,failure,failure,1826665.387,170673.731
SEC::$ && DPT::MKG && CTR::EN,SEC::MED && CTR::$,,,,,different,TN_TN,failure,48,12,failure,failure,1805558.677,479922.639
SEC::$ && DPT::MKG && CTR::EN,SEC::MED && CTR::EN,,,,,different,TN_TN,failure,24,6,failure,failure,940788.328,273846.983
SEC::$ && DPT::MKG && CTR::EN,SEC::MED && CTR::FR,,,,,different,TN_TN,failure,24,6,failure,failure,941671.435,273901.055
SEC::$ && DPT::MKG && CTR::EN,SEC::MED && DPT::$,,,,,different,TN_TN,failure,48,12,failure,failure,1843736.573,467502.438
SEC::$ && DPT::MKG && CTR::EN,SEC::MED && DPT::$ && CTR::$,,,,,same,same,failure,48,48,failure,failure,1760629.936,1669578.807
SEC::$ && DPT::MKG && CTR::EN,SEC::MED && DPT::$ && CTR::EN,,,,,same,same,failure,24,24,failure,failure,928542.840,881553.855
SEC::$ && DPT::MKG && CTR::EN,SEC::MED && DPT::$ && CTR::FR,,,,,same,same,failure,24,24,failure,failure,917660.963,870210.642
SEC::$ && DPT::MKG && CTR::EN,SEC::MED && DPT::DEV,,,,,different,TN_TN,failure,24,6,failure,failure,942538.091,273510.778
SEC::$ && DPT::MKG && CTR::EN,SEC::MED && DPT::DEV && CTR::$,,,,,same,same,failure,24,24,failure,failure,938960.119,887526.809
SEC::$ && DPT::MKG && CTR::EN,SEC::MED && DPT::DEV && CTR::EN,,,,,same,same,failure,12,12,failure,failure,514930.691,478664.149
SEC::$ && DPT::MKG && CTR::EN,SEC::MED && DPT::DEV && CTR::FR,,,,,same,same,failure,12,12,failure,failure,503205.948,477490.988
SEC::$ && DPT::MKG && CTR::EN,SEC::MED && DPT::MKG,,,,,different,TN_TN,failure,24,6,failure,failure,939890.790,272972.949
SEC::$ && DPT::MKG && CTR::EN,SEC::MED && DPT::MKG && CTR::$,,,,,same,same,failure,24,24,failure,failure,939598.051,870463.196
SEC::$ && DPT::MKG && CTR::EN,SEC::MED && DPT::MKG && CTR::EN,,,,,same,same,failure,12,12,failure,failure,538077.750,478965.600
SEC::$ && DPT::MKG && CTR::EN,SEC::MED && DPT::MKG && CTR::FR,,,,,same,same,failure,12,12,failure,failure,538765.980,471738.143
SEC::$ && DPT::MKG && CTR::FR,CTR::$,,,,,different,TN_FP,failure,80,4,success,failure,1611812.371,209272.428
SEC::$ && DPT::MKG && CTR::FR,CTR::EN,,,,,different,TN_TN,failure,40,2,failure,failure,1606566.918,140698.295
SEC::$ && DPT::MKG && CTR::FR,CTR::FR,,,,,different,TN_FP,failure,40,2,success,failure,907329.858,139797.696
SEC::$ && DPT::MKG && CTR::FR,DPT::$,,,,,different,TN_FP,failure,80,4,success,failure,1548870.664,204816.109
SEC::$ && DPT::MKG && CTR::FR,DPT::$ && CTR::$,,,,,different,TN_FP,failure,80,16,success,failure,1593170.008,614640.417
SEC::$ && DPT::MKG && CTR::FR,DPT::$ && CTR::EN,,,,,different,TN_TN,failure,40,8,failure,failure,1466844.824,341140.284
SEC::$ && DPT::MKG && CTR::FR,DPT::$ && CTR::FR,,,,,different,TN_FP,failure,40,8,success,failure,818777.031,341501.917
SEC::$ && DPT::MKG && CTR::FR,DPT::DEV,,,,,different,TN_TN,failure,40,2,failure,failure,1601738.475,139700.027
SEC::$ && DPT::MKG && CTR::FR,DPT::DEV && CTR::$,,,,,different,TN_TN,failure,40,8,failure,failure,1504757.243,340649.584
SEC::$ && DPT::MKG && CTR::FR,DPT::DEV && CTR::EN,,,,,different,TN_TN,failure,20,4,failure,failure,812618.279,206557.575
SEC::$ && DPT::MKG && CTR::FR,DPT::DEV && CTR::FR,,,,,different,TN_TN,failure,20,4,failure,failure,801390.689,204836.312
SEC::$ && DPT::MKG && CTR::FR,DPT::MKG,,,,,different,TN_FP,failure,40,2,success,failure,836413.918,136106.081
SEC::$ && DPT::MKG && CTR::FR,DPT::MKG && CTR::$,,,,,different,TN_FP,failure,40,8,success,failure,822997.212,341228.550
SEC::$ && DPT::MKG && CTR::FR,DPT::MKG && CTR::EN,,,,,different,TN_TN,failure,20,4,failure,failure,776785.405,204784.429
SEC::$ && DPT::MKG && CTR::FR,DPT::MKG && CTR::FR,,,,,different,TN_FP,failure,20,4,success,failure,499761.388,204006.901
SEC::$ && DPT::MKG && CTR::FR,SEC::$,,,,,different,TN_FP,failure,80,5,success,failure,1456029.292,220418.114
SEC::$ && DPT::MKG && CTR::FR,SEC::$ && CTR::$,,,,,different,TN_FP,failure,80,20,success,failure,1462665.069,692356.417
SEC::$ && DPT::MKG && CTR::FR,SEC::$ && CTR::EN,,,,,different,TN_TN,failure,40,10,failure,failure,1381860.029,377326.155
SEC::$ && DPT::MKG && CTR::FR,SEC::$ && CTR::FR,,,,,different,TN_FP,failure,40,10,success,failure,782863.591,376682.718
SEC::$ && DPT::MKG && CTR::FR,SEC::$ && DPT::$,,,,,different,TN_FP,failure,80,20,success,failure,1434606.593,691564.998
SEC::$ && DPT::MKG && CTR::FR,SEC::$ && DPT::$ && CTR::$,,,,,same,same,success,80,80,success,success,1418366.891,1467846.638
SEC::$ && DPT::MKG && CTR::FR,SEC::$ && DPT::$ && CTR::EN,,,,,same,same,failure,40,40,failure,failure,1385414.776,1287067.066
SEC::$ && DPT::MKG && CTR::FR,SEC::$ && DPT::$ && CTR::FR,,,,,same,same,success,40,40,success,success,818515.671,713597.130
SEC::$ && DPT::MKG && CTR::FR,SEC::$ && DPT::DEV,,,,,different,TN_TN,failure,40,10,failure,failure,1388760.022,376777.556
SEC::$ && DPT::MKG && CTR::FR,SEC::$ && DPT::DEV && CTR::$,,,,,same,same,failure,40,40,failure,failure,1391858.769,1322650.080
SEC::$ && DPT::MKG && CTR::FR,SEC::$ && DPT::DEV && CTR::EN,,,,,same,same,failure,20,20,failure,failure,729186.522,691152.018
SEC::$ && DPT::MKG && CTR::FR,SEC::$ && DPT::DEV && CTR::FR,,,,,same,same,failure,20,20,failure,failure,723949.022,692753.637
SEC::$ && DPT::MKG && CTR::FR,SEC::$ && DPT::MKG,,,,,different,TN_FP,failure,40,10,success,failure,841250.095,379594.224
SEC::$ && DPT::MKG && CTR::FR,SEC::$ && DPT::MKG && CTR::$,,,,,same,same,success,40,40,success,success,853391.439,746131.120
SEC::$ && DPT::MKG && CTR::FR,SEC::$ && DPT::MKG && CTR::EN,,,,,same,same,failure,20,20,failure,failure,723505.461,695214.042
SEC::$ && DPT::MKG && CTR::FR,SEC::$ && DPT::MKG && CTR::FR,,,,,same,same,success,20,20,success,success,465127.603,438558.802
SEC::$ && DPT::MKG && CTR::FR,SEC::HIG,,,,,different,TN_TN,failure,64,4,failure,failure,2221638.563,193181.876
SEC::$ && DPT::MKG && CTR::FR,SEC::HIG && CTR::$,,,,,different,TN_TN,failure,64,16,failure,failure,2174580.794,581552.211
SEC::$ && DPT::MKG && CTR::FR,SEC::HIG && CTR::EN,,,,,different,TN_TN,failure,32,8,failure,failure,1204355.840,322556.631
SEC::$ && DPT::MKG && CTR::FR,SEC::HIG && CTR::FR,,,,,different,TN_TN,failure,32,8,failure,failure,1128127.996,322908.776
SEC::$ && DPT::MKG && CTR::FR,SEC::HIG && DPT::$,,,,,different,TN_TN,failure,64,16,failure,failure,2182427.037,571026.523
SEC::$ && DPT::MKG && CTR::FR,SEC::HIG && DPT::$ && CTR::$,,,,,same,same,failure,64,64,failure,failure,2176306.441,2101225.488
SEC::$ && DPT::MKG && CTR::FR,SEC::HIG && DPT::$ && CTR::EN,,,,,same,same,failure,32,32,failure,failure,1137692.982,1072579.195
SEC::$ && DPT::MKG && CTR::FR,SEC::HIG && DPT::$ && CTR::FR,,,,,same,same,failure,32,32,failure,failure,1139287.388,1071443.896
SEC::$ && DPT::MKG && CTR::FR,SEC::HIG && DPT::DEV,,,,,different,TN_TN,failure,32,8,failure,failure,1118322.628,322899.438
SEC::$ && DPT::MKG && CTR::FR,SEC::HIG && DPT::DEV && CTR::$,,,,,same,same,failure,32,32,failure,failure,1123613.423,1096426.217
SEC::$ && DPT::MKG && CTR::FR,SEC::HIG && DPT::DEV && CTR::EN,,,,,same,same,failure,16,16,failure,failure,593699.451,580877.466
SEC::$ && DPT::MKG && CTR::FR,SEC::HIG && DPT::DEV && CTR::FR,,,,,same,same,failure,16,16,failure,failure,594940.449,579118.887
SEC::$ && DPT::MKG && CTR::FR,SEC::HIG && DPT::MKG,,,,,different,TN_TN,failure,32,8,failure,failure,1124893.609,323076.520
SEC::$ && DPT::MKG && CTR::FR,SEC::HIG && DPT::MKG && CTR::$,,,,,same,same,failure,32,32,failure,failure,1130767.051,1078622.451
SEC::$ && DPT::MKG && CTR::FR,SEC::HIG && DPT::MKG && CTR::EN,,,,,same,same,failure,16,16,failure,failure,592247.934,571967.097
SEC::$ && DPT::MKG && CTR::FR,SEC::HIG && DPT::MKG && CTR::FR,,,,,same,same,failure,16,16,failure,failure,603939.179,566993.698
SEC::$ && DPT::MKG && CTR::FR,SEC::LOW,,,,,different,TN_TN,failure,32,2,failure,failure,1200916.404,136244.621
SEC::$ && DPT::MKG && CTR::FR,SEC::LOW && CTR::$,,,,,different,TN_TN,failure,32,8,failure,failure,1220921.202,337281.190
SEC::$ && DPT::MKG && CTR::FR,SEC::LOW && CTR::EN,,,,,different,TN_TN,failure,16,4,failure,failure,609037.341,204557.564
SEC::$ && DPT::MKG && CTR::FR,SEC::LOW && CTR::FR,,,,,different,TN_TN,failure,16,4,failure,failure,635296.778,204454.766
SEC::$ && DPT::MKG && CTR::FR,SEC::LOW && DPT::$,,,,,different,TN_TN,failure,32,8,failure,failure,1185760.335,331601.476
SEC::$ && DPT::MKG && CTR::FR,SEC::LOW && DPT::$ && CTR::$,,,,,same,same,failure,32,32,failure,failure,1173122.460,1105247.298
SEC::$ && DPT::MKG && CTR::FR,SEC::LOW && DPT::$ && CTR::EN,,,,,same,same,failure,16,16,failure,failure,629176.603,592005.674
SEC::$ && DPT::MKG && CTR::FR,SEC::LOW && DPT::$ && CTR::FR,,,,,same,same,failure,16,16,failure,failure,628399.240,581577.128
SEC::$ && DPT::MKG && CTR::FR,SEC::LOW && DPT::DEV,,,,,different,TN_TN,failure,16,4,failure,failure,637880.825,199359.388
SEC::$ && DPT::MKG && CTR::FR,SEC::LOW && DPT::DEV && CTR::$,,,,,same,same,failure,16,16,failure,failure,627419.301,597728.840
SEC::$ && DPT::MKG && CTR::FR,SEC::LOW && DPT::DEV && CTR::EN,,,,,same,same,failure,8,8,failure,failure,356315.910,332102.055
SEC::$ && DPT::MKG && CTR::FR,SEC::LOW && DPT::DEV && CTR::FR,,,,,same,same,failure,8,8,failure,failure,348768.843,331671.638
SEC::$ && DPT::MKG && CTR::FR,SEC::LOW && DPT::MKG,,,,,different,TN_TN,failure,16,4,failure,failure,616802.617,199684.523
SEC::$ && DPT::MKG && CTR::FR,SEC::LOW && DPT::MKG && CTR::$,,,,,same,same,failure,16,16,failure,failure,643437.608,597804.702
SEC::$ && DPT::MKG && CTR::FR,SEC::LOW && DPT::MKG && CTR::EN,,,,,same,same,failure,8,8,failure,failure,346866.374,332665.988
SEC::$ && DPT::MKG && CTR::FR,SEC::LOW && DPT::MKG && CTR::FR,,,,,same,same,failure,8,8,failure,failure,345944.705,332245.895
SEC::$ && DPT::MKG && CTR::FR,SEC::MED,,,,,different,TN_TN,failure,48,3,failure,failure,1761946.611,161666.627
SEC::$ && DPT::MKG && CTR::FR,SEC::MED && CTR::$,,,,,different,TN_TN,failure,48,12,failure,failure,1746653.374,456022.374
SEC::$ && DPT::MKG && CTR::FR,SEC::MED && CTR::EN,,,,,different,TN_TN,failure,24,6,failure,failure,908119.425,269008.137
SEC::$ && DPT::MKG && CTR::FR,SEC::MED && CTR::FR,,,,,different,TN_TN,failure,24,6,failure,failure,909520.307,261079.299
SEC::$ && DPT::MKG && CTR::FR,SEC::MED && DPT::$,,,,,different,TN_TN,failure,48,12,failure,failure,1760503.925,452634.954
SEC::$ && DPT::MKG && CTR::FR,SEC::MED && DPT::$ && CTR::$,,,,,same,same,failure,48,48,failure,failure,1648655.761,1618278.100
SEC::$ && DPT::MKG && CTR::FR,SEC::MED && DPT::$ && CTR::EN,,,,,same,same,failure,24,24,failure,failure,883386.917,841743.605
SEC::$ && DPT::MKG && CTR::FR,SEC::MED && DPT::$ && CTR::FR,,,,,same,same,failure,24,24,failure,failure,885003.610,841653.266
SEC::$ && DPT::MKG && CTR::FR,SEC::MED && DPT::DEV,,,,,different,TN_TN,failure,24,6,failure,failure,943300.696,258240.284
SEC::$ && DPT::MKG && CTR::FR,SEC::MED && DPT::DEV && CTR::$,,,,,same,same,failure,24,24,failure,failure,894341.726,841231.890
SEC::$ && DPT::MKG && CTR::FR,SEC::MED && DPT::DEV && CTR::EN,,,,,same,same,failure,12,12,failure,failure,538811.736,452365.985
SEC::$ && DPT::MKG && CTR::FR,SEC::MED && DPT::DEV && CTR::FR,,,,,same,same,failure,12,12,failure,failure,482203.923,453095.569
SEC::$ && DPT::MKG && CTR::FR,SEC::MED && DPT::MKG,,,,,different,TN_TN,failure,24,6,failure,failure,903486.850,257922.834
SEC::$ && DPT::MKG && CTR::FR,SEC::MED && DPT::MKG && CTR::$,,,,,same,same,failure,24,24,failure,failure,907681.453,841324.069
SEC::$ && DPT::MKG && CTR::FR,SEC::MED && DPT::MKG && CTR::EN,,,,,same,same,failure,12,12,failure,failure,475177.253,451807.127
SEC::$ && DPT::MKG && CTR::FR,SEC::MED && DPT::MKG && CTR::FR,,,,,same,same,failure,12,12,failure,failure,505946.634,452369.653
SEC::HIG,CTR::$,,,,,different,TN_FP,failure,80,4,success,failure,1794772.404,237181.834
SEC::HIG,CTR::EN,,,,,different,TN_FP,failure,40,2,success,failure,1025476.056,158081.156
SEC::HIG,CTR::FR,,,,,different,TN_FP,failure,40,2,success,failure,955362.551,157984.310
SEC::HIG,DPT::$,,,,,different,TN_FP,failure,80,4,success,failure,1927388.799,245535.774
SEC::HIG,DPT::$ && CTR::$,,,,,different,TN_FP,failure,80,16,success,failure,1872856.890,941904.442
SEC::HIG,DPT::$ && CTR::EN,,,,,different,TN_FP,failure,40,8,success,failure,1043769.660,398798.596
SEC::HIG,DPT::$ && CTR::FR,,,,,different,TN_FP,failure,40,8,success,failure,1133022.146,525244.968
SEC::HIG,DPT::DEV,,,,,different,TN_FP,failure,40,2,success,failure,1113526.046,158000.679
SEC::HIG,DPT::DEV && CTR::$,,,,,different,TN_FP,failure,40,8,success,failure,1152185.752,396725.863
SEC::HIG,DPT::DEV && CTR::EN,,,,,different,TN_FP,failure,20,4,success,failure,581086.082,247321.253
SEC::HIG,DPT::DEV && CTR::FR,,,,,different,TN_FP,failure,20,4,success,failure,639520.330,237616.014
SEC::HIG,DPT::MKG,,,,,different,TN_FP,failure,40,2,success,failure,1093736.897,158131.019
SEC::HIG,DPT::MKG && CTR::$,,,,,different,TN_FP,failure,40,8,success,failure,1018862.681,395516.420
SEC::HIG,DPT::MKG && CTR::EN,,,,,different,TN_FP,failure,20,4,success,failure,660015.630,246271.574
SEC::HIG,DPT::MKG && CTR::FR,,,,,different,TN_FP,failure,20,4,success,failure,604364.582,237060.416
SEC::HIG,SEC::$,,,,,different,TP_TP,success,80,5,success,success,1828647.445,275536.122
SEC::HIG,SEC::$ && CTR::$,,,,,different,TP_TP,success,80,20,success,success,1750227.223,584111.001
SEC::HIG,SEC::$ && CTR::EN,,,,,different,TP_TP,success,40,10,success,success,921285.681,370539.790
SEC::HIG,SEC::$ && CTR::FR,,,,,different,TP_TP,success,40,10,success,success,930631.632,367369.589
SEC::HIG,SEC::$ && DPT::$,,,,,different,TP_TP,success,80,20,success,success,1697427.459,560777.518
SEC::HIG,SEC::$ && DPT::$ && CTR::$,,,,,same,same,success,80,80,success,success,1683487.602,1680524.097
SEC::HIG,SEC::$ && DPT::$ && CTR::EN,,,,,same,same,success,40,40,success,success,1006561.678,965935.073
SEC::HIG,SEC::$ && DPT::$ && CTR::FR,,,,,same,same,success,40,40,success,success,914322.304,974880.056
SEC::HIG,SEC::$ && DPT::DEV,,,,,different,TP_TP,success,40,10,success,success,950099.709,366427.852
SEC::HIG,SEC::$ && DPT::DEV && CTR::$,,,,,same,same,success,40,40,success,success,963573.979,1028749.532
SEC::HIG,SEC::$ && DPT::DEV && CTR::EN,,,,,same,same,success,20,20,success,success,558166.050,551546.002
SEC::HIG,SEC::$ && DPT::DEV && CTR::FR,,,,,same,same,success,20,20,success,success,555965.076,588104.712
SEC::HIG,SEC::$ && DPT::MKG,,,,,different,TP_TP,success,40,10,success,success,922429.136,373958.894
SEC::HIG,SEC::$ && DPT::MKG && CTR::$,,,,,same,same,success,40,40,success,success,948585.164,983019.389
SEC::HIG,SEC::$ && DPT::MKG && CTR::EN,,,,,same,same,success,20,20,success,success,549606.299,566125.239
SEC::HIG,SEC::$ && DPT::MKG && CTR::FR,,,,,same,same,success,20,20,success,success,549785.350,545060.888
SEC::HIG,SEC::HIG,,,,,different,TP_TP,success,64,4,success,success,1389159.160,242919.281
SEC::HIG,SEC::HIG && CTR::$,,,,,different,TP_TP,success,64,16,success,success,1371973.359,482062.068
SEC::HIG,SEC::HIG && CTR::EN,,,,,different,TP_TP,success,32,8,success,success,799279.278,318282.849
SEC::HIG,SEC::HIG && CTR::FR,,,,,different,TP_TP,success,32,8,success,success,786923.221,334770.942
SEC::HIG,SEC::HIG && DPT::$,,,,,different,TP_TP,success,64,16,success,success,1401472.236,481404.715
SEC::HIG,SEC::HIG && DPT::$ && CTR::$,,,,,same,same,success,64,64,success,success,1384734.465,1553962.505
SEC::HIG,SEC::HIG && DPT::$ && CTR::EN,,,,,same,same,success,32,32,success,success,782008.963,831505.091
SEC::HIG,SEC::HIG && DPT::$ && CTR::FR,,,,,same,same,success,32,32,success,success,780171.737,816282.106
SEC::HIG,SEC::HIG && DPT::DEV,,,,,different,TP_TP,success,32,8,success,success,886567.173,332260.723
SEC::HIG,SEC::HIG && DPT::DEV && CTR::$,,,,,same,same,success,32,32,success,success,800694.197,851442.708
SEC::HIG,SEC::HIG && DPT::DEV && CTR::EN,,,,,same,same,success,16,16,success,success,468600.703,495514.867
SEC::HIG,SEC::HIG && DPT::DEV && CTR::FR,,,,,same,same,success,16,16,success,success,471499.455,527871.289
SEC::HIG,SEC::HIG && DPT::MKG,,,,,different,TP_TP,success,32,8,success,success,762984.323,333527.444
SEC::HIG,SEC::HIG && DPT::MKG && CTR::$,,,,,same,same,success,32,32,success,success,790660.872,780829.747
SEC::HIG,SEC::HIG && DPT::MKG && CTR::EN,,,,,same,same,success,16,16,success,success,475498.521,501972.134
SEC::HIG,SEC::HIG && DPT::MKG && CTR::FR,,,,,same,same,success,16,16,success,success,472915.336,470230.560
SEC::HIG,SEC::LOW,,,,,different,TN_TN,failure,32,2,failure,failure,1417338.062,209000.538
SEC::HIG,SEC::LOW && CTR::$,,,,,different,TN_TN,failure,32,8,failure,failure,1640013.470,395323.969
SEC::HIG,SEC::LOW && CTR::EN,,,,,different,TN_TN,failure,16,4,failure,failure,860913.613,314045.872
SEC::HIG,SEC::LOW && CTR::FR,,,,,different,TN_TN,failure,16,4,failure,failure,798587.159,267117.185
SEC::HIG,SEC::LOW && DPT::$,,,,,different,TN_TN,failure,32,8,failure,failure,1612724.908,395728.959
SEC::HIG,SEC::LOW && DPT::$ && CTR::$,,,,,same,same,failure,32,32,failure,failure,1548517.471,1355789.236
SEC::HIG,SEC::LOW && DPT::$ && CTR::EN,,,,,same,same,failure,16,16,failure,failure,881812.044,718750.375
SEC::HIG,SEC::LOW && DPT::$ && CTR::FR,,,,,same,same,failure,16,16,failure,failure,789988.426,725402.764
SEC::HIG,SEC::LOW && DPT::DEV,,,,,different,TN_TN,failure,16,4,failure,failure,756275.860,237122.323
SEC::HIG,SEC::LOW && DPT::DEV && CTR::$,,,,,same,same,failure,16,16,failure,failure,812790.827,726187.235
SEC::HIG,SEC::LOW && DPT::DEV && CTR::EN,,,,,same,same,failure,8,8,failure,failure,448245.446,414215.254
SEC::HIG,SEC::LOW && DPT::DEV && CTR::FR,,,,,same,same,failure,8,8,failure,failure,455344.031,403740.436
SEC::HIG,SEC::LOW && DPT::MKG,,,,,different,TN_TN,failure,16,4,failure,failure,807514.194,241561.559
SEC::HIG,SEC::LOW && DPT::MKG && CTR::$,,,,,same,same,failure,16,16,failure,failure,818795.500,719018.168
SEC::HIG,SEC::LOW && DPT::MKG && CTR::EN,,,,,same,same,failure,8,8,failure,failure,437605.288,404457.817
SEC::HIG,SEC::LOW && DPT::MKG && CTR::FR,,,,,same,same,failure,8,8,failure,failure,454065.934,406381.264
SEC::HIG,SEC::MED,,,,,different,TN_TN,failure,48,3,failure,failure,2066420.724,197830.851
SEC::HIG,SEC::MED && CTR::$,,,,,different,TN_TN,failure,48,12,failure,failure,1993496.560,561613.181
SEC::HIG,SEC::MED && CTR::EN,,,,,different,TN_TN,failure,24,6,failure,failure,1016907.103,316386.166
SEC::HIG,SEC::MED && CTR::FR,,,,,different,TN_TN,failure,24,6,failure,failure,1056346.106,324750.060
SEC::HIG,SEC::MED && DPT::$,,,,,different,TN_TN,failure,48,12,failure,failure,2025288.680,565881.126
SEC::HIG,SEC::MED && DPT::$ && CTR::$,,,,,same,same,failure,48,48,failure,failure,1987782.267,1960556.418
SEC::HIG,SEC::MED && DPT::$ && CTR::EN,,,,,same,same,failure,24,24,failure,failure,1033269.279,1041090.966
SEC::HIG,SEC::MED && DPT::$ && CTR::FR,,,,,same,same,failure,24,24,failure,failure,1020417.022,1029415.551
SEC::HIG,SEC::MED && DPT::DEV,,,,,different,TN_TN,failure,24,6,failure,failure,1040479.243,316168.864
SEC::HIG,SEC::MED && DPT::DEV && CTR::$,,,,,same,same,failure,24,24,failure,failure,1028949.868,1040679.374
SEC::HIG,SEC::MED && DPT::DEV && CTR::EN,,,,,same,same,failure,12,12,failure,failure,555064.047,566208.841
SEC::HIG,SEC::MED && DPT::DEV && CTR::FR,,,,,same,same,failure,12,12,failure,failure,564615.893,554132.649
SEC::HIG,SEC::MED && DPT::MKG,,,,,different,TN_TN,failure,24,6,failure,failure,1044708.151,316375.006
SEC::HIG,SEC::MED && DPT::MKG && CTR::$,,,,,same,same,failure,24,24,failure,failure,1036071.316,1041408.441
SEC::HIG,SEC::MED && DPT::MKG && CTR::EN,,,,,same,same,failure,12,12,failure,failure,557439.111,567163.151
SEC::HIG,SEC::MED && DPT::MKG && CTR::FR,,,,,same,same,failure,12,12,failure,failure,559286.246,555637.752
SEC::HIG && CTR::$,CTR::$,,,,,different,TN_FP,failure,80,4,success,failure,1604331.770,220659.452
SEC::HIG && CTR::$,CTR::EN,,,,,different,TN_TN,failure,40,2,failure,failure,1577273.400,158695.422
SEC::HIG && CTR::$,CTR::FR,,,,,different,TN_TN,failure,40,2,failure,failure,1580616.901,148324.926
SEC::HIG && CTR::$,DPT::$,,,,,different,TN_FP,failure,80,4,success,failure,1605329.386,220276.047
SEC::HIG && CTR::$,DPT::$ && CTR::$,,,,,different,TN_FP,failure,80,16,success,failure,1618472.360,662089.284
SEC::HIG && CTR::$,DPT::$ && CTR::EN,,,,,different,TN_TN,failure,40,8,failure,failure,1591940.683,367007.504
SEC::HIG && CTR::$,DPT::$ && CTR::FR,,,,,different,TN_TN,failure,40,8,failure,failure,1568548.495,367892.264
SEC::HIG && CTR::$,DPT::DEV,,,,,different,TN_FP,failure,40,2,success,failure,986318.171,146373.345
SEC::HIG && CTR::$,DPT::DEV && CTR::$,,,,,different,TN_FP,failure,40,8,success,failure,903251.228,367533.411
SEC::HIG && CTR::$,DPT::DEV && CTR::EN,,,,,different,TN_TN,failure,20,4,failure,failure,906668.428,220144.576
SEC::HIG && CTR::$,DPT::DEV && CTR::FR,,,,,different,TN_TN,failure,20,4,failure,failure,820445.190,220086.823
SEC::HIG && CTR::$,DPT::MKG,,,,,different,TN_FP,failure,40,2,success,failure,914902.037,146832.581
SEC::HIG && CTR::$,DPT::MKG && CTR::$,,,,,different,TN_FP,failure,40,8,success,failure,954438.508,366940.925
SEC::HIG && CTR::$,DPT::MKG && CTR::EN,,,,,different,TN_TN,failure,20,4,failure,failure,819601.718,221279.720
SEC::HIG && CTR::$,DPT::MKG && CTR::FR,,,,,different,TN_TN,failure,20,4,failure,failure,860162.520,220484.965
SEC::HIG && CTR::$,SEC::$,,,,,different,TN_FP,failure,80,5,success,failure,1693725.195,255486.017
SEC::HIG && CTR::$,SEC::$ && CTR::$,,,,,different,TP_TP,success,80,20,success,success,1675937.489,515307.403
SEC::HIG && CTR::$,SEC::$ && CTR::EN,,,,,different,TN_TN,failure,40,10,failure,failure,1560562.164,438413.910
SEC::HIG && CTR::$,SEC::$ && CTR::FR,,,,,different,TN_TN,failure,40,10,failure,failure,1564928.730,450498.698
SEC::HIG && CTR::$,SEC::$ && DPT::$,,,,,different,TN_FP,failure,80,20,success,failure,1591169.175,812632.991
SEC::HIG && CTR::$,SEC::$ && DPT::$ && CTR::$,,,,,same,same,success,80,80,success,success,1669409.945,1613360.551
SEC::HIG && CTR::$,SEC::$ && DPT::$ && CTR::EN,,,,,same,same,failure,40,40,failure,failure,1558821.063,1545697.411
SEC::HIG && CTR::$,SEC::$ && DPT::$ && CTR::FR,,,,,same,same,failure,40,40,failure,failure,1605461.725,1543324.406
SEC::HIG && CTR::$,SEC::$ && DPT::DEV,,,,,different,TN_FP,failure,40,10,success,failure,875835.738,444664.139
SEC::HIG && CTR::$,SEC::$ && DPT::DEV && CTR::$,,,,,same,same,success,40,40,success,success,976314.592,856886.379
SEC::HIG && CTR::$,SEC::$ && DPT::DEV && CTR::EN,,,,,same,same,failure,20,20,failure,failure,821932.424,812688.435
SEC::HIG && CTR::$,SEC::$ && DPT::DEV && CTR::FR,,,,,same,same,failure,20,20,failure,failure,834837.166,807069.375
SEC::HIG && CTR::$,SEC::$ && DPT::MKG,,,,,different,TN_FP,failure,40,10,success,failure,892984.255,438491.351
SEC::HIG && CTR::$,SEC::$ && DPT::MKG && CTR::$,,,,,same,same,success,40,40,success,success,913539.557,879976.405
SEC::HIG && CTR::$,SEC::$ && DPT::MKG && CTR::EN,,,,,same,same,failure,20,20,failure,failure,807463.385,804130.248
SEC::HIG && CTR::$,SEC::$ && DPT::MKG && CTR::FR,,,,,same,same,failure,20,20,failure,failure,816206.625,804281.491
SEC::HIG && CTR::$,SEC::HIG,,,,,different,TN_FP,failure,64,4,success,failure,1411389.143,219365.004
SEC::HIG && CTR::$,SEC::HIG && CTR::$,,,,,different,TP_TP,success,64,16,success,success,1342546.461,448483.082
SEC::HIG && CTR::$,SEC::HIG && CTR::EN,,,,,different,TN_TN,failure,32,8,failure,failure,1281449.213,365746.248
SEC::HIG && CTR::$,SEC::HIG && CTR::FR,,,,,different,TN_TN,failure,32,8,failure,failure,1279518.131,367116.920
SEC::HIG && CTR::$,SEC::HIG && DPT::$,,,,,different,TN_FP,failure,64,16,success,failure,1288410.390,658660.362
SEC::HIG && CTR::$,SEC::HIG && DPT::$ && CTR::$,,,,,same,same,success,64,64,success,success,1292144.860,1376272.683
SEC::HIG && CTR::$,SEC::HIG && DPT::$ && CTR::EN,,,,,same,same,failure,32,32,failure,failure,1266070.001,1241614.688
SEC::HIG && CTR::$,SEC::HIG && DPT::$ && CTR::FR,,,,,same,same,failure,32,32,failure,failure,1255416.663,1243343.256
SEC::HIG && CTR::$,SEC::HIG && DPT::DEV,,,,,different,TN_FP,failure,32,8,success,failure,735026.436,365697.582
SEC::HIG && CTR::$,SEC::HIG && DPT::DEV && CTR::$,,,,,same,same,success,32,32,success,success,738160.584,720162.250
SEC::HIG && CTR::$,SEC::HIG && DPT::DEV && CTR::EN,,,,,same,same,failure,16,16,failure,failure,683148.951,656428.752
SEC::HIG && CTR::$,SEC::HIG && DPT::DEV && CTR::FR,,,,,same,same,failure,16,16,failure,failure,678945.152,658310.636
SEC::HIG && CTR::$,SEC::HIG && DPT::MKG,,,,,different,TN_FP,failure,32,8,success,failure,765110.291,365601.872
SEC::HIG && CTR::$,SEC::HIG && DPT::MKG && CTR::$,,,,,same,same,success,32,32,success,success,780092.448,741630.718
SEC::HIG && CTR::$,SEC::HIG && DPT::MKG && CTR::EN,,,,,same,same,failure,16,16,failure,failure,664736.855,667316.023
SEC::HIG && CTR::$,SEC::HIG && DPT::MKG && CTR::FR,,,,,same,same,failure,16,16,failure,failure,664869.208,658350.390
SEC::HIG && CTR::$,SEC::LOW,,,,,different,TN_TN,failure,32,2,failure,failure,1727728.877,147449.593
SEC::HIG && CTR::$,SEC::LOW && CTR::$,,,,,different,TN_TN,failure,32,8,failure,failure,1312079.463,368812.274
SEC::HIG && CTR::$,SEC::LOW && CTR::EN,,,,,different,TN_TN,failure,16,4,failure,failure,751487.542,220216.340
SEC::HIG && CTR::$,SEC::LOW && CTR::FR,,,,,different,TN_TN,failure,16,4,failure,failure,670870.430,220281.894
SEC::HIG && CTR::$,SEC::LOW && DPT::$,,,,,different,TN_TN,failure,32,8,failure,failure,1265812.522,373007.724
SEC::HIG && CTR::$,SEC::LOW && DPT::$ && CTR::$,,,,,same,same,failure,32,32,failure,failure,1287311.354,1275390.654
SEC::HIG && CTR::$,SEC::LOW && DPT::$ && CTR::EN,,,,,same,same,failure,16,16,failure,failure,678488.850,669685.056
SEC::HIG && CTR::$,SEC::LOW && DPT::$ && CTR::FR,,,,,same,same,failure,16,16,failure,failure,667392.502,662393.940
SEC::HIG && CTR::$,SEC::LOW && DPT::DEV,,,,,different,TN_TN,failure,16,4,failure,failure,665513.166,221659.293
SEC::HIG && CTR::$,SEC::LOW && DPT::DEV && CTR::$,,,,,same,same,failure,16,16,failure,failure,664295.167,667582.878
SEC::HIG && CTR::$,SEC::LOW && DPT::DEV && CTR::EN,,,,,same,same,failure,8,8,failure,failure,367723.227,365356.463
SEC::HIG && CTR::$,SEC::LOW && DPT::DEV && CTR::FR,,,,,same,same,failure,8,8,failure,failure,366755.712,369070.730
SEC::HIG && CTR::$,SEC::LOW && DPT::MKG,,,,,different,TN_TN,failure,16,4,failure,failure,664196.622,223059.669
SEC::HIG && CTR::$,SEC::LOW && DPT::MKG && CTR::$,,,,,same,same,failure,16,16,failure,failure,670152.914,679089.216
SEC::HIG && CTR::$,SEC::LOW && DPT::MKG && CTR::EN,,,,,same,same,failure,8,8,failure,failure,396939.389,368017.694
SEC::HIG && CTR::$,SEC::LOW && DPT::MKG && CTR::FR,,,,,same,same,failure,8,8,failure,failure,380784.857,370613.183
SEC::HIG && CTR::$,SEC::MED,,,,,different,TN_TN,failure,48,3,failure,failure,1865324.867,186136.110
SEC::HIG && CTR::$,SEC::MED && CTR::$,,,,,different,TN_TN,failure,48,12,failure,failure,1888214.338,528221.115
SEC::HIG && CTR::$,SEC::MED && CTR::EN,,,,,different,TN_TN,failure,24,6,failure,failure,965444.307,301290.376
SEC::HIG && CTR::$,SEC::MED && CTR::FR,,,,,different,TN_TN,failure,24,6,failure,failure,983789.152,299283.390
SEC::HIG && CTR::$,SEC::MED && DPT::$,,,,,different,TN_TN,failure,48,12,failure,failure,1877856.924,514668.809
SEC::HIG && CTR::$,SEC::MED && DPT::$ && CTR::$,,,,,same,same,failure,48,48,failure,failure,1895562.832,1840938.219
SEC::HIG && CTR::$,SEC::MED && DPT::$ && CTR::EN,,,,,same,same,failure,24,24,failure,failure,972623.975,953971.502
SEC::HIG && CTR::$,SEC::MED && DPT::$ && CTR::FR,,,,,same,same,failure,24,24,failure,failure,978148.361,963321.005
SEC::HIG && CTR::$,SEC::MED && DPT::DEV,,,,,different,TN_TN,failure,24,6,failure,failure,984047.662,297244.567
SEC::HIG && CTR::$,SEC::MED && DPT::DEV && CTR::$,,,,,same,same,failure,24,24,failure,failure,978059.159,973305.703
SEC::HIG && CTR::$,SEC::MED && DPT::DEV && CTR::EN,,,,,same,same,failure,12,12,failure,failure,521505.869,526407.319
SEC::HIG && CTR::$,SEC::MED && DPT::DEV && CTR::FR,,,,,same,same,failure,12,12,failure,failure,515209.079,526523.767
SEC::HIG && CTR::$,SEC::MED && DPT::MKG,,,,,different,TN_TN,failure,24,6,failure,failure,977146.237,292257.056
SEC::HIG && CTR::$,SEC::MED && DPT::MKG && CTR::$,,,,,same,same,failure,24,24,failure,failure,980315.527,979691.546
SEC::HIG && CTR::$,SEC::MED && DPT::MKG && CTR::EN,,,,,same,same,failure,12,12,failure,failure,536822.905,529735.571
SEC::HIG && CTR::$,SEC::MED && DPT::MKG && CTR::FR,,,,,same,same,failure,12,12,failure,failure,529602.672,531115.630
SEC::HIG && CTR::EN,CTR::$,,,,,different,TN_FP,failure,80,4,success,failure,2026727.228,234409.278
SEC::HIG && CTR::EN,CTR::EN,,,,,different,TN_FP,failure,40,2,success,failure,969451.298,157306.353
SEC::HIG && CTR::EN,CTR::FR,,,,,different,TN_TN,failure,40,2,failure,failure,1733202.083,155989.923
SEC::HIG && CTR::EN,DPT::$,,,,,different,TN_FP,failure,80,4,success,failure,1845619.079,234784.717
SEC::HIG && CTR::EN,DPT::$ && CTR::$,,,,,different,TN_FP,failure,80,16,success,failure,1746365.079,708871.325
SEC::HIG && CTR::EN,DPT::$ && CTR::EN,,,,,different,TN_FP,failure,40,8,success,failure,991058.833,392481.101
SEC::HIG && CTR::EN,DPT::$ && CTR::FR,,,,,different,TN_TN,failure,40,8,failure,failure,1721217.148,392789.760
SEC::HIG && CTR::EN,DPT::DEV,,,,,different,TN_FP,failure,40,2,success,failure,1052229.650,156257.039
SEC::HIG && CTR::EN,DPT::DEV && CTR::$,,,,,different,TN_FP,failure,40,8,success,failure,988016.777,395120.582
SEC::HIG && CTR::EN,DPT::DEV && CTR::EN,,,,,different,TN_FP,failure,20,4,success,failure,593042.113,234671.074
SEC::HIG && CTR::EN,DPT::DEV && CTR::FR,,,,,different,TN_TN,failure,20,4,failure,failure,907777.503,237175.122
SEC::HIG && CTR::EN,DPT::MKG,,,,,different,TN_FP,failure,40,2,success,failure,1043568.068,156536.704
SEC::HIG && CTR::EN,DPT::MKG && CTR::$,,,,,different,TN_FP,failure,40,8,success,failure,1122061.632,391501.824
SEC::HIG && CTR::EN,DPT::MKG && CTR::EN,,,,,different,TN_FP,failure,20,4,success,failure,591975.974,234751.275
SEC::HIG && CTR::EN,DPT::MKG && CTR::FR,,,,,different,TN_TN,failure,20,4,failure,failure,930437.262,234729.694
SEC::HIG && CTR::EN,SEC::$,,,,,different,TN_FP,failure,80,5,success,failure,1890248.243,274883.849
SEC::HIG && CTR::EN,SEC::$ && CTR::$,,,,,different,TP_TP,success,80,20,success,success,1811827.771,566711.534
SEC::HIG && CTR::EN,SEC::$ && CTR::EN,,,,,different,TP_TP,success,40,10,success,success,956305.885,371494.450
SEC::HIG && CTR::EN,SEC::$ && CTR::FR,,,,,different,TN_TN,failure,40,10,failure,failure,1718475.039,471630.386
SEC::HIG && CTR::EN,SEC::$ && DPT::$,,,,,different,TN_FP,failure,80,20,success,failure,1762800.192,865580.267
SEC::HIG && CTR::EN,SEC::$ && DPT::$ && CTR::$,,,,,same,same,success,80,80,success,success,1767773.340,1663282.522
SEC::HIG && CTR::EN,SEC::$ && DPT::$ && CTR::EN,,,,,same,same,success,40,40,success,success,1041775.340,934968.292
SEC::HIG && CTR::EN,SEC::$ && DPT::$ && CTR::FR,,,,,same,same,failure,40,40,failure,failure,1710773.648,1650449.215
SEC::HIG && CTR::EN,SEC::$ && DPT::DEV,,,,,different,TN_FP,failure,40,10,success,failure,944601.020,469334.073
SEC::HIG && CTR::EN,SEC::$ && DPT::DEV && CTR::$,,,,,same,same,success,40,40,success,success,1063680.464,952289.767
SEC::HIG && CTR::EN,SEC::$ && DPT::DEV && CTR::EN,,,,,same,same,success,20,20,success,success,582510.970,537191.938
SEC::HIG && CTR::EN,SEC::$ && DPT::DEV && CTR::FR,,,,,same,same,failure,20,20,failure,failure,906765.951,859822.752
SEC::HIG && CTR::EN,SEC::$ && DPT::MKG,,,,,different,TN_FP,failure,40,10,success,failure,981197.681,469251.698
SEC::HIG && CTR::EN,SEC::$ && DPT::MKG && CTR::$,,,,,same,same,success,40,40,success,success,947145.518,1002951.140
SEC::HIG && CTR::EN,SEC::$ && DPT::MKG && CTR::EN,,,,,same,same,success,20,20,success,success,588429.422,546908.539
SEC::HIG && CTR::EN,SEC::$ && DPT::MKG && CTR::FR,,,,,same,same,failure,20,20,failure,failure,913317.976,863161.926
SEC::HIG && CTR::EN,SEC::HIG,,,,,different,TN_FP,failure,64,4,success,failure,1442622.920,234448.857
SEC::HIG && CTR::EN,SEC::HIG && CTR::$,,,,,different,TP_TP,success,64,16,success,success,1446717.665,475853.101
SEC::HIG && CTR::EN,SEC::HIG && CTR::EN,,,,,different,TP_TP,success,32,8,success,success,882463.316,330871.341
SEC::HIG && CTR::EN,SEC::HIG && CTR::FR,,,,,different,TN_TN,failure,32,8,failure,failure,1391059.199,391347.616
SEC::HIG && CTR::EN,SEC::HIG && DPT::$,,,,,different,TN_FP,failure,64,16,success,failure,1519592.946,703596.927
SEC::HIG && CTR::EN,SEC::HIG && DPT::$ && CTR::$,,,,,same,same,success,64,64,success,success,1436725.222,1551616.960
SEC::HIG && CTR::EN,SEC::HIG && DPT::$ && CTR::EN,,,,,same,same,success,32,32,success,success,837457.917,793891.968
SEC::HIG && CTR::EN,SEC::HIG && DPT::$ && CTR::FR,,,,,same,same,failure,32,32,failure,failure,1500509.816,1340944.025
SEC::HIG && CTR::EN,SEC::HIG && DPT::DEV,,,,,different,TN_FP,failure,32,8,success,failure,826926.573,391011.199
SEC::HIG && CTR::EN,SEC::HIG && DPT::DEV && CTR::$,,,,,same,same,success,32,32,success,success,813954.164,782770.597
SEC::HIG && CTR::EN,SEC::HIG && DPT::DEV && CTR::EN,,,,,same,same,success,16,16,success,success,482383.410,476917.292
SEC::HIG && CTR::EN,SEC::HIG && DPT::DEV && CTR::FR,,,,,same,same,failure,16,16,failure,failure,736568.012,712973.284
SEC::HIG && CTR::EN,SEC::HIG && DPT::MKG,,,,,different,TN_FP,failure,32,8,success,failure,814986.075,390664.033
SEC::HIG && CTR::EN,SEC::HIG && DPT::MKG && CTR::$,,,,,same,same,success,32,32,success,success,794303.705,855361.699
SEC::HIG && CTR::EN,SEC::HIG && DPT::MKG && CTR::EN,,,,,same,same,success,16,16,success,success,497259.289,472993.909
SEC::HIG && CTR::EN,SEC::HIG && DPT::MKG && CTR::FR,,,,,same,same,failure,16,16,failure,failure,745014.265,703191.076
SEC::HIG && CTR::EN,SEC::LOW,,,,,different,TN_TN,failure,32,2,failure,failure,1446521.367,161805.607
SEC::HIG && CTR::EN,SEC::LOW && CTR::$,,,,,different,TN_TN,failure,32,8,failure,failure,1403557.147,392065.367
SEC::HIG && CTR::EN,SEC::LOW && CTR::EN,,,,,different,TN_TN,failure,16,4,failure,failure,736128.698,234095.134
SEC::HIG && CTR::EN,SEC::LOW && CTR::FR,,,,,different,TN_TN,failure,16,4,failure,failure,741783.566,234635.157
SEC::HIG && CTR::EN,SEC::LOW && DPT::$,,,,,different,TN_TN,failure,32,8,failure,failure,1428337.614,396384.558
SEC::HIG && CTR::EN,SEC::LOW && DPT::$ && CTR::$,,,,,same,same,failure,32,32,failure,failure,1385724.363,1359934.727
SEC::HIG && CTR::EN,SEC::LOW && DPT::$ && CTR::EN,,,,,same,same,failure,16,16,failure,failure,746060.703,712587.656
SEC::HIG && CTR::EN,SEC::LOW && DPT::$ && CTR::FR,,,,,same,same,failure,16,16,failure,failure,750897.887,726452.889
SEC::HIG && CTR::EN,SEC::LOW && DPT::DEV,,,,,different,TN_TN,failure,16,4,failure,failure,755539.172,236042.812
SEC::HIG && CTR::EN,SEC::LOW && DPT::DEV && CTR::$,,,,,same,same,failure,16,16,failure,failure,743875.499,709446.735
SEC::HIG && CTR::EN,SEC::LOW && DPT::DEV && CTR::EN,,,,,same,same,failure,8,8,failure,failure,410167.507,391529.441
SEC::HIG && CTR::EN,SEC::LOW && DPT::DEV && CTR::FR,,,,,same,same,failure,8,8,failure,failure,412043.891,393784.586
SEC::HIG && CTR::EN,SEC::LOW && DPT::MKG,,,,,different,TN_TN,failure,16,4,failure,failure,737626.377,236806.630
SEC::HIG && CTR::EN,SEC::LOW && DPT::MKG && CTR::$,,,,,same,same,failure,16,16,failure,failure,755128.272,716855.446
SEC::HIG && CTR::EN,SEC::LOW && DPT::MKG && CTR::EN,,,,,same,same,failure,8,8,failure,failure,410764.817,407677.661
SEC::HIG && CTR::EN,SEC::LOW && DPT::MKG && CTR::FR,,,,,same,same,failure,8,8,failure,failure,412557.816,399622.802
SEC::HIG && CTR::EN,SEC::MED,,,,,different,TN_TN,failure,48,3,failure,failure,2078816.114,217839.924
SEC::HIG && CTR::EN,SEC::MED && CTR::$,,,,,different,TN_TN,failure,48,12,failure,failure,2084402.252,567487.214
SEC::HIG && CTR::EN,SEC::MED && CTR::EN,,,,,different,TN_TN,failure,24,6,failure,failure,1083038.995,320787.537
SEC::HIG && CTR::EN,SEC::MED && CTR::FR,,,,,different,TN_TN,failure,24,6,failure,failure,1085350.581,325232.149
SEC::HIG && CTR::EN,SEC::MED && DPT::$,,,,,different,TN_TN,failure,48,12,failure,failure,2689965.583,563168.238
SEC::HIG && CTR::EN,SEC::MED && DPT::$ && CTR::$,,,,,same,same,failure,48,48,failure,failure,2086933.249,1968868.400
SEC::HIG && CTR::EN,SEC::MED && DPT::$ && CTR::EN,,,,,same,same,failure,24,24,failure,failure,1089229.722,1026124.323
SEC::HIG && CTR::EN,SEC::MED && DPT::$ && CTR::FR,,,,,same,same,failure,24,24,failure,failure,1070950.485,1024310.525
SEC::HIG && CTR::EN,SEC::MED && DPT::DEV,,,,,different,TN_TN,failure,24,6,failure,failure,1083044.726,320591.685
SEC::HIG && CTR::EN,SEC::MED && DPT::DEV && CTR::$,,,,,same,same,failure,24,24,failure,failure,1104371.539,1093569.167
SEC::HIG && CTR::EN,SEC::MED && DPT::DEV && CTR::EN,,,,,same,same,failure,12,12,failure,failure,585614.506,561394.902
SEC::HIG && CTR::EN,SEC::MED && DPT::DEV && CTR::FR,,,,,same,same,failure,12,12,failure,failure,593625.794,548790.939
SEC::HIG && CTR::EN,SEC::MED && DPT::MKG,,,,,different,TN_TN,failure,24,6,failure,failure,1415027.738,325820.388
SEC::HIG && CTR::EN,SEC::MED && DPT::MKG && CTR::$,,,,,same,same,failure,24,24,failure,failure,1420139.992,1019859.271
SEC::HIG && CTR::EN,SEC::MED && DPT::MKG && CTR::EN,,,,,same,same,failure,12,12,failure,failure,766988.444,551775.533
SEC::HIG && CTR::EN,SEC::MED && DPT::MKG && CTR::FR,,,,,same,same,failure,12,12,failure,failure,768971.198,548398.262
SEC::HIG && CTR::FR,CTR::$,,,,,different,TN_FP,failure,80,4,success,failure,1587338.245,223374.244
SEC::HIG && CTR::FR,CTR::EN,,,,,different,TN_TN,failure,40,2,failure,failure,1563709.277,149145.584
SEC::HIG && CTR::FR,CTR::FR,,,,,different,TN_FP,failure,40,2,success,failure,878959.282,148859.549
SEC::HIG && CTR::FR,DPT::$,,,,,different,TN_FP,failure,80,4,success,failure,1590633.556,227996.980
SEC::HIG && CTR::FR,DPT::$ && CTR::$,,,,,different,TN_FP,failure,80,16,success,failure,1626556.684,680910.518
SEC::HIG && CTR::FR,DPT::$ && CTR::EN,,,,,different,TN_TN,failure,40,8,failure,failure,1582697.705,381459.137
SEC::HIG && CTR::FR,DPT::$ && CTR::FR,,,,,different,TN_FP,failure,40,8,success,failure,876108.605,371743.443
SEC::HIG && CTR::FR,DPT::DEV,,,,,different,TN_FP,failure,40,2,success,failure,881441.343,148851.524
SEC::HIG && CTR::FR,DPT::DEV && CTR::$,,,,,different,TN_FP,failure,40,8,success,failure,902689.324,370051.378
SEC::HIG && CTR::FR,DPT::DEV && CTR::EN,,,,,different,TN_TN,failure,20,4,failure,failure,825238.471,222854.394
SEC::HIG && CTR::FR,DPT::DEV && CTR::FR,,,,,different,TN_FP,failure,20,4,success,failure,511732.307,223204.596
SEC::HIG && CTR::FR,DPT::MKG,,,,,different,TN_FP,failure,40,2,success,failure,880117.650,148193.108
SEC::HIG && CTR::FR,DPT::MKG && CTR::$,,,,,different,TN_FP,failure,40,8,success,failure,876444.015,376634.317
SEC::HIG && CTR::FR,DPT::MKG && CTR::EN,,,,,different,TN_TN,failure,20,4,failure,failure,813107.967,223407.657
SEC::HIG && CTR::FR,DPT::MKG && CTR::FR,,,,,different,TN_FP,failure,20,4,success,failure,526830.267,226336.030
SEC::HIG && CTR::FR,SEC::$,,,,,different,TN_FP,failure,80,5,success,failure,1626982.126,256843.565
SEC::HIG && CTR::FR,SEC::$ && CTR::$,,,,,different,TP_TP,success,80,20,success,success,1610874.613,510169.546
SEC::HIG && CTR::FR,SEC::$ && CTR::EN,,,,,different,TN_TN,failure,40,10,failure,failure,1603239.326,440420.243
SEC::HIG && CTR::FR,SEC::$ && CTR::FR,,,,,different,TP_TP,success,40,10,success,success,943794.307,336296.608
SEC::HIG && CTR::FR,SEC::$ && DPT::$,,,,,different,TN_FP,failure,80,20,success,failure,1802030.137,810464.934
SEC::HIG && CTR::FR,SEC::$ && DPT::$ && CTR::$,,,,,same,same,success,80,80,success,success,1615946.447,1755550.093
SEC::HIG && CTR::FR,SEC::$ && DPT::$ && CTR::EN,,,,,same,same,failure,40,40,failure,failure,1565954.228,1547462.637
SEC::HIG && CTR::FR,SEC::$ && DPT::$ && CTR::FR,,,,,same,same,success,40,40,success,success,871183.382,905627.882
SEC::HIG && CTR::FR,SEC::$ && DPT::DEV,,,,,different,TN_FP,failure,40,10,success,failure,977880.990,440134.648
SEC::HIG && CTR::FR,SEC::$ && DPT::DEV && CTR::$,,,,,same,same,success,40,40,success,success,897973.880,906228.483
SEC::HIG && CTR::FR,SEC::$ && DPT::DEV && CTR::EN,,,,,same,same,failure,20,20,failure,failure,831256.554,807284.258
SEC::HIG && CTR::FR,SEC::$ && DPT::DEV && CTR::FR,,,,,same,same,success,20,20,success,success,538907.055,515483.157
SEC::HIG && CTR::FR,SEC::$ && DPT::MKG,,,,,different,TN_FP,failure,40,10,success,failure,895986.481,440566.041
SEC::HIG && CTR::FR,SEC::$ && DPT::MKG && CTR::$,,,,,same,same,success,40,40,success,success,887795.176,895886.233
SEC::HIG && CTR::FR,SEC::$ && DPT::MKG && CTR::EN,,,,,same,same,failure,20,20,failure,failure,835138.431,807666.505
SEC::HIG && CTR::FR,SEC::$ && DPT::MKG && CTR::FR,,,,,same,same,success,20,20,success,success,528727.986,537675.976
SEC::HIG && CTR::FR,SEC::HIG,,,,,different,TN_FP,failure,64,4,success,failure,1379418.399,221727.781
SEC::HIG && CTR::FR,SEC::HIG && CTR::$,,,,,different,TP_TP,success,64,16,success,success,1340420.203,459244.282
SEC::HIG && CTR::FR,SEC::HIG && CTR::EN,,,,,different,TN_TN,failure,32,8,failure,failure,1273637.977,367046.031
SEC::HIG && CTR::FR,SEC::HIG && CTR::FR,,,,,different,TP_TP,success,32,8,success,success,731744.365,304526.807
SEC::HIG && CTR::FR,SEC::HIG && DPT::$,,,,,different,TN_FP,failure,64,16,success,failure,1417055.286,661528.853
SEC::HIG && CTR::FR,SEC::HIG && DPT::$ && CTR::$,,,,,same,same,success,64,64,success,success,1422367.231,1288212.684
SEC::HIG && CTR::FR,SEC::HIG && DPT::$ && CTR::EN,,,,,same,same,failure,32,32,failure,failure,1283678.394,1249166.670
SEC::HIG && CTR::FR,SEC::HIG && DPT::$ && CTR::FR,,,,,same,same,success,32,32,success,success,729058.497,745576.846
SEC::HIG && CTR::FR,SEC::HIG && DPT::DEV,,,,,different,TN_FP,failure,32,8,success,failure,749316.650,369728.418
SEC::HIG && CTR::FR,SEC::HIG && DPT::DEV && CTR::$,,,,,same,same,success,32,32,success,success,740841.874,719113.988
SEC::HIG && CTR::FR,SEC::HIG && DPT::DEV && CTR::EN,,,,,same,same,failure,16,16,failure,failure,676102.699,665897.101
SEC::HIG && CTR::FR,SEC::HIG && DPT::DEV && CTR::FR,,,,,same,same,success,16,16,success,success,476882.172,453329.784
SEC::HIG && CTR::FR,SEC::HIG && DPT::MKG,,,,,different,TN_FP,failure,32,8,success,failure,750002.282,367995.453
SEC::HIG && CTR::FR,SEC::HIG && DPT::MKG && CTR::$,,,,,same,same,success,32,32,success,success,778222.761,738975.052
SEC::HIG && CTR::FR,SEC::HIG && DPT::MKG && CTR::EN,,,,,same,same,failure,16,16,failure,failure,670686.831,663600.493
SEC::HIG && CTR::FR,SEC::HIG && DPT::MKG && CTR::FR,,,,,same,same,success,16,16,success,success,464972.778,441732.595
SEC::HIG && CTR::FR,SEC::LOW,,,,,different,TN_TN,failure,32,2,failure,failure,1273159.794,148478.929
SEC::HIG && CTR::FR,SEC::LOW && CTR::$,,,,,different,TN_TN,failure,32,8,failure,failure,1285092.592,370690.683
SEC::HIG && CTR::FR,SEC::LOW && CTR::EN,,,,,different,TN_TN,failure,16,4,failure,failure,677045.262,222756.430
SEC::HIG && CTR::FR,SEC::LOW && CTR::FR,,,,,different,TN_TN,failure,16,4,failure,failure,677734.049,223075.163
SEC::HIG && CTR::FR,SEC::LOW && DPT::$,,,,,different,TN_TN,failure,32,8,failure,failure,1507367.004,369003.278
SEC::HIG && CTR::FR,SEC::LOW && DPT::$ && CTR::$,,,,,same,same,failure,32,32,failure,failure,1767936.271,1267956.815
SEC::HIG && CTR::FR,SEC::LOW && DPT::$ && CTR::EN,,,,,same,same,failure,16,16,failure,failure,916528.323,663408.664
SEC::HIG && CTR::FR,SEC::LOW && DPT::$ && CTR::FR,,,,,same,same,failure,16,16,failure,failure,929577.419,665970.294
SEC::HIG && CTR::FR,SEC::LOW && DPT::DEV,,,,,different,TN_TN,failure,16,4,failure,failure,908079.610,221946.536
SEC::HIG && CTR::FR,SEC::LOW && DPT::DEV && CTR::$,,,,,same,same,failure,16,16,failure,failure,922705.400,670438.485
SEC::HIG && CTR::FR,SEC::LOW && DPT::DEV && CTR::EN,,,,,same,same,failure,8,8,failure,failure,516404.110,371199.742
SEC::HIG && CTR::FR,SEC::LOW && DPT::DEV && CTR::FR,,,,,same,same,failure,8,8,failure,failure,515463.035,372229.950
SEC::HIG && CTR::FR,SEC::LOW && DPT::MKG,,,,,different,TN_TN,failure,16,4,failure,failure,932754.284,223274.677
SEC::HIG && CTR::FR,SEC::LOW && DPT::MKG && CTR::$,,,,,same,same,failure,16,16,failure,failure,932780.172,665750.652
SEC::HIG && CTR::FR,SEC::LOW && DPT::MKG && CTR::EN,,,,,same,same,failure,8,8,failure,failure,520172.724,372968.541
SEC::HIG && CTR::FR,SEC::LOW && DPT::MKG && CTR::FR,,,,,same,same,failure,8,8,failure,failure,517601.046,372628.889
SEC::HIG && CTR::FR,SEC::MED,,,,,different,TN_TN,failure,48,3,failure,failure,2609794.462,200079.794
SEC::HIG && CTR::FR,SEC::MED && CTR::$,,,,,different,TN_TN,failure,48,12,failure,failure,2553772.268,524784.429
SEC::HIG && CTR::FR,SEC::MED && CTR::EN,,,,,different,TN_TN,failure,24,6,failure,failure,1353249.462,299140.523
SEC::HIG && CTR::FR,SEC::MED && CTR::FR,,,,,different,TN_TN,failure,24,6,failure,failure,1341976.517,297991.537
SEC::HIG && CTR::FR,SEC::MED && DPT::$,,,,,different,TN_TN,failure,48,12,failure,failure,1920857.528,522041.955
SEC::HIG && CTR::FR,SEC::MED && DPT::$ && CTR::$,,,,,same,same,failure,48,48,failure,failure,1862902.825,1862415.095
SEC::HIG && CTR::FR,SEC::MED && DPT::$ && CTR::EN,,,,,same,same,failure,24,24,failure,failure,966550.958,968215.450
SEC::HIG && CTR::FR,SEC::MED && DPT::$ && CTR::FR,,,,,same,same,failure,24,24,failure,failure,971997.054,985220.698
SEC::HIG && CTR::FR,SEC::MED && DPT::DEV,,,,,different,TN_TN,failure,24,6,failure,failure,1239096.285,299542.657
SEC::HIG && CTR::FR,SEC::MED && DPT::DEV && CTR::$,,,,,same,same,failure,24,24,failure,failure,1154078.323,984829.017
SEC::HIG && CTR::FR,SEC::MED && DPT::DEV && CTR::EN,,,,,same,same,failure,12,12,failure,failure,571783.758,520044.052
SEC::HIG && CTR::FR,SEC::MED && DPT::DEV && CTR::FR,,,,,same,same,failure,12,12,failure,failure,524079.948,519969.177
SEC::HIG && CTR::FR,SEC::MED && DPT::MKG,,,,,different,TN_TN,failure,24,6,failure,failure,1345369.160,301300.744
SEC::HIG && CTR::FR,SEC::MED && DPT::MKG && CTR::$,,,,,same,same,failure,24,24,failure,failure,959300.297,987095.610
SEC::HIG && CTR::FR,SEC::MED && DPT::MKG && CTR::EN,,,,,same,same,failure,12,12,failure,failure,729678.223,524239.161
SEC::HIG && CTR::FR,SEC::MED && DPT::MKG && CTR::FR,,,,,same,same,failure,12,12,failure,failure,540226.119,537346.402
SEC::HIG && DPT::$,CTR::$,,,,,different,TN_FP,failure,80,4,success,failure,1681184.241,234100.013
SEC::HIG && DPT::$,CTR::EN,,,,,different,TN_FP,failure,40,2,success,failure,969264.598,156949.253
SEC::HIG && DPT::$,CTR::FR,,,,,different,TN_FP,failure,40,2,success,failure,932728.625,155929.620
SEC::HIG && DPT::$,DPT::$,,,,,different,TN_FP,failure,80,4,success,failure,1672421.895,234446.913
SEC::HIG && DPT::$,DPT::$ && CTR::$,,,,,different,TN_FP,failure,80,16,success,failure,1854609.359,702236.875
SEC::HIG && DPT::$,DPT::$ && CTR::EN,,,,,different,TN_FP,failure,40,8,success,failure,963142.760,390455.963
SEC::HIG && DPT::$,DPT::$ && CTR::FR,,,,,different,TN_FP,failure,40,8,success,failure,924478.926,390223.452
SEC::HIG && DPT::$,DPT::DEV,,,,,different,TN_TN,failure,40,2,failure,failure,1637751.897,155812.606
SEC::HIG && DPT::$,DPT::DEV && CTR::$,,,,,different,TN_TN,failure,40,8,failure,failure,1625455.974,390402.643
SEC::HIG && DPT::$,DPT::DEV && CTR::EN,,,,,different,TN_TN,failure,20,4,failure,failure,860333.115,233818.750
SEC::HIG && DPT::$,DPT::DEV && CTR::FR,,,,,different,TN_TN,failure,20,4,failure,failure,863727.291,234423.310
SEC::HIG && DPT::$,DPT::MKG,,,,,different,TN_TN,failure,40,2,failure,failure,1624640.449,155957.277
SEC::HIG && DPT::$,DPT::MKG && CTR::$,,,,,different,TN_TN,failure,40,8,failure,failure,1623704.303,390572.822
SEC::HIG && DPT::$,DPT::MKG && CTR::EN,,,,,different,TN_TN,failure,20,4,failure,failure,851814.596,233806.418
SEC::HIG && DPT::$,DPT::MKG && CTR::FR,,,,,different,TN_TN,failure,20,4,failure,failure,851714.263,234153.949
SEC::HIG && DPT::$,SEC::$,,,,,different,TN_FP,failure,80,5,success,failure,1698487.573,275586.757
SEC::HIG && DPT::$,SEC::$ && CTR::$,,,,,different,TN_FP,failure,80,20,success,failure,1721331.002,867161.513
SEC::HIG && DPT::$,SEC::$ && CTR::EN,,,,,different,TN_FP,failure,40,10,success,failure,964260.497,472386.033
SEC::HIG && DPT::$,SEC::$ && CTR::FR,,,,,different,TN_FP,failure,40,10,success,failure,963628.566,472241.607
SEC::HIG && DPT::$,SEC::$ && DPT::$,,,,,different,TP_TP,success,80,20,success,success,1860610.685,555983.521
SEC::HIG && DPT::$,SEC::$ && DPT::$ && CTR::$,,,,,same,same,success,80,80,success,success,1666317.084,1705168.294
SEC::HIG && DPT::$,SEC::$ && DPT::$ && CTR::EN,,,,,same,same,success,40,40,success,success,923840.073,946167.814
SEC::HIG && DPT::$,SEC::$ && DPT::$ && CTR::FR,,,,,same,same,success,40,40,success,success,940131.642,932946.850
SEC::HIG && DPT::$,SEC::$ && DPT::DEV,,,,,different,TN_TN,failure,40,10,failure,failure,1692889.983,473108.889
SEC::HIG && DPT::$,SEC::$ && DPT::DEV && CTR::$,,,,,same,same,failure,40,40,failure,failure,1683567.031,1661163.602
SEC::HIG && DPT::$,SEC::$ && DPT::DEV && CTR::EN,,,,,same,same,failure,20,20,failure,failure,859983.880,866898.931
SEC::HIG && DPT::$,SEC::$ && DPT::DEV && CTR::FR,,,,,same,same,failure,20,20,failure,failure,864162.507,871370.664
SEC::HIG && DPT::$,SEC::$ && DPT::MKG,,,,,different,TN_TN,failure,40,10,failure,failure,1641211.617,468631.641
SEC::HIG && DPT::$,SEC::$ && DPT::MKG && CTR::$,,,,,same,same,failure,40,40,failure,failure,1647865.338,1654090.665
SEC::HIG && DPT::$,SEC::$ && DPT::MKG && CTR::EN,,,,,same,same,failure,20,20,failure,failure,854671.235,862186.081
SEC::HIG && DPT::$,SEC::$ && DPT::MKG && CTR::FR,,,,,same,same,failure,20,20,failure,failure,853682.901,868316.554
SEC::HIG && DPT::$,SEC::HIG,,,,,different,TN_FP,failure,64,4,success,failure,1498731.530,244668.688
SEC::HIG && DPT::$,SEC::HIG && CTR::$,,,,,different,TN_FP,failure,64,16,success,failure,1403104.132,710834.402
SEC::HIG && DPT::$,SEC::HIG && CTR::EN,,,,,different,TN_FP,failure,32,8,success,failure,768649.319,404594.478
SEC::HIG && DPT::$,SEC::HIG && CTR::FR,,,,,different,TN_FP,failure,32,8,success,failure,842607.936,397121.064
SEC::HIG && DPT::$,SEC::HIG && DPT::$,,,,,different,TP_TP,success,64,16,success,success,1450753.541,489145.280
SEC::HIG && DPT::$,SEC::HIG && DPT::$ && CTR::$,,,,,same,same,success,64,64,success,success,1558518.025,1428137.498
SEC::HIG && DPT::$,SEC::HIG && DPT::$ && CTR::EN,,,,,same,same,success,32,32,success,success,798405.799,801664.818
SEC::HIG && DPT::$,SEC::HIG && DPT::$ && CTR::FR,,,,,same,same,success,32,32,success,success,780886.267,782125.812
SEC::HIG && DPT::$,SEC::HIG && DPT::DEV,,,,,different,TN_TN,failure,32,8,failure,failure,1355745.840,397611.610
SEC::HIG && DPT::$,SEC::HIG && DPT::DEV && CTR::$,,,,,same,same,failure,32,32,failure,failure,1337656.078,1337794.197
SEC::HIG && DPT::$,SEC::HIG && DPT::DEV && CTR::EN,,,,,same,same,failure,16,16,failure,failure,702519.130,718771.896
SEC::HIG && DPT::$,SEC::HIG && DPT::DEV && CTR::FR,,,,,same,same,failure,16,16,failure,failure,706100.122,707747.848
SEC::HIG && DPT::$,SEC::HIG && DPT::MKG,,,,,different,TN_TN,failure,32,8,failure,failure,1344035.464,397152.729
SEC::HIG && DPT::$,SEC::HIG && DPT::MKG && CTR::$,,,,,same,same,failure,32,32,failure,failure,1353652.484,1341146.295
SEC::HIG && DPT::$,SEC::HIG && DPT::MKG && CTR::EN,,,,,same,same,failure,16,16,failure,failure,715443.277,706026.730
SEC::HIG && DPT::$,SEC::HIG && DPT::MKG && CTR::FR,,,,,same,same,failure,16,16,failure,failure,728699.809,706014.627
SEC::HIG && DPT::$,SEC::LOW,,,,,different,TN_TN,failure,32,2,failure,failure,1345254.871,155788.019
SEC::HIG && DPT::$,SEC::LOW && CTR::$,,,,,different,TN_TN,failure,32,8,failure,failure,1360224.330,397176.354
SEC::HIG && DPT::$,SEC::LOW && CTR::EN,,,,,different,TN_TN,failure,16,4,failure,failure,731029.674,233779.251
SEC::HIG && DPT::$,SEC::LOW && CTR::FR,,,,,different,TN_TN,failure,16,4,failure,failure,720804.539,236201.159
SEC::HIG && DPT::$,SEC::LOW && DPT::$,,,,,different,TN_TN,failure,32,8,failure,failure,1349532.786,389518.690
SEC::HIG && DPT::$,SEC::LOW && DPT::$ && CTR::$,,,,,same,same,failure,32,32,failure,failure,1356064.724,1329451.444
SEC::HIG && DPT::$,SEC::LOW && DPT::$ && CTR::EN,,,,,same,same,failure,16,16,failure,failure,744998.055,702202.982
SEC::HIG && DPT::$,SEC::LOW && DPT::$ && CTR::FR,,,,,same,same,failure,16,16,failure,failure,814633.273,702609.544
SEC::HIG && DPT::$,SEC::LOW && DPT::DEV,,,,,different,TN_TN,failure,16,4,failure,failure,726705.919,271636.773
SEC::HIG && DPT::$,SEC::LOW && DPT::DEV && CTR::$,,,,,same,same,failure,16,16,failure,failure,722059.983,714288.276
SEC::HIG && DPT::$,SEC::LOW && DPT::DEV && CTR::EN,,,,,same,same,failure,8,8,failure,failure,400435.972,400762.280
SEC::HIG && DPT::$,SEC::LOW && DPT::DEV && CTR::FR,,,,,same,same,failure,8,8,failure,failure,393514.345,390692.261
SEC::HIG && DPT::$,SEC::LOW && DPT::MKG,,,,,different,TN_TN,failure,16,4,failure,failure,711108.346,233884.880
SEC::HIG && DPT::$,SEC::LOW && DPT::MKG && CTR::$,,,,,same,same,failure,16,16,failure,failure,714606.468,702206.939
SEC::HIG && DPT::$,SEC::LOW && DPT::MKG && CTR::EN,,,,,same,same,failure,8,8,failure,failure,411337.376,390317.954
SEC::HIG && DPT::$,SEC::LOW && DPT::MKG && CTR::FR,,,,,same,same,failure,8,8,failure,failure,394072.075,390040.112
SEC::HIG && DPT::$,SEC::MED,,,,,different,TN_TN,failure,48,3,failure,failure,2000667.562,196225.195
SEC::HIG && DPT::$,SEC::MED && CTR::$,,,,,different,TN_TN,failure,48,12,failure,failure,2111582.696,547989.711
SEC::HIG && DPT::$,SEC::MED && CTR::EN,,,,,different,TN_TN,failure,24,6,failure,failure,1031771.265,312605.039
SEC::HIG && DPT::$,SEC::MED && CTR::FR,,,,,different,TN_TN,failure,24,6,failure,failure,1033423.504,312006.371
SEC::HIG && DPT::$,SEC::MED && DPT::$,,,,,different,TN_TN,failure,48,12,failure,failure,1976614.674,560535.579
SEC::HIG && DPT::$,SEC::MED && DPT::$ && CTR::$,,,,,same,same,failure,48,48,failure,failure,2017063.631,2014653.316
SEC::HIG && DPT::$,SEC::MED && DPT::$ && CTR::EN,,,,,same,same,failure,24,24,failure,failure,1004857.847,1058174.842
SEC::HIG && DPT::$,SEC::MED && DPT::$ && CTR::FR,,,,,same,same,failure,24,24,failure,failure,1019081.693,1037981.840
SEC::HIG && DPT::$,SEC::MED && DPT::DEV,,,,,different,TN_TN,failure,24,6,failure,failure,1022201.509,312061.975
SEC::HIG && DPT::$,SEC::MED && DPT::DEV && CTR::$,,,,,same,same,failure,24,24,failure,failure,1095743.721,1032379.621
SEC::HIG && DPT::$,SEC::MED && DPT::DEV && CTR::EN,,,,,same,same,failure,12,12,failure,failure,552859.486,547570.405
SEC::HIG && DPT::$,SEC::MED && DPT::DEV && CTR::FR,,,,,same,same,failure,12,12,failure,failure,548853.522,560212.809
SEC::HIG && DPT::$,SEC::MED && DPT::MKG,,,,,different,TN_TN,failure,24,6,failure,failure,1024698.272,314605.572
SEC::HIG && DPT::$,SEC::MED && DPT::MKG && CTR::$,,,,,same,same,failure,24,24,failure,failure,1004971.019,1063680.619
SEC::HIG && DPT::$,SEC::MED && DPT::MKG && CTR::EN,,,,,same,same,failure,12,12,failure,failure,548520.593,551178.679
SEC::HIG && DPT::$,SEC::MED && DPT::MKG && CTR::FR,,,,,same,same,failure,12,12,failure,failure,541988.279,549248.833
SEC::HIG && DPT::$ && CTR::$,CTR::$,,,,,different,TN_FP,failure,80,4,success,failure,1649634.076,219675.065
SEC::HIG && DPT::$ && CTR::$,CTR::EN,,,,,different,TN_TN,failure,40,2,failure,failure,1564405.593,147109.356
SEC::HIG && DPT::$ && CTR::$,CTR::FR,,,,,different,TN_TN,failure,40,2,failure,failure,1566451.512,146300.633
SEC::HIG && DPT::$ && CTR::$,DPT::$,,,,,different,TN_FP,failure,80,4,success,failure,1620526.867,218366.666
SEC::HIG && DPT::$ && CTR::$,DPT::$ && CTR::$,,,,,different,TN_FP,failure,80,16,success,failure,1613133.540,657835.184
SEC::HIG && DPT::$ && CTR::$,DPT::$ && CTR::EN,,,,,different,TN_TN,failure,40,8,failure,failure,1567811.547,366611.246
SEC::HIG && DPT::$ && CTR::$,DPT::$ && CTR::FR,,,,,different,TN_TN,failure,40,8,failure,failure,1566019.421,365610.008
SEC::HIG && DPT::$ && CTR::$,DPT::DEV,,,,,different,TN_TN,failure,40,2,failure,failure,1552404.022,146426.380
SEC::HIG && DPT::$ && CTR::$,DPT::DEV && CTR::$,,,,,different,TN_TN,failure,40,8,failure,failure,1544744.214,366049.001
SEC::HIG && DPT::$ && CTR::$,DPT::DEV && CTR::EN,,,,,different,TN_TN,failure,20,4,failure,failure,815576.919,220239.379
SEC::HIG && DPT::$ && CTR::$,DPT::DEV && CTR::FR,,,,,different,TN_TN,failure,20,4,failure,failure,809877.317,219409.863
SEC::HIG && DPT::$ && CTR::$,DPT::MKG,,,,,different,TN_TN,failure,40,2,failure,failure,1546305.362,145649.152
SEC::HIG && DPT::$ && CTR::$,DPT::MKG && CTR::$,,,,,different,TN_TN,failure,40,8,failure,failure,1550865.721,364159.422
SEC::HIG && DPT::$ && CTR::$,DPT::MKG && CTR::EN,,,,,different,TN_TN,failure,20,4,failure,failure,813699.126,220248.842
SEC::HIG && DPT::$ && CTR::$,DPT::MKG && CTR::FR,,,,,different,TN_TN,failure,20,4,failure,failure,821249.654,218514.353
SEC::HIG && DPT::$ && CTR::$,SEC::$,,,,,different,TN_FP,failure,80,5,success,failure,1751734.987,251302.326
SEC::HIG && DPT::$ && CTR::$,SEC::$ && CTR::$,,,,,different,TN_FP,failure,80,20,success,failure,1601181.250,787922.330
SEC::HIG && DPT::$ && CTR::$,SEC::$ && CTR::EN,,,,,different,TN_TN,failure,40,10,failure,failure,1592656.319,429321.936
SEC::HIG && DPT::$ && CTR::$,SEC::$ && CTR::FR,,,,,different,TN_TN,failure,40,10,failure,failure,1555118.173,429713.741
SEC::HIG && DPT::$ && CTR::$,SEC::$ && DPT::$,,,,,different,TN_FP,failure,80,20,success,failure,1596605.016,747016.265
SEC::HIG && DPT::$ && CTR::$,SEC::$ && DPT::$ && CTR::$,,,,,same,same,success,80,80,success,success,1483848.424,1421444.224
SEC::HIG && DPT::$ && CTR::$,SEC::$ && DPT::$ && CTR::EN,,,,,same,same,failure,40,40,failure,failure,1582017.168,1427436.293
SEC::HIG && DPT::$ && CTR::$,SEC::$ && DPT::$ && CTR::FR,,,,,same,same,failure,40,40,failure,failure,1493483.336,1425133.739
SEC::HIG && DPT::$ && CTR::$,SEC::$ && DPT::DEV,,,,,different,TN_TN,failure,40,10,failure,failure,1515546.842,428961.414
SEC::HIG && DPT::$ && CTR::$,SEC::$ && DPT::DEV && CTR::$,,,,,same,same,failure,40,40,failure,failure,1460213.265,1473284.133
SEC::HIG && DPT::$ && CTR::$,SEC::$ && DPT::DEV && CTR::EN,,,,,same,same,failure,20,20,failure,failure,769717.858,785682.519
SEC::HIG && DPT::$ && CTR::$,SEC::$ && DPT::DEV && CTR::FR,,,,,same,same,failure,20,20,failure,failure,764451.265,786950.221
SEC::HIG && DPT::$ && CTR::$,SEC::$ && DPT::MKG,,,,,different,TN_TN,failure,40,10,failure,failure,1457096.609,417331.485
SEC::HIG && DPT::$ && CTR::$,SEC::$ && DPT::MKG && CTR::$,,,,,same,same,failure,40,40,failure,failure,1457693.960,1457957.253
SEC::HIG && DPT::$ && CTR::$,SEC::$ && DPT::MKG && CTR::EN,,,,,same,same,failure,20,20,failure,failure,766262.556,766712.501
SEC::HIG && DPT::$ && CTR::$,SEC::$ && DPT::MKG && CTR::FR,,,,,same,same,failure,20,20,failure,failure,770831.162,776672.047
SEC::HIG && DPT::$ && CTR::$,SEC::HIG,,,,,different,TN_FP,failure,64,4,success,failure,1312587.887,214001.022
SEC::HIG && DPT::$ && CTR::$,SEC::HIG && CTR::$,,,,,different,TN_FP,failure,64,16,success,failure,1318445.815,643648.569
SEC::HIG && DPT::$ && CTR::$,SEC::HIG && CTR::EN,,,,,different,TN_TN,failure,32,8,failure,failure,1288010.921,357500.606
SEC::HIG && DPT::$ && CTR::$,SEC::HIG && CTR::FR,,,,,different,TN_TN,failure,32,8,failure,failure,1299950.356,357215.597
SEC::HIG && DPT::$ && CTR::$,SEC::HIG && DPT::$,,,,,different,TN_FP,failure,64,16,success,failure,1335457.755,644925.299
SEC::HIG && DPT::$ && CTR::$,SEC::HIG && DPT::$ && CTR::$,,,,,same,same,success,64,64,success,success,1374577.864,1339666.564
SEC::HIG && DPT::$ && CTR::$,SEC::HIG && DPT::$ && CTR::EN,,,,,same,same,failure,32,32,failure,failure,1281819.353,1215115.438
SEC::HIG && DPT::$ && CTR::$,SEC::HIG && DPT::$ && CTR::FR,,,,,same,same,failure,32,32,failure,failure,1292015.914,1216360.593
SEC::HIG && DPT::$ && CTR::$,SEC::HIG && DPT::DEV,,,,,different,TN_TN,failure,32,8,failure,failure,1284397.248,356465.114
SEC::HIG && DPT::$ && CTR::$,SEC::HIG && DPT::DEV && CTR::$,,,,,same,same,failure,32,32,failure,failure,1301336.622,1229200.728
SEC::HIG && DPT::$ && CTR::$,SEC::HIG && DPT::DEV && CTR::EN,,,,,same,same,failure,16,16,failure,failure,690865.556,644206.460
SEC::HIG && DPT::$ && CTR::$,SEC::HIG && DPT::DEV && CTR::FR,,,,,same,same,failure,16,16,failure,failure,675385.199,643322.172
SEC::HIG && DPT::$ && CTR::$,SEC::HIG && DPT::MKG,,,,,different,TN_TN,failure,32,8,failure,failure,1285391.298,365864.019
SEC::HIG && DPT::$ && CTR::$,SEC::HIG && DPT::MKG && CTR::$,,,,,same,same,failure,32,32,failure,failure,1275375.470,1219420.192
SEC::HIG && DPT::$ && CTR::$,SEC::HIG && DPT::MKG && CTR::EN,,,,,same,same,failure,16,16,failure,failure,686125.390,655304.933
SEC::HIG && DPT::$ && CTR::$,SEC::HIG && DPT::MKG && CTR::FR,,,,,same,same,failure,16,16,failure,failure,682261.707,651766.766
SEC::HIG && DPT::$ && CTR::$,SEC::LOW,,,,,different,TN_TN,failure,32,2,failure,failure,1325358.060,145609.036
SEC::HIG && DPT::$ && CTR::$,SEC::LOW && CTR::$,,,,,different,TN_TN,failure,32,8,failure,failure,1259352.525,366192.360
SEC::HIG && DPT::$ && CTR::$,SEC::LOW && CTR::EN,,,,,different,TN_TN,failure,16,4,failure,failure,662125.071,219120.100
SEC::HIG && DPT::$ && CTR::$,SEC::LOW && CTR::FR,,,,,different,TN_TN,failure,16,4,failure,failure,662588.711,218293.184
SEC::HIG && DPT::$ && CTR::$,SEC::LOW && DPT::$,,,,,different,TN_TN,failure,32,8,failure,failure,1299554.289,365441.713
SEC::HIG && DPT::$ && CTR::$,SEC::LOW && DPT::$ && CTR::$,,,,,same,same,failure,32,32,failure,failure,1348266.621,1248959.671
SEC::HIG && DPT::$ && CTR::$,SEC::LOW && DPT::$ && CTR::EN,,,,,same,same,failure,16,16,failure,failure,697637.939,663783.602
SEC::HIG && DPT::$ && CTR::$,SEC::LOW && DPT::$ && CTR::FR,,,,,same,same,failure,16,16,failure,failure,718140.011,662397.252
SEC::HIG && DPT::$ && CTR::$,SEC::LOW && DPT::DEV,,,,,different,TN_TN,failure,16,4,failure,failure,661229.130,218536.931
SEC::HIG && DPT::$ && CTR::$,SEC::LOW && DPT::DEV && CTR::$,,,,,same,same,failure,16,16,failure,failure,665479.644,669892.551
SEC::HIG && DPT::$ && CTR::$,SEC::LOW && DPT::DEV && CTR::EN,,,,,same,same,failure,8,8,failure,failure,367058.931,365339.004
SEC::HIG && DPT::$ && CTR::$,SEC::LOW && DPT::DEV && CTR::FR,,,,,same,same,failure,8,8,failure,failure,367553.042,364765.288
SEC::HIG && DPT::$ && CTR::$,SEC::LOW && DPT::MKG,,,,,different,TN_TN,failure,16,4,failure,failure,670471.151,220573.761
SEC::HIG && DPT::$ && CTR::$,SEC::LOW && DPT::MKG && CTR::$,,,,,same,same,failure,16,16,failure,failure,687401.483,660594.279
SEC::HIG && DPT::$ && CTR::$,SEC::LOW && DPT::MKG && CTR::EN,,,,,same,same,failure,8,8,failure,failure,392744.631,365539.390
SEC::HIG && DPT::$ && CTR::$,SEC::LOW && DPT::MKG && CTR::FR,,,,,same,same,failure,8,8,failure,failure,442597.672,365125.519
SEC::HIG && DPT::$ && CTR::$,SEC::MED,,,,,different,TN_TN,failure,48,3,failure,failure,1891357.238,183775.021
SEC::HIG && DPT::$ && CTR::$,SEC::MED && CTR::$,,,,,different,TN_TN,failure,48,12,failure,failure,2265569.657,513603.546
SEC::HIG && DPT::$ && CTR::$,SEC::MED && CTR::EN,,,,,different,TN_TN,failure,24,6,failure,failure,1251065.937,294713.028
SEC::HIG && DPT::$ && CTR::$,SEC::MED && CTR::FR,,,,,different,TN_TN,failure,24,6,failure,failure,973811.447,294443.252
SEC::HIG && DPT::$ && CTR::$,SEC::MED && DPT::$,,,,,different,TN_TN,failure,48,12,failure,failure,1987274.965,514732.209
SEC::HIG && DPT::$ && CTR::$,SEC::MED && DPT::$ && CTR::$,,,,,same,same,failure,48,48,failure,failure,1855861.522,1830345.390
SEC::HIG && DPT::$ && CTR::$,SEC::MED && DPT::$ && CTR::EN,,,,,same,same,failure,24,24,failure,failure,999396.312,953015.328
SEC::HIG && DPT::$ && CTR::$,SEC::MED && DPT::$ && CTR::FR,,,,,same,same,failure,24,24,failure,failure,970337.576,951834.703
SEC::HIG && DPT::$ && CTR::$,SEC::MED && DPT::DEV,,,,,different,TN_TN,failure,24,6,failure,failure,998941.083,292302.256
SEC::HIG && DPT::$ && CTR::$,SEC::MED && DPT::DEV && CTR::$,,,,,same,same,failure,24,24,failure,failure,984248.610,954226.415
SEC::HIG && DPT::$ && CTR::$,SEC::MED && DPT::DEV && CTR::EN,,,,,same,same,failure,12,12,failure,failure,543539.274,515653.221
SEC::HIG && DPT::$ && CTR::$,SEC::MED && DPT::DEV && CTR::FR,,,,,same,same,failure,12,12,failure,failure,535230.884,517220.356
SEC::HIG && DPT::$ && CTR::$,SEC::MED && DPT::MKG,,,,,different,TN_TN,failure,24,6,failure,failure,1023226.351,292787.947
SEC::HIG && DPT::$ && CTR::$,SEC::MED && DPT::MKG && CTR::$,,,,,same,same,failure,24,24,failure,failure,997772.371,953770.910
SEC::HIG && DPT::$ && CTR::$,SEC::MED && DPT::MKG && CTR::EN,,,,,same,same,failure,12,12,failure,failure,536500.941,513469.119
SEC::HIG && DPT::$ && CTR::$,SEC::MED && DPT::MKG && CTR::FR,,,,,same,same,failure,12,12,failure,failure,538690.264,514679.615
SEC::HIG && DPT::$ && CTR::EN,CTR::$,,,,,different,TN_FP,failure,80,4,success,failure,1825127.713,234196.409
SEC::HIG && DPT::$ && CTR::EN,CTR::EN,,,,,different,TN_FP,failure,40,2,success,failure,1011230.260,156719.852
SEC::HIG && DPT::$ && CTR::EN,CTR::FR,,,,,different,TN_TN,failure,40,2,failure,failure,1713750.157,155749.372
SEC::HIG && DPT::$ && CTR::EN,DPT::$,,,,,different,TN_FP,failure,80,4,success,failure,2070925.022,234295.645
SEC::HIG && DPT::$ && CTR::EN,DPT::$ && CTR::$,,,,,different,TN_FP,failure,80,16,success,failure,1934175.289,704590.485
SEC::HIG && DPT::$ && CTR::EN,DPT::$ && CTR::EN,,,,,different,TN_FP,failure,40,8,success,failure,1017829.719,390587.314
SEC::HIG && DPT::$ && CTR::EN,DPT::$ && CTR::FR,,,,,different,TN_TN,failure,40,8,failure,failure,1844047.401,408197.977
SEC::HIG && DPT::$ && CTR::EN,DPT::DEV,,,,,different,TN_TN,failure,40,2,failure,failure,1728884.605,156502.540
SEC::HIG && DPT::$ && CTR::EN,DPT::DEV && CTR::$,,,,,different,TN_TN,failure,40,8,failure,failure,1760689.684,392202.674
SEC::HIG && DPT::$ && CTR::EN,DPT::DEV && CTR::EN,,,,,different,TN_TN,failure,20,4,failure,failure,905002.733,234046.167
SEC::HIG && DPT::$ && CTR::EN,DPT::DEV && CTR::FR,,,,,different,TN_TN,failure,20,4,failure,failure,899984.050,234134.508
SEC::HIG && DPT::$ && CTR::EN,DPT::MKG,,,,,different,TN_TN,failure,40,2,failure,failure,1743559.877,156246.674
SEC::HIG && DPT::$ && CTR::EN,DPT::MKG && CTR::$,,,,,different,TN_TN,failure,40,8,failure,failure,1713274.400,390908.667
SEC::HIG && DPT::$ && CTR::EN,DPT::MKG && CTR::EN,,,,,different,TN_TN,failure,20,4,failure,failure,902375.355,234271.479
SEC::HIG && DPT::$ && CTR::EN,DPT::MKG && CTR::FR,,,,,different,TN_TN,failure,20,4,failure,failure,897875.555,234022.748
SEC::HIG && DPT::$ && CTR::EN,SEC::$,,,,,different,TN_FP,failure,80,5,success,failure,1722155.473,267010.355
SEC::HIG && DPT::$ && CTR::EN,SEC::$ && CTR::$,,,,,different,TN_FP,failure,80,20,success,failure,1843313.354,823675.910
SEC::HIG && DPT::$ && CTR::EN,SEC::$ && CTR::EN,,,,,different,TN_FP,failure,40,10,success,failure,958983.188,458223.909
SEC::HIG && DPT::$ && CTR::EN,SEC::$ && CTR::FR,,,,,different,TN_TN,failure,40,10,failure,failure,1635160.933,457388.552
SEC::HIG && DPT::$ && CTR::EN,SEC::$ && DPT::$,,,,,different,TN_FP,failure,80,20,success,failure,1674163.071,783552.559
SEC::HIG && DPT::$ && CTR::EN,SEC::$ && DPT::$ && CTR::$,,,,,same,same,success,80,80,success,success,1822696.212,1596755.308
SEC::HIG && DPT::$ && CTR::EN,SEC::$ && DPT::$ && CTR::EN,,,,,same,same,success,40,40,success,success,948995.523,849202.296
SEC::HIG && DPT::$ && CTR::EN,SEC::$ && DPT::$ && CTR::FR,,,,,same,same,failure,40,40,failure,failure,1586787.992,1481217.930
SEC::HIG && DPT::$ && CTR::EN,SEC::$ && DPT::DEV,,,,,different,TN_TN,failure,40,10,failure,failure,1611856.109,445225.146
SEC::HIG && DPT::$ && CTR::EN,SEC::$ && DPT::DEV && CTR::$,,,,,same,same,failure,40,40,failure,failure,1595227.473,1563840.177
SEC::HIG && DPT::$ && CTR::EN,SEC::$ && DPT::DEV && CTR::EN,,,,,same,same,failure,20,20,failure,failure,845875.551,816371.168
SEC::HIG && DPT::$ && CTR::EN,SEC::$ && DPT::DEV && CTR::FR,,,,,same,same,failure,20,20,failure,failure,846742.718,818245.740
SEC::HIG && DPT::$ && CTR::EN,SEC::$ && DPT::MKG,,,,,different,TN_TN,failure,40,10,failure,failure,1624445.042,434153.764
SEC::HIG && DPT::$ && CTR::EN,SEC::$ && DPT::MKG && CTR::$,,,,,same,same,failure,40,40,failure,failure,1614841.348,1521292.539
SEC::HIG && DPT::$ && CTR::EN,SEC::$ && DPT::MKG && CTR::EN,,,,,same,same,failure,20,20,failure,failure,840036.493,795664.643
SEC::HIG && DPT::$ && CTR::EN,SEC::$ && DPT::MKG && CTR::FR,,,,,same,same,failure,20,20,failure,failure,842710.253,796155.478
SEC::HIG && DPT::$ && CTR::EN,SEC::HIG,,,,,different,TN_FP,failure,64,4,success,failure,1455049.904,228644.445
SEC::HIG && DPT::$ && CTR::EN,SEC::HIG && CTR::$,,,,,different,TN_FP,failure,64,16,success,failure,1508349.942,697479.311
SEC::HIG && DPT::$ && CTR::EN,SEC::HIG && CTR::EN,,,,,different,TN_FP,failure,32,8,success,failure,892851.221,381465.428
SEC::HIG && DPT::$ && CTR::EN,SEC::HIG && CTR::FR,,,,,different,TN_TN,failure,32,8,failure,failure,1409032.793,381369.980
SEC::HIG && DPT::$ && CTR::EN,SEC::HIG && DPT::$,,,,,different,TN_FP,failure,64,16,success,failure,1398767.052,687313.909
SEC::HIG && DPT::$ && CTR::EN,SEC::HIG && DPT::$ && CTR::$,,,,,same,same,success,64,64,success,success,1335423.881,1360437.421
SEC::HIG && DPT::$ && CTR::EN,SEC::HIG && DPT::$ && CTR::EN,,,,,same,same,success,32,32,success,success,789723.614,741493.140
SEC::HIG && DPT::$ && CTR::EN,SEC::HIG && DPT::$ && CTR::FR,,,,,same,same,failure,32,32,failure,failure,1320725.961,1301422.813
SEC::HIG && DPT::$ && CTR::EN,SEC::HIG && DPT::DEV,,,,,different,TN_TN,failure,32,8,failure,failure,1421247.775,387645.246
SEC::HIG && DPT::$ && CTR::EN,SEC::HIG && DPT::DEV && CTR::$,,,,,same,same,failure,32,32,failure,failure,1405055.553,1306757.019
SEC::HIG && DPT::$ && CTR::EN,SEC::HIG && DPT::DEV && CTR::EN,,,,,same,same,failure,16,16,failure,failure,739896.240,694310.974
SEC::HIG && DPT::$ && CTR::EN,SEC::HIG && DPT::DEV && CTR::FR,,,,,same,same,failure,16,16,failure,failure,950995.475,697653.628
SEC::HIG && DPT::$ && CTR::EN,SEC::HIG && DPT::MKG,,,,,different,TN_TN,failure,32,8,failure,failure,1334450.144,382148.545
SEC::HIG && DPT::$ && CTR::EN,SEC::HIG && DPT::MKG && CTR::$,,,,,same,same,failure,32,32,failure,failure,1307227.867,1299178.359
SEC::HIG && DPT::$ && CTR::EN,SEC::HIG && DPT::MKG && CTR::EN,,,,,same,same,failure,16,16,failure,failure,701750.949,686027.797
SEC::HIG && DPT::$ && CTR::EN,SEC::HIG && DPT::MKG && CTR::FR,,,,,same,same,failure,16,16,failure,failure,687436.389,686988.373
SEC::HIG && DPT::$ && CTR::EN,SEC::LOW,,,,,different,TN_TN,failure,32,2,failure,failure,1416555.789,156208.944
SEC::HIG && DPT::$ && CTR::EN,SEC::LOW && CTR::$,,,,,different,TN_TN,failure,32,8,failure,failure,1404604.642,401388.860
SEC::HIG && DPT::$ && CTR::EN,SEC::LOW && CTR::EN,,,,,different,TN_TN,failure,16,4,failure,failure,742864.463,234384.146
SEC::HIG && DPT::$ && CTR::EN,SEC::LOW && CTR::FR,,,,,different,TN_TN,failure,16,4,failure,failure,756691.855,235187.943
SEC::HIG && DPT::$ && CTR::EN,SEC::LOW && DPT::$,,,,,different,TN_TN,failure,32,8,failure,failure,1508756.334,394657.218
SEC::HIG && DPT::$ && CTR::EN,SEC::LOW && DPT::$ && CTR::$,,,,,same,same,failure,32,32,failure,failure,1565669.359,1341891.357
SEC::HIG && DPT::$ && CTR::EN,SEC::LOW && DPT::$ && CTR::EN,,,,,same,same,failure,16,16,failure,failure,776028.660,710462.380
SEC::HIG && DPT::$ && CTR::EN,SEC::LOW && DPT::$ && CTR::FR,,,,,same,same,failure,16,16,failure,failure,779994.078,711755.290
SEC::HIG && DPT::$ && CTR::EN,SEC::LOW && DPT::DEV,,,,,different,TN_TN,failure,16,4,failure,failure,758052.417,236781.458
SEC::HIG && DPT::$ && CTR::EN,SEC::LOW && DPT::DEV && CTR::$,,,,,same,same,failure,16,16,failure,failure,761908.309,703877.203
SEC::HIG && DPT::$ && CTR::EN,SEC::LOW && DPT::DEV && CTR::EN,,,,,same,same,failure,8,8,failure,failure,417237.122,393025.508
SEC::HIG && DPT::$ && CTR::EN,SEC::LOW && DPT::DEV && CTR::FR,,,,,same,same,failure,8,8,failure,failure,422062.173,390463.828
SEC::HIG && DPT::$ && CTR::EN,SEC::LOW && DPT::MKG,,,,,different,TN_TN,failure,16,4,failure,failure,761446.252,234402.070
SEC::HIG && DPT::$ && CTR::EN,SEC::LOW && DPT::MKG && CTR::$,,,,,same,same,failure,16,16,failure,failure,754370.290,711524.331
SEC::HIG && DPT::$ && CTR::EN,SEC::LOW && DPT::MKG && CTR::EN,,,,,same,same,failure,8,8,failure,failure,421446.047,392294.963
SEC::HIG && DPT::$ && CTR::EN,SEC::LOW && DPT::MKG && CTR::FR,,,,,same,same,failure,8,8,failure,failure,414353.193,394930.496
SEC::HIG && DPT::$ && CTR::EN,SEC::MED,,,,,different,TN_TN,failure,48,3,failure,failure,2084022.680,196484.671
SEC::HIG && DPT::$ && CTR::EN,SEC::MED && CTR::$,,,,,different,TN_TN,failure,48,12,failure,failure,2038153.015,550839.191
SEC::HIG && DPT::$ && CTR::EN,SEC::MED && CTR::EN,,,,,different,TN_TN,failure,24,6,failure,failure,1056466.251,314277.927
SEC::HIG && DPT::$ && CTR::EN,SEC::MED && CTR::FR,,,,,different,TN_TN,failure,24,6,failure,failure,1070667.349,314093.882
SEC::HIG && DPT::$ && CTR::EN,SEC::MED && DPT::$,,,,,different,TN_TN,failure,48,12,failure,failure,2088448.227,548275.723
SEC::HIG && DPT::$ && CTR::EN,SEC::MED && DPT::$ && CTR::$,,,,,same,same,failure,48,48,failure,failure,2052503.678,1908841.654
SEC::HIG && DPT::$ && CTR::EN,SEC::MED && DPT::$ && CTR::EN,,,,,same,same,failure,24,24,failure,failure,1088843.548,1021407.220
SEC::HIG && DPT::$ && CTR::EN,SEC::MED && DPT::$ && CTR::FR,,,,,same,same,failure,24,24,failure,failure,1072229.103,991707.125
SEC::HIG && DPT::$ && CTR::EN,SEC::MED && DPT::DEV,,,,,different,TN_TN,failure,24,6,failure,failure,1116073.109,314739.202
SEC::HIG && DPT::$ && CTR::EN,SEC::MED && DPT::DEV && CTR::$,,,,,same,same,failure,24,24,failure,failure,1089711.411,1021138.039
SEC::HIG && DPT::$ && CTR::EN,SEC::MED && DPT::DEV && CTR::EN,,,,,same,same,failure,12,12,failure,failure,575383.070,551239.647
SEC::HIG && DPT::$ && CTR::EN,SEC::MED && DPT::DEV && CTR::FR,,,,,same,same,failure,12,12,failure,failure,585430.221,551372.341
SEC::HIG && DPT::$ && CTR::EN,SEC::MED && DPT::MKG,,,,,different,TN_TN,failure,24,6,failure,failure,1083746.627,315178.176
SEC::HIG && DPT::$ && CTR::EN,SEC::MED && DPT::MKG && CTR::$,,,,,same,same,failure,24,24,failure,failure,1084077.443,1021620.014
SEC::HIG && DPT::$ && CTR::EN,SEC::MED && DPT::MKG && CTR::EN,,,,,same,same,failure,12,12,failure,failure,580126.618,550439.196
SEC::HIG && DPT::$ && CTR::EN,SEC::MED && DPT::MKG && CTR::FR,,,,,same,same,failure,12,12,failure,failure,574338.125,553220.283
SEC::HIG && DPT::$ && CTR::FR,CTR::$,,,,,different,TN_FP,failure,80,4,success,failure,1602633.485,222479.291
SEC::HIG && DPT::$ && CTR::FR,CTR::EN,,,,,different,TN_TN,failure,40,2,failure,failure,1570208.038,148108.735
SEC::HIG && DPT::$ && CTR::FR,CTR::FR,,,,,different,TN_FP,failure,40,2,success,failure,907602.169,148038.458
SEC::HIG && DPT::$ && CTR::FR,DPT::$,,,,,different,TN_FP,failure,80,4,success,failure,1634181.260,221776.236
SEC::HIG && DPT::$ && CTR::FR,DPT::$ && CTR::$,,,,,different,TN_FP,failure,80,16,success,failure,1732588.092,661957.306
SEC::HIG && DPT::$ && CTR::FR,DPT::$ && CTR::EN,,,,,different,TN_TN,failure,40,8,failure,failure,1560447.008,369996.752
SEC::HIG && DPT::$ && CTR::FR,DPT::$ && CTR::FR,,,,,different,TN_FP,failure,40,8,success,failure,927690.305,369894.605
SEC::HIG && DPT::$ && CTR::FR,DPT::DEV,,,,,different,TN_TN,failure,40,2,failure,failure,1569768.628,148326.212
SEC::HIG && DPT::$ && CTR::FR,DPT::DEV && CTR::$,,,,,different,TN_TN,failure,40,8,failure,failure,1562136.988,369459.915
SEC::HIG && DPT::$ && CTR::FR,DPT::DEV && CTR::EN,,,,,different,TN_TN,failure,20,4,failure,failure,822818.561,221239.089
SEC::HIG && DPT::$ && CTR::FR,DPT::DEV && CTR::FR,,,,,different,TN_TN,failure,20,4,failure,failure,817750.490,221306.140
SEC::HIG && DPT::$ && CTR::FR,DPT::MKG,,,,,different,TN_TN,failure,40,2,failure,failure,1618571.144,147571.678
SEC::HIG && DPT::$ && CTR::FR,DPT::MKG && CTR::$,,,,,different,TN_TN,failure,40,8,failure,failure,1559127.794,370455.637
SEC::HIG && DPT::$ && CTR::FR,DPT::MKG && CTR::EN,,,,,different,TN_TN,failure,20,4,failure,failure,891806.771,221598.022
SEC::HIG && DPT::$ && CTR::FR,DPT::MKG && CTR::FR,,,,,different,TN_TN,failure,20,4,failure,failure,820981.240,221702.208
SEC::HIG && DPT::$ && CTR::FR,SEC::$,,,,,different,TN_FP,failure,80,5,success,failure,1839723.100,254475.016
SEC::HIG && DPT::$ && CTR::FR,SEC::$ && CTR::$,,,,,different,TN_FP,failure,80,20,success,failure,1737772.437,791728.244
SEC::HIG && DPT::$ && CTR::FR,SEC::$ && CTR::EN,,,,,different,TN_TN,failure,40,10,failure,failure,1576960.834,436803.309
SEC::HIG && DPT::$ && CTR::FR,SEC::$ && CTR::FR,,,,,different,TN_FP,failure,40,10,success,failure,992717.539,430621.403
SEC::HIG && DPT::$ && CTR::FR,SEC::$ && DPT::$,,,,,different,TN_FP,failure,80,20,success,failure,1717388.987,790099.745
SEC::HIG && DPT::$ && CTR::FR,SEC::$ && DPT::$ && CTR::$,,,,,same,same,success,80,80,success,success,1679241.161,1540029.014
SEC::HIG && DPT::$ && CTR::FR,SEC::$ && DPT::$ && CTR::EN,,,,,same,same,failure,40,40,failure,failure,1564594.823,1478375.468
SEC::HIG && DPT::$ && CTR::FR,SEC::$ && DPT::$ && CTR::FR,,,,,same,same,success,40,40,success,success,881686.874,835781.081
SEC::HIG && DPT::$ && CTR::FR,SEC::$ && DPT::DEV,,,,,different,TN_TN,failure,40,10,failure,failure,1589842.246,430379.324
SEC::HIG && DPT::$ && CTR::FR,SEC::$ && DPT::DEV && CTR::$,,,,,same,same,failure,40,40,failure,failure,1610879.081,1509249.239
SEC::HIG && DPT::$ && CTR::FR,SEC::$ && DPT::DEV && CTR::EN,,,,,same,same,failure,20,20,failure,failure,861887.926,789819.809
SEC::HIG && DPT::$ && CTR::FR,SEC::$ && DPT::DEV && CTR::FR,,,,,same,same,failure,20,20,failure,failure,834764.780,789526.674
SEC::HIG && DPT::$ && CTR::FR,SEC::$ && DPT::MKG,,,,,different,TN_TN,failure,40,10,failure,failure,1599488.676,431374.445
SEC::HIG && DPT::$ && CTR::FR,SEC::$ && DPT::MKG && CTR::$,,,,,same,same,failure,40,40,failure,failure,1588543.981,1509264.102
SEC::HIG && DPT::$ && CTR::FR,SEC::$ && DPT::MKG && CTR::EN,,,,,same,same,failure,20,20,failure,failure,820196.679,791786.162
SEC::HIG && DPT::$ && CTR::FR,SEC::$ && DPT::MKG && CTR::FR,,,,,same,same,failure,20,20,failure,failure,843266.311,789734.635
SEC::HIG && DPT::$ && CTR::FR,SEC::HIG,,,,,different,TN_FP,failure,64,4,success,failure,1517427.575,223244.826
SEC::HIG && DPT::$ && CTR::FR,SEC::HIG && CTR::$,,,,,different,TN_FP,failure,64,16,success,failure,1442176.647,669094.498
SEC::HIG && DPT::$ && CTR::FR,SEC::HIG && CTR::EN,,,,,different,TN_TN,failure,32,8,failure,failure,1315735.766,371820.117
SEC::HIG && DPT::$ && CTR::FR,SEC::HIG && CTR::FR,,,,,different,TN_FP,failure,32,8,success,failure,796240.147,371727.784
SEC::HIG && DPT::$ && CTR::FR,SEC::HIG && DPT::$,,,,,different,TN_FP,failure,64,16,success,failure,1370034.907,646025.157
SEC::HIG && DPT::$ && CTR::FR,SEC::HIG && DPT::$ && CTR::$,,,,,same,same,success,64,64,success,success,1472976.400,1281087.174
SEC::HIG && DPT::$ && CTR::FR,SEC::HIG && DPT::$ && CTR::EN,,,,,same,same,failure,32,32,failure,failure,1333811.322,1224198.430
SEC::HIG && DPT::$ && CTR::FR,SEC::HIG && DPT::$ && CTR::FR,,,,,same,same,success,32,32,success,success,785559.468,724625.742
SEC::HIG && DPT::$ && CTR::FR,SEC::HIG && DPT::DEV,,,,,different,TN_TN,failure,32,8,failure,failure,1291390.451,371900.152
SEC::HIG && DPT::$ && CTR::FR,SEC::HIG && DPT::DEV && CTR::$,,,,,same,same,failure,32,32,failure,failure,1517693.453,1259317.269
SEC::HIG && DPT::$ && CTR::FR,SEC::HIG && DPT::DEV && CTR::EN,,,,,same,same,failure,16,16,failure,failure,721966.399,667436.855
SEC::HIG && DPT::$ && CTR::FR,SEC::HIG && DPT::DEV && CTR::FR,,,,,same,same,failure,16,16,failure,failure,684365.649,668572.129
SEC::HIG && DPT::$ && CTR::FR,SEC::HIG && DPT::MKG,,,,,different,TN_TN,failure,32,8,failure,failure,1279115.045,372684.964
SEC::HIG && DPT::$ && CTR::FR,SEC::HIG && DPT::MKG && CTR::$,,,,,same,same,failure,32,32,failure,failure,1310855.147,1220807.043
SEC::HIG && DPT::$ && CTR::FR,SEC::HIG && DPT::MKG && CTR::EN,,,,,same,same,failure,16,16,failure,failure,684782.596,653057.337
SEC::HIG && DPT::$ && CTR::FR,SEC::HIG && DPT::MKG && CTR::FR,,,,,same,same,failure,16,16,failure,failure,692228.242,646438.728
SEC::HIG && DPT::$ && CTR::FR,SEC::LOW,,,,,different,TN_TN,failure,32,2,failure,failure,1257239.602,146748.038
SEC::HIG && DPT::$ && CTR::FR,SEC::LOW && CTR::$,,,,,different,TN_TN,failure,32,8,failure,failure,1270980.923,371285.920
SEC::HIG && DPT::$ && CTR::FR,SEC::LOW && CTR::EN,,,,,different,TN_TN,failure,16,4,failure,failure,672799.188,220552.647
SEC::HIG && DPT::$ && CTR::FR,SEC::LOW && CTR::FR,,,,,different,TN_TN,failure,16,4,failure,failure,673822.502,220767.699
SEC::HIG && DPT::$ && CTR::FR,SEC::LOW && DPT::$,,,,,different,TN_TN,failure,32,8,failure,failure,1255141.441,369356.436
SEC::HIG && DPT::$ && CTR::FR,SEC::LOW && DPT::$ && CTR::$,,,,,same,same,failure,32,32,failure,failure,1256032.187,1251112.819
SEC::HIG && DPT::$ && CTR::FR,SEC::LOW && DPT::$ && CTR::EN,,,,,same,same,failure,16,16,failure,failure,665090.423,662695.841
SEC::HIG && DPT::$ && CTR::FR,SEC::LOW && DPT::$ && CTR::FR,,,,,same,same,failure,16,16,failure,failure,665093.980,660457.233
SEC::HIG && DPT::$ && CTR::FR,SEC::LOW && DPT::DEV,,,,,different,TN_TN,failure,16,4,failure,failure,672539.030,222715.834
SEC::HIG && DPT::$ && CTR::FR,SEC::LOW && DPT::DEV && CTR::$,,,,,same,same,failure,16,16,failure,failure,733494.021,666225.006
SEC::HIG && DPT::$ && CTR::FR,SEC::LOW && DPT::DEV && CTR::EN,,,,,same,same,failure,8,8,failure,failure,371702.265,372804.027
SEC::HIG && DPT::$ && CTR::FR,SEC::LOW && DPT::DEV && CTR::FR,,,,,same,same,failure,8,8,failure,failure,402830.945,370454.109
SEC::HIG && DPT::$ && CTR::FR,SEC::LOW && DPT::MKG,,,,,different,TN_TN,failure,16,4,failure,failure,666942.723,222080.948
SEC::HIG && DPT::$ && CTR::FR,SEC::LOW && DPT::MKG && CTR::$,,,,,same,same,failure,16,16,failure,failure,671378.713,662931.659
SEC::HIG && DPT::$ && CTR::FR,SEC::LOW && DPT::MKG && CTR::EN,,,,,same,same,failure,8,8,failure,failure,369390.920,368300.655
SEC::HIG && DPT::$ && CTR::FR,SEC::LOW && DPT::MKG && CTR::FR,,,,,same,same,failure,8,8,failure,failure,368629.151,368734.318
SEC::HIG && DPT::$ && CTR::FR,SEC::MED,,,,,different,TN_TN,failure,48,3,failure,failure,1866605.064,183146.477
SEC::HIG && DPT::$ && CTR::FR,SEC::MED && CTR::$,,,,,different,TN_TN,failure,48,12,failure,failure,1854588.860,517276.000
SEC::HIG && DPT::$ && CTR::FR,SEC::MED && CTR::EN,,,,,different,TN_TN,failure,24,6,failure,failure,961454.398,293905.964
SEC::HIG && DPT::$ && CTR::FR,SEC::MED && CTR::FR,,,,,different,TN_TN,failure,24,6,failure,failure,963623.377,303369.395
SEC::HIG && DPT::$ && CTR::FR,SEC::MED && DPT::$,,,,,different,TN_TN,failure,48,12,failure,failure,1861398.718,522062.224
SEC::HIG && DPT::$ && CTR::FR,SEC::MED && DPT::$ && CTR::$,,,,,same,same,failure,48,48,failure,failure,1918848.350,1860798.984
SEC::HIG && DPT::$ && CTR::FR,SEC::MED && DPT::$ && CTR::EN,,,,,same,same,failure,24,24,failure,failure,962862.995,965429.779
SEC::HIG && DPT::$ && CTR::FR,SEC::MED && DPT::$ && CTR::FR,,,,,same,same,failure,24,24,failure,failure,962241.674,961556.600
SEC::HIG && DPT::$ && CTR::FR,SEC::MED && DPT::DEV,,,,,different,TN_TN,failure,24,6,failure,failure,967783.199,293974.889
SEC::HIG && DPT::$ && CTR::FR,SEC::MED && DPT::DEV && CTR::$,,,,,same,same,failure,24,24,failure,failure,972828.062,959949.745
SEC::HIG && DPT::$ && CTR::FR,SEC::MED && DPT::DEV && CTR::EN,,,,,same,same,failure,12,12,failure,failure,525162.083,513420.338
SEC::HIG && DPT::$ && CTR::FR,SEC::MED && DPT::DEV && CTR::FR,,,,,same,same,failure,12,12,failure,failure,521398.613,514510.839
SEC::HIG && DPT::$ && CTR::FR,SEC::MED && DPT::MKG,,,,,different,TN_TN,failure,24,6,failure,failure,974296.597,294717.085
SEC::HIG && DPT::$ && CTR::FR,SEC::MED && DPT::MKG && CTR::$,,,,,same,same,failure,24,24,failure,failure,999343.348,967693.897
SEC::HIG && DPT::$ && CTR::FR,SEC::MED && DPT::MKG && CTR::EN,,,,,same,same,failure,12,12,failure,failure,536708.025,521488.136
SEC::HIG && DPT::$ && CTR::FR,SEC::MED && DPT::MKG && CTR::FR,,,,,same,same,failure,12,12,failure,failure,577206.144,520809.459
SEC::HIG && DPT::DEV,CTR::$,,,,,different,TN_FP,failure,80,4,success,failure,2008774.192,221439.966
SEC::HIG && DPT::DEV,CTR::EN,,,,,different,TN_FP,failure,40,2,success,failure,1144084.967,150015.421
SEC::HIG && DPT::DEV,CTR::FR,,,,,different,TN_FP,failure,40,2,success,failure,1064747.064,147062.071
SEC::HIG && DPT::DEV,DPT::$,,,,,different,TN_FP,failure,80,4,success,failure,1939975.589,301128.978
SEC::HIG && DPT::DEV,DPT::$ && CTR::$,,,,,different,TN_FP,failure,80,16,success,failure,2071768.404,660129.208
SEC::HIG && DPT::DEV,DPT::$ && CTR::EN,,,,,different,TN_FP,failure,40,8,success,failure,1040087.113,500044.659
SEC::HIG && DPT::DEV,DPT::$ && CTR::FR,,,,,different,TN_FP,failure,40,8,success,failure,1017001.866,438889.602
SEC::HIG && DPT::DEV,DPT::DEV,,,,,different,TN_FP,failure,40,2,success,failure,1175520.833,148170.270
SEC::HIG && DPT::DEV,DPT::DEV && CTR::$,,,,,different,TN_FP,failure,40,8,success,failure,1107049.799,375796.220
SEC::HIG && DPT::DEV,DPT::DEV && CTR::EN,,,,,different,TN_FP,failure,20,4,success,failure,638456.550,223524.201
SEC::HIG && DPT::DEV,DPT::DEV && CTR::FR,,,,,different,TN_FP,failure,20,4,success,failure,667002.686,223920.674
SEC::HIG && DPT::DEV,DPT::MKG,,,,,different,TN_TN,failure,40,2,failure,failure,1961235.667,176060.655
SEC::HIG && DPT::DEV,DPT::MKG && CTR::$,,,,,different,TN_TN,failure,40,8,failure,failure,1855346.485,495819.573
SEC::HIG && DPT::DEV,DPT::MKG && CTR::EN,,,,,different,TN_TN,failure,20,4,failure,failure,987182.823,301250.626
SEC::HIG && DPT::DEV,DPT::MKG && CTR::FR,,,,,different,TN_TN,failure,20,4,failure,failure,1039181.284,293546.074
SEC::HIG && DPT::DEV,SEC::$,,,,,different,TN_FP,failure,80,5,success,failure,1999276.793,258976.535
SEC::HIG && DPT::DEV,SEC::$ && CTR::$,,,,,different,TN_FP,failure,80,20,success,failure,1985058.523,851467.409
SEC::HIG && DPT::DEV,SEC::$ && CTR::EN,,,,,different,TN_FP,failure,40,10,success,failure,1040567.980,442076.204
SEC::HIG && DPT::DEV,SEC::$ && CTR::FR,,,,,different,TN_FP,failure,40,10,success,failure,1135330.701,444365.248
SEC::HIG && DPT::DEV,SEC::$ && DPT::$,,,,,different,TP_TP,success,80,20,success,success,1979251.941,527097.272
SEC::HIG && DPT::DEV,SEC::$ && DPT::$ && CTR::$,,,,,same,same,success,80,80,success,success,1933307.997,1560002.404
SEC::HIG && DPT::DEV,SEC::$ && DPT::$ && CTR::EN,,,,,same,same,success,40,40,success,success,1036611.694,872956.392
SEC::HIG && DPT::DEV,SEC::$ && DPT::$ && CTR::FR,,,,,same,same,success,40,40,success,success,1070733.383,944410.904
SEC::HIG && DPT::DEV,SEC::$ && DPT::DEV,,,,,different,TP_TP,success,40,10,success,success,1014490.245,363771.294
SEC::HIG && DPT::DEV,SEC::$ && DPT::DEV && CTR::$,,,,,same,same,success,40,40,success,success,1058064.204,885960.100
SEC::HIG && DPT::DEV,SEC::$ && DPT::DEV && CTR::EN,,,,,same,same,success,20,20,success,success,634546.074,573462.693
SEC::HIG && DPT::DEV,SEC::$ && DPT::DEV && CTR::FR,,,,,same,same,success,20,20,success,success,608069.787,541026.566
SEC::HIG && DPT::DEV,SEC::$ && DPT::MKG,,,,,different,TN_TN,failure,40,10,failure,failure,1846179.245,461119.890
SEC::HIG && DPT::DEV,SEC::$ && DPT::MKG && CTR::$,,,,,same,same,failure,40,40,failure,failure,1849248.247,1606558.356
SEC::HIG && DPT::DEV,SEC::$ && DPT::MKG && CTR::EN,,,,,same,same,failure,20,20,failure,failure,967919.159,817936.374
SEC::HIG && DPT::DEV,SEC::$ && DPT::MKG && CTR::FR,,,,,same,same,failure,20,20,failure,failure,979482.965,830863.707
SEC::HIG && DPT::DEV,SEC::HIG,,,,,different,TN_FP,failure,64,4,success,failure,1640401.513,220913.428
SEC::HIG && DPT::DEV,SEC::HIG && CTR::$,,,,,different,TN_FP,failure,64,16,success,failure,1681593.508,664071.597
SEC::HIG && DPT::DEV,SEC::HIG && CTR::EN,,,,,different,TN_FP,failure,32,8,success,failure,938435.751,380840.271
SEC::HIG && DPT::DEV,SEC::HIG && CTR::FR,,,,,different,TN_FP,failure,32,8,success,failure,878853.715,369505.811
SEC::HIG && DPT::DEV,SEC::HIG && DPT::$,,,,,different,TP_TP,success,64,16,success,success,1632429.129,442299.408
SEC::HIG && DPT::DEV,SEC::HIG && DPT::$ && CTR::$,,,,,same,same,success,64,64,success,success,1617220.236,1334578.600
SEC::HIG && DPT::DEV,SEC::HIG && DPT::$ && CTR::EN,,,,,same,same,success,32,32,success,success,896951.125,706088.691
SEC::HIG && DPT::DEV,SEC::HIG && DPT::$ && CTR::FR,,,,,same,same,success,32,32,success,success,923724.706,800860.199
SEC::HIG && DPT::DEV,SEC::HIG && DPT::DEV,,,,,different,TP_TP,success,32,8,success,success,870195.855,312298.814
SEC::HIG && DPT::DEV,SEC::HIG && DPT::DEV && CTR::$,,,,,same,same,success,32,32,success,success,904839.453,736299.629
SEC::HIG && DPT::DEV,SEC::HIG && DPT::DEV && CTR::EN,,,,,same,same,success,16,16,success,success,526886.843,446187.962
SEC::HIG && DPT::DEV,SEC::HIG && DPT::DEV && CTR::FR,,,,,same,same,success,16,16,success,success,550015.938,456977.270
SEC::HIG && DPT::DEV,SEC::HIG && DPT::MKG,,,,,different,TN_TN,failure,32,8,failure,failure,1614153.337,369990.981
SEC::HIG && DPT::DEV,SEC::HIG && DPT::MKG && CTR::$,,,,,same,same,failure,32,32,failure,failure,1543360.113,1255461.833
SEC::HIG && DPT::DEV,SEC::HIG && DPT::MKG && CTR::EN,,,,,same,same,failure,16,16,failure,failure,789235.588,665497.126
SEC::HIG && DPT::DEV,SEC::HIG && DPT::MKG && CTR::FR,,,,,same,same,failure,16,16,failure,failure,797448.855,668100.039
SEC::HIG && DPT::DEV,SEC::LOW,,,,,different,TN_TN,failure,32,2,failure,failure,1532259.461,146211.511
SEC::HIG && DPT::DEV,SEC::LOW && CTR::$,,,,,different,TN_TN,failure,32,8,failure,failure,1530144.263,381723.948
SEC::HIG && DPT::DEV,SEC::LOW && CTR::EN,,,,,different,TN_TN,failure,16,4,failure,failure,805055.478,247719.610
SEC::HIG && DPT::DEV,SEC::LOW && CTR::FR,,,,,different,TN_TN,failure,16,4,failure,failure,796418.597,233862.438
SEC::HIG && DPT::DEV,SEC::LOW && DPT::$,,,,,different,TN_TN,failure,32,8,failure,failure,1536805.944,369925.738
SEC::HIG && DPT::DEV,SEC::LOW && DPT::$ && CTR::$,,,,,same,same,failure,32,32,failure,failure,1522595.343,1278578.749
SEC::HIG && DPT::DEV,SEC::LOW && DPT::$ && CTR::EN,,,,,same,same,failure,16,16,failure,failure,817980.882,684785.211
SEC::HIG && DPT::DEV,SEC::LOW && DPT::$ && CTR::FR,,,,,same,same,failure,16,16,failure,failure,813769.233,666600.040
SEC::HIG && DPT::DEV,SEC::LOW && DPT::DEV,,,,,different,TN_TN,failure,16,4,failure,failure,813307.897,223465.134
SEC::HIG && DPT::DEV,SEC::LOW && DPT::DEV && CTR::$,,,,,same,same,failure,16,16,failure,failure,807803.192,672450.584
SEC::HIG && DPT::DEV,SEC::LOW && DPT::DEV && CTR::EN,,,,,same,same,failure,8,8,failure,failure,445280.139,373677.771
SEC::HIG && DPT::DEV,SEC::LOW && DPT::DEV && CTR::FR,,,,,same,same,failure,8,8,failure,failure,445348.036,376686.936
SEC::HIG && DPT::DEV,SEC::LOW && DPT::MKG,,,,,different,TN_TN,failure,16,4,failure,failure,789865.495,227618.465
SEC::HIG && DPT::DEV,SEC::LOW && DPT::MKG && CTR::$,,,,,same,same,failure,16,16,failure,failure,810295.387,674803.357
SEC::HIG && DPT::DEV,SEC::LOW && DPT::MKG && CTR::EN,,,,,same,same,failure,8,8,failure,failure,438491.876,377279.327
SEC::HIG && DPT::DEV,SEC::LOW && DPT::MKG && CTR::FR,,,,,same,same,failure,8,8,failure,failure,442375.436,393788.233
SEC::HIG && DPT::DEV,SEC::MED,,,,,different,TN_TN,failure,48,3,failure,failure,2250094.209,194059.427
SEC::HIG && DPT::DEV,SEC::MED && CTR::$,,,,,different,TN_TN,failure,48,12,failure,failure,2252187.946,513228.288
SEC::HIG && DPT::DEV,SEC::MED && CTR::EN,,,,,different,TN_TN,failure,24,6,failure,failure,1167450.019,298410.373
SEC::HIG && DPT::DEV,SEC::MED && CTR::FR,,,,,different,TN_TN,failure,24,6,failure,failure,1199555.205,294650.836
SEC::HIG && DPT::DEV,SEC::MED && DPT::$,,,,,different,TN_TN,failure,48,12,failure,failure,2244310.355,519616.090
SEC::HIG && DPT::DEV,SEC::MED && DPT::$ && CTR::$,,,,,same,same,failure,48,48,failure,failure,2226366.893,1872657.262
SEC::HIG && DPT::DEV,SEC::MED && DPT::$ && CTR::EN,,,,,same,same,failure,24,24,failure,failure,1153851.847,970660.992
SEC::HIG && DPT::DEV,SEC::MED && DPT::$ && CTR::FR,,,,,same,same,failure,24,24,failure,failure,1148942.008,959648.185
SEC::HIG && DPT::DEV,SEC::MED && DPT::DEV,,,,,different,TN_TN,failure,24,6,failure,failure,1177487.642,291945.252
SEC::HIG && DPT::DEV,SEC::MED && DPT::DEV && CTR::$,,,,,same,same,failure,24,24,failure,failure,1167092.098,954066.385
SEC::HIG && DPT::DEV,SEC::MED && DPT::DEV && CTR::EN,,,,,same,same,failure,12,12,failure,failure,628365.672,512563.045
SEC::HIG && DPT::DEV,SEC::MED && DPT::DEV && CTR::FR,,,,,same,same,failure,12,12,failure,failure,624466.503,513117.220
SEC::HIG && DPT::DEV,SEC::MED && DPT::MKG,,,,,different,TN_TN,failure,24,6,failure,failure,1175203.548,293910.297
SEC::HIG && DPT::DEV,SEC::MED && DPT::MKG && CTR::$,,,,,same,same,failure,24,24,failure,failure,1150838.711,965562.328
SEC::HIG && DPT::DEV,SEC::MED && DPT::MKG && CTR::EN,,,,,same,same,failure,12,12,failure,failure,625779.346,518867.235
SEC::HIG && DPT::DEV,SEC::MED && DPT::MKG && CTR::FR,,,,,same,same,failure,12,12,failure,failure,617552.990,518934.401
SEC::HIG && DPT::DEV && CTR::$,CTR::$,,,,,different,TN_FP,failure,80,4,success,failure,1663387.950,218631.142
SEC::HIG && DPT::DEV && CTR::$,CTR::EN,,,,,different,TN_TN,failure,40,2,failure,failure,1587267.196,145934.733
SEC::HIG && DPT::DEV && CTR::$,CTR::FR,,,,,different,TN_TN,failure,40,2,failure,failure,1593569.042,145260.517
SEC::HIG && DPT::DEV && CTR::$,DPT::$,,,,,different,TN_FP,failure,80,4,success,failure,1651112.158,219693.845
SEC::HIG && DPT::DEV && CTR::$,DPT::$ && CTR::$,,,,,different,TN_FP,failure,80,16,success,failure,1632469.043,666065.011
SEC::HIG && DPT::DEV && CTR::$,DPT::$ && CTR::EN,,,,,different,TN_TN,failure,40,8,failure,failure,1688778.055,371511.938
SEC::HIG && DPT::DEV && CTR::$,DPT::$ && CTR::FR,,,,,different,TN_TN,failure,40,8,failure,failure,1624730.017,370577.135
SEC::HIG && DPT::DEV && CTR::$,DPT::DEV,,,,,different,TN_FP,failure,40,2,success,failure,888832.923,147024.636
SEC::HIG && DPT::DEV && CTR::$,DPT::DEV && CTR::$,,,,,different,TN_FP,failure,40,8,success,failure,925774.426,364412.241
SEC::HIG && DPT::DEV && CTR::$,DPT::DEV && CTR::EN,,,,,different,TN_TN,failure,20,4,failure,failure,831553.927,220635.497
SEC::HIG && DPT::DEV && CTR::$,DPT::DEV && CTR::FR,,,,,different,TN_TN,failure,20,4,failure,failure,840567.605,218838.341
SEC::HIG && DPT::DEV && CTR::$,DPT::MKG,,,,,different,TN_TN,failure,40,2,failure,failure,1766846.467,145590.371
SEC::HIG && DPT::DEV && CTR::$,DPT::MKG && CTR::$,,,,,different,TN_TN,failure,40,8,failure,failure,1597506.272,364278.325
SEC::HIG && DPT::DEV && CTR::$,DPT::MKG && CTR::EN,,,,,different,TN_TN,failure,20,4,failure,failure,837125.834,217815.082
SEC::HIG && DPT::DEV && CTR::$,DPT::MKG && CTR::FR,,,,,different,TN_TN,failure,20,4,failure,failure,831039.547,221924.084
SEC::HIG && DPT::DEV && CTR::$,SEC::$,,,,,different,TN_FP,failure,80,5,success,failure,1582857.845,255159.280
SEC::HIG && DPT::DEV && CTR::$,SEC::$ && CTR::$,,,,,different,TN_FP,failure,80,20,success,failure,1676251.328,810166.234
SEC::HIG && DPT::DEV && CTR::$,SEC::$ && CTR::EN,,,,,different,TN_TN,failure,40,10,failure,failure,1549962.001,442216.829
SEC::HIG && DPT::DEV && CTR::$,SEC::$ && CTR::FR,,,,,different,TN_TN,failure,40,10,failure,failure,1584899.299,443691.689
SEC::HIG && DPT::DEV && CTR::$,SEC::$ && DPT::$,,,,,different,TN_FP,failure,80,20,success,failure,1577960.299,804642.378
SEC::HIG && DPT::DEV && CTR::$,SEC::$ && DPT::$ && CTR::$,,,,,same,same,success,80,80,success,success,1580543.023,1592404.312
SEC::HIG && DPT::DEV && CTR::$,SEC::$ && DPT::$ && CTR::EN,,,,,same,same,failure,40,40,failure,failure,1547039.059,1540532.454
SEC::HIG && DPT::DEV && CTR::$,SEC::$ && DPT::$ && CTR::FR,,,,,same,same,failure,40,40,failure,failure,1557508.542,1548221.641
SEC::HIG && DPT::DEV && CTR::$,SEC::$ && DPT::DEV,,,,,different,TN_FP,failure,40,10,success,failure,871253.990,440009.608
SEC::HIG && DPT::DEV && CTR::$,SEC::$ && DPT::DEV && CTR::$,,,,,same,same,success,40,40,success,success,881890.626,862861.101
SEC::HIG && DPT::DEV && CTR::$,SEC::$ && DPT::DEV && CTR::EN,,,,,same,same,failure,20,20,failure,failure,824395.003,801541.280
SEC::HIG && DPT::DEV && CTR::$,SEC::$ && DPT::DEV && CTR::FR,,,,,same,same,failure,20,20,failure,failure,844407.037,802705.189
SEC::HIG && DPT::DEV && CTR::$,SEC::$ && DPT::MKG,,,,,different,TN_TN,failure,40,10,failure,failure,1544634.468,438205.193
SEC::HIG && DPT::DEV && CTR::$,SEC::$ && DPT::MKG && CTR::$,,,,,same,same,failure,40,40,failure,failure,1560628.614,1532418.975
SEC::HIG && DPT::DEV && CTR::$,SEC::$ && DPT::MKG && CTR::EN,,,,,same,same,failure,20,20,failure,failure,817077.828,803049.640
SEC::HIG && DPT::DEV && CTR::$,SEC::$ && DPT::MKG && CTR::FR,,,,,same,same,failure,20,20,failure,failure,908168.963,802653.898
SEC::HIG && DPT::DEV && CTR::$,SEC::HIG,,,,,different,TN_FP,failure,64,4,success,failure,1492330.464,219882.424
SEC::HIG && DPT::DEV && CTR::$,SEC::HIG && CTR::$,,,,,different,TN_FP,failure,64,16,success,failure,1374747.478,665941.449
SEC::HIG && DPT::DEV && CTR::$,SEC::HIG && CTR::EN,,,,,different,TN_TN,failure,32,8,failure,failure,1285386.975,368228.504
SEC::HIG && DPT::DEV && CTR::$,SEC::HIG && CTR::FR,,,,,different,TN_TN,failure,32,8,failure,failure,1288390.428,370582.550
SEC::HIG && DPT::DEV && CTR::$,SEC::HIG && DPT::$,,,,,different,TN_FP,failure,64,16,success,failure,1442935.231,662959.556
SEC::HIG && DPT::DEV && CTR::$,SEC::HIG && DPT::$ && CTR::$,,,,,same,same,success,64,64,success,success,1411628.827,1274809.669
SEC::HIG && DPT::DEV && CTR::$,SEC::HIG && DPT::$ && CTR::EN,,,,,same,same,failure,32,32,failure,failure,1257700.116,1244616.353
SEC::HIG && DPT::DEV && CTR::$,SEC::HIG && DPT::$ && CTR::FR,,,,,same,same,failure,32,32,failure,failure,1256163.008,1251362.508
SEC::HIG && DPT::DEV && CTR::$,SEC::HIG && DPT::DEV,,,,,different,TN_FP,failure,32,8,success,failure,736085.677,367766.618
SEC::HIG && DPT::DEV && CTR::$,SEC::HIG && DPT::DEV && CTR::$,,,,,same,same,success,32,32,success,success,746404.037,738620.738
SEC::HIG && DPT::DEV && CTR::$,SEC::HIG && DPT::DEV && CTR::EN,,,,,same,same,failure,16,16,failure,failure,667630.628,660769.182
SEC::HIG && DPT::DEV && CTR::$,SEC::HIG && DPT::DEV && CTR::FR,,,,,same,same,failure,16,16,failure,failure,730224.514,662264.452
SEC::HIG && DPT::DEV && CTR::$,SEC::HIG && DPT::MKG,,,,,different,TN_TN,failure,32,8,failure,failure,1258718.927,366745.513
SEC::HIG && DPT::DEV && CTR::$,SEC::HIG && DPT::MKG && CTR::$,,,,,same,same,failure,32,32,failure,failure,1259362.478,1252313.157
SEC::HIG && DPT::DEV && CTR::$,SEC::HIG && DPT::MKG && CTR::EN,,,,,same,same,failure,16,16,failure,failure,669886.069,660222.122
SEC::HIG && DPT::DEV && CTR::$,SEC::HIG && DPT::MKG && CTR::FR,,,,,same,same,failure,16,16,failure,failure,662653.322,662683.389
SEC::HIG && DPT::DEV && CTR::$,SEC::LOW,,,,,different,TN_TN,failure,32,2,failure,failure,1309376.578,147519.059
SEC::HIG && DPT::DEV && CTR::$,SEC::LOW && CTR::$,,,,,different,TN_TN,failure,32,8,failure,failure,1293865.964,367613.311
SEC::HIG && DPT::DEV && CTR::$,SEC::LOW && CTR::EN,,,,,different,TN_TN,failure,16,4,failure,failure,669907.809,220049.793
SEC::HIG && DPT::DEV && CTR::$,SEC::LOW && CTR::FR,,,,,different,TN_TN,failure,16,4,failure,failure,670107.379,222732.356
SEC::HIG && DPT::DEV && CTR::$,SEC::LOW && DPT::$,,,,,different,TN_TN,failure,32,8,failure,failure,1281998.343,380969.975
SEC::HIG && DPT::DEV && CTR::$,SEC::LOW && DPT::$ && CTR::$,,,,,same,same,failure,32,32,failure,failure,1269397.548,1277206.971
SEC::HIG && DPT::DEV && CTR::$,SEC::LOW && DPT::$ && CTR::EN,,,,,same,same,failure,16,16,failure,failure,669980.657,671694.145
SEC::HIG && DPT::DEV && CTR::$,SEC::LOW && DPT::$ && CTR::FR,,,,,same,same,failure,16,16,failure,failure,669039.836,673786.901
SEC::HIG && DPT::DEV && CTR::$,SEC::LOW && DPT::DEV,,,,,different,TN_TN,failure,16,4,failure,failure,677196.191,218811.541
SEC::HIG && DPT::DEV && CTR::$,SEC::LOW && DPT::DEV && CTR::$,,,,,same,same,failure,16,16,failure,failure,667777.969,671501.053
SEC::HIG && DPT::DEV && CTR::$,SEC::LOW && DPT::DEV && CTR::EN,,,,,same,same,failure,8,8,failure,failure,369594.732,368389.682
SEC::HIG && DPT::DEV && CTR::$,SEC::LOW && DPT::DEV && CTR::FR,,,,,same,same,failure,8,8,failure,failure,368061.471,380760.166
SEC::HIG && DPT::DEV && CTR::$,SEC::LOW && DPT::MKG,,,,,different,TN_TN,failure,16,4,failure,failure,671114.228,226061.064
SEC::HIG && DPT::DEV && CTR::$,SEC::LOW && DPT::MKG && CTR::$,,,,,same,same,failure,16,16,failure,failure,663503.145,670679.487
SEC::HIG && DPT::DEV && CTR::$,SEC::LOW && DPT::MKG && CTR::EN,,,,,same,same,failure,8,8,failure,failure,370920.945,368821.677
SEC::HIG && DPT::DEV && CTR::$,SEC::LOW && DPT::MKG && CTR::FR,,,,,same,same,failure,8,8,failure,failure,368816.397,372724.528
SEC::HIG && DPT::DEV && CTR::$,SEC::MED,,,,,different,TN_TN,failure,48,3,failure,failure,1875305.584,196531.529
SEC::HIG && DPT::DEV && CTR::$,SEC::MED && CTR::$,,,,,different,TN_TN,failure,48,12,failure,failure,1858097.691,525341.174
SEC::HIG && DPT::DEV && CTR::$,SEC::MED && CTR::EN,,,,,different,TN_TN,failure,24,6,failure,failure,971921.938,298876.443
SEC::HIG && DPT::DEV && CTR::$,SEC::MED && CTR::FR,,,,,different,TN_TN,failure,24,6,failure,failure,972602.464,304985.802
SEC::HIG && DPT::DEV && CTR::$,SEC::MED && DPT::$,,,,,different,TN_TN,failure,48,12,failure,failure,1872575.989,512458.569
SEC::HIG && DPT::DEV && CTR::$,SEC::MED && DPT::$ && CTR::$,,,,,same,same,failure,48,48,failure,failure,1877857.320,1849401.079
SEC::HIG && DPT::DEV && CTR::$,SEC::MED && DPT::$ && CTR::EN,,,,,same,same,failure,24,24,failure,failure,970224.143,953705.002
SEC::HIG && DPT::DEV && CTR::$,SEC::MED && DPT::$ && CTR::FR,,,,,same,same,failure,24,24,failure,failure,1024934.992,958395.996
SEC::HIG && DPT::DEV && CTR::$,SEC::MED && DPT::DEV,,,,,different,TN_TN,failure,24,6,failure,failure,967965.250,294149.115
SEC::HIG && DPT::DEV && CTR::$,SEC::MED && DPT::DEV && CTR::$,,,,,same,same,failure,24,24,failure,failure,970594.488,961684.560
SEC::HIG && DPT::DEV && CTR::$,SEC::MED && DPT::DEV && CTR::EN,,,,,same,same,failure,12,12,failure,failure,525693.179,515661.773
SEC::HIG && DPT::DEV && CTR::$,SEC::MED && DPT::DEV && CTR::FR,,,,,same,same,failure,12,12,failure,failure,521033.799,515482.186
SEC::HIG && DPT::DEV && CTR::$,SEC::MED && DPT::MKG,,,,,different,TN_TN,failure,24,6,failure,failure,986916.744,293275.546
SEC::HIG && DPT::DEV && CTR::$,SEC::MED && DPT::MKG && CTR::$,,,,,same,same,failure,24,24,failure,failure,971093.303,952155.881
SEC::HIG && DPT::DEV && CTR::$,SEC::MED && DPT::MKG && CTR::EN,,,,,same,same,failure,12,12,failure,failure,525371.280,513039.553
SEC::HIG && DPT::DEV && CTR::$,SEC::MED && DPT::MKG && CTR::FR,,,,,same,same,failure,12,12,failure,failure,529136.814,513430.898
SEC::HIG && DPT::DEV && CTR::EN,CTR::$,,,,,different,TN_FP,failure,80,4,success,failure,1607424.711,226555.000
SEC::HIG && DPT::DEV && CTR::EN,CTR::EN,,,,,different,TN_FP,failure,40,2,success,failure,964760.730,153539.136
SEC::HIG && DPT::DEV && CTR::EN,CTR::FR,,,,,different,TN_TN,failure,40,2,failure,failure,1584761.290,151679.823
SEC::HIG && DPT::DEV && CTR::EN,DPT::$,,,,,different,TN_FP,failure,80,4,success,failure,1720138.880,231868.352
SEC::HIG && DPT::DEV && CTR::EN,DPT::$ && CTR::$,,,,,different,TN_FP,failure,80,16,success,failure,1662648.298,695543.064
SEC::HIG && DPT::DEV && CTR::EN,DPT::$ && CTR::EN,,,,,different,TN_FP,failure,40,8,success,failure,882506.486,388682.051
SEC::HIG && DPT::DEV && CTR::EN,DPT::$ && CTR::FR,,,,,different,TN_TN,failure,40,8,failure,failure,1585641.552,382967.867
SEC::HIG && DPT::DEV && CTR::EN,DPT::DEV,,,,,different,TN_FP,failure,40,2,success,failure,892797.419,150331.925
SEC::HIG && DPT::DEV && CTR::EN,DPT::DEV && CTR::$,,,,,different,TN_FP,failure,40,8,success,failure,875429.171,379760.376
SEC::HIG && DPT::DEV && CTR::EN,DPT::DEV && CTR::EN,,,,,different,TN_FP,failure,20,4,success,failure,528226.716,226451.101
SEC::HIG && DPT::DEV && CTR::EN,DPT::DEV && CTR::FR,,,,,different,TN_TN,failure,20,4,failure,failure,817076.015,228070.754
SEC::HIG && DPT::DEV && CTR::EN,DPT::MKG,,,,,different,TN_TN,failure,40,2,failure,failure,1573091.396,150388.787
SEC::HIG && DPT::DEV && CTR::EN,DPT::MKG && CTR::$,,,,,different,TN_TN,failure,40,8,failure,failure,1580122.113,385133.459
SEC::HIG && DPT::DEV && CTR::EN,DPT::MKG && CTR::EN,,,,,different,TN_TN,failure,20,4,failure,failure,822114.090,226825.598
SEC::HIG && DPT::DEV && CTR::EN,DPT::MKG && CTR::FR,,,,,different,TN_TN,failure,20,4,failure,failure,821856.632,227310.242
SEC::HIG && DPT::DEV && CTR::EN,SEC::$,,,,,different,TN_FP,failure,80,5,success,failure,1726173.781,262983.361
SEC::HIG && DPT::DEV && CTR::EN,SEC::$ && CTR::$,,,,,different,TN_FP,failure,80,20,success,failure,1623185.715,825866.634
SEC::HIG && DPT::DEV && CTR::EN,SEC::$ && CTR::EN,,,,,different,TN_FP,failure,40,10,success,failure,904006.961,450904.318
SEC::HIG && DPT::DEV && CTR::EN,SEC::$ && CTR::FR,,,,,different,TN_TN,failure,40,10,failure,failure,1619333.254,450083.845
SEC::HIG && DPT::DEV && CTR::EN,SEC::$ && DPT::$,,,,,different,TN_FP,failure,80,20,success,failure,1790961.125,828470.424
SEC::HIG && DPT::DEV && CTR::EN,SEC::$ && DPT::$ && CTR::$,,,,,same,same,success,80,80,success,success,1605433.562,1600752.917
SEC::HIG && DPT::DEV && CTR::EN,SEC::$ && DPT::$ && CTR::EN,,,,,same,same,success,40,40,success,success,892593.452,901350.373
SEC::HIG && DPT::DEV && CTR::EN,SEC::$ && DPT::$ && CTR::FR,,,,,same,same,failure,40,40,failure,failure,1574334.248,1589830.184
SEC::HIG && DPT::DEV && CTR::EN,SEC::$ && DPT::DEV,,,,,different,TN_FP,failure,40,10,success,failure,946866.845,450241.390
SEC::HIG && DPT::DEV && CTR::EN,SEC::$ && DPT::DEV && CTR::$,,,,,same,same,success,40,40,success,success,916326.199,913114.449
SEC::HIG && DPT::DEV && CTR::EN,SEC::$ && DPT::DEV && CTR::EN,,,,,same,same,success,20,20,success,success,539040.054,527977.123
SEC::HIG && DPT::DEV && CTR::EN,SEC::$ && DPT::DEV && CTR::FR,,,,,same,same,failure,20,20,failure,failure,834028.208,826794.740
SEC::HIG && DPT::DEV && CTR::EN,SEC::$ && DPT::MKG,,,,,different,TN_TN,failure,40,10,failure,failure,1588764.189,454750.683
SEC::HIG && DPT::DEV && CTR::EN,SEC::$ && DPT::MKG && CTR::$,,,,,same,same,failure,40,40,failure,failure,1578320.845,1582152.773
SEC::HIG && DPT::DEV && CTR::EN,SEC::$ && DPT::MKG && CTR::EN,,,,,same,same,failure,20,20,failure,failure,834139.922,831730.358
SEC::HIG && DPT::DEV && CTR::EN,SEC::$ && DPT::MKG && CTR::FR,,,,,same,same,failure,20,20,failure,failure,826711.478,829354.932
SEC::HIG && DPT::DEV && CTR::EN,SEC::HIG,,,,,different,TN_FP,failure,64,4,success,failure,1308954.817,225448.340
SEC::HIG && DPT::DEV && CTR::EN,SEC::HIG && CTR::$,,,,,different,TN_FP,failure,64,16,success,failure,1426187.221,683318.113
SEC::HIG && DPT::DEV && CTR::EN,SEC::HIG && CTR::EN,,,,,different,TN_FP,failure,32,8,success,failure,734619.928,377148.797
SEC::HIG && DPT::DEV && CTR::EN,SEC::HIG && CTR::FR,,,,,different,TN_TN,failure,32,8,failure,failure,1291326.335,397197.188
SEC::HIG && DPT::DEV && CTR::EN,SEC::HIG && DPT::$,,,,,different,TN_FP,failure,64,16,success,failure,1446657.518,679954.144
SEC::HIG && DPT::DEV && CTR::EN,SEC::HIG && DPT::$ && CTR::$,,,,,same,same,success,64,64,success,success,1452795.055,1427840.562
SEC::HIG && DPT::DEV && CTR::EN,SEC::HIG && DPT::$ && CTR::EN,,,,,same,same,success,32,32,success,success,771681.627,795343.074
SEC::HIG && DPT::DEV && CTR::EN,SEC::HIG && DPT::$ && CTR::FR,,,,,same,same,failure,32,32,failure,failure,1297716.336,1277451.545
SEC::HIG && DPT::DEV && CTR::EN,SEC::HIG && DPT::DEV,,,,,different,TN_FP,failure,32,8,success,failure,743411.829,380423.029
SEC::HIG && DPT::DEV && CTR::EN,SEC::HIG && DPT::DEV && CTR::$,,,,,same,same,success,32,32,success,success,782926.039,779125.630
SEC::HIG && DPT::DEV && CTR::EN,SEC::HIG && DPT::DEV && CTR::EN,,,,,same,same,success,16,16,success,success,452734.842,444156.782
SEC::HIG && DPT::DEV && CTR::EN,SEC::HIG && DPT::DEV && CTR::FR,,,,,same,same,failure,16,16,failure,failure,684597.583,684176.915
SEC::HIG && DPT::DEV && CTR::EN,SEC::HIG && DPT::MKG,,,,,different,TN_TN,failure,32,8,failure,failure,1293506.900,381223.996
SEC::HIG && DPT::DEV && CTR::EN,SEC::HIG && DPT::MKG && CTR::$,,,,,same,same,failure,32,32,failure,failure,1270909.874,1280480.506
SEC::HIG && DPT::DEV && CTR::EN,SEC::HIG && DPT::MKG && CTR::EN,,,,,same,same,failure,16,16,failure,failure,683486.380,680892.644
SEC::HIG && DPT::DEV && CTR::EN,SEC::HIG && DPT::MKG && CTR::FR,,,,,same,same,failure,16,16,failure,failure,666057.998,677310.265
SEC::HIG && DPT::DEV && CTR::EN,SEC::LOW,,,,,different,TN_TN,failure,32,2,failure,failure,1282001.995,153079.278
SEC::HIG && DPT::DEV && CTR::EN,SEC::LOW && CTR::$,,,,,different,TN_TN,failure,32,8,failure,failure,1289792.819,376931.780
SEC::HIG && DPT::DEV && CTR::EN,SEC::LOW && CTR::EN,,,,,different,TN_TN,failure,16,4,failure,failure,684386.883,228455.530
SEC::HIG && DPT::DEV && CTR::EN,SEC::LOW && CTR::FR,,,,,different,TN_TN,failure,16,4,failure,failure,678489.742,228364.054
SEC::HIG && DPT::DEV && CTR::EN,SEC::LOW && DPT::$,,,,,different,TN_TN,failure,32,8,failure,failure,1284905.120,383377.806
SEC::HIG && DPT::DEV && CTR::EN,SEC::LOW && DPT::$ && CTR::$,,,,,same,same,failure,32,32,failure,failure,1284458.433,1298389.233
SEC::HIG && DPT::DEV && CTR::EN,SEC::LOW && DPT::$ && CTR::EN,,,,,same,same,failure,16,16,failure,failure,674209.593,682750.810
SEC::HIG && DPT::DEV && CTR::EN,SEC::LOW && DPT::$ && CTR::FR,,,,,same,same,failure,16,16,failure,failure,678020.882,678913.582
SEC::HIG && DPT::DEV && CTR::EN,SEC::LOW && DPT::DEV,,,,,different,TN_TN,failure,16,4,failure,failure,675264.302,227098.259
SEC::HIG && DPT::DEV && CTR::EN,SEC::LOW && DPT::DEV && CTR::$,,,,,same,same,failure,16,16,failure,failure,674688.682,682816.618
SEC::HIG && DPT::DEV && CTR::EN,SEC::LOW && DPT::DEV && CTR::EN,,,,,same,same,failure,8,8,failure,failure,374488.317,378985.166
SEC::HIG && DPT::DEV && CTR::EN,SEC::LOW && DPT::DEV && CTR::FR,,,,,same,same,failure,8,8,failure,failure,383800.218,376208.884
SEC::HIG && DPT::DEV && CTR::EN,SEC::LOW && DPT::MKG,,,,,different,TN_TN,failure,16,4,failure,failure,684608.845,227641.924
SEC::HIG && DPT::DEV && CTR::EN,SEC::LOW && DPT::MKG && CTR::$,,,,,same,same,failure,16,16,failure,failure,687390.056,684311.011
SEC::HIG && DPT::DEV && CTR::EN,SEC::LOW && DPT::MKG && CTR::EN,,,,,same,same,failure,8,8,failure,failure,376757.368,379627.336
SEC::HIG && DPT::DEV && CTR::EN,SEC::LOW && DPT::MKG && CTR::FR,,,,,same,same,failure,8,8,failure,failure,379478.572,377927.969
SEC::HIG && DPT::DEV && CTR::EN,SEC::MED,,,,,different,TN_TN,failure,48,3,failure,failure,1998696.755,205004.087
SEC::HIG && DPT::DEV && CTR::EN,SEC::MED && CTR::$,,,,,different,TN_TN,failure,48,12,failure,failure,1899574.076,536578.882
SEC::HIG && DPT::DEV && CTR::EN,SEC::MED && CTR::EN,,,,,different,TN_TN,failure,24,6,failure,failure,986363.010,304359.737
SEC::HIG && DPT::DEV && CTR::EN,SEC::MED && CTR::FR,,,,,different,TN_TN,failure,24,6,failure,failure,996881.556,305633.797
SEC::HIG && DPT::DEV && CTR::EN,SEC::MED && DPT::$,,,,,different,TN_TN,failure,48,12,failure,failure,1855694.173,539298.128
SEC::HIG && DPT::DEV && CTR::EN,SEC::MED && DPT::$ && CTR::$,,,,,same,same,failure,48,48,failure,failure,1861980.635,1919499.195
SEC::HIG && DPT::DEV && CTR::EN,SEC::MED && DPT::$ && CTR::EN,,,,,same,same,failure,24,24,failure,failure,970226.597,992907.381
SEC::HIG && DPT::DEV && CTR::EN,SEC::MED && DPT::$ && CTR::FR,,,,,same,same,failure,24,24,failure,failure,1028691.889,1022553.099
SEC::HIG && DPT::DEV && CTR::EN,SEC::MED && DPT::DEV,,,,,different,TN_TN,failure,24,6,failure,failure,985734.917,304343.969
SEC::HIG && DPT::DEV && CTR::EN,SEC::MED && DPT::DEV && CTR::$,,,,,same,same,failure,24,24,failure,failure,1046772.178,1014614.257
SEC::HIG && DPT::DEV && CTR::EN,SEC::MED && DPT::DEV && CTR::EN,,,,,same,same,failure,12,12,failure,failure,534077.867,531570.518
SEC::HIG && DPT::DEV && CTR::EN,SEC::MED && DPT::DEV && CTR::FR,,,,,same,same,failure,12,12,failure,failure,560112.145,530572.977
SEC::HIG && DPT::DEV && CTR::EN,SEC::MED && DPT::MKG,,,,,different,TN_TN,failure,24,6,failure,failure,993637.405,315094.018
SEC::HIG && DPT::DEV && CTR::EN,SEC::MED && DPT::MKG && CTR::$,,,,,same,same,failure,24,24,failure,failure,1030628.015,1012667.380
SEC::HIG && DPT::DEV && CTR::EN,SEC::MED && DPT::MKG && CTR::EN,,,,,same,same,failure,12,12,failure,failure,531990.951,540715.016
SEC::HIG && DPT::DEV && CTR::EN,SEC::MED && DPT::MKG && CTR::FR,,,,,same,same,failure,12,12,failure,failure,533553.653,546301.099
SEC::HIG && DPT::DEV && CTR::FR,CTR::$,,,,,different,TN_FP,failure,80,4,success,failure,1594769.093,219300.688
SEC::HIG && DPT::DEV && CTR::FR,CTR::EN,,,,,different,TN_TN,failure,40,2,failure,failure,1585857.371,145613.475
SEC::HIG && DPT::DEV && CTR::FR,CTR::FR,,,,,different,TN_FP,failure,40,2,success,failure,876834.267,145521.823
SEC::HIG && DPT::DEV && CTR::FR,DPT::$,,,,,different,TN_FP,failure,80,4,success,failure,1609863.877,219521.592
SEC::HIG && DPT::DEV && CTR::FR,DPT::$ && CTR::$,,,,,different,TN_FP,failure,80,16,success,failure,1626325.475,664021.574
SEC::HIG && DPT::DEV && CTR::FR,DPT::$ && CTR::EN,,,,,different,TN_TN,failure,40,8,failure,failure,1569004.915,366617.347
SEC::HIG && DPT::DEV && CTR::FR,DPT::$ && CTR::FR,,,,,different,TN_FP,failure,40,8,success,failure,884967.387,366539.085
SEC::HIG && DPT::DEV && CTR::FR,DPT::DEV,,,,,different,TN_FP,failure,40,2,success,failure,914561.639,145402.538
SEC::HIG && DPT::DEV && CTR::FR,DPT::DEV && CTR::$,,,,,different,TN_FP,failure,40,8,success,failure,900788.880,364781.013
SEC::HIG && DPT::DEV && CTR::FR,DPT::DEV && CTR::EN,,,,,different,TN_TN,failure,20,4,failure,failure,816667.093,218765.579
SEC::HIG && DPT::DEV && CTR::FR,DPT::DEV && CTR::FR,,,,,different,TN_FP,failure,20,4,success,failure,518418.323,218656.730
SEC::HIG && DPT::DEV && CTR::FR,DPT::MKG,,,,,different,TN_TN,failure,40,2,failure,failure,1571080.990,145997.264
SEC::HIG && DPT::DEV && CTR::FR,DPT::MKG && CTR::$,,,,,different,TN_TN,failure,40,8,failure,failure,1582189.166,365011.956
SEC::HIG && DPT::DEV && CTR::FR,DPT::MKG && CTR::EN,,,,,different,TN_TN,failure,20,4,failure,failure,823731.118,219324.778
SEC::HIG && DPT::DEV && CTR::FR,DPT::MKG && CTR::FR,,,,,different,TN_TN,failure,20,4,failure,failure,826836.709,219205.966
SEC::HIG && DPT::DEV && CTR::FR,SEC::$,,,,,different,TN_FP,failure,80,5,success,failure,1692526.226,258267.811
SEC::HIG && DPT::DEV && CTR::FR,SEC::$ && CTR::$,,,,,different,TN_FP,failure,80,20,success,failure,1763636.370,803860.005
SEC::HIG && DPT::DEV && CTR::FR,SEC::$ && CTR::EN,,,,,different,TN_TN,failure,40,10,failure,failure,1602812.035,439560.651
SEC::HIG && DPT::DEV && CTR::FR,SEC::$ && CTR::FR,,,,,different,TN_FP,failure,40,10,success,failure,1038441.527,438618.865
SEC::HIG && DPT::DEV && CTR::FR,SEC::$ && DPT::$,,,,,different,TN_FP,failure,80,20,success,failure,1645447.883,803054.274
SEC::HIG && DPT::DEV && CTR::FR,SEC::$ && DPT::$ && CTR::$,,,,,same,same,success,80,80,success,success,1608966.158,1651777.687
SEC::HIG && DPT::DEV && CTR::FR,SEC::$ && DPT::$ && CTR::EN,,,,,same,same,failure,40,40,failure,failure,1574824.788,1534790.252
SEC::HIG && DPT::DEV && CTR::FR,SEC::$ && DPT::$ && CTR::FR,,,,,same,same,success,40,40,success,success,889100.000,867295.449
SEC::HIG && DPT::DEV && CTR::FR,SEC::$ && DPT::DEV,,,,,different,TN_FP,failure,40,10,success,failure,947324.358,438306.418
SEC::HIG && DPT::DEV && CTR::FR,SEC::$ && DPT::DEV && CTR::$,,,,,same,same,success,40,40,success,success,903995.775,887335.279
SEC::HIG && DPT::DEV && CTR::FR,SEC::$ && DPT::DEV && CTR::EN,,,,,same,same,failure,20,20,failure,failure,838852.397,804145.681
SEC::HIG && DPT::DEV && CTR::FR,SEC::$ && DPT::DEV && CTR::FR,,,,,same,same,success,20,20,success,success,523372.316,517447.221
SEC::HIG && DPT::DEV && CTR::FR,SEC::$ && DPT::MKG,,,,,different,TN_TN,failure,40,10,failure,failure,1605731.059,437609.235
SEC::HIG && DPT::DEV && CTR::FR,SEC::$ && DPT::MKG && CTR::$,,,,,same,same,failure,40,40,failure,failure,1619825.778,1534148.659
SEC::HIG && DPT::DEV && CTR::FR,SEC::$ && DPT::MKG && CTR::EN,,,,,same,same,failure,20,20,failure,failure,825503.553,803013.507
SEC::HIG && DPT::DEV && CTR::FR,SEC::$ && DPT::MKG && CTR::FR,,,,,same,same,failure,20,20,failure,failure,821288.973,802696.358
SEC::HIG && DPT::DEV && CTR::FR,SEC::HIG,,,,,different,TN_FP,failure,64,4,success,failure,1358090.833,228562.576
SEC::HIG && DPT::DEV && CTR::FR,SEC::HIG && CTR::$,,,,,different,TN_FP,failure,64,16,success,failure,1381374.984,681744.738
SEC::HIG && DPT::DEV && CTR::FR,SEC::HIG && CTR::EN,,,,,different,TN_TN,failure,32,8,failure,failure,1294479.820,371469.118
SEC::HIG && DPT::DEV && CTR::FR,SEC::HIG && CTR::FR,,,,,different,TN_FP,failure,32,8,success,failure,757435.370,383440.573
SEC::HIG && DPT::DEV && CTR::FR,SEC::HIG && DPT::$,,,,,different,TN_FP,failure,64,16,success,failure,1368059.583,666137.232
SEC::HIG && DPT::DEV && CTR::FR,SEC::HIG && DPT::$ && CTR::$,,,,,same,same,success,64,64,success,success,1342027.863,1331292.592
SEC::HIG && DPT::DEV && CTR::FR,SEC::HIG && DPT::$ && CTR::EN,,,,,same,same,failure,32,32,failure,failure,1302722.512,1258066.789
SEC::HIG && DPT::DEV && CTR::FR,SEC::HIG && DPT::$ && CTR::FR,,,,,same,same,success,32,32,success,success,774705.233,795596.129
SEC::HIG && DPT::DEV && CTR::FR,SEC::HIG && DPT::DEV,,,,,different,TN_FP,failure,32,8,success,failure,783031.060,377245.067
SEC::HIG && DPT::DEV && CTR::FR,SEC::HIG && DPT::DEV && CTR::$,,,,,same,same,success,32,32,success,success,840254.973,721798.353
SEC::HIG && DPT::DEV && CTR::FR,SEC::HIG && DPT::DEV && CTR::EN,,,,,same,same,failure,16,16,failure,failure,688274.951,676980.887
SEC::HIG && DPT::DEV && CTR::FR,SEC::HIG && DPT::DEV && CTR::FR,,,,,same,same,success,16,16,success,success,461913.339,486118.617
SEC::HIG && DPT::DEV && CTR::FR,SEC::HIG && DPT::MKG,,,,,different,TN_TN,failure,32,8,failure,failure,1287733.135,389395.684
SEC::HIG && DPT::DEV && CTR::FR,SEC::HIG && DPT::MKG && CTR::$,,,,,same,same,failure,32,32,failure,failure,1286533.029,1258578.288
SEC::HIG && DPT::DEV && CTR::FR,SEC::HIG && DPT::MKG && CTR::EN,,,,,same,same,failure,16,16,failure,failure,666697.517,695660.891
SEC::HIG && DPT::DEV && CTR::FR,SEC::HIG && DPT::MKG && CTR::FR,,,,,same,same,failure,16,16,failure,failure,669718.825,672348.808
SEC::HIG && DPT::DEV && CTR::FR,SEC::LOW,,,,,different,TN_TN,failure,32,2,failure,failure,1289555.464,146595.692
SEC::HIG && DPT::DEV && CTR::FR,SEC::LOW && CTR::$,,,,,different,TN_TN,failure,32,8,failure,failure,1297200.674,367728.206
SEC::HIG && DPT::DEV && CTR::FR,SEC::LOW && CTR::EN,,,,,different,TN_TN,failure,16,4,failure,failure,696598.208,220851.933
SEC::HIG && DPT::DEV && CTR::FR,SEC::LOW && CTR::FR,,,,,different,TN_TN,failure,16,4,failure,failure,679469.430,222195.804
SEC::HIG && DPT::DEV && CTR::FR,SEC::LOW && DPT::$,,,,,different,TN_TN,failure,32,8,failure,failure,1287750.298,377948.807
SEC::HIG && DPT::DEV && CTR::FR,SEC::LOW && DPT::$ && CTR::$,,,,,same,same,failure,32,32,failure,failure,1283423.602,1261351.024
SEC::HIG && DPT::DEV && CTR::FR,SEC::LOW && DPT::$ && CTR::EN,,,,,same,same,failure,16,16,failure,failure,674935.540,678098.914
SEC::HIG && DPT::DEV && CTR::FR,SEC::LOW && DPT::$ && CTR::FR,,,,,same,same,failure,16,16,failure,failure,686657.387,671342.946
SEC::HIG && DPT::DEV && CTR::FR,SEC::LOW && DPT::DEV,,,,,different,TN_TN,failure,16,4,failure,failure,674444.519,220357.521
SEC::HIG && DPT::DEV && CTR::FR,SEC::LOW && DPT::DEV && CTR::$,,,,,same,same,failure,16,16,failure,failure,674013.461,667326.888
SEC::HIG && DPT::DEV && CTR::FR,SEC::LOW && DPT::DEV && CTR::EN,,,,,same,same,failure,8,8,failure,failure,385692.012,367158.398
SEC::HIG && DPT::DEV && CTR::FR,SEC::LOW && DPT::DEV && CTR::FR,,,,,same,same,failure,8,8,failure,failure,376300.916,367949.586
SEC::HIG && DPT::DEV && CTR::FR,SEC::LOW && DPT::MKG,,,,,different,TN_TN,failure,16,4,failure,failure,686622.152,219312.330
SEC::HIG && DPT::DEV && CTR::FR,SEC::LOW && DPT::MKG && CTR::$,,,,,same,same,failure,16,16,failure,failure,682087.370,663047.892
SEC::HIG && DPT::DEV && CTR::FR,SEC::LOW && DPT::MKG && CTR::EN,,,,,same,same,failure,8,8,failure,failure,383280.974,366149.124
SEC::HIG && DPT::DEV && CTR::FR,SEC::LOW && DPT::MKG && CTR::FR,,,,,same,same,failure,8,8,failure,failure,375843.093,366377.232
SEC::HIG && DPT::DEV && CTR::FR,SEC::MED,,,,,different,TN_TN,failure,48,3,failure,failure,2031747.039,185431.448
SEC::HIG && DPT::DEV && CTR::FR,SEC::MED && CTR::$,,,,,different,TN_TN,failure,48,12,failure,failure,1925809.722,515011.338
SEC::HIG && DPT::DEV && CTR::FR,SEC::MED && CTR::EN,,,,,different,TN_TN,failure,24,6,failure,failure,995609.664,294895.199
SEC::HIG && DPT::DEV && CTR::FR,SEC::MED && CTR::FR,,,,,different,TN_TN,failure,24,6,failure,failure,983484.526,296236.335
SEC::HIG && DPT::DEV && CTR::FR,SEC::MED && DPT::$,,,,,different,TN_TN,failure,48,12,failure,failure,1861797.552,522741.928
SEC::HIG && DPT::DEV && CTR::FR,SEC::MED && DPT::$ && CTR::$,,,,,same,same,failure,48,48,failure,failure,1887433.833,1872598.817
SEC::HIG && DPT::DEV && CTR::FR,SEC::MED && DPT::$ && CTR::EN,,,,,same,same,failure,24,24,failure,failure,1008935.841,987322.250
SEC::HIG && DPT::DEV && CTR::FR,SEC::MED && DPT::$ && CTR::FR,,,,,same,same,failure,24,24,failure,failure,988943.897,962699.644
SEC::HIG && DPT::DEV && CTR::FR,SEC::MED && DPT::DEV,,,,,different,TN_TN,failure,24,6,failure,failure,1001269.892,292862.166
SEC::HIG && DPT::DEV && CTR::FR,SEC::MED && DPT::DEV && CTR::$,,,,,same,same,failure,24,24,failure,failure,1037846.145,958419.966
SEC::HIG && DPT::DEV && CTR::FR,SEC::MED && DPT::DEV && CTR::EN,,,,,same,same,failure,12,12,failure,failure,563399.046,514733.932
SEC::HIG && DPT::DEV && CTR::FR,SEC::MED && DPT::DEV && CTR::FR,,,,,same,same,failure,12,12,failure,failure,631507.900,514296.021
SEC::HIG && DPT::DEV && CTR::FR,SEC::MED && DPT::MKG,,,,,different,TN_TN,failure,24,6,failure,failure,1002858.306,294165.872
SEC::HIG && DPT::DEV && CTR::FR,SEC::MED && DPT::MKG && CTR::$,,,,,same,same,failure,24,24,failure,failure,995660.740,957590.084
SEC::HIG && DPT::DEV && CTR::FR,SEC::MED && DPT::MKG && CTR::EN,,,,,same,same,failure,12,12,failure,failure,533487.985,515697.269
SEC::HIG && DPT::DEV && CTR::FR,SEC::MED && DPT::MKG && CTR::FR,,,,,same,same,failure,12,12,failure,failure,561770.892,514138.465
SEC::HIG && DPT::MKG,CTR::$,,,,,different,TN_FP,failure,80,4,success,failure,1663152.498,219355.911
SEC::HIG && DPT::MKG,CTR::EN,,,,,different,TN_FP,failure,40,2,success,failure,947018.370,157138.171
SEC::HIG && DPT::MKG,CTR::FR,,,,,different,TN_FP,failure,40,2,success,failure,942100.375,146221.610
SEC::HIG && DPT::MKG,DPT::$,,,,,different,TN_FP,failure,80,4,success,failure,1668352.517,222729.370
SEC::HIG && DPT::MKG,DPT::$ && CTR::$,,,,,different,TN_FP,failure,80,16,success,failure,1859423.654,681550.514
SEC::HIG && DPT::MKG,DPT::$ && CTR::EN,,,,,different,TN_FP,failure,40,8,success,failure,914149.576,380517.110
SEC::HIG && DPT::MKG,DPT::$ && CTR::FR,,,,,different,TN_FP,failure,40,8,success,failure,927859.137,371012.401
SEC::HIG && DPT::MKG,DPT::DEV,,,,,different,TN_TN,failure,40,2,failure,failure,1606620.763,146647.138
SEC::HIG && DPT::MKG,DPT::DEV && CTR::$,,,,,different,TN_TN,failure,40,8,failure,failure,1598453.775,366291.702
SEC::HIG && DPT::MKG,DPT::DEV && CTR::EN,,,,,different,TN_TN,failure,20,4,failure,failure,839799.870,219301.665
SEC::HIG && DPT::MKG,DPT::DEV && CTR::FR,,,,,different,TN_TN,failure,20,4,failure,failure,843163.699,219867.216
SEC::HIG && DPT::MKG,DPT::MKG,,,,,different,TN_FP,failure,40,2,success,failure,902866.331,146145.157
SEC::HIG && DPT::MKG,DPT::MKG && CTR::$,,,,,different,TN_FP,failure,40,8,success,failure,924910.706,370528.258
SEC::HIG && DPT::MKG,DPT::MKG && CTR::EN,,,,,different,TN_FP,failure,20,4,success,failure,568559.696,219176.440
SEC::HIG && DPT::MKG,DPT::MKG && CTR::FR,,,,,different,TN_FP,failure,20,4,success,failure,536684.350,221935.746
SEC::HIG && DPT::MKG,SEC::$,,,,,different,TN_FP,failure,80,5,success,failure,1644728.880,263007.361
SEC::HIG && DPT::MKG,SEC::$ && CTR::$,,,,,different,TN_FP,failure,80,20,success,failure,1628139.984,808624.798
SEC::HIG && DPT::MKG,SEC::$ && CTR::EN,,,,,different,TN_FP,failure,40,10,success,failure,895380.855,441036.324
SEC::HIG && DPT::MKG,SEC::$ && CTR::FR,,,,,different,TN_FP,failure,40,10,success,failure,896356.135,443822.530
SEC::HIG && DPT::MKG,SEC::$ && DPT::$,,,,,different,TP_TP,success,80,20,success,success,1642136.487,540399.228
SEC::HIG && DPT::MKG,SEC::$ && DPT::$ && CTR::$,,,,,same,same,success,80,80,success,success,1633358.447,1656570.788
SEC::HIG && DPT::MKG,SEC::$ && DPT::$ && CTR::EN,,,,,same,same,success,40,40,success,success,902289.254,880061.640
SEC::HIG && DPT::MKG,SEC::$ && DPT::$ && CTR::FR,,,,,same,same,success,40,40,success,success,922618.827,862762.361
SEC::HIG && DPT::MKG,SEC::$ && DPT::DEV,,,,,different,TN_TN,failure,40,10,failure,failure,1582912.363,452936.821
SEC::HIG && DPT::MKG,SEC::$ && DPT::DEV && CTR::$,,,,,same,same,failure,40,40,failure,failure,1584200.533,1571446.195
SEC::HIG && DPT::MKG,SEC::$ && DPT::DEV && CTR::EN,,,,,same,same,failure,20,20,failure,failure,817920.113,821766.058
SEC::HIG && DPT::MKG,SEC::$ && DPT::DEV && CTR::FR,,,,,same,same,failure,20,20,failure,failure,831445.439,818101.919
SEC::HIG && DPT::MKG,SEC::$ && DPT::MKG,,,,,different,TP_TP,success,40,10,success,success,914837.491,341571.472
SEC::HIG && DPT::MKG,SEC::$ && DPT::MKG && CTR::$,,,,,same,same,success,40,40,success,success,983983.522,886616.566
SEC::HIG && DPT::MKG,SEC::$ && DPT::MKG && CTR::EN,,,,,same,same,success,20,20,success,success,538499.485,538735.708
SEC::HIG && DPT::MKG,SEC::$ && DPT::MKG && CTR::FR,,,,,same,same,success,20,20,success,success,566478.101,535634.737
SEC::HIG && DPT::MKG,SEC::HIG,,,,,different,TN_FP,failure,64,4,success,failure,1371345.171,290343.091
SEC::HIG && DPT::MKG,SEC::HIG && CTR::$,,,,,different,TN_FP,failure,64,16,success,failure,1443284.856,668576.978
SEC::HIG && DPT::MKG,SEC::HIG && CTR::EN,,,,,different,TN_FP,failure,32,8,success,failure,774875.527,373849.528
SEC::HIG && DPT::MKG,SEC::HIG && CTR::FR,,,,,different,TN_FP,failure,32,8,success,failure,792688.681,369039.581
SEC::HIG && DPT::MKG,SEC::HIG && DPT::$,,,,,different,TP_TP,success,64,16,success,success,1613810.931,441925.051
SEC::HIG && DPT::MKG,SEC::HIG && DPT::$ && CTR::$,,,,,same,same,success,64,64,success,success,1425039.097,1383385.110
SEC::HIG && DPT::MKG,SEC::HIG && DPT::$ && CTR::EN,,,,,same,same,success,32,32,success,success,748833.635,728318.588
SEC::HIG && DPT::MKG,SEC::HIG && DPT::$ && CTR::FR,,,,,same,same,success,32,32,success,success,795911.801,725651.741
SEC::HIG && DPT::MKG,SEC::HIG && DPT::DEV,,,,,different,TN_TN,failure,32,8,failure,failure,1387845.225,365475.035
SEC::HIG && DPT::MKG,SEC::HIG && DPT::DEV && CTR::$,,,,,same,same,failure,32,32,failure,failure,1307616.040,1241578.571
SEC::HIG && DPT::MKG,SEC::HIG && DPT::DEV && CTR::EN,,,,,same,same,failure,16,16,failure,failure,680652.890,657056.875
SEC::HIG && DPT::MKG,SEC::HIG && DPT::DEV && CTR::FR,,,,,same,same,failure,16,16,failure,failure,691218.248,657952.479
SEC::HIG && DPT::MKG,SEC::HIG && DPT::MKG,,,,,different,TP_TP,success,32,8,success,success,751455.502,302732.515
SEC::HIG && DPT::MKG,SEC::HIG && DPT::MKG && CTR::$,,,,,same,same,success,32,32,success,success,739682.034,727779.367
SEC::HIG && DPT::MKG,SEC::HIG && DPT::MKG && CTR::EN,,,,,same,same,success,16,16,success,success,461218.180,438374.867
SEC::HIG && DPT::MKG,SEC::HIG && DPT::MKG && CTR::FR,,,,,same,same,success,16,16,success,success,468975.019,443880.789
SEC::HIG && DPT::MKG,SEC::LOW,,,,,different,TN_TN,failure,32,2,failure,failure,1287400.261,157106.513
SEC::HIG && DPT::MKG,SEC::LOW && CTR::$,,,,,different,TN_TN,failure,32,8,failure,failure,1282465.700,368120.312
SEC::HIG && DPT::MKG,SEC::LOW && CTR::EN,,,,,different,TN_TN,failure,16,4,failure,failure,671122.939,220016.932
SEC::HIG && DPT::MKG,SEC::LOW && CTR::FR,,,,,different,TN_TN,failure,16,4,failure,failure,668218.471,220753.228
SEC::HIG && DPT::MKG,SEC::LOW && DPT::$,,,,,different,TN_TN,failure,32,8,failure,failure,1268616.998,382967.280
SEC::HIG && DPT::MKG,SEC::LOW && DPT::$ && CTR::$,,,,,same,same,failure,32,32,failure,failure,1269283.814,1257323.940
SEC::HIG && DPT::MKG,SEC::LOW && DPT::$ && CTR::EN,,,,,same,same,failure,16,16,failure,failure,680362.650,660169.904
SEC::HIG && DPT::MKG,SEC::LOW && DPT::$ && CTR::FR,,,,,same,same,failure,16,16,failure,failure,675837.698,672730.634
SEC::HIG && DPT::MKG,SEC::LOW && DPT::DEV,,,,,different,TN_TN,failure,16,4,failure,failure,684579.039,231498.484
SEC::HIG && DPT::MKG,SEC::LOW && DPT::DEV && CTR::$,,,,,same,same,failure,16,16,failure,failure,670803.985,666673.593
SEC::HIG && DPT::MKG,SEC::LOW && DPT::DEV && CTR::EN,,,,,same,same,failure,8,8,failure,failure,372491.767,434075.963
SEC::HIG && DPT::MKG,SEC::LOW && DPT::DEV && CTR::FR,,,,,same,same,failure,8,8,failure,failure,371786.469,379941.421
SEC::HIG && DPT::MKG,SEC::LOW && DPT::MKG,,,,,different,TN_TN,failure,16,4,failure,failure,673205.440,231204.212
SEC::HIG && DPT::MKG,SEC::LOW && DPT::MKG && CTR::$,,,,,same,same,failure,16,16,failure,failure,674838.859,692041.938
SEC::HIG && DPT::MKG,SEC::LOW && DPT::MKG && CTR::EN,,,,,same,same,failure,8,8,failure,failure,379433.568,370484.586
SEC::HIG && DPT::MKG,SEC::LOW && DPT::MKG && CTR::FR,,,,,same,same,failure,8,8,failure,failure,375082.306,370549.758
SEC::HIG && DPT::MKG,SEC::MED,,,,,different,TN_TN,failure,48,3,failure,failure,1861012.234,184326.005
SEC::HIG && DPT::MKG,SEC::MED && CTR::$,,,,,different,TN_TN,failure,48,12,failure,failure,1865867.400,527292.840
SEC::HIG && DPT::MKG,SEC::MED && CTR::EN,,,,,different,TN_TN,failure,24,6,failure,failure,969697.831,296093.528
SEC::HIG && DPT::MKG,SEC::MED && CTR::FR,,,,,different,TN_TN,failure,24,6,failure,failure,974213.090,296048.307
SEC::HIG && DPT::MKG,SEC::MED && DPT::$,,,,,different,TN_TN,failure,48,12,failure,failure,1915066.832,511892.221
SEC::HIG && DPT::MKG,SEC::MED && DPT::$ && CTR::$,,,,,same,same,failure,48,48,failure,failure,1910745.070,1860800.066
SEC::HIG && DPT::MKG,SEC::MED && DPT::$ && CTR::EN,,,,,same,same,failure,24,24,failure,failure,993782.297,950138.728
SEC::HIG && DPT::MKG,SEC::MED && DPT::$ && CTR::FR,,,,,same,same,failure,24,24,failure,failure,997419.650,953526.963
SEC::HIG && DPT::MKG,SEC::MED && DPT::DEV,,,,,different,TN_TN,failure,24,6,failure,failure,969510.935,298166.591
SEC::HIG && DPT::MKG,SEC::MED && DPT::DEV && CTR::$,,,,,same,same,failure,24,24,failure,failure,977710.265,955516.620
SEC::HIG && DPT::MKG,SEC::MED && DPT::DEV && CTR::EN,,,,,same,same,failure,12,12,failure,failure,529414.704,513768.656
SEC::HIG && DPT::MKG,SEC::MED && DPT::DEV && CTR::FR,,,,,same,same,failure,12,12,failure,failure,525550.972,513532.348
SEC::HIG && DPT::MKG,SEC::MED && DPT::MKG,,,,,different,TN_TN,failure,24,6,failure,failure,971892.447,292860.488
SEC::HIG && DPT::MKG,SEC::MED && DPT::MKG && CTR::$,,,,,same,same,failure,24,24,failure,failure,988939.954,950966.992
SEC::HIG && DPT::MKG,SEC::MED && DPT::MKG && CTR::EN,,,,,same,same,failure,12,12,failure,failure,527022.242,512648.611
SEC::HIG && DPT::MKG,SEC::MED && DPT::MKG && CTR::FR,,,,,same,same,failure,12,12,failure,failure,538944.966,511243.019
SEC::HIG && DPT::MKG && CTR::$,CTR::$,,,,,different,TN_FP,failure,80,4,success,failure,1605987.651,219749.325
SEC::HIG && DPT::MKG && CTR::$,CTR::EN,,,,,different,TN_TN,failure,40,2,failure,failure,1612898.444,153691.612
SEC::HIG && DPT::MKG && CTR::$,CTR::FR,,,,,different,TN_TN,failure,40,2,failure,failure,1606520.150,148693.607
SEC::HIG && DPT::MKG && CTR::$,DPT::$,,,,,different,TN_FP,failure,80,4,success,failure,1668433.840,218557.379
SEC::HIG && DPT::MKG && CTR::$,DPT::$ && CTR::$,,,,,different,TN_FP,failure,80,16,success,failure,1732320.595,657515.795
SEC::HIG && DPT::MKG && CTR::$,DPT::$ && CTR::EN,,,,,different,TN_TN,failure,40,8,failure,failure,1697354.232,365186.970
SEC::HIG && DPT::MKG && CTR::$,DPT::$ && CTR::FR,,,,,different,TN_TN,failure,40,8,failure,failure,1587821.491,364965.373
SEC::HIG && DPT::MKG && CTR::$,DPT::DEV,,,,,different,TN_TN,failure,40,2,failure,failure,1594548.940,145592.565
SEC::HIG && DPT::MKG && CTR::$,DPT::DEV && CTR::$,,,,,different,TN_TN,failure,40,8,failure,failure,1639270.191,365664.941
SEC::HIG && DPT::MKG && CTR::$,DPT::DEV && CTR::EN,,,,,different,TN_TN,failure,20,4,failure,failure,846077.785,218742.246
SEC::HIG && DPT::MKG && CTR::$,DPT::DEV && CTR::FR,,,,,different,TN_TN,failure,20,4,failure,failure,916811.614,218601.337
SEC::HIG && DPT::MKG && CTR::$,DPT::MKG,,,,,different,TN_FP,failure,40,2,success,failure,942238.319,146809.728
SEC::HIG && DPT::MKG && CTR::$,DPT::MKG && CTR::$,,,,,different,TN_FP,failure,40,8,success,failure,881873.484,364779.194
SEC::HIG && DPT::MKG && CTR::$,DPT::MKG && CTR::EN,,,,,different,TN_TN,failure,20,4,failure,failure,835438.088,218610.554
SEC::HIG && DPT::MKG && CTR::$,DPT::MKG && CTR::FR,,,,,different,TN_TN,failure,20,4,failure,failure,845139.996,218531.225
SEC::HIG && DPT::MKG && CTR::$,SEC::$,,,,,different,TN_FP,failure,80,5,success,failure,1571388.998,260160.837
SEC::HIG && DPT::MKG && CTR::$,SEC::$ && CTR::$,,,,,different,TN_FP,failure,80,20,success,failure,1664892.346,804230.781
SEC::HIG && DPT::MKG && CTR::$,SEC::$ && CTR::EN,,,,,different,TN_TN,failure,40,10,failure,failure,1637014.490,442632.964
SEC::HIG && DPT::MKG && CTR::$,SEC::$ && CTR::FR,,,,,different,TN_TN,failure,40,10,failure,failure,1656431.356,438278.470
SEC::HIG && DPT::MKG && CTR::$,SEC::$ && DPT::$,,,,,different,TN_FP,failure,80,20,success,failure,1627667.167,809489.380
SEC::HIG && DPT::MKG && CTR::$,SEC::$ && DPT::$ && CTR::$,,,,,same,same,success,80,80,success,success,1670893.748,1640321.262
SEC::HIG && DPT::MKG && CTR::$,SEC::$ && DPT::$ && CTR::EN,,,,,same,same,failure,40,40,failure,failure,1581106.280,1540845.541
SEC::HIG && DPT::MKG && CTR::$,SEC::$ && DPT::$ && CTR::FR,,,,,same,same,failure,40,40,failure,failure,1574877.827,1540011.677
SEC::HIG && DPT::MKG && CTR::$,SEC::$ && DPT::DEV,,,,,different,TN_TN,failure,40,10,failure,failure,1627800.021,443757.203
SEC::HIG && DPT::MKG && CTR::$,SEC::$ && DPT::DEV && CTR::$,,,,,same,same,failure,40,40,failure,failure,1627892.775,1545173.133
SEC::HIG && DPT::MKG && CTR::$,SEC::$ && DPT::DEV && CTR::EN,,,,,same,same,failure,20,20,failure,failure,815480.477,813265.939
SEC::HIG && DPT::MKG && CTR::$,SEC::$ && DPT::DEV && CTR::FR,,,,,same,same,failure,20,20,failure,failure,815313.485,814350.262
SEC::HIG && DPT::MKG && CTR::$,SEC::$ && DPT::MKG,,,,,different,TN_FP,failure,40,10,success,failure,923888.529,440233.984
SEC::HIG && DPT::MKG && CTR::$,SEC::$ && DPT::MKG && CTR::$,,,,,same,same,success,40,40,success,success,864418.939,866601.848
SEC::HIG && DPT::MKG && CTR::$,SEC::$ && DPT::MKG && CTR::EN,,,,,same,same,failure,20,20,failure,failure,819849.257,823374.800
SEC::HIG && DPT::MKG && CTR::$,SEC::$ && DPT::MKG && CTR::FR,,,,,same,same,failure,20,20,failure,failure,814889.649,803159.536
SEC::HIG && DPT::MKG && CTR::$,SEC::HIG,,,,,different,TN_FP,failure,64,4,success,failure,1338249.711,219304.285
SEC::HIG && DPT::MKG && CTR::$,SEC::HIG && CTR::$,,,,,different,TN_FP,failure,64,16,success,failure,1350676.031,657613.157
SEC::HIG && DPT::MKG && CTR::$,SEC::HIG && CTR::EN,,,,,different,TN_TN,failure,32,8,failure,failure,1304805.739,365266.008
SEC::HIG && DPT::MKG && CTR::$,SEC::HIG && CTR::FR,,,,,different,TN_TN,failure,32,8,failure,failure,1269850.452,366582.482
SEC::HIG && DPT::MKG && CTR::$,SEC::HIG && DPT::$,,,,,different,TN_FP,failure,64,16,success,failure,1491553.175,665904.115
SEC::HIG && DPT::MKG && CTR::$,SEC::HIG && DPT::$ && CTR::$,,,,,same,same,success,64,64,success,success,1311392.178,1317224.248
SEC::HIG && DPT::MKG && CTR::$,SEC::HIG && DPT::$ && CTR::EN,,,,,same,same,failure,32,32,failure,failure,1257374.150,1258452.332
SEC::HIG && DPT::MKG && CTR::$,SEC::HIG && DPT::$ && CTR::FR,,,,,same,same,failure,32,32,failure,failure,1270311.802,1246662.272
SEC::HIG && DPT::MKG && CTR::$,SEC::HIG && DPT::DEV,,,,,different,TN_TN,failure,32,8,failure,failure,1302017.769,369036.129
SEC::HIG && DPT::MKG && CTR::$,SEC::HIG && DPT::DEV && CTR::$,,,,,same,same,failure,32,32,failure,failure,1259225.066,1267422.633
SEC::HIG && DPT::MKG && CTR::$,SEC::HIG && DPT::DEV && CTR::EN,,,,,same,same,failure,16,16,failure,failure,669883.284,667131.812
SEC::HIG && DPT::MKG && CTR::$,SEC::HIG && DPT::DEV && CTR::FR,,,,,same,same,failure,16,16,failure,failure,669999.632,667457.639
SEC::HIG && DPT::MKG && CTR::$,SEC::HIG && DPT::MKG,,,,,different,TN_FP,failure,32,8,success,failure,727939.382,372582.427
SEC::HIG && DPT::MKG && CTR::$,SEC::HIG && DPT::MKG && CTR::$,,,,,same,same,success,32,32,success,success,778468.412,789043.423
SEC::HIG && DPT::MKG && CTR::$,SEC::HIG && DPT::MKG && CTR::EN,,,,,same,same,failure,16,16,failure,failure,679914.329,665414.701
SEC::HIG && DPT::MKG && CTR::$,SEC::HIG && DPT::MKG && CTR::FR,,,,,same,same,failure,16,16,failure,failure,672373.500,662943.471
SEC::HIG && DPT::MKG && CTR::$,SEC::LOW,,,,,different,TN_TN,failure,32,2,failure,failure,1267745.323,146628.338
SEC::HIG && DPT::MKG && CTR::$,SEC::LOW && CTR::$,,,,,different,TN_TN,failure,32,8,failure,failure,1257607.712,364979.956
SEC::HIG && DPT::MKG && CTR::$,SEC::LOW && CTR::EN,,,,,different,TN_TN,failure,16,4,failure,failure,676406.855,218203.620
SEC::HIG && DPT::MKG && CTR::$,SEC::LOW && CTR::FR,,,,,different,TN_TN,failure,16,4,failure,failure,714129.408,218301.149
SEC::HIG && DPT::MKG && CTR::$,SEC::LOW && DPT::$,,,,,different,TN_TN,failure,32,8,failure,failure,1277964.226,373359.298
SEC::HIG && DPT::MKG && CTR::$,SEC::LOW && DPT::$ && CTR::$,,,,,same,same,failure,32,32,failure,failure,1289394.171,1276744.573
SEC::HIG && DPT::MKG && CTR::$,SEC::LOW && DPT::$ && CTR::EN,,,,,same,same,failure,16,16,failure,failure,670626.427,668670.043
SEC::HIG && DPT::MKG && CTR::$,SEC::LOW && DPT::$ && CTR::FR,,,,,same,same,failure,16,16,failure,failure,680190.877,661878.975
SEC::HIG && DPT::MKG && CTR::$,SEC::LOW && DPT::DEV,,,,,different,TN_TN,failure,16,4,failure,failure,665903.824,219071.172
SEC::HIG && DPT::MKG && CTR::$,SEC::LOW && DPT::DEV && CTR::$,,,,,same,same,failure,16,16,failure,failure,665618.098,656914.132
SEC::HIG && DPT::MKG && CTR::$,SEC::LOW && DPT::DEV && CTR::EN,,,,,same,same,failure,8,8,failure,failure,369450.070,366269.155
SEC::HIG && DPT::MKG && CTR::$,SEC::LOW && DPT::DEV && CTR::FR,,,,,same,same,failure,8,8,failure,failure,380714.410,365951.939
SEC::HIG && DPT::MKG && CTR::$,SEC::LOW && DPT::MKG,,,,,different,TN_TN,failure,16,4,failure,failure,666138.539,219390.166
SEC::HIG && DPT::MKG && CTR::$,SEC::LOW && DPT::MKG && CTR::$,,,,,same,same,failure,16,16,failure,failure,669645.608,672635.861
SEC::HIG && DPT::MKG && CTR::$,SEC::LOW && DPT::MKG && CTR::EN,,,,,same,same,failure,8,8,failure,failure,370213.047,364987.450
SEC::HIG && DPT::MKG && CTR::$,SEC::LOW && DPT::MKG && CTR::FR,,,,,same,same,failure,8,8,failure,failure,397236.958,364713.376
SEC::HIG && DPT::MKG && CTR::$,SEC::MED,,,,,different,TN_TN,failure,48,3,failure,failure,1899384.535,186082.023
SEC::HIG && DPT::MKG && CTR::$,SEC::MED && CTR::$,,,,,different,TN_TN,failure,48,12,failure,failure,1887063.319,527043.802
SEC::HIG && DPT::MKG && CTR::$,SEC::MED && CTR::EN,,,,,different,TN_TN,failure,24,6,failure,failure,967316.338,303876.646
SEC::HIG && DPT::MKG && CTR::$,SEC::MED && CTR::FR,,,,,different,TN_TN,failure,24,6,failure,failure,967071.544,306987.747
SEC::HIG && DPT::MKG && CTR::$,SEC::MED && DPT::$,,,,,different,TN_TN,failure,48,12,failure,failure,1952734.747,517714.613
SEC::HIG && DPT::MKG && CTR::$,SEC::MED && DPT::$ && CTR::$,,,,,same,same,failure,48,48,failure,failure,1903614.029,1838403.695
SEC::HIG && DPT::MKG && CTR::$,SEC::MED && DPT::$ && CTR::EN,,,,,same,same,failure,24,24,failure,failure,974997.130,960127.529
SEC::HIG && DPT::MKG && CTR::$,SEC::MED && DPT::$ && CTR::FR,,,,,same,same,failure,24,24,failure,failure,989545.801,968498.912
SEC::HIG && DPT::MKG && CTR::$,SEC::MED && DPT::DEV,,,,,different,TN_TN,failure,24,6,failure,failure,976773.663,297905.957
SEC::HIG && DPT::MKG && CTR::$,SEC::MED && DPT::DEV && CTR::$,,,,,same,same,failure,24,24,failure,failure,986678.963,976973.929
SEC::HIG && DPT::MKG && CTR::$,SEC::MED && DPT::DEV && CTR::EN,,,,,same,same,failure,12,12,failure,failure,526745.072,535188.094
SEC::HIG && DPT::MKG && CTR::$,SEC::MED && DPT::DEV && CTR::FR,,,,,same,same,failure,12,12,failure,failure,541059.613,519738.264
SEC::HIG && DPT::MKG && CTR::$,SEC::MED && DPT::MKG,,,,,different,TN_TN,failure,24,6,failure,failure,989291.393,295055.400
SEC::HIG && DPT::MKG && CTR::$,SEC::MED && DPT::MKG && CTR::$,,,,,same,same,failure,24,24,failure,failure,987333.034,1001281.318
SEC::HIG && DPT::MKG && CTR::$,SEC::MED && DPT::MKG && CTR::EN,,,,,same,same,failure,12,12,failure,failure,530689.405,517664.143
SEC::HIG && DPT::MKG && CTR::$,SEC::MED && DPT::MKG && CTR::FR,,,,,same,same,failure,12,12,failure,failure,526904.706,552430.176
SEC::HIG && DPT::MKG && CTR::EN,CTR::$,,,,,different,TN_FP,failure,80,4,success,failure,1622670.664,218990.902
SEC::HIG && DPT::MKG && CTR::EN,CTR::EN,,,,,different,TN_FP,failure,40,2,success,failure,890719.532,146340.904
SEC::HIG && DPT::MKG && CTR::EN,CTR::FR,,,,,different,TN_TN,failure,40,2,failure,failure,1570546.522,145950.211
SEC::HIG && DPT::MKG && CTR::EN,DPT::$,,,,,different,TN_FP,failure,80,4,success,failure,1628074.415,219183.228
SEC::HIG && DPT::MKG && CTR::EN,DPT::$ && CTR::$,,,,,different,TN_FP,failure,80,16,success,failure,1630264.137,665555.997
SEC::HIG && DPT::MKG && CTR::EN,DPT::$ && CTR::EN,,,,,different,TN_FP,failure,40,8,success,failure,875563.934,365854.752
SEC::HIG && DPT::MKG && CTR::EN,DPT::$ && CTR::FR,,,,,different,TN_TN,failure,40,8,failure,failure,1572489.627,365390.251
SEC::HIG && DPT::MKG && CTR::EN,DPT::DEV,,,,,different,TN_TN,failure,40,2,failure,failure,1573004.327,145889.212
SEC::HIG && DPT::MKG && CTR::EN,DPT::DEV && CTR::$,,,,,different,TN_TN,failure,40,8,failure,failure,1561143.159,366198.236
SEC::HIG && DPT::MKG && CTR::EN,DPT::DEV && CTR::EN,,,,,different,TN_TN,failure,20,4,failure,failure,824776.218,218821.620
SEC::HIG && DPT::MKG && CTR::EN,DPT::DEV && CTR::FR,,,,,different,TN_TN,failure,20,4,failure,failure,820336.672,219482.063
SEC::HIG && DPT::MKG && CTR::EN,DPT::MKG,,,,,different,TN_FP,failure,40,2,success,failure,875751.621,146166.166
SEC::HIG && DPT::MKG && CTR::EN,DPT::MKG && CTR::$,,,,,different,TN_FP,failure,40,8,success,failure,881459.914,366166.001
SEC::HIG && DPT::MKG && CTR::EN,DPT::MKG && CTR::EN,,,,,different,TN_FP,failure,20,4,success,failure,550325.117,220250.033
SEC::HIG && DPT::MKG && CTR::EN,DPT::MKG && CTR::FR,,,,,different,TN_TN,failure,20,4,failure,failure,819993.763,219697.758
SEC::HIG && DPT::MKG && CTR::EN,SEC::$,,,,,different,TN_FP,failure,80,5,success,failure,1715072.958,257793.305
SEC::HIG && DPT::MKG && CTR::EN,SEC::$ && CTR::$,,,,,different,TN_FP,failure,80,20,success,failure,1692932.373,807442.415
SEC::HIG && DPT::MKG && CTR::EN,SEC::$ && CTR::EN,,,,,different,TN_FP,failure,40,10,success,failure,930359.932,440976.351
SEC::HIG && DPT::MKG && CTR::EN,SEC::$ && CTR::FR,,,,,different,TN_TN,failure,40,10,failure,failure,1596920.749,441811.959
SEC::HIG && DPT::MKG && CTR::EN,SEC::$ && DPT::$,,,,,different,TN_FP,failure,80,20,success,failure,1570117.062,811174.405
SEC::HIG && DPT::MKG && CTR::EN,SEC::$ && DPT::$ && CTR::$,,,,,same,same,success,80,80,success,success,1633239.739,1607204.679
SEC::HIG && DPT::MKG && CTR::EN,SEC::$ && DPT::$ && CTR::EN,,,,,same,same,success,40,40,success,success,985858.489,883271.967
SEC::HIG && DPT::MKG && CTR::EN,SEC::$ && DPT::$ && CTR::FR,,,,,same,same,failure,40,40,failure,failure,1578291.775,1548990.318
SEC::HIG && DPT::MKG && CTR::EN,SEC::$ && DPT::DEV,,,,,different,TN_TN,failure,40,10,failure,failure,1606444.378,439732.754
SEC::HIG && DPT::MKG && CTR::EN,SEC::$ && DPT::DEV && CTR::$,,,,,same,same,failure,40,40,failure,failure,1567920.737,1548271.360
SEC::HIG && DPT::MKG && CTR::EN,SEC::$ && DPT::DEV && CTR::EN,,,,,same,same,failure,20,20,failure,failure,847353.684,817214.696
SEC::HIG && DPT::MKG && CTR::EN,SEC::$ && DPT::DEV && CTR::FR,,,,,same,same,failure,20,20,failure,failure,848140.775,815408.402
SEC::HIG && DPT::MKG && CTR::EN,SEC::$ && DPT::MKG,,,,,different,TN_FP,failure,40,10,success,failure,968062.919,439231.654
SEC::HIG && DPT::MKG && CTR::EN,SEC::$ && DPT::MKG && CTR::$,,,,,same,same,success,40,40,success,success,968559.576,881091.938
SEC::HIG && DPT::MKG && CTR::EN,SEC::$ && DPT::MKG && CTR::EN,,,,,same,same,success,20,20,success,success,591589.689,506121.708
SEC::HIG && DPT::MKG && CTR::EN,SEC::$ && DPT::MKG && CTR::FR,,,,,same,same,failure,20,20,failure,failure,836370.046,817428.978
SEC::HIG && DPT::MKG && CTR::EN,SEC::HIG,,,,,different,TN_FP,failure,64,4,success,failure,1315821.031,227110.959
SEC::HIG && DPT::MKG && CTR::EN,SEC::HIG && CTR::$,,,,,different,TN_FP,failure,64,16,success,failure,1579767.648,669361.821
SEC::HIG && DPT::MKG && CTR::EN,SEC::HIG && CTR::EN,,,,,different,TN_FP,failure,32,8,success,failure,755616.127,385638.221
SEC::HIG && DPT::MKG && CTR::EN,SEC::HIG && CTR::FR,,,,,different,TN_TN,failure,32,8,failure,failure,1300847.675,379437.535
SEC::HIG && DPT::MKG && CTR::EN,SEC::HIG && DPT::$,,,,,different,TN_FP,failure,64,16,success,failure,1455304.687,662519.976
SEC::HIG && DPT::MKG && CTR::EN,SEC::HIG && DPT::$ && CTR::$,,,,,same,same,success,64,64,success,success,1389691.834,1360458.069
SEC::HIG && DPT::MKG && CTR::EN,SEC::HIG && DPT::$ && CTR::EN,,,,,same,same,success,32,32,success,success,804365.664,738313.843
SEC::HIG && DPT::MKG && CTR::EN,SEC::HIG && DPT::$ && CTR::FR,,,,,same,same,failure,32,32,failure,failure,1298388.207,1251082.353
SEC::HIG && DPT::MKG && CTR::EN,SEC::HIG && DPT::DEV,,,,,different,TN_TN,failure,32,8,failure,failure,1766234.910,366983.394
SEC::HIG && DPT::MKG && CTR::EN,SEC::HIG && DPT::DEV && CTR::$,,,,,same,same,failure,32,32,failure,failure,1276431.050,1272786.759
SEC::HIG && DPT::MKG && CTR::EN,SEC::HIG && DPT::DEV && CTR::EN,,,,,same,same,failure,16,16,failure,failure,900187.657,665351.963
SEC::HIG && DPT::MKG && CTR::EN,SEC::HIG && DPT::DEV && CTR::FR,,,,,same,same,failure,16,16,failure,failure,744352.199,667668.594
SEC::HIG && DPT::MKG && CTR::EN,SEC::HIG && DPT::MKG,,,,,different,TN_FP,failure,32,8,success,failure,742463.230,366872.551
SEC::HIG && DPT::MKG && CTR::EN,SEC::HIG && DPT::MKG && CTR::$,,,,,same,same,success,32,32,success,success,760637.726,702847.882
SEC::HIG && DPT::MKG && CTR::EN,SEC::HIG && DPT::MKG && CTR::EN,,,,,same,same,success,16,16,success,success,479161.197,435106.015
SEC::HIG && DPT::MKG && CTR::EN,SEC::HIG && DPT::MKG && CTR::FR,,,,,same,same,failure,16,16,failure,failure,680870.988,659491.230
SEC::HIG && DPT::MKG && CTR::EN,SEC::LOW,,,,,different,TN_TN,failure,32,2,failure,failure,1290738.162,149049.780
SEC::HIG && DPT::MKG && CTR::EN,SEC::LOW && CTR::$,,,,,different,TN_TN,failure,32,8,failure,failure,1304478.240,374490.070
SEC::HIG && DPT::MKG && CTR::EN,SEC::LOW && CTR::EN,,,,,different,TN_TN,failure,16,4,failure,failure,680637.050,223604.917
SEC::HIG && DPT::MKG && CTR::EN,SEC::LOW && CTR::FR,,,,,different,TN_TN,failure,16,4,failure,failure,693056.801,225881.201
SEC::HIG && DPT::MKG && CTR::EN,SEC::LOW && DPT::$,,,,,different,TN_TN,failure,32,8,failure,failure,1298670.891,365346.744
SEC::HIG && DPT::MKG && CTR::EN,SEC::LOW && DPT::$ && CTR::$,,,,,same,same,failure,32,32,failure,failure,1344358.881,1251642.989
SEC::HIG && DPT::MKG && CTR::EN,SEC::LOW && DPT::$ && CTR::EN,,,,,same,same,failure,16,16,failure,failure,689959.346,658659.280
SEC::HIG && DPT::MKG && CTR::EN,SEC::LOW && DPT::$ && CTR::FR,,,,,same,same,failure,16,16,failure,failure,678964.532,659166.451
SEC::HIG && DPT::MKG && CTR::EN,SEC::LOW && DPT::DEV,,,,,different,TN_TN,failure,16,4,failure,failure,691491.084,219495.413
SEC::HIG && DPT::MKG && CTR::EN,SEC::LOW && DPT::DEV && CTR::$,,,,,same,same,failure,16,16,failure,failure,695915.639,659035.767
SEC::HIG && DPT::MKG && CTR::EN,SEC::LOW && DPT::DEV && CTR::EN,,,,,same,same,failure,8,8,failure,failure,379834.169,372619.361
SEC::HIG && DPT::MKG && CTR::EN,SEC::LOW && DPT::DEV && CTR::FR,,,,,same,same,failure,8,8,failure,failure,379272.215,372994.840
SEC::HIG && DPT::MKG && CTR::EN,SEC::LOW && DPT::MKG,,,,,different,TN_TN,failure,16,4,failure,failure,685065.868,219043.872
SEC::HIG && DPT::MKG && CTR::EN,SEC::LOW && DPT::MKG && CTR::$,,,,,same,same,failure,16,16,failure,failure,680948.760,657671.818
SEC::HIG && DPT::MKG && CTR::EN,SEC::LOW && DPT::MKG && CTR::EN,,,,,same,same,failure,8,8,failure,failure,383999.758,366051.586
SEC::HIG && DPT::MKG && CTR::EN,SEC::LOW && DPT::MKG && CTR::FR,,,,,same,same,failure,8,8,failure,failure,379216.606,365546.905
SEC::HIG && DPT::MKG && CTR::EN,SEC::MED,,,,,different,TN_TN,failure,48,3,failure,failure,1980571.602,182670.158
SEC::HIG && DPT::MKG && CTR::EN,SEC::MED && CTR::$,,,,,different,TN_TN,failure,48,12,failure,failure,1908995.483,512986.935
SEC::HIG && DPT::MKG && CTR::EN,SEC::MED && CTR::EN,,,,,different,TN_TN,failure,24,6,failure,failure,993920.396,292849.467
SEC::HIG && DPT::MKG && CTR::EN,SEC::MED && CTR::FR,,,,,different,TN_TN,failure,24,6,failure,failure,1007951.725,292774.302
SEC::HIG && DPT::MKG && CTR::EN,SEC::MED && DPT::$,,,,,different,TN_TN,failure,48,12,failure,failure,1863985.079,535623.961
SEC::HIG && DPT::MKG && CTR::EN,SEC::MED && DPT::$ && CTR::$,,,,,same,same,failure,48,48,failure,failure,1859925.630,1878763.610
SEC::HIG && DPT::MKG && CTR::EN,SEC::MED && DPT::$ && CTR::EN,,,,,same,same,failure,24,24,failure,failure,1013498.329,977609.731
SEC::HIG && DPT::MKG && CTR::EN,SEC::MED && DPT::$ && CTR::FR,,,,,same,same,failure,24,24,failure,failure,965472.169,980913.468
SEC::HIG && DPT::MKG && CTR::EN,SEC::MED && DPT::DEV,,,,,different,TN_TN,failure,24,6,failure,failure,1014044.093,292565.324
SEC::HIG && DPT::MKG && CTR::EN,SEC::MED && DPT::DEV && CTR::$,,,,,same,same,failure,24,24,failure,failure,989115.764,965471.809
SEC::HIG && DPT::MKG && CTR::EN,SEC::MED && DPT::DEV && CTR::EN,,,,,same,same,failure,12,12,failure,failure,592988.213,514134.357
SEC::HIG && DPT::MKG && CTR::EN,SEC::MED && DPT::DEV && CTR::FR,,,,,same,same,failure,12,12,failure,failure,600678.573,525816.956
SEC::HIG && DPT::MKG && CTR::EN,SEC::MED && DPT::MKG,,,,,different,TN_TN,failure,24,6,failure,failure,981635.708,294584.872
SEC::HIG && DPT::MKG && CTR::EN,SEC::MED && DPT::MKG && CTR::$,,,,,same,same,failure,24,24,failure,failure,982956.986,980344.772
SEC::HIG && DPT::MKG && CTR::EN,SEC::MED && DPT::MKG && CTR::EN,,,,,same,same,failure,12,12,failure,failure,560777.108,513592.005
SEC::HIG && DPT::MKG && CTR::EN,SEC::MED && DPT::MKG && CTR::FR,,,,,same,same,failure,12,12,failure,failure,563957.914,516255.275
SEC::HIG && DPT::MKG && CTR::FR,CTR::$,,,,,different,TN_FP,failure,80,4,success,failure,1649932.346,221953.188
SEC::HIG && DPT::MKG && CTR::FR,CTR::EN,,,,,different,TN_TN,failure,40,2,failure,failure,1569958.409,149180.921
SEC::HIG && DPT::MKG && CTR::FR,CTR::FR,,,,,different,TN_FP,failure,40,2,success,failure,943319.882,148013.587
SEC::HIG && DPT::MKG && CTR::FR,DPT::$,,,,,different,TN_FP,failure,80,4,success,failure,1689356.329,221347.453
SEC::HIG && DPT::MKG && CTR::FR,DPT::$ && CTR::$,,,,,different,TN_FP,failure,80,16,success,failure,1600401.062,659399.148
SEC::HIG && DPT::MKG && CTR::FR,DPT::$ && CTR::EN,,,,,different,TN_TN,failure,40,8,failure,failure,1569626.306,365299.325
SEC::HIG && DPT::MKG && CTR::FR,DPT::$ && CTR::FR,,,,,different,TN_FP,failure,40,8,success,failure,883704.724,364361.330
SEC::HIG && DPT::MKG && CTR::FR,DPT::DEV,,,,,different,TN_TN,failure,40,2,failure,failure,1576934.620,147750.438
SEC::HIG && DPT::MKG && CTR::FR,DPT::DEV && CTR::$,,,,,different,TN_TN,failure,40,8,failure,failure,1558856.364,367832.807
SEC::HIG && DPT::MKG && CTR::FR,DPT::DEV && CTR::EN,,,,,different,TN_TN,failure,20,4,failure,failure,824263.517,221936.712
SEC::HIG && DPT::MKG && CTR::FR,DPT::DEV && CTR::FR,,,,,different,TN_TN,failure,20,4,failure,failure,820706.861,222171.538
SEC::HIG && DPT::MKG && CTR::FR,DPT::MKG,,,,,different,TN_FP,failure,40,2,success,failure,916520.248,146308.378
SEC::HIG && DPT::MKG && CTR::FR,DPT::MKG && CTR::$,,,,,different,TN_FP,failure,40,8,success,failure,988597.807,369278.689
SEC::HIG && DPT::MKG && CTR::FR,DPT::MKG && CTR::EN,,,,,different,TN_TN,failure,20,4,failure,failure,814648.262,221570.921
SEC::HIG && DPT::MKG && CTR::FR,DPT::MKG && CTR::FR,,,,,different,TN_FP,failure,20,4,success,failure,544850.292,221881.765
SEC::HIG && DPT::MKG && CTR::FR,SEC::$,,,,,different,TN_FP,failure,80,5,success,failure,1784913.321,256217.215
SEC::HIG && DPT::MKG && CTR::FR,SEC::$ && CTR::$,,,,,different,TN_FP,failure,80,20,success,failure,1651260.707,819271.564
SEC::HIG && DPT::MKG && CTR::FR,SEC::$ && CTR::EN,,,,,different,TN_TN,failure,40,10,failure,failure,1591089.445,440166.567
SEC::HIG && DPT::MKG && CTR::FR,SEC::$ && CTR::FR,,,,,different,TN_FP,failure,40,10,success,failure,957359.436,440553.984
SEC::HIG && DPT::MKG && CTR::FR,SEC::$ && DPT::$,,,,,different,TN_FP,failure,80,20,success,failure,1827966.898,811330.408
SEC::HIG && DPT::MKG && CTR::FR,SEC::$ && DPT::$ && CTR::$,,,,,same,same,success,80,80,success,success,1768932.535,1590267.769
SEC::HIG && DPT::MKG && CTR::FR,SEC::$ && DPT::$ && CTR::EN,,,,,same,same,failure,40,40,failure,failure,1581923.648,1556262.028
SEC::HIG && DPT::MKG && CTR::FR,SEC::$ && DPT::$ && CTR::FR,,,,,same,same,success,40,40,success,success,898971.811,883853.694
SEC::HIG && DPT::MKG && CTR::FR,SEC::$ && DPT::DEV,,,,,different,TN_TN,failure,40,10,failure,failure,1626872.832,439597.449
SEC::HIG && DPT::MKG && CTR::FR,SEC::$ && DPT::DEV && CTR::$,,,,,same,same,failure,40,40,failure,failure,1632537.592,1549842.387
SEC::HIG && DPT::MKG && CTR::FR,SEC::$ && DPT::DEV && CTR::EN,,,,,same,same,failure,20,20,failure,failure,824607.708,808811.142
SEC::HIG && DPT::MKG && CTR::FR,SEC::$ && DPT::DEV && CTR::FR,,,,,same,same,failure,20,20,failure,failure,819247.308,819608.736
SEC::HIG && DPT::MKG && CTR::FR,SEC::$ && DPT::MKG,,,,,different,TN_FP,failure,40,10,success,failure,958367.412,443898.523
SEC::HIG && DPT::MKG && CTR::FR,SEC::$ && DPT::MKG && CTR::$,,,,,same,same,success,40,40,success,success,902572.225,867733.486
SEC::HIG && DPT::MKG && CTR::FR,SEC::$ && DPT::MKG && CTR::EN,,,,,same,same,failure,20,20,failure,failure,820686.422,813175.299
SEC::HIG && DPT::MKG && CTR::FR,SEC::$ && DPT::MKG && CTR::FR,,,,,same,same,success,20,20,success,success,519244.042,512503.498
SEC::HIG && DPT::MKG && CTR::FR,SEC::HIG,,,,,different,TN_FP,failure,64,4,success,failure,1329350.448,223896.038
SEC::HIG && DPT::MKG && CTR::FR,SEC::HIG && CTR::$,,,,,different,TN_FP,failure,64,16,success,failure,1437822.090,682685.738
SEC::HIG && DPT::MKG && CTR::FR,SEC::HIG && CTR::EN,,,,,different,TN_TN,failure,32,8,failure,failure,1299195.781,386402.154
SEC::HIG && DPT::MKG && CTR::FR,SEC::HIG && CTR::FR,,,,,different,TN_FP,failure,32,8,success,failure,755245.762,387860.073
SEC::HIG && DPT::MKG && CTR::FR,SEC::HIG && DPT::$,,,,,different,TN_FP,failure,64,16,success,failure,2027215.854,661624.757
SEC::HIG && DPT::MKG && CTR::FR,SEC::HIG && DPT::$ && CTR::$,,,,,same,same,success,64,64,success,success,1879079.378,1417498.628
SEC::HIG && DPT::MKG && CTR::FR,SEC::HIG && DPT::$ && CTR::EN,,,,,same,same,failure,32,32,failure,failure,1769750.063,1260712.897
SEC::HIG && DPT::MKG && CTR::FR,SEC::HIG && DPT::$ && CTR::FR,,,,,same,same,success,32,32,success,success,1072622.050,785687.298
SEC::HIG && DPT::MKG && CTR::FR,SEC::HIG && DPT::DEV,,,,,different,TN_TN,failure,32,8,failure,failure,1276970.297,381091.458
SEC::HIG && DPT::MKG && CTR::FR,SEC::HIG && DPT::DEV && CTR::$,,,,,same,same,failure,32,32,failure,failure,1284675.755,1282838.600
SEC::HIG && DPT::MKG && CTR::FR,SEC::HIG && DPT::DEV && CTR::EN,,,,,same,same,failure,16,16,failure,failure,682942.970,673906.375
SEC::HIG && DPT::MKG && CTR::FR,SEC::HIG && DPT::DEV && CTR::FR,,,,,same,same,failure,16,16,failure,failure,685854.276,673691.026
SEC::HIG && DPT::MKG && CTR::FR,SEC::HIG && DPT::MKG,,,,,different,TN_FP,failure,32,8,success,failure,734574.022,374047.224
SEC::HIG && DPT::MKG && CTR::FR,SEC::HIG && DPT::MKG && CTR::$,,,,,same,same,success,32,32,success,success,1022885.733,729142.279
SEC::HIG && DPT::MKG && CTR::FR,SEC::HIG && DPT::MKG && CTR::EN,,,,,same,same,failure,16,16,failure,failure,836831.863,677233.291
SEC::HIG && DPT::MKG && CTR::FR,SEC::HIG && DPT::MKG && CTR::FR,,,,,same,same,success,16,16,success,success,633216.280,474802.230
SEC::HIG && DPT::MKG && CTR::FR,SEC::LOW,,,,,different,TN_TN,failure,32,2,failure,failure,1289090.316,146231.603
SEC::HIG && DPT::MKG && CTR::FR,SEC::LOW && CTR::$,,,,,different,TN_TN,failure,32,8,failure,failure,1286317.965,365933.044
SEC::HIG && DPT::MKG && CTR::FR,SEC::LOW && CTR::EN,,,,,different,TN_TN,failure,16,4,failure,failure,679300.703,219231.092
SEC::HIG && DPT::MKG && CTR::FR,SEC::LOW && CTR::FR,,,,,different,TN_TN,failure,16,4,failure,failure,694811.728,219715.180
SEC::HIG && DPT::MKG && CTR::FR,SEC::LOW && DPT::$,,,,,different,TN_TN,failure,32,8,failure,failure,1281125.766,372973.180
SEC::HIG && DPT::MKG && CTR::FR,SEC::LOW && DPT::$ && CTR::$,,,,,same,same,failure,32,32,failure,failure,1369337.535,1315384.362
SEC::HIG && DPT::MKG && CTR::FR,SEC::LOW && DPT::$ && CTR::EN,,,,,same,same,failure,16,16,failure,failure,686997.615,672771.787
SEC::HIG && DPT::MKG && CTR::FR,SEC::LOW && DPT::$ && CTR::FR,,,,,same,same,failure,16,16,failure,failure,686672.496,685653.054
SEC::HIG && DPT::MKG && CTR::FR,SEC::LOW && DPT::DEV,,,,,different,TN_TN,failure,16,4,failure,failure,688557.100,219333.640
SEC::HIG && DPT::MKG && CTR::FR,SEC::LOW && DPT::DEV && CTR::$,,,,,same,same,failure,16,16,failure,failure,690339.304,658388.061
SEC::HIG && DPT::MKG && CTR::FR,SEC::LOW && DPT::DEV && CTR::EN,,,,,same,same,failure,8,8,failure,failure,386237.976,365871.088
SEC::HIG && DPT::MKG && CTR::FR,SEC::LOW && DPT::DEV && CTR::FR,,,,,same,same,failure,8,8,failure,failure,378868.397,364881.992
SEC::HIG && DPT::MKG && CTR::FR,SEC::LOW && DPT::MKG,,,,,different,TN_TN,failure,16,4,failure,failure,689229.382,218969.927
SEC::HIG && DPT::MKG && CTR::FR,SEC::LOW && DPT::MKG && CTR::$,,,,,same,same,failure,16,16,failure,failure,687743.220,658371.120
SEC::HIG && DPT::MKG && CTR::FR,SEC::LOW && DPT::MKG && CTR::EN,,,,,same,same,failure,8,8,failure,failure,381475.081,365143.137
SEC::HIG && DPT::MKG && CTR::FR,SEC::LOW && DPT::MKG && CTR::FR,,,,,same,same,failure,8,8,failure,failure,378006.546,364573.233
SEC::HIG && DPT::MKG && CTR::FR,SEC::MED,,,,,different,TN_TN,failure,48,3,failure,failure,1922747.212,181987.884
SEC::HIG && DPT::MKG && CTR::FR,SEC::MED && CTR::$,,,,,different,TN_TN,failure,48,12,failure,failure,1897370.137,511914.062
SEC::HIG && DPT::MKG && CTR::FR,SEC::MED && CTR::EN,,,,,different,TN_TN,failure,24,6,failure,failure,987700.534,292792.470
SEC::HIG && DPT::MKG && CTR::FR,SEC::MED && CTR::FR,,,,,different,TN_TN,failure,24,6,failure,failure,994574.082,292215.433
SEC::HIG && DPT::MKG && CTR::FR,SEC::MED && DPT::$,,,,,different,TN_TN,failure,48,12,failure,failure,1859685.850,512452.342
SEC::HIG && DPT::MKG && CTR::FR,SEC::MED && DPT::$ && CTR::$,,,,,same,same,failure,48,48,failure,failure,1859423.704,1860595.237
SEC::HIG && DPT::MKG && CTR::FR,SEC::MED && DPT::$ && CTR::EN,,,,,same,same,failure,24,24,failure,failure,1001026.440,968169.689
SEC::HIG && DPT::MKG && CTR::FR,SEC::MED && DPT::$ && CTR::FR,,,,,same,same,failure,24,24,failure,failure,963852.346,963631.041
SEC::HIG && DPT::MKG && CTR::FR,SEC::MED && DPT::DEV,,,,,different,TN_TN,failure,24,6,failure,failure,1036429.177,292402.219
SEC::HIG && DPT::MKG && CTR::FR,SEC::MED && DPT::DEV && CTR::$,,,,,same,same,failure,24,24,failure,failure,990217.636,952588.397
SEC::HIG && DPT::MKG && CTR::FR,SEC::MED && DPT::DEV && CTR::EN,,,,,same,same,failure,12,12,failure,failure,624804.356,512342.025
SEC::HIG && DPT::MKG && CTR::FR,SEC::MED && DPT::DEV && CTR::FR,,,,,same,same,failure,12,12,failure,failure,536493.192,510403.154
SEC::HIG && DPT::MKG && CTR::FR,SEC::MED && DPT::MKG,,,,,different,TN_TN,failure,24,6,failure,failure,982851.078,291695.157
SEC::HIG && DPT::MKG && CTR::FR,SEC::MED && DPT::MKG && CTR::$,,,,,same,same,failure,24,24,failure,failure,979383.524,950816.789
SEC::HIG && DPT::MKG && CTR::FR,SEC::MED && DPT::MKG && CTR::EN,,,,,same,same,failure,12,12,failure,failure,575553.925,511905.767
SEC::HIG && DPT::MKG && CTR::FR,SEC::MED && DPT::MKG && CTR::FR,,,,,same,same,failure,12,12,failure,failure,531893.829,511076.667
SEC::LOW,CTR::$,,,,,different,TN_FP,failure,80,4,success,failure,2235175.545,230439.181
SEC::LOW,CTR::EN,,,,,different,TN_FP,failure,40,2,success,failure,1085331.646,192136.264
SEC::LOW,CTR::FR,,,,,different,TN_FP,failure,40,2,success,failure,1072104.109,162939.223
SEC::LOW,DPT::$,,,,,different,TN_FP,failure,80,4,success,failure,2494845.445,225358.647
SEC::LOW,DPT::$ && CTR::$,,,,,different,TN_FP,failure,80,16,success,failure,2462530.055,672637.414
SEC::LOW,DPT::$ && CTR::EN,,,,,different,TN_FP,failure,40,8,success,failure,1297209.180,380898.621
SEC::LOW,DPT::$ && CTR::FR,,,,,different,TN_FP,failure,40,8,success,failure,1212599.173,380718.172
SEC::LOW,DPT::DEV,,,,,different,TN_FP,failure,40,2,success,failure,1193464.937,156633.465
SEC::LOW,DPT::DEV && CTR::$,,,,,different,TN_FP,failure,40,8,success,failure,1367447.515,476514.286
SEC::LOW,DPT::DEV && CTR::EN,,,,,different,TN_FP,failure,20,4,success,failure,747075.086,260560.867
SEC::LOW,DPT::DEV && CTR::FR,,,,,different,TN_FP,failure,20,4,success,failure,737526.921,222262.018
SEC::LOW,DPT::MKG,,,,,different,TN_FP,failure,40,2,success,failure,1518207.387,151165.448
SEC::LOW,DPT::MKG && CTR::$,,,,,different,TN_FP,failure,40,8,success,failure,1200797.105,371821.680
SEC::LOW,DPT::MKG && CTR::EN,,,,,different,TN_FP,failure,20,4,success,failure,821227.387,221124.409
SEC::LOW,DPT::MKG && CTR::FR,,,,,different,TN_FP,failure,20,4,success,failure,744826.639,221375.891
SEC::LOW,SEC::$,,,,,different,TP_TP,success,80,5,success,success,2016505.565,245854.661
SEC::LOW,SEC::$ && CTR::$,,,,,different,TP_TP,success,80,20,success,success,2099371.024,532715.902
SEC::LOW,SEC::$ && CTR::EN,,,,,different,TP_TP,success,40,10,success,success,1255426.871,346431.013
SEC::LOW,SEC::$ && CTR::FR,,,,,different,TP_TP,success,40,10,success,success,1051606.045,348324.324
SEC::LOW,SEC::$ && DPT::$,,,,,different,TP_TP,success,80,20,success,success,1956186.938,530284.446
SEC::LOW,SEC::$ && DPT::$ && CTR::$,,,,,same,same,success,80,80,success,success,2020608.691,1596856.528
SEC::LOW,SEC::$ && DPT::$ && CTR::EN,,,,,same,same,success,40,40,success,success,1189706.808,916342.725
SEC::LOW,SEC::$ && DPT::$ && CTR::FR,,,,,same,same,success,40,40,success,success,1066605.174,951314.458
SEC::LOW,SEC::$ && DPT::DEV,,,,,different,TP_TP,success,40,10,success,success,1068864.307,356838.430
SEC::LOW,SEC::$ && DPT::DEV && CTR::$,,,,,same,same,success,40,40,success,success,1046776.942,861082.881
SEC::LOW,SEC::$ && DPT::DEV && CTR::EN,,,,,same,same,success,20,20,success,success,610038.309,512426.829
SEC::LOW,SEC::$ && DPT::DEV && CTR::FR,,,,,same,same,success,20,20,success,success,620995.262,525525.660
SEC::LOW,SEC::$ && DPT::MKG,,,,,different,TP_TP,success,40,10,success,success,1062108.945,341528.688
SEC::LOW,SEC::$ && DPT::MKG && CTR::$,,,,,same,same,success,40,40,success,success,1079986.138,893231.013
SEC::LOW,SEC::$ && DPT::MKG && CTR::EN,,,,,same,same,success,20,20,success,success,643267.228,517791.287
SEC::LOW,SEC::$ && DPT::MKG && CTR::FR,,,,,same,same,success,20,20,success,success,624160.829,539664.471
SEC::LOW,SEC::HIG,,,,,different,TP_TP,success,64,4,success,success,1786078.752,237390.841
SEC::LOW,SEC::HIG && CTR::$,,,,,different,TP_TP,success,64,16,success,success,1982266.691,454179.432
SEC::LOW,SEC::HIG && CTR::EN,,,,,different,TP_TP,success,32,8,success,success,976432.723,321492.840
SEC::LOW,SEC::HIG && CTR::FR,,,,,different,TP_TP,success,32,8,success,success,988980.936,320379.401
SEC::LOW,SEC::HIG && DPT::$,,,,,different,TP_TP,success,64,16,success,success,1880526.808,443862.820
SEC::LOW,SEC::HIG && DPT::$ && CTR::$,,,,,same,same,success,64,64,success,success,1859942.171,1349821.433
SEC::LOW,SEC::HIG && DPT::$ && CTR::EN,,,,,same,same,success,32,32,success,success,985646.736,741225.153
SEC::LOW,SEC::HIG && DPT::$ && CTR::FR,,,,,same,same,success,32,32,success,success,1180838.869,738082.338
SEC::LOW,SEC::HIG && DPT::DEV,,,,,different,TP_TP,success,32,8,success,success,1098803.600,302528.573
SEC::LOW,SEC::HIG && DPT::DEV && CTR::$,,,,,same,same,success,32,32,success,success,1083234.046,826980.453
SEC::LOW,SEC::HIG && DPT::DEV && CTR::EN,,,,,same,same,success,16,16,success,success,623514.777,464890.864
SEC::LOW,SEC::HIG && DPT::DEV && CTR::FR,,,,,same,same,success,16,16,success,success,582878.374,462575.907
SEC::LOW,SEC::HIG && DPT::MKG,,,,,different,TP_TP,success,32,8,success,success,1154834.766,331797.434
SEC::LOW,SEC::HIG && DPT::MKG && CTR::$,,,,,same,same,success,32,32,success,success,1029924.285,747794.721
SEC::LOW,SEC::HIG && DPT::MKG && CTR::EN,,,,,same,same,success,16,16,success,success,668436.685,453429.956
SEC::LOW,SEC::HIG && DPT::MKG && CTR::FR,,,,,same,same,success,16,16,success,success,640662.367,474519.645
SEC::LOW,SEC::LOW,,,,,different,TP_TP,success,32,2,success,success,937367.897,194264.601
SEC::LOW,SEC::LOW && CTR::$,,,,,different,TP_TP,success,32,8,success,success,977436.522,310838.465
SEC::LOW,SEC::LOW && CTR::EN,,,,,different,TP_TP,success,16,4,success,success,629361.956,235585.424
SEC::LOW,SEC::LOW && CTR::FR,,,,,different,TP_TP,success,16,4,success,success,593917.816,233362.535
SEC::LOW,SEC::LOW && DPT::$,,,,,different,TP_TP,success,32,8,success,success,912678.025,317566.761
SEC::LOW,SEC::LOW && DPT::$ && CTR::$,,,,,same,same,success,32,32,success,success,1010639.431,734615.119
SEC::LOW,SEC::LOW && DPT::$ && CTR::EN,,,,,same,same,success,16,16,success,success,631201.742,450667.675
SEC::LOW,SEC::LOW && DPT::$ && CTR::FR,,,,,same,same,success,16,16,success,success,600519.494,458672.175
SEC::LOW,SEC::LOW && DPT::DEV,,,,,different,TP_TP,success,16,4,success,success,660500.874,232563.506
SEC::LOW,SEC::LOW && DPT::DEV && CTR::$,,,,,same,same,success,16,16,success,success,579351.299,479201.657
SEC::LOW,SEC::LOW && DPT::DEV && CTR::EN,,,,,same,same,success,8,8,success,success,424546.883,303565.127
SEC::LOW,SEC::LOW && DPT::DEV && CTR::FR,,,,,same,same,success,8,8,success,success,475819.403,301673.018
SEC::LOW,SEC::LOW && DPT::MKG,,,,,different,TP_TP,success,16,4,success,success,554886.689,230914.358
SEC::LOW,SEC::LOW && DPT::MKG && CTR::$,,,,,same,same,success,16,16,success,success,555970.551,457829.699
SEC::LOW,SEC::LOW && DPT::MKG && CTR::EN,,,,,same,same,success,8,8,success,success,404431.197,306767.754
SEC::LOW,SEC::LOW && DPT::MKG && CTR::FR,,,,,same,same,success,8,8,success,success,382640.477,302754.838
SEC::LOW,SEC::MED,,,,,different,TP_TP,success,48,3,success,success,1367075.992,226323.005
SEC::LOW,SEC::MED && CTR::$,,,,,different,TP_TP,success,48,12,success,success,1332841.928,393546.680
SEC::LOW,SEC::MED && CTR::EN,,,,,different,TP_TP,success,24,6,success,success,778590.992,270446.505
SEC::LOW,SEC::MED && CTR::FR,,,,,different,TP_TP,success,24,6,success,success,824678.841,269115.464
SEC::LOW,SEC::MED && DPT::$,,,,,different,TP_TP,success,48,12,success,success,1320877.871,394180.990
SEC::LOW,SEC::MED && DPT::$ && CTR::$,,,,,same,same,success,48,48,success,success,1466866.424,1063523.664
SEC::LOW,SEC::MED && DPT::$ && CTR::EN,,,,,same,same,success,24,24,success,success,908411.934,628473.960
SEC::LOW,SEC::MED && DPT::$ && CTR::FR,,,,,same,same,success,24,24,success,success,793800.426,594702.759
SEC::LOW,SEC::MED && DPT::DEV,,,,,different,TP_TP,success,24,6,success,success,800244.429,280621.251
SEC::LOW,SEC::MED && DPT::DEV && CTR::$,,,,,same,same,success,24,24,success,success,848919.306,630153.059
SEC::LOW,SEC::MED && DPT::DEV && CTR::EN,,,,,same,same,success,12,12,success,success,475633.795,394137.118
SEC::LOW,SEC::MED && DPT::DEV && CTR::FR,,,,,same,same,success,12,12,success,success,486942.372,375247.139
SEC::LOW,SEC::MED && DPT::MKG,,,,,different,TP_TP,success,24,6,success,success,815627.218,278283.621
SEC::LOW,SEC::MED && DPT::MKG && CTR::$,,,,,same,same,success,24,24,success,success,909147.498,591910.636
SEC::LOW,SEC::MED && DPT::MKG && CTR::EN,,,,,same,same,success,12,12,success,success,566746.755,384983.598
SEC::LOW,SEC::MED && DPT::MKG && CTR::FR,,,,,same,same,success,12,12,success,success,511607.067,387997.131
SEC::LOW && CTR::$,CTR::$,,,,,different,TN_FP,failure,80,4,success,failure,1904167.958,298162.999
SEC::LOW && CTR::$,CTR::EN,,,,,different,TN_TN,failure,40,2,failure,failure,1586174.677,199035.796
SEC::LOW && CTR::$,CTR::FR,,,,,different,TN_TN,failure,40,2,failure,failure,1607654.587,199105.943
SEC::LOW && CTR::$,DPT::$,,,,,different,TN_FP,failure,80,4,success,failure,2142295.851,222388.911
SEC::LOW && CTR::$,DPT::$ && CTR::$,,,,,different,TN_FP,failure,80,16,success,failure,1868410.501,663381.352
SEC::LOW && CTR::$,DPT::$ && CTR::EN,,,,,different,TN_TN,failure,40,8,failure,failure,1875504.583,372522.940
SEC::LOW && CTR::$,DPT::$ && CTR::FR,,,,,different,TN_TN,failure,40,8,failure,failure,1818380.196,369015.506
SEC::LOW && CTR::$,DPT::DEV,,,,,different,TN_FP,failure,40,2,success,failure,1024411.966,200242.179
SEC::LOW && CTR::$,DPT::DEV && CTR::$,,,,,different,TN_FP,failure,40,8,success,failure,1259842.464,500434.961
SEC::LOW && CTR::$,DPT::DEV && CTR::EN,,,,,different,TN_TN,failure,20,4,failure,failure,966624.701,289489.194
SEC::LOW && CTR::$,DPT::DEV && CTR::FR,,,,,different,TN_TN,failure,20,4,failure,failure,911621.368,299895.068
SEC::LOW && CTR::$,DPT::MKG,,,,,different,TN_FP,failure,40,2,success,failure,1297898.252,199626.870
SEC::LOW && CTR::$,DPT::MKG && CTR::$,,,,,different,TN_FP,failure,40,8,success,failure,1001033.714,423398.540
SEC::LOW && CTR::$,DPT::MKG && CTR::EN,,,,,different,TN_TN,failure,20,4,failure,failure,1162023.771,298333.384
SEC::LOW && CTR::$,DPT::MKG && CTR::FR,,,,,different,TN_TN,failure,20,4,failure,failure,998858.348,300202.881
SEC::LOW && CTR::$,SEC::$,,,,,different,TN_FP,failure,80,5,success,failure,1869400.032,269349.137
SEC::LOW && CTR::$,SEC::$ && CTR::$,,,,,different,TP_TP,success,80,20,success,success,2310365.588,544256.975
SEC::LOW && CTR::$,SEC::$ && CTR::EN,,,,,different,TN_TN,failure,40,10,failure,failure,2058092.692,446156.623
SEC::LOW && CTR::$,SEC::$ && CTR::FR,,,,,different,TN_TN,failure,40,10,failure,failure,2176474.597,447049.589
SEC::LOW && CTR::$,SEC::$ && DPT::$,,,,,different,TN_FP,failure,80,20,success,failure,1656649.370,820976.231
SEC::LOW && CTR::$,SEC::$ && DPT::$ && CTR::$,,,,,same,same,success,80,80,success,success,1635901.567,1651240.745
SEC::LOW && CTR::$,SEC::$ && DPT::$ && CTR::EN,,,,,same,same,failure,40,40,failure,failure,1578672.479,1566833.287
SEC::LOW && CTR::$,SEC::$ && DPT::$ && CTR::FR,,,,,same,same,failure,40,40,failure,failure,1565271.908,1569828.100
SEC::LOW && CTR::$,SEC::$ && DPT::DEV,,,,,different,TN_FP,failure,40,10,success,failure,1240595.642,443026.387
SEC::LOW && CTR::$,SEC::$ && DPT::DEV && CTR::$,,,,,same,same,success,40,40,success,success,1244091.489,871133.934
SEC::LOW && CTR::$,SEC::$ && DPT::DEV && CTR::EN,,,,,same,same,failure,20,20,failure,failure,1134549.566,813020.132
SEC::LOW && CTR::$,SEC::$ && DPT::DEV && CTR::FR,,,,,same,same,failure,20,20,failure,failure,1134518.308,822772.435
SEC::LOW && CTR::$,SEC::$ && DPT::MKG,,,,,different,TN_FP,failure,40,10,success,failure,999521.613,454430.122
SEC::LOW && CTR::$,SEC::$ && DPT::MKG && CTR::$,,,,,same,same,success,40,40,success,success,889144.453,975640.502
SEC::LOW && CTR::$,SEC::$ && DPT::MKG && CTR::EN,,,,,same,same,failure,20,20,failure,failure,818760.550,820838.112
SEC::LOW && CTR::$,SEC::$ && DPT::MKG && CTR::FR,,,,,same,same,failure,20,20,failure,failure,819851.466,825384.966
SEC::LOW && CTR::$,SEC::HIG,,,,,different,TN_FP,failure,64,4,success,failure,1801404.188,221403.898
SEC::LOW && CTR::$,SEC::HIG && CTR::$,,,,,different,TP_TP,success,64,16,success,success,1533428.854,485310.496
SEC::LOW && CTR::$,SEC::HIG && CTR::EN,,,,,different,TN_TN,failure,32,8,failure,failure,1373661.014,374014.979
SEC::LOW && CTR::$,SEC::HIG && CTR::FR,,,,,different,TN_TN,failure,32,8,failure,failure,1432127.242,370639.843
SEC::LOW && CTR::$,SEC::HIG && DPT::$,,,,,different,TN_FP,failure,64,16,success,failure,1832745.592,681244.784
SEC::LOW && CTR::$,SEC::HIG && DPT::$ && CTR::$,,,,,same,same,success,64,64,success,success,1436387.679,1314075.316
SEC::LOW && CTR::$,SEC::HIG && DPT::$ && CTR::EN,,,,,same,same,failure,32,32,failure,failure,1459415.694,1280482.425
SEC::LOW && CTR::$,SEC::HIG && DPT::$ && CTR::FR,,,,,same,same,failure,32,32,failure,failure,1383740.602,1281145.854
SEC::LOW && CTR::$,SEC::HIG && DPT::DEV,,,,,different,TN_FP,failure,32,8,success,failure,879540.649,367756.514
SEC::LOW && CTR::$,SEC::HIG && DPT::DEV && CTR::$,,,,,same,same,success,32,32,success,success,790297.861,830794.758
SEC::LOW && CTR::$,SEC::HIG && DPT::DEV && CTR::EN,,,,,same,same,failure,16,16,failure,failure,785073.156,658785.422
SEC::LOW && CTR::$,SEC::HIG && DPT::DEV && CTR::FR,,,,,same,same,failure,16,16,failure,failure,829858.928,661434.355
SEC::LOW && CTR::$,SEC::HIG && DPT::MKG,,,,,different,TN_FP,failure,32,8,success,failure,843786.432,371270.240
SEC::LOW && CTR::$,SEC::HIG && DPT::MKG && CTR::$,,,,,same,same,success,32,32,success,success,882389.442,753955.703
SEC::LOW && CTR::$,SEC::HIG && DPT::MKG && CTR::EN,,,,,same,same,failure,16,16,failure,failure,759187.926,679745.402
SEC::LOW && CTR::$,SEC::HIG && DPT::MKG && CTR::FR,,,,,same,same,failure,16,16,failure,failure,714091.902,673229.826
SEC::LOW && CTR::$,SEC::LOW,,,,,different,TN_FP,failure,32,2,success,failure,884998.140,147220.018
SEC::LOW && CTR::$,SEC::LOW && CTR::$,,,,,different,TP_TP,success,32,8,success,success,860049.167,302638.264
SEC::LOW && CTR::$,SEC::LOW && CTR::EN,,,,,different,TN_TN,failure,16,4,failure,failure,790105.856,222955.679
SEC::LOW && CTR::$,SEC::LOW && CTR::FR,,,,,different,TN_TN,failure,16,4,failure,failure,729189.823,222570.005
SEC::LOW && CTR::$,SEC::LOW && DPT::$,,,,,different,TN_FP,failure,32,8,success,failure,871912.454,367856.572
SEC::LOW && CTR::$,SEC::LOW && DPT::$ && CTR::$,,,,,same,same,success,32,32,success,success,801561.944,761976.127
SEC::LOW && CTR::$,SEC::LOW && DPT::$ && CTR::EN,,,,,same,same,failure,16,16,failure,failure,793145.032,663244.526
SEC::LOW && CTR::$,SEC::LOW && DPT::$ && CTR::FR,,,,,same,same,failure,16,16,failure,failure,689997.994,667182.012
SEC::LOW && CTR::$,SEC::LOW && DPT::DEV,,,,,different,TN_FP,failure,16,4,success,failure,541653.561,221410.786
SEC::LOW && CTR::$,SEC::LOW && DPT::DEV && CTR::$,,,,,same,same,success,16,16,success,success,513704.851,471222.596
SEC::LOW && CTR::$,SEC::LOW && DPT::DEV && CTR::EN,,,,,same,same,failure,8,8,failure,failure,481905.324,367617.073
SEC::LOW && CTR::$,SEC::LOW && DPT::DEV && CTR::FR,,,,,same,same,failure,8,8,failure,failure,400985.073,368301.968
SEC::LOW && CTR::$,SEC::LOW && DPT::MKG,,,,,different,TN_FP,failure,16,4,success,failure,522857.590,223110.890
SEC::LOW && CTR::$,SEC::LOW && DPT::MKG && CTR::$,,,,,same,same,success,16,16,success,success,457622.300,448793.068
SEC::LOW && CTR::$,SEC::LOW && DPT::MKG && CTR::EN,,,,,same,same,failure,8,8,failure,failure,419547.512,368790.999
SEC::LOW && CTR::$,SEC::LOW && DPT::MKG && CTR::FR,,,,,same,same,failure,8,8,failure,failure,445054.361,369332.064
SEC::LOW && CTR::$,SEC::MED,,,,,different,TN_FP,failure,48,3,success,failure,1172114.794,185005.794
SEC::LOW && CTR::$,SEC::MED && CTR::$,,,,,different,TP_TP,success,48,12,success,success,1091876.823,379975.790
SEC::LOW && CTR::$,SEC::MED && CTR::EN,,,,,different,TN_TN,failure,24,6,failure,failure,1022091.983,298948.036
SEC::LOW && CTR::$,SEC::MED && CTR::FR,,,,,different,TN_TN,failure,24,6,failure,failure,1120094.056,296121.955
SEC::LOW && CTR::$,SEC::MED && DPT::$,,,,,different,TN_FP,failure,48,12,success,failure,1155154.987,528741.422
SEC::LOW && CTR::$,SEC::MED && DPT::$ && CTR::$,,,,,same,same,success,48,48,success,success,1127723.327,1009316.791
SEC::LOW && CTR::$,SEC::MED && DPT::$ && CTR::EN,,,,,same,same,failure,24,24,failure,failure,1173224.711,969142.083
SEC::LOW && CTR::$,SEC::MED && DPT::$ && CTR::FR,,,,,same,same,failure,24,24,failure,failure,1031751.432,954536.291
SEC::LOW && CTR::$,SEC::MED && DPT::DEV,,,,,different,TN_FP,failure,24,6,success,failure,652585.813,295835.899
SEC::LOW && CTR::$,SEC::MED && DPT::DEV && CTR::$,,,,,same,same,success,24,24,success,success,742113.975,584897.000
SEC::LOW && CTR::$,SEC::MED && DPT::DEV && CTR::EN,,,,,same,same,failure,12,12,failure,failure,600756.414,515859.112
SEC::LOW && CTR::$,SEC::MED && DPT::DEV && CTR::FR,,,,,same,same,failure,12,12,failure,failure,581346.525,523645.508
SEC::LOW && CTR::$,SEC::MED && DPT::MKG,,,,,different,TN_FP,failure,24,6,success,failure,746802.540,297835.950
SEC::LOW && CTR::$,SEC::MED && DPT::MKG && CTR::$,,,,,same,same,success,24,24,success,success,736894.695,605660.061
SEC::LOW && CTR::$,SEC::MED && DPT::MKG && CTR::EN,,,,,same,same,failure,12,12,failure,failure,703979.354,524796.877
SEC::LOW && CTR::$,SEC::MED && DPT::MKG && CTR::FR,,,,,same,same,failure,12,12,failure,failure,706856.260,522856.242
SEC::LOW && CTR::EN,CTR::$,,,,,different,TN_FP,failure,80,4,success,failure,1580719.860,230849.631
SEC::LOW && CTR::EN,CTR::EN,,,,,different,TN_FP,failure,40,2,success,failure,961959.135,155243.127
SEC::LOW && CTR::EN,CTR::FR,,,,,different,TN_TN,failure,40,2,failure,failure,1581988.099,153743.590
SEC::LOW && CTR::EN,DPT::$,,,,,different,TN_FP,failure,80,4,success,failure,2001414.588,229166.113
SEC::LOW && CTR::EN,DPT::$ && CTR::$,,,,,different,TN_FP,failure,80,16,success,failure,1956663.671,696121.846
SEC::LOW && CTR::EN,DPT::$ && CTR::EN,,,,,different,TN_FP,failure,40,8,success,failure,1259802.013,387734.663
SEC::LOW && CTR::EN,DPT::$ && CTR::FR,,,,,different,TN_TN,failure,40,8,failure,failure,2193854.697,391727.362
SEC::LOW && CTR::EN,DPT::DEV,,,,,different,TN_FP,failure,40,2,success,failure,922914.071,152454.171
SEC::LOW && CTR::EN,DPT::DEV && CTR::$,,,,,different,TN_FP,failure,40,8,success,failure,920277.485,385792.265
SEC::LOW && CTR::EN,DPT::DEV && CTR::EN,,,,,different,TN_FP,failure,20,4,success,failure,559937.929,228096.837
SEC::LOW && CTR::EN,DPT::DEV && CTR::FR,,,,,different,TN_TN,failure,20,4,failure,failure,819678.562,230418.647
SEC::LOW && CTR::EN,DPT::MKG,,,,,different,TN_FP,failure,40,2,success,failure,944183.031,151488.780
SEC::LOW && CTR::EN,DPT::MKG && CTR::$,,,,,different,TN_FP,failure,40,8,success,failure,1134781.551,381602.035
SEC::LOW && CTR::EN,DPT::MKG && CTR::EN,,,,,different,TN_FP,failure,20,4,success,failure,595455.505,229052.786
SEC::LOW && CTR::EN,DPT::MKG && CTR::FR,,,,,different,TN_TN,failure,20,4,failure,failure,1031567.017,230152.508
SEC::LOW && CTR::EN,SEC::$,,,,,different,TN_FP,failure,80,5,success,failure,1976627.539,265757.199
SEC::LOW && CTR::EN,SEC::$ && CTR::$,,,,,different,TP_TP,success,80,20,success,success,1906494.111,554167.154
SEC::LOW && CTR::EN,SEC::$ && CTR::EN,,,,,different,TP_TP,success,40,10,success,success,1149392.347,344032.749
SEC::LOW && CTR::EN,SEC::$ && CTR::FR,,,,,different,TN_TN,failure,40,10,failure,failure,1803467.098,456436.476
SEC::LOW && CTR::EN,SEC::$ && DPT::$,,,,,different,TN_FP,failure,80,20,success,failure,1631950.771,858459.786
SEC::LOW && CTR::EN,SEC::$ && DPT::$ && CTR::$,,,,,same,same,success,80,80,success,success,1704254.810,1703614.499
SEC::LOW && CTR::EN,SEC::$ && DPT::$ && CTR::EN,,,,,same,same,success,40,40,success,success,896327.922,925705.692
SEC::LOW && CTR::EN,SEC::$ && DPT::$ && CTR::FR,,,,,same,same,failure,40,40,failure,failure,1578445.724,1608291.974
SEC::LOW && CTR::EN,SEC::$ && DPT::DEV,,,,,different,TN_FP,failure,40,10,success,failure,1028133.491,463848.719
SEC::LOW && CTR::EN,SEC::$ && DPT::DEV && CTR::$,,,,,same,same,success,40,40,success,success,987736.020,953204.127
SEC::LOW && CTR::EN,SEC::$ && DPT::DEV && CTR::EN,,,,,same,same,success,20,20,success,success,604930.569,574821.657
SEC::LOW && CTR::EN,SEC::$ && DPT::DEV && CTR::FR,,,,,same,same,failure,20,20,failure,failure,992841.623,851518.400
SEC::LOW && CTR::EN,SEC::$ && DPT::MKG,,,,,different,TN_FP,failure,40,10,success,failure,1069037.893,458705.206
SEC::LOW && CTR::EN,SEC::$ && DPT::MKG && CTR::$,,,,,same,same,success,40,40,success,success,894842.515,915456.097
SEC::LOW && CTR::EN,SEC::$ && DPT::MKG && CTR::EN,,,,,same,same,success,20,20,success,success,584321.902,533657.433
SEC::LOW && CTR::EN,SEC::$ && DPT::MKG && CTR::FR,,,,,same,same,failure,20,20,failure,failure,847886.272,851397.208
SEC::LOW && CTR::EN,SEC::HIG,,,,,different,TN_FP,failure,64,4,success,failure,1657738.452,227744.797
SEC::LOW && CTR::EN,SEC::HIG && CTR::$,,,,,different,TP_TP,success,64,16,success,success,1498687.057,484743.848
SEC::LOW && CTR::EN,SEC::HIG && CTR::EN,,,,,different,TP_TP,success,32,8,success,success,890592.534,324570.368
SEC::LOW && CTR::EN,SEC::HIG && CTR::FR,,,,,different,TN_TN,failure,32,8,failure,failure,1488586.996,379849.693
SEC::LOW && CTR::EN,SEC::HIG && DPT::$,,,,,different,TN_FP,failure,64,16,success,failure,1592579.862,684971.090
SEC::LOW && CTR::EN,SEC::HIG && DPT::$ && CTR::$,,,,,same,same,success,64,64,success,success,1545206.386,1381241.559
SEC::LOW && CTR::EN,SEC::HIG && DPT::$ && CTR::EN,,,,,same,same,success,32,32,success,success,944016.659,770929.395
SEC::LOW && CTR::EN,SEC::HIG && DPT::$ && CTR::FR,,,,,same,same,failure,32,32,failure,failure,1507083.146,1330552.444
SEC::LOW && CTR::EN,SEC::HIG && DPT::DEV,,,,,different,TN_FP,failure,32,8,success,failure,867229.326,374831.465
SEC::LOW && CTR::EN,SEC::HIG && DPT::DEV && CTR::$,,,,,same,same,success,32,32,success,success,838179.119,748350.168
SEC::LOW && CTR::EN,SEC::HIG && DPT::DEV && CTR::EN,,,,,same,same,success,16,16,success,success,551355.640,457410.818
SEC::LOW && CTR::EN,SEC::HIG && DPT::DEV && CTR::FR,,,,,same,same,failure,16,16,failure,failure,799229.995,685825.823
SEC::LOW && CTR::EN,SEC::HIG && DPT::MKG,,,,,different,TN_FP,failure,32,8,success,failure,879723.186,382963.904
SEC::LOW && CTR::EN,SEC::HIG && DPT::MKG && CTR::$,,,,,same,same,success,32,32,success,success,874996.039,786741.289
SEC::LOW && CTR::EN,SEC::HIG && DPT::MKG && CTR::EN,,,,,same,same,success,16,16,success,success,526124.498,463771.629
SEC::LOW && CTR::EN,SEC::HIG && DPT::MKG && CTR::FR,,,,,same,same,failure,16,16,failure,failure,779598.998,684501.734
SEC::LOW && CTR::EN,SEC::LOW,,,,,different,TN_FP,failure,32,2,success,failure,1073084.272,152957.280
SEC::LOW && CTR::EN,SEC::LOW && CTR::$,,,,,different,TP_TP,success,32,8,success,success,887901.757,315872.258
SEC::LOW && CTR::EN,SEC::LOW && CTR::EN,,,,,different,TP_TP,success,16,4,success,success,594695.115,241256.832
SEC::LOW && CTR::EN,SEC::LOW && CTR::FR,,,,,different,TN_TN,failure,16,4,failure,failure,758369.707,230668.125
SEC::LOW && CTR::EN,SEC::LOW && DPT::$,,,,,different,TN_FP,failure,32,8,success,failure,983047.186,381979.604
SEC::LOW && CTR::EN,SEC::LOW && DPT::$ && CTR::$,,,,,same,same,success,32,32,success,success,821576.552,819006.937
SEC::LOW && CTR::EN,SEC::LOW && DPT::$ && CTR::EN,,,,,same,same,success,16,16,success,success,679739.832,480767.350
SEC::LOW && CTR::EN,SEC::LOW && DPT::$ && CTR::FR,,,,,same,same,failure,16,16,failure,failure,780984.832,691437.750
SEC::LOW && CTR::EN,SEC::LOW && DPT::DEV,,,,,different,TN_FP,failure,16,4,success,failure,639568.887,236799.416
SEC::LOW && CTR::EN,SEC::LOW && DPT::DEV && CTR::$,,,,,same,same,success,16,16,success,success,515752.503,477620.461
SEC::LOW && CTR::EN,SEC::LOW && DPT::DEV && CTR::EN,,,,,same,same,success,8,8,success,success,362642.266,319731.080
SEC::LOW && CTR::EN,SEC::LOW && DPT::DEV && CTR::FR,,,,,same,same,failure,8,8,failure,failure,469057.274,387595.427
SEC::LOW && CTR::EN,SEC::LOW && DPT::MKG,,,,,different,TN_FP,failure,16,4,success,failure,511347.956,230448.213
SEC::LOW && CTR::EN,SEC::LOW && DPT::MKG && CTR::$,,,,,same,same,success,16,16,success,success,556681.395,500463.800
SEC::LOW && CTR::EN,SEC::LOW && DPT::MKG && CTR::EN,,,,,same,same,success,8,8,success,success,362613.522,316147.584
SEC::LOW && CTR::EN,SEC::LOW && DPT::MKG && CTR::FR,,,,,same,same,failure,8,8,failure,failure,507527.054,383744.159
SEC::LOW && CTR::EN,SEC::MED,,,,,different,TN_FP,failure,48,3,success,failure,1191150.174,191722.969
SEC::LOW && CTR::EN,SEC::MED && CTR::$,,,,,different,TP_TP,success,48,12,success,success,1186833.788,403188.030
SEC::LOW && CTR::EN,SEC::MED && CTR::EN,,,,,different,TP_TP,success,24,6,success,success,699254.882,286005.244
SEC::LOW && CTR::EN,SEC::MED && CTR::FR,,,,,different,TN_TN,failure,24,6,failure,failure,1051559.904,314090.064
SEC::LOW && CTR::EN,SEC::MED && DPT::$,,,,,different,TN_FP,failure,48,12,success,failure,1251270.410,554041.503
SEC::LOW && CTR::EN,SEC::MED && DPT::$ && CTR::$,,,,,same,same,success,48,48,success,success,1188676.465,1091124.121
SEC::LOW && CTR::EN,SEC::MED && DPT::$ && CTR::EN,,,,,same,same,success,24,24,success,success,714008.988,635247.721
SEC::LOW && CTR::EN,SEC::MED && DPT::$ && CTR::FR,,,,,same,same,failure,24,24,failure,failure,1025967.323,997301.132
SEC::LOW && CTR::EN,SEC::MED && DPT::DEV,,,,,different,TN_FP,failure,24,6,success,failure,653062.742,307736.101
SEC::LOW && CTR::EN,SEC::MED && DPT::DEV && CTR::$,,,,,same,same,success,24,24,success,success,719751.860,632566.817
SEC::LOW && CTR::EN,SEC::MED && DPT::DEV && CTR::EN,,,,,same,same,success,12,12,success,success,417532.893,390823.667
SEC::LOW && CTR::EN,SEC::MED && DPT::DEV && CTR::FR,,,,,same,same,failure,12,12,failure,failure,607651.197,545268.307
SEC::LOW && CTR::EN,SEC::MED && DPT::MKG,,,,,different,TN_FP,failure,24,6,success,failure,631259.905,305050.328
SEC::LOW && CTR::EN,SEC::MED && DPT::MKG && CTR::$,,,,,same,same,success,24,24,success,success,665918.767,621440.647
SEC::LOW && CTR::EN,SEC::MED && DPT::MKG && CTR::EN,,,,,same,same,success,12,12,success,success,442123.042,403106.247
SEC::LOW && CTR::EN,SEC::MED && DPT::MKG && CTR::FR,,,,,same,same,failure,12,12,failure,failure,587723.417,539619.235
SEC::LOW && CTR::FR,CTR::$,,,,,different,TN_FP,failure,80,4,success,failure,2177998.019,230188.466
SEC::LOW && CTR::FR,CTR::EN,,,,,different,TN_TN,failure,40,2,failure,failure,2130883.504,149217.670
SEC::LOW && CTR::FR,CTR::FR,,,,,different,TN_FP,failure,40,2,success,failure,1261573.160,149303.405
SEC::LOW && CTR::FR,DPT::$,,,,,different,TN_FP,failure,80,4,success,failure,2444801.141,221289.709
SEC::LOW && CTR::FR,DPT::$ && CTR::$,,,,,different,TN_FP,failure,80,16,success,failure,2050055.972,682491.383
SEC::LOW && CTR::FR,DPT::$ && CTR::EN,,,,,different,TN_TN,failure,40,8,failure,failure,1916446.634,370955.199
SEC::LOW && CTR::FR,DPT::$ && CTR::FR,,,,,different,TN_FP,failure,40,8,success,failure,1126070.231,370804.512
SEC::LOW && CTR::FR,DPT::DEV,,,,,different,TN_FP,failure,40,2,success,failure,1031081.851,147949.842
SEC::LOW && CTR::FR,DPT::DEV && CTR::$,,,,,different,TN_FP,failure,40,8,success,failure,1069230.454,371974.416
SEC::LOW && CTR::FR,DPT::DEV && CTR::EN,,,,,different,TN_TN,failure,20,4,failure,failure,874624.456,233657.022
SEC::LOW && CTR::FR,DPT::DEV && CTR::FR,,,,,different,TN_FP,failure,20,4,success,failure,582163.764,223243.174
SEC::LOW && CTR::FR,DPT::MKG,,,,,different,TN_FP,failure,40,2,success,failure,1012747.076,147828.059
SEC::LOW && CTR::FR,DPT::MKG && CTR::$,,,,,different,TN_FP,failure,40,8,success,failure,1305583.448,375652.710
SEC::LOW && CTR::FR,DPT::MKG && CTR::EN,,,,,different,TN_TN,failure,20,4,failure,failure,1013997.446,222887.606
SEC::LOW && CTR::FR,DPT::MKG && CTR::FR,,,,,different,TN_FP,failure,20,4,success,failure,628301.527,222525.763
SEC::LOW && CTR::FR,SEC::$,,,,,different,TN_FP,failure,80,5,success,failure,1845977.362,258703.228
SEC::LOW && CTR::FR,SEC::$ && CTR::$,,,,,different,TP_TP,success,80,20,success,success,1969867.769,526899.397
SEC::LOW && CTR::FR,SEC::$ && CTR::EN,,,,,different,TN_TN,failure,40,10,failure,failure,1823280.208,444441.140
SEC::LOW && CTR::FR,SEC::$ && CTR::FR,,,,,different,TP_TP,success,40,10,success,success,1118663.278,338823.283
SEC::LOW && CTR::FR,SEC::$ && DPT::$,,,,,different,TN_FP,failure,80,20,success,failure,1602383.992,827943.956
SEC::LOW && CTR::FR,SEC::$ && DPT::$ && CTR::$,,,,,same,same,success,80,80,success,success,1672401.737,1622571.198
SEC::LOW && CTR::FR,SEC::$ && DPT::$ && CTR::EN,,,,,same,same,failure,40,40,failure,failure,1573211.341,1573946.384
SEC::LOW && CTR::FR,SEC::$ && DPT::$ && CTR::FR,,,,,same,same,success,40,40,success,success,922108.350,864678.616
SEC::LOW && CTR::FR,SEC::$ && DPT::DEV,,,,,different,TN_FP,failure,40,10,success,failure,998658.007,442964.059
SEC::LOW && CTR::FR,SEC::$ && DPT::DEV && CTR::$,,,,,same,same,success,40,40,success,success,1034486.277,912229.244
SEC::LOW && CTR::FR,SEC::$ && DPT::DEV && CTR::EN,,,,,same,same,failure,20,20,failure,failure,962939.584,838537.252
SEC::LOW && CTR::FR,SEC::$ && DPT::DEV && CTR::FR,,,,,same,same,success,20,20,success,success,535174.995,543012.115
SEC::LOW && CTR::FR,SEC::$ && DPT::MKG,,,,,different,TN_FP,failure,40,10,success,failure,879871.138,445545.642
SEC::LOW && CTR::FR,SEC::$ && DPT::MKG && CTR::$,,,,,same,same,success,40,40,success,success,980174.432,948052.074
SEC::LOW && CTR::FR,SEC::$ && DPT::MKG && CTR::EN,,,,,same,same,failure,20,20,failure,failure,834606.639,824184.063
SEC::LOW && CTR::FR,SEC::$ && DPT::MKG && CTR::FR,,,,,same,same,success,20,20,success,success,526329.458,525550.957
SEC::LOW && CTR::FR,SEC::HIG,,,,,different,TN_FP,failure,64,4,success,failure,1537492.056,221101.927
SEC::LOW && CTR::FR,SEC::HIG && CTR::$,,,,,different,TP_TP,success,64,16,success,success,1555597.632,477229.804
SEC::LOW && CTR::FR,SEC::HIG && CTR::EN,,,,,different,TN_TN,failure,32,8,failure,failure,1455964.300,369459.674
SEC::LOW && CTR::FR,SEC::HIG && CTR::FR,,,,,different,TP_TP,success,32,8,success,success,799455.689,304113.746
SEC::LOW && CTR::FR,SEC::HIG && DPT::$,,,,,different,TN_FP,failure,64,16,success,failure,1579412.558,659543.022
SEC::LOW && CTR::FR,SEC::HIG && DPT::$ && CTR::$,,,,,same,same,success,64,64,success,success,1533764.819,1397463.181
SEC::LOW && CTR::FR,SEC::HIG && DPT::$ && CTR::EN,,,,,same,same,failure,32,32,failure,failure,1510131.048,1262765.657
SEC::LOW && CTR::FR,SEC::HIG && DPT::$ && CTR::FR,,,,,same,same,success,32,32,success,success,879935.153,825402.343
SEC::LOW && CTR::FR,SEC::HIG && DPT::DEV,,,,,different,TN_FP,failure,32,8,success,failure,836188.566,380134.286
SEC::LOW && CTR::FR,SEC::HIG && DPT::DEV && CTR::$,,,,,same,same,success,32,32,success,success,942479.230,730077.988
SEC::LOW && CTR::FR,SEC::HIG && DPT::DEV && CTR::EN,,,,,same,same,failure,16,16,failure,failure,764605.113,670188.867
SEC::LOW && CTR::FR,SEC::HIG && DPT::DEV && CTR::FR,,,,,same,same,success,16,16,success,success,520373.084,467520.166
SEC::LOW && CTR::FR,SEC::HIG && DPT::MKG,,,,,different,TN_FP,failure,32,8,success,failure,866990.277,367357.180
SEC::LOW && CTR::FR,SEC::HIG && DPT::MKG && CTR::$,,,,,same,same,success,32,32,success,success,807128.637,736600.363
SEC::LOW && CTR::FR,SEC::HIG && DPT::MKG && CTR::EN,,,,,same,same,failure,16,16,failure,failure,771965.409,662625.174
SEC::LOW && CTR::FR,SEC::HIG && DPT::MKG && CTR::FR,,,,,same,same,success,16,16,success,success,510061.197,486554.905
SEC::LOW && CTR::FR,SEC::LOW,,,,,different,TN_FP,failure,32,2,success,failure,962075.543,151534.937
SEC::LOW && CTR::FR,SEC::LOW && CTR::$,,,,,different,TP_TP,success,32,8,success,success,830634.077,308158.664
SEC::LOW && CTR::FR,SEC::LOW && CTR::EN,,,,,different,TN_TN,failure,16,4,failure,failure,927605.461,224189.840
SEC::LOW && CTR::FR,SEC::LOW && CTR::FR,,,,,different,TP_TP,success,16,4,success,success,493895.490,231143.592
SEC::LOW && CTR::FR,SEC::LOW && DPT::$,,,,,different,TN_FP,failure,32,8,success,failure,839237.595,374270.843
SEC::LOW && CTR::FR,SEC::LOW && DPT::$ && CTR::$,,,,,same,same,success,32,32,success,success,840417.378,803185.099
SEC::LOW && CTR::FR,SEC::LOW && DPT::$ && CTR::EN,,,,,same,same,failure,16,16,failure,failure,863906.643,686717.971
SEC::LOW && CTR::FR,SEC::LOW && DPT::$ && CTR::FR,,,,,same,same,success,16,16,success,success,565882.654,446714.365
SEC::LOW && CTR::FR,SEC::LOW && DPT::DEV,,,,,different,TN_FP,failure,16,4,success,failure,627059.703,223332.886
SEC::LOW && CTR::FR,SEC::LOW && DPT::DEV && CTR::$,,,,,same,same,success,16,16,success,success,514421.802,446867.672
SEC::LOW && CTR::FR,SEC::LOW && DPT::DEV && CTR::EN,,,,,same,same,failure,8,8,failure,failure,428487.059,379610.249
SEC::LOW && CTR::FR,SEC::LOW && DPT::DEV && CTR::FR,,,,,same,same,success,8,8,success,success,370795.354,304696.885
SEC::LOW && CTR::FR,SEC::LOW && DPT::MKG,,,,,different,TN_FP,failure,16,4,success,failure,551366.701,226482.565
SEC::LOW && CTR::FR,SEC::LOW && DPT::MKG && CTR::$,,,,,same,same,success,16,16,success,success,509399.320,474867.974
SEC::LOW && CTR::FR,SEC::LOW && DPT::MKG && CTR::EN,,,,,same,same,failure,8,8,failure,failure,450589.297,386961.188
SEC::LOW && CTR::FR,SEC::LOW && DPT::MKG && CTR::FR,,,,,same,same,success,8,8,success,success,394071.209,312044.046
SEC::LOW && CTR::FR,SEC::MED,,,,,different,TN_FP,failure,48,3,success,failure,1207360.502,186713.758
SEC::LOW && CTR::FR,SEC::MED && CTR::$,,,,,different,TP_TP,success,48,12,success,success,1246027.957,401136.782
SEC::LOW && CTR::FR,SEC::MED && CTR::EN,,,,,different,TN_TN,failure,24,6,failure,failure,1111516.322,309078.960
SEC::LOW && CTR::FR,SEC::MED && CTR::FR,,,,,different,TP_TP,success,24,6,success,success,696991.812,278696.791
SEC::LOW && CTR::FR,SEC::MED && DPT::$,,,,,different,TN_FP,failure,48,12,success,failure,1157963.315,556421.843
SEC::LOW && CTR::FR,SEC::MED && DPT::$ && CTR::$,,,,,same,same,success,48,48,success,success,1210224.559,1030372.872
SEC::LOW && CTR::FR,SEC::MED && DPT::$ && CTR::EN,,,,,same,same,failure,24,24,failure,failure,1170659.990,980175.314
SEC::LOW && CTR::FR,SEC::MED && DPT::$ && CTR::FR,,,,,same,same,success,24,24,success,success,845946.164,592378.078
SEC::LOW && CTR::FR,SEC::MED && DPT::DEV,,,,,different,TN_FP,failure,24,6,success,failure,686756.519,296779.178
SEC::LOW && CTR::FR,SEC::MED && DPT::DEV && CTR::$,,,,,same,same,success,24,24,success,success,625937.447,653659.061
SEC::LOW && CTR::FR,SEC::MED && DPT::DEV && CTR::EN,,,,,same,same,failure,12,12,failure,failure,582361.014,535101.441
SEC::LOW && CTR::FR,SEC::MED && DPT::DEV && CTR::FR,,,,,same,same,success,12,12,success,success,479072.811,372584.606
SEC::LOW && CTR::FR,SEC::MED && DPT::MKG,,,,,different,TN_FP,failure,24,6,success,failure,678060.927,301340.494
SEC::LOW && CTR::FR,SEC::MED && DPT::MKG && CTR::$,,,,,same,same,success,24,24,success,success,651634.929,645530.032
SEC::LOW && CTR::FR,SEC::MED && DPT::MKG && CTR::EN,,,,,same,same,failure,12,12,failure,failure,661320.748,521805.301
SEC::LOW && CTR::FR,SEC::MED && DPT::MKG && CTR::FR,,,,,same,same,success,12,12,success,success,447211.807,378502.060
SEC::LOW && DPT::$,CTR::$,,,,,different,TN_FP,failure,80,4,success,failure,2585471.187,223691.845
SEC::LOW && DPT::$,CTR::EN,,,,,different,TN_FP,failure,40,2,success,failure,1107246.232,149327.241
SEC::LOW && DPT::$,CTR::FR,,,,,different,TN_FP,failure,40,2,success,failure,1074004.213,152091.009
SEC::LOW && DPT::$,DPT::$,,,,,different,TN_FP,failure,80,4,success,failure,2100022.246,222086.990
SEC::LOW && DPT::$,DPT::$ && CTR::$,,,,,different,TN_FP,failure,80,16,success,failure,1951353.221,678993.682
SEC::LOW && DPT::$,DPT::$ && CTR::EN,,,,,different,TN_FP,failure,40,8,success,failure,1116136.813,372357.224
SEC::LOW && DPT::$,DPT::$ && CTR::FR,,,,,different,TN_FP,failure,40,8,success,failure,1044359.642,374562.290
SEC::LOW && DPT::$,DPT::DEV,,,,,different,TN_TN,failure,40,2,failure,failure,1876470.805,149108.285
SEC::LOW && DPT::$,DPT::DEV && CTR::$,,,,,different,TN_TN,failure,40,8,failure,failure,1880539.907,370708.872
SEC::LOW && DPT::$,DPT::DEV && CTR::EN,,,,,different,TN_TN,failure,20,4,failure,failure,979290.379,222641.971
SEC::LOW && DPT::$,DPT::DEV && CTR::FR,,,,,different,TN_TN,failure,20,4,failure,failure,987158.547,234215.405
SEC::LOW && DPT::$,DPT::MKG,,,,,different,TN_TN,failure,40,2,failure,failure,1853814.372,148243.233
SEC::LOW && DPT::$,DPT::MKG && CTR::$,,,,,different,TN_TN,failure,40,8,failure,failure,1848828.520,381280.582
SEC::LOW && DPT::$,DPT::MKG && CTR::EN,,,,,different,TN_TN,failure,20,4,failure,failure,971812.292,221833.775
SEC::LOW && DPT::$,DPT::MKG && CTR::FR,,,,,different,TN_TN,failure,20,4,failure,failure,966967.929,223082.101
SEC::LOW && DPT::$,SEC::$,,,,,different,TN_FP,failure,80,5,success,failure,1959578.555,351093.589
SEC::LOW && DPT::$,SEC::$ && CTR::$,,,,,different,TN_FP,failure,80,20,success,failure,1965501.093,1094317.350
SEC::LOW && DPT::$,SEC::$ && CTR::EN,,,,,different,TN_FP,failure,40,10,success,failure,1054850.811,601879.821
SEC::LOW && DPT::$,SEC::$ && CTR::FR,,,,,different,TN_FP,failure,40,10,success,failure,1180570.279,601442.365
SEC::LOW && DPT::$,SEC::$ && DPT::$,,,,,different,TP_TP,success,80,20,success,success,2375175.916,524948.522
SEC::LOW && DPT::$,SEC::$ && DPT::$ && CTR::$,,,,,same,same,success,80,80,success,success,2018937.833,1633810.119
SEC::LOW && DPT::$,SEC::$ && DPT::$ && CTR::EN,,,,,same,same,success,40,40,success,success,1311485.369,878897.446
SEC::LOW && DPT::$,SEC::$ && DPT::$ && CTR::FR,,,,,same,same,success,40,40,success,success,1127024.816,879860.208
SEC::LOW && DPT::$,SEC::$ && DPT::DEV,,,,,different,TN_TN,failure,40,10,failure,failure,1844134.415,593129.347
SEC::LOW && DPT::$,SEC::$ && DPT::DEV && CTR::$,,,,,same,same,failure,40,40,failure,failure,1943726.489,1789559.155
SEC::LOW && DPT::$,SEC::$ && DPT::DEV && CTR::EN,,,,,same,same,failure,20,20,failure,failure,971489.846,1102118.418
SEC::LOW && DPT::$,SEC::$ && DPT::DEV && CTR::FR,,,,,same,same,failure,20,20,failure,failure,986903.610,1103953.661
SEC::LOW && DPT::$,SEC::$ && DPT::MKG,,,,,different,TN_TN,failure,40,10,failure,failure,2096400.238,447876.900
SEC::LOW && DPT::$,SEC::$ && DPT::MKG && CTR::$,,,,,same,same,failure,40,40,failure,failure,2030910.966,1578635.104
SEC::LOW && DPT::$,SEC::$ && DPT::MKG && CTR::EN,,,,,same,same,failure,20,20,failure,failure,1165606.436,831781.073
SEC::LOW && DPT::$,SEC::$ && DPT::MKG && CTR::FR,,,,,same,same,failure,20,20,failure,failure,1064566.706,823224.764
SEC::LOW && DPT::$,SEC::HIG,,,,,different,TN_FP,failure,64,4,success,failure,1598402.117,226047.799
SEC::LOW && DPT::$,SEC::HIG && CTR::$,,,,,different,TN_FP,failure,64,16,success,failure,1654850.455,691014.936
SEC::LOW && DPT::$,SEC::HIG && CTR::EN,,,,,different,TN_FP,failure,32,8,success,failure,935750.860,376176.128
SEC::LOW && DPT::$,SEC::HIG && CTR::FR,,,,,different,TN_FP,failure,32,8,success,failure,873614.042,374391.450
SEC::LOW && DPT::$,SEC::HIG && DPT::$,,,,,different,TP_TP,success,64,16,success,success,1634393.754,443484.962
SEC::LOW && DPT::$,SEC::HIG && DPT::$ && CTR::$,,,,,same,same,success,64,64,success,success,1616834.477,1497194.627
SEC::LOW && DPT::$,SEC::HIG && DPT::$ && CTR::EN,,,,,same,same,success,32,32,success,success,884258.207,724637.569
SEC::LOW && DPT::$,SEC::HIG && DPT::$ && CTR::FR,,,,,same,same,success,32,32,success,success,838631.002,740033.769
SEC::LOW && DPT::$,SEC::HIG && DPT::DEV,,,,,different,TN_TN,failure,32,8,failure,failure,1503452.796,375846.454
SEC::LOW && DPT::$,SEC::HIG && DPT::DEV && CTR::$,,,,,same,same,failure,32,32,failure,failure,1495313.008,1309814.479
SEC::LOW && DPT::$,SEC::HIG && DPT::DEV && CTR::EN,,,,,same,same,failure,16,16,failure,failure,790709.177,673705.302
SEC::LOW && DPT::$,SEC::HIG && DPT::DEV && CTR::FR,,,,,same,same,failure,16,16,failure,failure,795885.297,663022.093
SEC::LOW && DPT::$,SEC::HIG && DPT::MKG,,,,,different,TN_TN,failure,32,8,failure,failure,1499962.630,391374.937
SEC::LOW && DPT::$,SEC::HIG && DPT::MKG && CTR::$,,,,,same,same,failure,32,32,failure,failure,1501301.340,1291870.782
SEC::LOW && DPT::$,SEC::HIG && DPT::MKG && CTR::EN,,,,,same,same,failure,16,16,failure,failure,792969.512,749387.959
SEC::LOW && DPT::$,SEC::HIG && DPT::MKG && CTR::FR,,,,,same,same,failure,16,16,failure,failure,799459.742,709330.642
SEC::LOW && DPT::$,SEC::LOW,,,,,different,TN_FP,failure,32,2,success,failure,876240.869,148386.596
SEC::LOW && DPT::$,SEC::LOW && CTR::$,,,,,different,TN_FP,failure,32,8,success,failure,862785.534,375455.124
SEC::LOW && DPT::$,SEC::LOW && CTR::EN,,,,,different,TN_FP,failure,16,4,success,failure,568538.030,222623.676
SEC::LOW && DPT::$,SEC::LOW && CTR::FR,,,,,different,TN_FP,failure,16,4,success,failure,543031.907,225111.994
SEC::LOW && DPT::$,SEC::LOW && DPT::$,,,,,different,TP_TP,success,32,8,success,success,894940.103,311937.512
SEC::LOW && DPT::$,SEC::LOW && DPT::$ && CTR::$,,,,,same,same,success,32,32,success,success,864784.945,803482.482
SEC::LOW && DPT::$,SEC::LOW && DPT::$ && CTR::EN,,,,,same,same,success,16,16,success,success,526441.452,464906.052
SEC::LOW && DPT::$,SEC::LOW && DPT::$ && CTR::FR,,,,,same,same,success,16,16,success,success,524429.588,454552.001
SEC::LOW && DPT::$,SEC::LOW && DPT::DEV,,,,,different,TN_TN,failure,16,4,failure,failure,787401.689,225009.346
SEC::LOW && DPT::$,SEC::LOW && DPT::DEV && CTR::$,,,,,same,same,failure,16,16,failure,failure,788755.478,671748.267
SEC::LOW && DPT::$,SEC::LOW && DPT::DEV && CTR::EN,,,,,same,same,failure,8,8,failure,failure,437699.881,384538.052
SEC::LOW && DPT::$,SEC::LOW && DPT::DEV && CTR::FR,,,,,same,same,failure,8,8,failure,failure,439099.877,372283.371
SEC::LOW && DPT::$,SEC::LOW && DPT::MKG,,,,,different,TN_TN,failure,16,4,failure,failure,789365.718,224682.302
SEC::LOW && DPT::$,SEC::LOW && DPT::MKG && CTR::$,,,,,same,same,failure,16,16,failure,failure,788168.176,668020.910
SEC::LOW && DPT::$,SEC::LOW && DPT::MKG && CTR::EN,,,,,same,same,failure,8,8,failure,failure,437091.670,383749.102
SEC::LOW && DPT::$,SEC::LOW && DPT::MKG && CTR::FR,,,,,same,same,failure,8,8,failure,failure,437424.824,371497.451
SEC::LOW && DPT::$,SEC::MED,,,,,different,TN_FP,failure,48,3,success,failure,1261405.707,184908.733
SEC::LOW && DPT::$,SEC::MED && CTR::$,,,,,different,TN_FP,failure,48,12,success,failure,1202266.030,527421.761
SEC::LOW && DPT::$,SEC::MED && CTR::EN,,,,,different,TN_FP,failure,24,6,success,failure,703930.838,295910.764
SEC::LOW && DPT::$,SEC::MED && CTR::FR,,,,,different,TN_FP,failure,24,6,success,failure,693237.806,296314.857
SEC::LOW && DPT::$,SEC::MED && DPT::$,,,,,different,TP_TP,success,48,12,success,success,1286527.965,376151.912
SEC::LOW && DPT::$,SEC::MED && DPT::$ && CTR::$,,,,,same,same,success,48,48,success,success,1242881.545,1058213.228
SEC::LOW && DPT::$,SEC::MED && DPT::$ && CTR::EN,,,,,same,same,success,24,24,success,success,758171.931,628344.191
SEC::LOW && DPT::$,SEC::MED && DPT::$ && CTR::FR,,,,,same,same,success,24,24,success,success,738723.615,605149.363
SEC::LOW && DPT::$,SEC::MED && DPT::DEV,,,,,different,TN_TN,failure,24,6,failure,failure,1145294.752,305409.066
SEC::LOW && DPT::$,SEC::MED && DPT::DEV && CTR::$,,,,,same,same,failure,24,24,failure,failure,1163519.451,978019.811
SEC::LOW && DPT::$,SEC::MED && DPT::DEV && CTR::EN,,,,,same,same,failure,12,12,failure,failure,616358.645,521469.552
SEC::LOW && DPT::$,SEC::MED && DPT::DEV && CTR::FR,,,,,same,same,failure,12,12,failure,failure,615047.681,520624.210
SEC::LOW && DPT::$,SEC::MED && DPT::MKG,,,,,different,TN_TN,failure,24,6,failure,failure,1139290.333,296601.230
SEC::LOW && DPT::$,SEC::MED && DPT::MKG && CTR::$,,,,,same,same,failure,24,24,failure,failure,1149455.140,968567.054
SEC::LOW && DPT::$,SEC::MED && DPT::MKG && CTR::EN,,,,,same,same,failure,12,12,failure,failure,621383.340,520690.861
SEC::LOW && DPT::$,SEC::MED && DPT::MKG && CTR::FR,,,,,same,same,failure,12,12,failure,failure,618402.774,523137.500
SEC::LOW && DPT::$ && CTR::$,CTR::$,,,,,different,TN_FP,failure,80,4,success,failure,1624267.334,224385.937
SEC::LOW && DPT::$ && CTR::$,CTR::EN,,,,,different,TN_TN,failure,40,2,failure,failure,1581097.133,153040.671
SEC::LOW && DPT::$ && CTR::$,CTR::FR,,,,,different,TN_TN,failure,40,2,failure,failure,1578712.850,149493.717
SEC::LOW && DPT::$ && CTR::$,DPT::$,,,,,different,TN_FP,failure,80,4,success,failure,1604516.286,222642.191
SEC::LOW && DPT::$ && CTR::$,DPT::$ && CTR::$,,,,,different,TN_FP,failure,80,16,success,failure,1675101.166,678444.357
SEC::LOW && DPT::$ && CTR::$,DPT::$ && CTR::EN,,,,,different,TN_TN,failure,40,8,failure,failure,1585511.187,372285.655
SEC::LOW && DPT::$ && CTR::$,DPT::$ && CTR::FR,,,,,different,TN_TN,failure,40,8,failure,failure,1596455.080,371651.746
SEC::LOW && DPT::$ && CTR::$,DPT::DEV,,,,,different,TN_TN,failure,40,2,failure,failure,1560303.835,149212.049
SEC::LOW && DPT::$ && CTR::$,DPT::DEV && CTR::$,,,,,different,TN_TN,failure,40,8,failure,failure,1542081.815,381101.041
SEC::LOW && DPT::$ && CTR::$,DPT::DEV && CTR::EN,,,,,different,TN_TN,failure,20,4,failure,failure,806454.988,232789.685
SEC::LOW && DPT::$ && CTR::$,DPT::DEV && CTR::FR,,,,,different,TN_TN,failure,20,4,failure,failure,807133.851,221435.873
SEC::LOW && DPT::$ && CTR::$,DPT::MKG,,,,,different,TN_TN,failure,40,2,failure,failure,1542154.631,161332.669
SEC::LOW && DPT::$ && CTR::$,DPT::MKG && CTR::$,,,,,different,TN_TN,failure,40,8,failure,failure,1578394.208,381351.530
SEC::LOW && DPT::$ && CTR::$,DPT::MKG && CTR::EN,,,,,different,TN_TN,failure,20,4,failure,failure,806462.377,221542.303
SEC::LOW && DPT::$ && CTR::$,DPT::MKG && CTR::FR,,,,,different,TN_TN,failure,20,4,failure,failure,815725.392,221089.634
SEC::LOW && DPT::$ && CTR::$,SEC::$,,,,,different,TN_FP,failure,80,5,success,failure,1573634.995,258594.408
SEC::LOW && DPT::$ && CTR::$,SEC::$ && CTR::$,,,,,different,TN_FP,failure,80,20,success,failure,1604612.467,812603.706
SEC::LOW && DPT::$ && CTR::$,SEC::$ && CTR::EN,,,,,different,TN_TN,failure,40,10,failure,failure,1557342.891,442831.111
SEC::LOW && DPT::$ && CTR::$,SEC::$ && CTR::FR,,,,,different,TN_TN,failure,40,10,failure,failure,1561920.422,454261.516
SEC::LOW && DPT::$ && CTR::$,SEC::$ && DPT::$,,,,,different,TN_FP,failure,80,20,success,failure,1972047.808,823637.353
SEC::LOW && DPT::$ && CTR::$,SEC::$ && DPT::$ && CTR::$,,,,,same,same,success,80,80,success,success,1854761.393,1667598.753
SEC::LOW && DPT::$ && CTR::$,SEC::$ && DPT::$ && CTR::EN,,,,,same,same,failure,40,40,failure,failure,1703543.031,1562845.006
SEC::LOW && DPT::$ && CTR::$,SEC::$ && DPT::$ && CTR::FR,,,,,same,same,failure,40,40,failure,failure,1702399.681,1574242.610
SEC::LOW && DPT::$ && CTR::$,SEC::$ && DPT::DEV,,,,,different,TN_TN,failure,40,10,failure,failure,1565290.794,453291.667
SEC::LOW && DPT::$ && CTR::$,SEC::$ && DPT::DEV && CTR::$,,,,,same,same,failure,40,40,failure,failure,1558680.039,1576326.404
SEC::LOW && DPT::$ && CTR::$,SEC::$ && DPT::DEV && CTR::EN,,,,,same,same,failure,20,20,failure,failure,814100.494,824160.919
SEC::LOW && DPT::$ && CTR::$,SEC::$ && DPT::DEV && CTR::FR,,,,,same,same,failure,20,20,failure,failure,832238.927,814018.194
SEC::LOW && DPT::$ && CTR::$,SEC::$ && DPT::MKG,,,,,different,TN_TN,failure,40,10,failure,failure,1724698.523,444300.326
SEC::LOW && DPT::$ && CTR::$,SEC::$ && DPT::MKG && CTR::$,,,,,same,same,failure,40,40,failure,failure,1794680.757,1570295.457
SEC::LOW && DPT::$ && CTR::$,SEC::$ && DPT::MKG && CTR::EN,,,,,same,same,failure,20,20,failure,failure,900818.765,820584.742
SEC::LOW && DPT::$ && CTR::$,SEC::$ && DPT::MKG && CTR::FR,,,,,same,same,failure,20,20,failure,failure,938792.029,814453.816
SEC::LOW && DPT::$ && CTR::$,SEC::HIG,,,,,different,TN_FP,failure,64,4,success,failure,1356226.216,222332.666
SEC::LOW && DPT::$ && CTR::$,SEC::HIG && CTR::$,,,,,different,TN_FP,failure,64,16,success,failure,1471738.769,667563.452
SEC::LOW && DPT::$ && CTR::$,SEC::HIG && CTR::EN,,,,,different,TN_TN,failure,32,8,failure,failure,1256698.256,374409.178
SEC::LOW && DPT::$ && CTR::$,SEC::HIG && CTR::FR,,,,,different,TN_TN,failure,32,8,failure,failure,1257932.110,382291.177
SEC::LOW && DPT::$ && CTR::$,SEC::HIG && DPT::$,,,,,different,TN_FP,failure,64,16,success,failure,1300665.724,666307.561
SEC::LOW && DPT::$ && CTR::$,SEC::HIG && DPT::$ && CTR::$,,,,,same,same,success,64,64,success,success,1343073.434,1369611.593
SEC::LOW && DPT::$ && CTR::$,SEC::HIG && DPT::$ && CTR::EN,,,,,same,same,failure,32,32,failure,failure,1269031.716,1259188.483
SEC::LOW && DPT::$ && CTR::$,SEC::HIG && DPT::$ && CTR::FR,,,,,same,same,failure,32,32,failure,failure,1255525.767,1264083.920
SEC::LOW && DPT::$ && CTR::$,SEC::HIG && DPT::DEV,,,,,different,TN_TN,failure,32,8,failure,failure,1250488.869,381571.863
SEC::LOW && DPT::$ && CTR::$,SEC::HIG && DPT::DEV && CTR::$,,,,,same,same,failure,32,32,failure,failure,1251967.733,1281394.736
SEC::LOW && DPT::$ && CTR::$,SEC::HIG && DPT::DEV && CTR::EN,,,,,same,same,failure,16,16,failure,failure,661487.981,674208.642
SEC::LOW && DPT::$ && CTR::$,SEC::HIG && DPT::DEV && CTR::FR,,,,,same,same,failure,16,16,failure,failure,663087.281,682442.912
SEC::LOW && DPT::$ && CTR::$,SEC::HIG && DPT::MKG,,,,,different,TN_TN,failure,32,8,failure,failure,1253616.271,384311.713
SEC::LOW && DPT::$ && CTR::$,SEC::HIG && DPT::MKG && CTR::$,,,,,same,same,failure,32,32,failure,failure,1251327.072,1267810.225
SEC::LOW && DPT::$ && CTR::$,SEC::HIG && DPT::MKG && CTR::EN,,,,,same,same,failure,16,16,failure,failure,663770.728,666288.711
SEC::LOW && DPT::$ && CTR::$,SEC::HIG && DPT::MKG && CTR::FR,,,,,same,same,failure,16,16,failure,failure,673354.895,676529.870
SEC::LOW && DPT::$ && CTR::$,SEC::LOW,,,,,different,TN_FP,failure,32,2,success,failure,742839.912,147265.308
SEC::LOW && DPT::$ && CTR::$,SEC::LOW && CTR::$,,,,,different,TN_FP,failure,32,8,success,failure,749528.588,388438.759
SEC::LOW && DPT::$ && CTR::$,SEC::LOW && CTR::EN,,,,,different,TN_TN,failure,16,4,failure,failure,668021.321,220864.030
SEC::LOW && DPT::$ && CTR::$,SEC::LOW && CTR::FR,,,,,different,TN_TN,failure,16,4,failure,failure,668268.119,222521.479
SEC::LOW && DPT::$ && CTR::$,SEC::LOW && DPT::$,,,,,different,TN_FP,failure,32,8,success,failure,748126.068,374192.286
SEC::LOW && DPT::$ && CTR::$,SEC::LOW && DPT::$ && CTR::$,,,,,same,same,success,32,32,success,success,737099.684,820828.304
SEC::LOW && DPT::$ && CTR::$,SEC::LOW && DPT::$ && CTR::EN,,,,,same,same,failure,16,16,failure,failure,661550.514,709371.839
SEC::LOW && DPT::$ && CTR::$,SEC::LOW && DPT::$ && CTR::FR,,,,,same,same,failure,16,16,failure,failure,660919.269,680549.390
SEC::LOW && DPT::$ && CTR::$,SEC::LOW && DPT::DEV,,,,,different,TN_TN,failure,16,4,failure,failure,666043.375,224907.389
SEC::LOW && DPT::$ && CTR::$,SEC::LOW && DPT::DEV && CTR::$,,,,,same,same,failure,16,16,failure,failure,667498.760,657206.039
SEC::LOW && DPT::$ && CTR::$,SEC::LOW && DPT::DEV && CTR::EN,,,,,same,same,failure,8,8,failure,failure,371380.302,379142.502
SEC::LOW && DPT::$ && CTR::$,SEC::LOW && DPT::DEV && CTR::FR,,,,,same,same,failure,8,8,failure,failure,371679.753,365296.981
SEC::LOW && DPT::$ && CTR::$,SEC::LOW && DPT::MKG,,,,,different,TN_TN,failure,16,4,failure,failure,664620.733,219572.177
SEC::LOW && DPT::$ && CTR::$,SEC::LOW && DPT::MKG && CTR::$,,,,,same,same,failure,16,16,failure,failure,661475.292,681946.531
SEC::LOW && DPT::$ && CTR::$,SEC::LOW && DPT::MKG && CTR::EN,,,,,same,same,failure,8,8,failure,failure,373472.976,430301.729
SEC::LOW && DPT::$ && CTR::$,SEC::LOW && DPT::MKG && CTR::FR,,,,,same,same,failure,8,8,failure,failure,368399.811,408432.452
SEC::LOW && DPT::$ && CTR::$,SEC::MED,,,,,different,TN_FP,failure,48,3,success,failure,1015175.971,186487.389
SEC::LOW && DPT::$ && CTR::$,SEC::MED && CTR::$,,,,,different,TN_FP,failure,48,12,success,failure,1009971.955,530895.412
SEC::LOW && DPT::$ && CTR::$,SEC::MED && CTR::EN,,,,,different,TN_TN,failure,24,6,failure,failure,956282.046,298152.796
SEC::LOW && DPT::$ && CTR::$,SEC::MED && CTR::FR,,,,,different,TN_TN,failure,24,6,failure,failure,953770.470,298733.058
SEC::LOW && DPT::$ && CTR::$,SEC::MED && DPT::$,,,,,different,TN_FP,failure,48,12,success,failure,1139390.707,526635.587
SEC::LOW && DPT::$ && CTR::$,SEC::MED && DPT::$ && CTR::$,,,,,same,same,success,48,48,success,success,1006291.265,1070159.241
SEC::LOW && DPT::$ && CTR::$,SEC::MED && DPT::$ && CTR::EN,,,,,same,same,failure,24,24,failure,failure,965707.626,989517.262
SEC::LOW && DPT::$ && CTR::$,SEC::MED && DPT::$ && CTR::FR,,,,,same,same,failure,24,24,failure,failure,954048.311,977059.595
SEC::LOW && DPT::$ && CTR::$,SEC::MED && DPT::DEV,,,,,different,TN_TN,failure,24,6,failure,failure,992263.929,299382.121
SEC::LOW && DPT::$ && CTR::$,SEC::MED && DPT::DEV && CTR::$,,,,,same,same,failure,24,24,failure,failure,955324.956,978802.463
SEC::LOW && DPT::$ && CTR::$,SEC::MED && DPT::DEV && CTR::EN,,,,,same,same,failure,12,12,failure,failure,515116.459,524458.358
SEC::LOW && DPT::$ && CTR::$,SEC::MED && DPT::DEV && CTR::FR,,,,,same,same,failure,12,12,failure,failure,518711.803,531908.472
SEC::LOW && DPT::$ && CTR::$,SEC::MED && DPT::MKG,,,,,different,TN_TN,failure,24,6,failure,failure,962117.502,297216.459
SEC::LOW && DPT::$ && CTR::$,SEC::MED && DPT::MKG && CTR::$,,,,,same,same,failure,24,24,failure,failure,952942.341,972627.762
SEC::LOW && DPT::$ && CTR::$,SEC::MED && DPT::MKG && CTR::EN,,,,,same,same,failure,12,12,failure,failure,513567.905,522862.048
SEC::LOW && DPT::$ && CTR::$,SEC::MED && DPT::MKG && CTR::FR,,,,,same,same,failure,12,12,failure,failure,513385.323,525408.880
SEC::LOW && DPT::$ && CTR::EN,CTR::$,,,,,different,TN_FP,failure,80,4,success,failure,1685093.679,227724.630
SEC::LOW && DPT::$ && CTR::EN,CTR::EN,,,,,different,TN_FP,failure,40,2,success,failure,915511.751,151924.964
SEC::LOW && DPT::$ && CTR::EN,CTR::FR,,,,,different,TN_TN,failure,40,2,failure,failure,1578180.782,151686.546
SEC::LOW && DPT::$ && CTR::EN,DPT::$,,,,,different,TN_FP,failure,80,4,success,failure,1701900.404,229028.606
SEC::LOW && DPT::$ && CTR::EN,DPT::$ && CTR::$,,,,,different,TN_FP,failure,80,16,success,failure,1760368.856,688173.642
SEC::LOW && DPT::$ && CTR::EN,DPT::$ && CTR::EN,,,,,different,TN_FP,failure,40,8,success,failure,969872.794,396602.332
SEC::LOW && DPT::$ && CTR::EN,DPT::$ && CTR::FR,,,,,different,TN_TN,failure,40,8,failure,failure,1594671.634,383389.157
SEC::LOW && DPT::$ && CTR::EN,DPT::DEV,,,,,different,TN_TN,failure,40,2,failure,failure,1587934.337,151685.899
SEC::LOW && DPT::$ && CTR::EN,DPT::DEV && CTR::$,,,,,different,TN_TN,failure,40,8,failure,failure,1598234.338,394308.379
SEC::LOW && DPT::$ && CTR::EN,DPT::DEV && CTR::EN,,,,,different,TN_TN,failure,20,4,failure,failure,832696.480,227939.222
SEC::LOW && DPT::$ && CTR::EN,DPT::DEV && CTR::FR,,,,,different,TN_TN,failure,20,4,failure,failure,832867.396,228217.880
SEC::LOW && DPT::$ && CTR::EN,DPT::MKG,,,,,different,TN_TN,failure,40,2,failure,failure,1589831.827,153423.384
SEC::LOW && DPT::$ && CTR::EN,DPT::MKG && CTR::$,,,,,different,TN_TN,failure,40,8,failure,failure,1576015.200,381431.966
SEC::LOW && DPT::$ && CTR::EN,DPT::MKG && CTR::EN,,,,,different,TN_TN,failure,20,4,failure,failure,831644.116,228562.922
SEC::LOW && DPT::$ && CTR::EN,DPT::MKG && CTR::FR,,,,,different,TN_TN,failure,20,4,failure,failure,828684.590,229958.024
SEC::LOW && DPT::$ && CTR::EN,SEC::$,,,,,different,TN_FP,failure,80,5,success,failure,1719983.184,272069.094
SEC::LOW && DPT::$ && CTR::EN,SEC::$ && CTR::$,,,,,different,TN_FP,failure,80,20,success,failure,1718384.720,850621.463
SEC::LOW && DPT::$ && CTR::EN,SEC::$ && CTR::EN,,,,,different,TN_FP,failure,40,10,success,failure,984428.422,460177.633
SEC::LOW && DPT::$ && CTR::EN,SEC::$ && CTR::FR,,,,,different,TN_TN,failure,40,10,failure,failure,1573131.881,459734.948
SEC::LOW && DPT::$ && CTR::EN,SEC::$ && DPT::$,,,,,different,TN_FP,failure,80,20,success,failure,1761857.173,855816.312
SEC::LOW && DPT::$ && CTR::EN,SEC::$ && DPT::$ && CTR::$,,,,,same,same,success,80,80,success,success,1632694.427,1872953.032
SEC::LOW && DPT::$ && CTR::EN,SEC::$ && DPT::$ && CTR::EN,,,,,same,same,success,40,40,success,success,896607.000,952196.808
SEC::LOW && DPT::$ && CTR::EN,SEC::$ && DPT::$ && CTR::FR,,,,,same,same,failure,40,40,failure,failure,1547367.504,1626745.823
SEC::LOW && DPT::$ && CTR::EN,SEC::$ && DPT::DEV,,,,,different,TN_TN,failure,40,10,failure,failure,1560618.906,468200.818
SEC::LOW && DPT::$ && CTR::EN,SEC::$ && DPT::DEV && CTR::$,,,,,same,same,failure,40,40,failure,failure,1553921.589,1627126.718
SEC::LOW && DPT::$ && CTR::EN,SEC::$ && DPT::DEV && CTR::EN,,,,,same,same,failure,20,20,failure,failure,827410.029,842689.931
SEC::LOW && DPT::$ && CTR::EN,SEC::$ && DPT::DEV && CTR::FR,,,,,same,same,failure,20,20,failure,failure,821690.672,851535.177
SEC::LOW && DPT::$ && CTR::EN,SEC::$ && DPT::MKG,,,,,different,TN_TN,failure,40,10,failure,failure,1570875.519,461535.931
SEC::LOW && DPT::$ && CTR::EN,SEC::$ && DPT::MKG && CTR::$,,,,,same,same,failure,40,40,failure,failure,1595631.025,1625048.029
SEC::LOW && DPT::$ && CTR::EN,SEC::$ && DPT::MKG && CTR::EN,,,,,same,same,failure,20,20,failure,failure,812944.190,855165.341
SEC::LOW && DPT::$ && CTR::EN,SEC::$ && DPT::MKG && CTR::FR,,,,,same,same,failure,20,20,failure,failure,813190.186,844413.208
SEC::LOW && DPT::$ && CTR::EN,SEC::HIG,,,,,different,TN_FP,failure,64,4,success,failure,1402587.633,228437.657
SEC::LOW && DPT::$ && CTR::EN,SEC::HIG && CTR::$,,,,,different,TN_FP,failure,64,16,success,failure,1276420.887,690630.841
SEC::LOW && DPT::$ && CTR::EN,SEC::HIG && CTR::EN,,,,,different,TN_FP,failure,32,8,success,failure,730609.270,383659.324
SEC::LOW && DPT::$ && CTR::EN,SEC::HIG && CTR::FR,,,,,different,TN_TN,failure,32,8,failure,failure,1262409.103,383417.846
SEC::LOW && DPT::$ && CTR::EN,SEC::HIG && DPT::$,,,,,different,TN_FP,failure,64,16,success,failure,1307092.484,917631.688
SEC::LOW && DPT::$ && CTR::EN,SEC::HIG && DPT::$ && CTR::$,,,,,same,same,success,64,64,success,success,1375021.552,1393205.110
SEC::LOW && DPT::$ && CTR::EN,SEC::HIG && DPT::$ && CTR::EN,,,,,same,same,success,32,32,success,success,723046.951,1077476.381
SEC::LOW && DPT::$ && CTR::EN,SEC::HIG && DPT::$ && CTR::FR,,,,,same,same,failure,32,32,failure,failure,1256175.350,1621001.032
SEC::LOW && DPT::$ && CTR::EN,SEC::HIG && DPT::DEV,,,,,different,TN_TN,failure,32,8,failure,failure,1273789.005,383270.545
SEC::LOW && DPT::$ && CTR::EN,SEC::HIG && DPT::DEV && CTR::$,,,,,same,same,failure,32,32,failure,failure,1263357.308,1299933.646
SEC::LOW && DPT::$ && CTR::EN,SEC::HIG && DPT::DEV && CTR::EN,,,,,same,same,failure,16,16,failure,failure,664449.652,692665.132
SEC::LOW && DPT::$ && CTR::EN,SEC::HIG && DPT::DEV && CTR::FR,,,,,same,same,failure,16,16,failure,failure,667339.051,696511.421
SEC::LOW && DPT::$ && CTR::EN,SEC::HIG && DPT::MKG,,,,,different,TN_TN,failure,32,8,failure,failure,1272582.361,383042.041
SEC::LOW && DPT::$ && CTR::EN,SEC::HIG && DPT::MKG && CTR::$,,,,,same,same,failure,32,32,failure,failure,1265928.771,1733440.596
SEC::LOW && DPT::$ && CTR::EN,SEC::HIG && DPT::MKG && CTR::EN,,,,,same,same,failure,16,16,failure,failure,699504.054,816187.649
SEC::LOW && DPT::$ && CTR::EN,SEC::HIG && DPT::MKG && CTR::FR,,,,,same,same,failure,16,16,failure,failure,669553.395,917340.632
SEC::LOW && DPT::$ && CTR::EN,SEC::LOW,,,,,different,TN_FP,failure,32,2,success,failure,786432.931,152079.859
SEC::LOW && DPT::$ && CTR::EN,SEC::LOW && CTR::$,,,,,different,TN_FP,failure,32,8,success,failure,732732.292,381921.680
SEC::LOW && DPT::$ && CTR::EN,SEC::LOW && CTR::EN,,,,,different,TN_FP,failure,16,4,success,failure,453629.621,238745.256
SEC::LOW && DPT::$ && CTR::EN,SEC::LOW && CTR::FR,,,,,different,TN_TN,failure,16,4,failure,failure,666245.966,231115.961
SEC::LOW && DPT::$ && CTR::EN,SEC::LOW && DPT::$,,,,,different,TN_FP,failure,32,8,success,failure,1120962.620,394218.160
SEC::LOW && DPT::$ && CTR::EN,SEC::LOW && DPT::$ && CTR::$,,,,,same,same,success,32,32,success,success,1094223.039,773070.557
SEC::LOW && DPT::$ && CTR::EN,SEC::LOW && DPT::$ && CTR::EN,,,,,same,same,success,16,16,success,success,616654.675,463498.622
SEC::LOW && DPT::$ && CTR::EN,SEC::LOW && DPT::$ && CTR::FR,,,,,same,same,failure,16,16,failure,failure,932855.844,710836.030
SEC::LOW && DPT::$ && CTR::EN,SEC::LOW && DPT::DEV,,,,,different,TN_TN,failure,16,4,failure,failure,668850.947,231836.057
SEC::LOW && DPT::$ && CTR::EN,SEC::LOW && DPT::DEV && CTR::$,,,,,same,same,failure,16,16,failure,failure,667990.382,712046.416
SEC::LOW && DPT::$ && CTR::EN,SEC::LOW && DPT::DEV && CTR::EN,,,,,same,same,failure,8,8,failure,failure,367318.162,380752.893
SEC::LOW && DPT::$ && CTR::EN,SEC::LOW && DPT::DEV && CTR::FR,,,,,same,same,failure,8,8,failure,failure,369492.776,394012.944
SEC::LOW && DPT::$ && CTR::EN,SEC::LOW && DPT::MKG,,,,,different,TN_TN,failure,16,4,failure,failure,665196.311,231293.714
SEC::LOW && DPT::$ && CTR::EN,SEC::LOW && DPT::MKG && CTR::$,,,,,same,same,failure,16,16,failure,failure,745235.179,689729.701
SEC::LOW && DPT::$ && CTR::EN,SEC::LOW && DPT::MKG && CTR::EN,,,,,same,same,failure,8,8,failure,failure,368836.335,397200.865
SEC::LOW && DPT::$ && CTR::EN,SEC::LOW && DPT::MKG && CTR::FR,,,,,same,same,failure,8,8,failure,failure,368648.513,380557.571
SEC::LOW && DPT::$ && CTR::EN,SEC::MED,,,,,different,TN_FP,failure,48,3,success,failure,1433688.451,190992.304
SEC::LOW && DPT::$ && CTR::EN,SEC::MED && CTR::$,,,,,different,TN_FP,failure,48,12,success,failure,1029342.419,543799.486
SEC::LOW && DPT::$ && CTR::EN,SEC::MED && CTR::EN,,,,,different,TN_FP,failure,24,6,success,failure,869228.471,304237.213
SEC::LOW && DPT::$ && CTR::EN,SEC::MED && CTR::FR,,,,,different,TN_TN,failure,24,6,failure,failure,1091727.938,301022.778
SEC::LOW && DPT::$ && CTR::EN,SEC::MED && DPT::$,,,,,different,TN_FP,failure,48,12,success,failure,1015550.388,548190.147
SEC::LOW && DPT::$ && CTR::EN,SEC::MED && DPT::$ && CTR::$,,,,,same,same,success,48,48,success,success,1050084.812,1150283.880
SEC::LOW && DPT::$ && CTR::EN,SEC::MED && DPT::$ && CTR::EN,,,,,same,same,success,24,24,success,success,584764.417,602491.880
SEC::LOW && DPT::$ && CTR::EN,SEC::MED && DPT::$ && CTR::FR,,,,,same,same,failure,24,24,failure,failure,966535.078,1009831.902
SEC::LOW && DPT::$ && CTR::EN,SEC::MED && DPT::DEV,,,,,different,TN_TN,failure,24,6,failure,failure,957708.687,325374.166
SEC::LOW && DPT::$ && CTR::EN,SEC::MED && DPT::DEV && CTR::$,,,,,same,same,failure,24,24,failure,failure,957421.583,1238074.633
SEC::LOW && DPT::$ && CTR::EN,SEC::MED && DPT::DEV && CTR::EN,,,,,same,same,failure,12,12,failure,failure,515873.805,552280.660
SEC::LOW && DPT::$ && CTR::EN,SEC::MED && DPT::DEV && CTR::FR,,,,,same,same,failure,12,12,failure,failure,514987.318,633689.067
SEC::LOW && DPT::$ && CTR::EN,SEC::MED && DPT::MKG,,,,,different,TN_TN,failure,24,6,failure,failure,958559.193,323074.537
SEC::LOW && DPT::$ && CTR::EN,SEC::MED && DPT::MKG && CTR::$,,,,,same,same,failure,24,24,failure,failure,974378.726,990019.444
SEC::LOW && DPT::$ && CTR::EN,SEC::MED && DPT::MKG && CTR::EN,,,,,same,same,failure,12,12,failure,failure,515966.910,543180.791
SEC::LOW && DPT::$ && CTR::EN,SEC::MED && DPT::MKG && CTR::FR,,,,,same,same,failure,12,12,failure,failure,516572.646,544753.526
SEC::LOW && DPT::$ && CTR::FR,CTR::$,,,,,different,TN_FP,failure,80,4,success,failure,1641867.552,221701.772
SEC::LOW && DPT::$ && CTR::FR,CTR::EN,,,,,different,TN_TN,failure,40,2,failure,failure,1587243.136,158289.206
SEC::LOW && DPT::$ && CTR::FR,CTR::FR,,,,,different,TN_FP,failure,40,2,success,failure,987550.127,147581.105
SEC::LOW && DPT::$ && CTR::FR,DPT::$,,,,,different,TN_FP,failure,80,4,success,failure,1721889.659,221541.171
SEC::LOW && DPT::$ && CTR::FR,DPT::$ && CTR::$,,,,,different,TN_FP,failure,80,16,success,failure,1726079.889,669301.632
SEC::LOW && DPT::$ && CTR::FR,DPT::$ && CTR::EN,,,,,different,TN_TN,failure,40,8,failure,failure,1596981.142,381584.166
SEC::LOW && DPT::$ && CTR::FR,DPT::$ && CTR::FR,,,,,different,TN_FP,failure,40,8,success,failure,875971.704,384281.411
SEC::LOW && DPT::$ && CTR::FR,DPT::DEV,,,,,different,TN_TN,failure,40,2,failure,failure,1598164.612,147883.964
SEC::LOW && DPT::$ && CTR::FR,DPT::DEV && CTR::$,,,,,different,TN_TN,failure,40,8,failure,failure,1588388.730,370855.792
SEC::LOW && DPT::$ && CTR::FR,DPT::DEV && CTR::EN,,,,,different,TN_TN,failure,20,4,failure,failure,834682.325,221793.003
SEC::LOW && DPT::$ && CTR::FR,DPT::DEV && CTR::FR,,,,,different,TN_TN,failure,20,4,failure,failure,832360.770,221790.959
SEC::LOW && DPT::$ && CTR::FR,DPT::MKG,,,,,different,TN_TN,failure,40,2,failure,failure,1596874.963,156705.229
SEC::LOW && DPT::$ && CTR::FR,DPT::MKG && CTR::$,,,,,different,TN_TN,failure,40,8,failure,failure,1600600.812,369796.390
SEC::LOW && DPT::$ && CTR::FR,DPT::MKG && CTR::EN,,,,,different,TN_TN,failure,20,4,failure,failure,826544.085,221525.827
SEC::LOW && DPT::$ && CTR::FR,DPT::MKG && CTR::FR,,,,,different,TN_TN,failure,20,4,failure,failure,826919.554,221737.384
SEC::LOW && DPT::$ && CTR::FR,SEC::$,,,,,different,TN_FP,failure,80,5,success,failure,1685217.502,260238.688
SEC::LOW && DPT::$ && CTR::FR,SEC::$ && CTR::$,,,,,different,TN_FP,failure,80,20,success,failure,1629809.049,828941.297
SEC::LOW && DPT::$ && CTR::FR,SEC::$ && CTR::EN,,,,,different,TN_TN,failure,40,10,failure,failure,1565799.493,444536.243
SEC::LOW && DPT::$ && CTR::FR,SEC::$ && CTR::FR,,,,,different,TN_FP,failure,40,10,success,failure,890018.037,451568.524
SEC::LOW && DPT::$ && CTR::FR,SEC::$ && DPT::$,,,,,different,TN_FP,failure,80,20,success,failure,1581600.051,828798.744
SEC::LOW && DPT::$ && CTR::FR,SEC::$ && DPT::$ && CTR::$,,,,,same,same,success,80,80,success,success,1614906.766,1657810.859
SEC::LOW && DPT::$ && CTR::FR,SEC::$ && DPT::$ && CTR::EN,,,,,same,same,failure,40,40,failure,failure,1562681.104,1575207.505
SEC::LOW && DPT::$ && CTR::FR,SEC::$ && DPT::$ && CTR::FR,,,,,same,same,success,40,40,success,success,868325.276,938171.430
SEC::LOW && DPT::$ && CTR::FR,SEC::$ && DPT::DEV,,,,,different,TN_TN,failure,40,10,failure,failure,1561596.915,448768.226
SEC::LOW && DPT::$ && CTR::FR,SEC::$ && DPT::DEV && CTR::$,,,,,same,same,failure,40,40,failure,failure,1564573.183,1577280.464
SEC::LOW && DPT::$ && CTR::FR,SEC::$ && DPT::DEV && CTR::EN,,,,,same,same,failure,20,20,failure,failure,831833.105,818546.182
SEC::LOW && DPT::$ && CTR::FR,SEC::$ && DPT::DEV && CTR::FR,,,,,same,same,failure,20,20,failure,failure,820050.830,835919.250
SEC::LOW && DPT::$ && CTR::FR,SEC::$ && DPT::MKG,,,,,different,TN_TN,failure,40,10,failure,failure,1569185.981,448721.029
SEC::LOW && DPT::$ && CTR::FR,SEC::$ && DPT::MKG && CTR::$,,,,,same,same,failure,40,40,failure,failure,1599236.913,1579212.498
SEC::LOW && DPT::$ && CTR::FR,SEC::$ && DPT::MKG && CTR::EN,,,,,same,same,failure,20,20,failure,failure,813488.100,829196.465
SEC::LOW && DPT::$ && CTR::FR,SEC::$ && DPT::MKG && CTR::FR,,,,,same,same,failure,20,20,failure,failure,820842.405,816768.684
SEC::LOW && DPT::$ && CTR::FR,SEC::HIG,,,,,different,TN_FP,failure,64,4,success,failure,1333795.411,222404.971
SEC::LOW && DPT::$ && CTR::FR,SEC::HIG && CTR::$,,,,,different,TN_FP,failure,64,16,success,failure,1293961.583,682695.400
SEC::LOW && DPT::$ && CTR::FR,SEC::HIG && CTR::EN,,,,,different,TN_TN,failure,32,8,failure,failure,1266717.636,388515.193
SEC::LOW && DPT::$ && CTR::FR,SEC::HIG && CTR::FR,,,,,different,TN_FP,failure,32,8,success,failure,767547.201,376638.009
SEC::LOW && DPT::$ && CTR::FR,SEC::HIG && DPT::$,,,,,different,TN_FP,failure,64,16,success,failure,1320142.292,675127.701
SEC::LOW && DPT::$ && CTR::FR,SEC::HIG && DPT::$ && CTR::$,,,,,same,same,success,64,64,success,success,1345113.341,1320249.317
SEC::LOW && DPT::$ && CTR::FR,SEC::HIG && DPT::$ && CTR::EN,,,,,same,same,failure,32,32,failure,failure,1258808.114,1275922.265
SEC::LOW && DPT::$ && CTR::FR,SEC::HIG && DPT::$ && CTR::FR,,,,,same,same,success,32,32,success,success,733231.088,727033.007
SEC::LOW && DPT::$ && CTR::FR,SEC::HIG && DPT::DEV,,,,,different,TN_TN,failure,32,8,failure,failure,1264397.508,371700.797
SEC::LOW && DPT::$ && CTR::FR,SEC::HIG && DPT::DEV && CTR::$,,,,,same,same,failure,32,32,failure,failure,1263432.468,1278728.941
SEC::LOW && DPT::$ && CTR::FR,SEC::HIG && DPT::DEV && CTR::EN,,,,,same,same,failure,16,16,failure,failure,671452.437,669181.362
SEC::LOW && DPT::$ && CTR::FR,SEC::HIG && DPT::DEV && CTR::FR,,,,,same,same,failure,16,16,failure,failure,675958.434,681388.464
SEC::LOW && DPT::$ && CTR::FR,SEC::HIG && DPT::MKG,,,,,different,TN_TN,failure,32,8,failure,failure,1282982.313,377797.018
SEC::LOW && DPT::$ && CTR::FR,SEC::HIG && DPT::MKG && CTR::$,,,,,same,same,failure,32,32,failure,failure,1271080.799,1271911.954
SEC::LOW && DPT::$ && CTR::FR,SEC::HIG && DPT::MKG && CTR::EN,,,,,same,same,failure,16,16,failure,failure,675784.963,669198.850
SEC::LOW && DPT::$ && CTR::FR,SEC::HIG && DPT::MKG && CTR::FR,,,,,same,same,failure,16,16,failure,failure,664705.275,680061.260
SEC::LOW && DPT::$ && CTR::FR,SEC::LOW,,,,,different,TN_FP,failure,32,2,success,failure,744357.819,147688.917
SEC::LOW && DPT::$ && CTR::FR,SEC::LOW && CTR::$,,,,,different,TN_FP,failure,32,8,success,failure,749405.777,374412.123
SEC::LOW && DPT::$ && CTR::FR,SEC::LOW && CTR::EN,,,,,different,TN_TN,failure,16,4,failure,failure,669681.270,223199.055
SEC::LOW && DPT::$ && CTR::FR,SEC::LOW && CTR::FR,,,,,different,TN_FP,failure,16,4,success,failure,450783.602,228874.146
SEC::LOW && DPT::$ && CTR::FR,SEC::LOW && DPT::$,,,,,different,TN_FP,failure,32,8,success,failure,751808.775,395778.512
SEC::LOW && DPT::$ && CTR::FR,SEC::LOW && DPT::$ && CTR::$,,,,,same,same,success,32,32,success,success,730044.947,782808.448
SEC::LOW && DPT::$ && CTR::FR,SEC::LOW && DPT::$ && CTR::EN,,,,,same,same,failure,16,16,failure,failure,672618.258,675842.752
SEC::LOW && DPT::$ && CTR::FR,SEC::LOW && DPT::$ && CTR::FR,,,,,same,same,success,16,16,success,success,450906.247,488933.633
SEC::LOW && DPT::$ && CTR::FR,SEC::LOW && DPT::DEV,,,,,different,TN_TN,failure,16,4,failure,failure,669680.703,221863.911
SEC::LOW && DPT::$ && CTR::FR,SEC::LOW && DPT::DEV && CTR::$,,,,,same,same,failure,16,16,failure,failure,692856.055,685320.350
SEC::LOW && DPT::$ && CTR::FR,SEC::LOW && DPT::DEV && CTR::EN,,,,,same,same,failure,8,8,failure,failure,373510.672,369526.680
SEC::LOW && DPT::$ && CTR::FR,SEC::LOW && DPT::DEV && CTR::FR,,,,,same,same,failure,8,8,failure,failure,371671.928,369679.451
SEC::LOW && DPT::$ && CTR::FR,SEC::LOW && DPT::MKG,,,,,different,TN_TN,failure,16,4,failure,failure,673265.703,225972.853
SEC::LOW && DPT::$ && CTR::FR,SEC::LOW && DPT::MKG && CTR::$,,,,,same,same,failure,16,16,failure,failure,670729.220,679412.468
SEC::LOW && DPT::$ && CTR::FR,SEC::LOW && DPT::MKG && CTR::EN,,,,,same,same,failure,8,8,failure,failure,372448.765,375344.012
SEC::LOW && DPT::$ && CTR::FR,SEC::LOW && DPT::MKG && CTR::FR,,,,,same,same,failure,8,8,failure,failure,385094.682,374841.764
SEC::LOW && DPT::$ && CTR::FR,SEC::MED,,,,,different,TN_FP,failure,48,3,success,failure,1021932.690,187394.285
SEC::LOW && DPT::$ && CTR::FR,SEC::MED && CTR::$,,,,,different,TN_FP,failure,48,12,success,failure,1045575.753,535040.231
SEC::LOW && DPT::$ && CTR::FR,SEC::MED && CTR::EN,,,,,different,TN_TN,failure,24,6,failure,failure,980690.605,300353.348
SEC::LOW && DPT::$ && CTR::FR,SEC::MED && CTR::FR,,,,,different,TN_FP,failure,24,6,success,failure,583544.764,296782.475
SEC::LOW && DPT::$ && CTR::FR,SEC::MED && DPT::$,,,,,different,TN_FP,failure,48,12,success,failure,999060.498,543354.887
SEC::LOW && DPT::$ && CTR::FR,SEC::MED && DPT::$ && CTR::$,,,,,same,same,success,48,48,success,success,1125091.420,1155458.887
SEC::LOW && DPT::$ && CTR::FR,SEC::MED && DPT::$ && CTR::EN,,,,,same,same,failure,24,24,failure,failure,964499.169,979817.017
SEC::LOW && DPT::$ && CTR::FR,SEC::MED && DPT::$ && CTR::FR,,,,,same,same,success,24,24,success,success,640984.010,595029.676
SEC::LOW && DPT::$ && CTR::FR,SEC::MED && DPT::DEV,,,,,different,TN_TN,failure,24,6,failure,failure,960750.132,300509.009
SEC::LOW && DPT::$ && CTR::FR,SEC::MED && DPT::DEV && CTR::$,,,,,same,same,failure,24,24,failure,failure,960245.189,998130.819
SEC::LOW && DPT::$ && CTR::FR,SEC::MED && DPT::DEV && CTR::EN,,,,,same,same,failure,12,12,failure,failure,517534.966,522228.961
SEC::LOW && DPT::$ && CTR::FR,SEC::MED && DPT::DEV && CTR::FR,,,,,same,same,failure,12,12,failure,failure,517407.903,517085.688
SEC::LOW && DPT::$ && CTR::FR,SEC::MED && DPT::MKG,,,,,different,TN_TN,failure,24,6,failure,failure,961073.965,312071.458
SEC::LOW && DPT::$ && CTR::FR,SEC::MED && DPT::MKG && CTR::$,,,,,same,same,failure,24,24,failure,failure,967013.505,1020448.787
SEC::LOW && DPT::$ && CTR::FR,SEC::MED && DPT::MKG && CTR::EN,,,,,same,same,failure,12,12,failure,failure,521129.915,527969.549
SEC::LOW && DPT::$ && CTR::FR,SEC::MED && DPT::MKG && CTR::FR,,,,,same,same,failure,12,12,failure,failure,516977.506,536208.644
SEC::LOW && DPT::DEV,CTR::$,,,,,different,TN_FP,failure,80,4,success,failure,1635369.714,226873.257
SEC::LOW && DPT::DEV,CTR::EN,,,,,different,TN_FP,failure,40,2,success,failure,910887.617,153583.278
SEC::LOW && DPT::DEV,CTR::FR,,,,,different,TN_FP,failure,40,2,success,failure,876447.622,149968.142
SEC::LOW && DPT::DEV,DPT::$,,,,,different,TN_FP,failure,80,4,success,failure,1724165.869,220933.812
SEC::LOW && DPT::DEV,DPT::$ && CTR::$,,,,,different,TN_FP,failure,80,16,success,failure,2161707.979,669614.745
SEC::LOW && DPT::DEV,DPT::$ && CTR::EN,,,,,different,TN_FP,failure,40,8,success,failure,1023606.735,370160.959
SEC::LOW && DPT::DEV,DPT::$ && CTR::FR,,,,,different,TN_FP,failure,40,8,success,failure,946532.067,374031.454
SEC::LOW && DPT::DEV,DPT::DEV,,,,,different,TN_FP,failure,40,2,success,failure,896825.005,150809.065
SEC::LOW && DPT::DEV,DPT::DEV && CTR::$,,,,,different,TN_FP,failure,40,8,success,failure,915593.409,369877.212
SEC::LOW && DPT::DEV,DPT::DEV && CTR::EN,,,,,different,TN_FP,failure,20,4,success,failure,530794.768,229064.994
SEC::LOW && DPT::DEV,DPT::DEV && CTR::FR,,,,,different,TN_FP,failure,20,4,success,failure,531279.527,223146.978
SEC::LOW && DPT::DEV,DPT::MKG,,,,,different,TN_TN,failure,40,2,failure,failure,1602360.478,150309.658
SEC::LOW && DPT::DEV,DPT::MKG && CTR::$,,,,,different,TN_TN,failure,40,8,failure,failure,1601101.947,375453.627
SEC::LOW && DPT::DEV,DPT::MKG && CTR::EN,,,,,different,TN_TN,failure,20,4,failure,failure,836659.524,224740.196
SEC::LOW && DPT::DEV,DPT::MKG && CTR::FR,,,,,different,TN_TN,failure,20,4,failure,failure,822603.859,221140.995
SEC::LOW && DPT::DEV,SEC::$,,,,,different,TN_FP,failure,80,5,success,failure,2263511.747,257901.364
SEC::LOW && DPT::DEV,SEC::$ && CTR::$,,,,,different,TN_FP,failure,80,20,success,failure,1866576.160,810706.598
SEC::LOW && DPT::DEV,SEC::$ && CTR::EN,,,,,different,TN_FP,failure,40,10,success,failure,1050036.511,442862.885
SEC::LOW && DPT::DEV,SEC::$ && CTR::FR,,,,,different,TN_FP,failure,40,10,success,failure,1043419.228,438904.705
SEC::LOW && DPT::DEV,SEC::$ && DPT::$,,,,,different,TP_TP,success,80,20,success,success,1884577.987,528713.174
SEC::LOW && DPT::DEV,SEC::$ && DPT::$ && CTR::$,,,,,same,same,success,80,80,success,success,1599972.408,1593054.216
SEC::LOW && DPT::DEV,SEC::$ && DPT::$ && CTR::EN,,,,,same,same,success,40,40,success,success,975446.859,938459.265
SEC::LOW && DPT::DEV,SEC::$ && DPT::$ && CTR::FR,,,,,same,same,success,40,40,success,success,1001374.282,1005257.968
SEC::LOW && DPT::DEV,SEC::$ && DPT::DEV,,,,,different,TP_TP,success,40,10,success,success,1008429.527,351182.606
SEC::LOW && DPT::DEV,SEC::$ && DPT::DEV && CTR::$,,,,,same,same,success,40,40,success,success,1093777.007,947078.282
SEC::LOW && DPT::DEV,SEC::$ && DPT::DEV && CTR::EN,,,,,same,same,success,20,20,success,success,588852.600,593767.194
SEC::LOW && DPT::DEV,SEC::$ && DPT::DEV && CTR::FR,,,,,same,same,success,20,20,success,success,630817.676,522307.097
SEC::LOW && DPT::DEV,SEC::$ && DPT::MKG,,,,,different,TN_TN,failure,40,10,failure,failure,1809931.965,445430.732
SEC::LOW && DPT::DEV,SEC::$ && DPT::MKG && CTR::$,,,,,same,same,failure,40,40,failure,failure,1844487.577,1590076.130
SEC::LOW && DPT::DEV,SEC::$ && DPT::MKG && CTR::EN,,,,,same,same,failure,20,20,failure,failure,883829.002,826328.230
SEC::LOW && DPT::DEV,SEC::$ && DPT::MKG && CTR::FR,,,,,same,same,failure,20,20,failure,failure,920793.414,818770.588
SEC::LOW && DPT::DEV,SEC::HIG,,,,,different,TN_FP,failure,64,4,success,failure,1534972.374,221617.564
SEC::LOW && DPT::DEV,SEC::HIG && CTR::$,,,,,different,TN_FP,failure,64,16,success,failure,1595121.995,670118.340
SEC::LOW && DPT::DEV,SEC::HIG && CTR::EN,,,,,different,TN_FP,failure,32,8,success,failure,796542.024,380927.710
SEC::LOW && DPT::DEV,SEC::HIG && CTR::FR,,,,,different,TN_FP,failure,32,8,success,failure,935468.916,369694.795
SEC::LOW && DPT::DEV,SEC::HIG && DPT::$,,,,,different,TP_TP,success,64,16,success,success,1495709.526,435942.133
SEC::LOW && DPT::DEV,SEC::HIG && DPT::$ && CTR::$,,,,,same,same,success,64,64,success,success,1690567.251,1360050.614
SEC::LOW && DPT::DEV,SEC::HIG && DPT::$ && CTR::EN,,,,,same,same,success,32,32,success,success,840656.801,760259.547
SEC::LOW && DPT::DEV,SEC::HIG && DPT::$ && CTR::FR,,,,,same,same,success,32,32,success,success,819518.472,719070.551
SEC::LOW && DPT::DEV,SEC::HIG && DPT::DEV,,,,,different,TP_TP,success,32,8,success,success,859910.487,303092.150
SEC::LOW && DPT::DEV,SEC::HIG && DPT::DEV && CTR::$,,,,,same,same,success,32,32,success,success,891163.154,773409.743
SEC::LOW && DPT::DEV,SEC::HIG && DPT::DEV && CTR::EN,,,,,same,same,success,16,16,success,success,482008.853,458484.352
SEC::LOW && DPT::DEV,SEC::HIG && DPT::DEV && CTR::FR,,,,,same,same,success,16,16,success,success,498456.514,451656.976
SEC::LOW && DPT::DEV,SEC::HIG && DPT::MKG,,,,,different,TN_TN,failure,32,8,failure,failure,1473977.258,380809.818
SEC::LOW && DPT::DEV,SEC::HIG && DPT::MKG && CTR::$,,,,,same,same,failure,32,32,failure,failure,1509589.507,1274902.478
SEC::LOW && DPT::DEV,SEC::HIG && DPT::MKG && CTR::EN,,,,,same,same,failure,16,16,failure,failure,778866.659,668174.919
SEC::LOW && DPT::DEV,SEC::HIG && DPT::MKG && CTR::FR,,,,,same,same,failure,16,16,failure,failure,799755.356,668485.572
SEC::LOW && DPT::DEV,SEC::LOW,,,,,different,TN_FP,failure,32,2,success,failure,871961.953,150832.950
SEC::LOW && DPT::DEV,SEC::LOW && CTR::$,,,,,different,TN_FP,failure,32,8,success,failure,1001565.130,370587.039
SEC::LOW && DPT::DEV,SEC::LOW && CTR::EN,,,,,different,TN_FP,failure,16,4,success,failure,602555.959,225163.235
SEC::LOW && DPT::DEV,SEC::LOW && CTR::FR,,,,,different,TN_FP,failure,16,4,success,failure,666302.397,221323.938
SEC::LOW && DPT::DEV,SEC::LOW && DPT::$,,,,,different,TP_TP,success,32,8,success,success,968490.085,307516.369
SEC::LOW && DPT::DEV,SEC::LOW && DPT::$ && CTR::$,,,,,same,same,success,32,32,success,success,950614.590,737365.257
SEC::LOW && DPT::DEV,SEC::LOW && DPT::$ && CTR::EN,,,,,same,same,success,16,16,success,success,534581.832,462086.939
SEC::LOW && DPT::DEV,SEC::LOW && DPT::$ && CTR::FR,,,,,same,same,success,16,16,success,success,535227.478,469441.209
SEC::LOW && DPT::DEV,SEC::LOW && DPT::DEV,,,,,different,TP_TP,success,16,4,success,success,642091.468,239977.873
SEC::LOW && DPT::DEV,SEC::LOW && DPT::DEV && CTR::$,,,,,same,same,success,16,16,success,success,625112.164,443931.785
SEC::LOW && DPT::DEV,SEC::LOW && DPT::DEV && CTR::EN,,,,,same,same,success,8,8,success,success,446332.693,312205.053
SEC::LOW && DPT::DEV,SEC::LOW && DPT::DEV && CTR::FR,,,,,same,same,success,8,8,success,success,443273.601,302641.114
SEC::LOW && DPT::DEV,SEC::LOW && DPT::MKG,,,,,different,TN_TN,failure,16,4,failure,failure,835918.610,229918.003
SEC::LOW && DPT::DEV,SEC::LOW && DPT::MKG && CTR::$,,,,,same,same,failure,16,16,failure,failure,867056.045,666759.309
SEC::LOW && DPT::DEV,SEC::LOW && DPT::MKG && CTR::EN,,,,,same,same,failure,8,8,failure,failure,413023.224,368049.869
SEC::LOW && DPT::DEV,SEC::LOW && DPT::MKG && CTR::FR,,,,,same,same,failure,8,8,failure,failure,396654.384,368811.784
SEC::LOW && DPT::DEV,SEC::MED,,,,,different,TN_FP,failure,48,3,success,failure,1383527.381,195526.318
SEC::LOW && DPT::DEV,SEC::MED && CTR::$,,,,,different,TN_FP,failure,48,12,success,failure,1240242.735,694021.772
SEC::LOW && DPT::DEV,SEC::MED && CTR::EN,,,,,different,TN_FP,failure,24,6,success,failure,652683.186,297594.763
SEC::LOW && DPT::DEV,SEC::MED && CTR::FR,,,,,different,TN_FP,failure,24,6,success,failure,711854.656,355802.226
SEC::LOW && DPT::DEV,SEC::MED && DPT::$,,,,,different,TP_TP,success,48,12,success,success,1191915.140,384828.863
SEC::LOW && DPT::DEV,SEC::MED && DPT::$ && CTR::$,,,,,same,same,success,48,48,success,success,1180270.633,1014862.463
SEC::LOW && DPT::DEV,SEC::MED && DPT::$ && CTR::EN,,,,,same,same,success,24,24,success,success,713302.467,584421.162
SEC::LOW && DPT::DEV,SEC::MED && DPT::$ && CTR::FR,,,,,same,same,success,24,24,success,success,754029.636,609630.470
SEC::LOW && DPT::DEV,SEC::MED && DPT::DEV,,,,,different,TP_TP,success,24,6,success,success,727040.676,362367.721
SEC::LOW && DPT::DEV,SEC::MED && DPT::DEV && CTR::$,,,,,same,same,success,24,24,success,success,749176.973,662107.713
SEC::LOW && DPT::DEV,SEC::MED && DPT::DEV && CTR::EN,,,,,same,same,success,12,12,success,success,449422.745,501607.676
SEC::LOW && DPT::DEV,SEC::MED && DPT::DEV && CTR::FR,,,,,same,same,success,12,12,success,success,473553.839,522934.950
SEC::LOW && DPT::DEV,SEC::MED && DPT::MKG,,,,,different,TN_TN,failure,24,6,failure,failure,1139103.914,294816.226
SEC::LOW && DPT::DEV,SEC::MED && DPT::MKG && CTR::$,,,,,same,same,failure,24,24,failure,failure,1143471.286,960083.010
SEC::LOW && DPT::DEV,SEC::MED && DPT::MKG && CTR::EN,,,,,same,same,failure,12,12,failure,failure,642144.718,516135.932
SEC::LOW && DPT::DEV,SEC::MED && DPT::MKG && CTR::FR,,,,,same,same,failure,12,12,failure,failure,595257.294,528022.964
SEC::LOW && DPT::DEV && CTR::$,CTR::$,,,,,different,TN_FP,failure,80,4,success,failure,1773699.096,233331.206
SEC::LOW && DPT::DEV && CTR::$,CTR::EN,,,,,different,TN_TN,failure,40,2,failure,failure,1610100.115,147174.543
SEC::LOW && DPT::DEV && CTR::$,CTR::FR,,,,,different,TN_TN,failure,40,2,failure,failure,1659008.469,147086.703
SEC::LOW && DPT::DEV && CTR::$,DPT::$,,,,,different,TN_FP,failure,80,4,success,failure,2111768.770,221641.283
SEC::LOW && DPT::DEV && CTR::$,DPT::$ && CTR::$,,,,,different,TN_FP,failure,80,16,success,failure,1882179.413,667595.197
SEC::LOW && DPT::DEV && CTR::$,DPT::$ && CTR::EN,,,,,different,TN_TN,failure,40,8,failure,failure,1742324.394,370139.044
SEC::LOW && DPT::DEV && CTR::$,DPT::$ && CTR::FR,,,,,different,TN_TN,failure,40,8,failure,failure,1774413.746,368003.688
SEC::LOW && DPT::DEV && CTR::$,DPT::DEV,,,,,different,TN_FP,failure,40,2,success,failure,1021056.291,146634.505
SEC::LOW && DPT::DEV && CTR::$,DPT::DEV && CTR::$,,,,,different,TN_FP,failure,40,8,success,failure,1212972.132,367973.872
SEC::LOW && DPT::DEV && CTR::$,DPT::DEV && CTR::EN,,,,,different,TN_TN,failure,20,4,failure,failure,1069584.588,220773.105
SEC::LOW && DPT::DEV && CTR::$,DPT::DEV && CTR::FR,,,,,different,TN_TN,failure,20,4,failure,failure,965270.861,222199.491
SEC::LOW && DPT::DEV && CTR::$,DPT::MKG,,,,,different,TN_TN,failure,40,2,failure,failure,2235730.782,147307.742
SEC::LOW && DPT::DEV && CTR::$,DPT::MKG && CTR::$,,,,,different,TN_TN,failure,40,8,failure,failure,2085143.567,378911.944
SEC::LOW && DPT::DEV && CTR::$,DPT::MKG && CTR::EN,,,,,different,TN_TN,failure,20,4,failure,failure,1167176.336,221511.134
SEC::LOW && DPT::DEV && CTR::$,DPT::MKG && CTR::FR,,,,,different,TN_TN,failure,20,4,failure,failure,1147306.245,220953.027
SEC::LOW && DPT::DEV && CTR::$,SEC::$,,,,,different,TN_FP,failure,80,5,success,failure,1697951.076,259987.121
SEC::LOW && DPT::DEV && CTR::$,SEC::$ && CTR::$,,,,,different,TN_FP,failure,80,20,success,failure,1783877.568,823881.345
SEC::LOW && DPT::DEV && CTR::$,SEC::$ && CTR::EN,,,,,different,TN_TN,failure,40,10,failure,failure,1593759.198,462960.062
SEC::LOW && DPT::DEV && CTR::$,SEC::$ && CTR::FR,,,,,different,TN_TN,failure,40,10,failure,failure,1588924.314,447140.980
SEC::LOW && DPT::DEV && CTR::$,SEC::$ && DPT::$,,,,,different,TN_FP,failure,80,20,success,failure,1686220.608,823062.218
SEC::LOW && DPT::DEV && CTR::$,SEC::$ && DPT::$ && CTR::$,,,,,same,same,success,80,80,success,success,1645454.371,1572898.013
SEC::LOW && DPT::DEV && CTR::$,SEC::$ && DPT::$ && CTR::EN,,,,,same,same,failure,40,40,failure,failure,1586092.278,1574865.844
SEC::LOW && DPT::DEV && CTR::$,SEC::$ && DPT::$ && CTR::FR,,,,,same,same,failure,40,40,failure,failure,1593932.454,1571383.903
SEC::LOW && DPT::DEV && CTR::$,SEC::$ && DPT::DEV,,,,,different,TN_FP,failure,40,10,success,failure,871603.199,449342.474
SEC::LOW && DPT::DEV && CTR::$,SEC::$ && DPT::DEV && CTR::$,,,,,same,same,success,40,40,success,success,863139.258,878011.440
SEC::LOW && DPT::DEV && CTR::$,SEC::$ && DPT::DEV && CTR::EN,,,,,same,same,failure,20,20,failure,failure,819703.198,814001.167
SEC::LOW && DPT::DEV && CTR::$,SEC::$ && DPT::DEV && CTR::FR,,,,,same,same,failure,20,20,failure,failure,832968.150,828445.481
SEC::LOW && DPT::DEV && CTR::$,SEC::$ && DPT::MKG,,,,,different,TN_TN,failure,40,10,failure,failure,1583573.052,456035.318
SEC::LOW && DPT::DEV && CTR::$,SEC::$ && DPT::MKG && CTR::$,,,,,same,same,failure,40,40,failure,failure,1598809.151,1574183.765
SEC::LOW && DPT::DEV && CTR::$,SEC::$ && DPT::MKG && CTR::EN,,,,,same,same,failure,20,20,failure,failure,836612.160,817770.949
SEC::LOW && DPT::DEV && CTR::$,SEC::$ && DPT::MKG && CTR::FR,,,,,same,same,failure,20,20,failure,failure,823842.387,824111.272
SEC::LOW && DPT::DEV && CTR::$,SEC::HIG,,,,,different,TN_FP,failure,64,4,success,failure,1621059.322,223910.996
SEC::LOW && DPT::DEV && CTR::$,SEC::HIG && CTR::$,,,,,different,TN_FP,failure,64,16,success,failure,1518328.369,666621.049
SEC::LOW && DPT::DEV && CTR::$,SEC::HIG && CTR::EN,,,,,different,TN_TN,failure,32,8,failure,failure,1580016.711,380705.965
SEC::LOW && DPT::DEV && CTR::$,SEC::HIG && CTR::FR,,,,,different,TN_TN,failure,32,8,failure,failure,1449325.758,365656.149
SEC::LOW && DPT::DEV && CTR::$,SEC::HIG && DPT::$,,,,,different,TN_FP,failure,64,16,success,failure,1526426.089,670237.968
SEC::LOW && DPT::DEV && CTR::$,SEC::HIG && DPT::$ && CTR::$,,,,,same,same,success,64,64,success,success,1434532.008,1435533.903
SEC::LOW && DPT::DEV && CTR::$,SEC::HIG && DPT::$ && CTR::EN,,,,,same,same,failure,32,32,failure,failure,1413956.108,1266679.414
SEC::LOW && DPT::DEV && CTR::$,SEC::HIG && DPT::$ && CTR::FR,,,,,same,same,failure,32,32,failure,failure,1266238.592,1315906.066
SEC::LOW && DPT::DEV && CTR::$,SEC::HIG && DPT::DEV,,,,,different,TN_FP,failure,32,8,success,failure,856032.102,368518.714
SEC::LOW && DPT::DEV && CTR::$,SEC::HIG && DPT::DEV && CTR::$,,,,,same,same,success,32,32,success,success,899080.345,753020.233
SEC::LOW && DPT::DEV && CTR::$,SEC::HIG && DPT::DEV && CTR::EN,,,,,same,same,failure,16,16,failure,failure,752814.451,669320.267
SEC::LOW && DPT::DEV && CTR::$,SEC::HIG && DPT::DEV && CTR::FR,,,,,same,same,failure,16,16,failure,failure,813008.541,662919.321
SEC::LOW && DPT::DEV && CTR::$,SEC::HIG && DPT::MKG,,,,,different,TN_TN,failure,32,8,failure,failure,1432414.011,369248.343
SEC::LOW && DPT::DEV && CTR::$,SEC::HIG && DPT::MKG && CTR::$,,,,,same,same,failure,32,32,failure,failure,1427770.726,1286750.923
SEC::LOW && DPT::DEV && CTR::$,SEC::HIG && DPT::MKG && CTR::EN,,,,,same,same,failure,16,16,failure,failure,798507.049,669590.429
SEC::LOW && DPT::DEV && CTR::$,SEC::HIG && DPT::MKG && CTR::FR,,,,,same,same,failure,16,16,failure,failure,771805.644,673755.422
SEC::LOW && DPT::DEV && CTR::$,SEC::LOW,,,,,different,TN_FP,failure,32,2,success,failure,805565.765,148349.927
SEC::LOW && DPT::DEV && CTR::$,SEC::LOW && CTR::$,,,,,different,TN_FP,failure,32,8,success,failure,848607.069,378983.519
SEC::LOW && DPT::DEV && CTR::$,SEC::LOW && CTR::EN,,,,,different,TN_TN,failure,16,4,failure,failure,815126.598,231923.511
SEC::LOW && DPT::DEV && CTR::$,SEC::LOW && CTR::FR,,,,,different,TN_TN,failure,16,4,failure,failure,775754.311,225473.717
SEC::LOW && DPT::DEV && CTR::$,SEC::LOW && DPT::$,,,,,different,TN_FP,failure,32,8,success,failure,843304.162,368839.551
SEC::LOW && DPT::DEV && CTR::$,SEC::LOW && DPT::$ && CTR::$,,,,,same,same,success,32,32,success,success,850232.684,802331.068
SEC::LOW && DPT::DEV && CTR::$,SEC::LOW && DPT::$ && CTR::EN,,,,,same,same,failure,16,16,failure,failure,738321.672,671812.903
SEC::LOW && DPT::DEV && CTR::$,SEC::LOW && DPT::$ && CTR::FR,,,,,same,same,failure,16,16,failure,failure,749136.838,663559.372
SEC::LOW && DPT::DEV && CTR::$,SEC::LOW && DPT::DEV,,,,,different,TN_FP,failure,16,4,success,failure,542951.972,232806.467
SEC::LOW && DPT::DEV && CTR::$,SEC::LOW && DPT::DEV && CTR::$,,,,,same,same,success,16,16,success,success,518978.939,466426.805
SEC::LOW && DPT::DEV && CTR::$,SEC::LOW && DPT::DEV && CTR::EN,,,,,same,same,failure,8,8,failure,failure,440614.052,370308.421
SEC::LOW && DPT::DEV && CTR::$,SEC::LOW && DPT::DEV && CTR::FR,,,,,same,same,failure,8,8,failure,failure,380360.386,370117.974
SEC::LOW && DPT::DEV && CTR::$,SEC::LOW && DPT::MKG,,,,,different,TN_TN,failure,16,4,failure,failure,776806.179,227989.160
SEC::LOW && DPT::DEV && CTR::$,SEC::LOW && DPT::MKG && CTR::$,,,,,same,same,failure,16,16,failure,failure,726215.649,665046.416
SEC::LOW && DPT::DEV && CTR::$,SEC::LOW && DPT::MKG && CTR::EN,,,,,same,same,failure,8,8,failure,failure,439619.431,381890.937
SEC::LOW && DPT::DEV && CTR::$,SEC::LOW && DPT::MKG && CTR::FR,,,,,same,same,failure,8,8,failure,failure,410956.567,369069.778
SEC::LOW && DPT::DEV && CTR::$,SEC::MED,,,,,different,TN_FP,failure,48,3,success,failure,1195455.721,184480.935
SEC::LOW && DPT::DEV && CTR::$,SEC::MED && CTR::$,,,,,different,TN_FP,failure,48,12,success,failure,1381340.008,520777.273
SEC::LOW && DPT::DEV && CTR::$,SEC::MED && CTR::EN,,,,,different,TN_TN,failure,24,6,failure,failure,1077366.636,296413.477
SEC::LOW && DPT::DEV && CTR::$,SEC::MED && CTR::FR,,,,,different,TN_TN,failure,24,6,failure,failure,1100060.763,299407.433
SEC::LOW && DPT::DEV && CTR::$,SEC::MED && DPT::$,,,,,different,TN_FP,failure,48,12,success,failure,1175059.984,522900.450
SEC::LOW && DPT::DEV && CTR::$,SEC::MED && DPT::$ && CTR::$,,,,,same,same,success,48,48,success,success,1120811.837,1097770.202
SEC::LOW && DPT::DEV && CTR::$,SEC::MED && DPT::$ && CTR::EN,,,,,same,same,failure,24,24,failure,failure,1090217.821,968358.689
SEC::LOW && DPT::DEV && CTR::$,SEC::MED && DPT::$ && CTR::FR,,,,,same,same,failure,24,24,failure,failure,1066623.388,977218.056
SEC::LOW && DPT::DEV && CTR::$,SEC::MED && DPT::DEV,,,,,different,TN_FP,failure,24,6,success,failure,689596.781,299064.215
SEC::LOW && DPT::DEV && CTR::$,SEC::MED && DPT::DEV && CTR::$,,,,,same,same,success,24,24,success,success,754280.282,625152.885
SEC::LOW && DPT::DEV && CTR::$,SEC::MED && DPT::DEV && CTR::EN,,,,,same,same,failure,12,12,failure,failure,569230.965,521028.720
SEC::LOW && DPT::DEV && CTR::$,SEC::MED && DPT::DEV && CTR::FR,,,,,same,same,failure,12,12,failure,failure,634873.890,527425.198
SEC::LOW && DPT::DEV && CTR::$,SEC::MED && DPT::MKG,,,,,different,TN_TN,failure,24,6,failure,failure,1191508.106,296339.198
SEC::LOW && DPT::DEV && CTR::$,SEC::MED && DPT::MKG && CTR::$,,,,,same,same,failure,24,24,failure,failure,1234740.359,970071.005
SEC::LOW && DPT::DEV && CTR::$,SEC::MED && DPT::MKG && CTR::EN,,,,,same,same,failure,12,12,failure,failure,605497.527,529850.051
SEC::LOW && DPT::DEV && CTR::$,SEC::MED && DPT::MKG && CTR::FR,,,,,same,same,failure,12,12,failure,failure,729277.312,524788.898
SEC::LOW && DPT::DEV && CTR::EN,CTR::$,,,,,different,TN_FP,failure,80,4,success,failure,1730513.180,221022.503
SEC::LOW && DPT::DEV && CTR::EN,CTR::EN,,,,,different,TN_FP,failure,40,2,success,failure,893560.451,149517.818
SEC::LOW && DPT::DEV && CTR::EN,CTR::FR,,,,,different,TN_TN,failure,40,2,failure,failure,1588268.535,147878.919
SEC::LOW && DPT::DEV && CTR::EN,DPT::$,,,,,different,TN_FP,failure,80,4,success,failure,2142467.733,221834.336
SEC::LOW && DPT::DEV && CTR::EN,DPT::$ && CTR::$,,,,,different,TN_FP,failure,80,16,success,failure,1938633.747,672399.819
SEC::LOW && DPT::DEV && CTR::EN,DPT::$ && CTR::EN,,,,,different,TN_FP,failure,40,8,success,failure,1211773.279,372291.580
SEC::LOW && DPT::DEV && CTR::EN,DPT::$ && CTR::FR,,,,,different,TN_TN,failure,40,8,failure,failure,2115260.875,368982.269
SEC::LOW && DPT::DEV && CTR::EN,DPT::DEV,,,,,different,TN_FP,failure,40,2,success,failure,893863.699,147228.604
SEC::LOW && DPT::DEV && CTR::EN,DPT::DEV && CTR::$,,,,,different,TN_FP,failure,40,8,success,failure,983894.130,385221.865
SEC::LOW && DPT::DEV && CTR::EN,DPT::DEV && CTR::EN,,,,,different,TN_FP,failure,20,4,success,failure,544168.900,233153.633
SEC::LOW && DPT::DEV && CTR::EN,DPT::DEV && CTR::FR,,,,,different,TN_TN,failure,20,4,failure,failure,838262.200,223738.768
SEC::LOW && DPT::DEV && CTR::EN,DPT::MKG,,,,,different,TN_TN,failure,40,2,failure,failure,1649351.781,147817.538
SEC::LOW && DPT::DEV && CTR::EN,DPT::MKG && CTR::$,,,,,different,TN_TN,failure,40,8,failure,failure,1844536.694,378512.655
SEC::LOW && DPT::DEV && CTR::EN,DPT::MKG && CTR::EN,,,,,different,TN_TN,failure,20,4,failure,failure,902513.980,225148.427
SEC::LOW && DPT::DEV && CTR::EN,DPT::MKG && CTR::FR,,,,,different,TN_TN,failure,20,4,failure,failure,935868.740,222782.960
SEC::LOW && DPT::DEV && CTR::EN,SEC::$,,,,,different,TN_FP,failure,80,5,success,failure,2059203.621,263473.751
SEC::LOW && DPT::DEV && CTR::EN,SEC::$ && CTR::$,,,,,different,TN_FP,failure,80,20,success,failure,1981501.466,825379.992
SEC::LOW && DPT::DEV && CTR::EN,SEC::$ && CTR::EN,,,,,different,TN_FP,failure,40,10,success,failure,1011206.005,473364.052
SEC::LOW && DPT::DEV && CTR::EN,SEC::$ && CTR::FR,,,,,different,TN_TN,failure,40,10,failure,failure,1810784.985,455992.568
SEC::LOW && DPT::DEV && CTR::EN,SEC::$ && DPT::$,,,,,different,TN_FP,failure,80,20,success,failure,1761227.522,816580.240
SEC::LOW && DPT::DEV && CTR::EN,SEC::$ && DPT::$ && CTR::$,,,,,same,same,success,80,80,success,success,1675665.785,1648334.553
SEC::LOW && DPT::DEV && CTR::EN,SEC::$ && DPT::$ && CTR::EN,,,,,same,same,success,40,40,success,success,893494.186,956655.988
SEC::LOW && DPT::DEV && CTR::EN,SEC::$ && DPT::$ && CTR::FR,,,,,same,same,failure,40,40,failure,failure,1584076.436,1574264.160
SEC::LOW && DPT::DEV && CTR::EN,SEC::$ && DPT::DEV,,,,,different,TN_FP,failure,40,10,success,failure,1044047.031,459663.785
SEC::LOW && DPT::DEV && CTR::EN,SEC::$ && DPT::DEV && CTR::$,,,,,same,same,success,40,40,success,success,895549.738,936956.451
SEC::LOW && DPT::DEV && CTR::EN,SEC::$ && DPT::DEV && CTR::EN,,,,,same,same,success,20,20,success,success,576883.855,544083.700
SEC::LOW && DPT::DEV && CTR::EN,SEC::$ && DPT::DEV && CTR::FR,,,,,same,same,failure,20,20,failure,failure,881060.459,835369.664
SEC::LOW && DPT::DEV && CTR::EN,SEC::$ && DPT::MKG,,,,,different,TN_TN,failure,40,10,failure,failure,1584026.478,459483.100
SEC::LOW && DPT::DEV && CTR::EN,SEC::$ && DPT::MKG && CTR::$,,,,,same,same,failure,40,40,failure,failure,1589193.539,1566021.720
SEC::LOW && DPT::DEV && CTR::EN,SEC::$ && DPT::MKG && CTR::EN,,,,,same,same,failure,20,20,failure,failure,834512.978,814860.590
SEC::LOW && DPT::DEV && CTR::EN,SEC::$ && DPT::MKG && CTR::FR,,,,,same,same,failure,20,20,failure,failure,827845.591,817994.373
SEC::LOW && DPT::DEV && CTR::EN,SEC::HIG,,,,,different,TN_FP,failure,64,4,success,failure,1501201.924,224258.062
SEC::LOW && DPT::DEV && CTR::EN,SEC::HIG && CTR::$,,,,,different,TN_FP,failure,64,16,success,failure,1500642.936,666729.297
SEC::LOW && DPT::DEV && CTR::EN,SEC::HIG && CTR::EN,,,,,different,TN_FP,failure,32,8,success,failure,864462.245,381975.145
SEC::LOW && DPT::DEV && CTR::EN,SEC::HIG && CTR::FR,,,,,different,TN_TN,failure,32,8,failure,failure,1461023.350,369809.264
SEC::LOW && DPT::DEV && CTR::EN,SEC::HIG && DPT::$,,,,,different,TN_FP,failure,64,16,success,failure,1444496.194,679302.451
SEC::LOW && DPT::DEV && CTR::EN,SEC::HIG && DPT::$ && CTR::$,,,,,same,same,success,64,64,success,success,1677328.163,1400401.027
SEC::LOW && DPT::DEV && CTR::EN,SEC::HIG && DPT::$ && CTR::EN,,,,,same,same,success,32,32,success,success,847288.456,750107.154
SEC::LOW && DPT::DEV && CTR::EN,SEC::HIG && DPT::$ && CTR::FR,,,,,same,same,failure,32,32,failure,failure,1413667.036,1273057.472
SEC::LOW && DPT::DEV && CTR::EN,SEC::HIG && DPT::DEV,,,,,different,TN_FP,failure,32,8,success,failure,948140.374,367530.230
SEC::LOW && DPT::DEV && CTR::EN,SEC::HIG && DPT::DEV && CTR::$,,,,,same,same,success,32,32,success,success,884231.517,824615.453
SEC::LOW && DPT::DEV && CTR::EN,SEC::HIG && DPT::DEV && CTR::EN,,,,,same,same,success,16,16,success,success,633273.448,456048.398
SEC::LOW && DPT::DEV && CTR::EN,SEC::HIG && DPT::DEV && CTR::FR,,,,,same,same,failure,16,16,failure,failure,774467.983,660573.801
SEC::LOW && DPT::DEV && CTR::EN,SEC::HIG && DPT::MKG,,,,,different,TN_TN,failure,32,8,failure,failure,1391110.916,368285.476
SEC::LOW && DPT::DEV && CTR::EN,SEC::HIG && DPT::MKG && CTR::$,,,,,same,same,failure,32,32,failure,failure,1463029.002,1264268.747
SEC::LOW && DPT::DEV && CTR::EN,SEC::HIG && DPT::MKG && CTR::EN,,,,,same,same,failure,16,16,failure,failure,726980.473,665646.081
SEC::LOW && DPT::DEV && CTR::EN,SEC::HIG && DPT::MKG && CTR::FR,,,,,same,same,failure,16,16,failure,failure,742750.659,662856.653
SEC::LOW && DPT::DEV && CTR::EN,SEC::LOW,,,,,different,TN_FP,failure,32,2,success,failure,967452.353,147589.140
SEC::LOW && DPT::DEV && CTR::EN,SEC::LOW && CTR::$,,,,,different,TN_FP,failure,32,8,success,failure,993860.358,369354.281
SEC::LOW && DPT::DEV && CTR::EN,SEC::LOW && CTR::EN,,,,,different,TN_FP,failure,16,4,success,failure,482845.552,221342.393
SEC::LOW && DPT::DEV && CTR::EN,SEC::LOW && CTR::FR,,,,,different,TN_TN,failure,16,4,failure,failure,773938.505,221140.309
SEC::LOW && DPT::DEV && CTR::EN,SEC::LOW && DPT::$,,,,,different,TN_FP,failure,32,8,success,failure,951875.490,374840.146
SEC::LOW && DPT::DEV && CTR::EN,SEC::LOW && DPT::$ && CTR::$,,,,,same,same,success,32,32,success,success,909742.835,742337.730
SEC::LOW && DPT::DEV && CTR::EN,SEC::LOW && DPT::$ && CTR::EN,,,,,same,same,success,16,16,success,success,522573.041,448901.072
SEC::LOW && DPT::DEV && CTR::EN,SEC::LOW && DPT::$ && CTR::FR,,,,,same,same,failure,16,16,failure,failure,789649.535,666800.306
SEC::LOW && DPT::DEV && CTR::EN,SEC::LOW && DPT::DEV,,,,,different,TN_FP,failure,16,4,success,failure,592928.034,220976.492
SEC::LOW && DPT::DEV && CTR::EN,SEC::LOW && DPT::DEV && CTR::$,,,,,same,same,success,16,16,success,success,489912.628,481694.032
SEC::LOW && DPT::DEV && CTR::EN,SEC::LOW && DPT::DEV && CTR::EN,,,,,same,same,success,8,8,success,success,330579.634,315588.580
SEC::LOW && DPT::DEV && CTR::EN,SEC::LOW && DPT::DEV && CTR::FR,,,,,same,same,failure,8,8,failure,failure,420554.380,372288.710
SEC::LOW && DPT::DEV && CTR::EN,SEC::LOW && DPT::MKG,,,,,different,TN_TN,failure,16,4,failure,failure,840651.527,221344.797
SEC::LOW && DPT::DEV && CTR::EN,SEC::LOW && DPT::MKG && CTR::$,,,,,same,same,failure,16,16,failure,failure,755752.337,674175.745
SEC::LOW && DPT::DEV && CTR::EN,SEC::LOW && DPT::MKG && CTR::EN,,,,,same,same,failure,8,8,failure,failure,450044.486,369627.679
SEC::LOW && DPT::DEV && CTR::EN,SEC::LOW && DPT::MKG && CTR::FR,,,,,same,same,failure,8,8,failure,failure,505887.303,384486.510
SEC::LOW && DPT::DEV && CTR::EN,SEC::MED,,,,,different,TN_FP,failure,48,3,success,failure,1218161.005,251468.097
SEC::LOW && DPT::DEV && CTR::EN,SEC::MED && CTR::$,,,,,different,TN_FP,failure,48,12,success,failure,1207951.335,702083.689
SEC::LOW && DPT::DEV && CTR::EN,SEC::MED && CTR::EN,,,,,different,TN_FP,failure,24,6,success,failure,677312.263,402430.404
SEC::LOW && DPT::DEV && CTR::EN,SEC::MED && CTR::FR,,,,,different,TN_TN,failure,24,6,failure,failure,1084625.156,402085.306
SEC::LOW && DPT::DEV && CTR::EN,SEC::MED && DPT::$,,,,,different,TN_FP,failure,48,12,success,failure,1127318.914,593670.762
SEC::LOW && DPT::DEV && CTR::EN,SEC::MED && DPT::$ && CTR::$,,,,,same,same,success,48,48,success,success,1235229.351,1027255.258
SEC::LOW && DPT::DEV && CTR::EN,SEC::MED && DPT::$ && CTR::EN,,,,,same,same,success,24,24,success,success,660336.726,599584.505
SEC::LOW && DPT::DEV && CTR::EN,SEC::MED && DPT::$ && CTR::FR,,,,,same,same,failure,24,24,failure,failure,1039316.157,967831.039
SEC::LOW && DPT::DEV && CTR::EN,SEC::MED && DPT::DEV,,,,,different,TN_FP,failure,24,6,success,failure,713884.118,399449.573
SEC::LOW && DPT::DEV && CTR::EN,SEC::MED && DPT::DEV && CTR::$,,,,,same,same,success,24,24,success,success,665783.623,827722.164
SEC::LOW && DPT::DEV && CTR::EN,SEC::MED && DPT::DEV && CTR::EN,,,,,same,same,success,12,12,success,success,396354.997,510314.848
SEC::LOW && DPT::DEV && CTR::EN,SEC::MED && DPT::DEV && CTR::FR,,,,,same,same,failure,12,12,failure,failure,563951.262,701828.936
SEC::LOW && DPT::DEV && CTR::EN,SEC::MED && DPT::MKG,,,,,different,TN_TN,failure,24,6,failure,failure,1084366.005,394438.097
SEC::LOW && DPT::DEV && CTR::EN,SEC::MED && DPT::MKG && CTR::$,,,,,same,same,failure,24,24,failure,failure,1123580.551,1306002.023
SEC::LOW && DPT::DEV && CTR::EN,SEC::MED && DPT::MKG && CTR::EN,,,,,same,same,failure,12,12,failure,failure,565884.207,691603.450
SEC::LOW && DPT::DEV && CTR::EN,SEC::MED && DPT::MKG && CTR::FR,,,,,same,same,failure,12,12,failure,failure,601254.659,696659.113
SEC::LOW && DPT::DEV && CTR::FR,CTR::$,,,,,different,TN_FP,failure,80,4,success,failure,1651945.942,224392.209
SEC::LOW && DPT::DEV && CTR::FR,CTR::EN,,,,,different,TN_TN,failure,40,2,failure,failure,1592879.634,147253.962
SEC::LOW && DPT::DEV && CTR::FR,CTR::FR,,,,,different,TN_FP,failure,40,2,success,failure,882377.419,147342.547
SEC::LOW && DPT::DEV && CTR::FR,DPT::$,,,,,different,TN_FP,failure,80,4,success,failure,2206791.203,222410.622
SEC::LOW && DPT::DEV && CTR::FR,DPT::$ && CTR::$,,,,,different,TN_FP,failure,80,16,success,failure,2139345.467,664562.883
SEC::LOW && DPT::DEV && CTR::FR,DPT::$ && CTR::EN,,,,,different,TN_TN,failure,40,8,failure,failure,2215188.138,368171.708
SEC::LOW && DPT::DEV && CTR::FR,DPT::$ && CTR::FR,,,,,different,TN_FP,failure,40,8,success,failure,1126977.047,370749.779
SEC::LOW && DPT::DEV && CTR::FR,DPT::DEV,,,,,different,TN_FP,failure,40,2,success,failure,908887.110,149021.878
SEC::LOW && DPT::DEV && CTR::FR,DPT::DEV && CTR::$,,,,,different,TN_FP,failure,40,8,success,failure,969485.111,374833.459
SEC::LOW && DPT::DEV && CTR::FR,DPT::DEV && CTR::EN,,,,,different,TN_TN,failure,20,4,failure,failure,837472.013,223474.848
SEC::LOW && DPT::DEV && CTR::FR,DPT::DEV && CTR::FR,,,,,different,TN_FP,failure,20,4,success,failure,532985.873,225445.625
SEC::LOW && DPT::DEV && CTR::FR,DPT::MKG,,,,,different,TN_TN,failure,40,2,failure,failure,1670726.375,149868.626
SEC::LOW && DPT::DEV && CTR::FR,DPT::MKG && CTR::$,,,,,different,TN_TN,failure,40,8,failure,failure,1927399.063,370472.860
SEC::LOW && DPT::DEV && CTR::FR,DPT::MKG && CTR::EN,,,,,different,TN_TN,failure,20,4,failure,failure,927293.736,221071.229
SEC::LOW && DPT::DEV && CTR::FR,DPT::MKG && CTR::FR,,,,,different,TN_TN,failure,20,4,failure,failure,915731.388,231020.753
SEC::LOW && DPT::DEV && CTR::FR,SEC::$,,,,,different,TN_FP,failure,80,5,success,failure,1801248.397,260473.909
SEC::LOW && DPT::DEV && CTR::FR,SEC::$ && CTR::$,,,,,different,TN_FP,failure,80,20,success,failure,1873549.790,821655.676
SEC::LOW && DPT::DEV && CTR::FR,SEC::$ && CTR::EN,,,,,different,TN_TN,failure,40,10,failure,failure,1748718.328,447959.621
SEC::LOW && DPT::DEV && CTR::FR,SEC::$ && CTR::FR,,,,,different,TN_FP,failure,40,10,success,failure,981437.461,455012.144
SEC::LOW && DPT::DEV && CTR::FR,SEC::$ && DPT::$,,,,,different,TN_FP,failure,80,20,success,failure,1662312.683,822879.416
SEC::LOW && DPT::DEV && CTR::FR,SEC::$ && DPT::$ && CTR::$,,,,,same,same,success,80,80,success,success,1627243.411,1699827.035
SEC::LOW && DPT::DEV && CTR::FR,SEC::$ && DPT::$ && CTR::EN,,,,,same,same,failure,40,40,failure,failure,1584782.906,1576762.972
SEC::LOW && DPT::DEV && CTR::FR,SEC::$ && DPT::$ && CTR::FR,,,,,same,same,success,40,40,success,success,941477.441,876170.537
SEC::LOW && DPT::DEV && CTR::FR,SEC::$ && DPT::DEV,,,,,different,TN_FP,failure,40,10,success,failure,971647.764,458693.680
SEC::LOW && DPT::DEV && CTR::FR,SEC::$ && DPT::DEV && CTR::$,,,,,same,same,success,40,40,success,success,917456.770,885112.169
SEC::LOW && DPT::DEV && CTR::FR,SEC::$ && DPT::DEV && CTR::EN,,,,,same,same,failure,20,20,failure,failure,901685.125,834146.696
SEC::LOW && DPT::DEV && CTR::FR,SEC::$ && DPT::DEV && CTR::FR,,,,,same,same,success,20,20,success,success,522177.524,522841.309
SEC::LOW && DPT::DEV && CTR::FR,SEC::$ && DPT::MKG,,,,,different,TN_TN,failure,40,10,failure,failure,1576571.263,447395.006
SEC::LOW && DPT::DEV && CTR::FR,SEC::$ && DPT::MKG && CTR::$,,,,,same,same,failure,40,40,failure,failure,1583931.258,1565136.700
SEC::LOW && DPT::DEV && CTR::FR,SEC::$ && DPT::MKG && CTR::EN,,,,,same,same,failure,20,20,failure,failure,823185.880,834761.885
SEC::LOW && DPT::DEV && CTR::FR,SEC::$ && DPT::MKG && CTR::FR,,,,,same,same,failure,20,20,failure,failure,825604.929,821705.720
SEC::LOW && DPT::DEV && CTR::FR,SEC::HIG,,,,,different,TN_FP,failure,64,4,success,failure,1707861.551,221307.307
SEC::LOW && DPT::DEV && CTR::FR,SEC::HIG && CTR::$,,,,,different,TN_FP,failure,64,16,success,failure,1537887.277,667085.641
SEC::LOW && DPT::DEV && CTR::FR,SEC::HIG && CTR::EN,,,,,different,TN_TN,failure,32,8,failure,failure,1452903.008,382225.539
SEC::LOW && DPT::DEV && CTR::FR,SEC::HIG && CTR::FR,,,,,different,TN_FP,failure,32,8,success,failure,825945.968,370214.951
SEC::LOW && DPT::DEV && CTR::FR,SEC::HIG && DPT::$,,,,,different,TN_FP,failure,64,16,success,failure,1654195.762,660357.435
SEC::LOW && DPT::DEV && CTR::FR,SEC::HIG && DPT::$ && CTR::$,,,,,same,same,success,64,64,success,success,1551568.955,1321656.788
SEC::LOW && DPT::DEV && CTR::FR,SEC::HIG && DPT::$ && CTR::EN,,,,,same,same,failure,32,32,failure,failure,1521124.129,1256974.314
SEC::LOW && DPT::DEV && CTR::FR,SEC::HIG && DPT::$ && CTR::FR,,,,,same,same,success,32,32,success,success,864169.365,727905.293
SEC::LOW && DPT::DEV && CTR::FR,SEC::HIG && DPT::DEV,,,,,different,TN_FP,failure,32,8,success,failure,813000.826,370810.703
SEC::LOW && DPT::DEV && CTR::FR,SEC::HIG && DPT::DEV && CTR::$,,,,,same,same,success,32,32,success,success,921972.129,732089.777
SEC::LOW && DPT::DEV && CTR::FR,SEC::HIG && DPT::DEV && CTR::EN,,,,,same,same,failure,16,16,failure,failure,733553.668,682792.924
SEC::LOW && DPT::DEV && CTR::FR,SEC::HIG && DPT::DEV && CTR::FR,,,,,same,same,success,16,16,success,success,517130.607,445304.420
SEC::LOW && DPT::DEV && CTR::FR,SEC::HIG && DPT::MKG,,,,,different,TN_TN,failure,32,8,failure,failure,1444512.559,370724.948
SEC::LOW && DPT::DEV && CTR::FR,SEC::HIG && DPT::MKG && CTR::$,,,,,same,same,failure,32,32,failure,failure,1445731.336,1255801.063
SEC::LOW && DPT::DEV && CTR::FR,SEC::HIG && DPT::MKG && CTR::EN,,,,,same,same,failure,16,16,failure,failure,760832.306,660027.571
SEC::LOW && DPT::DEV && CTR::FR,SEC::HIG && DPT::MKG && CTR::FR,,,,,same,same,failure,16,16,failure,failure,737834.248,669436.220
SEC::LOW && DPT::DEV && CTR::FR,SEC::LOW,,,,,different,TN_FP,failure,32,2,success,failure,865739.541,146686.813
SEC::LOW && DPT::DEV && CTR::FR,SEC::LOW && CTR::$,,,,,different,TN_FP,failure,32,8,success,failure,966230.517,374070.823
SEC::LOW && DPT::DEV && CTR::FR,SEC::LOW && CTR::EN,,,,,different,TN_TN,failure,16,4,failure,failure,774522.897,220623.910
SEC::LOW && DPT::DEV && CTR::FR,SEC::LOW && CTR::FR,,,,,different,TN_FP,failure,16,4,success,failure,549126.829,222399.997
SEC::LOW && DPT::DEV && CTR::FR,SEC::LOW && DPT::$,,,,,different,TN_FP,failure,32,8,success,failure,841238.027,381930.085
SEC::LOW && DPT::DEV && CTR::FR,SEC::LOW && DPT::$ && CTR::$,,,,,same,same,success,32,32,success,success,902624.458,765405.199
SEC::LOW && DPT::DEV && CTR::FR,SEC::LOW && DPT::$ && CTR::EN,,,,,same,same,failure,16,16,failure,failure,763098.818,666634.975
SEC::LOW && DPT::DEV && CTR::FR,SEC::LOW && DPT::$ && CTR::FR,,,,,same,same,success,16,16,success,success,565263.042,447135.149
SEC::LOW && DPT::DEV && CTR::FR,SEC::LOW && DPT::DEV,,,,,different,TN_FP,failure,16,4,success,failure,636841.541,237530.848
SEC::LOW && DPT::DEV && CTR::FR,SEC::LOW && DPT::DEV && CTR::$,,,,,same,same,success,16,16,success,success,677303.387,448367.254
SEC::LOW && DPT::DEV && CTR::FR,SEC::LOW && DPT::DEV && CTR::EN,,,,,same,same,failure,8,8,failure,failure,520194.124,370730.412
SEC::LOW && DPT::DEV && CTR::FR,SEC::LOW && DPT::DEV && CTR::FR,,,,,same,same,success,8,8,success,success,434871.485,298003.996
SEC::LOW && DPT::DEV && CTR::FR,SEC::LOW && DPT::MKG,,,,,different,TN_TN,failure,16,4,failure,failure,771086.981,221591.270
SEC::LOW && DPT::DEV && CTR::FR,SEC::LOW && DPT::MKG && CTR::$,,,,,same,same,failure,16,16,failure,failure,788730.266,683983.086
SEC::LOW && DPT::DEV && CTR::FR,SEC::LOW && DPT::MKG && CTR::EN,,,,,same,same,failure,8,8,failure,failure,414251.653,377380.145
SEC::LOW && DPT::DEV && CTR::FR,SEC::LOW && DPT::MKG && CTR::FR,,,,,same,same,failure,8,8,failure,failure,414822.292,373254.507
SEC::LOW && DPT::DEV && CTR::FR,SEC::MED,,,,,different,TN_FP,failure,48,3,success,failure,1325941.559,183802.372
SEC::LOW && DPT::DEV && CTR::FR,SEC::MED && CTR::$,,,,,different,TN_FP,failure,48,12,success,failure,1125297.867,517023.046
SEC::LOW && DPT::DEV && CTR::FR,SEC::MED && CTR::EN,,,,,different,TN_TN,failure,24,6,failure,failure,1065295.468,294835.793
SEC::LOW && DPT::DEV && CTR::FR,SEC::MED && CTR::FR,,,,,different,TN_FP,failure,24,6,success,failure,670103.707,294873.980
SEC::LOW && DPT::DEV && CTR::FR,SEC::MED && DPT::$,,,,,different,TN_FP,failure,48,12,success,failure,1150396.150,531976.625
SEC::LOW && DPT::DEV && CTR::FR,SEC::MED && DPT::$ && CTR::$,,,,,same,same,success,48,48,success,success,1240635.302,1025100.767
SEC::LOW && DPT::DEV && CTR::FR,SEC::MED && DPT::$ && CTR::EN,,,,,same,same,failure,24,24,failure,failure,1073053.054,966713.172
SEC::LOW && DPT::DEV && CTR::FR,SEC::MED && DPT::$ && CTR::FR,,,,,same,same,success,24,24,success,success,801443.819,612399.994
SEC::LOW && DPT::DEV && CTR::FR,SEC::MED && DPT::DEV,,,,,different,TN_FP,failure,24,6,success,failure,653016.511,310496.098
SEC::LOW && DPT::DEV && CTR::FR,SEC::MED && DPT::DEV && CTR::$,,,,,same,same,success,24,24,success,success,785922.659,604155.970
SEC::LOW && DPT::DEV && CTR::FR,SEC::MED && DPT::DEV && CTR::EN,,,,,same,same,failure,12,12,failure,failure,575254.248,517125.292
SEC::LOW && DPT::DEV && CTR::FR,SEC::MED && DPT::DEV && CTR::FR,,,,,same,same,success,12,12,success,success,423147.749,368223.761
SEC::LOW && DPT::DEV && CTR::FR,SEC::MED && DPT::MKG,,,,,different,TN_TN,failure,24,6,failure,failure,1099450.144,294545.258
SEC::LOW && DPT::DEV && CTR::FR,SEC::MED && DPT::MKG && CTR::$,,,,,same,same,failure,24,24,failure,failure,1051228.842,969425.720
SEC::LOW && DPT::DEV && CTR::FR,SEC::MED && DPT::MKG && CTR::EN,,,,,same,same,failure,12,12,failure,failure,600696.301,517917.785
SEC::LOW && DPT::DEV && CTR::FR,SEC::MED && DPT::MKG && CTR::FR,,,,,same,same,failure,12,12,failure,failure,609347.608,532076.627
SEC::LOW && DPT::MKG,CTR::$,,,,,different,TN_FP,failure,80,4,success,failure,1803959.978,235807.561
SEC::LOW && DPT::MKG,CTR::EN,,,,,different,TN_FP,failure,40,2,success,failure,945543.132,157417.551
SEC::LOW && DPT::MKG,CTR::FR,,,,,different,TN_FP,failure,40,2,success,failure,941287.750,166184.736
SEC::LOW && DPT::MKG,DPT::$,,,,,different,TN_FP,failure,80,4,success,failure,2401372.965,236969.861
SEC::LOW && DPT::MKG,DPT::$ && CTR::$,,,,,different,TN_FP,failure,80,16,success,failure,2025526.877,724177.105
SEC::LOW && DPT::MKG,DPT::$ && CTR::EN,,,,,different,TN_FP,failure,40,8,success,failure,1120080.251,394105.599
SEC::LOW && DPT::MKG,DPT::$ && CTR::FR,,,,,different,TN_FP,failure,40,8,success,failure,1108283.448,399160.034
SEC::LOW && DPT::MKG,DPT::DEV,,,,,different,TN_TN,failure,40,2,failure,failure,1946932.744,157514.934
SEC::LOW && DPT::MKG,DPT::DEV && CTR::$,,,,,different,TN_TN,failure,40,8,failure,failure,2108602.461,393919.755
SEC::LOW && DPT::MKG,DPT::DEV && CTR::EN,,,,,different,TN_TN,failure,20,4,failure,failure,997006.660,236992.208
SEC::LOW && DPT::MKG,DPT::DEV && CTR::FR,,,,,different,TN_TN,failure,20,4,failure,failure,1083597.117,235785.234
SEC::LOW && DPT::MKG,DPT::MKG,,,,,different,TN_FP,failure,40,2,success,failure,1344169.410,157382.946
SEC::LOW && DPT::MKG,DPT::MKG && CTR::$,,,,,different,TN_FP,failure,40,8,success,failure,1204721.902,394328.912
SEC::LOW && DPT::MKG,DPT::MKG && CTR::EN,,,,,different,TN_FP,failure,20,4,success,failure,800956.279,242196.971
SEC::LOW && DPT::MKG,DPT::MKG && CTR::FR,,,,,different,TN_FP,failure,20,4,success,failure,816462.109,250366.856
SEC::LOW && DPT::MKG,SEC::$,,,,,different,TN_FP,failure,80,5,success,failure,2023360.012,280429.942
SEC::LOW && DPT::MKG,SEC::$ && CTR::$,,,,,different,TN_FP,failure,80,20,success,failure,1692313.457,884193.772
SEC::LOW && DPT::MKG,SEC::$ && CTR::EN,,,,,different,TN_FP,failure,40,10,success,failure,1108065.644,492622.437
SEC::LOW && DPT::MKG,SEC::$ && CTR::FR,,,,,different,TN_FP,failure,40,10,success,failure,1064047.457,476085.432
SEC::LOW && DPT::MKG,SEC::$ && DPT::$,,,,,different,TP_TP,success,80,20,success,success,1686897.617,597626.753
SEC::LOW && DPT::MKG,SEC::$ && DPT::$ && CTR::$,,,,,same,same,success,80,80,success,success,2427538.160,1837914.157
SEC::LOW && DPT::MKG,SEC::$ && DPT::$ && CTR::EN,,,,,same,same,success,40,40,success,success,1174285.697,966230.492
SEC::LOW && DPT::MKG,SEC::$ && DPT::$ && CTR::FR,,,,,same,same,success,40,40,success,success,1432038.271,934690.992
SEC::LOW && DPT::MKG,SEC::$ && DPT::DEV,,,,,different,TN_TN,failure,40,10,failure,failure,1669984.984,482110.549
SEC::LOW && DPT::MKG,SEC::$ && DPT::DEV && CTR::$,,,,,same,same,failure,40,40,failure,failure,1670714.998,1669733.752
SEC::LOW && DPT::MKG,SEC::$ && DPT::DEV && CTR::EN,,,,,same,same,failure,20,20,failure,failure,869539.824,878994.629
SEC::LOW && DPT::MKG,SEC::$ && DPT::DEV && CTR::FR,,,,,same,same,failure,20,20,failure,failure,868785.123,880329.067
SEC::LOW && DPT::MKG,SEC::$ && DPT::MKG,,,,,different,TP_TP,success,40,10,success,success,1000380.669,361328.502
SEC::LOW && DPT::MKG,SEC::$ && DPT::MKG && CTR::$,,,,,same,same,success,40,40,success,success,933316.088,1012123.892
SEC::LOW && DPT::MKG,SEC::$ && DPT::MKG && CTR::EN,,,,,same,same,success,20,20,success,success,544817.907,598245.914
SEC::LOW && DPT::MKG,SEC::$ && DPT::MKG && CTR::FR,,,,,same,same,success,20,20,success,success,591741.605,578864.785
SEC::LOW && DPT::MKG,SEC::HIG,,,,,different,TN_FP,failure,64,4,success,failure,1663188.816,235280.101
SEC::LOW && DPT::MKG,SEC::HIG && CTR::$,,,,,different,TN_FP,failure,64,16,success,failure,1729347.879,706401.648
SEC::LOW && DPT::MKG,SEC::HIG && CTR::EN,,,,,different,TN_FP,failure,32,8,success,failure,960062.096,394236.474
SEC::LOW && DPT::MKG,SEC::HIG && CTR::FR,,,,,different,TN_FP,failure,32,8,success,failure,910020.636,401472.787
SEC::LOW && DPT::MKG,SEC::HIG && DPT::$,,,,,different,TP_TP,success,64,16,success,success,1622744.187,493959.104
SEC::LOW && DPT::MKG,SEC::HIG && DPT::$ && CTR::$,,,,,same,same,success,64,64,success,success,1965366.110,1469630.013
SEC::LOW && DPT::MKG,SEC::HIG && DPT::$ && CTR::EN,,,,,same,same,success,32,32,success,success,880263.725,782907.885
SEC::LOW && DPT::MKG,SEC::HIG && DPT::$ && CTR::FR,,,,,same,same,success,32,32,success,success,905388.763,784400.960
SEC::LOW && DPT::MKG,SEC::HIG && DPT::DEV,,,,,different,TN_TN,failure,32,8,failure,failure,1585498.148,415216.031
SEC::LOW && DPT::MKG,SEC::HIG && DPT::DEV && CTR::$,,,,,same,same,failure,32,32,failure,failure,1609855.561,1337564.086
SEC::LOW && DPT::MKG,SEC::HIG && DPT::DEV && CTR::EN,,,,,same,same,failure,16,16,failure,failure,891687.593,712631.434
SEC::LOW && DPT::MKG,SEC::HIG && DPT::DEV && CTR::FR,,,,,same,same,failure,16,16,failure,failure,851310.070,712184.540
SEC::LOW && DPT::MKG,SEC::HIG && DPT::MKG,,,,,different,TP_TP,success,32,8,success,success,988230.137,331668.067
SEC::LOW && DPT::MKG,SEC::HIG && DPT::MKG && CTR::$,,,,,same,same,success,32,32,success,success,917110.144,886581.515
SEC::LOW && DPT::MKG,SEC::HIG && DPT::MKG && CTR::EN,,,,,same,same,success,16,16,success,success,565879.814,483947.063
SEC::LOW && DPT::MKG,SEC::HIG && DPT::MKG && CTR::FR,,,,,same,same,success,16,16,success,success,614051.487,495977.820
SEC::LOW && DPT::MKG,SEC::LOW,,,,,different,TN_FP,failure,32,2,success,failure,1066566.927,157872.244
SEC::LOW && DPT::MKG,SEC::LOW && CTR::$,,,,,different,TN_FP,failure,32,8,success,failure,998988.202,396583.456
SEC::LOW && DPT::MKG,SEC::LOW && CTR::EN,,,,,different,TN_FP,failure,16,4,success,failure,613889.358,244361.321
SEC::LOW && DPT::MKG,SEC::LOW && CTR::FR,,,,,different,TN_FP,failure,16,4,success,failure,528150.152,247773.872
SEC::LOW && DPT::MKG,SEC::LOW && DPT::$,,,,,different,TP_TP,success,32,8,success,success,903951.106,321950.809
SEC::LOW && DPT::MKG,SEC::LOW && DPT::$ && CTR::$,,,,,same,same,success,32,32,success,success,863788.561,784964.713
SEC::LOW && DPT::MKG,SEC::LOW && DPT::$ && CTR::EN,,,,,same,same,success,16,16,success,success,481180.324,480498.565
SEC::LOW && DPT::MKG,SEC::LOW && DPT::$ && CTR::FR,,,,,same,same,success,16,16,success,success,506180.347,489318.233
SEC::LOW && DPT::MKG,SEC::LOW && DPT::DEV,,,,,different,TN_TN,failure,16,4,failure,failure,803234.267,236909.102
SEC::LOW && DPT::MKG,SEC::LOW && DPT::DEV && CTR::$,,,,,same,same,failure,16,16,failure,failure,840297.537,715477.737
SEC::LOW && DPT::MKG,SEC::LOW && DPT::DEV && CTR::EN,,,,,same,same,failure,8,8,failure,failure,452260.247,395070.328
SEC::LOW && DPT::MKG,SEC::LOW && DPT::DEV && CTR::FR,,,,,same,same,failure,8,8,failure,failure,423895.066,401394.756
SEC::LOW && DPT::MKG,SEC::LOW && DPT::MKG,,,,,different,TP_TP,success,16,4,success,success,603779.484,246423.619
SEC::LOW && DPT::MKG,SEC::LOW && DPT::MKG && CTR::$,,,,,same,same,success,16,16,success,success,558593.476,481289.879
SEC::LOW && DPT::MKG,SEC::LOW && DPT::MKG && CTR::EN,,,,,same,same,success,8,8,success,success,341690.812,322902.249
SEC::LOW && DPT::MKG,SEC::LOW && DPT::MKG && CTR::FR,,,,,same,same,success,8,8,success,success,386569.753,324842.649
SEC::LOW && DPT::MKG,SEC::MED,,,,,different,TN_FP,failure,48,3,success,failure,1256358.594,198818.499
SEC::LOW && DPT::MKG,SEC::MED && CTR::$,,,,,different,TN_FP,failure,48,12,success,failure,1295659.833,562205.551
SEC::LOW && DPT::MKG,SEC::MED && CTR::EN,,,,,different,TN_FP,failure,24,6,success,failure,673203.606,317346.398
SEC::LOW && DPT::MKG,SEC::MED && CTR::FR,,,,,different,TN_FP,failure,24,6,success,failure,769005.467,329112.438
SEC::LOW && DPT::MKG,SEC::MED && DPT::$,,,,,different,TP_TP,success,48,12,success,success,1335335.630,399487.428
SEC::LOW && DPT::MKG,SEC::MED && DPT::$ && CTR::$,,,,,same,same,success,48,48,success,success,1326293.850,1100642.440
SEC::LOW && DPT::MKG,SEC::MED && DPT::$ && CTR::EN,,,,,same,same,success,24,24,success,success,682022.684,633903.529
SEC::LOW && DPT::MKG,SEC::MED && DPT::$ && CTR::FR,,,,,same,same,success,24,24,success,success,722540.716,631848.440
SEC::LOW && DPT::MKG,SEC::MED && DPT::DEV,,,,,different,TN_TN,failure,24,6,failure,failure,1178441.542,318840.840
SEC::LOW && DPT::MKG,SEC::MED && DPT::DEV && CTR::$,,,,,same,same,failure,24,24,failure,failure,1183176.633,1044689.837
SEC::LOW && DPT::MKG,SEC::MED && DPT::DEV && CTR::EN,,,,,same,same,failure,12,12,failure,failure,588092.936,568898.286
SEC::LOW && DPT::MKG,SEC::MED && DPT::DEV && CTR::FR,,,,,same,same,failure,12,12,failure,failure,652555.731,563146.742
SEC::LOW && DPT::MKG,SEC::MED && DPT::MKG,,,,,different,TP_TP,success,24,6,success,success,683605.513,295372.615
SEC::LOW && DPT::MKG,SEC::MED && DPT::MKG && CTR::$,,,,,same,same,success,24,24,success,success,730732.486,681593.579
SEC::LOW && DPT::MKG,SEC::MED && DPT::MKG && CTR::EN,,,,,same,same,success,12,12,success,success,450962.352,402375.851
SEC::LOW && DPT::MKG,SEC::MED && DPT::MKG && CTR::FR,,,,,same,same,success,12,12,success,success,460807.420,426192.020
SEC::LOW && DPT::MKG && CTR::$,CTR::$,,,,,different,TN_FP,failure,80,4,success,failure,1591649.140,221541.316
SEC::LOW && DPT::MKG && CTR::$,CTR::EN,,,,,different,TN_TN,failure,40,2,failure,failure,1823041.775,153627.632
SEC::LOW && DPT::MKG && CTR::$,CTR::FR,,,,,different,TN_TN,failure,40,2,failure,failure,1999054.922,147404.830
SEC::LOW && DPT::MKG && CTR::$,DPT::$,,,,,different,TN_FP,failure,80,4,success,failure,1785898.709,222585.580
SEC::LOW && DPT::MKG && CTR::$,DPT::$ && CTR::$,,,,,different,TN_FP,failure,80,16,success,failure,1579127.618,672133.029
SEC::LOW && DPT::MKG && CTR::$,DPT::$ && CTR::EN,,,,,different,TN_TN,failure,40,8,failure,failure,1566769.212,371028.592
SEC::LOW && DPT::MKG && CTR::$,DPT::$ && CTR::FR,,,,,different,TN_TN,failure,40,8,failure,failure,1542489.519,372506.529
SEC::LOW && DPT::MKG && CTR::$,DPT::DEV,,,,,different,TN_TN,failure,40,2,failure,failure,1547669.090,147432.256
SEC::LOW && DPT::MKG && CTR::$,DPT::DEV && CTR::$,,,,,different,TN_TN,failure,40,8,failure,failure,1553955.326,370759.988
SEC::LOW && DPT::MKG && CTR::$,DPT::DEV && CTR::EN,,,,,different,TN_TN,failure,20,4,failure,failure,809559.401,232401.538
SEC::LOW && DPT::MKG && CTR::$,DPT::DEV && CTR::FR,,,,,different,TN_TN,failure,20,4,failure,failure,815017.469,223774.245
SEC::LOW && DPT::MKG && CTR::$,DPT::MKG,,,,,different,TN_FP,failure,40,2,success,failure,863094.133,171083.991
SEC::LOW && DPT::MKG && CTR::$,DPT::MKG && CTR::$,,,,,different,TN_FP,failure,40,8,success,failure,900653.821,374398.818
SEC::LOW && DPT::MKG && CTR::$,DPT::MKG && CTR::EN,,,,,different,TN_TN,failure,20,4,failure,failure,825037.149,222276.420
SEC::LOW && DPT::MKG && CTR::$,DPT::MKG && CTR::FR,,,,,different,TN_TN,failure,20,4,failure,failure,822752.213,222142.859
SEC::LOW && DPT::MKG && CTR::$,SEC::$,,,,,different,TN_FP,failure,80,5,success,failure,1623775.823,270620.437
SEC::LOW && DPT::MKG && CTR::$,SEC::$ && CTR::$,,,,,different,TN_FP,failure,80,20,success,failure,1647112.717,821930.245
SEC::LOW && DPT::MKG && CTR::$,SEC::$ && CTR::EN,,,,,different,TN_TN,failure,40,10,failure,failure,1552135.648,446154.214
SEC::LOW && DPT::MKG && CTR::$,SEC::$ && CTR::FR,,,,,different,TN_TN,failure,40,10,failure,failure,1561563.918,452387.280
SEC::LOW && DPT::MKG && CTR::$,SEC::$ && DPT::$,,,,,different,TN_FP,failure,80,20,success,failure,2079322.048,826712.355
SEC::LOW && DPT::MKG && CTR::$,SEC::$ && DPT::$ && CTR::$,,,,,same,same,success,80,80,success,success,1986136.455,1634315.593
SEC::LOW && DPT::MKG && CTR::$,SEC::$ && DPT::$ && CTR::EN,,,,,same,same,failure,40,40,failure,failure,1742392.492,1575263.936
SEC::LOW && DPT::MKG && CTR::$,SEC::$ && DPT::$ && CTR::FR,,,,,same,same,failure,40,40,failure,failure,1693567.449,1573105.868
SEC::LOW && DPT::MKG && CTR::$,SEC::$ && DPT::DEV,,,,,different,TN_TN,failure,40,10,failure,failure,1548807.881,454384.807
SEC::LOW && DPT::MKG && CTR::$,SEC::$ && DPT::DEV && CTR::$,,,,,same,same,failure,40,40,failure,failure,1647213.275,1581363.256
SEC::LOW && DPT::MKG && CTR::$,SEC::$ && DPT::DEV && CTR::EN,,,,,same,same,failure,20,20,failure,failure,813004.368,821419.929
SEC::LOW && DPT::MKG && CTR::$,SEC::$ && DPT::DEV && CTR::FR,,,,,same,same,failure,20,20,failure,failure,818596.597,831353.816
SEC::LOW && DPT::MKG && CTR::$,SEC::$ && DPT::MKG,,,,,different,TN_FP,failure,40,10,success,failure,974930.059,451836.322
SEC::LOW && DPT::MKG && CTR::$,SEC::$ && DPT::MKG && CTR::$,,,,,same,same,success,40,40,success,success,1069029.171,971582.620
SEC::LOW && DPT::MKG && CTR::$,SEC::$ && DPT::MKG && CTR::EN,,,,,same,same,failure,20,20,failure,failure,945816.510,827615.279
SEC::LOW && DPT::MKG && CTR::$,SEC::$ && DPT::MKG && CTR::FR,,,,,same,same,failure,20,20,failure,failure,973083.947,819246.907
SEC::LOW && DPT::MKG && CTR::$,SEC::HIG,,,,,different,TN_FP,failure,64,4,success,failure,1274755.117,221646.543
SEC::LOW && DPT::MKG && CTR::$,SEC::HIG && CTR::$,,,,,different,TN_FP,failure,64,16,success,failure,1352480.099,669367.005
SEC::LOW && DPT::MKG && CTR::$,SEC::HIG && CTR::EN,,,,,different,TN_TN,failure,32,8,failure,failure,1270515.855,373535.099
SEC::LOW && DPT::MKG && CTR::$,SEC::HIG && CTR::FR,,,,,different,TN_TN,failure,32,8,failure,failure,1262595.493,370612.897
SEC::LOW && DPT::MKG && CTR::$,SEC::HIG && DPT::$,,,,,different,TN_FP,failure,64,16,success,failure,1292126.255,680817.298
SEC::LOW && DPT::MKG && CTR::$,SEC::HIG && DPT::$ && CTR::$,,,,,same,same,success,64,64,success,success,1376074.847,1331586.183
SEC::LOW && DPT::MKG && CTR::$,SEC::HIG && DPT::$ && CTR::EN,,,,,same,same,failure,32,32,failure,failure,1268694.553,1276979.158
SEC::LOW && DPT::MKG && CTR::$,SEC::HIG && DPT::$ && CTR::FR,,,,,same,same,failure,32,32,failure,failure,1247986.801,1276378.166
SEC::LOW && DPT::MKG && CTR::$,SEC::HIG && DPT::DEV,,,,,different,TN_TN,failure,32,8,failure,failure,1259105.512,370084.671
SEC::LOW && DPT::MKG && CTR::$,SEC::HIG && DPT::DEV && CTR::$,,,,,same,same,failure,32,32,failure,failure,1266905.673,1268669.256
SEC::LOW && DPT::MKG && CTR::$,SEC::HIG && DPT::DEV && CTR::EN,,,,,same,same,failure,16,16,failure,failure,666689.858,676410.733
SEC::LOW && DPT::MKG && CTR::$,SEC::HIG && DPT::DEV && CTR::FR,,,,,same,same,failure,16,16,failure,failure,667214.883,667398.573
SEC::LOW && DPT::MKG && CTR::$,SEC::HIG && DPT::MKG,,,,,different,TN_FP,failure,32,8,success,failure,744378.809,372516.969
SEC::LOW && DPT::MKG && CTR::$,SEC::HIG && DPT::MKG && CTR::$,,,,,same,same,success,32,32,success,success,743028.811,770829.483
SEC::LOW && DPT::MKG && CTR::$,SEC::HIG && DPT::MKG && CTR::EN,,,,,same,same,failure,16,16,failure,failure,671413.453,680934.427
SEC::LOW && DPT::MKG && CTR::$,SEC::HIG && DPT::MKG && CTR::FR,,,,,same,same,failure,16,16,failure,failure,673859.833,672242.895
SEC::LOW && DPT::MKG && CTR::$,SEC::LOW,,,,,different,TN_FP,failure,32,2,success,failure,767950.654,147816.747
SEC::LOW && DPT::MKG && CTR::$,SEC::LOW && CTR::$,,,,,different,TN_FP,failure,32,8,success,failure,720254.873,390956.121
SEC::LOW && DPT::MKG && CTR::$,SEC::LOW && CTR::EN,,,,,different,TN_TN,failure,16,4,failure,failure,659431.223,221497.038
SEC::LOW && DPT::MKG && CTR::$,SEC::LOW && CTR::FR,,,,,different,TN_TN,failure,16,4,failure,failure,659664.054,222857.099
SEC::LOW && DPT::MKG && CTR::$,SEC::LOW && DPT::$,,,,,different,TN_FP,failure,32,8,success,failure,721966.703,380382.633
SEC::LOW && DPT::MKG && CTR::$,SEC::LOW && DPT::$ && CTR::$,,,,,same,same,success,32,32,success,success,777384.514,1064381.052
SEC::LOW && DPT::MKG && CTR::$,SEC::LOW && DPT::$ && CTR::EN,,,,,same,same,failure,16,16,failure,failure,660099.586,684717.499
SEC::LOW && DPT::MKG && CTR::$,SEC::LOW && DPT::$ && CTR::FR,,,,,same,same,failure,16,16,failure,failure,661064.056,760401.267
SEC::LOW && DPT::MKG && CTR::$,SEC::LOW && DPT::DEV,,,,,different,TN_TN,failure,16,4,failure,failure,661407.610,228196.008
SEC::LOW && DPT::MKG && CTR::$,SEC::LOW && DPT::DEV && CTR::$,,,,,same,same,failure,16,16,failure,failure,660329.062,663461.242
SEC::LOW && DPT::MKG && CTR::$,SEC::LOW && DPT::DEV && CTR::EN,,,,,same,same,failure,8,8,failure,failure,370113.045,370786.187
SEC::LOW && DPT::MKG && CTR::$,SEC::LOW && DPT::DEV && CTR::FR,,,,,same,same,failure,8,8,failure,failure,378248.225,368316.945
SEC::LOW && DPT::MKG && CTR::$,SEC::LOW && DPT::MKG,,,,,different,TN_FP,failure,16,4,success,failure,440880.541,220407.880
SEC::LOW && DPT::MKG && CTR::$,SEC::LOW && DPT::MKG && CTR::$,,,,,same,same,success,16,16,success,success,436590.124,576804.010
SEC::LOW && DPT::MKG && CTR::$,SEC::LOW && DPT::MKG && CTR::EN,,,,,same,same,failure,8,8,failure,failure,366850.194,404416.814
SEC::LOW && DPT::MKG && CTR::$,SEC::LOW && DPT::MKG && CTR::FR,,,,,same,same,failure,8,8,failure,failure,365861.605,390687.327
SEC::LOW && DPT::MKG && CTR::$,SEC::MED,,,,,different,TN_FP,failure,48,3,success,failure,1024311.477,251111.758
SEC::LOW && DPT::MKG && CTR::$,SEC::MED && CTR::$,,,,,different,TN_FP,failure,48,12,success,failure,1059785.092,702585.495
SEC::LOW && DPT::MKG && CTR::$,SEC::MED && CTR::EN,,,,,different,TN_TN,failure,24,6,failure,failure,957857.756,402306.041
SEC::LOW && DPT::MKG && CTR::$,SEC::MED && CTR::FR,,,,,different,TN_TN,failure,24,6,failure,failure,960103.834,402557.812
SEC::LOW && DPT::MKG && CTR::$,SEC::MED && DPT::$,,,,,different,TN_FP,failure,48,12,success,failure,1033393.167,518841.562
SEC::LOW && DPT::MKG && CTR::$,SEC::MED && DPT::$ && CTR::$,,,,,same,same,success,48,48,success,success,1004549.679,1025017.005
SEC::LOW && DPT::MKG && CTR::$,SEC::MED && DPT::$ && CTR::EN,,,,,same,same,failure,24,24,failure,failure,965081.512,972446.982
SEC::LOW && DPT::MKG && CTR::$,SEC::MED && DPT::$ && CTR::FR,,,,,same,same,failure,24,24,failure,failure,966608.064,965276.627
SEC::LOW && DPT::MKG && CTR::$,SEC::MED && DPT::DEV,,,,,different,TN_TN,failure,24,6,failure,failure,955536.382,402480.608
SEC::LOW && DPT::MKG && CTR::$,SEC::MED && DPT::DEV && CTR::$,,,,,same,same,failure,24,24,failure,failure,956848.123,965435.355
SEC::LOW && DPT::MKG && CTR::$,SEC::MED && DPT::DEV && CTR::EN,,,,,same,same,failure,12,12,failure,failure,514299.086,682974.615
SEC::LOW && DPT::MKG && CTR::$,SEC::MED && DPT::DEV && CTR::FR,,,,,same,same,failure,12,12,failure,failure,517975.417,525453.645
SEC::LOW && DPT::MKG && CTR::$,SEC::MED && DPT::MKG,,,,,different,TN_FP,failure,24,6,success,failure,593895.149,294720.912
SEC::LOW && DPT::MKG && CTR::$,SEC::MED && DPT::MKG && CTR::$,,,,,same,same,success,24,24,success,success,599740.904,603935.642
SEC::LOW && DPT::MKG && CTR::$,SEC::MED && DPT::MKG && CTR::EN,,,,,same,same,failure,12,12,failure,failure,526137.913,529322.822
SEC::LOW && DPT::MKG && CTR::$,SEC::MED && DPT::MKG && CTR::FR,,,,,same,same,failure,12,12,failure,failure,515407.265,526973.280
SEC::LOW && DPT::MKG && CTR::EN,CTR::$,,,,,different,TN_FP,failure,80,4,success,failure,1830399.487,238677.980
SEC::LOW && DPT::MKG && CTR::EN,CTR::EN,,,,,different,TN_FP,failure,40,2,success,failure,1091402.929,157898.489
SEC::LOW && DPT::MKG && CTR::EN,CTR::FR,,,,,different,TN_TN,failure,40,2,failure,failure,1717951.022,159979.462
SEC::LOW && DPT::MKG && CTR::EN,DPT::$,,,,,different,TN_FP,failure,80,4,success,failure,1774932.039,238502.707
SEC::LOW && DPT::MKG && CTR::EN,DPT::$ && CTR::$,,,,,different,TN_FP,failure,80,16,success,failure,1754883.433,720075.872
SEC::LOW && DPT::MKG && CTR::EN,DPT::$ && CTR::EN,,,,,different,TN_FP,failure,40,8,success,failure,978478.806,405394.339
SEC::LOW && DPT::MKG && CTR::EN,DPT::$ && CTR::FR,,,,,different,TN_TN,failure,40,8,failure,failure,1704728.585,396062.504
SEC::LOW && DPT::MKG && CTR::EN,DPT::DEV,,,,,different,TN_TN,failure,40,2,failure,failure,1709855.211,158001.807
SEC::LOW && DPT::MKG && CTR::EN,DPT::DEV && CTR::$,,,,,different,TN_TN,failure,40,8,failure,failure,1733400.486,396475.940
SEC::LOW && DPT::MKG && CTR::EN,DPT::DEV && CTR::EN,,,,,different,TN_TN,failure,20,4,failure,failure,900881.799,237738.889
SEC::LOW && DPT::MKG && CTR::EN,DPT::DEV && CTR::FR,,,,,different,TN_TN,failure,20,4,failure,failure,896616.052,257484.071
SEC::LOW && DPT::MKG && CTR::EN,DPT::MKG,,,,,different,TN_FP,failure,40,2,success,failure,939835.647,163428.150
SEC::LOW && DPT::MKG && CTR::EN,DPT::MKG && CTR::$,,,,,different,TN_FP,failure,40,8,success,failure,977729.496,396618.121
SEC::LOW && DPT::MKG && CTR::EN,DPT::MKG && CTR::EN,,,,,different,TN_FP,failure,20,4,success,failure,568008.797,240758.593
SEC::LOW && DPT::MKG && CTR::EN,DPT::MKG && CTR::FR,,,,,different,TN_TN,failure,20,4,failure,failure,901361.924,237351.136
SEC::LOW && DPT::MKG && CTR::EN,SEC::$,,,,,different,TN_FP,failure,80,5,success,failure,1798860.908,287498.676
SEC::LOW && DPT::MKG && CTR::EN,SEC::$ && CTR::$,,,,,different,TN_FP,failure,80,20,success,failure,1810322.537,880327.794
SEC::LOW && DPT::MKG && CTR::EN,SEC::$ && CTR::EN,,,,,different,TN_FP,failure,40,10,success,failure,1008962.466,479983.579
SEC::LOW && DPT::MKG && CTR::EN,SEC::$ && CTR::FR,,,,,different,TN_TN,failure,40,10,failure,failure,1723471.947,479106.899
SEC::LOW && DPT::MKG && CTR::EN,SEC::$ && DPT::$,,,,,different,TN_FP,failure,80,20,success,failure,1893548.218,880581.917
SEC::LOW && DPT::MKG && CTR::EN,SEC::$ && DPT::$ && CTR::$,,,,,same,same,success,80,80,success,success,2004704.649,1727719.154
SEC::LOW && DPT::MKG && CTR::EN,SEC::$ && DPT::$ && CTR::EN,,,,,same,same,success,40,40,success,success,1146904.842,943462.926
SEC::LOW && DPT::MKG && CTR::EN,SEC::$ && DPT::$ && CTR::FR,,,,,same,same,failure,40,40,failure,failure,1995407.856,1696390.103
SEC::LOW && DPT::MKG && CTR::EN,SEC::$ && DPT::DEV,,,,,different,TN_TN,failure,40,10,failure,failure,1729515.789,480794.771
SEC::LOW && DPT::MKG && CTR::EN,SEC::$ && DPT::DEV && CTR::$,,,,,same,same,failure,40,40,failure,failure,1911800.815,1683325.542
SEC::LOW && DPT::MKG && CTR::EN,SEC::$ && DPT::DEV && CTR::EN,,,,,same,same,failure,20,20,failure,failure,910447.507,877452.852
SEC::LOW && DPT::MKG && CTR::EN,SEC::$ && DPT::DEV && CTR::FR,,,,,same,same,failure,20,20,failure,failure,968487.169,892843.716
SEC::LOW && DPT::MKG && CTR::EN,SEC::$ && DPT::MKG,,,,,different,TN_FP,failure,40,10,success,failure,1193644.624,479751.138
SEC::LOW && DPT::MKG && CTR::EN,SEC::$ && DPT::MKG && CTR::$,,,,,same,same,success,40,40,success,success,1057346.332,952585.507
SEC::LOW && DPT::MKG && CTR::EN,SEC::$ && DPT::MKG && CTR::EN,,,,,same,same,success,20,20,success,success,729039.971,605539.355
SEC::LOW && DPT::MKG && CTR::EN,SEC::$ && DPT::MKG && CTR::FR,,,,,same,same,failure,20,20,failure,failure,997670.010,876957.223
SEC::LOW && DPT::MKG && CTR::EN,SEC::HIG,,,,,different,TN_FP,failure,64,4,success,failure,1451253.860,241356.535
SEC::LOW && DPT::MKG && CTR::EN,SEC::HIG && CTR::$,,,,,different,TN_FP,failure,64,16,success,failure,1476542.569,715104.152
SEC::LOW && DPT::MKG && CTR::EN,SEC::HIG && CTR::EN,,,,,different,TN_FP,failure,32,8,success,failure,857597.323,406397.765
SEC::LOW && DPT::MKG && CTR::EN,SEC::HIG && CTR::FR,,,,,different,TN_TN,failure,32,8,failure,failure,1386119.077,395985.931
SEC::LOW && DPT::MKG && CTR::EN,SEC::HIG && DPT::$,,,,,different,TN_FP,failure,64,16,success,failure,1436214.805,730915.529
SEC::LOW && DPT::MKG && CTR::EN,SEC::HIG && DPT::$ && CTR::$,,,,,same,same,success,64,64,success,success,1475067.152,1420828.874
SEC::LOW && DPT::MKG && CTR::EN,SEC::HIG && DPT::$ && CTR::EN,,,,,same,same,success,32,32,success,success,843002.377,805792.485
SEC::LOW && DPT::MKG && CTR::EN,SEC::HIG && DPT::$ && CTR::FR,,,,,same,same,failure,32,32,failure,failure,1409518.729,1365091.319
SEC::LOW && DPT::MKG && CTR::EN,SEC::HIG && DPT::DEV,,,,,different,TN_TN,failure,32,8,failure,failure,1395714.877,396219.264
SEC::LOW && DPT::MKG && CTR::EN,SEC::HIG && DPT::DEV && CTR::$,,,,,same,same,failure,32,32,failure,failure,1399702.927,1354869.892
SEC::LOW && DPT::MKG && CTR::EN,SEC::HIG && DPT::DEV && CTR::EN,,,,,same,same,failure,16,16,failure,failure,735246.118,717569.086
SEC::LOW && DPT::MKG && CTR::EN,SEC::HIG && DPT::DEV && CTR::FR,,,,,same,same,failure,16,16,failure,failure,735670.920,713071.699
SEC::LOW && DPT::MKG && CTR::EN,SEC::HIG && DPT::MKG,,,,,different,TN_FP,failure,32,8,success,failure,837805.603,400128.326
SEC::LOW && DPT::MKG && CTR::EN,SEC::HIG && DPT::MKG && CTR::$,,,,,same,same,success,32,32,success,success,832262.176,788283.673
SEC::LOW && DPT::MKG && CTR::EN,SEC::HIG && DPT::MKG && CTR::EN,,,,,same,same,success,16,16,success,success,491578.644,484105.126
SEC::LOW && DPT::MKG && CTR::EN,SEC::HIG && DPT::MKG && CTR::FR,,,,,same,same,failure,16,16,failure,failure,731236.833,715323.093
SEC::LOW && DPT::MKG && CTR::EN,SEC::LOW,,,,,different,TN_FP,failure,32,2,success,failure,782837.502,164103.568
SEC::LOW && DPT::MKG && CTR::EN,SEC::LOW && CTR::$,,,,,different,TN_FP,failure,32,8,success,failure,869911.061,404347.059
SEC::LOW && DPT::MKG && CTR::EN,SEC::LOW && CTR::EN,,,,,different,TN_FP,failure,16,4,success,failure,487660.920,251340.131
SEC::LOW && DPT::MKG && CTR::EN,SEC::LOW && CTR::FR,,,,,different,TN_TN,failure,16,4,failure,failure,730934.645,239580.543
SEC::LOW && DPT::MKG && CTR::EN,SEC::LOW && DPT::$,,,,,different,TN_FP,failure,32,8,success,failure,814719.225,426436.263
SEC::LOW && DPT::MKG && CTR::EN,SEC::LOW && DPT::$ && CTR::$,,,,,same,same,success,32,32,success,success,835557.882,783990.655
SEC::LOW && DPT::MKG && CTR::EN,SEC::LOW && DPT::$ && CTR::EN,,,,,same,same,success,16,16,success,success,495399.400,505838.606
SEC::LOW && DPT::MKG && CTR::EN,SEC::LOW && DPT::$ && CTR::FR,,,,,same,same,failure,16,16,failure,failure,738122.814,714051.132
SEC::LOW && DPT::MKG && CTR::EN,SEC::LOW && DPT::DEV,,,,,different,TN_TN,failure,16,4,failure,failure,740401.113,237814.620
SEC::LOW && DPT::MKG && CTR::EN,SEC::LOW && DPT::DEV && CTR::$,,,,,same,same,failure,16,16,failure,failure,730765.088,854038.187
SEC::LOW && DPT::MKG && CTR::EN,SEC::LOW && DPT::DEV && CTR::EN,,,,,same,same,failure,8,8,failure,failure,405462.526,395619.478
SEC::LOW && DPT::MKG && CTR::EN,SEC::LOW && DPT::DEV && CTR::FR,,,,,same,same,failure,8,8,failure,failure,405680.340,396585.480
SEC::LOW && DPT::MKG && CTR::EN,SEC::LOW && DPT::MKG,,,,,different,TN_FP,failure,16,4,success,failure,519555.677,238083.971
SEC::LOW && DPT::MKG && CTR::EN,SEC::LOW && DPT::MKG && CTR::$,,,,,same,same,success,16,16,success,success,502392.914,487787.698
SEC::LOW && DPT::MKG && CTR::EN,SEC::LOW && DPT::MKG && CTR::EN,,,,,same,same,success,8,8,success,success,332200.530,346232.465
SEC::LOW && DPT::MKG && CTR::EN,SEC::LOW && DPT::MKG && CTR::FR,,,,,same,same,failure,8,8,failure,failure,409412.921,402738.647
SEC::LOW && DPT::MKG && CTR::EN,SEC::MED,,,,,different,TN_FP,failure,48,3,success,failure,1119331.987,197824.229
SEC::LOW && DPT::MKG && CTR::EN,SEC::MED && CTR::$,,,,,different,TN_FP,failure,48,12,success,failure,1139189.921,557519.617
SEC::LOW && DPT::MKG && CTR::EN,SEC::MED && CTR::EN,,,,,different,TN_FP,failure,24,6,success,failure,681648.221,316672.639
SEC::LOW && DPT::MKG && CTR::EN,SEC::MED && CTR::FR,,,,,different,TN_TN,failure,24,6,failure,failure,1076771.343,320535.324
SEC::LOW && DPT::MKG && CTR::EN,SEC::MED && DPT::$,,,,,different,TN_FP,failure,48,12,success,failure,1120696.968,555351.145
SEC::LOW && DPT::MKG && CTR::EN,SEC::MED && DPT::$ && CTR::$,,,,,same,same,success,48,48,success,success,1138970.299,1093725.455
SEC::LOW && DPT::MKG && CTR::EN,SEC::MED && DPT::$ && CTR::EN,,,,,same,same,success,24,24,success,success,674637.321,658063.738
SEC::LOW && DPT::MKG && CTR::EN,SEC::MED && DPT::$ && CTR::FR,,,,,same,same,failure,24,24,failure,failure,1057534.330,1040248.050
SEC::LOW && DPT::MKG && CTR::EN,SEC::MED && DPT::DEV,,,,,different,TN_TN,failure,24,6,failure,failure,1063394.201,317843.515
SEC::LOW && DPT::MKG && CTR::EN,SEC::MED && DPT::DEV && CTR::$,,,,,same,same,failure,24,24,failure,failure,1067521.748,1038932.377
SEC::LOW && DPT::MKG && CTR::EN,SEC::MED && DPT::DEV && CTR::EN,,,,,same,same,failure,12,12,failure,failure,569491.463,569767.762
SEC::LOW && DPT::MKG && CTR::EN,SEC::MED && DPT::DEV && CTR::FR,,,,,same,same,failure,12,12,failure,failure,570092.191,554758.188
SEC::LOW && DPT::MKG && CTR::EN,SEC::MED && DPT::MKG,,,,,different,TN_FP,failure,24,6,success,failure,649943.331,316449.825
SEC::LOW && DPT::MKG && CTR::EN,SEC::MED && DPT::MKG && CTR::$,,,,,same,same,success,24,24,success,success,652487.864,653894.032
SEC::LOW && DPT::MKG && CTR::EN,SEC::MED && DPT::MKG && CTR::EN,,,,,same,same,success,12,12,success,success,417490.222,413146.178
SEC::LOW && DPT::MKG && CTR::EN,SEC::MED && DPT::MKG && CTR::FR,,,,,same,same,failure,12,12,failure,failure,570022.234,555491.883
SEC::LOW && DPT::MKG && CTR::FR,CTR::$,,,,,different,TN_FP,failure,80,4,success,failure,1842068.585,301554.045
SEC::LOW && DPT::MKG && CTR::FR,CTR::EN,,,,,different,TN_TN,failure,40,2,failure,failure,1598327.106,199868.173
SEC::LOW && DPT::MKG && CTR::FR,CTR::FR,,,,,different,TN_FP,failure,40,2,success,failure,925781.595,200462.633
SEC::LOW && DPT::MKG && CTR::FR,DPT::$,,,,,different,TN_FP,failure,80,4,success,failure,1587973.275,300314.454
SEC::LOW && DPT::MKG && CTR::FR,DPT::$ && CTR::$,,,,,different,TN_FP,failure,80,16,success,failure,1574140.379,679538.640
SEC::LOW && DPT::MKG && CTR::FR,DPT::$ && CTR::EN,,,,,different,TN_TN,failure,40,8,failure,failure,1552469.434,493320.145
SEC::LOW && DPT::MKG && CTR::FR,DPT::$ && CTR::FR,,,,,different,TN_FP,failure,40,8,success,failure,870322.152,383378.026
SEC::LOW && DPT::MKG && CTR::FR,DPT::DEV,,,,,different,TN_TN,failure,40,2,failure,failure,1579867.316,204575.683
SEC::LOW && DPT::MKG && CTR::FR,DPT::DEV && CTR::$,,,,,different,TN_TN,failure,40,8,failure,failure,1770918.204,502381.677
SEC::LOW && DPT::MKG && CTR::FR,DPT::DEV && CTR::EN,,,,,different,TN_TN,failure,20,4,failure,failure,820240.075,305878.807
SEC::LOW && DPT::MKG && CTR::FR,DPT::DEV && CTR::FR,,,,,different,TN_TN,failure,20,4,failure,failure,829209.189,300801.784
SEC::LOW && DPT::MKG && CTR::FR,DPT::MKG,,,,,different,TN_FP,failure,40,2,success,failure,1235269.812,201032.642
SEC::LOW && DPT::MKG && CTR::FR,DPT::MKG && CTR::$,,,,,different,TN_FP,failure,40,8,success,failure,1017656.819,499639.042
SEC::LOW && DPT::MKG && CTR::FR,DPT::MKG && CTR::EN,,,,,different,TN_TN,failure,20,4,failure,failure,1126547.702,301138.802
SEC::LOW && DPT::MKG && CTR::FR,DPT::MKG && CTR::FR,,,,,different,TN_FP,failure,20,4,success,failure,576598.314,300358.568
SEC::LOW && DPT::MKG && CTR::FR,SEC::$,,,,,different,TN_FP,failure,80,5,success,failure,1600668.048,262009.535
SEC::LOW && DPT::MKG && CTR::FR,SEC::$ && CTR::$,,,,,different,TN_FP,failure,80,20,success,failure,1602611.438,827167.855
SEC::LOW && DPT::MKG && CTR::FR,SEC::$ && CTR::EN,,,,,different,TN_TN,failure,40,10,failure,failure,1567646.863,450063.632
SEC::LOW && DPT::MKG && CTR::FR,SEC::$ && CTR::FR,,,,,different,TN_FP,failure,40,10,success,failure,870926.265,451500.973
SEC::LOW && DPT::MKG && CTR::FR,SEC::$ && DPT::$,,,,,different,TN_FP,failure,80,20,success,failure,1661656.402,837721.661
SEC::LOW && DPT::MKG && CTR::FR,SEC::$ && DPT::$ && CTR::$,,,,,same,same,success,80,80,success,success,1707757.005,1621432.652
SEC::LOW && DPT::MKG && CTR::FR,SEC::$ && DPT::$ && CTR::EN,,,,,same,same,failure,40,40,failure,failure,1561767.986,1590828.491
SEC::LOW && DPT::MKG && CTR::FR,SEC::$ && DPT::$ && CTR::FR,,,,,same,same,success,40,40,success,success,962791.632,974180.629
SEC::LOW && DPT::MKG && CTR::FR,SEC::$ && DPT::DEV,,,,,different,TN_TN,failure,40,10,failure,failure,1561018.475,451584.064
SEC::LOW && DPT::MKG && CTR::FR,SEC::$ && DPT::DEV && CTR::$,,,,,same,same,failure,40,40,failure,failure,1560671.204,1595511.540
SEC::LOW && DPT::MKG && CTR::FR,SEC::$ && DPT::DEV && CTR::EN,,,,,same,same,failure,20,20,failure,failure,819105.186,827371.151
SEC::LOW && DPT::MKG && CTR::FR,SEC::$ && DPT::DEV && CTR::FR,,,,,same,same,failure,20,20,failure,failure,817062.836,826838.562
SEC::LOW && DPT::MKG && CTR::FR,SEC::$ && DPT::MKG,,,,,different,TN_FP,failure,40,10,success,failure,899215.723,452460.407
SEC::LOW && DPT::MKG && CTR::FR,SEC::$ && DPT::MKG && CTR::$,,,,,same,same,success,40,40,success,success,894259.698,893028.573
SEC::LOW && DPT::MKG && CTR::FR,SEC::$ && DPT::MKG && CTR::EN,,,,,same,same,failure,20,20,failure,failure,811487.112,837544.233
SEC::LOW && DPT::MKG && CTR::FR,SEC::$ && DPT::MKG && CTR::FR,,,,,same,same,success,20,20,success,success,516790.755,524465.366
SEC::LOW && DPT::MKG && CTR::FR,SEC::HIG,,,,,different,TN_FP,failure,64,4,success,failure,1322161.504,224459.700
SEC::LOW && DPT::MKG && CTR::FR,SEC::HIG && CTR::$,,,,,different,TN_FP,failure,64,16,success,failure,1433205.735,669509.302
SEC::LOW && DPT::MKG && CTR::FR,SEC::HIG && CTR::EN,,,,,different,TN_TN,failure,32,8,failure,failure,1264713.235,378435.551
SEC::LOW && DPT::MKG && CTR::FR,SEC::HIG && CTR::FR,,,,,different,TN_FP,failure,32,8,success,failure,790786.794,374451.863
SEC::LOW && DPT::MKG && CTR::FR,SEC::HIG && DPT::$,,,,,different,TN_FP,failure,64,16,success,failure,1337343.391,678207.803
SEC::LOW && DPT::MKG && CTR::FR,SEC::HIG && DPT::$ && CTR::$,,,,,same,same,success,64,64,success,success,1335073.544,1333444.709
SEC::LOW && DPT::MKG && CTR::FR,SEC::HIG && DPT::$ && CTR::EN,,,,,same,same,failure,32,32,failure,failure,1253970.615,1282627.688
SEC::LOW && DPT::MKG && CTR::FR,SEC::HIG && DPT::$ && CTR::FR,,,,,same,same,success,32,32,success,success,731140.181,748766.138
SEC::LOW && DPT::MKG && CTR::FR,SEC::HIG && DPT::DEV,,,,,different,TN_TN,failure,32,8,failure,failure,1259083.701,380932.905
SEC::LOW && DPT::MKG && CTR::FR,SEC::HIG && DPT::DEV && CTR::$,,,,,same,same,failure,32,32,failure,failure,1268621.707,1277663.292
SEC::LOW && DPT::MKG && CTR::FR,SEC::HIG && DPT::DEV && CTR::EN,,,,,same,same,failure,16,16,failure,failure,671864.625,680231.199
SEC::LOW && DPT::MKG && CTR::FR,SEC::HIG && DPT::DEV && CTR::FR,,,,,same,same,failure,16,16,failure,failure,672484.287,670306.032
SEC::LOW && DPT::MKG && CTR::FR,SEC::HIG && DPT::MKG,,,,,different,TN_FP,failure,32,8,success,failure,754446.718,382984.789
SEC::LOW && DPT::MKG && CTR::FR,SEC::HIG && DPT::MKG && CTR::$,,,,,same,same,success,32,32,success,success,783141.552,752312.300
SEC::LOW && DPT::MKG && CTR::FR,SEC::HIG && DPT::MKG && CTR::EN,,,,,same,same,failure,16,16,failure,failure,664024.904,683680.764
SEC::LOW && DPT::MKG && CTR::FR,SEC::HIG && DPT::MKG && CTR::FR,,,,,same,same,success,16,16,success,success,458145.200,453961.553
SEC::LOW && DPT::MKG && CTR::FR,SEC::LOW,,,,,different,TN_FP,failure,32,2,success,failure,726096.310,148195.508
SEC::LOW && DPT::MKG && CTR::FR,SEC::LOW && CTR::$,,,,,different,TN_FP,failure,32,8,success,failure,723659.615,369531.599
SEC::LOW && DPT::MKG && CTR::FR,SEC::LOW && CTR::EN,,,,,different,TN_TN,failure,16,4,failure,failure,669017.149,222182.725
SEC::LOW && DPT::MKG && CTR::FR,SEC::LOW && CTR::FR,,,,,different,TN_FP,failure,16,4,success,failure,447182.207,220449.402
SEC::LOW && DPT::MKG && CTR::FR,SEC::LOW && DPT::$,,,,,different,TN_FP,failure,32,8,success,failure,727059.397,374686.774
SEC::LOW && DPT::MKG && CTR::FR,SEC::LOW && DPT::$ && CTR::$,,,,,same,same,success,32,32,success,success,746568.961,730117.803
SEC::LOW && DPT::MKG && CTR::FR,SEC::LOW && DPT::$ && CTR::EN,,,,,same,same,failure,16,16,failure,failure,680143.149,672103.618
SEC::LOW && DPT::MKG && CTR::FR,SEC::LOW && DPT::$ && CTR::FR,,,,,same,same,success,16,16,success,success,479178.544,449904.884
SEC::LOW && DPT::MKG && CTR::FR,SEC::LOW && DPT::DEV,,,,,different,TN_TN,failure,16,4,failure,failure,669398.093,233540.178
SEC::LOW && DPT::MKG && CTR::FR,SEC::LOW && DPT::DEV && CTR::$,,,,,same,same,failure,16,16,failure,failure,679995.922,693002.735
SEC::LOW && DPT::MKG && CTR::FR,SEC::LOW && DPT::DEV && CTR::EN,,,,,same,same,failure,8,8,failure,failure,382575.481,393689.393
SEC::LOW && DPT::MKG && CTR::FR,SEC::LOW && DPT::DEV && CTR::FR,,,,,same,same,failure,8,8,failure,failure,371284.392,387904.016
SEC::LOW && DPT::MKG && CTR::FR,SEC::LOW && DPT::MKG,,,,,different,TN_FP,failure,16,4,success,failure,453169.202,230058.642
SEC::LOW && DPT::MKG && CTR::FR,SEC::LOW && DPT::MKG && CTR::$,,,,,same,same,success,16,16,success,success,451615.959,601507.748
SEC::LOW && DPT::MKG && CTR::FR,SEC::LOW && DPT::MKG && CTR::EN,,,,,same,same,failure,8,8,failure,failure,370999.072,380851.207
SEC::LOW && DPT::MKG && CTR::FR,SEC::LOW && DPT::MKG && CTR::FR,,,,,same,same,success,8,8,success,success,305399.102,330662.314
SEC::LOW && DPT::MKG && CTR::FR,SEC::MED,,,,,different,TN_FP,failure,48,3,success,failure,1018197.724,196902.590
SEC::LOW && DPT::MKG && CTR::FR,SEC::MED && CTR::$,,,,,different,TN_FP,failure,48,12,success,failure,1005139.676,523735.778
SEC::LOW && DPT::MKG && CTR::FR,SEC::MED && CTR::EN,,,,,different,TN_TN,failure,24,6,failure,failure,957967.578,298582.246
SEC::LOW && DPT::MKG && CTR::FR,SEC::MED && CTR::FR,,,,,different,TN_FP,failure,24,6,success,failure,577959.578,298175.583
SEC::LOW && DPT::MKG && CTR::FR,SEC::MED && DPT::$,,,,,different,TN_FP,failure,48,12,success,failure,1001354.556,520741.606
SEC::LOW && DPT::MKG && CTR::FR,SEC::MED && DPT::$ && CTR::$,,,,,same,same,success,48,48,success,success,1017304.599,1037883.370
SEC::LOW && DPT::MKG && CTR::FR,SEC::MED && DPT::$ && CTR::EN,,,,,same,same,failure,24,24,failure,failure,962652.550,977834.042
SEC::LOW && DPT::MKG && CTR::FR,SEC::MED && DPT::$ && CTR::FR,,,,,same,same,success,24,24,success,success,590203.013,609500.169
SEC::LOW && DPT::MKG && CTR::FR,SEC::MED && DPT::DEV,,,,,different,TN_TN,failure,24,6,failure,failure,957694.420,307529.789
SEC::LOW && DPT::MKG && CTR::FR,SEC::MED && DPT::DEV && CTR::$,,,,,same,same,failure,24,24,failure,failure,958494.115,966839.890
SEC::LOW && DPT::MKG && CTR::FR,SEC::MED && DPT::DEV && CTR::EN,,,,,same,same,failure,12,12,failure,failure,516178.586,525158.196
SEC::LOW && DPT::MKG && CTR::FR,SEC::MED && DPT::DEV && CTR::FR,,,,,same,same,failure,12,12,failure,failure,515092.574,523604.331
SEC::LOW && DPT::MKG && CTR::FR,SEC::MED && DPT::MKG,,,,,different,TN_FP,failure,24,6,success,failure,595719.951,307836.099
SEC::LOW && DPT::MKG && CTR::FR,SEC::MED && DPT::MKG && CTR::$,,,,,same,same,success,24,24,success,success,584193.742,602950.039
SEC::LOW && DPT::MKG && CTR::FR,SEC::MED && DPT::MKG && CTR::EN,,,,,same,same,failure,12,12,failure,failure,515421.807,520779.377
SEC::LOW && DPT::MKG && CTR::FR,SEC::MED && DPT::MKG && CTR::FR,,,,,same,same,success,12,12,success,success,375138.641,378690.488
SEC::MED,CTR::$,,,,,different,TN_FP,failure,80,4,success,failure,1663357.377,222121.404
SEC::MED,CTR::EN,,,,,different,TN_FP,failure,40,2,success,failure,921795.768,147808.867
SEC::MED,CTR::FR,,,,,different,TN_FP,failure,40,2,success,failure,893192.666,147526.973
SEC::MED,DPT::$,,,,,different,TN_FP,failure,80,4,success,failure,1786780.904,225671.277
SEC::MED,DPT::$ && CTR::$,,,,,different,TN_FP,failure,80,16,success,failure,1645295.533,672863.628
SEC::MED,DPT::$ && CTR::EN,,,,,different,TN_FP,failure,40,8,success,failure,929017.429,371479.091
SEC::MED,DPT::$ && CTR::FR,,,,,different,TN_FP,failure,40,8,success,failure,882545.840,372679.664
SEC::MED,DPT::DEV,,,,,different,TN_FP,failure,40,2,success,failure,897614.966,148182.984
SEC::MED,DPT::DEV && CTR::$,,,,,different,TN_FP,failure,40,8,success,failure,898204.938,369670.089
SEC::MED,DPT::DEV && CTR::EN,,,,,different,TN_FP,failure,20,4,success,failure,550539.926,230211.750
SEC::MED,DPT::DEV && CTR::FR,,,,,different,TN_FP,failure,20,4,success,failure,528181.842,224078.410
SEC::MED,DPT::MKG,,,,,different,TN_FP,failure,40,2,success,failure,920679.665,147233.979
SEC::MED,DPT::MKG && CTR::$,,,,,different,TN_FP,failure,40,8,success,failure,896952.123,370770.798
SEC::MED,DPT::MKG && CTR::EN,,,,,different,TN_FP,failure,20,4,success,failure,525631.598,221241.859
SEC::MED,DPT::MKG && CTR::FR,,,,,different,TN_FP,failure,20,4,success,failure,566469.860,221549.256
SEC::MED,SEC::$,,,,,different,TP_TP,success,80,5,success,success,1624320.268,250123.464
SEC::MED,SEC::$ && CTR::$,,,,,different,TP_TP,success,80,20,success,success,1631878.901,539105.723
SEC::MED,SEC::$ && CTR::EN,,,,,different,TP_TP,success,40,10,success,success,878042.924,345718.331
SEC::MED,SEC::$ && CTR::FR,,,,,different,TP_TP,success,40,10,success,success,911343.147,347128.456
SEC::MED,SEC::$ && DPT::$,,,,,different,TP_TP,success,80,20,success,success,1636769.455,531658.894
SEC::MED,SEC::$ && DPT::$ && CTR::$,,,,,same,same,success,80,80,success,success,1789640.688,1642693.507
SEC::MED,SEC::$ && DPT::$ && CTR::EN,,,,,same,same,success,40,40,success,success,896375.836,891571.975
SEC::MED,SEC::$ && DPT::$ && CTR::FR,,,,,same,same,success,40,40,success,success,879949.510,889314.542
SEC::MED,SEC::$ && DPT::DEV,,,,,different,TP_TP,success,40,10,success,success,887699.608,344818.203
SEC::MED,SEC::$ && DPT::DEV && CTR::$,,,,,same,same,success,40,40,success,success,945092.157,923633.976
SEC::MED,SEC::$ && DPT::DEV && CTR::EN,,,,,same,same,success,20,20,success,success,544800.414,538907.305
SEC::MED,SEC::$ && DPT::DEV && CTR::FR,,,,,same,same,success,20,20,success,success,561359.936,529481.240
SEC::MED,SEC::$ && DPT::MKG,,,,,different,TP_TP,success,40,10,success,success,891665.882,350683.645
SEC::MED,SEC::$ && DPT::MKG && CTR::$,,,,,same,same,success,40,40,success,success,882061.837,898786.333
SEC::MED,SEC::$ && DPT::MKG && CTR::EN,,,,,same,same,success,20,20,success,success,561378.887,550445.358
SEC::MED,SEC::$ && DPT::MKG && CTR::FR,,,,,same,same,success,20,20,success,success,521043.342,546401.794
SEC::MED,SEC::HIG,,,,,different,TP_TP,success,64,4,success,success,1306391.303,238276.983
SEC::MED,SEC::HIG && CTR::$,,,,,different,TP_TP,success,64,16,success,success,1358033.982,466872.802
SEC::MED,SEC::HIG && CTR::EN,,,,,different,TP_TP,success,32,8,success,success,749096.052,313561.753
SEC::MED,SEC::HIG && CTR::FR,,,,,different,TP_TP,success,32,8,success,success,782334.829,367122.355
SEC::MED,SEC::HIG && DPT::$,,,,,different,TP_TP,success,64,16,success,success,1349962.752,443121.480
SEC::MED,SEC::HIG && DPT::$ && CTR::$,,,,,same,same,success,64,64,success,success,1319996.238,1332008.033
SEC::MED,SEC::HIG && DPT::$ && CTR::EN,,,,,same,same,success,32,32,success,success,745347.936,745382.100
SEC::MED,SEC::HIG && DPT::$ && CTR::FR,,,,,same,same,success,32,32,success,success,803165.573,740187.481
SEC::MED,SEC::HIG && DPT::DEV,,,,,different,TP_TP,success,32,8,success,success,745441.677,308219.938
SEC::MED,SEC::HIG && DPT::DEV && CTR::$,,,,,same,same,success,32,32,success,success,771828.713,749179.488
SEC::MED,SEC::HIG && DPT::DEV && CTR::EN,,,,,same,same,success,16,16,success,success,457580.066,473674.615
SEC::MED,SEC::HIG && DPT::DEV && CTR::FR,,,,,same,same,success,16,16,success,success,473795.327,466239.329
SEC::MED,SEC::HIG && DPT::MKG,,,,,different,TP_TP,success,32,8,success,success,778268.301,302314.191
SEC::MED,SEC::HIG && DPT::MKG && CTR::$,,,,,same,same,success,32,32,success,success,754005.736,772018.829
SEC::MED,SEC::HIG && DPT::MKG && CTR::EN,,,,,same,same,success,16,16,success,success,442965.092,460384.932
SEC::MED,SEC::HIG && DPT::MKG && CTR::FR,,,,,same,same,success,16,16,success,success,476943.196,471184.574
SEC::MED,SEC::LOW,,,,,different,TN_TN,failure,32,2,failure,failure,1279850.534,149935.337
SEC::MED,SEC::LOW && CTR::$,,,,,different,TN_TN,failure,32,8,failure,failure,1309474.361,372060.803
SEC::MED,SEC::LOW && CTR::EN,,,,,different,TN_TN,failure,16,4,failure,failure,690741.438,221649.424
SEC::MED,SEC::LOW && CTR::FR,,,,,different,TN_TN,failure,16,4,failure,failure,680809.634,222141.788
SEC::MED,SEC::LOW && DPT::$,,,,,different,TN_TN,failure,32,8,failure,failure,1286200.421,379925.205
SEC::MED,SEC::LOW && DPT::$ && CTR::$,,,,,same,same,failure,32,32,failure,failure,1258735.653,1282165.336
SEC::MED,SEC::LOW && DPT::$ && CTR::EN,,,,,same,same,failure,16,16,failure,failure,683151.797,668009.784
SEC::MED,SEC::LOW && DPT::$ && CTR::FR,,,,,same,same,failure,16,16,failure,failure,675760.543,669980.260
SEC::MED,SEC::LOW && DPT::DEV,,,,,different,TN_TN,failure,16,4,failure,failure,676858.462,222297.279
SEC::MED,SEC::LOW && DPT::DEV && CTR::$,,,,,same,same,failure,16,16,failure,failure,681863.971,671269.308
SEC::MED,SEC::LOW && DPT::DEV && CTR::EN,,,,,same,same,failure,8,8,failure,failure,375604.009,375960.067
SEC::MED,SEC::LOW && DPT::DEV && CTR::FR,,,,,same,same,failure,8,8,failure,failure,382889.816,373023.404
SEC::MED,SEC::LOW && DPT::MKG,,,,,different,TN_TN,failure,16,4,failure,failure,679042.880,224288.750
SEC::MED,SEC::LOW && DPT::MKG && CTR::$,,,,,same,same,failure,16,16,failure,failure,693939.818,670056.273
SEC::MED,SEC::LOW && DPT::MKG && CTR::EN,,,,,same,same,failure,8,8,failure,failure,387645.385,379439.829
SEC::MED,SEC::LOW && DPT::MKG && CTR::FR,,,,,same,same,failure,8,8,failure,failure,384044.061,369697.495
SEC::MED,SEC::MED,,,,,different,TP_TP,success,48,3,success,success,1022181.287,213185.547
SEC::MED,SEC::MED && CTR::$,,,,,different,TP_TP,success,48,12,success,success,1048318.118,385703.934
SEC::MED,SEC::MED && CTR::EN,,,,,different,TP_TP,success,24,6,success,success,602549.777,288979.042
SEC::MED,SEC::MED && CTR::FR,,,,,different,TP_TP,success,24,6,success,success,593357.125,263881.376
SEC::MED,SEC::MED && DPT::$,,,,,different,TP_TP,success,48,12,success,success,1057337.120,421158.132
SEC::MED,SEC::MED && DPT::$ && CTR::$,,,,,same,same,success,48,48,success,success,1043967.361,1172048.299
SEC::MED,SEC::MED && DPT::$ && CTR::EN,,,,,same,same,success,24,24,success,success,610045.523,642261.387
SEC::MED,SEC::MED && DPT::$ && CTR::FR,,,,,same,same,success,24,24,success,success,648248.723,580963.868
SEC::MED,SEC::MED && DPT::DEV,,,,,different,TP_TP,success,24,6,success,success,586057.688,280782.443
SEC::MED,SEC::MED && DPT::DEV && CTR::$,,,,,same,same,success,24,24,success,success,609251.203,608818.632
SEC::MED,SEC::MED && DPT::DEV && CTR::EN,,,,,same,same,success,12,12,success,success,369534.173,387008.135
SEC::MED,SEC::MED && DPT::DEV && CTR::FR,,,,,same,same,success,12,12,success,success,378409.361,386816.361
SEC::MED,SEC::MED && DPT::MKG,,,,,different,TP_TP,success,24,6,success,success,603160.238,268149.246
SEC::MED,SEC::MED && DPT::MKG && CTR::$,,,,,same,same,success,24,24,success,success,603598.245,606970.825
SEC::MED,SEC::MED && DPT::MKG && CTR::EN,,,,,same,same,success,12,12,success,success,379457.382,382548.149
SEC::MED,SEC::MED && DPT::MKG && CTR::FR,,,,,same,same,success,12,12,success,success,379766.131,370947.715
SEC::MED && CTR::$,CTR::$,,,,,different,TN_FP,failure,80,4,success,failure,1599618.775,227064.791
SEC::MED && CTR::$,CTR::EN,,,,,different,TN_TN,failure,40,2,failure,failure,1584119.787,148384.282
SEC::MED && CTR::$,CTR::FR,,,,,different,TN_TN,failure,40,2,failure,failure,1576410.427,148592.893
SEC::MED && CTR::$,DPT::$,,,,,different,TN_FP,failure,80,4,success,failure,1601055.079,222590.049
SEC::MED && CTR::$,DPT::$ && CTR::$,,,,,different,TN_FP,failure,80,16,success,failure,1612725.464,665722.144
SEC::MED && CTR::$,DPT::$ && CTR::EN,,,,,different,TN_TN,failure,40,8,failure,failure,1591975.087,371403.895
SEC::MED && CTR::$,DPT::$ && CTR::FR,,,,,different,TN_TN,failure,40,8,failure,failure,1582212.049,383912.874
SEC::MED && CTR::$,DPT::DEV,,,,,different,TN_FP,failure,40,2,success,failure,876353.460,147669.206
SEC::MED && CTR::$,DPT::DEV && CTR::$,,,,,different,TN_FP,failure,40,8,success,failure,851131.324,385615.558
SEC::MED && CTR::$,DPT::DEV && CTR::EN,,,,,different,TN_TN,failure,20,4,failure,failure,813595.632,221947.613
SEC::MED && CTR::$,DPT::DEV && CTR::FR,,,,,different,TN_TN,failure,20,4,failure,failure,814096.576,230128.764
SEC::MED && CTR::$,DPT::MKG,,,,,different,TN_FP,failure,40,2,success,failure,860457.077,147757.617
SEC::MED && CTR::$,DPT::MKG && CTR::$,,,,,different,TN_FP,failure,40,8,success,failure,880480.982,379525.444
SEC::MED && CTR::$,DPT::MKG && CTR::EN,,,,,different,TN_TN,failure,20,4,failure,failure,826774.677,230211.184
SEC::MED && CTR::$,DPT::MKG && CTR::FR,,,,,different,TN_TN,failure,20,4,failure,failure,823171.635,224148.367
SEC::MED && CTR::$,SEC::$,,,,,different,TN_FP,failure,80,5,success,failure,1742223.766,261400.957
SEC::MED && CTR::$,SEC::$ && CTR::$,,,,,different,TP_TP,success,80,20,success,success,1738380.762,539178.078
SEC::MED && CTR::$,SEC::$ && CTR::EN,,,,,different,TN_TN,failure,40,10,failure,failure,1553783.218,444999.472
SEC::MED && CTR::$,SEC::$ && CTR::FR,,,,,different,TN_TN,failure,40,10,failure,failure,1565488.370,452665.407
SEC::MED && CTR::$,SEC::$ && DPT::$,,,,,different,TN_FP,failure,80,20,success,failure,1973635.757,824089.731
SEC::MED && CTR::$,SEC::$ && DPT::$ && CTR::$,,,,,same,same,success,80,80,success,success,1967159.549,1644375.462
SEC::MED && CTR::$,SEC::$ && DPT::$ && CTR::EN,,,,,same,same,failure,40,40,failure,failure,1830853.744,1570486.390
SEC::MED && CTR::$,SEC::$ && DPT::$ && CTR::FR,,,,,same,same,failure,40,40,failure,failure,1745057.181,1560376.961
SEC::MED && CTR::$,SEC::$ && DPT::DEV,,,,,different,TN_FP,failure,40,10,success,failure,928254.012,443924.101
SEC::MED && CTR::$,SEC::$ && DPT::DEV && CTR::$,,,,,same,same,success,40,40,success,success,962172.194,958573.014
SEC::MED && CTR::$,SEC::$ && DPT::DEV && CTR::EN,,,,,same,same,failure,20,20,failure,failure,820874.005,824935.914
SEC::MED && CTR::$,SEC::$ && DPT::DEV && CTR::FR,,,,,same,same,failure,20,20,failure,failure,822715.809,826179.516
SEC::MED && CTR::$,SEC::$ && DPT::MKG,,,,,different,TN_FP,failure,40,10,success,failure,944201.170,444538.297
SEC::MED && CTR::$,SEC::$ && DPT::MKG && CTR::$,,,,,same,same,success,40,40,success,success,950983.547,963709.137
SEC::MED && CTR::$,SEC::$ && DPT::MKG && CTR::EN,,,,,same,same,failure,20,20,failure,failure,822987.990,827311.474
SEC::MED && CTR::$,SEC::$ && DPT::MKG && CTR::FR,,,,,same,same,failure,20,20,failure,failure,915211.723,827316.639
SEC::MED && CTR::$,SEC::HIG,,,,,different,TN_FP,failure,64,4,success,failure,1333508.859,224022.456
SEC::MED && CTR::$,SEC::HIG && CTR::$,,,,,different,TP_TP,success,64,16,success,success,1295694.924,464843.460
SEC::MED && CTR::$,SEC::HIG && CTR::EN,,,,,different,TN_TN,failure,32,8,failure,failure,1271259.630,372384.671
SEC::MED && CTR::$,SEC::HIG && CTR::FR,,,,,different,TN_TN,failure,32,8,failure,failure,1256073.775,375006.308
SEC::MED && CTR::$,SEC::HIG && DPT::$,,,,,different,TN_FP,failure,64,16,success,failure,1395369.349,674909.767
SEC::MED && CTR::$,SEC::HIG && DPT::$ && CTR::$,,,,,same,same,success,64,64,success,success,1352584.671,1353109.800
SEC::MED && CTR::$,SEC::HIG && DPT::$ && CTR::EN,,,,,same,same,failure,32,32,failure,failure,1275623.140,1271789.108
SEC::MED && CTR::$,SEC::HIG && DPT::$ && CTR::FR,,,,,same,same,failure,32,32,failure,failure,1266681.693,1268102.147
SEC::MED && CTR::$,SEC::HIG && DPT::DEV,,,,,different,TN_FP,failure,32,8,success,failure,720492.348,374420.258
SEC::MED && CTR::$,SEC::HIG && DPT::DEV && CTR::$,,,,,same,same,success,32,32,success,success,740437.375,769442.096
SEC::MED && CTR::$,SEC::HIG && DPT::DEV && CTR::EN,,,,,same,same,failure,16,16,failure,failure,669637.502,676978.127
SEC::MED && CTR::$,SEC::HIG && DPT::DEV && CTR::FR,,,,,same,same,failure,16,16,failure,failure,664993.767,683690.537
SEC::MED && CTR::$,SEC::HIG && DPT::MKG,,,,,different,TN_FP,failure,32,8,success,failure,770425.115,381658.225
SEC::MED && CTR::$,SEC::HIG && DPT::MKG && CTR::$,,,,,same,same,success,32,32,success,success,741635.944,782912.513
SEC::MED && CTR::$,SEC::HIG && DPT::MKG && CTR::EN,,,,,same,same,failure,16,16,failure,failure,666580.248,684484.476
SEC::MED && CTR::$,SEC::HIG && DPT::MKG && CTR::FR,,,,,same,same,failure,16,16,failure,failure,666883.772,666041.903
SEC::MED && CTR::$,SEC::LOW,,,,,different,TN_TN,failure,32,2,failure,failure,1263580.265,147962.280
SEC::MED && CTR::$,SEC::LOW && CTR::$,,,,,different,TN_TN,failure,32,8,failure,failure,1261076.795,372038.046
SEC::MED && CTR::$,SEC::LOW && CTR::EN,,,,,different,TN_TN,failure,16,4,failure,failure,669748.415,239646.006
SEC::MED && CTR::$,SEC::LOW && CTR::FR,,,,,different,TN_TN,failure,16,4,failure,failure,669730.451,246731.622
SEC::MED && CTR::$,SEC::LOW && DPT::$,,,,,different,TN_TN,failure,32,8,failure,failure,1255841.765,379498.574
SEC::MED && CTR::$,SEC::LOW && DPT::$ && CTR::$,,,,,same,same,failure,32,32,failure,failure,1256062.970,1279260.708
SEC::MED && CTR::$,SEC::LOW && DPT::$ && CTR::EN,,,,,same,same,failure,16,16,failure,failure,665968.255,700073.007
SEC::MED && CTR::$,SEC::LOW && DPT::$ && CTR::FR,,,,,same,same,failure,16,16,failure,failure,663390.284,684354.964
SEC::MED && CTR::$,SEC::LOW && DPT::DEV,,,,,different,TN_TN,failure,16,4,failure,failure,668276.088,224471.141
SEC::MED && CTR::$,SEC::LOW && DPT::DEV && CTR::$,,,,,same,same,failure,16,16,failure,failure,675493.953,679086.958
SEC::MED && CTR::$,SEC::LOW && DPT::DEV && CTR::EN,,,,,same,same,failure,8,8,failure,failure,373889.613,365194.764
SEC::MED && CTR::$,SEC::LOW && DPT::DEV && CTR::FR,,,,,same,same,failure,8,8,failure,failure,373238.322,364760.930
SEC::MED && CTR::$,SEC::LOW && DPT::MKG,,,,,different,TN_TN,failure,16,4,failure,failure,669148.319,235739.258
SEC::MED && CTR::$,SEC::LOW && DPT::MKG && CTR::$,,,,,same,same,failure,16,16,failure,failure,667365.917,682557.672
SEC::MED && CTR::$,SEC::LOW && DPT::MKG && CTR::EN,,,,,same,same,failure,8,8,failure,failure,370646.170,437516.817
SEC::MED && CTR::$,SEC::LOW && DPT::MKG && CTR::FR,,,,,same,same,failure,8,8,failure,failure,371050.292,380951.194
SEC::MED && CTR::$,SEC::MED,,,,,different,TN_FP,failure,48,3,success,failure,1024440.990,185976.104
SEC::MED && CTR::$,SEC::MED && CTR::$,,,,,different,TP_TP,success,48,12,success,success,1127502.157,374084.730
SEC::MED && CTR::$,SEC::MED && CTR::EN,,,,,different,TN_TN,failure,24,6,failure,failure,969246.098,306112.746
SEC::MED && CTR::$,SEC::MED && CTR::FR,,,,,different,TN_TN,failure,24,6,failure,failure,988928.613,296038.474
SEC::MED && CTR::$,SEC::MED && DPT::$,,,,,different,TN_FP,failure,48,12,success,failure,1115441.529,526446.066
SEC::MED && CTR::$,SEC::MED && DPT::$ && CTR::$,,,,,same,same,success,48,48,success,success,1117997.864,1103665.831
SEC::MED && CTR::$,SEC::MED && DPT::$ && CTR::EN,,,,,same,same,failure,24,24,failure,failure,960061.090,979224.941
SEC::MED && CTR::$,SEC::MED && DPT::$ && CTR::FR,,,,,same,same,failure,24,24,failure,failure,964851.750,980259.732
SEC::MED && CTR::$,SEC::MED && DPT::DEV,,,,,different,TN_FP,failure,24,6,success,failure,592636.678,295701.056
SEC::MED && CTR::$,SEC::MED && DPT::DEV && CTR::$,,,,,same,same,success,24,24,success,success,582585.660,610080.724
SEC::MED && CTR::$,SEC::MED && DPT::DEV && CTR::EN,,,,,same,same,failure,12,12,failure,failure,520774.823,529757.808
SEC::MED && CTR::$,SEC::MED && DPT::DEV && CTR::FR,,,,,same,same,failure,12,12,failure,failure,516802.463,519653.936
SEC::MED && CTR::$,SEC::MED && DPT::MKG,,,,,different,TN_FP,failure,24,6,success,failure,590245.914,299886.968
SEC::MED && CTR::$,SEC::MED && DPT::MKG && CTR::$,,,,,same,same,success,24,24,success,success,586750.627,599243.566
SEC::MED && CTR::$,SEC::MED && DPT::MKG && CTR::EN,,,,,same,same,failure,12,12,failure,failure,515688.829,518285.654
SEC::MED && CTR::$,SEC::MED && DPT::MKG && CTR::FR,,,,,same,same,failure,12,12,failure,failure,529294.314,525297.697
SEC::MED && CTR::EN,CTR::$,,,,,different,TN_FP,failure,80,4,success,failure,1766589.965,222341.127
SEC::MED && CTR::EN,CTR::EN,,,,,different,TN_FP,failure,40,2,success,failure,915621.402,147609.784
SEC::MED && CTR::EN,CTR::FR,,,,,different,TN_TN,failure,40,2,failure,failure,1595320.808,148092.219
SEC::MED && CTR::EN,DPT::$,,,,,different,TN_FP,failure,80,4,success,failure,1624456.248,232639.533
SEC::MED && CTR::EN,DPT::$ && CTR::$,,,,,different,TN_FP,failure,80,16,success,failure,1665459.937,677911.703
SEC::MED && CTR::EN,DPT::$ && CTR::EN,,,,,different,TN_FP,failure,40,8,success,failure,905100.152,371122.844
SEC::MED && CTR::EN,DPT::$ && CTR::FR,,,,,different,TN_TN,failure,40,8,failure,failure,1580244.894,381150.042
SEC::MED && CTR::EN,DPT::DEV,,,,,different,TN_FP,failure,40,2,success,failure,901874.571,148618.897
SEC::MED && CTR::EN,DPT::DEV && CTR::$,,,,,different,TN_FP,failure,40,8,success,failure,937248.885,370415.662
SEC::MED && CTR::EN,DPT::DEV && CTR::EN,,,,,different,TN_FP,failure,20,4,success,failure,549550.014,222098.786
SEC::MED && CTR::EN,DPT::DEV && CTR::FR,,,,,different,TN_TN,failure,20,4,failure,failure,831963.716,232625.767
SEC::MED && CTR::EN,DPT::MKG,,,,,different,TN_FP,failure,40,2,success,failure,879618.835,147887.090
SEC::MED && CTR::EN,DPT::MKG && CTR::$,,,,,different,TN_FP,failure,40,8,success,failure,900500.559,371855.092
SEC::MED && CTR::EN,DPT::MKG && CTR::EN,,,,,different,TN_FP,failure,20,4,success,failure,539343.288,222327.551
SEC::MED && CTR::EN,DPT::MKG && CTR::FR,,,,,different,TN_TN,failure,20,4,failure,failure,841024.446,222395.098
SEC::MED && CTR::EN,SEC::$,,,,,different,TN_FP,failure,80,5,success,failure,1650717.879,259759.889
SEC::MED && CTR::EN,SEC::$ && CTR::$,,,,,different,TP_TP,success,80,20,success,success,1734657.995,564437.178
SEC::MED && CTR::EN,SEC::$ && CTR::EN,,,,,different,TP_TP,success,40,10,success,success,907475.247,348590.980
SEC::MED && CTR::EN,SEC::$ && CTR::FR,,,,,different,TN_TN,failure,40,10,failure,failure,1558126.556,447254.417
SEC::MED && CTR::EN,SEC::$ && DPT::$,,,,,different,TN_FP,failure,80,20,success,failure,1681444.023,1099731.786
SEC::MED && CTR::EN,SEC::$ && DPT::$ && CTR::$,,,,,same,same,success,80,80,success,success,1827303.369,1615208.146
SEC::MED && CTR::EN,SEC::$ && DPT::$ && CTR::EN,,,,,same,same,success,40,40,success,success,892522.865,866619.507
SEC::MED && CTR::EN,SEC::$ && DPT::$ && CTR::FR,,,,,same,same,failure,40,40,failure,failure,1566563.160,1567810.365
SEC::MED && CTR::EN,SEC::$ && DPT::DEV,,,,,different,TN_FP,failure,40,10,success,failure,867005.125,459412.668
SEC::MED && CTR::EN,SEC::$ && DPT::DEV && CTR::$,,,,,same,same,success,40,40,success,success,897207.637,1193239.684
SEC::MED && CTR::EN,SEC::$ && DPT::DEV && CTR::EN,,,,,same,same,success,20,20,success,success,504821.043,691228.231
SEC::MED && CTR::EN,SEC::$ && DPT::DEV && CTR::FR,,,,,same,same,failure,20,20,failure,failure,817391.792,1103009.555
SEC::MED && CTR::EN,SEC::$ && DPT::MKG,,,,,different,TN_FP,failure,40,10,success,failure,866662.693,603291.644
SEC::MED && CTR::EN,SEC::$ && DPT::MKG && CTR::$,,,,,same,same,success,40,40,success,success,862097.860,1242025.194
SEC::MED && CTR::EN,SEC::$ && DPT::MKG && CTR::EN,,,,,same,same,success,20,20,success,success,518381.399,704628.912
SEC::MED && CTR::EN,SEC::$ && DPT::MKG && CTR::FR,,,,,same,same,failure,20,20,failure,failure,825616.039,1106150.662
SEC::MED && CTR::EN,SEC::HIG,,,,,different,TN_FP,failure,64,4,success,failure,1431511.498,224800.900
SEC::MED && CTR::EN,SEC::HIG && CTR::$,,,,,different,TP_TP,success,64,16,success,success,1457791.242,484237.493
SEC::MED && CTR::EN,SEC::HIG && CTR::EN,,,,,different,TP_TP,success,32,8,success,success,765858.704,314009.167
SEC::MED && CTR::EN,SEC::HIG && CTR::FR,,,,,different,TN_TN,failure,32,8,failure,failure,1267813.687,373434.359
SEC::MED && CTR::EN,SEC::HIG && DPT::$,,,,,different,TN_FP,failure,64,16,success,failure,1315394.271,678809.186
SEC::MED && CTR::EN,SEC::HIG && DPT::$ && CTR::$,,,,,same,same,success,64,64,success,success,1326451.691,1295337.850
SEC::MED && CTR::EN,SEC::HIG && DPT::$ && CTR::EN,,,,,same,same,success,32,32,success,success,727247.424,747658.380
SEC::MED && CTR::EN,SEC::HIG && DPT::$ && CTR::FR,,,,,same,same,failure,32,32,failure,failure,1263494.184,1277855.262
SEC::MED && CTR::EN,SEC::HIG && DPT::DEV,,,,,different,TN_FP,failure,32,8,success,failure,741802.986,381220.289
SEC::MED && CTR::EN,SEC::HIG && DPT::DEV && CTR::$,,,,,same,same,success,32,32,success,success,735437.392,813455.489
SEC::MED && CTR::EN,SEC::HIG && DPT::DEV && CTR::EN,,,,,same,same,success,16,16,success,success,449590.024,456337.866
SEC::MED && CTR::EN,SEC::HIG && DPT::DEV && CTR::FR,,,,,same,same,failure,16,16,failure,failure,671169.742,673981.766
SEC::MED && CTR::EN,SEC::HIG && DPT::MKG,,,,,different,TN_FP,failure,32,8,success,failure,734950.348,374170.445
SEC::MED && CTR::EN,SEC::HIG && DPT::MKG && CTR::$,,,,,same,same,success,32,32,success,success,756194.397,745244.657
SEC::MED && CTR::EN,SEC::HIG && DPT::MKG && CTR::EN,,,,,same,same,success,16,16,success,success,459770.184,448877.201
SEC::MED && CTR::EN,SEC::HIG && DPT::MKG && CTR::FR,,,,,same,same,failure,16,16,failure,failure,668124.314,678059.816
SEC::MED && CTR::EN,SEC::LOW,,,,,different,TN_TN,failure,32,2,failure,failure,1258132.983,147831.315
SEC::MED && CTR::EN,SEC::LOW && CTR::$,,,,,different,TN_TN,failure,32,8,failure,failure,1261461.090,395672.041
SEC::MED && CTR::EN,SEC::LOW && CTR::EN,,,,,different,TN_TN,failure,16,4,failure,failure,668046.292,222476.250
SEC::MED && CTR::EN,SEC::LOW && CTR::FR,,,,,different,TN_TN,failure,16,4,failure,failure,665589.243,225126.586
SEC::MED && CTR::EN,SEC::LOW && DPT::$,,,,,different,TN_TN,failure,32,8,failure,failure,1288251.958,378212.276
SEC::MED && CTR::EN,SEC::LOW && DPT::$ && CTR::$,,,,,same,same,failure,32,32,failure,failure,1285839.252,1309297.189
SEC::MED && CTR::EN,SEC::LOW && DPT::$ && CTR::EN,,,,,same,same,failure,16,16,failure,failure,680283.130,668903.331
SEC::MED && CTR::EN,SEC::LOW && DPT::$ && CTR::FR,,,,,same,same,failure,16,16,failure,failure,684869.779,658510.792
SEC::MED && CTR::EN,SEC::LOW && DPT::DEV,,,,,different,TN_TN,failure,16,4,failure,failure,667429.922,222283.017
SEC::MED && CTR::EN,SEC::LOW && DPT::DEV && CTR::$,,,,,same,same,failure,16,16,failure,failure,677828.101,668066.600
SEC::MED && CTR::EN,SEC::LOW && DPT::DEV && CTR::EN,,,,,same,same,failure,8,8,failure,failure,370391.677,378222.431
SEC::MED && CTR::EN,SEC::LOW && DPT::DEV && CTR::FR,,,,,same,same,failure,8,8,failure,failure,371298.924,376890.597
SEC::MED && CTR::EN,SEC::LOW && DPT::MKG,,,,,different,TN_TN,failure,16,4,failure,failure,676651.179,226700.929
SEC::MED && CTR::EN,SEC::LOW && DPT::MKG && CTR::$,,,,,same,same,failure,16,16,failure,failure,677425.331,688121.794
SEC::MED && CTR::EN,SEC::LOW && DPT::MKG && CTR::EN,,,,,same,same,failure,8,8,failure,failure,383234.982,371653.434
SEC::MED && CTR::EN,SEC::LOW && DPT::MKG && CTR::FR,,,,,same,same,failure,8,8,failure,failure,377905.396,370200.574
SEC::MED && CTR::EN,SEC::MED,,,,,different,TN_FP,failure,48,3,success,failure,1025604.798,199401.127
SEC::MED && CTR::EN,SEC::MED && CTR::$,,,,,different,TP_TP,success,48,12,success,success,1029737.525,446672.656
SEC::MED && CTR::EN,SEC::MED && CTR::EN,,,,,different,TP_TP,success,24,6,success,success,597561.961,270699.881
SEC::MED && CTR::EN,SEC::MED && CTR::FR,,,,,different,TN_TN,failure,24,6,failure,failure,967395.357,333993.383
SEC::MED && CTR::EN,SEC::MED && DPT::$,,,,,different,TN_FP,failure,48,12,success,failure,1052431.087,520142.547
SEC::MED && CTR::EN,SEC::MED && DPT::$ && CTR::$,,,,,same,same,success,48,48,success,success,1017618.368,1055355.949
SEC::MED && CTR::EN,SEC::MED && DPT::$ && CTR::EN,,,,,same,same,success,24,24,success,success,604384.704,633615.529
SEC::MED && CTR::EN,SEC::MED && DPT::$ && CTR::FR,,,,,same,same,failure,24,24,failure,failure,964670.861,980590.627
SEC::MED && CTR::EN,SEC::MED && DPT::DEV,,,,,different,TN_FP,failure,24,6,success,failure,627936.887,322336.683
SEC::MED && CTR::EN,SEC::MED && DPT::DEV && CTR::$,,,,,same,same,success,24,24,success,success,585516.076,585543.974
SEC::MED && CTR::EN,SEC::MED && DPT::DEV && CTR::EN,,,,,same,same,success,12,12,success,success,372699.831,438553.041
SEC::MED && CTR::EN,SEC::MED && DPT::DEV && CTR::FR,,,,,same,same,failure,12,12,failure,failure,522143.125,519854.758
SEC::MED && CTR::EN,SEC::MED && DPT::MKG,,,,,different,TN_FP,failure,24,6,success,failure,591980.332,298302.556
SEC::MED && CTR::EN,SEC::MED && DPT::MKG && CTR::$,,,,,same,same,success,24,24,success,success,680798.282,595831.191
SEC::MED && CTR::EN,SEC::MED && DPT::MKG && CTR::EN,,,,,same,same,success,12,12,success,success,376573.498,383509.914
SEC::MED && CTR::EN,SEC::MED && DPT::MKG && CTR::FR,,,,,same,same,failure,12,12,failure,failure,522471.637,525171.345
SEC::MED && CTR::FR,CTR::$,,,,,different,TN_FP,failure,80,4,success,failure,1646126.992,222812.255
SEC::MED && CTR::FR,CTR::EN,,,,,different,TN_TN,failure,40,2,failure,failure,1584829.644,148796.705
SEC::MED && CTR::FR,CTR::FR,,,,,different,TN_FP,failure,40,2,success,failure,887476.163,148999.461
SEC::MED && CTR::FR,DPT::$,,,,,different,TN_FP,failure,80,4,success,failure,1641973.241,222119.435
SEC::MED && CTR::FR,DPT::$ && CTR::$,,,,,different,TN_FP,failure,80,16,success,failure,1593224.295,667632.502
SEC::MED && CTR::FR,DPT::$ && CTR::EN,,,,,different,TN_TN,failure,40,8,failure,failure,1583051.414,378892.383
SEC::MED && CTR::FR,DPT::$ && CTR::FR,,,,,different,TN_FP,failure,40,8,success,failure,989996.757,370603.514
SEC::MED && CTR::FR,DPT::DEV,,,,,different,TN_FP,failure,40,2,success,failure,888978.862,148460.109
SEC::MED && CTR::FR,DPT::DEV && CTR::$,,,,,different,TN_FP,failure,40,8,success,failure,857519.221,379450.233
SEC::MED && CTR::FR,DPT::DEV && CTR::EN,,,,,different,TN_TN,failure,20,4,failure,failure,839728.331,222515.669
SEC::MED && CTR::FR,DPT::DEV && CTR::FR,,,,,different,TN_FP,failure,20,4,success,failure,543174.950,223292.897
SEC::MED && CTR::FR,DPT::MKG,,,,,different,TN_FP,failure,40,2,success,failure,893934.191,149532.676
SEC::MED && CTR::FR,DPT::MKG && CTR::$,,,,,different,TN_FP,failure,40,8,success,failure,920372.073,370023.306
SEC::MED && CTR::FR,DPT::MKG && CTR::EN,,,,,different,TN_TN,failure,20,4,failure,failure,834440.261,222533.628
SEC::MED && CTR::FR,DPT::MKG && CTR::FR,,,,,different,TN_FP,failure,20,4,success,failure,540856.010,222172.666
SEC::MED && CTR::FR,SEC::$,,,,,different,TN_FP,failure,80,5,success,failure,1750087.681,262389.978
SEC::MED && CTR::FR,SEC::$ && CTR::$,,,,,different,TP_TP,success,80,20,success,success,1821105.323,518525.303
SEC::MED && CTR::FR,SEC::$ && CTR::EN,,,,,different,TN_TN,failure,40,10,failure,failure,1556542.925,446869.265
SEC::MED && CTR::FR,SEC::$ && CTR::FR,,,,,different,TP_TP,success,40,10,success,success,952693.785,353277.455
SEC::MED && CTR::FR,SEC::$ && DPT::$,,,,,different,TN_FP,failure,80,20,success,failure,1600249.968,817019.760
SEC::MED && CTR::FR,SEC::$ && DPT::$ && CTR::$,,,,,same,same,success,80,80,success,success,1635512.818,1586666.033
SEC::MED && CTR::FR,SEC::$ && DPT::$ && CTR::EN,,,,,same,same,failure,40,40,failure,failure,1562016.732,1561386.616
SEC::MED && CTR::FR,SEC::$ && DPT::$ && CTR::FR,,,,,same,same,success,40,40,success,success,979675.280,888080.462
SEC::MED && CTR::FR,SEC::$ && DPT::DEV,,,,,different,TN_FP,failure,40,10,success,failure,880585.748,445263.628
SEC::MED && CTR::FR,SEC::$ && DPT::DEV && CTR::$,,,,,same,same,success,40,40,success,success,863799.522,913014.422
SEC::MED && CTR::FR,SEC::$ && DPT::DEV && CTR::EN,,,,,same,same,failure,20,20,failure,failure,816055.086,829246.730
SEC::MED && CTR::FR,SEC::$ && DPT::DEV && CTR::FR,,,,,same,same,success,20,20,success,success,514046.497,751133.874
SEC::MED && CTR::FR,SEC::$ && DPT::MKG,,,,,different,TN_FP,failure,40,10,success,failure,862293.156,454092.539
SEC::MED && CTR::FR,SEC::$ && DPT::MKG && CTR::$,,,,,same,same,success,40,40,success,success,853017.818,882112.302
SEC::MED && CTR::FR,SEC::$ && DPT::MKG && CTR::EN,,,,,same,same,failure,20,20,failure,failure,815315.102,815915.784
SEC::MED && CTR::FR,SEC::$ && DPT::MKG && CTR::FR,,,,,same,same,success,20,20,success,success,528898.211,513937.443
SEC::MED && CTR::FR,SEC::HIG,,,,,different,TN_FP,failure,64,4,success,failure,1303533.258,228802.106
SEC::MED && CTR::FR,SEC::HIG && CTR::$,,,,,different,TP_TP,success,64,16,success,success,1357119.086,442891.233
SEC::MED && CTR::FR,SEC::HIG && CTR::EN,,,,,different,TN_TN,failure,32,8,failure,failure,1256942.559,376321.515
SEC::MED && CTR::FR,SEC::HIG && CTR::FR,,,,,different,TP_TP,success,32,8,success,success,750607.632,300017.914
SEC::MED && CTR::FR,SEC::HIG && DPT::$,,,,,different,TN_FP,failure,64,16,success,failure,1376048.282,673973.265
SEC::MED && CTR::FR,SEC::HIG && DPT::$ && CTR::$,,,,,same,same,success,64,64,success,success,1370193.921,1394062.894
SEC::MED && CTR::FR,SEC::HIG && DPT::$ && CTR::EN,,,,,same,same,failure,32,32,failure,failure,1258135.748,1269553.109
SEC::MED && CTR::FR,SEC::HIG && DPT::$ && CTR::FR,,,,,same,same,success,32,32,success,success,756265.695,789985.279
SEC::MED && CTR::FR,SEC::HIG && DPT::DEV,,,,,different,TN_FP,failure,32,8,success,failure,758904.971,381165.576
SEC::MED && CTR::FR,SEC::HIG && DPT::DEV && CTR::$,,,,,same,same,success,32,32,success,success,740113.353,817381.047
SEC::MED && CTR::FR,SEC::HIG && DPT::DEV && CTR::EN,,,,,same,same,failure,16,16,failure,failure,668278.843,676441.279
SEC::MED && CTR::FR,SEC::HIG && DPT::DEV && CTR::FR,,,,,same,same,success,16,16,success,success,453049.067,451479.983
SEC::MED && CTR::FR,SEC::HIG && DPT::MKG,,,,,different,TN_FP,failure,32,8,success,failure,798426.173,377722.839
SEC::MED && CTR::FR,SEC::HIG && DPT::MKG && CTR::$,,,,,same,same,success,32,32,success,success,764106.508,740446.677
SEC::MED && CTR::FR,SEC::HIG && DPT::MKG && CTR::EN,,,,,same,same,failure,16,16,failure,failure,667275.713,676337.209
SEC::MED && CTR::FR,SEC::HIG && DPT::MKG && CTR::FR,,,,,same,same,success,16,16,success,success,461202.129,488366.263
SEC::MED && CTR::FR,SEC::LOW,,,,,different,TN_TN,failure,32,2,failure,failure,1258138.292,147840.041
SEC::MED && CTR::FR,SEC::LOW && CTR::$,,,,,different,TN_TN,failure,32,8,failure,failure,1257519.942,372410.889
SEC::MED && CTR::FR,SEC::LOW && CTR::EN,,,,,different,TN_TN,failure,16,4,failure,failure,671028.010,223046.590
SEC::MED && CTR::FR,SEC::LOW && CTR::FR,,,,,different,TN_TN,failure,16,4,failure,failure,671379.439,230467.805
SEC::MED && CTR::FR,SEC::LOW && DPT::$,,,,,different,TN_TN,failure,32,8,failure,failure,1284112.398,370528.634
SEC::MED && CTR::FR,SEC::LOW && DPT::$ && CTR::$,,,,,same,same,failure,32,32,failure,failure,1282601.414,1427417.283
SEC::MED && CTR::FR,SEC::LOW && DPT::$ && CTR::EN,,,,,same,same,failure,16,16,failure,failure,673337.919,676974.405
SEC::MED && CTR::FR,SEC::LOW && DPT::$ && CTR::FR,,,,,same,same,failure,16,16,failure,failure,684319.762,673913.233
SEC::MED && CTR::FR,SEC::LOW && DPT::DEV,,,,,different,TN_TN,failure,16,4,failure,failure,665038.145,222549.918
SEC::MED && CTR::FR,SEC::LOW && DPT::DEV && CTR::$,,,,,same,same,failure,16,16,failure,failure,673900.880,675837.588
SEC::MED && CTR::FR,SEC::LOW && DPT::DEV && CTR::EN,,,,,same,same,failure,8,8,failure,failure,368491.508,378701.144
SEC::MED && CTR::FR,SEC::LOW && DPT::DEV && CTR::FR,,,,,same,same,failure,8,8,failure,failure,383227.689,374147.342
SEC::MED && CTR::FR,SEC::LOW && DPT::MKG,,,,,different,TN_TN,failure,16,4,failure,failure,691003.284,244534.561
SEC::MED && CTR::FR,SEC::LOW && DPT::MKG && CTR::$,,,,,same,same,failure,16,16,failure,failure,688630.584,675452.174
SEC::MED && CTR::FR,SEC::LOW && DPT::MKG && CTR::EN,,,,,same,same,failure,8,8,failure,failure,375433.704,370719.522
SEC::MED && CTR::FR,SEC::LOW && DPT::MKG && CTR::FR,,,,,same,same,failure,8,8,failure,failure,374573.251,380869.235
SEC::MED && CTR::FR,SEC::MED,,,,,different,TN_FP,failure,48,3,success,failure,1087025.698,182901.943
SEC::MED && CTR::FR,SEC::MED && CTR::$,,,,,different,TP_TP,success,48,12,success,success,1134524.028,426188.829
SEC::MED && CTR::FR,SEC::MED && CTR::EN,,,,,different,TN_TN,failure,24,6,failure,failure,966088.350,294361.734
SEC::MED && CTR::FR,SEC::MED && CTR::FR,,,,,different,TP_TP,success,24,6,success,success,586483.672,274971.948
SEC::MED && CTR::FR,SEC::MED && DPT::$,,,,,different,TN_FP,failure,48,12,success,failure,1093649.453,521175.610
SEC::MED && CTR::FR,SEC::MED && DPT::$ && CTR::$,,,,,same,same,success,48,48,success,success,1074510.222,1033394.129
SEC::MED && CTR::FR,SEC::MED && DPT::$ && CTR::EN,,,,,same,same,failure,24,24,failure,failure,964931.034,975410.932
SEC::MED && CTR::FR,SEC::MED && DPT::$ && CTR::FR,,,,,same,same,success,24,24,success,success,609155.143,636223.120
SEC::MED && CTR::FR,SEC::MED && DPT::DEV,,,,,different,TN_FP,failure,24,6,success,failure,624331.735,307584.872
SEC::MED && CTR::FR,SEC::MED && DPT::DEV && CTR::$,,,,,same,same,success,24,24,success,success,582083.979,734476.369
SEC::MED && CTR::FR,SEC::MED && DPT::DEV && CTR::EN,,,,,same,same,failure,12,12,failure,failure,521746.320,532762.449
SEC::MED && CTR::FR,SEC::MED && DPT::DEV && CTR::FR,,,,,same,same,success,12,12,success,success,375224.468,391977.041
SEC::MED && CTR::FR,SEC::MED && DPT::MKG,,,,,different,TN_FP,failure,24,6,success,failure,603742.074,323196.520
SEC::MED && CTR::FR,SEC::MED && DPT::MKG && CTR::$,,,,,same,same,success,24,24,success,success,622922.486,652205.569
SEC::MED && CTR::FR,SEC::MED && DPT::MKG && CTR::EN,,,,,same,same,failure,12,12,failure,failure,524016.779,534248.211
SEC::MED && CTR::FR,SEC::MED && DPT::MKG && CTR::FR,,,,,same,same,success,12,12,success,success,382709.988,374837.416
SEC::MED && DPT::$,CTR::$,,,,,different,TN_FP,failure,80,4,success,failure,1700376.987,222132.225
SEC::MED && DPT::$,CTR::EN,,,,,different,TN_FP,failure,40,2,success,failure,937900.612,147763.682
SEC::MED && DPT::$,CTR::FR,,,,,different,TN_FP,failure,40,2,success,failure,968851.308,150811.399
SEC::MED && DPT::$,DPT::$,,,,,different,TN_FP,failure,80,4,success,failure,1659938.099,222062.258
SEC::MED && DPT::$,DPT::$ && CTR::$,,,,,different,TN_FP,failure,80,16,success,failure,1754521.263,677324.035
SEC::MED && DPT::$,DPT::$ && CTR::EN,,,,,different,TN_FP,failure,40,8,success,failure,885702.982,380664.090
SEC::MED && DPT::$,DPT::$ && CTR::FR,,,,,different,TN_FP,failure,40,8,success,failure,881076.919,372614.427
SEC::MED && DPT::$,DPT::DEV,,,,,different,TN_TN,failure,40,2,failure,failure,1560242.285,151509.889
SEC::MED && DPT::$,DPT::DEV && CTR::$,,,,,different,TN_TN,failure,40,8,failure,failure,1568248.226,370378.602
SEC::MED && DPT::$,DPT::DEV && CTR::EN,,,,,different,TN_TN,failure,20,4,failure,failure,816786.728,223283.780
SEC::MED && DPT::$,DPT::DEV && CTR::FR,,,,,different,TN_TN,failure,20,4,failure,failure,820830.237,224226.228
SEC::MED && DPT::$,DPT::MKG,,,,,different,TN_TN,failure,40,2,failure,failure,1571710.937,147680.332
SEC::MED && DPT::$,DPT::MKG && CTR::$,,,,,different,TN_TN,failure,40,8,failure,failure,1583435.038,369917.112
SEC::MED && DPT::$,DPT::MKG && CTR::EN,,,,,different,TN_TN,failure,20,4,failure,failure,815753.745,226923.177
SEC::MED && DPT::$,DPT::MKG && CTR::FR,,,,,different,TN_TN,failure,20,4,failure,failure,817474.358,231536.059
SEC::MED && DPT::$,SEC::$,,,,,different,TN_FP,failure,80,5,success,failure,1644064.388,259002.283
SEC::MED && DPT::$,SEC::$ && CTR::$,,,,,different,TN_FP,failure,80,20,success,failure,1684803.079,824142.986
SEC::MED && DPT::$,SEC::$ && CTR::EN,,,,,different,TN_FP,failure,40,10,success,failure,984526.766,453797.395
SEC::MED && DPT::$,SEC::$ && CTR::FR,,,,,different,TN_FP,failure,40,10,success,failure,934620.334,444463.653
SEC::MED && DPT::$,SEC::$ && DPT::$,,,,,different,TP_TP,success,80,20,success,success,1705861.144,525919.363
SEC::MED && DPT::$,SEC::$ && DPT::$ && CTR::$,,,,,same,same,success,80,80,success,success,1628276.514,1636092.846
SEC::MED && DPT::$,SEC::$ && DPT::$ && CTR::EN,,,,,same,same,success,40,40,success,success,898117.765,907304.706
SEC::MED && DPT::$,SEC::$ && DPT::$ && CTR::FR,,,,,same,same,success,40,40,success,success,923817.635,914670.282
SEC::MED && DPT::$,SEC::$ && DPT::DEV,,,,,different,TN_TN,failure,40,10,failure,failure,1598544.690,444330.974
SEC::MED && DPT::$,SEC::$ && DPT::DEV && CTR::$,,,,,same,same,failure,40,40,failure,failure,1607192.782,1558438.897
SEC::MED && DPT::$,SEC::$ && DPT::DEV && CTR::EN,,,,,same,same,failure,20,20,failure,failure,829150.349,819427.165
SEC::MED && DPT::$,SEC::$ && DPT::DEV && CTR::FR,,,,,same,same,failure,20,20,failure,failure,832945.417,824736.044
SEC::MED && DPT::$,SEC::$ && DPT::MKG,,,,,different,TN_TN,failure,40,10,failure,failure,1600835.712,444374.441
SEC::MED && DPT::$,SEC::$ && DPT::MKG && CTR::$,,,,,same,same,failure,40,40,failure,failure,1601130.840,1541584.998
SEC::MED && DPT::$,SEC::$ && DPT::MKG && CTR::EN,,,,,same,same,failure,20,20,failure,failure,841917.522,826262.061
SEC::MED && DPT::$,SEC::$ && DPT::MKG && CTR::FR,,,,,same,same,failure,20,20,failure,failure,844037.443,807754.726
SEC::MED && DPT::$,SEC::HIG,,,,,different,TN_FP,failure,64,4,success,failure,1610615.141,223797.588
SEC::MED && DPT::$,SEC::HIG && CTR::$,,,,,different,TN_FP,failure,64,16,success,failure,1525120.745,666683.782
SEC::MED && DPT::$,SEC::HIG && CTR::EN,,,,,different,TN_FP,failure,32,8,success,failure,943385.315,380210.324
SEC::MED && DPT::$,SEC::HIG && CTR::FR,,,,,different,TN_FP,failure,32,8,success,failure,1067019.873,373401.328
SEC::MED && DPT::$,SEC::HIG && DPT::$,,,,,different,TP_TP,success,64,16,success,success,1435092.835,467820.900
SEC::MED && DPT::$,SEC::HIG && DPT::$ && CTR::$,,,,,same,same,success,64,64,success,success,1398348.557,1305396.643
SEC::MED && DPT::$,SEC::HIG && DPT::$ && CTR::EN,,,,,same,same,success,32,32,success,success,753232.295,735848.853
SEC::MED && DPT::$,SEC::HIG && DPT::$ && CTR::FR,,,,,same,same,success,32,32,success,success,773560.912,737605.729
SEC::MED && DPT::$,SEC::HIG && DPT::DEV,,,,,different,TN_TN,failure,32,8,failure,failure,1552140.532,370540.516
SEC::MED && DPT::$,SEC::HIG && DPT::DEV && CTR::$,,,,,same,same,failure,32,32,failure,failure,1504767.022,1278509.429
SEC::MED && DPT::$,SEC::HIG && DPT::DEV && CTR::EN,,,,,same,same,failure,16,16,failure,failure,889926.941,669403.168
SEC::MED && DPT::$,SEC::HIG && DPT::DEV && CTR::FR,,,,,same,same,failure,16,16,failure,failure,757286.485,685342.311
SEC::MED && DPT::$,SEC::HIG && DPT::MKG,,,,,different,TN_TN,failure,32,8,failure,failure,1357310.249,376867.254
SEC::MED && DPT::$,SEC::HIG && DPT::MKG && CTR::$,,,,,same,same,failure,32,32,failure,failure,1296799.226,1270514.137
SEC::MED && DPT::$,SEC::HIG && DPT::MKG && CTR::EN,,,,,same,same,failure,16,16,failure,failure,689174.799,671035.665
SEC::MED && DPT::$,SEC::HIG && DPT::MKG && CTR::FR,,,,,same,same,failure,16,16,failure,failure,677404.326,667320.912
SEC::MED && DPT::$,SEC::LOW,,,,,different,TN_TN,failure,32,2,failure,failure,1271522.107,147867.137
SEC::MED && DPT::$,SEC::LOW && CTR::$,,,,,different,TN_TN,failure,32,8,failure,failure,1276010.261,370117.558
SEC::MED && DPT::$,SEC::LOW && CTR::EN,,,,,different,TN_TN,failure,16,4,failure,failure,673402.309,221948.845
SEC::MED && DPT::$,SEC::LOW && CTR::FR,,,,,different,TN_TN,failure,16,4,failure,failure,669261.056,221471.405
SEC::MED && DPT::$,SEC::LOW && DPT::$,,,,,different,TN_TN,failure,32,8,failure,failure,1462832.658,374755.407
SEC::MED && DPT::$,SEC::LOW && DPT::$ && CTR::$,,,,,same,same,failure,32,32,failure,failure,1517099.694,1265462.080
SEC::MED && DPT::$,SEC::LOW && DPT::$ && CTR::EN,,,,,same,same,failure,16,16,failure,failure,757328.929,666510.262
SEC::MED && DPT::$,SEC::LOW && DPT::$ && CTR::FR,,,,,same,same,failure,16,16,failure,failure,795678.264,679255.483
SEC::MED && DPT::$,SEC::LOW && DPT::DEV,,,,,different,TN_TN,failure,16,4,failure,failure,672456.780,227546.971
SEC::MED && DPT::$,SEC::LOW && DPT::DEV && CTR::$,,,,,same,same,failure,16,16,failure,failure,677721.652,679243.095
SEC::MED && DPT::$,SEC::LOW && DPT::DEV && CTR::EN,,,,,same,same,failure,8,8,failure,failure,375449.048,370350.134
SEC::MED && DPT::$,SEC::LOW && DPT::DEV && CTR::FR,,,,,same,same,failure,8,8,failure,failure,372516.904,370669.789
SEC::MED && DPT::$,SEC::LOW && DPT::MKG,,,,,different,TN_TN,failure,16,4,failure,failure,689354.301,221907.834
SEC::MED && DPT::$,SEC::LOW && DPT::MKG && CTR::$,,,,,same,same,failure,16,16,failure,failure,913762.480,667124.474
SEC::MED && DPT::$,SEC::LOW && DPT::MKG && CTR::EN,,,,,same,same,failure,8,8,failure,failure,372444.713,370495.888
SEC::MED && DPT::$,SEC::LOW && DPT::MKG && CTR::FR,,,,,same,same,failure,8,8,failure,failure,371059.280,383123.569
SEC::MED && DPT::$,SEC::MED,,,,,different,TN_FP,failure,48,3,success,failure,1142765.237,185077.855
SEC::MED && DPT::$,SEC::MED && CTR::$,,,,,different,TN_FP,failure,48,12,success,failure,1227990.613,518898.764
SEC::MED && DPT::$,SEC::MED && CTR::EN,,,,,different,TN_FP,failure,24,6,success,failure,660362.044,296239.046
SEC::MED && DPT::$,SEC::MED && CTR::FR,,,,,different,TN_FP,failure,24,6,success,failure,647081.819,298934.176
SEC::MED && DPT::$,SEC::MED && DPT::$,,,,,different,TP_TP,success,48,12,success,success,1113665.688,381700.765
SEC::MED && DPT::$,SEC::MED && DPT::$ && CTR::$,,,,,same,same,success,48,48,success,success,1262063.110,1056684.951
SEC::MED && DPT::$,SEC::MED && DPT::$ && CTR::EN,,,,,same,same,success,24,24,success,success,662513.059,619108.678
SEC::MED && DPT::$,SEC::MED && DPT::$ && CTR::FR,,,,,same,same,success,24,24,success,success,684995.610,619010.052
SEC::MED && DPT::$,SEC::MED && DPT::DEV,,,,,different,TN_TN,failure,24,6,failure,failure,1098308.221,296488.999
SEC::MED && DPT::$,SEC::MED && DPT::DEV && CTR::$,,,,,same,same,failure,24,24,failure,failure,1178200.910,969580.451
SEC::MED && DPT::$,SEC::MED && DPT::DEV && CTR::EN,,,,,same,same,failure,12,12,failure,failure,591624.485,523197.417
SEC::MED && DPT::$,SEC::MED && DPT::DEV && CTR::FR,,,,,same,same,failure,12,12,failure,failure,564892.152,518758.706
SEC::MED && DPT::$,SEC::MED && DPT::MKG,,,,,different,TN_TN,failure,24,6,failure,failure,1098219.480,307113.869
SEC::MED && DPT::$,SEC::MED && DPT::MKG && CTR::$,,,,,same,same,failure,24,24,failure,failure,1120127.448,967447.509
SEC::MED && DPT::$,SEC::MED && DPT::MKG && CTR::EN,,,,,same,same,failure,12,12,failure,failure,612308.949,518134.335
SEC::MED && DPT::$,SEC::MED && DPT::MKG && CTR::FR,,,,,same,same,failure,12,12,failure,failure,589272.027,518305.912
SEC::MED && DPT::$ && CTR::$,CTR::$,,,,,different,TN_FP,failure,80,4,success,failure,1765135.393,221892.485
SEC::MED && DPT::$ && CTR::$,CTR::EN,,,,,different,TN_TN,failure,40,2,failure,failure,1829123.754,146992.742
SEC::MED && DPT::$ && CTR::$,CTR::FR,,,,,different,TN_TN,failure,40,2,failure,failure,1764796.847,147449.844
SEC::MED && DPT::$ && CTR::$,DPT::$,,,,,different,TN_FP,failure,80,4,success,failure,1883887.962,221744.147
SEC::MED && DPT::$ && CTR::$,DPT::$ && CTR::$,,,,,different,TN_FP,failure,80,16,success,failure,1608714.852,671648.650
SEC::MED && DPT::$ && CTR::$,DPT::$ && CTR::EN,,,,,different,TN_TN,failure,40,8,failure,failure,1821380.098,370541.804
SEC::MED && DPT::$ && CTR::$,DPT::$ && CTR::FR,,,,,different,TN_TN,failure,40,8,failure,failure,1593619.982,374383.470
SEC::MED && DPT::$ && CTR::$,DPT::DEV,,,,,different,TN_TN,failure,40,2,failure,failure,1756230.313,147467.497
SEC::MED && DPT::$ && CTR::$,DPT::DEV && CTR::$,,,,,different,TN_TN,failure,40,8,failure,failure,1786927.669,371528.144
SEC::MED && DPT::$ && CTR::$,DPT::DEV && CTR::EN,,,,,different,TN_TN,failure,20,4,failure,failure,1064795.319,226820.078
SEC::MED && DPT::$ && CTR::$,DPT::DEV && CTR::FR,,,,,different,TN_TN,failure,20,4,failure,failure,963188.531,226552.616
SEC::MED && DPT::$ && CTR::$,DPT::MKG,,,,,different,TN_TN,failure,40,2,failure,failure,1802657.479,147811.538
SEC::MED && DPT::$ && CTR::$,DPT::MKG && CTR::$,,,,,different,TN_TN,failure,40,8,failure,failure,1820614.518,370791.783
SEC::MED && DPT::$ && CTR::$,DPT::MKG && CTR::EN,,,,,different,TN_TN,failure,20,4,failure,failure,946906.564,222937.931
SEC::MED && DPT::$ && CTR::$,DPT::MKG && CTR::FR,,,,,different,TN_TN,failure,20,4,failure,failure,929324.681,239739.085
SEC::MED && DPT::$ && CTR::$,SEC::$,,,,,different,TN_FP,failure,80,5,success,failure,1647855.575,271086.927
SEC::MED && DPT::$ && CTR::$,SEC::$ && CTR::$,,,,,different,TN_FP,failure,80,20,success,failure,1677362.768,808918.098
SEC::MED && DPT::$ && CTR::$,SEC::$ && CTR::EN,,,,,different,TN_TN,failure,40,10,failure,failure,1558880.299,462251.193
SEC::MED && DPT::$ && CTR::$,SEC::$ && CTR::FR,,,,,different,TN_TN,failure,40,10,failure,failure,1562147.924,440696.311
SEC::MED && DPT::$ && CTR::$,SEC::$ && DPT::$,,,,,different,TN_FP,failure,80,20,success,failure,1739435.691,805352.424
SEC::MED && DPT::$ && CTR::$,SEC::$ && DPT::$ && CTR::$,,,,,same,same,success,80,80,success,success,1633028.483,1617591.181
SEC::MED && DPT::$ && CTR::$,SEC::$ && DPT::$ && CTR::EN,,,,,same,same,failure,40,40,failure,failure,1583392.373,1535437.090
SEC::MED && DPT::$ && CTR::$,SEC::$ && DPT::$ && CTR::FR,,,,,same,same,failure,40,40,failure,failure,1605592.540,1536727.637
SEC::MED && DPT::$ && CTR::$,SEC::$ && DPT::DEV,,,,,different,TN_TN,failure,40,10,failure,failure,1569054.699,450773.738
SEC::MED && DPT::$ && CTR::$,SEC::$ && DPT::DEV && CTR::$,,,,,same,same,failure,40,40,failure,failure,1553184.155,1566403.701
SEC::MED && DPT::$ && CTR::$,SEC::$ && DPT::DEV && CTR::EN,,,,,same,same,failure,20,20,failure,failure,813468.088,871381.704
SEC::MED && DPT::$ && CTR::$,SEC::$ && DPT::DEV && CTR::FR,,,,,same,same,failure,20,20,failure,failure,815439.490,815150.534
SEC::MED && DPT::$ && CTR::$,SEC::$ && DPT::MKG,,,,,different,TN_TN,failure,40,10,failure,failure,1564025.460,440444.869
SEC::MED && DPT::$ && CTR::$,SEC::$ && DPT::MKG && CTR::$,,,,,same,same,failure,40,40,failure,failure,1563511.522,1534347.627
SEC::MED && DPT::$ && CTR::$,SEC::$ && DPT::MKG && CTR::EN,,,,,same,same,failure,20,20,failure,failure,818610.423,812614.882
SEC::MED && DPT::$ && CTR::$,SEC::$ && DPT::MKG && CTR::FR,,,,,same,same,failure,20,20,failure,failure,819395.622,805300.743
SEC::MED && DPT::$ && CTR::$,SEC::HIG,,,,,different,TN_FP,failure,64,4,success,failure,1298683.736,219697.653
SEC::MED && DPT::$ && CTR::$,SEC::HIG && CTR::$,,,,,different,TN_FP,failure,64,16,success,failure,1383369.144,662084.425
SEC::MED && DPT::$ && CTR::$,SEC::HIG && CTR::EN,,,,,different,TN_TN,failure,32,8,failure,failure,1276963.499,368353.534
SEC::MED && DPT::$ && CTR::$,SEC::HIG && CTR::FR,,,,,different,TN_TN,failure,32,8,failure,failure,1303840.504,368893.367
SEC::MED && DPT::$ && CTR::$,SEC::HIG && DPT::$,,,,,different,TN_FP,failure,64,16,success,failure,1332781.335,668905.925
SEC::MED && DPT::$ && CTR::$,SEC::HIG && DPT::$ && CTR::$,,,,,same,same,success,64,64,success,success,1379266.499,1696337.039
SEC::MED && DPT::$ && CTR::$,SEC::HIG && DPT::$ && CTR::EN,,,,,same,same,failure,32,32,failure,failure,1294529.173,1265922.934
SEC::MED && DPT::$ && CTR::$,SEC::HIG && DPT::$ && CTR::FR,,,,,same,same,failure,32,32,failure,failure,1267214.532,1481585.058
SEC::MED && DPT::$ && CTR::$,SEC::HIG && DPT::DEV,,,,,different,TN_TN,failure,32,8,failure,failure,1303337.550,367699.282
SEC::MED && DPT::$ && CTR::$,SEC::HIG && DPT::DEV && CTR::$,,,,,same,same,failure,32,32,failure,failure,1293635.592,1294205.737
SEC::MED && DPT::$ && CTR::$,SEC::HIG && DPT::DEV && CTR::EN,,,,,same,same,failure,16,16,failure,failure,689958.304,671536.580
SEC::MED && DPT::$ && CTR::$,SEC::HIG && DPT::DEV && CTR::FR,,,,,same,same,failure,16,16,failure,failure,682282.105,676789.022
SEC::MED && DPT::$ && CTR::$,SEC::HIG && DPT::MKG,,,,,different,TN_TN,failure,32,8,failure,failure,1308589.506,375416.593
SEC::MED && DPT::$ && CTR::$,SEC::HIG && DPT::MKG && CTR::$,,,,,same,same,failure,32,32,failure,failure,1302089.244,1263393.204
SEC::MED && DPT::$ && CTR::$,SEC::HIG && DPT::MKG && CTR::EN,,,,,same,same,failure,16,16,failure,failure,681837.907,658512.550
SEC::MED && DPT::$ && CTR::$,SEC::HIG && DPT::MKG && CTR::FR,,,,,same,same,failure,16,16,failure,failure,693644.283,658999.463
SEC::MED && DPT::$ && CTR::$,SEC::LOW,,,,,different,TN_TN,failure,32,2,failure,failure,1313609.608,148394.772
SEC::MED && DPT::$ && CTR::$,SEC::LOW && CTR::$,,,,,different,TN_TN,failure,32,8,failure,failure,1287404.874,382627.459
SEC::MED && DPT::$ && CTR::$,SEC::LOW && CTR::EN,,,,,different,TN_TN,failure,16,4,failure,failure,681775.465,224692.296
SEC::MED && DPT::$ && CTR::$,SEC::LOW && CTR::FR,,,,,different,TN_TN,failure,16,4,failure,failure,679324.583,238395.305
SEC::MED && DPT::$ && CTR::$,SEC::LOW && DPT::$,,,,,different,TN_TN,failure,32,8,failure,failure,1310562.803,370248.318
SEC::MED && DPT::$ && CTR::$,SEC::LOW && DPT::$ && CTR::$,,,,,same,same,failure,32,32,failure,failure,1286171.586,1272319.248
SEC::MED && DPT::$ && CTR::$,SEC::LOW && DPT::$ && CTR::EN,,,,,same,same,failure,16,16,failure,failure,691717.750,677765.608
SEC::MED && DPT::$ && CTR::$,SEC::LOW && DPT::$ && CTR::FR,,,,,same,same,failure,16,16,failure,failure,679939.336,665692.588
SEC::MED && DPT::$ && CTR::$,SEC::LOW && DPT::DEV,,,,,different,TN_TN,failure,16,4,failure,failure,682863.586,225841.862
SEC::MED && DPT::$ && CTR::$,SEC::LOW && DPT::DEV && CTR::$,,,,,same,same,failure,16,16,failure,failure,698013.804,671099.826
SEC::MED && DPT::$ && CTR::$,SEC::LOW && DPT::DEV && CTR::EN,,,,,same,same,failure,8,8,failure,failure,384328.985,372956.323
SEC::MED && DPT::$ && CTR::$,SEC::LOW && DPT::DEV && CTR::FR,,,,,same,same,failure,8,8,failure,failure,378730.604,385231.428
SEC::MED && DPT::$ && CTR::$,SEC::LOW && DPT::MKG,,,,,different,TN_TN,failure,16,4,failure,failure,694057.573,232421.570
SEC::MED && DPT::$ && CTR::$,SEC::LOW && DPT::MKG && CTR::$,,,,,same,same,failure,16,16,failure,failure,693283.667,673643.026
SEC::MED && DPT::$ && CTR::$,SEC::LOW && DPT::MKG && CTR::EN,,,,,same,same,failure,8,8,failure,failure,375640.162,371464.735
SEC::MED && DPT::$ && CTR::$,SEC::LOW && DPT::MKG && CTR::FR,,,,,same,same,failure,8,8,failure,failure,382017.454,369408.823
SEC::MED && DPT::$ && CTR::$,SEC::MED,,,,,different,TN_FP,failure,48,3,success,failure,1065756.552,187758.067
SEC::MED && DPT::$ && CTR::$,SEC::MED && CTR::$,,,,,different,TN_FP,failure,48,12,success,failure,1031147.720,519676.758
SEC::MED && DPT::$ && CTR::$,SEC::MED && CTR::EN,,,,,different,TN_TN,failure,24,6,failure,failure,998325.564,298222.421
SEC::MED && DPT::$ && CTR::$,SEC::MED && CTR::FR,,,,,different,TN_TN,failure,24,6,failure,failure,988269.716,295546.411
SEC::MED && DPT::$ && CTR::$,SEC::MED && DPT::$,,,,,different,TN_FP,failure,48,12,success,failure,1022165.101,520533.616
SEC::MED && DPT::$ && CTR::$,SEC::MED && DPT::$ && CTR::$,,,,,same,same,success,48,48,success,success,1063472.708,1053268.143
SEC::MED && DPT::$ && CTR::$,SEC::MED && DPT::$ && CTR::EN,,,,,same,same,failure,24,24,failure,failure,970346.588,969245.292
SEC::MED && DPT::$ && CTR::$,SEC::MED && DPT::$ && CTR::FR,,,,,same,same,failure,24,24,failure,failure,975025.740,959753.888
SEC::MED && DPT::$ && CTR::$,SEC::MED && DPT::DEV,,,,,different,TN_TN,failure,24,6,failure,failure,987380.358,297835.475
SEC::MED && DPT::$ && CTR::$,SEC::MED && DPT::DEV && CTR::$,,,,,same,same,failure,24,24,failure,failure,972654.386,970716.386
SEC::MED && DPT::$ && CTR::$,SEC::MED && DPT::DEV && CTR::EN,,,,,same,same,failure,12,12,failure,failure,538928.655,518355.775
SEC::MED && DPT::$ && CTR::$,SEC::MED && DPT::DEV && CTR::FR,,,,,same,same,failure,12,12,failure,failure,607800.351,528757.267
SEC::MED && DPT::$ && CTR::$,SEC::MED && DPT::MKG,,,,,different,TN_TN,failure,24,6,failure,failure,998129.091,297551.252
SEC::MED && DPT::$ && CTR::$,SEC::MED && DPT::MKG && CTR::$,,,,,same,same,failure,24,24,failure,failure,979790.041,970466.247
SEC::MED && DPT::$ && CTR::$,SEC::MED && DPT::MKG && CTR::EN,,,,,same,same,failure,12,12,failure,failure,529891.394,518336.705
SEC::MED && DPT::$ && CTR::$,SEC::MED && DPT::MKG && CTR::FR,,,,,same,same,failure,12,12,failure,failure,530830.605,530142.014
SEC::MED && DPT::$ && CTR::EN,CTR::$,,,,,different,TN_FP,failure,80,4,success,failure,1705492.066,224615.347
SEC::MED && DPT::$ && CTR::EN,CTR::EN,,,,,different,TN_FP,failure,40,2,success,failure,922268.054,148080.367
SEC::MED && DPT::$ && CTR::EN,CTR::FR,,,,,different,TN_TN,failure,40,2,failure,failure,1577153.967,148248.316
SEC::MED && DPT::$ && CTR::EN,DPT::$,,,,,different,TN_FP,failure,80,4,success,failure,1983826.021,302404.395
SEC::MED && DPT::$ && CTR::EN,DPT::$ && CTR::$,,,,,different,TN_FP,failure,80,16,success,failure,1921027.382,903550.254
SEC::MED && DPT::$ && CTR::EN,DPT::$ && CTR::EN,,,,,different,TN_FP,failure,40,8,success,failure,1010853.078,503173.618
SEC::MED && DPT::$ && CTR::EN,DPT::$ && CTR::FR,,,,,different,TN_TN,failure,40,8,failure,failure,1790426.918,502083.579
SEC::MED && DPT::$ && CTR::EN,DPT::DEV,,,,,different,TN_TN,failure,40,2,failure,failure,1573738.740,148631.962
SEC::MED && DPT::$ && CTR::EN,DPT::DEV && CTR::$,,,,,different,TN_TN,failure,40,8,failure,failure,1590172.205,443350.780
SEC::MED && DPT::$ && CTR::EN,DPT::DEV && CTR::EN,,,,,different,TN_TN,failure,20,4,failure,failure,821380.539,225411.225
SEC::MED && DPT::$ && CTR::EN,DPT::DEV && CTR::FR,,,,,different,TN_TN,failure,20,4,failure,failure,824758.520,222461.212
SEC::MED && DPT::$ && CTR::EN,DPT::MKG,,,,,different,TN_TN,failure,40,2,failure,failure,1610977.065,201225.163
SEC::MED && DPT::$ && CTR::EN,DPT::MKG && CTR::$,,,,,different,TN_TN,failure,40,8,failure,failure,1746572.127,501750.368
SEC::MED && DPT::$ && CTR::EN,DPT::MKG && CTR::EN,,,,,different,TN_TN,failure,20,4,failure,failure,911354.899,301896.568
SEC::MED && DPT::$ && CTR::EN,DPT::MKG && CTR::FR,,,,,different,TN_TN,failure,20,4,failure,failure,914733.155,302203.172
SEC::MED && DPT::$ && CTR::EN,SEC::$,,,,,different,TN_FP,failure,80,5,success,failure,1670257.560,260302.413
SEC::MED && DPT::$ && CTR::EN,SEC::$ && CTR::$,,,,,different,TN_FP,failure,80,20,success,failure,1811639.988,810812.542
SEC::MED && DPT::$ && CTR::EN,SEC::$ && CTR::EN,,,,,different,TN_FP,failure,40,10,success,failure,969619.559,454074.045
SEC::MED && DPT::$ && CTR::EN,SEC::$ && CTR::FR,,,,,different,TN_TN,failure,40,10,failure,failure,1582294.614,453659.302
SEC::MED && DPT::$ && CTR::EN,SEC::$ && DPT::$,,,,,different,TN_FP,failure,80,20,success,failure,1670256.368,828419.272
SEC::MED && DPT::$ && CTR::EN,SEC::$ && DPT::$ && CTR::$,,,,,same,same,success,80,80,success,success,1740671.955,1554846.738
SEC::MED && DPT::$ && CTR::EN,SEC::$ && DPT::$ && CTR::EN,,,,,same,same,success,40,40,success,success,899183.954,885938.950
SEC::MED && DPT::$ && CTR::EN,SEC::$ && DPT::$ && CTR::FR,,,,,same,same,failure,40,40,failure,failure,1565003.150,1550438.209
SEC::MED && DPT::$ && CTR::EN,SEC::$ && DPT::DEV,,,,,different,TN_TN,failure,40,10,failure,failure,1608148.880,480283.637
SEC::MED && DPT::$ && CTR::EN,SEC::$ && DPT::DEV && CTR::$,,,,,same,same,failure,40,40,failure,failure,1623484.390,1600957.125
SEC::MED && DPT::$ && CTR::EN,SEC::$ && DPT::DEV && CTR::EN,,,,,same,same,failure,20,20,failure,failure,832325.088,820522.284
SEC::MED && DPT::$ && CTR::EN,SEC::$ && DPT::DEV && CTR::FR,,,,,same,same,failure,20,20,failure,failure,845008.620,827990.438
SEC::MED && DPT::$ && CTR::EN,SEC::$ && DPT::MKG,,,,,different,TN_TN,failure,40,10,failure,failure,1612424.906,440406.537
SEC::MED && DPT::$ && CTR::EN,SEC::$ && DPT::MKG && CTR::$,,,,,same,same,failure,40,40,failure,failure,1598404.141,1568528.467
SEC::MED && DPT::$ && CTR::EN,SEC::$ && DPT::MKG && CTR::EN,,,,,same,same,failure,20,20,failure,failure,834393.083,811404.242
SEC::MED && DPT::$ && CTR::EN,SEC::$ && DPT::MKG && CTR::FR,,,,,same,same,failure,20,20,failure,failure,841764.660,809061.547
SEC::MED && DPT::$ && CTR::EN,SEC::HIG,,,,,different,TN_FP,failure,64,4,success,failure,1379256.876,222230.629
SEC::MED && DPT::$ && CTR::EN,SEC::HIG && CTR::$,,,,,different,TN_FP,failure,64,16,success,failure,1387588.584,680527.324
SEC::MED && DPT::$ && CTR::EN,SEC::HIG && CTR::EN,,,,,different,TN_FP,failure,32,8,success,failure,747904.882,373992.156
SEC::MED && DPT::$ && CTR::EN,SEC::HIG && CTR::FR,,,,,different,TN_TN,failure,32,8,failure,failure,1312582.827,371041.190
SEC::MED && DPT::$ && CTR::EN,SEC::HIG && DPT::$,,,,,different,TN_FP,failure,64,16,success,failure,1385007.653,666581.260
SEC::MED && DPT::$ && CTR::EN,SEC::HIG && DPT::$ && CTR::$,,,,,same,same,success,64,64,success,success,1299978.780,1412290.494
SEC::MED && DPT::$ && CTR::EN,SEC::HIG && DPT::$ && CTR::EN,,,,,same,same,success,32,32,success,success,757785.110,751254.851
SEC::MED && DPT::$ && CTR::EN,SEC::HIG && DPT::$ && CTR::FR,,,,,same,same,failure,32,32,failure,failure,1277381.889,1247598.833
SEC::MED && DPT::$ && CTR::EN,SEC::HIG && DPT::DEV,,,,,different,TN_TN,failure,32,8,failure,failure,1590178.131,370817.330
SEC::MED && DPT::$ && CTR::EN,SEC::HIG && DPT::DEV && CTR::$,,,,,same,same,failure,32,32,failure,failure,1292712.260,1252748.002
SEC::MED && DPT::$ && CTR::EN,SEC::HIG && DPT::DEV && CTR::EN,,,,,same,same,failure,16,16,failure,failure,679072.390,662549.652
SEC::MED && DPT::$ && CTR::EN,SEC::HIG && DPT::DEV && CTR::FR,,,,,same,same,failure,16,16,failure,failure,687363.537,658415.929
SEC::MED && DPT::$ && CTR::EN,SEC::HIG && DPT::MKG,,,,,different,TN_TN,failure,32,8,failure,failure,1296754.887,367801.990
SEC::MED && DPT::$ && CTR::EN,SEC::HIG && DPT::MKG && CTR::$,,,,,same,same,failure,32,32,failure,failure,1292117.895,1267922.731
SEC::MED && DPT::$ && CTR::EN,SEC::HIG && DPT::MKG && CTR::EN,,,,,same,same,failure,16,16,failure,failure,686991.730,660175.524
SEC::MED && DPT::$ && CTR::EN,SEC::HIG && DPT::MKG && CTR::FR,,,,,same,same,failure,16,16,failure,failure,683495.983,666635.125
SEC::MED && DPT::$ && CTR::EN,SEC::LOW,,,,,different,TN_TN,failure,32,2,failure,failure,1513471.589,201680.447
SEC::MED && DPT::$ && CTR::EN,SEC::LOW && CTR::$,,,,,different,TN_TN,failure,32,8,failure,failure,1456628.421,468586.126
SEC::MED && DPT::$ && CTR::EN,SEC::LOW && CTR::EN,,,,,different,TN_TN,failure,16,4,failure,failure,749951.998,302053.111
SEC::MED && DPT::$ && CTR::EN,SEC::LOW && CTR::FR,,,,,different,TN_TN,failure,16,4,failure,failure,735348.355,301001.083
SEC::MED && DPT::$ && CTR::EN,SEC::LOW && DPT::$,,,,,different,TN_TN,failure,32,8,failure,failure,1453458.575,431889.387
SEC::MED && DPT::$ && CTR::EN,SEC::LOW && DPT::$ && CTR::$,,,,,same,same,failure,32,32,failure,failure,1491465.786,1264712.830
SEC::MED && DPT::$ && CTR::EN,SEC::LOW && DPT::$ && CTR::EN,,,,,same,same,failure,16,16,failure,failure,737727.352,765969.301
SEC::MED && DPT::$ && CTR::EN,SEC::LOW && DPT::$ && CTR::FR,,,,,same,same,failure,16,16,failure,failure,782331.674,732520.280
SEC::MED && DPT::$ && CTR::EN,SEC::LOW && DPT::DEV,,,,,different,TN_TN,failure,16,4,failure,failure,748349.171,222771.078
SEC::MED && DPT::$ && CTR::EN,SEC::LOW && DPT::DEV && CTR::$,,,,,same,same,failure,16,16,failure,failure,761728.923,667116.544
SEC::MED && DPT::$ && CTR::EN,SEC::LOW && DPT::DEV && CTR::EN,,,,,same,same,failure,8,8,failure,failure,412480.024,384955.334
SEC::MED && DPT::$ && CTR::EN,SEC::LOW && DPT::DEV && CTR::FR,,,,,same,same,failure,8,8,failure,failure,440656.706,372349.504
SEC::MED && DPT::$ && CTR::EN,SEC::LOW && DPT::MKG,,,,,different,TN_TN,failure,16,4,failure,failure,772023.639,223081.299
SEC::MED && DPT::$ && CTR::EN,SEC::LOW && DPT::MKG && CTR::$,,,,,same,same,failure,16,16,failure,failure,790686.725,687086.222
SEC::MED && DPT::$ && CTR::EN,SEC::LOW && DPT::MKG && CTR::EN,,,,,same,same,failure,8,8,failure,failure,435739.639,383806.300
SEC::MED && DPT::$ && CTR::EN,SEC::LOW && DPT::MKG && CTR::FR,,,,,same,same,failure,8,8,failure,failure,452854.356,370115.024
SEC::MED && DPT::$ && CTR::EN,SEC::MED,,,,,different,TN_FP,failure,48,3,success,failure,1165851.561,195187.253
SEC::MED && DPT::$ && CTR::EN,SEC::MED && CTR::$,,,,,different,TN_FP,failure,48,12,success,failure,1348979.898,519210.044
SEC::MED && DPT::$ && CTR::EN,SEC::MED && CTR::EN,,,,,different,TN_FP,failure,24,6,success,failure,735481.789,296605.017
SEC::MED && DPT::$ && CTR::EN,SEC::MED && CTR::FR,,,,,different,TN_TN,failure,24,6,failure,failure,1111177.526,296964.877
SEC::MED && DPT::$ && CTR::EN,SEC::MED && DPT::$,,,,,different,TN_FP,failure,48,12,success,failure,1051632.124,521713.890
SEC::MED && DPT::$ && CTR::EN,SEC::MED && DPT::$ && CTR::$,,,,,same,same,success,48,48,success,success,1153414.242,1026070.091
SEC::MED && DPT::$ && CTR::EN,SEC::MED && DPT::$ && CTR::EN,,,,,same,same,success,24,24,success,success,610675.169,610216.158
SEC::MED && DPT::$ && CTR::EN,SEC::MED && DPT::$ && CTR::FR,,,,,same,same,failure,24,24,failure,failure,989018.737,966533.545
SEC::MED && DPT::$ && CTR::EN,SEC::MED && DPT::DEV,,,,,different,TN_TN,failure,24,6,failure,failure,1063766.370,307770.160
SEC::MED && DPT::$ && CTR::EN,SEC::MED && DPT::DEV && CTR::$,,,,,same,same,failure,24,24,failure,failure,978858.027,971913.566
SEC::MED && DPT::$ && CTR::EN,SEC::MED && DPT::DEV && CTR::EN,,,,,same,same,failure,12,12,failure,failure,527055.710,518675.270
SEC::MED && DPT::$ && CTR::EN,SEC::MED && DPT::DEV && CTR::FR,,,,,same,same,failure,12,12,failure,failure,532942.036,529652.194
SEC::MED && DPT::$ && CTR::EN,SEC::MED && DPT::MKG,,,,,different,TN_TN,failure,24,6,failure,failure,997316.852,298822.306
SEC::MED && DPT::$ && CTR::EN,SEC::MED && DPT::MKG && CTR::$,,,,,same,same,failure,24,24,failure,failure,989800.944,972692.643
SEC::MED && DPT::$ && CTR::EN,SEC::MED && DPT::MKG && CTR::EN,,,,,same,same,failure,12,12,failure,failure,551286.385,519894.482
SEC::MED && DPT::$ && CTR::EN,SEC::MED && DPT::MKG && CTR::FR,,,,,same,same,failure,12,12,failure,failure,528282.220,528273.373
SEC::MED && DPT::$ && CTR::FR,CTR::$,,,,,different,TN_FP,failure,80,4,success,failure,1770387.018,222479.531
SEC::MED && DPT::$ && CTR::FR,CTR::EN,,,,,different,TN_TN,failure,40,2,failure,failure,1562393.870,148345.755
SEC::MED && DPT::$ && CTR::FR,CTR::FR,,,,,different,TN_FP,failure,40,2,success,failure,880045.735,148057.043
SEC::MED && DPT::$ && CTR::FR,DPT::$,,,,,different,TN_FP,failure,80,4,success,failure,1784631.858,222351.471
SEC::MED && DPT::$ && CTR::FR,DPT::$ && CTR::$,,,,,different,TN_FP,failure,80,16,success,failure,1882080.968,676073.240
SEC::MED && DPT::$ && CTR::FR,DPT::$ && CTR::EN,,,,,different,TN_TN,failure,40,8,failure,failure,1737142.325,382769.239
SEC::MED && DPT::$ && CTR::FR,DPT::$ && CTR::FR,,,,,different,TN_FP,failure,40,8,success,failure,960772.444,370380.952
SEC::MED && DPT::$ && CTR::FR,DPT::DEV,,,,,different,TN_TN,failure,40,2,failure,failure,1572936.851,156440.122
SEC::MED && DPT::$ && CTR::FR,DPT::DEV && CTR::$,,,,,different,TN_TN,failure,40,8,failure,failure,1585947.050,370454.791
SEC::MED && DPT::$ && CTR::FR,DPT::DEV && CTR::EN,,,,,different,TN_TN,failure,20,4,failure,failure,828314.751,223339.003
SEC::MED && DPT::$ && CTR::FR,DPT::DEV && CTR::FR,,,,,different,TN_TN,failure,20,4,failure,failure,819361.833,222597.978
SEC::MED && DPT::$ && CTR::FR,DPT::MKG,,,,,different,TN_TN,failure,40,2,failure,failure,1682008.953,148082.356
SEC::MED && DPT::$ && CTR::FR,DPT::MKG && CTR::$,,,,,different,TN_TN,failure,40,8,failure,failure,1871092.156,369862.024
SEC::MED && DPT::$ && CTR::FR,DPT::MKG && CTR::EN,,,,,different,TN_TN,failure,20,4,failure,failure,916730.877,232912.861
SEC::MED && DPT::$ && CTR::FR,DPT::MKG && CTR::FR,,,,,different,TN_TN,failure,20,4,failure,failure,929433.289,225442.533
SEC::MED && DPT::$ && CTR::FR,SEC::$,,,,,different,TN_FP,failure,80,5,success,failure,1685607.839,293908.894
SEC::MED && DPT::$ && CTR::FR,SEC::$ && CTR::$,,,,,different,TN_FP,failure,80,20,success,failure,1834991.866,822424.753
SEC::MED && DPT::$ && CTR::FR,SEC::$ && CTR::EN,,,,,different,TN_TN,failure,40,10,failure,failure,1576551.506,485702.711
SEC::MED && DPT::$ && CTR::FR,SEC::$ && CTR::FR,,,,,different,TN_FP,failure,40,10,success,failure,956979.960,439927.479
SEC::MED && DPT::$ && CTR::FR,SEC::$ && DPT::$,,,,,different,TN_FP,failure,80,20,success,failure,1737404.110,833611.868
SEC::MED && DPT::$ && CTR::FR,SEC::$ && DPT::$ && CTR::$,,,,,same,same,success,80,80,success,success,1644312.985,1860747.702
SEC::MED && DPT::$ && CTR::FR,SEC::$ && DPT::$ && CTR::EN,,,,,same,same,failure,40,40,failure,failure,1575336.943,1794415.610
SEC::MED && DPT::$ && CTR::FR,SEC::$ && DPT::$ && CTR::FR,,,,,same,same,success,40,40,success,success,942033.108,923517.387
SEC::MED && DPT::$ && CTR::FR,SEC::$ && DPT::DEV,,,,,different,TN_TN,failure,40,10,failure,failure,1607121.583,439089.667
SEC::MED && DPT::$ && CTR::FR,SEC::$ && DPT::DEV && CTR::$,,,,,same,same,failure,40,40,failure,failure,1603187.819,1570177.239
SEC::MED && DPT::$ && CTR::FR,SEC::$ && DPT::DEV && CTR::EN,,,,,same,same,failure,20,20,failure,failure,833589.500,805109.564
SEC::MED && DPT::$ && CTR::FR,SEC::$ && DPT::DEV && CTR::FR,,,,,same,same,failure,20,20,failure,failure,844889.311,810453.974
SEC::MED && DPT::$ && CTR::FR,SEC::$ && DPT::MKG,,,,,different,TN_TN,failure,40,10,failure,failure,1606801.072,469484.275
SEC::MED && DPT::$ && CTR::FR,SEC::$ && DPT::MKG && CTR::$,,,,,same,same,failure,40,40,failure,failure,1607487.880,1567335.941
SEC::MED && DPT::$ && CTR::FR,SEC::$ && DPT::MKG && CTR::EN,,,,,same,same,failure,20,20,failure,failure,834567.610,809367.326
SEC::MED && DPT::$ && CTR::FR,SEC::$ && DPT::MKG && CTR::FR,,,,,same,same,failure,20,20,failure,failure,846229.220,836731.725
SEC::MED && DPT::$ && CTR::FR,SEC::HIG,,,,,different,TN_FP,failure,64,4,success,failure,1328437.651,221835.834
SEC::MED && DPT::$ && CTR::FR,SEC::HIG && CTR::$,,,,,different,TN_FP,failure,64,16,success,failure,1443347.343,667844.434
SEC::MED && DPT::$ && CTR::FR,SEC::HIG && CTR::EN,,,,,different,TN_TN,failure,32,8,failure,failure,1304591.327,369420.450
SEC::MED && DPT::$ && CTR::FR,SEC::HIG && CTR::FR,,,,,different,TN_FP,failure,32,8,success,failure,760595.247,380891.091
SEC::MED && DPT::$ && CTR::FR,SEC::HIG && DPT::$,,,,,different,TN_FP,failure,64,16,success,failure,1388037.366,658273.030
SEC::MED && DPT::$ && CTR::FR,SEC::HIG && DPT::$ && CTR::$,,,,,same,same,success,64,64,success,success,1300124.833,1320516.619
SEC::MED && DPT::$ && CTR::FR,SEC::HIG && DPT::$ && CTR::EN,,,,,same,same,failure,32,32,failure,failure,1299889.978,1256285.823
SEC::MED && DPT::$ && CTR::FR,SEC::HIG && DPT::$ && CTR::FR,,,,,same,same,success,32,32,success,success,742817.385,718122.438
SEC::MED && DPT::$ && CTR::FR,SEC::HIG && DPT::DEV,,,,,different,TN_TN,failure,32,8,failure,failure,1290584.038,380785.348
SEC::MED && DPT::$ && CTR::FR,SEC::HIG && DPT::DEV && CTR::$,,,,,same,same,failure,32,32,failure,failure,1286031.273,1261661.592
SEC::MED && DPT::$ && CTR::FR,SEC::HIG && DPT::DEV && CTR::EN,,,,,same,same,failure,16,16,failure,failure,681714.391,666486.497
SEC::MED && DPT::$ && CTR::FR,SEC::HIG && DPT::DEV && CTR::FR,,,,,same,same,failure,16,16,failure,failure,681024.887,668716.525
SEC::MED && DPT::$ && CTR::FR,SEC::HIG && DPT::MKG,,,,,different,TN_TN,failure,32,8,failure,failure,1300909.927,371016.949
SEC::MED && DPT::$ && CTR::FR,SEC::HIG && DPT::MKG && CTR::$,,,,,same,same,failure,32,32,failure,failure,1292789.089,1265323.190
SEC::MED && DPT::$ && CTR::FR,SEC::HIG && DPT::MKG && CTR::EN,,,,,same,same,failure,16,16,failure,failure,689896.078,677042.427
SEC::MED && DPT::$ && CTR::FR,SEC::HIG && DPT::MKG && CTR::FR,,,,,same,same,failure,16,16,failure,failure,684960.525,666437.836
SEC::MED && DPT::$ && CTR::FR,SEC::LOW,,,,,different,TN_TN,failure,32,2,failure,failure,1479477.775,147870.397
SEC::MED && DPT::$ && CTR::FR,SEC::LOW && CTR::$,,,,,different,TN_TN,failure,32,8,failure,failure,1391781.904,379969.708
SEC::MED && DPT::$ && CTR::FR,SEC::LOW && CTR::EN,,,,,different,TN_TN,failure,16,4,failure,failure,810641.140,228861.166
SEC::MED && DPT::$ && CTR::FR,SEC::LOW && CTR::FR,,,,,different,TN_TN,failure,16,4,failure,failure,748390.473,222018.847
SEC::MED && DPT::$ && CTR::FR,SEC::LOW && DPT::$,,,,,different,TN_TN,failure,32,8,failure,failure,1448672.492,370056.633
SEC::MED && DPT::$ && CTR::FR,SEC::LOW && DPT::$ && CTR::$,,,,,same,same,failure,32,32,failure,failure,1440904.502,1273554.549
SEC::MED && DPT::$ && CTR::FR,SEC::LOW && DPT::$ && CTR::EN,,,,,same,same,failure,16,16,failure,failure,762015.696,669227.017
SEC::MED && DPT::$ && CTR::FR,SEC::LOW && DPT::$ && CTR::FR,,,,,same,same,failure,16,16,failure,failure,811655.673,668648.176
SEC::MED && DPT::$ && CTR::FR,SEC::LOW && DPT::DEV,,,,,different,TN_TN,failure,16,4,failure,failure,761306.160,222159.140
SEC::MED && DPT::$ && CTR::FR,SEC::LOW && DPT::DEV && CTR::$,,,,,same,same,failure,16,16,failure,failure,762707.578,674085.701
SEC::MED && DPT::$ && CTR::FR,SEC::LOW && DPT::DEV && CTR::EN,,,,,same,same,failure,8,8,failure,failure,424873.070,369753.650
SEC::MED && DPT::$ && CTR::FR,SEC::LOW && DPT::DEV && CTR::FR,,,,,same,same,failure,8,8,failure,failure,407513.930,369995.609
SEC::MED && DPT::$ && CTR::FR,SEC::LOW && DPT::MKG,,,,,different,TN_TN,failure,16,4,failure,failure,824494.154,224022.646
SEC::MED && DPT::$ && CTR::FR,SEC::LOW && DPT::MKG && CTR::$,,,,,same,same,failure,16,16,failure,failure,835397.963,670772.667
SEC::MED && DPT::$ && CTR::FR,SEC::LOW && DPT::MKG && CTR::EN,,,,,same,same,failure,8,8,failure,failure,456895.051,376025.890
SEC::MED && DPT::$ && CTR::FR,SEC::LOW && DPT::MKG && CTR::FR,,,,,same,same,failure,8,8,failure,failure,381741.727,370264.689
SEC::MED && DPT::$ && CTR::FR,SEC::MED,,,,,different,TN_FP,failure,48,3,success,failure,1215943.095,184737.160
SEC::MED && DPT::$ && CTR::FR,SEC::MED && CTR::$,,,,,different,TN_FP,failure,48,12,success,failure,1333913.408,517352.965
SEC::MED && DPT::$ && CTR::FR,SEC::MED && CTR::EN,,,,,different,TN_TN,failure,24,6,failure,failure,1110126.515,296101.232
SEC::MED && DPT::$ && CTR::FR,SEC::MED && CTR::FR,,,,,different,TN_FP,failure,24,6,success,failure,660751.365,305753.236
SEC::MED && DPT::$ && CTR::FR,SEC::MED && DPT::$,,,,,different,TN_FP,failure,48,12,success,failure,1062450.201,532452.373
SEC::MED && DPT::$ && CTR::FR,SEC::MED && DPT::$ && CTR::$,,,,,same,same,success,48,48,success,success,1052137.863,1035590.063
SEC::MED && DPT::$ && CTR::FR,SEC::MED && DPT::$ && CTR::EN,,,,,same,same,failure,24,24,failure,failure,999338.419,963155.499
SEC::MED && DPT::$ && CTR::FR,SEC::MED && DPT::$ && CTR::FR,,,,,same,same,success,24,24,success,success,600153.868,603757.723
SEC::MED && DPT::$ && CTR::FR,SEC::MED && DPT::DEV,,,,,different,TN_TN,failure,24,6,failure,failure,1031486.872,299599.479
SEC::MED && DPT::$ && CTR::FR,SEC::MED && DPT::DEV && CTR::$,,,,,same,same,failure,24,24,failure,failure,976475.022,985475.130
SEC::MED && DPT::$ && CTR::FR,SEC::MED && DPT::DEV && CTR::EN,,,,,same,same,failure,12,12,failure,failure,527353.708,546123.511
SEC::MED && DPT::$ && CTR::FR,SEC::MED && DPT::DEV && CTR::FR,,,,,same,same,failure,12,12,failure,failure,522539.183,525740.297
SEC::MED && DPT::$ && CTR::FR,SEC::MED && DPT::MKG,,,,,different,TN_TN,failure,24,6,failure,failure,1011015.788,306557.981
SEC::MED && DPT::$ && CTR::FR,SEC::MED && DPT::MKG && CTR::$,,,,,same,same,failure,24,24,failure,failure,984218.699,966335.689
SEC::MED && DPT::$ && CTR::FR,SEC::MED && DPT::MKG && CTR::EN,,,,,same,same,failure,12,12,failure,failure,543313.295,520494.432
SEC::MED && DPT::$ && CTR::FR,SEC::MED && DPT::MKG && CTR::FR,,,,,same,same,failure,12,12,failure,failure,532499.221,520250.760
SEC::MED && DPT::DEV,CTR::$,,,,,different,TN_FP,failure,80,4,success,failure,1703438.971,237731.845
SEC::MED && DPT::DEV,CTR::EN,,,,,different,TN_FP,failure,40,2,success,failure,1366773.986,168976.533
SEC::MED && DPT::DEV,CTR::FR,,,,,different,TN_FP,failure,40,2,success,failure,1028766.404,158849.702
SEC::MED && DPT::DEV,DPT::$,,,,,different,TN_FP,failure,80,4,success,failure,1673530.960,237670.511
SEC::MED && DPT::DEV,DPT::$ && CTR::$,,,,,different,TN_FP,failure,80,16,success,failure,1693985.928,735903.020
SEC::MED && DPT::DEV,DPT::$ && CTR::EN,,,,,different,TN_FP,failure,40,8,success,failure,896009.705,406849.242
SEC::MED && DPT::DEV,DPT::$ && CTR::FR,,,,,different,TN_FP,failure,40,8,success,failure,909716.566,397514.343
SEC::MED && DPT::DEV,DPT::DEV,,,,,different,TN_FP,failure,40,2,success,failure,947063.209,158339.355
SEC::MED && DPT::DEV,DPT::DEV && CTR::$,,,,,different,TN_FP,failure,40,8,success,failure,926543.740,400016.956
SEC::MED && DPT::DEV,DPT::DEV && CTR::EN,,,,,different,TN_FP,failure,20,4,success,failure,545719.022,239917.646
SEC::MED && DPT::DEV,DPT::DEV && CTR::FR,,,,,different,TN_FP,failure,20,4,success,failure,551354.618,240026.745
SEC::MED && DPT::DEV,DPT::MKG,,,,,different,TN_TN,failure,40,2,failure,failure,1674206.683,161929.595
SEC::MED && DPT::DEV,DPT::MKG && CTR::$,,,,,different,TN_TN,failure,40,8,failure,failure,1621027.492,406004.242
SEC::MED && DPT::DEV,DPT::MKG && CTR::EN,,,,,different,TN_TN,failure,20,4,failure,failure,856093.848,238836.778
SEC::MED && DPT::DEV,DPT::MKG && CTR::FR,,,,,different,TN_TN,failure,20,4,failure,failure,872113.592,239108.227
SEC::MED && DPT::DEV,SEC::$,,,,,different,TN_FP,failure,80,5,success,failure,1686495.749,276458.071
SEC::MED && DPT::DEV,SEC::$ && CTR::$,,,,,different,TN_FP,failure,80,20,success,failure,1662361.454,882312.663
SEC::MED && DPT::DEV,SEC::$ && CTR::EN,,,,,different,TN_FP,failure,40,10,success,failure,920102.522,485737.247
SEC::MED && DPT::DEV,SEC::$ && CTR::FR,,,,,different,TN_FP,failure,40,10,success,failure,897023.622,474292.785
SEC::MED && DPT::DEV,SEC::$ && DPT::$,,,,,different,TP_TP,success,80,20,success,success,1775749.627,746918.372
SEC::MED && DPT::DEV,SEC::$ && DPT::$ && CTR::$,,,,,same,same,success,80,80,success,success,1854355.898,1823742.529
SEC::MED && DPT::DEV,SEC::$ && DPT::$ && CTR::EN,,,,,same,same,success,40,40,success,success,929730.306,1299084.978
SEC::MED && DPT::DEV,SEC::$ && DPT::$ && CTR::FR,,,,,same,same,success,40,40,success,success,924035.995,1230396.877
SEC::MED && DPT::DEV,SEC::$ && DPT::DEV,,,,,different,TP_TP,success,40,10,success,success,932662.547,363257.254
SEC::MED && DPT::DEV,SEC::$ && DPT::DEV && CTR::$,,,,,same,same,success,40,40,success,success,981165.260,964842.969
SEC::MED && DPT::DEV,SEC::$ && DPT::DEV && CTR::EN,,,,,same,same,success,20,20,success,success,591556.767,577719.352
SEC::MED && DPT::DEV,SEC::$ && DPT::DEV && CTR::FR,,,,,same,same,success,20,20,success,success,552331.451,590206.580
SEC::MED && DPT::DEV,SEC::$ && DPT::MKG,,,,,different,TN_TN,failure,40,10,failure,failure,1753689.744,486550.156
SEC::MED && DPT::DEV,SEC::$ && DPT::MKG && CTR::$,,,,,same,same,failure,40,40,failure,failure,1633762.755,2141236.089
SEC::MED && DPT::DEV,SEC::$ && DPT::MKG && CTR::EN,,,,,same,same,failure,20,20,failure,failure,850829.794,880665.804
SEC::MED && DPT::DEV,SEC::$ && DPT::MKG && CTR::FR,,,,,same,same,failure,20,20,failure,failure,848266.606,870096.559
SEC::MED && DPT::DEV,SEC::HIG,,,,,different,TN_FP,failure,64,4,success,failure,1486970.440,246220.878
SEC::MED && DPT::DEV,SEC::HIG && CTR::$,,,,,different,TN_FP,failure,64,16,success,failure,1425009.661,723971.755
SEC::MED && DPT::DEV,SEC::HIG && CTR::EN,,,,,different,TN_FP,failure,32,8,success,failure,766691.692,396688.203
SEC::MED && DPT::DEV,SEC::HIG && CTR::FR,,,,,different,TN_FP,failure,32,8,success,failure,815969.124,396844.391
SEC::MED && DPT::DEV,SEC::HIG && DPT::$,,,,,different,TP_TP,success,64,16,success,success,1360791.354,492016.791
SEC::MED && DPT::DEV,SEC::HIG && DPT::$ && CTR::$,,,,,same,same,success,64,64,success,success,1351285.940,1409595.724
SEC::MED && DPT::DEV,SEC::HIG && DPT::$ && CTR::EN,,,,,same,same,success,32,32,success,success,775567.931,791912.334
SEC::MED && DPT::DEV,SEC::HIG && DPT::$ && CTR::FR,,,,,same,same,success,32,32,success,success,787032.351,798139.976
SEC::MED && DPT::DEV,SEC::HIG && DPT::DEV,,,,,different,TP_TP,success,32,8,success,success,784594.202,335469.121
SEC::MED && DPT::DEV,SEC::HIG && DPT::DEV && CTR::$,,,,,same,same,success,32,32,success,success,775439.806,861931.558
SEC::MED && DPT::DEV,SEC::HIG && DPT::DEV && CTR::EN,,,,,same,same,success,16,16,success,success,468385.704,491427.124
SEC::MED && DPT::DEV,SEC::HIG && DPT::DEV && CTR::FR,,,,,same,same,success,16,16,success,success,474649.834,505459.215
SEC::MED && DPT::DEV,SEC::HIG && DPT::MKG,,,,,different,TN_TN,failure,32,8,failure,failure,1329844.345,410533.704
SEC::MED && DPT::DEV,SEC::HIG && DPT::MKG && CTR::$,,,,,same,same,failure,32,32,failure,failure,1322951.942,1363935.001
SEC::MED && DPT::DEV,SEC::HIG && DPT::MKG && CTR::EN,,,,,same,same,failure,16,16,failure,failure,700342.672,728431.205
SEC::MED && DPT::DEV,SEC::HIG && DPT::MKG && CTR::FR,,,,,same,same,failure,16,16,failure,failure,696309.167,731614.922
SEC::MED && DPT::DEV,SEC::LOW,,,,,different,TN_TN,failure,32,2,failure,failure,1341760.978,158298.503
SEC::MED && DPT::DEV,SEC::LOW && CTR::$,,,,,different,TN_TN,failure,32,8,failure,failure,1349352.423,401738.235
SEC::MED && DPT::DEV,SEC::LOW && CTR::EN,,,,,different,TN_TN,failure,16,4,failure,failure,723733.468,248923.448
SEC::MED && DPT::DEV,SEC::LOW && CTR::FR,,,,,different,TN_TN,failure,16,4,failure,failure,716483.729,238132.482
SEC::MED && DPT::DEV,SEC::LOW && DPT::$,,,,,different,TN_TN,failure,32,8,failure,failure,1327484.404,394177.553
SEC::MED && DPT::DEV,SEC::LOW && DPT::$ && CTR::$,,,,,same,same,failure,32,32,failure,failure,1321322.755,1401725.742
SEC::MED && DPT::DEV,SEC::LOW && DPT::$ && CTR::EN,,,,,same,same,failure,16,16,failure,failure,699657.347,753201.733
SEC::MED && DPT::DEV,SEC::LOW && DPT::$ && CTR::FR,,,,,same,same,failure,16,16,failure,failure,699581.284,734409.909
SEC::MED && DPT::DEV,SEC::LOW && DPT::DEV,,,,,different,TN_TN,failure,16,4,failure,failure,711027.575,238258.939
SEC::MED && DPT::DEV,SEC::LOW && DPT::DEV && CTR::$,,,,,same,same,failure,16,16,failure,failure,711287.993,723293.993
SEC::MED && DPT::DEV,SEC::LOW && DPT::DEV && CTR::EN,,,,,same,same,failure,8,8,failure,failure,406358.497,399736.811
SEC::MED && DPT::DEV,SEC::LOW && DPT::DEV && CTR::FR,,,,,same,same,failure,8,8,failure,failure,393369.488,397267.089
SEC::MED && DPT::DEV,SEC::LOW && DPT::MKG,,,,,different,TN_TN,failure,16,4,failure,failure,709799.426,292013.183
SEC::MED && DPT::DEV,SEC::LOW && DPT::MKG && CTR::$,,,,,same,same,failure,16,16,failure,failure,700367.694,702629.762
SEC::MED && DPT::DEV,SEC::LOW && DPT::MKG && CTR::EN,,,,,same,same,failure,8,8,failure,failure,388009.819,399033.552
SEC::MED && DPT::DEV,SEC::LOW && DPT::MKG && CTR::FR,,,,,same,same,failure,8,8,failure,failure,387203.076,401169.229
SEC::MED && DPT::DEV,SEC::MED,,,,,different,TN_FP,failure,48,3,success,failure,1136565.583,228805.572
SEC::MED && DPT::DEV,SEC::MED && CTR::$,,,,,different,TN_FP,failure,48,12,success,failure,1075587.904,563486.174
SEC::MED && DPT::DEV,SEC::MED && CTR::EN,,,,,different,TN_FP,failure,24,6,success,failure,621989.221,326706.770
SEC::MED && DPT::DEV,SEC::MED && CTR::FR,,,,,different,TN_FP,failure,24,6,success,failure,626218.509,317924.677
SEC::MED && DPT::DEV,SEC::MED && DPT::$,,,,,different,TP_TP,success,48,12,success,success,1074751.615,420897.563
SEC::MED && DPT::DEV,SEC::MED && DPT::$ && CTR::$,,,,,same,same,success,48,48,success,success,1124633.231,1097846.901
SEC::MED && DPT::DEV,SEC::MED && DPT::$ && CTR::EN,,,,,same,same,success,24,24,success,success,698294.210,645798.266
SEC::MED && DPT::DEV,SEC::MED && DPT::$ && CTR::FR,,,,,same,same,success,24,24,success,success,647937.118,620325.661
SEC::MED && DPT::DEV,SEC::MED && DPT::DEV,,,,,different,TP_TP,success,24,6,success,success,614600.697,291383.808
SEC::MED && DPT::DEV,SEC::MED && DPT::DEV && CTR::$,,,,,same,same,success,24,24,success,success,626611.586,625066.007
SEC::MED && DPT::DEV,SEC::MED && DPT::DEV && CTR::EN,,,,,same,same,success,12,12,success,success,405456.415,405621.034
SEC::MED && DPT::DEV,SEC::MED && DPT::DEV && CTR::FR,,,,,same,same,success,12,12,success,success,394099.001,399852.008
SEC::MED && DPT::DEV,SEC::MED && DPT::MKG,,,,,different,TN_TN,failure,24,6,failure,failure,1001314.806,319217.852
SEC::MED && DPT::DEV,SEC::MED && DPT::MKG && CTR::$,,,,,same,same,failure,24,24,failure,failure,999954.454,1042117.136
SEC::MED && DPT::DEV,SEC::MED && DPT::MKG && CTR::EN,,,,,same,same,failure,12,12,failure,failure,538975.142,557806.816
SEC::MED && DPT::DEV,SEC::MED && DPT::MKG && CTR::FR,,,,,same,same,failure,12,12,failure,failure,539929.277,554633.439
SEC::MED && DPT::DEV && CTR::$,CTR::$,,,,,different,TN_FP,failure,80,4,success,failure,1767733.967,224601.376
SEC::MED && DPT::DEV && CTR::$,CTR::EN,,,,,different,TN_TN,failure,40,2,failure,failure,1738817.061,148545.284
SEC::MED && DPT::DEV && CTR::$,CTR::FR,,,,,different,TN_TN,failure,40,2,failure,failure,1720250.695,149310.554
SEC::MED && DPT::DEV && CTR::$,DPT::$,,,,,different,TN_FP,failure,80,4,success,failure,1892745.066,263710.285
SEC::MED && DPT::DEV && CTR::$,DPT::$ && CTR::$,,,,,different,TN_FP,failure,80,16,success,failure,1636996.025,689949.508
SEC::MED && DPT::DEV && CTR::$,DPT::$ && CTR::EN,,,,,different,TN_TN,failure,40,8,failure,failure,1773150.942,381940.394
SEC::MED && DPT::DEV && CTR::$,DPT::$ && CTR::FR,,,,,different,TN_TN,failure,40,8,failure,failure,1573637.576,380874.691
SEC::MED && DPT::DEV && CTR::$,DPT::DEV,,,,,different,TN_FP,failure,40,2,success,failure,1035229.326,149479.496
SEC::MED && DPT::DEV && CTR::$,DPT::DEV && CTR::$,,,,,different,TN_FP,failure,40,8,success,failure,1032454.897,378255.187
SEC::MED && DPT::DEV && CTR::$,DPT::DEV && CTR::EN,,,,,different,TN_TN,failure,20,4,failure,failure,927060.368,224481.196
SEC::MED && DPT::DEV && CTR::$,DPT::DEV && CTR::FR,,,,,different,TN_TN,failure,20,4,failure,failure,1048586.746,224440.109
SEC::MED && DPT::DEV && CTR::$,DPT::MKG,,,,,different,TN_TN,failure,40,2,failure,failure,1791744.865,150017.450
SEC::MED && DPT::DEV && CTR::$,DPT::MKG && CTR::$,,,,,different,TN_TN,failure,40,8,failure,failure,1786408.897,416912.774
SEC::MED && DPT::DEV && CTR::$,DPT::MKG && CTR::EN,,,,,different,TN_TN,failure,20,4,failure,failure,943088.758,222970.922
SEC::MED && DPT::DEV && CTR::$,DPT::MKG && CTR::FR,,,,,different,TN_TN,failure,20,4,failure,failure,926806.948,223285.032
SEC::MED && DPT::DEV && CTR::$,SEC::$,,,,,different,TN_FP,failure,80,5,success,failure,1630488.839,260958.107
SEC::MED && DPT::DEV && CTR::$,SEC::$ && CTR::$,,,,,different,TN_FP,failure,80,20,success,failure,1587746.085,823613.333
SEC::MED && DPT::DEV && CTR::$,SEC::$ && CTR::EN,,,,,different,TN_TN,failure,40,10,failure,failure,1562832.036,440723.968
SEC::MED && DPT::DEV && CTR::$,SEC::$ && CTR::FR,,,,,different,TN_TN,failure,40,10,failure,failure,1567724.103,445677.425
SEC::MED && DPT::DEV && CTR::$,SEC::$ && DPT::$,,,,,different,TN_FP,failure,80,20,success,failure,1622371.763,814783.370
SEC::MED && DPT::DEV && CTR::$,SEC::$ && DPT::$ && CTR::$,,,,,same,same,success,80,80,success,success,1627076.523,1646352.811
SEC::MED && DPT::DEV && CTR::$,SEC::$ && DPT::$ && CTR::EN,,,,,same,same,failure,40,40,failure,failure,1560435.677,1550478.199
SEC::MED && DPT::DEV && CTR::$,SEC::$ && DPT::$ && CTR::FR,,,,,same,same,failure,40,40,failure,failure,1569093.231,1546689.096
SEC::MED && DPT::DEV && CTR::$,SEC::$ && DPT::DEV,,,,,different,TN_FP,failure,40,10,success,failure,878561.016,445836.472
SEC::MED && DPT::DEV && CTR::$,SEC::$ && DPT::DEV && CTR::$,,,,,same,same,success,40,40,success,success,904447.307,860657.483
SEC::MED && DPT::DEV && CTR::$,SEC::$ && DPT::DEV && CTR::EN,,,,,same,same,failure,20,20,failure,failure,814280.948,820088.586
SEC::MED && DPT::DEV && CTR::$,SEC::$ && DPT::DEV && CTR::FR,,,,,same,same,failure,20,20,failure,failure,810487.777,834413.747
SEC::MED && DPT::DEV && CTR::$,SEC::$ && DPT::MKG,,,,,different,TN_TN,failure,40,10,failure,failure,1562276.575,437566.496
SEC::MED && DPT::DEV && CTR::$,SEC::$ && DPT::MKG && CTR::$,,,,,same,same,failure,40,40,failure,failure,1566906.510,1554783.410
SEC::MED && DPT::DEV && CTR::$,SEC::$ && DPT::MKG && CTR::EN,,,,,same,same,failure,20,20,failure,failure,820868.183,805463.253
SEC::MED && DPT::DEV && CTR::$,SEC::$ && DPT::MKG && CTR::FR,,,,,same,same,failure,20,20,failure,failure,815939.463,805868.067
SEC::MED && DPT::DEV && CTR::$,SEC::HIG,,,,,different,TN_FP,failure,64,4,success,failure,1307287.650,218391.092
SEC::MED && DPT::DEV && CTR::$,SEC::HIG && CTR::$,,,,,different,TN_FP,failure,64,16,success,failure,1349755.038,677703.507
SEC::MED && DPT::DEV && CTR::$,SEC::HIG && CTR::EN,,,,,different,TN_TN,failure,32,8,failure,failure,1269886.840,366015.298
SEC::MED && DPT::DEV && CTR::$,SEC::HIG && CTR::FR,,,,,different,TN_TN,failure,32,8,failure,failure,1762430.849,373470.768
SEC::MED && DPT::DEV && CTR::$,SEC::HIG && DPT::$,,,,,different,TN_FP,failure,64,16,success,failure,1315760.347,670626.678
SEC::MED && DPT::DEV && CTR::$,SEC::HIG && DPT::$ && CTR::$,,,,,same,same,success,64,64,success,success,1387586.705,1362439.756
SEC::MED && DPT::DEV && CTR::$,SEC::HIG && DPT::$ && CTR::EN,,,,,same,same,failure,32,32,failure,failure,1284373.614,1287496.346
SEC::MED && DPT::DEV && CTR::$,SEC::HIG && DPT::$ && CTR::FR,,,,,same,same,failure,32,32,failure,failure,1283933.122,1286957.951
SEC::MED && DPT::DEV && CTR::$,SEC::HIG && DPT::DEV,,,,,different,TN_FP,failure,32,8,success,failure,771245.534,370059.068
SEC::MED && DPT::DEV && CTR::$,SEC::HIG && DPT::DEV && CTR::$,,,,,same,same,success,32,32,success,success,756601.204,736715.669
SEC::MED && DPT::DEV && CTR::$,SEC::HIG && DPT::DEV && CTR::EN,,,,,same,same,failure,16,16,failure,failure,673975.389,673277.760
SEC::MED && DPT::DEV && CTR::$,SEC::HIG && DPT::DEV && CTR::FR,,,,,same,same,failure,16,16,failure,failure,675567.025,674909.983
SEC::MED && DPT::DEV && CTR::$,SEC::HIG && DPT::MKG,,,,,different,TN_TN,failure,32,8,failure,failure,1285504.410,371923.640
SEC::MED && DPT::DEV && CTR::$,SEC::HIG && DPT::MKG && CTR::$,,,,,same,same,failure,32,32,failure,failure,1281481.359,1280333.636
SEC::MED && DPT::DEV && CTR::$,SEC::HIG && DPT::MKG && CTR::EN,,,,,same,same,failure,16,16,failure,failure,670886.365,671196.001
SEC::MED && DPT::DEV && CTR::$,SEC::HIG && DPT::MKG && CTR::FR,,,,,same,same,failure,16,16,failure,failure,691189.028,685679.368
SEC::MED && DPT::DEV && CTR::$,SEC::LOW,,,,,different,TN_TN,failure,32,2,failure,failure,1304319.312,149876.546
SEC::MED && DPT::DEV && CTR::$,SEC::LOW && CTR::$,,,,,different,TN_TN,failure,32,8,failure,failure,1277172.290,374068.209
SEC::MED && DPT::DEV && CTR::$,SEC::LOW && CTR::EN,,,,,different,TN_TN,failure,16,4,failure,failure,671574.321,223178.322
SEC::MED && DPT::DEV && CTR::$,SEC::LOW && CTR::FR,,,,,different,TN_TN,failure,16,4,failure,failure,669444.791,225325.054
SEC::MED && DPT::DEV && CTR::$,SEC::LOW && DPT::$,,,,,different,TN_TN,failure,32,8,failure,failure,1285197.238,376847.081
SEC::MED && DPT::DEV && CTR::$,SEC::LOW && DPT::$ && CTR::$,,,,,same,same,failure,32,32,failure,failure,1276152.142,1267400.160
SEC::MED && DPT::DEV && CTR::$,SEC::LOW && DPT::$ && CTR::EN,,,,,same,same,failure,16,16,failure,failure,689606.404,673446.117
SEC::MED && DPT::DEV && CTR::$,SEC::LOW && DPT::$ && CTR::FR,,,,,same,same,failure,16,16,failure,failure,677867.445,676598.510
SEC::MED && DPT::DEV && CTR::$,SEC::LOW && DPT::DEV,,,,,different,TN_TN,failure,16,4,failure,failure,681604.630,226161.062
SEC::MED && DPT::DEV && CTR::$,SEC::LOW && DPT::DEV && CTR::$,,,,,same,same,failure,16,16,failure,failure,679418.465,668092.424
SEC::MED && DPT::DEV && CTR::$,SEC::LOW && DPT::DEV && CTR::EN,,,,,same,same,failure,8,8,failure,failure,372036.938,373934.182
SEC::MED && DPT::DEV && CTR::$,SEC::LOW && DPT::DEV && CTR::FR,,,,,same,same,failure,8,8,failure,failure,372738.464,381276.399
SEC::MED && DPT::DEV && CTR::$,SEC::LOW && DPT::MKG,,,,,different,TN_TN,failure,16,4,failure,failure,671199.673,223098.266
SEC::MED && DPT::DEV && CTR::$,SEC::LOW && DPT::MKG && CTR::$,,,,,same,same,failure,16,16,failure,failure,674218.600,678516.012
SEC::MED && DPT::DEV && CTR::$,SEC::LOW && DPT::MKG && CTR::EN,,,,,same,same,failure,8,8,failure,failure,373294.517,374787.242
SEC::MED && DPT::DEV && CTR::$,SEC::LOW && DPT::MKG && CTR::FR,,,,,same,same,failure,8,8,failure,failure,373745.984,371729.356
SEC::MED && DPT::DEV && CTR::$,SEC::MED,,,,,different,TN_FP,failure,48,3,success,failure,1018206.191,186130.620
SEC::MED && DPT::DEV && CTR::$,SEC::MED && CTR::$,,,,,different,TN_FP,failure,48,12,success,failure,1040685.711,521522.275
SEC::MED && DPT::DEV && CTR::$,SEC::MED && CTR::EN,,,,,different,TN_TN,failure,24,6,failure,failure,972393.016,300823.625
SEC::MED && DPT::DEV && CTR::$,SEC::MED && CTR::FR,,,,,different,TN_TN,failure,24,6,failure,failure,975684.951,298303.137
SEC::MED && DPT::DEV && CTR::$,SEC::MED && DPT::$,,,,,different,TN_FP,failure,48,12,success,failure,1010154.006,518484.782
SEC::MED && DPT::DEV && CTR::$,SEC::MED && DPT::$ && CTR::$,,,,,same,same,success,48,48,success,success,1025146.147,1058562.253
SEC::MED && DPT::DEV && CTR::$,SEC::MED && DPT::$ && CTR::EN,,,,,same,same,failure,24,24,failure,failure,961689.809,956511.281
SEC::MED && DPT::DEV && CTR::$,SEC::MED && DPT::$ && CTR::FR,,,,,same,same,failure,24,24,failure,failure,967648.556,951201.667
SEC::MED && DPT::DEV && CTR::$,SEC::MED && DPT::DEV,,,,,different,TN_FP,failure,24,6,success,failure,623449.069,302879.286
SEC::MED && DPT::DEV && CTR::$,SEC::MED && DPT::DEV && CTR::$,,,,,same,same,success,24,24,success,success,605239.508,588916.721
SEC::MED && DPT::DEV && CTR::$,SEC::MED && DPT::DEV && CTR::EN,,,,,same,same,failure,12,12,failure,failure,532550.522,518851.571
SEC::MED && DPT::DEV && CTR::$,SEC::MED && DPT::DEV && CTR::FR,,,,,same,same,failure,12,12,failure,failure,523882.853,521893.823
SEC::MED && DPT::DEV && CTR::$,SEC::MED && DPT::MKG,,,,,different,TN_TN,failure,24,6,failure,failure,975819.858,297811.165
SEC::MED && DPT::DEV && CTR::$,SEC::MED && DPT::MKG && CTR::$,,,,,same,same,failure,24,24,failure,failure,987856.652,970854.199
SEC::MED && DPT::DEV && CTR::$,SEC::MED && DPT::MKG && CTR::EN,,,,,same,same,failure,12,12,failure,failure,541325.821,531862.191
SEC::MED && DPT::DEV && CTR::$,SEC::MED && DPT::MKG && CTR::FR,,,,,same,same,failure,12,12,failure,failure,524395.956,522696.212
SEC::MED && DPT::DEV && CTR::EN,CTR::$,,,,,different,TN_FP,failure,80,4,success,failure,1982747.178,238894.155
SEC::MED && DPT::DEV && CTR::EN,CTR::EN,,,,,different,TN_FP,failure,40,2,success,failure,987679.665,159517.084
SEC::MED && DPT::DEV && CTR::EN,CTR::FR,,,,,different,TN_TN,failure,40,2,failure,failure,1854883.373,163374.675
SEC::MED && DPT::DEV && CTR::EN,DPT::$,,,,,different,TN_FP,failure,80,4,success,failure,2294617.854,246052.869
SEC::MED && DPT::DEV && CTR::EN,DPT::$ && CTR::$,,,,,different,TN_FP,failure,80,16,success,failure,2621119.985,721754.877
SEC::MED && DPT::DEV && CTR::EN,DPT::$ && CTR::EN,,,,,different,TN_FP,failure,40,8,success,failure,1313505.026,405472.626
SEC::MED && DPT::DEV && CTR::EN,DPT::$ && CTR::FR,,,,,different,TN_TN,failure,40,8,failure,failure,1833914.665,403389.758
SEC::MED && DPT::DEV && CTR::EN,DPT::DEV,,,,,different,TN_FP,failure,40,2,success,failure,1055603.543,159095.679
SEC::MED && DPT::DEV && CTR::EN,DPT::DEV && CTR::$,,,,,different,TN_FP,failure,40,8,success,failure,1181779.718,398472.189
SEC::MED && DPT::DEV && CTR::EN,DPT::DEV && CTR::EN,,,,,different,TN_FP,failure,20,4,success,failure,650833.977,238921.668
SEC::MED && DPT::DEV && CTR::EN,DPT::DEV && CTR::FR,,,,,different,TN_TN,failure,20,4,failure,failure,1188987.328,238705.727
SEC::MED && DPT::DEV && CTR::EN,DPT::MKG,,,,,different,TN_TN,failure,40,2,failure,failure,1942107.363,161770.881
SEC::MED && DPT::DEV && CTR::EN,DPT::MKG && CTR::$,,,,,different,TN_TN,failure,40,8,failure,failure,2021299.427,407275.051
SEC::MED && DPT::DEV && CTR::EN,DPT::MKG && CTR::EN,,,,,different,TN_TN,failure,20,4,failure,failure,984508.963,239779.076
SEC::MED && DPT::DEV && CTR::EN,DPT::MKG && CTR::FR,,,,,different,TN_TN,failure,20,4,failure,failure,1035790.639,239416.616
SEC::MED && DPT::DEV && CTR::EN,SEC::$,,,,,different,TN_FP,failure,80,5,success,failure,1808495.586,273566.242
SEC::MED && DPT::DEV && CTR::EN,SEC::$ && CTR::$,,,,,different,TN_FP,failure,80,20,success,failure,1856274.847,866966.478
SEC::MED && DPT::DEV && CTR::EN,SEC::$ && CTR::EN,,,,,different,TN_FP,failure,40,10,success,failure,1004236.382,493046.342
SEC::MED && DPT::DEV && CTR::EN,SEC::$ && CTR::FR,,,,,different,TN_TN,failure,40,10,failure,failure,1722448.943,476877.669
SEC::MED && DPT::DEV && CTR::EN,SEC::$ && DPT::$,,,,,different,TN_FP,failure,80,20,success,failure,1948567.650,863554.757
SEC::MED && DPT::DEV && CTR::EN,SEC::$ && DPT::$ && CTR::$,,,,,same,same,success,80,80,success,success,1873522.384,1731266.493
SEC::MED && DPT::DEV && CTR::EN,SEC::$ && DPT::$ && CTR::EN,,,,,same,same,success,40,40,success,success,975910.649,941162.416
SEC::MED && DPT::DEV && CTR::EN,SEC::$ && DPT::$ && CTR::FR,,,,,same,same,failure,40,40,failure,failure,1734112.786,1659970.505
SEC::MED && DPT::DEV && CTR::EN,SEC::$ && DPT::DEV,,,,,different,TN_FP,failure,40,10,success,failure,1046549.911,476199.280
SEC::MED && DPT::DEV && CTR::EN,SEC::$ && DPT::DEV && CTR::$,,,,,same,same,success,40,40,success,success,958900.568,916558.685
SEC::MED && DPT::DEV && CTR::EN,SEC::$ && DPT::DEV && CTR::EN,,,,,same,same,success,20,20,success,success,578139.204,572908.503
SEC::MED && DPT::DEV && CTR::EN,SEC::$ && DPT::DEV && CTR::FR,,,,,same,same,failure,20,20,failure,failure,900012.253,868695.525
SEC::MED && DPT::DEV && CTR::EN,SEC::$ && DPT::MKG,,,,,different,TN_TN,failure,40,10,failure,failure,1735252.013,470055.497
SEC::MED && DPT::DEV && CTR::EN,SEC::$ && DPT::MKG && CTR::$,,,,,same,same,failure,40,40,failure,failure,1743611.569,1655569.985
SEC::MED && DPT::DEV && CTR::EN,SEC::$ && DPT::MKG && CTR::EN,,,,,same,same,failure,20,20,failure,failure,899549.796,862443.313
SEC::MED && DPT::DEV && CTR::EN,SEC::$ && DPT::MKG && CTR::FR,,,,,same,same,failure,20,20,failure,failure,911572.076,866588.954
SEC::MED && DPT::DEV && CTR::EN,SEC::HIG,,,,,different,TN_FP,failure,64,4,success,failure,1442379.644,237563.154
SEC::MED && DPT::DEV && CTR::EN,SEC::HIG && CTR::$,,,,,different,TN_FP,failure,64,16,success,failure,1498323.024,710008.934
SEC::MED && DPT::DEV && CTR::EN,SEC::HIG && CTR::EN,,,,,different,TN_FP,failure,32,8,success,failure,824131.780,400103.144
SEC::MED && DPT::DEV && CTR::EN,SEC::HIG && CTR::FR,,,,,different,TN_TN,failure,32,8,failure,failure,1405661.474,403269.487
SEC::MED && DPT::DEV && CTR::EN,SEC::HIG && DPT::$,,,,,different,TN_FP,failure,64,16,success,failure,1464390.856,718171.330
SEC::MED && DPT::DEV && CTR::EN,SEC::HIG && DPT::$ && CTR::$,,,,,same,same,success,64,64,success,success,1429787.319,1430775.948
SEC::MED && DPT::DEV && CTR::EN,SEC::HIG && DPT::$ && CTR::EN,,,,,same,same,success,32,32,success,success,823603.078,828120.943
SEC::MED && DPT::DEV && CTR::EN,SEC::HIG && DPT::$ && CTR::FR,,,,,same,same,failure,32,32,failure,failure,1403237.012,1361405.917
SEC::MED && DPT::DEV && CTR::EN,SEC::HIG && DPT::DEV,,,,,different,TN_FP,failure,32,8,success,failure,860317.471,399068.568
SEC::MED && DPT::DEV && CTR::EN,SEC::HIG && DPT::DEV && CTR::$,,,,,same,same,success,32,32,success,success,842257.745,798537.527
SEC::MED && DPT::DEV && CTR::EN,SEC::HIG && DPT::DEV && CTR::EN,,,,,same,same,success,16,16,success,success,492208.675,507093.596
SEC::MED && DPT::DEV && CTR::EN,SEC::HIG && DPT::DEV && CTR::FR,,,,,same,same,failure,16,16,failure,failure,744681.757,710825.836
SEC::MED && DPT::DEV && CTR::EN,SEC::HIG && DPT::MKG,,,,,different,TN_TN,failure,32,8,failure,failure,1407482.981,397691.490
SEC::MED && DPT::DEV && CTR::EN,SEC::HIG && DPT::MKG && CTR::$,,,,,same,same,failure,32,32,failure,failure,1397161.045,1349717.567
SEC::MED && DPT::DEV && CTR::EN,SEC::HIG && DPT::MKG && CTR::EN,,,,,same,same,failure,16,16,failure,failure,736928.258,722818.522
SEC::MED && DPT::DEV && CTR::EN,SEC::HIG && DPT::MKG && CTR::FR,,,,,same,same,failure,16,16,failure,failure,737319.031,713699.472
SEC::MED && DPT::DEV && CTR::EN,SEC::LOW,,,,,different,TN_TN,failure,32,2,failure,failure,1885987.085,164971.385
SEC::MED && DPT::DEV && CTR::EN,SEC::LOW && CTR::$,,,,,different,TN_TN,failure,32,8,failure,failure,1692410.714,400822.598
SEC::MED && DPT::DEV && CTR::EN,SEC::LOW && CTR::EN,,,,,different,TN_TN,failure,16,4,failure,failure,996285.442,237786.027
SEC::MED && DPT::DEV && CTR::EN,SEC::LOW && CTR::FR,,,,,different,TN_TN,failure,16,4,failure,failure,996065.409,238907.060
SEC::MED && DPT::DEV && CTR::EN,SEC::LOW && DPT::$,,,,,different,TN_TN,failure,32,8,failure,failure,1412611.441,397834.227
SEC::MED && DPT::DEV && CTR::EN,SEC::LOW && DPT::$ && CTR::$,,,,,same,same,failure,32,32,failure,failure,1413193.322,1365674.533
SEC::MED && DPT::DEV && CTR::EN,SEC::LOW && DPT::$ && CTR::EN,,,,,same,same,failure,16,16,failure,failure,741684.399,729233.485
SEC::MED && DPT::DEV && CTR::EN,SEC::LOW && DPT::$ && CTR::FR,,,,,same,same,failure,16,16,failure,failure,747605.481,719150.051
SEC::MED && DPT::DEV && CTR::EN,SEC::LOW && DPT::DEV,,,,,different,TN_TN,failure,16,4,failure,failure,747559.865,239163.145
SEC::MED && DPT::DEV && CTR::EN,SEC::LOW && DPT::DEV && CTR::$,,,,,same,same,failure,16,16,failure,failure,752110.742,717721.821
SEC::MED && DPT::DEV && CTR::EN,SEC::LOW && DPT::DEV && CTR::EN,,,,,same,same,failure,8,8,failure,failure,413228.433,398120.920
SEC::MED && DPT::DEV && CTR::EN,SEC::LOW && DPT::DEV && CTR::FR,,,,,same,same,failure,8,8,failure,failure,415216.462,406479.198
SEC::MED && DPT::DEV && CTR::EN,SEC::LOW && DPT::MKG,,,,,different,TN_TN,failure,16,4,failure,failure,742064.583,239329.862
SEC::MED && DPT::DEV && CTR::EN,SEC::LOW && DPT::MKG && CTR::$,,,,,same,same,failure,16,16,failure,failure,741610.806,727271.825
SEC::MED && DPT::DEV && CTR::EN,SEC::LOW && DPT::MKG && CTR::EN,,,,,same,same,failure,8,8,failure,failure,412052.557,408763.308
SEC::MED && DPT::DEV && CTR::EN,SEC::LOW && DPT::MKG && CTR::FR,,,,,same,same,failure,8,8,failure,failure,421965.742,398723.491
SEC::MED && DPT::DEV && CTR::EN,SEC::MED,,,,,different,TN_FP,failure,48,3,success,failure,1148616.112,198224.384
SEC::MED && DPT::DEV && CTR::EN,SEC::MED && CTR::$,,,,,different,TN_FP,failure,48,12,success,failure,1167249.904,568828.936
SEC::MED && DPT::DEV && CTR::EN,SEC::MED && CTR::EN,,,,,different,TN_FP,failure,24,6,success,failure,686730.831,317823.012
SEC::MED && DPT::DEV && CTR::EN,SEC::MED && CTR::FR,,,,,different,TN_TN,failure,24,6,failure,failure,1090480.799,318201.311
SEC::MED && DPT::DEV && CTR::EN,SEC::MED && DPT::$,,,,,different,TN_FP,failure,48,12,success,failure,1137238.094,549849.044
SEC::MED && DPT::DEV && CTR::EN,SEC::MED && DPT::$ && CTR::$,,,,,same,same,success,48,48,success,success,1159365.194,1069918.234
SEC::MED && DPT::DEV && CTR::EN,SEC::MED && DPT::$ && CTR::EN,,,,,same,same,success,24,24,success,success,645782.130,631729.486
SEC::MED && DPT::DEV && CTR::EN,SEC::MED && DPT::$ && CTR::FR,,,,,same,same,failure,24,24,failure,failure,1072960.380,1016630.650
SEC::MED && DPT::DEV && CTR::EN,SEC::MED && DPT::DEV,,,,,different,TN_FP,failure,24,6,success,failure,684493.488,319453.540
SEC::MED && DPT::DEV && CTR::EN,SEC::MED && DPT::DEV && CTR::$,,,,,same,same,success,24,24,success,success,651089.586,647528.140
SEC::MED && DPT::DEV && CTR::EN,SEC::MED && DPT::DEV && CTR::EN,,,,,same,same,success,12,12,success,success,429433.515,419580.273
SEC::MED && DPT::DEV && CTR::EN,SEC::MED && DPT::DEV && CTR::FR,,,,,same,same,failure,12,12,failure,failure,579409.047,562237.287
SEC::MED && DPT::DEV && CTR::EN,SEC::MED && DPT::MKG,,,,,different,TN_TN,failure,24,6,failure,failure,1067559.390,321244.399
SEC::MED && DPT::DEV && CTR::EN,SEC::MED && DPT::MKG && CTR::$,,,,,same,same,failure,24,24,failure,failure,1087606.883,1030637.743
SEC::MED && DPT::DEV && CTR::EN,SEC::MED && DPT::MKG && CTR::EN,,,,,same,same,failure,12,12,failure,failure,580951.836,555754.943
SEC::MED && DPT::DEV && CTR::EN,SEC::MED && DPT::MKG && CTR::FR,,,,,same,same,failure,12,12,failure,failure,589543.405,562839.822
SEC::MED && DPT::DEV && CTR::FR,CTR::$,,,,,different,TN_FP,failure,80,4,success,failure,1582223.265,224830.651
SEC::MED && DPT::DEV && CTR::FR,CTR::EN,,,,,different,TN_TN,failure,40,2,failure,failure,1692436.383,149701.057
SEC::MED && DPT::DEV && CTR::FR,CTR::FR,,,,,different,TN_FP,failure,40,2,success,failure,929400.453,149445.101
SEC::MED && DPT::DEV && CTR::FR,DPT::$,,,,,different,TN_FP,failure,80,4,success,failure,1828179.117,225971.731
SEC::MED && DPT::DEV && CTR::FR,DPT::$ && CTR::$,,,,,different,TN_FP,failure,80,16,success,failure,1986325.720,678454.446
SEC::MED && DPT::DEV && CTR::FR,DPT::$ && CTR::EN,,,,,different,TN_TN,failure,40,8,failure,failure,1675009.168,377407.933
SEC::MED && DPT::DEV && CTR::FR,DPT::$ && CTR::FR,,,,,different,TN_FP,failure,40,8,success,failure,1024506.723,384815.403
SEC::MED && DPT::DEV && CTR::FR,DPT::DEV,,,,,different,TN_FP,failure,40,2,success,failure,891041.706,157536.524
SEC::MED && DPT::DEV && CTR::FR,DPT::DEV && CTR::$,,,,,different,TN_FP,failure,40,8,success,failure,960164.754,373012.523
SEC::MED && DPT::DEV && CTR::FR,DPT::DEV && CTR::EN,,,,,different,TN_TN,failure,20,4,failure,failure,819275.892,222956.916
SEC::MED && DPT::DEV && CTR::FR,DPT::DEV && CTR::FR,,,,,different,TN_FP,failure,20,4,success,failure,570573.498,223106.066
SEC::MED && DPT::DEV && CTR::FR,DPT::MKG,,,,,different,TN_TN,failure,40,2,failure,failure,1771901.398,155271.701
SEC::MED && DPT::DEV && CTR::FR,DPT::MKG && CTR::$,,,,,different,TN_TN,failure,40,8,failure,failure,1712125.073,376824.859
SEC::MED && DPT::DEV && CTR::FR,DPT::MKG && CTR::EN,,,,,different,TN_TN,failure,20,4,failure,failure,931942.306,226906.089
SEC::MED && DPT::DEV && CTR::FR,DPT::MKG && CTR::FR,,,,,different,TN_TN,failure,20,4,failure,failure,968439.194,225973.424
SEC::MED && DPT::DEV && CTR::FR,SEC::$,,,,,different,TN_FP,failure,80,5,success,failure,1650123.319,263407.537
SEC::MED && DPT::DEV && CTR::FR,SEC::$ && CTR::$,,,,,different,TN_FP,failure,80,20,success,failure,1805158.425,834329.569
SEC::MED && DPT::DEV && CTR::FR,SEC::$ && CTR::EN,,,,,different,TN_TN,failure,40,10,failure,failure,1566179.461,451465.622
SEC::MED && DPT::DEV && CTR::FR,SEC::$ && CTR::FR,,,,,different,TN_FP,failure,40,10,success,failure,873768.837,455544.708
SEC::MED && DPT::DEV && CTR::FR,SEC::$ && DPT::$,,,,,different,TN_FP,failure,80,20,success,failure,1763073.194,810589.748
SEC::MED && DPT::DEV && CTR::FR,SEC::$ && DPT::$ && CTR::$,,,,,same,same,success,80,80,success,success,1620343.088,1762667.113
SEC::MED && DPT::DEV && CTR::FR,SEC::$ && DPT::$ && CTR::EN,,,,,same,same,failure,40,40,failure,failure,1576571.163,1549085.242
SEC::MED && DPT::DEV && CTR::FR,SEC::$ && DPT::$ && CTR::FR,,,,,same,same,success,40,40,success,success,911924.908,945636.573
SEC::MED && DPT::DEV && CTR::FR,SEC::$ && DPT::DEV,,,,,different,TN_FP,failure,40,10,success,failure,875992.057,455089.294
SEC::MED && DPT::DEV && CTR::FR,SEC::$ && DPT::DEV && CTR::$,,,,,same,same,success,40,40,success,success,902839.471,886961.523
SEC::MED && DPT::DEV && CTR::FR,SEC::$ && DPT::DEV && CTR::EN,,,,,same,same,failure,20,20,failure,failure,823579.439,840058.029
SEC::MED && DPT::DEV && CTR::FR,SEC::$ && DPT::DEV && CTR::FR,,,,,same,same,success,20,20,success,success,547480.927,514169.218
SEC::MED && DPT::DEV && CTR::FR,SEC::$ && DPT::MKG,,,,,different,TN_TN,failure,40,10,failure,failure,1588839.185,445117.108
SEC::MED && DPT::DEV && CTR::FR,SEC::$ && DPT::MKG && CTR::$,,,,,same,same,failure,40,40,failure,failure,1597671.342,1549809.029
SEC::MED && DPT::DEV && CTR::FR,SEC::$ && DPT::MKG && CTR::EN,,,,,same,same,failure,20,20,failure,failure,837544.524,822907.488
SEC::MED && DPT::DEV && CTR::FR,SEC::$ && DPT::MKG && CTR::FR,,,,,same,same,failure,20,20,failure,failure,824257.831,829354.291
SEC::MED && DPT::DEV && CTR::FR,SEC::HIG,,,,,different,TN_FP,failure,64,4,success,failure,1394649.028,220503.500
SEC::MED && DPT::DEV && CTR::FR,SEC::HIG && CTR::$,,,,,different,TN_FP,failure,64,16,success,failure,1351827.365,661427.688
SEC::MED && DPT::DEV && CTR::FR,SEC::HIG && CTR::EN,,,,,different,TN_TN,failure,32,8,failure,failure,1284350.054,368484.645
SEC::MED && DPT::DEV && CTR::FR,SEC::HIG && CTR::FR,,,,,different,TN_FP,failure,32,8,success,failure,803130.016,367074.871
SEC::MED && DPT::DEV && CTR::FR,SEC::HIG && DPT::$,,,,,different,TN_FP,failure,64,16,success,failure,1357051.339,678169.547
SEC::MED && DPT::DEV && CTR::FR,SEC::HIG && DPT::$ && CTR::$,,,,,same,same,success,64,64,success,success,1318209.461,1294797.561
SEC::MED && DPT::DEV && CTR::FR,SEC::HIG && DPT::$ && CTR::EN,,,,,same,same,failure,32,32,failure,failure,1312507.360,1275075.357
SEC::MED && DPT::DEV && CTR::FR,SEC::HIG && DPT::$ && CTR::FR,,,,,same,same,success,32,32,success,success,817570.773,740226.655
SEC::MED && DPT::DEV && CTR::FR,SEC::HIG && DPT::DEV,,,,,different,TN_FP,failure,32,8,success,failure,749610.797,367026.741
SEC::MED && DPT::DEV && CTR::FR,SEC::HIG && DPT::DEV && CTR::$,,,,,same,same,success,32,32,success,success,760977.889,818716.808
SEC::MED && DPT::DEV && CTR::FR,SEC::HIG && DPT::DEV && CTR::EN,,,,,same,same,failure,16,16,failure,failure,672975.088,660252.934
SEC::MED && DPT::DEV && CTR::FR,SEC::HIG && DPT::DEV && CTR::FR,,,,,same,same,success,16,16,success,success,457693.238,454345.198
SEC::MED && DPT::DEV && CTR::FR,SEC::HIG && DPT::MKG,,,,,different,TN_TN,failure,32,8,failure,failure,1277506.863,370682.002
SEC::MED && DPT::DEV && CTR::FR,SEC::HIG && DPT::MKG && CTR::$,,,,,same,same,failure,32,32,failure,failure,1295140.164,1270660.651
SEC::MED && DPT::DEV && CTR::FR,SEC::HIG && DPT::MKG && CTR::EN,,,,,same,same,failure,16,16,failure,failure,674153.473,670652.416
SEC::MED && DPT::DEV && CTR::FR,SEC::HIG && DPT::MKG && CTR::FR,,,,,same,same,failure,16,16,failure,failure,685219.015,677661.789
SEC::MED && DPT::DEV && CTR::FR,SEC::LOW,,,,,different,TN_TN,failure,32,2,failure,failure,1364334.660,159786.279
SEC::MED && DPT::DEV && CTR::FR,SEC::LOW && CTR::$,,,,,different,TN_TN,failure,32,8,failure,failure,1455217.634,383001.590
SEC::MED && DPT::DEV && CTR::FR,SEC::LOW && CTR::EN,,,,,different,TN_TN,failure,16,4,failure,failure,730686.250,233513.929
SEC::MED && DPT::DEV && CTR::FR,SEC::LOW && CTR::FR,,,,,different,TN_TN,failure,16,4,failure,failure,730831.688,226947.451
SEC::MED && DPT::DEV && CTR::FR,SEC::LOW && DPT::$,,,,,different,TN_TN,failure,32,8,failure,failure,1445468.663,373846.007
SEC::MED && DPT::DEV && CTR::FR,SEC::LOW && DPT::$ && CTR::$,,,,,same,same,failure,32,32,failure,failure,1432095.863,1292065.306
SEC::MED && DPT::DEV && CTR::FR,SEC::LOW && DPT::$ && CTR::EN,,,,,same,same,failure,16,16,failure,failure,740416.917,681935.365
SEC::MED && DPT::DEV && CTR::FR,SEC::LOW && DPT::$ && CTR::FR,,,,,same,same,failure,16,16,failure,failure,757995.860,675058.791
SEC::MED && DPT::DEV && CTR::FR,SEC::LOW && DPT::DEV,,,,,different,TN_TN,failure,16,4,failure,failure,724440.925,225956.774
SEC::MED && DPT::DEV && CTR::FR,SEC::LOW && DPT::DEV && CTR::$,,,,,same,same,failure,16,16,failure,failure,771838.471,683159.321
SEC::MED && DPT::DEV && CTR::FR,SEC::LOW && DPT::DEV && CTR::EN,,,,,same,same,failure,8,8,failure,failure,416436.446,383305.385
SEC::MED && DPT::DEV && CTR::FR,SEC::LOW && DPT::DEV && CTR::FR,,,,,same,same,failure,8,8,failure,failure,435794.963,379506.519
SEC::MED && DPT::DEV && CTR::FR,SEC::LOW && DPT::MKG,,,,,different,TN_TN,failure,16,4,failure,failure,772563.816,224363.535
SEC::MED && DPT::DEV && CTR::FR,SEC::LOW && DPT::MKG && CTR::$,,,,,same,same,failure,16,16,failure,failure,759718.782,674481.042
SEC::MED && DPT::DEV && CTR::FR,SEC::LOW && DPT::MKG && CTR::EN,,,,,same,same,failure,8,8,failure,failure,417640.459,375951.932
SEC::MED && DPT::DEV && CTR::FR,SEC::LOW && DPT::MKG && CTR::FR,,,,,same,same,failure,8,8,failure,failure,391475.616,378031.458
SEC::MED && DPT::DEV && CTR::FR,SEC::MED,,,,,different,TN_FP,failure,48,3,success,failure,1311209.431,188748.429
SEC::MED && DPT::DEV && CTR::FR,SEC::MED && CTR::$,,,,,different,TN_FP,failure,48,12,success,failure,1110477.533,528712.372
SEC::MED && DPT::DEV && CTR::FR,SEC::MED && CTR::EN,,,,,different,TN_TN,failure,24,6,failure,failure,1070828.566,299018.624
SEC::MED && DPT::DEV && CTR::FR,SEC::MED && CTR::FR,,,,,different,TN_FP,failure,24,6,success,failure,643452.762,298393.452
SEC::MED && DPT::DEV && CTR::FR,SEC::MED && DPT::$,,,,,different,TN_FP,failure,48,12,success,failure,1086270.562,534335.885
SEC::MED && DPT::DEV && CTR::FR,SEC::MED && DPT::$ && CTR::$,,,,,same,same,success,48,48,success,success,1116117.878,1052527.974
SEC::MED && DPT::DEV && CTR::FR,SEC::MED && DPT::$ && CTR::EN,,,,,same,same,failure,24,24,failure,failure,985653.199,980532.554
SEC::MED && DPT::DEV && CTR::FR,SEC::MED && DPT::$ && CTR::FR,,,,,same,same,success,24,24,success,success,601686.012,612898.990
SEC::MED && DPT::DEV && CTR::FR,SEC::MED && DPT::DEV,,,,,different,TN_FP,failure,24,6,success,failure,634714.981,301297.358
SEC::MED && DPT::DEV && CTR::FR,SEC::MED && DPT::DEV && CTR::$,,,,,same,same,success,24,24,success,success,605491.255,609371.623
SEC::MED && DPT::DEV && CTR::FR,SEC::MED && DPT::DEV && CTR::EN,,,,,same,same,failure,12,12,failure,failure,528421.456,529198.289
SEC::MED && DPT::DEV && CTR::FR,SEC::MED && DPT::DEV && CTR::FR,,,,,same,same,success,12,12,success,success,377849.747,376441.495
SEC::MED && DPT::DEV && CTR::FR,SEC::MED && DPT::MKG,,,,,different,TN_TN,failure,24,6,failure,failure,1341174.453,307634.441
SEC::MED && DPT::DEV && CTR::FR,SEC::MED && DPT::MKG && CTR::$,,,,,same,same,failure,24,24,failure,failure,986595.837,970126.390
SEC::MED && DPT::DEV && CTR::FR,SEC::MED && DPT::MKG && CTR::EN,,,,,same,same,failure,12,12,failure,failure,588618.216,522621.331
SEC::MED && DPT::DEV && CTR::FR,SEC::MED && DPT::MKG && CTR::FR,,,,,same,same,failure,12,12,failure,failure,527271.725,534287.239
SEC::MED && DPT::MKG,CTR::$,,,,,different,TN_FP,failure,80,4,success,failure,2693346.329,224528.163
SEC::MED && DPT::MKG,CTR::EN,,,,,different,TN_FP,failure,40,2,success,failure,1181215.350,151508.507
SEC::MED && DPT::MKG,CTR::FR,,,,,different,TN_FP,failure,40,2,success,failure,1185497.046,150206.224
SEC::MED && DPT::MKG,DPT::$,,,,,different,TN_FP,failure,80,4,success,failure,1929384.648,223303.081
SEC::MED && DPT::MKG,DPT::$ && CTR::$,,,,,different,TN_FP,failure,80,16,success,failure,1972624.130,671270.956
SEC::MED && DPT::MKG,DPT::$ && CTR::EN,,,,,different,TN_FP,failure,40,8,success,failure,1134340.885,373393.483
SEC::MED && DPT::MKG,DPT::$ && CTR::FR,,,,,different,TN_FP,failure,40,8,success,failure,1119845.650,377060.897
SEC::MED && DPT::MKG,DPT::DEV,,,,,different,TN_TN,failure,40,2,failure,failure,2033175.819,149864.128
SEC::MED && DPT::MKG,DPT::DEV && CTR::$,,,,,different,TN_TN,failure,40,8,failure,failure,2351947.400,373986.285
SEC::MED && DPT::MKG,DPT::DEV && CTR::EN,,,,,different,TN_TN,failure,20,4,failure,failure,1095952.994,225811.280
SEC::MED && DPT::MKG,DPT::DEV && CTR::FR,,,,,different,TN_TN,failure,20,4,failure,failure,1204969.546,226436.698
SEC::MED && DPT::MKG,DPT::MKG,,,,,different,TN_FP,failure,40,2,success,failure,1200625.343,149589.367
SEC::MED && DPT::MKG,DPT::MKG && CTR::$,,,,,different,TN_FP,failure,40,8,success,failure,1159414.913,371914.223
SEC::MED && DPT::MKG,DPT::MKG && CTR::EN,,,,,different,TN_FP,failure,20,4,success,failure,695262.123,223662.064
SEC::MED && DPT::MKG,DPT::MKG && CTR::FR,,,,,different,TN_FP,failure,20,4,success,failure,692484.503,233470.162
SEC::MED && DPT::MKG,SEC::$,,,,,different,TN_FP,failure,80,5,success,failure,1913791.319,262834.367
SEC::MED && DPT::MKG,SEC::$ && CTR::$,,,,,different,TN_FP,failure,80,20,success,failure,1890365.728,823527.983
SEC::MED && DPT::MKG,SEC::$ && CTR::EN,,,,,different,TN_FP,failure,40,10,success,failure,1043415.301,451805.514
SEC::MED && DPT::MKG,SEC::$ && CTR::FR,,,,,different,TN_FP,failure,40,10,success,failure,1065503.072,449236.400
SEC::MED && DPT::MKG,SEC::$ && DPT::$,,,,,different,TP_TP,success,80,20,success,success,1994608.477,516184.623
SEC::MED && DPT::MKG,SEC::$ && DPT::$ && CTR::$,,,,,same,same,success,80,80,success,success,1927536.958,1642874.502
SEC::MED && DPT::MKG,SEC::$ && DPT::$ && CTR::EN,,,,,same,same,success,40,40,success,success,1100010.941,864742.576
SEC::MED && DPT::MKG,SEC::$ && DPT::$ && CTR::FR,,,,,same,same,success,40,40,success,success,1076013.948,904069.123
SEC::MED && DPT::MKG,SEC::$ && DPT::DEV,,,,,different,TN_TN,failure,40,10,failure,failure,1879190.126,452972.924
SEC::MED && DPT::MKG,SEC::$ && DPT::DEV && CTR::$,,,,,same,same,failure,40,40,failure,failure,1891284.552,1587707.002
SEC::MED && DPT::MKG,SEC::$ && DPT::DEV && CTR::EN,,,,,same,same,failure,20,20,failure,failure,970839.132,821211.493
SEC::MED && DPT::MKG,SEC::$ && DPT::DEV && CTR::FR,,,,,same,same,failure,20,20,failure,failure,979587.346,828332.600
SEC::MED && DPT::MKG,SEC::$ && DPT::MKG,,,,,different,TP_TP,success,40,10,success,success,1077179.915,334536.857
SEC::MED && DPT::MKG,SEC::$ && DPT::MKG && CTR::$,,,,,same,same,success,40,40,success,success,1105539.947,888244.900
SEC::MED && DPT::MKG,SEC::$ && DPT::MKG && CTR::EN,,,,,same,same,success,20,20,success,success,629747.659,542192.522
SEC::MED && DPT::MKG,SEC::$ && DPT::MKG && CTR::FR,,,,,same,same,success,20,20,success,success,634647.099,509256.367
SEC::MED && DPT::MKG,SEC::HIG,,,,,different,TN_FP,failure,64,4,success,failure,2312180.352,223572.992
SEC::MED && DPT::MKG,SEC::HIG && CTR::$,,,,,different,TN_FP,failure,64,16,success,failure,2055434.076,688629.592
SEC::MED && DPT::MKG,SEC::HIG && CTR::EN,,,,,different,TN_FP,failure,32,8,success,failure,1154498.616,376683.539
SEC::MED && DPT::MKG,SEC::HIG && CTR::FR,,,,,different,TN_FP,failure,32,8,success,failure,1166517.951,391112.559
SEC::MED && DPT::MKG,SEC::HIG && DPT::$,,,,,different,TP_TP,success,64,16,success,success,1561191.540,483210.226
SEC::MED && DPT::MKG,SEC::HIG && DPT::$ && CTR::$,,,,,same,same,success,64,64,success,success,1553210.719,1339402.063
SEC::MED && DPT::MKG,SEC::HIG && DPT::$ && CTR::EN,,,,,same,same,success,32,32,success,success,889087.105,768627.493
SEC::MED && DPT::MKG,SEC::HIG && DPT::$ && CTR::FR,,,,,same,same,success,32,32,success,success,862789.182,813235.020
SEC::MED && DPT::MKG,SEC::HIG && DPT::DEV,,,,,different,TN_TN,failure,32,8,failure,failure,1756655.556,386481.853
SEC::MED && DPT::MKG,SEC::HIG && DPT::DEV && CTR::$,,,,,same,same,failure,32,32,failure,failure,1516612.706,1278606.486
SEC::MED && DPT::MKG,SEC::HIG && DPT::DEV && CTR::EN,,,,,same,same,failure,16,16,failure,failure,798927.308,688017.629
SEC::MED && DPT::MKG,SEC::HIG && DPT::DEV && CTR::FR,,,,,same,same,failure,16,16,failure,failure,798051.039,682694.625
SEC::MED && DPT::MKG,SEC::HIG && DPT::MKG,,,,,different,TP_TP,success,32,8,success,success,906130.684,309115.909
SEC::MED && DPT::MKG,SEC::HIG && DPT::MKG && CTR::$,,,,,same,same,success,32,32,success,success,889105.820,751937.787
SEC::MED && DPT::MKG,SEC::HIG && DPT::MKG && CTR::EN,,,,,same,same,success,16,16,success,success,538976.730,485023.518
SEC::MED && DPT::MKG,SEC::HIG && DPT::MKG && CTR::FR,,,,,same,same,success,16,16,success,success,537226.804,459856.045
SEC::MED && DPT::MKG,SEC::LOW,,,,,different,TN_TN,failure,32,2,failure,failure,1524711.127,149158.053
SEC::MED && DPT::MKG,SEC::LOW && CTR::$,,,,,different,TN_TN,failure,32,8,failure,failure,1522848.978,372515.556
SEC::MED && DPT::MKG,SEC::LOW && CTR::EN,,,,,different,TN_TN,failure,16,4,failure,failure,804414.210,233404.293
SEC::MED && DPT::MKG,SEC::LOW && CTR::FR,,,,,different,TN_TN,failure,16,4,failure,failure,811575.438,223289.916
SEC::MED && DPT::MKG,SEC::LOW && DPT::$,,,,,different,TN_TN,failure,32,8,failure,failure,1971271.688,372789.615
SEC::MED && DPT::MKG,SEC::LOW && DPT::$ && CTR::$,,,,,same,same,failure,32,32,failure,failure,1585738.884,1282793.614
SEC::MED && DPT::MKG,SEC::LOW && DPT::$ && CTR::EN,,,,,same,same,failure,16,16,failure,failure,1047033.428,684137.957
SEC::MED && DPT::MKG,SEC::LOW && DPT::$ && CTR::FR,,,,,same,same,failure,16,16,failure,failure,1036428.310,684569.877
SEC::MED && DPT::MKG,SEC::LOW && DPT::DEV,,,,,different,TN_TN,failure,16,4,failure,failure,800657.277,224294.646
SEC::MED && DPT::MKG,SEC::LOW && DPT::DEV && CTR::$,,,,,same,same,failure,16,16,failure,failure,1010292.526,685558.125
SEC::MED && DPT::MKG,SEC::LOW && DPT::DEV && CTR::EN,,,,,same,same,failure,8,8,failure,failure,493024.686,384261.493
SEC::MED && DPT::MKG,SEC::LOW && DPT::DEV && CTR::FR,,,,,same,same,failure,8,8,failure,failure,582988.581,371926.511
SEC::MED && DPT::MKG,SEC::LOW && DPT::MKG,,,,,different,TN_TN,failure,16,4,failure,failure,813255.594,223636.085
SEC::MED && DPT::MKG,SEC::LOW && DPT::MKG && CTR::$,,,,,same,same,failure,16,16,failure,failure,1047100.884,675697.659
SEC::MED && DPT::MKG,SEC::LOW && DPT::MKG && CTR::EN,,,,,same,same,failure,8,8,failure,failure,445939.731,375230.013
SEC::MED && DPT::MKG,SEC::LOW && DPT::MKG && CTR::FR,,,,,same,same,failure,8,8,failure,failure,507747.813,381648.497
SEC::MED && DPT::MKG,SEC::MED,,,,,different,TN_FP,failure,48,3,success,failure,1247124.012,192953.242
SEC::MED && DPT::MKG,SEC::MED && CTR::$,,,,,different,TN_FP,failure,48,12,success,failure,1297112.613,521447.905
SEC::MED && DPT::MKG,SEC::MED && CTR::EN,,,,,different,TN_FP,failure,24,6,success,failure,749097.590,300442.796
SEC::MED && DPT::MKG,SEC::MED && CTR::FR,,,,,different,TN_FP,failure,24,6,success,failure,701402.605,308026.366
SEC::MED && DPT::MKG,SEC::MED && DPT::$,,,,,different,TP_TP,success,48,12,success,success,1538182.947,379416.591
SEC::MED && DPT::MKG,SEC::MED && DPT::$ && CTR::$,,,,,same,same,success,48,48,success,success,1607962.836,1033305.532
SEC::MED && DPT::MKG,SEC::MED && DPT::$ && CTR::EN,,,,,same,same,success,24,24,success,success,977294.265,599263.233
SEC::MED && DPT::MKG,SEC::MED && DPT::$ && CTR::FR,,,,,same,same,success,24,24,success,success,912192.275,599049.743
SEC::MED && DPT::MKG,SEC::MED && DPT::DEV,,,,,different,TN_TN,failure,24,6,failure,failure,1155520.772,298170.343
SEC::MED && DPT::MKG,SEC::MED && DPT::DEV && CTR::$,,,,,same,same,failure,24,24,failure,failure,1152710.887,974043.993
SEC::MED && DPT::MKG,SEC::MED && DPT::DEV && CTR::EN,,,,,same,same,failure,12,12,failure,failure,621469.742,533237.299
SEC::MED && DPT::MKG,SEC::MED && DPT::DEV && CTR::FR,,,,,same,same,failure,12,12,failure,failure,628769.900,521278.193
SEC::MED && DPT::MKG,SEC::MED && DPT::MKG,,,,,different,TP_TP,success,24,6,success,success,766911.233,265820.658
SEC::MED && DPT::MKG,SEC::MED && DPT::MKG && CTR::$,,,,,same,same,success,24,24,success,success,736065.089,598835.436
SEC::MED && DPT::MKG,SEC::MED && DPT::MKG && CTR::EN,,,,,same,same,success,12,12,success,success,457210.508,381724.309
SEC::MED && DPT::MKG,SEC::MED && DPT::MKG && CTR::FR,,,,,same,same,success,12,12,success,success,454677.060,368956.811
SEC::MED && DPT::MKG && CTR::$,CTR::$,,,,,different,TN_FP,failure,80,4,success,failure,1830228.972,222440.513
SEC::MED && DPT::MKG && CTR::$,CTR::EN,,,,,different,TN_TN,failure,40,2,failure,failure,1647763.692,147298.505
SEC::MED && DPT::MKG && CTR::$,CTR::FR,,,,,different,TN_TN,failure,40,2,failure,failure,1737041.525,147161.323
SEC::MED && DPT::MKG && CTR::$,DPT::$,,,,,different,TN_FP,failure,80,4,success,failure,1908524.600,299352.676
SEC::MED && DPT::MKG && CTR::$,DPT::$ && CTR::$,,,,,different,TN_FP,failure,80,16,success,failure,1754886.859,899107.831
SEC::MED && DPT::MKG && CTR::$,DPT::$ && CTR::EN,,,,,different,TN_TN,failure,40,8,failure,failure,1646571.487,501070.133
SEC::MED && DPT::MKG && CTR::$,DPT::$ && CTR::FR,,,,,different,TN_TN,failure,40,8,failure,failure,1562305.980,500560.622
SEC::MED && DPT::MKG && CTR::$,DPT::DEV,,,,,different,TN_TN,failure,40,2,failure,failure,1796541.793,147953.443
SEC::MED && DPT::MKG && CTR::$,DPT::DEV && CTR::$,,,,,different,TN_TN,failure,40,8,failure,failure,1718404.072,503539.339
SEC::MED && DPT::MKG && CTR::$,DPT::DEV && CTR::EN,,,,,different,TN_TN,failure,20,4,failure,failure,925584.981,295536.272
SEC::MED && DPT::MKG && CTR::$,DPT::DEV && CTR::FR,,,,,different,TN_TN,failure,20,4,failure,failure,940183.819,300345.273
SEC::MED && DPT::MKG && CTR::$,DPT::MKG,,,,,different,TN_FP,failure,40,2,success,failure,972098.613,200714.109
SEC::MED && DPT::MKG && CTR::$,DPT::MKG && CTR::$,,,,,different,TN_FP,failure,40,8,success,failure,1114266.194,498493.018
SEC::MED && DPT::MKG && CTR::$,DPT::MKG && CTR::EN,,,,,different,TN_TN,failure,20,4,failure,failure,930220.341,302709.823
SEC::MED && DPT::MKG && CTR::$,DPT::MKG && CTR::FR,,,,,different,TN_TN,failure,20,4,failure,failure,898131.841,301103.790
SEC::MED && DPT::MKG && CTR::$,SEC::$,,,,,different,TN_FP,failure,80,5,success,failure,1652289.873,258710.030
SEC::MED && DPT::MKG && CTR::$,SEC::$ && CTR::$,,,,,different,TN_FP,failure,80,20,success,failure,1638153.912,813970.450
SEC::MED && DPT::MKG && CTR::$,SEC::$ && CTR::EN,,,,,different,TN_TN,failure,40,10,failure,failure,1554855.505,443726.345
SEC::MED && DPT::MKG && CTR::$,SEC::$ && CTR::FR,,,,,different,TN_TN,failure,40,10,failure,failure,1557680.574,443760.720
SEC::MED && DPT::MKG && CTR::$,SEC::$ && DPT::$,,,,,different,TN_FP,failure,80,20,success,failure,1639121.526,900810.545
SEC::MED && DPT::MKG && CTR::$,SEC::$ && DPT::$ && CTR::$,,,,,same,same,success,80,80,success,success,1650315.654,1748354.110
SEC::MED && DPT::MKG && CTR::$,SEC::$ && DPT::$ && CTR::EN,,,,,same,same,failure,40,40,failure,failure,1560981.901,1541350.779
SEC::MED && DPT::MKG && CTR::$,SEC::$ && DPT::$ && CTR::FR,,,,,same,same,failure,40,40,failure,failure,1576175.666,1530387.630
SEC::MED && DPT::MKG && CTR::$,SEC::$ && DPT::DEV,,,,,different,TN_TN,failure,40,10,failure,failure,1558909.900,439649.272
SEC::MED && DPT::MKG && CTR::$,SEC::$ && DPT::DEV && CTR::$,,,,,same,same,failure,40,40,failure,failure,1545533.459,1533323.381
SEC::MED && DPT::MKG && CTR::$,SEC::$ && DPT::DEV && CTR::EN,,,,,same,same,failure,20,20,failure,failure,809431.421,804291.595
SEC::MED && DPT::MKG && CTR::$,SEC::$ && DPT::DEV && CTR::FR,,,,,same,same,failure,20,20,failure,failure,809413.542,804090.473
SEC::MED && DPT::MKG && CTR::$,SEC::$ && DPT::MKG,,,,,different,TN_FP,failure,40,10,success,failure,890995.534,437953.296
SEC::MED && DPT::MKG && CTR::$,SEC::$ && DPT::MKG && CTR::$,,,,,same,same,success,40,40,success,success,867164.444,932100.738
SEC::MED && DPT::MKG && CTR::$,SEC::$ && DPT::MKG && CTR::EN,,,,,same,same,failure,20,20,failure,failure,809062.819,801692.640
SEC::MED && DPT::MKG && CTR::$,SEC::$ && DPT::MKG && CTR::FR,,,,,same,same,failure,20,20,failure,failure,810720.018,802601.189
SEC::MED && DPT::MKG && CTR::$,SEC::HIG,,,,,different,TN_FP,failure,64,4,success,failure,1335883.002,220468.353
SEC::MED && DPT::MKG && CTR::$,SEC::HIG && CTR::$,,,,,different,TN_FP,failure,64,16,success,failure,1394863.255,677190.084
SEC::MED && DPT::MKG && CTR::$,SEC::HIG && CTR::EN,,,,,different,TN_TN,failure,32,8,failure,failure,1289907.248,369699.905
SEC::MED && DPT::MKG && CTR::$,SEC::HIG && CTR::FR,,,,,different,TN_TN,failure,32,8,failure,failure,1293513.107,370961.576
SEC::MED && DPT::MKG && CTR::$,SEC::HIG && DPT::$,,,,,different,TN_FP,failure,64,16,success,failure,1333233.227,657563.850
SEC::MED && DPT::MKG && CTR::$,SEC::HIG && DPT::$ && CTR::$,,,,,same,same,success,64,64,success,success,1292318.572,1338483.180
SEC::MED && DPT::MKG && CTR::$,SEC::HIG && DPT::$ && CTR::EN,,,,,same,same,failure,32,32,failure,failure,1271248.284,1260138.158
SEC::MED && DPT::MKG && CTR::$,SEC::HIG && DPT::$ && CTR::FR,,,,,same,same,failure,32,32,failure,failure,1250813.789,1256549.302
SEC::MED && DPT::MKG && CTR::$,SEC::HIG && DPT::DEV,,,,,different,TN_TN,failure,32,8,failure,failure,1283673.075,370680.083
SEC::MED && DPT::MKG && CTR::$,SEC::HIG && DPT::DEV && CTR::$,,,,,same,same,failure,32,32,failure,failure,1304052.341,1280450.059
SEC::MED && DPT::MKG && CTR::$,SEC::HIG && DPT::DEV && CTR::EN,,,,,same,same,failure,16,16,failure,failure,690053.973,679534.983
SEC::MED && DPT::MKG && CTR::$,SEC::HIG && DPT::DEV && CTR::FR,,,,,same,same,failure,16,16,failure,failure,675943.431,666453.580
SEC::MED && DPT::MKG && CTR::$,SEC::HIG && DPT::MKG,,,,,different,TN_FP,failure,32,8,success,failure,783717.228,369665.480
SEC::MED && DPT::MKG && CTR::$,SEC::HIG && DPT::MKG && CTR::$,,,,,same,same,success,32,32,success,success,760642.765,832479.588
SEC::MED && DPT::MKG && CTR::$,SEC::HIG && DPT::MKG && CTR::EN,,,,,same,same,failure,16,16,failure,failure,680073.783,676319.581
SEC::MED && DPT::MKG && CTR::$,SEC::HIG && DPT::MKG && CTR::FR,,,,,same,same,failure,16,16,failure,failure,676784.628,674731.438
SEC::MED && DPT::MKG && CTR::$,SEC::LOW,,,,,different,TN_TN,failure,32,2,failure,failure,1281942.694,199779.261
SEC::MED && DPT::MKG && CTR::$,SEC::LOW && CTR::$,,,,,different,TN_TN,failure,32,8,failure,failure,1286544.485,501757.406
SEC::MED && DPT::MKG && CTR::$,SEC::LOW && CTR::EN,,,,,different,TN_TN,failure,16,4,failure,failure,678743.703,300248.952
SEC::MED && DPT::MKG && CTR::$,SEC::LOW && CTR::FR,,,,,different,TN_TN,failure,16,4,failure,failure,677034.818,300521.649
SEC::MED && DPT::MKG && CTR::$,SEC::LOW && DPT::$,,,,,different,TN_TN,failure,32,8,failure,failure,1283194.962,501389.566
SEC::MED && DPT::MKG && CTR::$,SEC::LOW && DPT::$ && CTR::$,,,,,same,same,failure,32,32,failure,failure,1279191.504,1706873.152
SEC::MED && DPT::MKG && CTR::$,SEC::LOW && DPT::$ && CTR::EN,,,,,same,same,failure,16,16,failure,failure,675349.688,904141.989
SEC::MED && DPT::MKG && CTR::$,SEC::LOW && DPT::$ && CTR::FR,,,,,same,same,failure,16,16,failure,failure,671944.104,904879.868
SEC::MED && DPT::MKG && CTR::$,SEC::LOW && DPT::DEV,,,,,different,TN_TN,failure,16,4,failure,failure,683311.010,299495.909
SEC::MED && DPT::MKG && CTR::$,SEC::LOW && DPT::DEV && CTR::$,,,,,same,same,failure,16,16,failure,failure,682590.043,902106.135
SEC::MED && DPT::MKG && CTR::$,SEC::LOW && DPT::DEV && CTR::EN,,,,,same,same,failure,8,8,failure,failure,387979.583,502526.614
SEC::MED && DPT::MKG && CTR::$,SEC::LOW && DPT::DEV && CTR::FR,,,,,same,same,failure,8,8,failure,failure,374814.493,502048.447
SEC::MED && DPT::MKG && CTR::$,SEC::LOW && DPT::MKG,,,,,different,TN_TN,failure,16,4,failure,failure,686853.315,300094.933
SEC::MED && DPT::MKG && CTR::$,SEC::LOW && DPT::MKG && CTR::$,,,,,same,same,failure,16,16,failure,failure,690539.875,903712.754
SEC::MED && DPT::MKG && CTR::$,SEC::LOW && DPT::MKG && CTR::EN,,,,,same,same,failure,8,8,failure,failure,375969.916,501365.441
SEC::MED && DPT::MKG && CTR::$,SEC::LOW && DPT::MKG && CTR::FR,,,,,same,same,failure,8,8,failure,failure,380535.815,500744.892
SEC::MED && DPT::MKG && CTR::$,SEC::MED,,,,,different,TN_FP,failure,48,3,success,failure,1123605.658,250666.568
SEC::MED && DPT::MKG && CTR::$,SEC::MED && CTR::$,,,,,different,TN_FP,failure,48,12,success,failure,1134138.996,639057.231
SEC::MED && DPT::MKG && CTR::$,SEC::MED && CTR::EN,,,,,different,TN_TN,failure,24,6,failure,failure,975783.421,402006.719
SEC::MED && DPT::MKG && CTR::$,SEC::MED && CTR::FR,,,,,different,TN_TN,failure,24,6,failure,failure,983234.382,399316.568
SEC::MED && DPT::MKG && CTR::$,SEC::MED && DPT::$,,,,,different,TN_FP,failure,48,12,success,failure,1036692.355,525164.242
SEC::MED && DPT::MKG && CTR::$,SEC::MED && DPT::$ && CTR::$,,,,,same,same,success,48,48,success,success,1037436.260,1025573.820
SEC::MED && DPT::MKG && CTR::$,SEC::MED && DPT::$ && CTR::EN,,,,,same,same,failure,24,24,failure,failure,966346.645,958128.800
SEC::MED && DPT::MKG && CTR::$,SEC::MED && DPT::$ && CTR::FR,,,,,same,same,failure,24,24,failure,failure,969597.953,961025.193
SEC::MED && DPT::MKG && CTR::$,SEC::MED && DPT::DEV,,,,,different,TN_TN,failure,24,6,failure,failure,1152841.673,292551.990
SEC::MED && DPT::MKG && CTR::$,SEC::MED && DPT::DEV && CTR::$,,,,,same,same,failure,24,24,failure,failure,1340640.331,952534.306
SEC::MED && DPT::MKG && CTR::$,SEC::MED && DPT::DEV && CTR::EN,,,,,same,same,failure,12,12,failure,failure,724136.890,510386.262
SEC::MED && DPT::MKG && CTR::$,SEC::MED && DPT::DEV && CTR::FR,,,,,same,same,failure,12,12,failure,failure,728102.307,512113.071
SEC::MED && DPT::MKG && CTR::$,SEC::MED && DPT::MKG,,,,,different,TN_FP,failure,24,6,success,failure,640177.703,293535.699
SEC::MED && DPT::MKG && CTR::$,SEC::MED && DPT::MKG && CTR::$,,,,,same,same,success,24,24,success,success,580436.383,677613.488
SEC::MED && DPT::MKG && CTR::$,SEC::MED && DPT::MKG && CTR::EN,,,,,same,same,failure,12,12,failure,failure,513659.141,512379.616
SEC::MED && DPT::MKG && CTR::$,SEC::MED && DPT::MKG && CTR::FR,,,,,same,same,failure,12,12,failure,failure,517218.333,513608.702
SEC::MED && DPT::MKG && CTR::EN,CTR::$,,,,,different,TN_FP,failure,80,4,success,failure,1652520.455,230441.230
SEC::MED && DPT::MKG && CTR::EN,CTR::EN,,,,,different,TN_FP,failure,40,2,success,failure,903329.375,153319.288
SEC::MED && DPT::MKG && CTR::EN,CTR::FR,,,,,different,TN_TN,failure,40,2,failure,failure,1554813.386,153685.055
SEC::MED && DPT::MKG && CTR::EN,DPT::$,,,,,different,TN_FP,failure,80,4,success,failure,1781172.654,231048.644
SEC::MED && DPT::MKG && CTR::EN,DPT::$ && CTR::$,,,,,different,TN_FP,failure,80,16,success,failure,1846296.766,686457.323
SEC::MED && DPT::MKG && CTR::EN,DPT::$ && CTR::EN,,,,,different,TN_FP,failure,40,8,success,failure,1040944.522,388359.009
SEC::MED && DPT::MKG && CTR::EN,DPT::$ && CTR::FR,,,,,different,TN_TN,failure,40,8,failure,failure,1787647.690,381838.899
SEC::MED && DPT::MKG && CTR::EN,DPT::DEV,,,,,different,TN_TN,failure,40,2,failure,failure,1692869.745,153568.736
SEC::MED && DPT::MKG && CTR::EN,DPT::DEV && CTR::$,,,,,different,TN_TN,failure,40,8,failure,failure,1849063.350,383312.237
SEC::MED && DPT::MKG && CTR::EN,DPT::DEV && CTR::EN,,,,,different,TN_TN,failure,20,4,failure,failure,972295.103,238711.909
SEC::MED && DPT::MKG && CTR::EN,DPT::DEV && CTR::FR,,,,,different,TN_TN,failure,20,4,failure,failure,930237.267,229875.544
SEC::MED && DPT::MKG && CTR::EN,DPT::MKG,,,,,different,TN_FP,failure,40,2,success,failure,1011633.801,153557.956
SEC::MED && DPT::MKG && CTR::EN,DPT::MKG && CTR::$,,,,,different,TN_FP,failure,40,8,success,failure,985243.706,386839.785
SEC::MED && DPT::MKG && CTR::EN,DPT::MKG && CTR::EN,,,,,different,TN_FP,failure,20,4,success,failure,602482.852,234505.689
SEC::MED && DPT::MKG && CTR::EN,DPT::MKG && CTR::FR,,,,,different,TN_TN,failure,20,4,failure,failure,913383.269,230968.530
SEC::MED && DPT::MKG && CTR::EN,SEC::$,,,,,different,TN_FP,failure,80,5,success,failure,1620783.319,277038.069
SEC::MED && DPT::MKG && CTR::EN,SEC::$ && CTR::$,,,,,different,TN_FP,failure,80,20,success,failure,1583214.410,851893.419
SEC::MED && DPT::MKG && CTR::EN,SEC::$ && CTR::EN,,,,,different,TN_FP,failure,40,10,success,failure,882632.017,464661.965
SEC::MED && DPT::MKG && CTR::EN,SEC::$ && CTR::FR,,,,,different,TN_TN,failure,40,10,failure,failure,1585505.441,459812.469
SEC::MED && DPT::MKG && CTR::EN,SEC::$ && DPT::$,,,,,different,TN_FP,failure,80,20,success,failure,1620236.929,828650.772
SEC::MED && DPT::MKG && CTR::EN,SEC::$ && DPT::$ && CTR::$,,,,,same,same,success,80,80,success,success,1757324.606,1627716.373
SEC::MED && DPT::MKG && CTR::EN,SEC::$ && DPT::$ && CTR::EN,,,,,same,same,success,40,40,success,success,892984.130,937698.248
SEC::MED && DPT::MKG && CTR::EN,SEC::$ && DPT::$ && CTR::FR,,,,,same,same,failure,40,40,failure,failure,1576367.867,1596029.356
SEC::MED && DPT::MKG && CTR::EN,SEC::$ && DPT::DEV,,,,,different,TN_TN,failure,40,10,failure,failure,1600156.529,465320.986
SEC::MED && DPT::MKG && CTR::EN,SEC::$ && DPT::DEV && CTR::$,,,,,same,same,failure,40,40,failure,failure,1592480.971,1618264.674
SEC::MED && DPT::MKG && CTR::EN,SEC::$ && DPT::DEV && CTR::EN,,,,,same,same,failure,20,20,failure,failure,834358.072,869297.465
SEC::MED && DPT::MKG && CTR::EN,SEC::$ && DPT::DEV && CTR::FR,,,,,same,same,failure,20,20,failure,failure,835490.301,834413.651
SEC::MED && DPT::MKG && CTR::EN,SEC::$ && DPT::MKG,,,,,different,TN_FP,failure,40,10,success,failure,912835.350,461867.017
SEC::MED && DPT::MKG && CTR::EN,SEC::$ && DPT::MKG && CTR::$,,,,,same,same,success,40,40,success,success,905539.150,887125.766
SEC::MED && DPT::MKG && CTR::EN,SEC::$ && DPT::MKG && CTR::EN,,,,,same,same,success,20,20,success,success,543691.289,545388.673
SEC::MED && DPT::MKG && CTR::EN,SEC::$ && DPT::MKG && CTR::FR,,,,,same,same,failure,20,20,failure,failure,823542.985,845783.784
SEC::MED && DPT::MKG && CTR::EN,SEC::HIG,,,,,different,TN_FP,failure,64,4,success,failure,1340083.542,226522.755
SEC::MED && DPT::MKG && CTR::EN,SEC::HIG && CTR::$,,,,,different,TN_FP,failure,64,16,success,failure,1438582.410,677501.188
SEC::MED && DPT::MKG && CTR::EN,SEC::HIG && CTR::EN,,,,,different,TN_FP,failure,32,8,success,failure,776116.851,378346.639
SEC::MED && DPT::MKG && CTR::EN,SEC::HIG && CTR::FR,,,,,different,TN_TN,failure,32,8,failure,failure,1295757.036,376652.316
SEC::MED && DPT::MKG && CTR::EN,SEC::HIG && DPT::$,,,,,different,TN_FP,failure,64,16,success,failure,1366767.158,694517.326
SEC::MED && DPT::MKG && CTR::EN,SEC::HIG && DPT::$ && CTR::$,,,,,same,same,success,64,64,success,success,1344453.474,1399108.287
SEC::MED && DPT::MKG && CTR::EN,SEC::HIG && DPT::$ && CTR::EN,,,,,same,same,success,32,32,success,success,740675.096,762310.508
SEC::MED && DPT::MKG && CTR::EN,SEC::HIG && DPT::$ && CTR::FR,,,,,same,same,failure,32,32,failure,failure,1274546.761,1323744.835
SEC::MED && DPT::MKG && CTR::EN,SEC::HIG && DPT::DEV,,,,,different,TN_TN,failure,32,8,failure,failure,1277709.228,375702.910
SEC::MED && DPT::MKG && CTR::EN,SEC::HIG && DPT::DEV && CTR::$,,,,,same,same,failure,32,32,failure,failure,1289891.153,1349138.958
SEC::MED && DPT::MKG && CTR::EN,SEC::HIG && DPT::DEV && CTR::EN,,,,,same,same,failure,16,16,failure,failure,673598.958,678459.706
SEC::MED && DPT::MKG && CTR::EN,SEC::HIG && DPT::DEV && CTR::FR,,,,,same,same,failure,16,16,failure,failure,683712.519,676467.619
SEC::MED && DPT::MKG && CTR::EN,SEC::HIG && DPT::MKG,,,,,different,TN_FP,failure,32,8,success,failure,785998.561,380755.713
SEC::MED && DPT::MKG && CTR::EN,SEC::HIG && DPT::MKG && CTR::$,,,,,same,same,success,32,32,success,success,791232.228,748190.618
SEC::MED && DPT::MKG && CTR::EN,SEC::HIG && DPT::MKG && CTR::EN,,,,,same,same,success,16,16,success,success,476971.028,480804.154
SEC::MED && DPT::MKG && CTR::EN,SEC::HIG && DPT::MKG && CTR::FR,,,,,same,same,failure,16,16,failure,failure,677179.750,687785.583
SEC::MED && DPT::MKG && CTR::EN,SEC::LOW,,,,,different,TN_TN,failure,32,2,failure,failure,1447052.844,154703.921
SEC::MED && DPT::MKG && CTR::EN,SEC::LOW && CTR::$,,,,,different,TN_TN,failure,32,8,failure,failure,1456373.617,384995.405
SEC::MED && DPT::MKG && CTR::EN,SEC::LOW && CTR::EN,,,,,different,TN_TN,failure,16,4,failure,failure,749875.924,237530.312
SEC::MED && DPT::MKG && CTR::EN,SEC::LOW && CTR::FR,,,,,different,TN_TN,failure,16,4,failure,failure,755800.838,230819.314
SEC::MED && DPT::MKG && CTR::EN,SEC::LOW && DPT::$,,,,,different,TN_TN,failure,32,8,failure,failure,1448889.028,385287.498
SEC::MED && DPT::MKG && CTR::EN,SEC::LOW && DPT::$ && CTR::$,,,,,same,same,failure,32,32,failure,failure,1422695.646,1308533.687
SEC::MED && DPT::MKG && CTR::EN,SEC::LOW && DPT::$ && CTR::EN,,,,,same,same,failure,16,16,failure,failure,859061.339,692393.402
SEC::MED && DPT::MKG && CTR::EN,SEC::LOW && DPT::$ && CTR::FR,,,,,same,same,failure,16,16,failure,failure,731443.010,695084.705
SEC::MED && DPT::MKG && CTR::EN,SEC::LOW && DPT::DEV,,,,,different,TN_TN,failure,16,4,failure,failure,744714.287,237781.573
SEC::MED && DPT::MKG && CTR::EN,SEC::LOW && DPT::DEV && CTR::$,,,,,same,same,failure,16,16,failure,failure,759918.231,706056.906
SEC::MED && DPT::MKG && CTR::EN,SEC::LOW && DPT::DEV && CTR::EN,,,,,same,same,failure,8,8,failure,failure,407772.289,419766.847
SEC::MED && DPT::MKG && CTR::EN,SEC::LOW && DPT::DEV && CTR::FR,,,,,same,same,failure,8,8,failure,failure,413365.881,392176.770
SEC::MED && DPT::MKG && CTR::EN,SEC::LOW && DPT::MKG,,,,,different,TN_TN,failure,16,4,failure,failure,757839.176,235124.910
SEC::MED && DPT::MKG && CTR::EN,SEC::LOW && DPT::MKG && CTR::$,,,,,same,same,failure,16,16,failure,failure,778067.540,689341.883
SEC::MED && DPT::MKG && CTR::EN,SEC::LOW && DPT::MKG && CTR::EN,,,,,same,same,failure,8,8,failure,failure,418181.438,380886.448
SEC::MED && DPT::MKG && CTR::EN,SEC::LOW && DPT::MKG && CTR::FR,,,,,same,same,failure,8,8,failure,failure,411653.649,392379.691
SEC::MED && DPT::MKG && CTR::EN,SEC::MED,,,,,different,TN_FP,failure,48,3,success,failure,1199033.457,191187.540
SEC::MED && DPT::MKG && CTR::EN,SEC::MED && CTR::$,,,,,different,TN_FP,failure,48,12,success,failure,1072562.058,536088.027
SEC::MED && DPT::MKG && CTR::EN,SEC::MED && CTR::EN,,,,,different,TN_FP,failure,24,6,success,failure,590166.490,305941.129
SEC::MED && DPT::MKG && CTR::EN,SEC::MED && CTR::FR,,,,,different,TN_TN,failure,24,6,failure,failure,994817.569,310519.582
SEC::MED && DPT::MKG && CTR::EN,SEC::MED && DPT::$,,,,,different,TN_FP,failure,48,12,success,failure,1025710.412,537653.900
SEC::MED && DPT::MKG && CTR::EN,SEC::MED && DPT::$ && CTR::$,,,,,same,same,success,48,48,success,success,1108786.290,1107179.196
SEC::MED && DPT::MKG && CTR::EN,SEC::MED && DPT::$ && CTR::EN,,,,,same,same,success,24,24,success,success,632336.750,603980.421
SEC::MED && DPT::MKG && CTR::EN,SEC::MED && DPT::$ && CTR::FR,,,,,same,same,failure,24,24,failure,failure,973725.615,1008279.866
SEC::MED && DPT::MKG && CTR::EN,SEC::MED && DPT::DEV,,,,,different,TN_TN,failure,24,6,failure,failure,1021439.255,308024.507
SEC::MED && DPT::MKG && CTR::EN,SEC::MED && DPT::DEV && CTR::$,,,,,same,same,failure,24,24,failure,failure,977098.422,1001715.463
SEC::MED && DPT::MKG && CTR::EN,SEC::MED && DPT::DEV && CTR::EN,,,,,same,same,failure,12,12,failure,failure,523670.079,546362.199
SEC::MED && DPT::MKG && CTR::EN,SEC::MED && DPT::DEV && CTR::FR,,,,,same,same,failure,12,12,failure,failure,535971.970,534053.345
SEC::MED && DPT::MKG && CTR::EN,SEC::MED && DPT::MKG,,,,,different,TN_FP,failure,24,6,success,failure,607831.150,306818.465
SEC::MED && DPT::MKG && CTR::EN,SEC::MED && DPT::MKG && CTR::$,,,,,same,same,success,24,24,success,success,601752.743,611467.500
SEC::MED && DPT::MKG && CTR::EN,SEC::MED && DPT::MKG && CTR::EN,,,,,same,same,success,12,12,success,success,387963.257,398309.258
SEC::MED && DPT::MKG && CTR::EN,SEC::MED && DPT::MKG && CTR::FR,,,,,same,same,failure,12,12,failure,failure,528994.261,536713.294
SEC::MED && DPT::MKG && CTR::FR,CTR::$,,,,,different,TN_FP,failure,80,4,success,failure,1649485.843,233460.910
SEC::MED && DPT::MKG && CTR::FR,CTR::EN,,,,,different,TN_TN,failure,40,2,failure,failure,1576791.196,149573.527
SEC::MED && DPT::MKG && CTR::FR,CTR::FR,,,,,different,TN_FP,failure,40,2,success,failure,866213.791,149335.440
SEC::MED && DPT::MKG && CTR::FR,DPT::$,,,,,different,TN_FP,failure,80,4,success,failure,1915646.263,226202.709
SEC::MED && DPT::MKG && CTR::FR,DPT::$ && CTR::$,,,,,different,TN_FP,failure,80,16,success,failure,1837298.778,684473.381
SEC::MED && DPT::MKG && CTR::FR,DPT::$ && CTR::EN,,,,,different,TN_TN,failure,40,8,failure,failure,1814784.988,373388.073
SEC::MED && DPT::MKG && CTR::FR,DPT::$ && CTR::FR,,,,,different,TN_FP,failure,40,8,success,failure,972786.689,373306.740
SEC::MED && DPT::MKG && CTR::FR,DPT::DEV,,,,,different,TN_TN,failure,40,2,failure,failure,1686015.599,149343.696
SEC::MED && DPT::MKG && CTR::FR,DPT::DEV && CTR::$,,,,,different,TN_TN,failure,40,8,failure,failure,1848407.299,387467.231
SEC::MED && DPT::MKG && CTR::FR,DPT::DEV && CTR::EN,,,,,different,TN_TN,failure,20,4,failure,failure,922111.936,223821.598
SEC::MED && DPT::MKG && CTR::FR,DPT::DEV && CTR::FR,,,,,different,TN_TN,failure,20,4,failure,failure,890987.034,224098.402
SEC::MED && DPT::MKG && CTR::FR,DPT::MKG,,,,,different,TN_FP,failure,40,2,success,failure,1001235.477,147516.494
SEC::MED && DPT::MKG && CTR::FR,DPT::MKG && CTR::$,,,,,different,TN_FP,failure,40,8,success,failure,1018906.183,375544.808
SEC::MED && DPT::MKG && CTR::FR,DPT::MKG && CTR::EN,,,,,different,TN_TN,failure,20,4,failure,failure,911273.501,224185.305
SEC::MED && DPT::MKG && CTR::FR,DPT::MKG && CTR::FR,,,,,different,TN_FP,failure,20,4,success,failure,590237.318,222381.152
SEC::MED && DPT::MKG && CTR::FR,SEC::$,,,,,different,TN_FP,failure,80,5,success,failure,1852525.785,258967.248
SEC::MED && DPT::MKG && CTR::FR,SEC::$ && CTR::$,,,,,different,TN_FP,failure,80,20,success,failure,1762127.425,813631.574
SEC::MED && DPT::MKG && CTR::FR,SEC::$ && CTR::EN,,,,,different,TN_TN,failure,40,10,failure,failure,1589430.244,447431.720
SEC::MED && DPT::MKG && CTR::FR,SEC::$ && CTR::FR,,,,,different,TN_FP,failure,40,10,success,failure,882884.395,441914.736
SEC::MED && DPT::MKG && CTR::FR,SEC::$ && DPT::$,,,,,different,TN_FP,failure,80,20,success,failure,1669283.904,853499.461
SEC::MED && DPT::MKG && CTR::FR,SEC::$ && DPT::$ && CTR::$,,,,,same,same,success,80,80,success,success,1611270.481,1653768.802
SEC::MED && DPT::MKG && CTR::FR,SEC::$ && DPT::$ && CTR::EN,,,,,same,same,failure,40,40,failure,failure,1591479.738,1565996.768
SEC::MED && DPT::MKG && CTR::FR,SEC::$ && DPT::$ && CTR::FR,,,,,same,same,success,40,40,success,success,899579.897,879922.244
SEC::MED && DPT::MKG && CTR::FR,SEC::$ && DPT::DEV,,,,,different,TN_TN,failure,40,10,failure,failure,1602115.082,447942.057
SEC::MED && DPT::MKG && CTR::FR,SEC::$ && DPT::DEV && CTR::$,,,,,same,same,failure,40,40,failure,failure,1585391.974,1560770.510
SEC::MED && DPT::MKG && CTR::FR,SEC::$ && DPT::DEV && CTR::EN,,,,,same,same,failure,20,20,failure,failure,833644.899,849659.649
SEC::MED && DPT::MKG && CTR::FR,SEC::$ && DPT::DEV && CTR::FR,,,,,same,same,failure,20,20,failure,failure,828870.378,826396.182
SEC::MED && DPT::MKG && CTR::FR,SEC::$ && DPT::MKG,,,,,different,TN_FP,failure,40,10,success,failure,931311.081,454551.009
SEC::MED && DPT::MKG && CTR::FR,SEC::$ && DPT::MKG && CTR::$,,,,,same,same,success,40,40,success,success,872253.625,884505.436
SEC::MED && DPT::MKG && CTR::FR,SEC::$ && DPT::MKG && CTR::EN,,,,,same,same,failure,20,20,failure,failure,835399.922,822770.262
SEC::MED && DPT::MKG && CTR::FR,SEC::$ && DPT::MKG && CTR::FR,,,,,same,same,success,20,20,success,success,547038.923,531273.927
SEC::MED && DPT::MKG && CTR::FR,SEC::HIG,,,,,different,TN_FP,failure,64,4,success,failure,1357936.980,223587.980
SEC::MED && DPT::MKG && CTR::FR,SEC::HIG && CTR::$,,,,,different,TN_FP,failure,64,16,success,failure,1406006.812,672384.796
SEC::MED && DPT::MKG && CTR::FR,SEC::HIG && CTR::EN,,,,,different,TN_TN,failure,32,8,failure,failure,1302309.081,374855.290
SEC::MED && DPT::MKG && CTR::FR,SEC::HIG && CTR::FR,,,,,different,TN_FP,failure,32,8,success,failure,818549.845,384108.992
SEC::MED && DPT::MKG && CTR::FR,SEC::HIG && DPT::$,,,,,different,TN_FP,failure,64,16,success,failure,1395384.548,657504.755
SEC::MED && DPT::MKG && CTR::FR,SEC::HIG && DPT::$ && CTR::$,,,,,same,same,success,64,64,success,success,1336954.447,1330098.326
SEC::MED && DPT::MKG && CTR::FR,SEC::HIG && DPT::$ && CTR::EN,,,,,same,same,failure,32,32,failure,failure,1270828.867,1243330.808
SEC::MED && DPT::MKG && CTR::FR,SEC::HIG && DPT::$ && CTR::FR,,,,,same,same,success,32,32,success,success,730671.963,731570.483
SEC::MED && DPT::MKG && CTR::FR,SEC::HIG && DPT::DEV,,,,,different,TN_TN,failure,32,8,failure,failure,1283306.717,378889.452
SEC::MED && DPT::MKG && CTR::FR,SEC::HIG && DPT::DEV && CTR::$,,,,,same,same,failure,32,32,failure,failure,1288045.406,1278092.432
SEC::MED && DPT::MKG && CTR::FR,SEC::HIG && DPT::DEV && CTR::EN,,,,,same,same,failure,16,16,failure,failure,692609.252,673094.122
SEC::MED && DPT::MKG && CTR::FR,SEC::HIG && DPT::DEV && CTR::FR,,,,,same,same,failure,16,16,failure,failure,674270.988,680627.236
SEC::MED && DPT::MKG && CTR::FR,SEC::HIG && DPT::MKG,,,,,different,TN_FP,failure,32,8,success,failure,736738.557,372319.293
SEC::MED && DPT::MKG && CTR::FR,SEC::HIG && DPT::MKG && CTR::$,,,,,same,same,success,32,32,success,success,764969.306,737595.905
SEC::MED && DPT::MKG && CTR::FR,SEC::HIG && DPT::MKG && CTR::EN,,,,,same,same,failure,16,16,failure,failure,684548.441,665370.403
SEC::MED && DPT::MKG && CTR::FR,SEC::HIG && DPT::MKG && CTR::FR,,,,,same,same,success,16,16,success,success,488715.092,478048.299
SEC::MED && DPT::MKG && CTR::FR,SEC::LOW,,,,,different,TN_TN,failure,32,2,failure,failure,1474463.279,148892.815
SEC::MED && DPT::MKG && CTR::FR,SEC::LOW && CTR::$,,,,,different,TN_TN,failure,32,8,failure,failure,1546353.587,373270.983
SEC::MED && DPT::MKG && CTR::FR,SEC::LOW && CTR::EN,,,,,different,TN_TN,failure,16,4,failure,failure,747203.892,223684.125
SEC::MED && DPT::MKG && CTR::FR,SEC::LOW && CTR::FR,,,,,different,TN_TN,failure,16,4,failure,failure,750486.074,232399.734
SEC::MED && DPT::MKG && CTR::FR,SEC::LOW && DPT::$,,,,,different,TN_TN,failure,32,8,failure,failure,1521144.236,371337.200
SEC::MED && DPT::MKG && CTR::FR,SEC::LOW && DPT::$ && CTR::$,,,,,same,same,failure,32,32,failure,failure,1523875.008,1350151.637
SEC::MED && DPT::MKG && CTR::FR,SEC::LOW && DPT::$ && CTR::EN,,,,,same,same,failure,16,16,failure,failure,852546.799,678438.321
SEC::MED && DPT::MKG && CTR::FR,SEC::LOW && DPT::$ && CTR::FR,,,,,same,same,failure,16,16,failure,failure,776216.122,668199.706
SEC::MED && DPT::MKG && CTR::FR,SEC::LOW && DPT::DEV,,,,,different,TN_TN,failure,16,4,failure,failure,824979.520,223543.552
SEC::MED && DPT::MKG && CTR::FR,SEC::LOW && DPT::DEV && CTR::$,,,,,same,same,failure,16,16,failure,failure,756286.389,667861.416
SEC::MED && DPT::MKG && CTR::FR,SEC::LOW && DPT::DEV && CTR::EN,,,,,same,same,failure,8,8,failure,failure,438354.544,373615.655
SEC::MED && DPT::MKG && CTR::FR,SEC::LOW && DPT::DEV && CTR::FR,,,,,same,same,failure,8,8,failure,failure,430485.042,376190.024
SEC::MED && DPT::MKG && CTR::FR,SEC::LOW && DPT::MKG,,,,,different,TN_TN,failure,16,4,failure,failure,744989.243,233702.622
SEC::MED && DPT::MKG && CTR::FR,SEC::LOW && DPT::MKG && CTR::$,,,,,same,same,failure,16,16,failure,failure,765522.003,676145.850
SEC::MED && DPT::MKG && CTR::FR,SEC::LOW && DPT::MKG && CTR::EN,,,,,same,same,failure,8,8,failure,failure,438543.633,372179.535
SEC::MED && DPT::MKG && CTR::FR,SEC::LOW && DPT::MKG && CTR::FR,,,,,same,same,failure,8,8,failure,failure,414070.393,372704.315
SEC::MED && DPT::MKG && CTR::FR,SEC::MED,,,,,different,TN_FP,failure,48,3,success,failure,1151797.739,188131.167
SEC::MED && DPT::MKG && CTR::FR,SEC::MED && CTR::$,,,,,different,TN_FP,failure,48,12,success,failure,1078238.641,531615.953
SEC::MED && DPT::MKG && CTR::FR,SEC::MED && CTR::EN,,,,,different,TN_TN,failure,24,6,failure,failure,999063.257,301741.717
SEC::MED && DPT::MKG && CTR::FR,SEC::MED && CTR::FR,,,,,different,TN_FP,failure,24,6,success,failure,603942.189,302529.229
SEC::MED && DPT::MKG && CTR::FR,SEC::MED && DPT::$,,,,,different,TN_FP,failure,48,12,success,failure,1039712.140,529723.995
SEC::MED && DPT::MKG && CTR::FR,SEC::MED && DPT::$ && CTR::$,,,,,same,same,success,48,48,success,success,1063692.882,1063657.856
SEC::MED && DPT::MKG && CTR::FR,SEC::MED && DPT::$ && CTR::EN,,,,,same,same,failure,24,24,failure,failure,975441.369,971139.826
SEC::MED && DPT::MKG && CTR::FR,SEC::MED && DPT::$ && CTR::FR,,,,,same,same,success,24,24,success,success,605534.632,659635.897
SEC::MED && DPT::MKG && CTR::FR,SEC::MED && DPT::DEV,,,,,different,TN_TN,failure,24,6,failure,failure,1007113.608,298431.343
SEC::MED && DPT::MKG && CTR::FR,SEC::MED && DPT::DEV && CTR::$,,,,,same,same,failure,24,24,failure,failure,985231.953,969746.527
SEC::MED && DPT::MKG && CTR::FR,SEC::MED && DPT::DEV && CTR::EN,,,,,same,same,failure,12,12,failure,failure,540385.162,523871.732
SEC::MED && DPT::MKG && CTR::FR,SEC::MED && DPT::DEV && CTR::FR,,,,,same,same,failure,12,12,failure,failure,529694.144,529499.012
SEC::MED && DPT::MKG && CTR::FR,SEC::MED && DPT::MKG,,,,,different,TN_FP,failure,24,6,success,failure,598778.514,303725.413
SEC::MED && DPT::MKG && CTR::FR,SEC::MED && DPT::MKG && CTR::$,,,,,same,same,success,24,24,success,success,613567.424,622124.640
SEC::MED && DPT::MKG && CTR::FR,SEC::MED && DPT::MKG && CTR::EN,,,,,same,same,failure,12,12,failure,failure,523871.577,524149.112
SEC::MED && DPT::MKG && CTR::FR,SEC::MED && DPT::MKG && CTR::FR,,,,,same,same,success,12,12,success,success,395545.584,380547.847
