enc_ap,user_ap,covercrypt_implementation_user_ap,lp_implementation_user_ap,covercrypt_ciphertext_rights_hex,lp_ciphertext_rights_hex,y_relation,group,oracle_outcome,covercrypt_rights,lp_rights,covercrypt_outcome,lp_outcome,covercrypt_mean_ns,lp_mean_ns
CTR::$,CTR::$,,,,,different,TP_TP,success,80,4,success,success,3429738.496,292899.757
CTR::$,CTR::EN,,,,,different,TN_TN,failure,40,2,failure,failure,3090713.370,150231.852
CTR::$,CTR::FR,,,,,different,TN_TN,failure,40,2,failure,failure,3094307.291,159598.276
CTR::$,DPT::$,,,,,different,TN_FP,failure,80,4,success,failure,3066089.567,298749.965
CTR::$,DPT::$ && CTR::$,,,,,different,TP_TP,success,80,16,success,success,3575002.070,717344.584
CTR::$,DPT::$ && CTR::EN,,,,,different,TN_TN,failure,40,8,failure,failure,3103231.922,603599.377
CTR::$,DPT::$ && CTR::FR,,,,,different,TN_TN,failure,40,8,failure,failure,3097924.802,601119.675
CTR::$,DPT::DEV,,,,,different,TN_FP,failure,40,2,success,failure,1765398.927,150022.755
CTR::$,DPT::DEV && CTR::$,,,,,different,TP_TP,success,40,8,success,success,1707472.752,422589.367
CTR::$,DPT::DEV && CTR::EN,,,,,different,TN_TN,failure,20,4,failure,failure,1542135.075,298174.932
CTR::$,DPT::DEV && CTR::FR,,,,,different,TN_TN,failure,20,4,failure,failure,1532723.752,306174.742
CTR::$,DPT::MKG,,,,,different,TN_FP,failure,40,2,success,failure,1650759.346,148546.712
CTR::$,DPT::MKG && CTR::$,,,,,different,TP_TP,success,40,8,success,success,1722453.086,451020.341
CTR::$,DPT::MKG && CTR::EN,,,,,different,TN_TN,failure,20,4,failure,failure,1542117.056,298430.176
CTR::$,DPT::MKG && CTR::FR,,,,,different,TN_TN,failure,20,4,failure,failure,1529748.055,297684.782
CTR::$,SEC::$,,,,,different,TN_FP,failure,80,5,success,failure,3513918.377,387365.806
CTR::$,SEC::$ && CTR::$,,,,,different,TP_TP,success,80,20,success,success,3103417.825,874613.521
CTR::$,SEC::$ && CTR::EN,,,,,different,TN_TN,failure,40,10,failure,failure,3080540.758,747660.213
CTR::$,SEC::$ && CTR::FR,,,,,different,TN_TN,failure,40,10,failure,failure,3060436.849,751961.106
CTR::$,SEC::$ && DPT::$,,,,,different,TN_FP,failure,80,20,success,failure,3667392.931,1510861.629
CTR::$,SEC::$ && DPT::$ && CTR::$,,,,,same,same,success,80,80,success,success,3411891.550,3270960.644
CTR::$,SEC::$ && DPT::$ && CTR::EN,,,,,same,same,failure,40,40,failure,failure,3226395.771,3058599.392
CTR::$,SEC::$ && DPT::$ && CTR::FR,,,,,same,same,failure,40,40,failure,failure,3184175.231,3043579.644
CTR::$,SEC::$ && DPT::DEV,,,,,different,TN_FP,failure,40,10,success,failure,1739516.683,768664.532
CTR::$,SEC::$ && DPT::DEV && CTR::$,,,,,same,same,success,40,40,success,success,1712050.273,1647446.347
CTR::$,SEC::$ && DPT::DEV && CTR::EN,,,,,same,same,failure,20,20,failure,failure,1576982.309,1511105.126
CTR::$,SEC::$ && DPT::DEV && CTR::FR,,,,,same,same,failure,20,20,failure,failure,1552957.605,1510647.727
CTR::$,SEC::$ && DPT::MKG,,,,,different,TN_FP,failure,40,10,success,failure,1802628.380,767410.520
CTR::$,SEC::$ && DPT::MKG && CTR::$,,,,,same,same,success,40,40,success,success,1836821.132,1658699.911
CTR::$,SEC::$ && DPT::MKG && CTR::EN,,,,,same,same,failure,20,20,failure,failure,1571592.940,1543315.444
CTR::$,SEC::$ && DPT::MKG && CTR::FR,,,,,same,same,failure,20,20,failure,failure,1568384.978,1512942.737
CTR::$,SEC::HIG,,,,,different,TN_FP,failure,64,4,success,failure,2617933.854,299392.546
CTR::$,SEC::HIG && CTR::$,,,,,different,TP_TP,success,64,16,success,success,2589749.567,721402.095
CTR::$,SEC::HIG && CTR::EN,,,,,different,TN_TN,failure,32,8,failure,failure,2488150.458,595007.701
CTR::$,SEC::HIG && CTR::FR,,,,,different,TN_TN,failure,32,8,failure,failure,2471491.254,592580.979
CTR::$,SEC::HIG && DPT::$,,,,,different,TN_FP,failure,64,16,success,failure,2749548.325,1206641.026
CTR::$,SEC::HIG && DPT::$ && CTR::$,,,,,same,same,success,64,64,success,success,2847770.630,2816187.393
CTR::$,SEC::HIG && DPT::$ && CTR::EN,,,,,same,same,failure,32,32,failure,failure,2598817.987,2437716.962
CTR::$,SEC::HIG && DPT::$ && CTR::FR,,,,,same,same,failure,32,32,failure,failure,2489632.533,2424994.618
CTR::$,SEC::HIG && DPT::DEV,,,,,different,TN_FP,failure,32,8,success,failure,1365497.266,620258.830
CTR::$,SEC::HIG && DPT::DEV && CTR::$,,,,,same,same,success,32,32,success,success,1368693.617,1443047.676
CTR::$,SEC::HIG && DPT::DEV && CTR::EN,,,,,same,same,failure,16,16,failure,failure,1300989.265,1198324.327
CTR::$,SEC::HIG && DPT::DEV && CTR::FR,,,,,same,same,failure,16,16,failure,failure,1224564.887,1186942.227
CTR::$,SEC::HIG && DPT::MKG,,,,,different,TN_FP,failure,32,8,success,failure,1366553.934,589600.799
CTR::$,SEC::HIG && DPT::MKG && CTR::$,,,,,same,same,success,32,32,success,success,1409185.810,1393359.563
CTR::$,SEC::HIG && DPT::MKG && CTR::EN,,,,,same,same,failure,16,16,failure,failure,1289393.264,1210225.144
CTR::$,SEC::HIG && DPT::MKG && CTR::FR,,,,,same,same,failure,16,16,failure,failure,1235552.106,1289969.590
CTR::$,SEC::LOW,,,,,different,TN_FP,failure,32,2,success,failure,1355685.988,149363.082
CTR::$,SEC::LOW && CTR::$,,,,,different,TP_TP,success,32,8,success,success,1362966.234,451712.184
CTR::$,SEC::LOW && CTR::EN,,,,,different,TN_TN,failure,16,4,failure,failure,1203592.518,298143.458
CTR::$,SEC::LOW && CTR::FR,,,,,different,TN_TN,failure,16,4,failure,failure,1265056.565,297079.196
CTR::$,SEC::LOW && DPT::$,,,,,different,TN_FP,failure,32,8,success,failure,1416173.427,593411.231
CTR::$,SEC::LOW && DPT::$ && CTR::$,,,,,same,same,success,32,32,success,success,1328721.344,1350597.793
CTR::$,SEC::LOW && DPT::$ && CTR::EN,,,,,same,same,failure,16,16,failure,failure,1235740.194,1190725.688
CTR::$,SEC::LOW && DPT::$ && CTR::FR,,,,,same,same,failure,16,16,failure,failure,1229470.309,1215103.009
CTR::$,SEC::LOW && DPT::DEV,,,,,different,TN_FP,failure,16,4,success,failure,792684.102,295665.129
CTR::$,SEC::LOW && DPT::DEV && CTR::$,,,,,same,same,success,16,16,success,success,790156.480,766958.252
CTR::$,SEC::LOW && DPT::DEV && CTR::EN,,,,,same,same,failure,8,8,failure,failure,613968.642,590557.934
CTR::$,SEC::LOW && DPT::DEV && CTR::FR,,,,,same,same,failure,8,8,failure,failure,611452.131,598853.424
CTR::$,SEC::LOW && DPT::MKG,,,,,different,TN_FP,failure,16,4,success,failure,719166.842,294899.472
CTR::$,SEC::LOW && DPT::MKG && CTR::$,,,,,same,same,success,16,16,success,success,775112.277,733946.675
CTR::$,SEC::LOW && DPT::MKG && CTR::EN,,,,,same,same,failure,8,8,failure,failure,613365.596,591317.834
CTR::$,SEC::LOW && DPT::MKG && CTR::FR,,,,,same,same,failure,8,8,failure,failure,605581.179,590080.758
CTR::$,SEC::MED,,,,,different,TN_FP,failure,48,3,success,failure,2047588.108,221346.711
CTR::$,SEC::MED && CTR::$,,,,,different,TP_TP,success,48,12,success,success,1909955.052,560116.123
CTR::$,SEC::MED && CTR::EN,,,,,different,TN_TN,failure,24,6,failure,failure,1889608.006,446497.297
CTR::$,SEC::MED && CTR::FR,,,,,different,TN_TN,failure,24,6,failure,failure,1851565.579,441832.197
CTR::$,SEC::MED && DPT::$,,,,,different,TN_FP,failure,48,12,success,failure,2115886.073,887714.125
CTR::$,SEC::MED && DPT::$ && CTR::$,,,,,same,same,success,48,48,success,success,2022789.137,1959512.144
CTR::$,SEC::MED && DPT::$ && CTR::EN,,,,,same,same,failure,24,24,failure,failure,1879439.042,1810025.765
CTR::$,SEC::MED && DPT::$ && CTR::FR,,,,,same,same,failure,24,24,failure,failure,1888754.015,1817102.715
CTR::$,SEC::MED && DPT::DEV,,,,,different,TN_FP,failure,24,6,success,failure,1073596.523,441602.510
CTR::$,SEC::MED && DPT::DEV && CTR::$,,,,,same,same,success,24,24,success,success,1072629.059,1020471.284
CTR::$,SEC::MED && DPT::DEV && CTR::EN,,,,,same,same,failure,12,12,failure,failure,906467.977,892530.018
CTR::$,SEC::MED && DPT::DEV && CTR::FR,,,,,same,same,failure,12,12,failure,failure,909788.861,891573.845
CTR::$,SEC::MED && DPT::MKG,,,,,different,TN_FP,failure,24,6,success,failure,1031925.118,440816.391
CTR::$,SEC::MED && DPT::MKG && CTR::$,,,,,same,same,success,24,24,success,success,1030359.016,999970.404
CTR::$,SEC::MED && DPT::MKG && CTR::EN,,,,,same,same,failure,12,12,failure,failure,915414.844,886765.330
CTR::$,SEC::MED && DPT::MKG && CTR::FR,,,,,same,same,failure,12,12,failure,failure,923323.038,884891.530
CTR::EN,CTR::$,,,,,different,TP_TP,success,80,4,success,success,3404391.833,294339.867
CTR::EN,CTR::EN,,,,,different,TP_TP,success,40,2,success,success,1642765.006,212830.381
CTR::EN,CTR::FR,,,,,different,TN_TN,failure,40,2,failure,failure,3112168.815,161299.934
CTR::EN,DPT::$,,,,,different,TN_FP,failure,80,4,success,failure,3190308.601,297666.432
CTR::EN,DPT::$ && CTR::$,,,,,different,TP_TP,success,80,16,success,success,3199120.094,721094.824
CTR::EN,DPT::$ && CTR::EN,,,,,different,TP_TP,success,40,8,success,success,1652233.457,451069.934
CTR::EN,DPT::$ && CTR::FR,,,,,different,TN_TN,failure,40,8,failure,failure,3116770.817,597308.441
CTR::EN,DPT::DEV,,,,,different,TN_FP,failure,40,2,success,failure,1670374.895,149177.825
CTR::EN,DPT::DEV && CTR::$,,,,,different,TP_TP,success,40,8,success,success,1619457.953,430538.417
CTR::EN,DPT::DEV && CTR::EN,,,,,different,TP_TP,success,20,4,success,success,883869.068,285447.954
CTR::EN,DPT::DEV && CTR::FR,,,,,different,TN_TN,failure,20,4,failure,failure,1543349.027,320341.796
CTR::EN,DPT::MKG,,,,,different,TN_FP,failure,40,2,success,failure,1704413.493,149669.833
CTR::EN,DPT::MKG && CTR::$,,,,,different,TP_TP,success,40,8,success,success,1759652.714,432197.369
CTR::EN,DPT::MKG && CTR::EN,,,,,different,TP_TP,success,20,4,success,success,897659.755,284291.069
CTR::EN,DPT::MKG && CTR::FR,,,,,different,TN_TN,failure,20,4,failure,failure,1547202.124,300161.508
CTR::EN,SEC::$,,,,,different,TN_FP,failure,80,5,success,failure,3187855.539,372869.194
CTR::EN,SEC::$ && CTR::$,,,,,different,TP_TP,success,80,20,success,success,3410707.489,864450.237
CTR::EN,SEC::$ && CTR::EN,,,,,different,TP_TP,success,40,10,success,success,1739980.703,500681.894
CTR::EN,SEC::$ && CTR::FR,,,,,different,TN_TN,failure,40,10,failure,failure,3187848.401,747430.252
CTR::EN,SEC::$ && DPT::$,,,,,different,TN_FP,failure,80,20,success,failure,3472683.089,1549271.721
CTR::EN,SEC::$ && DPT::$ && CTR::$,,,,,same,same,success,80,80,success,success,3396829.447,3323909.347
CTR::EN,SEC::$ && DPT::$ && CTR::EN,,,,,same,same,success,40,40,success,success,1656762.076,1717047.035
CTR::EN,SEC::$ && DPT::$ && CTR::FR,,,,,same,same,failure,40,40,failure,failure,3243990.325,3067614.192
CTR::EN,SEC::$ && DPT::DEV,,,,,different,TN_FP,failure,40,10,success,failure,1810716.562,749301.282
CTR::EN,SEC::$ && DPT::DEV && CTR::$,,,,,same,same,success,40,40,success,success,1751858.763,1627963.482
CTR::EN,SEC::$ && DPT::DEV && CTR::EN,,,,,same,same,success,20,20,success,success,915447.330,911318.255
CTR::EN,SEC::$ && DPT::DEV && CTR::FR,,,,,same,same,failure,20,20,failure,failure,1538961.592,1527065.272
CTR::EN,SEC::$ && DPT::MKG,,,,,different,TN_FP,failure,40,10,success,failure,1634747.072,745711.373
CTR::EN,SEC::$ && DPT::MKG && CTR::$,,,,,same,same,success,40,40,success,success,1894903.285,1657881.822
CTR::EN,SEC::$ && DPT::MKG && CTR::EN,,,,,same,same,success,20,20,success,success,880483.242,895197.732
CTR::EN,SEC::$ && DPT::MKG && CTR::FR,,,,,same,same,failure,20,20,failure,failure,1572377.923,1518865.196
CTR::EN,SEC::HIG,,,,,different,TN_FP,failure,64,4,success,failure,2607294.317,297636.857
CTR::EN,SEC::HIG && CTR::$,,,,,different,TP_TP,success,64,16,success,success,2673767.935,728507.012
CTR::EN,SEC::HIG && CTR::EN,,,,,different,TP_TP,success,32,8,success,success,1552171.310,435882.071
CTR::EN,SEC::HIG && CTR::FR,,,,,different,TN_TN,failure,32,8,failure,failure,2485159.052,596661.297
CTR::EN,SEC::HIG && DPT::$,,,,,different,TN_FP,failure,64,16,success,failure,2603259.468,1235504.317
CTR::EN,SEC::HIG && DPT::$ && CTR::$,,,,,same,same,success,64,64,success,success,2484355.399,2778452.978
CTR::EN,SEC::HIG && DPT::$ && CTR::EN,,,,,same,same,success,32,32,success,success,1442374.839,1323062.840
CTR::EN,SEC::HIG && DPT::$ && CTR::FR,,,,,same,same,failure,32,32,failure,failure,2546722.029,2428467.427
CTR::EN,SEC::HIG && DPT::DEV,,,,,different,TN_FP,failure,32,8,success,failure,1378736.134,601574.088
CTR::EN,SEC::HIG && DPT::DEV && CTR::$,,,,,same,same,success,32,32,success,success,1452872.310,1315781.702
CTR::EN,SEC::HIG && DPT::DEV && CTR::EN,,,,,same,same,success,16,16,success,success,747686.764,735433.745
CTR::EN,SEC::HIG && DPT::DEV && CTR::FR,,,,,same,same,failure,16,16,failure,failure,1253412.714,1205013.434
CTR::EN,SEC::HIG && DPT::MKG,,,,,different,TN_FP,failure,32,8,success,failure,1335148.063,592284.382
CTR::EN,SEC::HIG && DPT::MKG && CTR::$,,,,,same,same,success,32,32,success,success,1449471.782,1300425.888
CTR::EN,SEC::HIG && DPT::MKG && CTR::EN,,,,,same,same,success,16,16,success,success,764865.967,738505.652
CTR::EN,SEC::HIG && DPT::MKG && CTR::FR,,,,,same,same,failure,16,16,failure,failure,1230947.730,1194872.772
CTR::EN,SEC::LOW,,,,,different,TN_FP,failure,32,2,success,failure,1382282.050,150222.755
CTR::EN,SEC::LOW && CTR::$,,,,,different,TP_TP,success,32,8,success,success,1420523.832,429058.236
CTR::EN,SEC::LOW && CTR::EN,,,,,different,TP_TP,success,16,4,success,success,773153.899,285278.270
CTR::EN,SEC::LOW && CTR::FR,,,,,different,TN_TN,failure,16,4,failure,failure,1319761.397,299333.204
CTR::EN,SEC::LOW && DPT::$,,,,,different,TN_FP,failure,32,8,success,failure,1413352.461,602336.809
CTR::EN,SEC::LOW && DPT::$ && CTR::$,,,,,same,same,success,32,32,success,success,1355732.004,1366484.809
CTR::EN,SEC::LOW && DPT::$ && CTR::EN,,,,,same,same,success,16,16,success,success,741176.005,788898.100
CTR::EN,SEC::LOW && DPT::$ && CTR::FR,,,,,same,same,failure,16,16,failure,failure,1230002.432,1194975.004
CTR::EN,SEC::LOW && DPT::DEV,,,,,different,TN_FP,failure,16,4,success,failure,776733.973,298301.469
CTR::EN,SEC::LOW && DPT::DEV && CTR::$,,,,,same,same,success,16,16,success,success,799166.767,715059.473
CTR::EN,SEC::LOW && DPT::DEV && CTR::EN,,,,,same,same,success,8,8,success,success,429676.796,443348.571
CTR::EN,SEC::LOW && DPT::DEV && CTR::FR,,,,,same,same,failure,8,8,failure,failure,609203.744,593990.843
CTR::EN,SEC::LOW && DPT::MKG,,,,,different,TN_FP,failure,16,4,success,failure,752873.522,297468.126
CTR::EN,SEC::LOW && DPT::MKG && CTR::$,,,,,same,same,success,16,16,success,success,749611.864,729557.748
CTR::EN,SEC::LOW && DPT::MKG && CTR::EN,,,,,same,same,success,8,8,success,success,468905.805,429899.670
CTR::EN,SEC::LOW && DPT::MKG && CTR::FR,,,,,same,same,failure,8,8,failure,failure,614158.904,598119.838
CTR::EN,SEC::MED,,,,,different,TN_FP,failure,48,3,success,failure,2026788.613,222959.747
CTR::EN,SEC::MED && CTR::$,,,,,different,TP_TP,success,48,12,success,success,1951889.005,580966.748
CTR::EN,SEC::MED && CTR::EN,,,,,different,TP_TP,success,24,6,success,success,1153505.137,370855.407
CTR::EN,SEC::MED && CTR::FR,,,,,different,TN_TN,failure,24,6,failure,failure,1883659.254,445996.768
CTR::EN,SEC::MED && DPT::$,,,,,different,TN_FP,failure,48,12,success,failure,2053339.941,892025.226
CTR::EN,SEC::MED && DPT::$ && CTR::$,,,,,same,same,success,48,48,success,success,2049904.123,2045187.360
CTR::EN,SEC::MED && DPT::$ && CTR::EN,,,,,same,same,success,24,24,success,success,1094613.306,1031339.034
CTR::EN,SEC::MED && DPT::$ && CTR::FR,,,,,same,same,failure,24,24,failure,failure,1861765.617,1807105.337
CTR::EN,SEC::MED && DPT::DEV,,,,,different,TN_FP,failure,24,6,success,failure,1117996.647,445189.965
CTR::EN,SEC::MED && DPT::DEV && CTR::$,,,,,same,same,success,24,24,success,success,1087687.855,1010417.350
CTR::EN,SEC::MED && DPT::DEV && CTR::EN,,,,,same,same,success,12,12,success,success,594191.074,568449.128
CTR::EN,SEC::MED && DPT::DEV && CTR::FR,,,,,same,same,failure,12,12,failure,failure,927684.348,893536.711
CTR::EN,SEC::MED && DPT::MKG,,,,,different,TN_FP,failure,24,6,success,failure,1142534.874,450032.168
CTR::EN,SEC::MED && DPT::MKG && CTR::$,,,,,same,same,success,24,24,success,success,1113100.228,1058963.766
CTR::EN,SEC::MED && DPT::MKG && CTR::EN,,,,,same,same,success,12,12,success,success,629454.128,599939.321
CTR::EN,SEC::MED && DPT::MKG && CTR::FR,,,,,same,same,failure,12,12,failure,failure,923088.417,892258.929
CTR::FR,CTR::$,,,,,different,TP_TP,success,80,4,success,success,3631411.615,292729.868
CTR::FR,CTR::EN,,,,,different,TN_TN,failure,40,2,failure,failure,3404370.072,152172.427
CTR::FR,CTR::FR,,,,,different,TP_TP,success,40,2,success,success,1799374.326,224621.073
CTR::FR,DPT::$,,,,,different,TN_FP,failure,80,4,success,failure,3497617.235,296828.922
CTR::FR,DPT::$ && CTR::$,,,,,different,TP_TP,success,80,16,success,success,3488655.600,785119.363
CTR::FR,DPT::$ && CTR::EN,,,,,different,TN_TN,failure,40,8,failure,failure,3415399.685,599374.041
CTR::FR,DPT::$ && CTR::FR,,,,,different,TP_TP,success,40,8,success,success,1811233.756,431744.945
CTR::FR,DPT::DEV,,,,,different,TN_FP,failure,40,2,success,failure,1763968.508,150882.979
CTR::FR,DPT::DEV && CTR::$,,,,,different,TP_TP,success,40,8,success,success,1841639.299,427364.373
CTR::FR,DPT::DEV && CTR::EN,,,,,different,TN_TN,failure,20,4,failure,failure,1690614.009,299760.301
CTR::FR,DPT::DEV && CTR::FR,,,,,different,TP_TP,success,20,4,success,success,1004370.017,292666.314
CTR::FR,DPT::MKG,,,,,different,TN_FP,failure,40,2,success,failure,1804342.600,150118.375
CTR::FR,DPT::MKG && CTR::$,,,,,different,TP_TP,success,40,8,success,success,1771075.224,444914.037
CTR::FR,DPT::MKG && CTR::EN,,,,,different,TN_TN,failure,20,4,failure,failure,1694229.846,301272.867
CTR::FR,DPT::MKG && CTR::FR,,,,,different,TP_TP,success,20,4,success,success,1012567.588,293997.666
CTR::FR,SEC::$,,,,,different,TN_FP,failure,80,5,success,failure,3879872.731,368286.062
CTR::FR,SEC::$ && CTR::$,,,,,different,TP_TP,success,80,20,success,success,3534154.725,925454.306
CTR::FR,SEC::$ && CTR::EN,,,,,different,TN_TN,failure,40,10,failure,failure,3403832.969,742976.588
CTR::FR,SEC::$ && CTR::FR,,,,,different,TP_TP,success,40,10,success,success,1916851.253,501343.871
CTR::FR,SEC::$ && DPT::$,,,,,different,TN_FP,failure,80,20,success,failure,4324553.415,1546173.860
CTR::FR,SEC::$ && DPT::$ && CTR::$,,,,,same,same,success,80,80,success,success,3586630.341,3194099.462
CTR::FR,SEC::$ && DPT::$ && CTR::EN,,,,,same,same,failure,40,40,failure,failure,3570854.615,3070263.441
CTR::FR,SEC::$ && DPT::$ && CTR::FR,,,,,same,same,success,40,40,success,success,2068945.755,1639627.145
CTR::FR,SEC::$ && DPT::DEV,,,,,different,TN_FP,failure,40,10,success,failure,2011821.950,743779.434
CTR::FR,SEC::$ && DPT::DEV && CTR::$,,,,,same,same,success,40,40,success,success,1852642.805,1621564.620
CTR::FR,SEC::$ && DPT::DEV && CTR::EN,,,,,same,same,failure,20,20,failure,failure,1729081.755,1518205.519
CTR::FR,SEC::$ && DPT::DEV && CTR::FR,,,,,same,same,success,20,20,success,success,1022554.862,908371.272
CTR::FR,SEC::$ && DPT::MKG,,,,,different,TN_FP,failure,40,10,success,failure,1867529.999,752441.392
CTR::FR,SEC::$ && DPT::MKG && CTR::$,,,,,same,same,success,40,40,success,success,1838788.072,1627084.053
CTR::FR,SEC::$ && DPT::MKG && CTR::EN,,,,,same,same,failure,20,20,failure,failure,1750644.556,1509079.586
CTR::FR,SEC::$ && DPT::MKG && CTR::FR,,,,,same,same,success,20,20,success,success,1043612.957,897808.093
CTR::FR,SEC::HIG,,,,,different,TN_FP,failure,64,4,success,failure,2913993.999,296758.465
CTR::FR,SEC::HIG && CTR::$,,,,,different,TP_TP,success,64,16,success,success,2797203.484,762965.728
CTR::FR,SEC::HIG && CTR::EN,,,,,different,TN_TN,failure,32,8,failure,failure,2728784.266,591998.757
CTR::FR,SEC::HIG && CTR::FR,,,,,different,TP_TP,success,32,8,success,success,1519890.845,437537.390
CTR::FR,SEC::HIG && DPT::$,,,,,different,TN_FP,failure,64,16,success,failure,3171736.264,1215700.961
CTR::FR,SEC::HIG && DPT::$ && CTR::$,,,,,same,same,success,64,64,success,success,2956643.373,2448317.561
CTR::FR,SEC::HIG && DPT::$ && CTR::EN,,,,,same,same,failure,32,32,failure,failure,2774578.575,2442305.829
CTR::FR,SEC::HIG && DPT::$ && CTR::FR,,,,,same,same,success,32,32,success,success,1566078.977,1294743.434
CTR::FR,SEC::HIG && DPT::DEV,,,,,different,TN_FP,failure,32,8,success,failure,1567773.551,592889.051
CTR::FR,SEC::HIG && DPT::DEV && CTR::$,,,,,same,same,success,32,32,success,success,1575723.187,1346255.173
CTR::FR,SEC::HIG && DPT::DEV && CTR::EN,,,,,same,same,failure,16,16,failure,failure,1361024.637,1200941.445
CTR::FR,SEC::HIG && DPT::DEV && CTR::FR,,,,,same,same,success,16,16,success,success,898904.194,732241.326
CTR::FR,SEC::HIG && DPT::MKG,,,,,different,TN_FP,failure,32,8,success,failure,1558355.114,593094.592
CTR::FR,SEC::HIG && DPT::MKG && CTR::$,,,,,same,same,success,32,32,success,success,1508052.059,1333951.644
CTR::FR,SEC::HIG && DPT::MKG && CTR::EN,,,,,same,same,failure,16,16,failure,failure,1361564.950,1191005.278
CTR::FR,SEC::HIG && DPT::MKG && CTR::FR,,,,,same,same,success,16,16,success,success,880706.250,712729.027
CTR::FR,SEC::LOW,,,,,different,TN_FP,failure,32,2,success,failure,1750558.846,148962.601
CTR::FR,SEC::LOW && CTR::$,,,,,different,TP_TP,success,32,8,success,success,1558049.796,427993.599
CTR::FR,SEC::LOW && CTR::EN,,,,,different,TN_TN,failure,16,4,failure,failure,1349940.506,298550.772
CTR::FR,SEC::LOW && CTR::FR,,,,,different,TP_TP,success,16,4,success,success,894798.157,286274.684
CTR::FR,SEC::LOW && DPT::$,,,,,different,TN_FP,failure,32,8,success,failure,1454626.045,598047.703
CTR::FR,SEC::LOW && DPT::$ && CTR::$,,,,,same,same,success,32,32,success,success,1473390.352,1330966.174
CTR::FR,SEC::LOW && DPT::$ && CTR::EN,,,,,same,same,failure,16,16,failure,failure,1363913.445,1198126.350
CTR::FR,SEC::LOW && DPT::$ && CTR::FR,,,,,same,same,success,16,16,success,success,845962.039,746432.336
CTR::FR,SEC::LOW && DPT::DEV,,,,,different,TN_FP,failure,16,4,success,failure,863836.476,296914.503
CTR::FR,SEC::LOW && DPT::DEV && CTR::$,,,,,same,same,success,16,16,success,success,877765.453,734389.521
CTR::FR,SEC::LOW && DPT::DEV && CTR::EN,,,,,same,same,failure,8,8,failure,failure,679539.181,590877.734
CTR::FR,SEC::LOW && DPT::DEV && CTR::FR,,,,,same,same,success,8,8,success,success,540373.500,437493.238
CTR::FR,SEC::LOW && DPT::MKG,,,,,different,TN_FP,failure,16,4,success,failure,860280.997,296005.633
CTR::FR,SEC::LOW && DPT::MKG && CTR::$,,,,,same,same,success,16,16,success,success,819353.147,739376.691
CTR::FR,SEC::LOW && DPT::MKG && CTR::EN,,,,,same,same,failure,8,8,failure,failure,671161.681,594475.207
CTR::FR,SEC::LOW && DPT::MKG && CTR::FR,,,,,same,same,success,8,8,success,success,501242.351,423836.191
CTR::FR,SEC::MED,,,,,different,TN_FP,failure,48,3,success,failure,2157546.898,221383.671
CTR::FR,SEC::MED && CTR::$,,,,,different,TP_TP,success,48,12,success,success,2203581.968,572351.323
CTR::FR,SEC::MED && CTR::EN,,,,,different,TN_TN,failure,24,6,failure,failure,2067387.131,444103.973
CTR::FR,SEC::MED && CTR::FR,,,,,different,TP_TP,success,24,6,success,success,1155113.464,371370.198
CTR::FR,SEC::MED && DPT::$,,,,,different,TN_FP,failure,48,12,success,failure,2271944.169,887591.154
CTR::FR,SEC::MED && DPT::$ && CTR::$,,,,,same,same,success,48,48,success,success,2164752.595,1940831.475
CTR::FR,SEC::MED && DPT::$ && CTR::EN,,,,,same,same,failure,24,24,failure,failure,2050493.718,1805011.545
CTR::FR,SEC::MED && DPT::$ && CTR::FR,,,,,same,same,success,24,24,success,success,1247068.373,1049407.120
CTR::FR,SEC::MED && DPT::DEV,,,,,different,TN_FP,failure,24,6,success,failure,1160843.041,442766.890
CTR::FR,SEC::MED && DPT::DEV && CTR::$,,,,,same,same,success,24,24,success,success,1225255.087,1023297.395
CTR::FR,SEC::MED && DPT::DEV && CTR::EN,,,,,same,same,failure,12,12,failure,failure,1049458.496,889155.659
CTR::FR,SEC::MED && DPT::DEV && CTR::FR,,,,,same,same,success,12,12,success,success,644491.420,581842.696
CTR::FR,SEC::MED && DPT::MKG,,,,,different,TN_FP,failure,24,6,success,failure,1154633.719,447578.110
CTR::FR,SEC::MED && DPT::MKG && CTR::$,,,,,same,same,success,24,24,success,success,1152403.471,1061858.776
CTR::FR,SEC::MED && DPT::MKG && CTR::EN,,,,,same,same,failure,12,12,failure,failure,1013765.155,892475.385
CTR::FR,SEC::MED && DPT::MKG && CTR::FR,,,,,same,same,success,12,12,success,success,658417.246,558764.723
DPT::$,CTR::$,,,,,different,TN_FP,failure,80,4,success,failure,3947753.478,316155.298
DPT::$,CTR::EN,,,,,different,TN_FP,failure,40,2,success,failure,1882055.971,160255.224
DPT::$,CTR::FR,,,,,different,TN_FP,failure,40,2,success,failure,1938559.748,171289.021
DPT::$,DPT::$,,,,,different,TP_TP,success,80,4,success,success,3683074.351,302927.661
DPT::$,DPT::$ && CTR::$,,,,,different,TP_TP,success,80,16,success,success,3572565.639,778878.221
DPT::$,DPT::$ && CTR::EN,,,,,different,TP_TP,success,40,8,success,success,1990559.241,454784.812
DPT::$,DPT::$ && CTR::FR,,,,,different,TP_TP,success,40,8,success,success,2003427.303,450147.359
DPT::$,DPT::DEV,,,,,different,TN_TN,failure,40,2,failure,failure,3395240.277,160184.145
DPT::$,DPT::DEV && CTR::$,,,,,different,TN_TN,failure,40,8,failure,failure,3398889.110,627122.230
DPT::$,DPT::DEV && CTR::EN,,,,,different,TN_TN,failure,20,4,failure,failure,1702200.412,315500.375
DPT::$,DPT::DEV && CTR::FR,,,,,different,TN_TN,failure,20,4,failure,failure,1694122.475,330701.128
DPT::$,DPT::MKG,,,,,different,TN_TN,failure,40,2,failure,failure,3377939.434,158898.714
DPT::$,DPT::MKG && CTR::$,,,,,different,TN_TN,failure,40,8,failure,failure,3388645.280,626758.843
DPT::$,DPT::MKG && CTR::EN,,,,,different,TN_TN,failure,20,4,failure,failure,1685244.096,314877.061
DPT::$,DPT::MKG && CTR::FR,,,,,different,TN_TN,failure,20,4,failure,failure,1702319.210,315782.805
DPT::$,SEC::$,,,,,different,TN_FP,failure,80,5,success,failure,3960713.854,393085.360
DPT::$,SEC::$ && CTR::$,,,,,different,TN_FP,failure,80,20,success,failure,3566443.761,1583333.131
DPT::$,SEC::$ && CTR::EN,,,,,different,TN_FP,failure,40,10,success,failure,1894194.009,791854.270
DPT::$,SEC::$ && CTR::FR,,,,,different,TN_FP,failure,40,10,success,failure,1935291.238,789289.480
DPT::$,SEC::$ && DPT::$,,,,,different,TP_TP,success,80,20,success,success,4259910.787,949375.235
DPT::$,SEC::$ && DPT::$ && CTR::$,,,,,same,same,success,80,80,success,success,3523946.262,3525833.646
DPT::$,SEC::$ && DPT::$ && CTR::EN,,,,,same,same,success,40,40,success,success,2611975.973,2160936.998
DPT::$,SEC::$ && DPT::$ && CTR::FR,,,,,same,same,success,40,40,success,success,2129350.429,2271501.894
DPT::$,SEC::$ && DPT::DEV,,,,,different,TN_TN,failure,40,10,failure,failure,3724741.062,796942.449
DPT::$,SEC::$ && DPT::DEV && CTR::$,,,,,same,same,failure,40,40,failure,failure,4143561.350,3188204.294
DPT::$,SEC::$ && DPT::DEV && CTR::EN,,,,,same,same,failure,20,20,failure,failure,1838861.544,1635959.961
DPT::$,SEC::$ && DPT::DEV && CTR::FR,,,,,same,same,failure,20,20,failure,failure,2217636.401,1611561.136
DPT::$,SEC::$ && DPT::MKG,,,,,different,TN_TN,failure,40,10,failure,failure,3432098.147,784075.154
DPT::$,SEC::$ && DPT::MKG && CTR::$,,,,,same,same,failure,40,40,failure,failure,3397472.152,3225957.905
DPT::$,SEC::$ && DPT::MKG && CTR::EN,,,,,same,same,failure,20,20,failure,failure,1696685.878,1583068.115
DPT::$,SEC::$ && DPT::MKG && CTR::FR,,,,,same,same,failure,20,20,failure,failure,1708576.778,1596238.484
DPT::$,SEC::HIG,,,,,different,TN_FP,failure,64,4,success,failure,2888089.538,316414.624
DPT::$,SEC::HIG && CTR::$,,,,,different,TN_FP,failure,64,16,success,failure,2981349.606,1259242.684
DPT::$,SEC::HIG && CTR::EN,,,,,different,TN_FP,failure,32,8,success,failure,1561615.860,624788.356
DPT::$,SEC::HIG && CTR::FR,,,,,different,TN_FP,failure,32,8,success,failure,1602588.485,623557.243
DPT::$,SEC::HIG && DPT::$,,,,,different,TP_TP,success,64,16,success,success,2823180.155,772016.971
DPT::$,SEC::HIG && DPT::$ && CTR::$,,,,,same,same,success,64,64,success,success,3134042.024,2622683.257
DPT::$,SEC::HIG && DPT::$ && CTR::EN,,,,,same,same,success,32,32,success,success,1627279.664,1459881.988
DPT::$,SEC::HIG && DPT::$ && CTR::FR,,,,,same,same,success,32,32,success,success,1496794.492,1358447.492
DPT::$,SEC::HIG && DPT::DEV,,,,,different,TN_TN,failure,32,8,failure,failure,2730477.783,629030.373
DPT::$,SEC::HIG && DPT::DEV && CTR::$,,,,,same,same,failure,32,32,failure,failure,2857611.684,2617863.382
DPT::$,SEC::HIG && DPT::DEV && CTR::EN,,,,,same,same,failure,16,16,failure,failure,1374586.981,1274070.452
DPT::$,SEC::HIG && DPT::DEV && CTR::FR,,,,,same,same,failure,16,16,failure,failure,1352368.721,1276222.068
DPT::$,SEC::HIG && DPT::MKG,,,,,different,TN_TN,failure,32,8,failure,failure,2730197.547,631446.736
DPT::$,SEC::HIG && DPT::MKG && CTR::$,,,,,same,same,failure,32,32,failure,failure,2818986.829,2530519.181
DPT::$,SEC::HIG && DPT::MKG && CTR::EN,,,,,same,same,failure,16,16,failure,failure,1385435.104,1253946.761
DPT::$,SEC::HIG && DPT::MKG && CTR::FR,,,,,same,same,failure,16,16,failure,failure,1350593.094,1254110.578
DPT::$,SEC::LOW,,,,,different,TN_FP,failure,32,2,success,failure,1488656.673,159085.249
DPT::$,SEC::LOW && CTR::$,,,,,different,TN_FP,failure,32,8,success,failure,1544116.842,627618.275
DPT::$,SEC::LOW && CTR::EN,,,,,different,TN_FP,failure,16,4,success,failure,863468.360,313512.456
DPT::$,SEC::LOW && CTR::FR,,,,,different,TN_FP,failure,16,4,success,failure,850201.069,313709.360
DPT::$,SEC::LOW && DPT::$,,,,,different,TP_TP,success,32,8,success,success,1580326.036,469315.042
DPT::$,SEC::LOW && DPT::$ && CTR::$,,,,,same,same,success,32,32,success,success,1518503.898,1355169.464
DPT::$,SEC::LOW && DPT::$ && CTR::EN,,,,,same,same,success,16,16,success,success,854959.560,858771.576
DPT::$,SEC::LOW && DPT::$ && CTR::FR,,,,,same,same,success,16,16,success,success,853384.466,818718.245
DPT::$,SEC::LOW && DPT::DEV,,,,,different,TN_TN,failure,16,4,failure,failure,1359827.846,314989.596
DPT::$,SEC::LOW && DPT::DEV && CTR::$,,,,,same,same,failure,16,16,failure,failure,1363420.771,1258364.577
DPT::$,SEC::LOW && DPT::DEV && CTR::EN,,,,,same,same,failure,8,8,failure,failure,677103.297,626105.908
DPT::$,SEC::LOW && DPT::DEV && CTR::FR,,,,,same,same,failure,8,8,failure,failure,677124.666,625943.228
DPT::$,SEC::LOW && DPT::MKG,,,,,different,TN_TN,failure,16,4,failure,failure,1366701.575,318372.007
DPT::$,SEC::LOW && DPT::MKG && CTR::$,,,,,same,same,failure,16,16,failure,failure,1361870.799,1269016.552
DPT::$,SEC::LOW && DPT::MKG && CTR::EN,,,,,same,same,failure,8,8,failure,failure,675482.040,626595.787
DPT::$,SEC::LOW && DPT::MKG && CTR::FR,,,,,same,same,failure,8,8,failure,failure,684285.258,625001.647
DPT::$,SEC::MED,,,,,different,TN_FP,failure,48,3,success,failure,2213558.096,237728.008
DPT::$,SEC::MED && CTR::$,,,,,different,TN_FP,failure,48,12,success,failure,2295152.978,941178.625
DPT::$,SEC::MED && CTR::EN,,,,,different,TN_FP,failure,24,6,success,failure,1205600.184,471148.838
DPT::$,SEC::MED && CTR::FR,,,,,different,TN_FP,failure,24,6,success,failure,1165098.328,473978.155
DPT::$,SEC::MED && DPT::$,,,,,different,TP_TP,success,48,12,success,success,2303904.103,613856.507
DPT::$,SEC::MED && DPT::$ && CTR::$,,,,,same,same,success,48,48,success,success,2241134.778,2136499.103
DPT::$,SEC::MED && DPT::$ && CTR::EN,,,,,same,same,success,24,24,success,success,1207016.536,1067518.151
DPT::$,SEC::MED && DPT::$ && CTR::FR,,,,,same,same,success,24,24,success,success,1168711.325,1079861.319
DPT::$,SEC::MED && DPT::DEV,,,,,different,TN_TN,failure,24,6,failure,failure,2038834.704,471962.043
DPT::$,SEC::MED && DPT::DEV && CTR::$,,,,,same,same,failure,24,24,failure,failure,2057293.543,1919764.077
DPT::$,SEC::MED && DPT::DEV && CTR::EN,,,,,same,same,failure,12,12,failure,failure,1013894.002,941808.598
DPT::$,SEC::MED && DPT::DEV && CTR::FR,,,,,same,same,failure,12,12,failure,failure,1157749.880,946251.501
DPT::$,SEC::MED && DPT::MKG,,,,,different,TN_TN,failure,24,6,failure,failure,2120959.324,473142.046
DPT::$,SEC::MED && DPT::MKG && CTR::$,,,,,same,same,failure,24,24,failure,failure,2021259.828,1907599.109
DPT::$,SEC::MED && DPT::MKG && CTR::EN,,,,,same,same,failure,12,12,failure,failure,1021659.638,942797.352
DPT::$,SEC::MED && DPT::MKG && CTR::FR,,,,,same,same,failure,12,12,failure,failure,1075232.953,947642.721
DPT::$ && CTR::$,CTR::$,,,,,different,TN_FP,failure,80,4,success,failure,3137201.831,304604.026
DPT::$ && CTR::$,CTR::EN,,,,,different,TN_TN,failure,40,2,failure,failure,3150915.615,149820.786
DPT::$ && CTR::$,CTR::FR,,,,,different,TN_TN,failure,40,2,failure,failure,3186353.672,149919.196
DPT::$ && CTR::$,DPT::$,,,,,different,TN_FP,failure,80,4,success,failure,3184649.931,300318.427
DPT::$ && CTR::$,DPT::$ && CTR::$,,,,,different,TP_TP,success,80,16,success,success,3204411.143,750171.855
DPT::$ && CTR::$,DPT::$ && CTR::EN,,,,,different,TN_TN,failure,40,8,failure,failure,3207908.158,601241.724
DPT::$ && CTR::$,DPT::$ && CTR::FR,,,,,different,TN_TN,failure,40,8,failure,failure,3254062.803,596590.109
DPT::$ && CTR::$,DPT::DEV,,,,,different,TN_TN,failure,40,2,failure,failure,3217954.012,150481.014
DPT::$ && CTR::$,DPT::DEV && CTR::$,,,,,different,TN_TN,failure,40,8,failure,failure,3149916.345,611284.757
DPT::$ && CTR::$,DPT::DEV && CTR::EN,,,,,different,TN_TN,failure,20,4,failure,failure,1590737.431,297141.594
DPT::$ && CTR::$,DPT::DEV && CTR::FR,,,,,different,TN_TN,failure,20,4,failure,failure,1548417.960,296326.634
DPT::$ && CTR::$,DPT::MKG,,,,,different,TN_TN,failure,40,2,failure,failure,3065083.139,150025.891
DPT::$ && CTR::$,DPT::MKG && CTR::$,,,,,different,TN_TN,failure,40,8,failure,failure,3176155.658,609262.740
DPT::$ && CTR::$,DPT::MKG && CTR::EN,,,,,different,TN_TN,failure,20,4,failure,failure,1644590.896,300866.319
DPT::$ && CTR::$,DPT::MKG && CTR::FR,,,,,different,TN_TN,failure,20,4,failure,failure,1521031.019,312642.258
DPT::$ && CTR::$,SEC::$,,,,,different,TN_FP,failure,80,5,success,failure,3239499.696,371120.615
DPT::$ && CTR::$,SEC::$ && CTR::$,,,,,different,TN_FP,failure,80,20,success,failure,3686452.307,1519795.511
DPT::$ && CTR::$,SEC::$ && CTR::EN,,,,,different,TN_TN,failure,40,10,failure,failure,3078566.135,753604.919
DPT::$ && CTR::$,SEC::$ && CTR::FR,,,,,different,TN_TN,failure,40,10,failure,failure,3146881.357,745958.552
DPT::$ && CTR::$,SEC::$ && DPT::$,,,,,different,TN_FP,failure,80,20,success,failure,3442879.510,1528890.205
DPT::$ && CTR::$,SEC::$ && DPT::$ && CTR::$,,,,,same,same,success,80,80,success,success,3551295.627,3186743.023
DPT::$ && CTR::$,SEC::$ && DPT::$ && CTR::EN,,,,,same,same,failure,40,40,failure,failure,3048880.547,3097303.155
DPT::$ && CTR::$,SEC::$ && DPT::$ && CTR::FR,,,,,same,same,failure,40,40,failure,failure,3047867.462,3398361.380
DPT::$ && CTR::$,SEC::$ && DPT::DEV,,,,,different,TN_TN,failure,40,10,failure,failure,3079747.867,748274.290
DPT::$ && CTR::$,SEC::$ && DPT::DEV && CTR::$,,,,,same,same,failure,40,40,failure,failure,3134337.558,3042079.294
DPT::$ && CTR::$,SEC::$ && DPT::DEV && CTR::EN,,,,,same,same,failure,20,20,failure,failure,1574905.143,1523507.208
DPT::$ && CTR::$,SEC::$ && DPT::DEV && CTR::FR,,,,,same,same,failure,20,20,failure,failure,1568262.599,1533959.604
DPT::$ && CTR::$,SEC::$ && DPT::MKG,,,,,different,TN_TN,failure,40,10,failure,failure,3260108.808,752430.221
DPT::$ && CTR::$,SEC::$ && DPT::MKG && CTR::$,,,,,same,same,failure,40,40,failure,failure,3105540.382,3091787.018
DPT::$ && CTR::$,SEC::$ && DPT::MKG && CTR::EN,,,,,same,same,failure,20,20,failure,failure,1653008.681,1777100.637
DPT::$ && CTR::$,SEC::$ && DPT::MKG && CTR::FR,,,,,same,same,failure,20,20,failure,failure,1602474.221,1512713.988
DPT::$ && CTR::$,SEC::HIG,,,,,different,TN_FP,failure,64,4,success,failure,2477109.177,294650.585
DPT::$ && CTR::$,SEC::HIG && CTR::$,,,,,different,TN_FP,failure,64,16,success,failure,2533397.274,1217984.745
DPT::$ && CTR::$,SEC::HIG && CTR::EN,,,,,different,TN_TN,failure,32,8,failure,failure,2494618.781,595193.789
DPT::$ && CTR::$,SEC::HIG && CTR::FR,,,,,different,TN_TN,failure,32,8,failure,failure,2468218.550,592612.257
DPT::$ && CTR::$,SEC::HIG && DPT::$,,,,,different,TN_FP,failure,64,16,success,failure,2699811.581,1222592.978
DPT::$ && CTR::$,SEC::HIG && DPT::$ && CTR::$,,,,,same,same,success,64,64,success,success,2718037.418,2533017.822
DPT::$ && CTR::$,SEC::HIG && DPT::$ && CTR::EN,,,,,same,same,failure,32,32,failure,failure,2451668.061,2445694.581
DPT::$ && CTR::$,SEC::HIG && DPT::$ && CTR::FR,,,,,same,same,failure,32,32,failure,failure,2477944.018,2412020.137
DPT::$ && CTR::$,SEC::HIG && DPT::DEV,,,,,different,TN_TN,failure,32,8,failure,failure,2425820.427,599431.789
DPT::$ && CTR::$,SEC::HIG && DPT::DEV && CTR::$,,,,,same,same,failure,32,32,failure,failure,2452276.643,2436139.573
DPT::$ && CTR::$,SEC::HIG && DPT::DEV && CTR::EN,,,,,same,same,failure,16,16,failure,failure,1215579.654,1204348.001
DPT::$ && CTR::$,SEC::HIG && DPT::DEV && CTR::FR,,,,,same,same,failure,16,16,failure,failure,1249637.798,1206122.789
DPT::$ && CTR::$,SEC::HIG && DPT::MKG,,,,,different,TN_TN,failure,32,8,failure,failure,2464973.363,595006.734
DPT::$ && CTR::$,SEC::HIG && DPT::MKG && CTR::$,,,,,same,same,failure,32,32,failure,failure,2438309.263,2432664.641
DPT::$ && CTR::$,SEC::HIG && DPT::MKG && CTR::EN,,,,,same,same,failure,16,16,failure,failure,1205162.203,1201273.559
DPT::$ && CTR::$,SEC::HIG && DPT::MKG && CTR::FR,,,,,same,same,failure,16,16,failure,failure,1246177.181,1191358.185
DPT::$ && CTR::$,SEC::LOW,,,,,different,TN_FP,failure,32,2,success,failure,1423628.015,158316.582
DPT::$ && CTR::$,SEC::LOW && CTR::$,,,,,different,TN_FP,failure,32,8,success,failure,1425326.536,611665.737
DPT::$ && CTR::$,SEC::LOW && CTR::EN,,,,,different,TN_TN,failure,16,4,failure,failure,1211643.275,300898.255
DPT::$ && CTR::$,SEC::LOW && CTR::FR,,,,,different,TN_TN,failure,16,4,failure,failure,1202789.141,297161.586
DPT::$ && CTR::$,SEC::LOW && DPT::$,,,,,different,TN_FP,failure,32,8,success,failure,1418357.123,645626.173
DPT::$ && CTR::$,SEC::LOW && DPT::$ && CTR::$,,,,,same,same,success,32,32,success,success,1479004.242,1413770.364
DPT::$ && CTR::$,SEC::LOW && DPT::$ && CTR::EN,,,,,same,same,failure,16,16,failure,failure,1373283.756,1229880.177
DPT::$ && CTR::$,SEC::LOW && DPT::$ && CTR::FR,,,,,same,same,failure,16,16,failure,failure,1380859.562,1203793.415
DPT::$ && CTR::$,SEC::LOW && DPT::DEV,,,,,different,TN_TN,failure,16,4,failure,failure,1214810.796,302263.226
DPT::$ && CTR::$,SEC::LOW && DPT::DEV && CTR::$,,,,,same,same,failure,16,16,failure,failure,1338289.657,1210680.484
DPT::$ && CTR::$,SEC::LOW && DPT::DEV && CTR::EN,,,,,same,same,failure,8,8,failure,failure,630229.238,601424.021
DPT::$ && CTR::$,SEC::LOW && DPT::DEV && CTR::FR,,,,,same,same,failure,8,8,failure,failure,674213.636,597010.237
DPT::$ && CTR::$,SEC::LOW && DPT::MKG,,,,,different,TN_TN,failure,16,4,failure,failure,1381843.247,300234.755
DPT::$ && CTR::$,SEC::LOW && DPT::MKG && CTR::$,,,,,same,same,failure,16,16,failure,failure,1384725.208,1207828.749
DPT::$ && CTR::$,SEC::LOW && DPT::MKG && CTR::EN,,,,,same,same,failure,8,8,failure,failure,675342.188,592147.040
DPT::$ && CTR::$,SEC::LOW && DPT::MKG && CTR::FR,,,,,same,same,failure,8,8,failure,failure,675554.336,589265.990
DPT::$ && CTR::$,SEC::MED,,,,,different,TN_FP,failure,48,3,success,failure,2388133.025,239813.585
DPT::$ && CTR::$,SEC::MED && CTR::$,,,,,different,TN_FP,failure,48,12,success,failure,2125464.875,955465.069
DPT::$ && CTR::$,SEC::MED && CTR::EN,,,,,different,TN_TN,failure,24,6,failure,failure,2076173.227,456427.323
DPT::$ && CTR::$,SEC::MED && CTR::FR,,,,,different,TN_TN,failure,24,6,failure,failure,2035530.251,461343.816
DPT::$ && CTR::$,SEC::MED && DPT::$,,,,,different,TN_FP,failure,48,12,success,failure,2266890.018,887845.355
DPT::$ && CTR::$,SEC::MED && DPT::$ && CTR::$,,,,,same,same,success,48,48,success,success,1945974.271,1965440.239
DPT::$ && CTR::$,SEC::MED && DPT::$ && CTR::EN,,,,,same,same,failure,24,24,failure,failure,2039026.874,1844447.392
DPT::$ && CTR::$,SEC::MED && DPT::$ && CTR::FR,,,,,same,same,failure,24,24,failure,failure,1864053.403,1823570.702
DPT::$ && CTR::$,SEC::MED && DPT::DEV,,,,,different,TN_TN,failure,24,6,failure,failure,1965435.576,442610.346
DPT::$ && CTR::$,SEC::MED && DPT::DEV && CTR::$,,,,,same,same,failure,24,24,failure,failure,2033985.924,1814145.448
DPT::$ && CTR::$,SEC::MED && DPT::DEV && CTR::EN,,,,,same,same,failure,12,12,failure,failure,1027083.537,904041.205
DPT::$ && CTR::$,SEC::MED && DPT::DEV && CTR::FR,,,,,same,same,failure,12,12,failure,failure,1034531.036,893564.293
DPT::$ && CTR::$,SEC::MED && DPT::MKG,,,,,different,TN_TN,failure,24,6,failure,failure,2002179.994,440961.519
DPT::$ && CTR::$,SEC::MED && DPT::MKG && CTR::$,,,,,same,same,failure,24,24,failure,failure,2036820.190,1800205.344
DPT::$ && CTR::$,SEC::MED && DPT::MKG && CTR::EN,,,,,same,same,failure,12,12,failure,failure,1101448.282,893298.855
DPT::$ && CTR::$,SEC::MED && DPT::MKG && CTR::FR,,,,,same,same,failure,12,12,failure,failure,1067752.352,896549.027
DPT::$ && CTR::EN,CTR::$,,,,,different,TN_FP,failure,80,4,success,failure,3326612.743,301474.320
DPT::$ && CTR::EN,CTR::EN,,,,,different,TN_FP,failure,40,2,success,failure,1786027.731,153868.484
DPT::$ && CTR::EN,CTR::FR,,,,,different,TN_TN,failure,40,2,failure,failure,3510118.078,150216.138
DPT::$ && CTR::EN,DPT::$,,,,,different,TN_FP,failure,80,4,success,failure,3599746.709,297995.144
DPT::$ && CTR::EN,DPT::$ && CTR::$,,,,,different,TP_TP,success,80,16,success,success,3515556.635,785361.843
DPT::$ && CTR::EN,DPT::$ && CTR::EN,,,,,different,TP_TP,success,40,8,success,success,1691139.265,435279.285
DPT::$ && CTR::EN,DPT::$ && CTR::FR,,,,,different,TN_TN,failure,40,8,failure,failure,3105029.759,623244.706
DPT::$ && CTR::EN,DPT::DEV,,,,,different,TN_TN,failure,40,2,failure,failure,3179786.984,150417.380
DPT::$ && CTR::EN,DPT::DEV && CTR::$,,,,,different,TN_TN,failure,40,8,failure,failure,3158217.311,598754.569
DPT::$ && CTR::EN,DPT::DEV && CTR::EN,,,,,different,TN_TN,failure,20,4,failure,failure,1566818.229,299737.096
DPT::$ && CTR::EN,DPT::DEV && CTR::FR,,,,,different,TN_TN,failure,20,4,failure,failure,1563589.478,297360.524
DPT::$ && CTR::EN,DPT::MKG,,,,,different,TN_TN,failure,40,2,failure,failure,3132510.721,148728.984
DPT::$ && CTR::EN,DPT::MKG && CTR::$,,,,,different,TN_TN,failure,40,8,failure,failure,3219150.621,594917.672
DPT::$ && CTR::EN,DPT::MKG && CTR::EN,,,,,different,TN_TN,failure,20,4,failure,failure,1596052.796,299170.354
DPT::$ && CTR::EN,DPT::MKG && CTR::FR,,,,,different,TN_TN,failure,20,4,failure,failure,1568916.836,298484.002
DPT::$ && CTR::EN,SEC::$,,,,,different,TN_FP,failure,80,5,success,failure,3145146.959,375509.291
DPT::$ && CTR::EN,SEC::$ && CTR::$,,,,,different,TN_FP,failure,80,20,success,failure,3342845.146,1516479.261
DPT::$ && CTR::EN,SEC::$ && CTR::EN,,,,,different,TN_FP,failure,40,10,success,failure,1593131.592,745457.818
DPT::$ && CTR::EN,SEC::$ && CTR::FR,,,,,different,TN_TN,failure,40,10,failure,failure,3103107.058,759263.924
DPT::$ && CTR::EN,SEC::$ && DPT::$,,,,,different,TN_FP,failure,80,20,success,failure,3409060.264,1523965.523
DPT::$ && CTR::EN,SEC::$ && DPT::$ && CTR::$,,,,,same,same,success,80,80,success,success,3287209.277,3139765.956
DPT::$ && CTR::EN,SEC::$ && DPT::$ && CTR::EN,,,,,same,same,success,40,40,success,success,1783752.773,1716289.444
DPT::$ && CTR::EN,SEC::$ && DPT::$ && CTR::FR,,,,,same,same,failure,40,40,failure,failure,3108732.635,3262010.907
DPT::$ && CTR::EN,SEC::$ && DPT::DEV,,,,,different,TN_TN,failure,40,10,failure,failure,3124436.396,750851.770
DPT::$ && CTR::EN,SEC::$ && DPT::DEV && CTR::$,,,,,same,same,failure,40,40,failure,failure,3199091.204,3065608.350
DPT::$ && CTR::EN,SEC::$ && DPT::DEV && CTR::EN,,,,,same,same,failure,20,20,failure,failure,1537843.550,1515923.343
DPT::$ && CTR::EN,SEC::$ && DPT::DEV && CTR::FR,,,,,same,same,failure,20,20,failure,failure,1547408.962,1518332.798
DPT::$ && CTR::EN,SEC::$ && DPT::MKG,,,,,different,TN_TN,failure,40,10,failure,failure,3096361.680,754898.726
DPT::$ && CTR::EN,SEC::$ && DPT::MKG && CTR::$,,,,,same,same,failure,40,40,failure,failure,3114541.726,3094384.646
DPT::$ && CTR::EN,SEC::$ && DPT::MKG && CTR::EN,,,,,same,same,failure,20,20,failure,failure,1561458.576,1528518.995
DPT::$ && CTR::EN,SEC::$ && DPT::MKG && CTR::FR,,,,,same,same,failure,20,20,failure,failure,1571017.475,1528207.976
DPT::$ && CTR::EN,SEC::HIG,,,,,different,TN_FP,failure,64,4,success,failure,2654719.410,298961.662
DPT::$ && CTR::EN,SEC::HIG && CTR::$,,,,,different,TN_FP,failure,64,16,success,failure,2924192.759,1212561.221
DPT::$ && CTR::EN,SEC::HIG && CTR::EN,,,,,different,TN_FP,failure,32,8,success,failure,1503441.751,594894.228
DPT::$ && CTR::EN,SEC::HIG && CTR::FR,,,,,different,TN_TN,failure,32,8,failure,failure,2705355.445,592435.441
DPT::$ && CTR::EN,SEC::HIG && DPT::$,,,,,different,TN_FP,failure,64,16,success,failure,2772890.368,1217526.435
DPT::$ && CTR::EN,SEC::HIG && DPT::$ && CTR::$,,,,,same,same,success,64,64,success,success,2483846.825,2494407.414
DPT::$ && CTR::EN,SEC::HIG && DPT::$ && CTR::EN,,,,,same,same,success,32,32,success,success,1390358.034,1374425.117
DPT::$ && CTR::EN,SEC::HIG && DPT::$ && CTR::FR,,,,,same,same,failure,32,32,failure,failure,2446700.143,2450284.470
DPT::$ && CTR::EN,SEC::HIG && DPT::DEV,,,,,different,TN_TN,failure,32,8,failure,failure,2766723.260,606891.351
DPT::$ && CTR::EN,SEC::HIG && DPT::DEV && CTR::$,,,,,same,same,failure,32,32,failure,failure,2661542.408,2456705.089
DPT::$ && CTR::EN,SEC::HIG && DPT::DEV && CTR::EN,,,,,same,same,failure,16,16,failure,failure,1296963.399,1207357.535
DPT::$ && CTR::EN,SEC::HIG && DPT::DEV && CTR::FR,,,,,same,same,failure,16,16,failure,failure,1378494.812,1263249.174
DPT::$ && CTR::EN,SEC::HIG && DPT::MKG,,,,,different,TN_TN,failure,32,8,failure,failure,2491724.748,597867.735
DPT::$ && CTR::EN,SEC::HIG && DPT::MKG && CTR::$,,,,,same,same,failure,32,32,failure,failure,2504224.294,2448376.572
DPT::$ && CTR::EN,SEC::HIG && DPT::MKG && CTR::EN,,,,,same,same,failure,16,16,failure,failure,1205434.308,1196130.236
DPT::$ && CTR::EN,SEC::HIG && DPT::MKG && CTR::FR,,,,,same,same,failure,16,16,failure,failure,1214820.113,1224964.317
DPT::$ && CTR::EN,SEC::LOW,,,,,different,TN_FP,failure,32,2,success,failure,1352632.705,152182.361
DPT::$ && CTR::EN,SEC::LOW && CTR::$,,,,,different,TN_FP,failure,32,8,success,failure,1378944.194,654180.890
DPT::$ && CTR::EN,SEC::LOW && CTR::EN,,,,,different,TN_FP,failure,16,4,success,failure,795148.574,311640.420
DPT::$ && CTR::EN,SEC::LOW && CTR::FR,,,,,different,TN_TN,failure,16,4,failure,failure,1224475.244,307726.563
DPT::$ && CTR::EN,SEC::LOW && DPT::$,,,,,different,TN_FP,failure,32,8,success,failure,1375390.944,599621.585
DPT::$ && CTR::EN,SEC::LOW && DPT::$ && CTR::$,,,,,same,same,success,32,32,success,success,1339411.145,1402073.960
DPT::$ && CTR::EN,SEC::LOW && DPT::$ && CTR::EN,,,,,same,same,success,16,16,success,success,748284.880,731016.078
DPT::$ && CTR::EN,SEC::LOW && DPT::$ && CTR::FR,,,,,same,same,failure,16,16,failure,failure,1212224.114,1221742.843
DPT::$ && CTR::EN,SEC::LOW && DPT::DEV,,,,,different,TN_TN,failure,16,4,failure,failure,1266214.116,304891.821
DPT::$ && CTR::EN,SEC::LOW && DPT::DEV && CTR::$,,,,,same,same,failure,16,16,failure,failure,1235472.167,1219365.064
DPT::$ && CTR::EN,SEC::LOW && DPT::DEV && CTR::EN,,,,,same,same,failure,8,8,failure,failure,605559.393,606642.825
DPT::$ && CTR::EN,SEC::LOW && DPT::DEV && CTR::FR,,,,,same,same,failure,8,8,failure,failure,603054.339,617346.883
DPT::$ && CTR::EN,SEC::LOW && DPT::MKG,,,,,different,TN_TN,failure,16,4,failure,failure,1255229.126,301940.465
DPT::$ && CTR::EN,SEC::LOW && DPT::MKG && CTR::$,,,,,same,same,failure,16,16,failure,failure,1251117.198,1206844.613
DPT::$ && CTR::EN,SEC::LOW && DPT::MKG && CTR::EN,,,,,same,same,failure,8,8,failure,failure,713283.581,629778.081
DPT::$ && CTR::EN,SEC::LOW && DPT::MKG && CTR::FR,,,,,same,same,failure,8,8,failure,failure,854129.588,606170.279
DPT::$ && CTR::EN,SEC::MED,,,,,different,TN_FP,failure,48,3,success,failure,1901053.711,224388.121
DPT::$ && CTR::EN,SEC::MED && CTR::$,,,,,different,TN_FP,failure,48,12,success,failure,2049176.532,901366.674
DPT::$ && CTR::EN,SEC::MED && CTR::EN,,,,,different,TN_FP,failure,24,6,success,failure,1099905.513,449013.166
DPT::$ && CTR::EN,SEC::MED && CTR::FR,,,,,different,TN_TN,failure,24,6,failure,failure,1852030.331,448985.514
DPT::$ && CTR::EN,SEC::MED && DPT::$,,,,,different,TN_FP,failure,48,12,success,failure,2076075.473,899840.306
DPT::$ && CTR::EN,SEC::MED && DPT::$ && CTR::$,,,,,same,same,success,48,48,success,success,2230112.057,1907979.907
DPT::$ && CTR::EN,SEC::MED && DPT::$ && CTR::EN,,,,,same,same,success,24,24,success,success,1169820.701,997949.258
DPT::$ && CTR::EN,SEC::MED && DPT::$ && CTR::FR,,,,,same,same,failure,24,24,failure,failure,2044097.144,1814289.759
DPT::$ && CTR::EN,SEC::MED && DPT::DEV,,,,,different,TN_TN,failure,24,6,failure,failure,2047093.495,449138.026
DPT::$ && CTR::EN,SEC::MED && DPT::DEV && CTR::$,,,,,same,same,failure,24,24,failure,failure,2034859.352,1842206.769
DPT::$ && CTR::EN,SEC::MED && DPT::DEV && CTR::EN,,,,,same,same,failure,12,12,failure,failure,978552.775,907495.785
DPT::$ && CTR::EN,SEC::MED && DPT::DEV && CTR::FR,,,,,same,same,failure,12,12,failure,failure,979175.178,962668.034
DPT::$ && CTR::EN,SEC::MED && DPT::MKG,,,,,different,TN_TN,failure,24,6,failure,failure,1958566.816,447945.399
DPT::$ && CTR::EN,SEC::MED && DPT::MKG && CTR::$,,,,,same,same,failure,24,24,failure,failure,2004458.423,1844647.528
DPT::$ && CTR::EN,SEC::MED && DPT::MKG && CTR::EN,,,,,same,same,failure,12,12,failure,failure,1014159.103,907224.637
DPT::$ && CTR::EN,SEC::MED && DPT::MKG && CTR::FR,,,,,same,same,failure,12,12,failure,failure,974284.258,940397.220
DPT::$ && CTR::FR,CTR::$,,,,,different,TN_FP,failure,80,4,success,failure,3518748.512,299564.648
DPT::$ && CTR::FR,CTR::EN,,,,,different,TN_TN,failure,40,2,failure,failure,3459646.912,149749.718
DPT::$ && CTR::FR,CTR::FR,,,,,different,TN_FP,failure,40,2,success,failure,1921849.564,149644.651
DPT::$ && CTR::FR,DPT::$,,,,,different,TN_FP,failure,80,4,success,failure,3447543.594,295774.624
DPT::$ && CTR::FR,DPT::$ && CTR::$,,,,,different,TP_TP,success,80,16,success,success,3746935.408,800377.318
DPT::$ && CTR::FR,DPT::$ && CTR::EN,,,,,different,TN_TN,failure,40,8,failure,failure,3424404.666,593935.835
DPT::$ && CTR::FR,DPT::$ && CTR::FR,,,,,different,TP_TP,success,40,8,success,success,2026444.938,433655.419
DPT::$ && CTR::FR,DPT::DEV,,,,,different,TN_TN,failure,40,2,failure,failure,3442286.808,153450.940
DPT::$ && CTR::FR,DPT::DEV && CTR::$,,,,,different,TN_TN,failure,40,8,failure,failure,3479357.695,593808.446
DPT::$ && CTR::FR,DPT::DEV && CTR::EN,,,,,different,TN_TN,failure,20,4,failure,failure,1786060.663,302087.320
DPT::$ && CTR::FR,DPT::DEV && CTR::FR,,,,,different,TN_TN,failure,20,4,failure,failure,1885615.312,298871.213
DPT::$ && CTR::FR,DPT::MKG,,,,,different,TN_TN,failure,40,2,failure,failure,3374484.339,147771.628
DPT::$ && CTR::FR,DPT::MKG && CTR::$,,,,,different,TN_TN,failure,40,8,failure,failure,3423908.391,596974.990
DPT::$ && CTR::FR,DPT::MKG && CTR::EN,,,,,different,TN_TN,failure,20,4,failure,failure,1806098.779,298448.590
DPT::$ && CTR::FR,DPT::MKG && CTR::FR,,,,,different,TN_TN,failure,20,4,failure,failure,1703567.992,299234.424
DPT::$ && CTR::FR,SEC::$,,,,,different,TN_FP,failure,80,5,success,failure,3639226.593,370274.969
DPT::$ && CTR::FR,SEC::$ && CTR::$,,,,,different,TN_FP,failure,80,20,success,failure,3400876.703,1506988.985
DPT::$ && CTR::FR,SEC::$ && CTR::EN,,,,,different,TN_TN,failure,40,10,failure,failure,3418772.537,746260.924
DPT::$ && CTR::FR,SEC::$ && CTR::FR,,,,,different,TN_FP,failure,40,10,success,failure,2117686.775,740342.593
DPT::$ && CTR::FR,SEC::$ && DPT::$,,,,,different,TN_FP,failure,80,20,success,failure,3436640.077,1542593.945
DPT::$ && CTR::FR,SEC::$ && DPT::$ && CTR::$,,,,,same,same,success,80,80,success,success,3462507.007,3066235.927
DPT::$ && CTR::FR,SEC::$ && DPT::$ && CTR::EN,,,,,same,same,failure,40,40,failure,failure,3397658.778,3053493.280
DPT::$ && CTR::FR,SEC::$ && DPT::$ && CTR::FR,,,,,same,same,success,40,40,success,success,2028684.920,1659775.854
DPT::$ && CTR::FR,SEC::$ && DPT::DEV,,,,,different,TN_TN,failure,40,10,failure,failure,3449138.141,755482.907
DPT::$ && CTR::FR,SEC::$ && DPT::DEV && CTR::$,,,,,same,same,failure,40,40,failure,failure,3483379.007,3042105.829
DPT::$ && CTR::FR,SEC::$ && DPT::DEV && CTR::EN,,,,,same,same,failure,20,20,failure,failure,1747379.812,1524484.356
DPT::$ && CTR::FR,SEC::$ && DPT::DEV && CTR::FR,,,,,same,same,failure,20,20,failure,failure,1712413.399,1507272.235
DPT::$ && CTR::FR,SEC::$ && DPT::MKG,,,,,different,TN_TN,failure,40,10,failure,failure,3910466.416,746030.657
DPT::$ && CTR::FR,SEC::$ && DPT::MKG && CTR::$,,,,,same,same,failure,40,40,failure,failure,3367306.178,3102225.339
DPT::$ && CTR::FR,SEC::$ && DPT::MKG && CTR::EN,,,,,same,same,failure,20,20,failure,failure,1816783.441,1519474.099
DPT::$ && CTR::FR,SEC::$ && DPT::MKG && CTR::FR,,,,,same,same,failure,20,20,failure,failure,1670404.406,1519730.188
DPT::$ && CTR::FR,SEC::HIG,,,,,different,TN_FP,failure,64,4,success,failure,3145466.143,300167.910
DPT::$ && CTR::FR,SEC::HIG && CTR::$,,,,,different,TN_FP,failure,64,16,success,failure,3099327.528,1191676.372
DPT::$ && CTR::FR,SEC::HIG && CTR::EN,,,,,different,TN_TN,failure,32,8,failure,failure,2715968.958,597898.894
DPT::$ && CTR::FR,SEC::HIG && CTR::FR,,,,,different,TN_FP,failure,32,8,success,failure,1530255.717,592969.347
DPT::$ && CTR::FR,SEC::HIG && DPT::$,,,,,different,TN_FP,failure,64,16,success,failure,2878264.820,1210742.925
DPT::$ && CTR::FR,SEC::HIG && DPT::$ && CTR::$,,,,,same,same,success,64,64,success,success,3061082.646,2515440.587
DPT::$ && CTR::FR,SEC::HIG && DPT::$ && CTR::EN,,,,,same,same,failure,32,32,failure,failure,2733952.251,2450269.312
DPT::$ && CTR::FR,SEC::HIG && DPT::$ && CTR::FR,,,,,same,same,success,32,32,success,success,1559976.095,1331947.114
DPT::$ && CTR::FR,SEC::HIG && DPT::DEV,,,,,different,TN_TN,failure,32,8,failure,failure,2684316.641,592325.534
DPT::$ && CTR::FR,SEC::HIG && DPT::DEV && CTR::$,,,,,same,same,failure,32,32,failure,failure,2695555.913,2455281.714
DPT::$ && CTR::FR,SEC::HIG && DPT::DEV && CTR::EN,,,,,same,same,failure,16,16,failure,failure,1346955.397,1194038.512
DPT::$ && CTR::FR,SEC::HIG && DPT::DEV && CTR::FR,,,,,same,same,failure,16,16,failure,failure,1334186.605,1223933.218
DPT::$ && CTR::FR,SEC::HIG && DPT::MKG,,,,,different,TN_TN,failure,32,8,failure,failure,2734605.025,594879.635
DPT::$ && CTR::FR,SEC::HIG && DPT::MKG && CTR::$,,,,,same,same,failure,32,32,failure,failure,2726773.204,2477251.845
DPT::$ && CTR::FR,SEC::HIG && DPT::MKG && CTR::EN,,,,,same,same,failure,16,16,failure,failure,1343734.059,1205557.825
DPT::$ && CTR::FR,SEC::HIG && DPT::MKG && CTR::FR,,,,,same,same,failure,16,16,failure,failure,1348858.621,1196250.472
DPT::$ && CTR::FR,SEC::LOW,,,,,different,TN_FP,failure,32,2,success,failure,1480191.048,171753.917
DPT::$ && CTR::FR,SEC::LOW && CTR::$,,,,,different,TN_FP,failure,32,8,success,failure,1487786.971,613469.716
DPT::$ && CTR::FR,SEC::LOW && CTR::EN,,,,,different,TN_TN,failure,16,4,failure,failure,1341170.586,306385.513
DPT::$ && CTR::FR,SEC::LOW && CTR::FR,,,,,different,TN_FP,failure,16,4,success,failure,808535.074,301951.200
DPT::$ && CTR::FR,SEC::LOW && DPT::$,,,,,different,TN_FP,failure,32,8,success,failure,1621840.387,595826.486
DPT::$ && CTR::FR,SEC::LOW && DPT::$ && CTR::$,,,,,same,same,success,32,32,success,success,1667432.752,1471582.831
DPT::$ && CTR::FR,SEC::LOW && DPT::$ && CTR::EN,,,,,same,same,failure,16,16,failure,failure,1490314.181,1217006.665
DPT::$ && CTR::FR,SEC::LOW && DPT::$ && CTR::FR,,,,,same,same,success,16,16,success,success,873650.951,701635.608
DPT::$ && CTR::FR,SEC::LOW && DPT::DEV,,,,,different,TN_TN,failure,16,4,failure,failure,1348761.238,331588.206
DPT::$ && CTR::FR,SEC::LOW && DPT::DEV && CTR::$,,,,,same,same,failure,16,16,failure,failure,1469067.964,1228655.210
DPT::$ && CTR::FR,SEC::LOW && DPT::DEV && CTR::EN,,,,,same,same,failure,8,8,failure,failure,673435.591,620572.318
DPT::$ && CTR::FR,SEC::LOW && DPT::DEV && CTR::FR,,,,,same,same,failure,8,8,failure,failure,710422.420,603486.595
DPT::$ && CTR::FR,SEC::LOW && DPT::MKG,,,,,different,TN_TN,failure,16,4,failure,failure,1499400.280,303357.092
DPT::$ && CTR::FR,SEC::LOW && DPT::MKG && CTR::$,,,,,same,same,failure,16,16,failure,failure,1531728.274,1211831.523
DPT::$ && CTR::FR,SEC::LOW && DPT::MKG && CTR::EN,,,,,same,same,failure,8,8,failure,failure,736272.287,611241.561
DPT::$ && CTR::FR,SEC::LOW && DPT::MKG && CTR::FR,,,,,same,same,failure,8,8,failure,failure,817995.666,598889.091
DPT::$ && CTR::FR,SEC::MED,,,,,different,TN_FP,failure,48,3,success,failure,2464964.527,221434.521
DPT::$ && CTR::FR,SEC::MED && CTR::$,,,,,different,TN_FP,failure,48,12,success,failure,2312271.357,891823.753
DPT::$ && CTR::FR,SEC::MED && CTR::EN,,,,,different,TN_TN,failure,24,6,failure,failure,2269931.108,443968.433
DPT::$ && CTR::FR,SEC::MED && CTR::FR,,,,,different,TN_FP,failure,24,6,success,failure,1358977.111,447427.236
DPT::$ && CTR::FR,SEC::MED && DPT::$,,,,,different,TN_FP,failure,48,12,success,failure,2703797.172,900011.051
DPT::$ && CTR::FR,SEC::MED && DPT::$ && CTR::$,,,,,same,same,success,48,48,success,success,2340205.865,1973845.531
DPT::$ && CTR::FR,SEC::MED && DPT::$ && CTR::EN,,,,,same,same,failure,24,24,failure,failure,2153583.995,1820880.992
DPT::$ && CTR::FR,SEC::MED && DPT::$ && CTR::FR,,,,,same,same,success,24,24,success,success,1154434.691,1011696.835
DPT::$ && CTR::FR,SEC::MED && DPT::DEV,,,,,different,TN_TN,failure,24,6,failure,failure,2191091.018,444100.497
DPT::$ && CTR::FR,SEC::MED && DPT::DEV && CTR::$,,,,,same,same,failure,24,24,failure,failure,2228211.733,1884379.474
DPT::$ && CTR::FR,SEC::MED && DPT::DEV && CTR::EN,,,,,same,same,failure,12,12,failure,failure,1118965.664,897204.311
DPT::$ && CTR::FR,SEC::MED && DPT::DEV && CTR::FR,,,,,same,same,failure,12,12,failure,failure,1105100.622,897570.377
DPT::$ && CTR::FR,SEC::MED && DPT::MKG,,,,,different,TN_TN,failure,24,6,failure,failure,2247850.475,449574.389
DPT::$ && CTR::FR,SEC::MED && DPT::MKG && CTR::$,,,,,same,same,failure,24,24,failure,failure,2180172.934,1854469.646
DPT::$ && CTR::FR,SEC::MED && DPT::MKG && CTR::EN,,,,,same,same,failure,12,12,failure,failure,1197786.287,906137.502
DPT::$ && CTR::FR,SEC::MED && DPT::MKG && CTR::FR,,,,,same,same,failure,12,12,failure,failure,1166170.043,905830.701
DPT::DEV,CTR::$,,,,,different,TN_FP,failure,80,4,success,failure,3093754.178,300408.626
DPT::DEV,CTR::EN,,,,,different,TN_FP,failure,40,2,success,failure,1635319.019,151118.210
DPT::DEV,CTR::FR,,,,,different,TN_FP,failure,40,2,success,failure,1656074.691,159594.905
DPT::DEV,DPT::$,,,,,different,TP_TP,success,80,4,success,success,3143982.445,288355.307
DPT::DEV,DPT::$ && CTR::$,,,,,different,TP_TP,success,80,16,success,success,3091482.758,724336.745
DPT::DEV,DPT::$ && CTR::EN,,,,,different,TP_TP,success,40,8,success,success,1667614.067,438941.941
DPT::DEV,DPT::$ && CTR::FR,,,,,different,TP_TP,success,40,8,success,success,1724571.569,425699.460
DPT::DEV,DPT::DEV,,,,,different,TP_TP,success,40,2,success,success,1648850.846,214238.027
DPT::DEV,DPT::DEV && CTR::$,,,,,different,TP_TP,success,40,8,success,success,1634275.322,444407.067
DPT::DEV,DPT::DEV && CTR::EN,,,,,different,TP_TP,success,20,4,success,success,864056.043,284645.298
DPT::DEV,DPT::DEV && CTR::FR,,,,,different,TP_TP,success,20,4,success,success,938911.894,302071.441
DPT::DEV,DPT::MKG,,,,,different,TN_TN,failure,40,2,failure,failure,3093742.517,149794.608
DPT::DEV,DPT::MKG && CTR::$,,,,,different,TN_TN,failure,40,8,failure,failure,3086495.508,604668.146
DPT::DEV,DPT::MKG && CTR::EN,,,,,different,TN_TN,failure,20,4,failure,failure,1543037.573,300859.858
DPT::DEV,DPT::MKG && CTR::FR,,,,,different,TN_TN,failure,20,4,failure,failure,1529755.289,300610.575
DPT::DEV,SEC::$,,,,,different,TN_FP,failure,80,5,success,failure,3465030.335,373320.486
DPT::DEV,SEC::$ && CTR::$,,,,,different,TN_FP,failure,80,20,success,failure,3361506.210,1503349.733
DPT::DEV,SEC::$ && CTR::EN,,,,,different,TN_FP,failure,40,10,success,failure,1705026.393,746787.581
DPT::DEV,SEC::$ && CTR::FR,,,,,different,TN_FP,failure,40,10,success,failure,1861729.544,742037.422
DPT::DEV,SEC::$ && DPT::$,,,,,different,TP_TP,success,80,20,success,success,3359234.919,888263.625
DPT::DEV,SEC::$ && DPT::$ && CTR::$,,,,,same,same,success,80,80,success,success,3225779.992,3079014.130
DPT::DEV,SEC::$ && DPT::$ && CTR::EN,,,,,same,same,success,40,40,success,success,1808757.457,1597664.574
DPT::DEV,SEC::$ && DPT::$ && CTR::FR,,,,,same,same,success,40,40,success,success,1795966.729,1668674.816
DPT::DEV,SEC::$ && DPT::DEV,,,,,different,TP_TP,success,40,10,success,success,1748109.806,522000.843
DPT::DEV,SEC::$ && DPT::DEV && CTR::$,,,,,same,same,success,40,40,success,success,1819969.357,1666454.391
DPT::DEV,SEC::$ && DPT::DEV && CTR::EN,,,,,same,same,success,20,20,success,success,940790.282,877295.367
DPT::DEV,SEC::$ && DPT::DEV && CTR::FR,,,,,same,same,success,20,20,success,success,969499.850,919164.563
DPT::DEV,SEC::$ && DPT::MKG,,,,,different,TN_TN,failure,40,10,failure,failure,3068908.925,745210.569
DPT::DEV,SEC::$ && DPT::MKG && CTR::$,,,,,same,same,failure,40,40,failure,failure,3165092.822,3108535.996
DPT::DEV,SEC::$ && DPT::MKG && CTR::EN,,,,,same,same,failure,20,20,failure,failure,1525210.418,1517116.907
DPT::DEV,SEC::$ && DPT::MKG && CTR::FR,,,,,same,same,failure,20,20,failure,failure,1540578.755,1506656.676
DPT::DEV,SEC::HIG,,,,,different,TN_FP,failure,64,4,success,failure,2805534.065,295286.699
DPT::DEV,SEC::HIG && CTR::$,,,,,different,TN_FP,failure,64,16,success,failure,2595154.421,1206474.174
DPT::DEV,SEC::HIG && CTR::EN,,,,,different,TN_FP,failure,32,8,success,failure,1395263.415,596908.591
DPT::DEV,SEC::HIG && CTR::FR,,,,,different,TN_FP,failure,32,8,success,failure,1481599.370,600810.540
DPT::DEV,SEC::HIG && DPT::$,,,,,different,TP_TP,success,64,16,success,success,2758282.102,761201.624
DPT::DEV,SEC::HIG && DPT::$ && CTR::$,,,,,same,same,success,64,64,success,success,2662609.684,2570571.579
DPT::DEV,SEC::HIG && DPT::$ && CTR::EN,,,,,same,same,success,32,32,success,success,1339749.816,1325940.347
DPT::DEV,SEC::HIG && DPT::$ && CTR::FR,,,,,same,same,success,32,32,success,success,1417734.120,1395951.201
DPT::DEV,SEC::HIG && DPT::DEV,,,,,different,TP_TP,success,32,8,success,success,1357536.234,454716.835
DPT::DEV,SEC::HIG && DPT::DEV && CTR::$,,,,,same,same,success,32,32,success,success,1326377.878,1306111.273
DPT::DEV,SEC::HIG && DPT::DEV && CTR::EN,,,,,same,same,success,16,16,success,success,754602.981,729164.796
DPT::DEV,SEC::HIG && DPT::DEV && CTR::FR,,,,,same,same,success,16,16,success,success,742593.054,755800.358
DPT::DEV,SEC::HIG && DPT::MKG,,,,,different,TN_TN,failure,32,8,failure,failure,2500503.544,589049.921
DPT::DEV,SEC::HIG && DPT::MKG && CTR::$,,,,,same,same,failure,32,32,failure,failure,2473468.999,2484533.909
DPT::DEV,SEC::HIG && DPT::MKG && CTR::EN,,,,,same,same,failure,16,16,failure,failure,1220038.462,1187746.881
DPT::DEV,SEC::HIG && DPT::MKG && CTR::FR,,,,,same,same,failure,16,16,failure,failure,1234535.800,1187022.066
DPT::DEV,SEC::LOW,,,,,different,TN_FP,failure,32,2,success,failure,1334293.330,148161.774
DPT::DEV,SEC::LOW && CTR::$,,,,,different,TN_FP,failure,32,8,success,failure,1619769.187,600697.288
DPT::DEV,SEC::LOW && CTR::EN,,,,,different,TN_FP,failure,16,4,success,failure,762199.981,296270.840
DPT::DEV,SEC::LOW && CTR::FR,,,,,different,TN_FP,failure,16,4,success,failure,757100.631,297649.867
DPT::DEV,SEC::LOW && DPT::$,,,,,different,TP_TP,success,32,8,success,success,1428582.358,452231.088
DPT::DEV,SEC::LOW && DPT::$ && CTR::$,,,,,same,same,success,32,32,success,success,1436361.610,1390475.835
DPT::DEV,SEC::LOW && DPT::$ && CTR::EN,,,,,same,same,success,16,16,success,success,727099.417,705220.593
DPT::DEV,SEC::LOW && DPT::$ && CTR::FR,,,,,same,same,success,16,16,success,success,728172.003,733619.251
DPT::DEV,SEC::LOW && DPT::DEV,,,,,different,TP_TP,success,16,4,success,success,757560.514,284636.852
DPT::DEV,SEC::LOW && DPT::DEV && CTR::$,,,,,same,same,success,16,16,success,success,733475.020,757981.363
DPT::DEV,SEC::LOW && DPT::DEV && CTR::EN,,,,,same,same,success,8,8,success,success,455132.254,424134.095
DPT::DEV,SEC::LOW && DPT::DEV && CTR::FR,,,,,same,same,success,8,8,success,success,450152.313,432816.506
DPT::DEV,SEC::LOW && DPT::MKG,,,,,different,TN_TN,failure,16,4,failure,failure,1267579.643,298961.562
DPT::DEV,SEC::LOW && DPT::MKG && CTR::$,,,,,same,same,failure,16,16,failure,failure,1230558.961,1201937.759
DPT::DEV,SEC::LOW && DPT::MKG && CTR::EN,,,,,same,same,failure,8,8,failure,failure,610729.961,599321.437
DPT::DEV,SEC::LOW && DPT::MKG && CTR::FR,,,,,same,same,failure,8,8,failure,failure,605130.173,597053.648
DPT::DEV,SEC::MED,,,,,different,TN_FP,failure,48,3,success,failure,2003477.387,224709.815
DPT::DEV,SEC::MED && CTR::$,,,,,different,TN_FP,failure,48,12,success,failure,2013854.712,892875.421
DPT::DEV,SEC::MED && CTR::EN,,,,,different,TN_FP,failure,24,6,success,failure,1043341.934,449544.282
DPT::DEV,SEC::MED && CTR::FR,,,,,different,TN_FP,failure,24,6,success,failure,1097775.422,449692.450
DPT::DEV,SEC::MED && DPT::$,,,,,different,TP_TP,success,48,12,success,success,1974221.175,614860.008
DPT::DEV,SEC::MED && DPT::$ && CTR::$,,,,,same,same,success,48,48,success,success,1960815.079,2120756.569
DPT::DEV,SEC::MED && DPT::$ && CTR::EN,,,,,same,same,success,24,24,success,success,1069286.795,1050197.197
DPT::DEV,SEC::MED && DPT::$ && CTR::FR,,,,,same,same,success,24,24,success,success,1148988.495,1057575.447
DPT::DEV,SEC::MED && DPT::DEV,,,,,different,TP_TP,success,24,6,success,success,1068707.738,357149.974
DPT::DEV,SEC::MED && DPT::DEV && CTR::$,,,,,same,same,success,24,24,success,success,1055966.870,1075268.434
DPT::DEV,SEC::MED && DPT::DEV && CTR::EN,,,,,same,same,success,12,12,success,success,573388.529,587928.172
DPT::DEV,SEC::MED && DPT::DEV && CTR::FR,,,,,same,same,success,12,12,success,success,591582.250,588646.062
DPT::DEV,SEC::MED && DPT::MKG,,,,,different,TN_TN,failure,24,6,failure,failure,1878600.103,448821.091
DPT::DEV,SEC::MED && DPT::MKG && CTR::$,,,,,same,same,failure,24,24,failure,failure,1885996.643,1804539.174
DPT::DEV,SEC::MED && DPT::MKG && CTR::EN,,,,,same,same,failure,12,12,failure,failure,925352.600,890926.285
DPT::DEV,SEC::MED && DPT::MKG && CTR::FR,,,,,same,same,failure,12,12,failure,failure,919019.917,886214.246
DPT::DEV && CTR::$,CTR::$,,,,,different,TN_FP,failure,80,4,success,failure,3185753.797,296444.871
DPT::DEV && CTR::$,CTR::EN,,,,,different,TN_TN,failure,40,2,failure,failure,3076362.661,149430.885
DPT::DEV && CTR::$,CTR::FR,,,,,different,TN_TN,failure,40,2,failure,failure,3065692.071,154522.506
DPT::DEV && CTR::$,DPT::$,,,,,different,TN_FP,failure,80,4,success,failure,3205730.674,296127.731
DPT::DEV && CTR::$,DPT::$ && CTR::$,,,,,different,TP_TP,success,80,16,success,success,3246847.694,721652.154
DPT::DEV && CTR::$,DPT::$ && CTR::EN,,,,,different,TN_TN,failure,40,8,failure,failure,3089095.070,592050.554
DPT::DEV && CTR::$,DPT::$ && CTR::FR,,,,,different,TN_TN,failure,40,8,failure,failure,3150886.805,592352.880
DPT::DEV && CTR::$,DPT::DEV,,,,,different,TN_FP,failure,40,2,success,failure,1605484.607,148872.673
DPT::DEV && CTR::$,DPT::DEV && CTR::$,,,,,different,TP_TP,success,40,8,success,success,1706912.676,443595.159
DPT::DEV && CTR::$,DPT::DEV && CTR::EN,,,,,different,TN_TN,failure,20,4,failure,failure,1541345.097,296292.160
DPT::DEV && CTR::$,DPT::DEV && CTR::FR,,,,,different,TN_TN,failure,20,4,failure,failure,1538808.590,305319.182
DPT::DEV && CTR::$,DPT::MKG,,,,,different,TN_TN,failure,40,2,failure,failure,3088356.068,148119.745
DPT::DEV && CTR::$,DPT::MKG && CTR::$,,,,,different,TN_TN,failure,40,8,failure,failure,3090735.777,592487.363
DPT::DEV && CTR::$,DPT::MKG && CTR::EN,,,,,different,TN_TN,failure,20,4,failure,failure,1525780.082,295874.541
DPT::DEV && CTR::$,DPT::MKG && CTR::FR,,,,,different,TN_TN,failure,20,4,failure,failure,1534952.357,296165.207
DPT::DEV && CTR::$,SEC::$,,,,,different,TN_FP,failure,80,5,success,failure,3115919.455,375491.203
DPT::DEV && CTR::$,SEC::$ && CTR::$,,,,,different,TN_FP,failure,80,20,success,failure,3248992.672,1523109.231
DPT::DEV && CTR::$,SEC::$ && CTR::EN,,,,,different,TN_TN,failure,40,10,failure,failure,3153026.248,755670.143
DPT::DEV && CTR::$,SEC::$ && CTR::FR,,,,,different,TN_TN,failure,40,10,failure,failure,3132653.174,747860.003
DPT::DEV && CTR::$,SEC::$ && DPT::$,,,,,different,TN_FP,failure,80,20,success,failure,3161299.833,1532619.390
DPT::DEV && CTR::$,SEC::$ && DPT::$ && CTR::$,,,,,same,same,success,80,80,success,success,3591807.081,3361620.895
DPT::DEV && CTR::$,SEC::$ && DPT::$ && CTR::EN,,,,,same,same,failure,40,40,failure,failure,3068131.848,3149149.552
DPT::DEV && CTR::$,SEC::$ && DPT::$ && CTR::FR,,,,,same,same,failure,40,40,failure,failure,3085359.893,3163352.112
DPT::DEV && CTR::$,SEC::$ && DPT::DEV,,,,,different,TN_FP,failure,40,10,success,failure,1672703.609,760497.182
DPT::DEV && CTR::$,SEC::$ && DPT::DEV && CTR::$,,,,,same,same,success,40,40,success,success,1746860.218,1600344.400
DPT::DEV && CTR::$,SEC::$ && DPT::DEV && CTR::EN,,,,,same,same,failure,20,20,failure,failure,1558421.343,1539130.514
DPT::DEV && CTR::$,SEC::$ && DPT::DEV && CTR::FR,,,,,same,same,failure,20,20,failure,failure,1567220.097,1533033.833
DPT::DEV && CTR::$,SEC::$ && DPT::MKG,,,,,different,TN_TN,failure,40,10,failure,failure,3747422.717,740176.696
DPT::DEV && CTR::$,SEC::$ && DPT::MKG && CTR::$,,,,,same,same,failure,40,40,failure,failure,3181555.627,3048274.560
DPT::DEV && CTR::$,SEC::$ && DPT::MKG && CTR::EN,,,,,same,same,failure,20,20,failure,failure,1613595.912,1498384.710
DPT::DEV && CTR::$,SEC::$ && DPT::MKG && CTR::FR,,,,,same,same,failure,20,20,failure,failure,1545711.377,1500017.141
DPT::DEV && CTR::$,SEC::HIG,,,,,different,TN_FP,failure,64,4,success,failure,2577540.737,296296.203
DPT::DEV && CTR::$,SEC::HIG && CTR::$,,,,,different,TN_FP,failure,64,16,success,failure,2675548.589,1198071.838
DPT::DEV && CTR::$,SEC::HIG && CTR::EN,,,,,different,TN_TN,failure,32,8,failure,failure,2477746.533,592010.990
DPT::DEV && CTR::$,SEC::HIG && CTR::FR,,,,,different,TN_TN,failure,32,8,failure,failure,2527750.462,592434.960
DPT::DEV && CTR::$,SEC::HIG && DPT::$,,,,,different,TN_FP,failure,64,16,success,failure,2618426.032,1196904.378
DPT::DEV && CTR::$,SEC::HIG && DPT::$ && CTR::$,,,,,same,same,success,64,64,success,success,2536488.698,2512146.257
DPT::DEV && CTR::$,SEC::HIG && DPT::$ && CTR::EN,,,,,same,same,failure,32,32,failure,failure,2503552.964,2407731.096
DPT::DEV && CTR::$,SEC::HIG && DPT::$ && CTR::FR,,,,,same,same,failure,32,32,failure,failure,2481902.303,2423919.792
DPT::DEV && CTR::$,SEC::HIG && DPT::DEV,,,,,different,TN_FP,failure,32,8,success,failure,1383184.448,594190.553
DPT::DEV && CTR::$,SEC::HIG && DPT::DEV && CTR::$,,,,,same,same,success,32,32,success,success,1449161.219,1377985.380
DPT::DEV && CTR::$,SEC::HIG && DPT::DEV && CTR::EN,,,,,same,same,failure,16,16,failure,failure,1296510.464,1200162.840
DPT::DEV && CTR::$,SEC::HIG && DPT::DEV && CTR::FR,,,,,same,same,failure,16,16,failure,failure,1225732.433,1208728.442
DPT::DEV && CTR::$,SEC::HIG && DPT::MKG,,,,,different,TN_TN,failure,32,8,failure,failure,2526906.319,595841.204
DPT::DEV && CTR::$,SEC::HIG && DPT::MKG && CTR::$,,,,,same,same,failure,32,32,failure,failure,2545149.459,2422093.135
DPT::DEV && CTR::$,SEC::HIG && DPT::MKG && CTR::EN,,,,,same,same,failure,16,16,failure,failure,1217329.275,1205842.619
DPT::DEV && CTR::$,SEC::HIG && DPT::MKG && CTR::FR,,,,,same,same,failure,16,16,failure,failure,1294985.534,1194781.285
DPT::DEV && CTR::$,SEC::LOW,,,,,different,TN_FP,failure,32,2,success,failure,1416112.994,148283.778
DPT::DEV && CTR::$,SEC::LOW && CTR::$,,,,,different,TN_FP,failure,32,8,success,failure,1475531.884,594148.750
DPT::DEV && CTR::$,SEC::LOW && CTR::EN,,,,,different,TN_TN,failure,16,4,failure,failure,1225791.954,296357.868
DPT::DEV && CTR::$,SEC::LOW && CTR::FR,,,,,different,TN_TN,failure,16,4,failure,failure,1258116.116,297053.153
DPT::DEV && CTR::$,SEC::LOW && DPT::$,,,,,different,TN_FP,failure,32,8,success,failure,1318495.413,595046.849
DPT::DEV && CTR::$,SEC::LOW && DPT::$ && CTR::$,,,,,same,same,success,32,32,success,success,1412044.127,1288333.647
DPT::DEV && CTR::$,SEC::LOW && DPT::$ && CTR::EN,,,,,same,same,failure,16,16,failure,failure,1225915.927,1211361.982
DPT::DEV && CTR::$,SEC::LOW && DPT::$ && CTR::FR,,,,,same,same,failure,16,16,failure,failure,1226393.783,1212610.048
DPT::DEV && CTR::$,SEC::LOW && DPT::DEV,,,,,different,TN_FP,failure,16,4,success,failure,801480.572,298944.295
DPT::DEV && CTR::$,SEC::LOW && DPT::DEV && CTR::$,,,,,same,same,success,16,16,success,success,789600.323,736736.098
DPT::DEV && CTR::$,SEC::LOW && DPT::DEV && CTR::EN,,,,,same,same,failure,8,8,failure,failure,608614.734,595943.526
DPT::DEV && CTR::$,SEC::LOW && DPT::DEV && CTR::FR,,,,,same,same,failure,8,8,failure,failure,607994.350,593154.845
DPT::DEV && CTR::$,SEC::LOW && DPT::MKG,,,,,different,TN_TN,failure,16,4,failure,failure,1231295.112,295313.489
DPT::DEV && CTR::$,SEC::LOW && DPT::MKG && CTR::$,,,,,same,same,failure,16,16,failure,failure,1236640.989,1192010.394
DPT::DEV && CTR::$,SEC::LOW && DPT::MKG && CTR::EN,,,,,same,same,failure,8,8,failure,failure,615981.037,593803.818
DPT::DEV && CTR::$,SEC::LOW && DPT::MKG && CTR::FR,,,,,same,same,failure,8,8,failure,failure,609210.627,593604.985
DPT::DEV && CTR::$,SEC::MED,,,,,different,TN_FP,failure,48,3,success,failure,1948631.174,223793.551
DPT::DEV && CTR::$,SEC::MED && CTR::$,,,,,different,TN_FP,failure,48,12,success,failure,2001562.415,899456.605
DPT::DEV && CTR::$,SEC::MED && CTR::EN,,,,,different,TN_TN,failure,24,6,failure,failure,1855410.742,448753.159
DPT::DEV && CTR::$,SEC::MED && CTR::FR,,,,,different,TN_TN,failure,24,6,failure,failure,1905265.938,448710.930
DPT::DEV && CTR::$,SEC::MED && DPT::$,,,,,different,TN_FP,failure,48,12,success,failure,2037342.034,893949.190
DPT::DEV && CTR::$,SEC::MED && DPT::$ && CTR::$,,,,,same,same,success,48,48,success,success,1994912.873,1900656.195
DPT::DEV && CTR::$,SEC::MED && DPT::$ && CTR::EN,,,,,same,same,failure,24,24,failure,failure,1844364.080,1801063.324
DPT::DEV && CTR::$,SEC::MED && DPT::$ && CTR::FR,,,,,same,same,failure,24,24,failure,failure,1850570.698,1797728.058
DPT::DEV && CTR::$,SEC::MED && DPT::DEV,,,,,different,TN_FP,failure,24,6,success,failure,1068478.849,447213.450
DPT::DEV && CTR::$,SEC::MED && DPT::DEV && CTR::$,,,,,same,same,success,24,24,success,success,1050113.360,1048439.005
DPT::DEV && CTR::$,SEC::MED && DPT::DEV && CTR::EN,,,,,same,same,failure,12,12,failure,failure,912355.586,899986.084
DPT::DEV && CTR::$,SEC::MED && DPT::DEV && CTR::FR,,,,,same,same,failure,12,12,failure,failure,912513.557,898480.275
DPT::DEV && CTR::$,SEC::MED && DPT::MKG,,,,,different,TN_TN,failure,24,6,failure,failure,1929818.948,450724.101
DPT::DEV && CTR::$,SEC::MED && DPT::MKG && CTR::$,,,,,same,same,failure,24,24,failure,failure,1910267.248,1818467.540
DPT::DEV && CTR::$,SEC::MED && DPT::MKG && CTR::EN,,,,,same,same,failure,12,12,failure,failure,922513.544,905471.628
DPT::DEV && CTR::$,SEC::MED && DPT::MKG && CTR::FR,,,,,same,same,failure,12,12,failure,failure,917033.721,896223.556
DPT::DEV && CTR::EN,CTR::$,,,,,different,TN_FP,failure,80,4,success,failure,3079171.731,298664.505
DPT::DEV && CTR::EN,CTR::EN,,,,,different,TN_FP,failure,40,2,success,failure,1691673.717,150495.667
DPT::DEV && CTR::EN,CTR::FR,,,,,different,TN_TN,failure,40,2,failure,failure,3105755.626,154252.660
DPT::DEV && CTR::EN,DPT::$,,,,,different,TN_FP,failure,80,4,success,failure,3126546.028,312567.623
DPT::DEV && CTR::EN,DPT::$ && CTR::$,,,,,different,TP_TP,success,80,16,success,success,3384282.863,721508.129
DPT::DEV && CTR::EN,DPT::$ && CTR::EN,,,,,different,TP_TP,success,40,8,success,success,1824474.297,421613.546
DPT::DEV && CTR::EN,DPT::$ && CTR::FR,,,,,different,TN_TN,failure,40,8,failure,failure,3120921.277,599898.785
DPT::DEV && CTR::EN,DPT::DEV,,,,,different,TN_FP,failure,40,2,success,failure,1666448.235,149412.210
DPT::DEV && CTR::EN,DPT::DEV && CTR::$,,,,,different,TP_TP,success,40,8,success,success,1750509.928,430241.144
DPT::DEV && CTR::EN,DPT::DEV && CTR::EN,,,,,different,TP_TP,success,20,4,success,success,873292.824,283799.111
DPT::DEV && CTR::EN,DPT::DEV && CTR::FR,,,,,different,TN_TN,failure,20,4,failure,failure,1534242.104,309375.762
DPT::DEV && CTR::EN,DPT::MKG,,,,,different,TN_TN,failure,40,2,failure,failure,3100345.016,148874.116
DPT::DEV && CTR::EN,DPT::MKG && CTR::$,,,,,different,TN_TN,failure,40,8,failure,failure,3093182.952,621765.126
DPT::DEV && CTR::EN,DPT::MKG && CTR::EN,,,,,different,TN_TN,failure,20,4,failure,failure,1541176.657,299993.112
DPT::DEV && CTR::EN,DPT::MKG && CTR::FR,,,,,different,TN_TN,failure,20,4,failure,failure,1543879.090,299081.322
DPT::DEV && CTR::EN,SEC::$,,,,,different,TN_FP,failure,80,5,success,failure,3254856.632,393467.938
DPT::DEV && CTR::EN,SEC::$ && CTR::$,,,,,different,TN_FP,failure,80,20,success,failure,3150741.868,1507815.810
DPT::DEV && CTR::EN,SEC::$ && CTR::EN,,,,,different,TN_FP,failure,40,10,success,failure,1661297.153,839870.442
DPT::DEV && CTR::EN,SEC::$ && CTR::FR,,,,,different,TN_TN,failure,40,10,failure,failure,3080229.791,747535.324
DPT::DEV && CTR::EN,SEC::$ && DPT::$,,,,,different,TN_FP,failure,80,20,success,failure,3654137.142,1509764.731
DPT::DEV && CTR::EN,SEC::$ && DPT::$ && CTR::$,,,,,same,same,success,80,80,success,success,3234853.210,3681499.456
DPT::DEV && CTR::EN,SEC::$ && DPT::$ && CTR::EN,,,,,same,same,success,40,40,success,success,1921449.704,1643222.063
DPT::DEV && CTR::EN,SEC::$ && DPT::$ && CTR::FR,,,,,same,same,failure,40,40,failure,failure,3300069.715,3070015.461
DPT::DEV && CTR::EN,SEC::$ && DPT::DEV,,,,,different,TN_FP,failure,40,10,success,failure,1632206.711,741157.441
DPT::DEV && CTR::EN,SEC::$ && DPT::DEV && CTR::$,,,,,same,same,success,40,40,success,success,1701544.432,1662864.958
DPT::DEV && CTR::EN,SEC::$ && DPT::DEV && CTR::EN,,,,,same,same,success,20,20,success,success,892812.463,887126.718
DPT::DEV && CTR::EN,SEC::$ && DPT::DEV && CTR::FR,,,,,same,same,failure,20,20,failure,failure,1614501.231,1519460.819
DPT::DEV && CTR::EN,SEC::$ && DPT::MKG,,,,,different,TN_TN,failure,40,10,failure,failure,3134041.803,805337.868
DPT::DEV && CTR::EN,SEC::$ && DPT::MKG && CTR::$,,,,,same,same,failure,40,40,failure,failure,3235234.841,3061905.103
DPT::DEV && CTR::EN,SEC::$ && DPT::MKG && CTR::EN,,,,,same,same,failure,20,20,failure,failure,1651023.823,1541164.644
DPT::DEV && CTR::EN,SEC::$ && DPT::MKG && CTR::FR,,,,,same,same,failure,20,20,failure,failure,1584628.833,1526607.429
DPT::DEV && CTR::EN,SEC::HIG,,,,,different,TN_FP,failure,64,4,success,failure,2596382.609,299090.219
DPT::DEV && CTR::EN,SEC::HIG && CTR::$,,,,,different,TN_FP,failure,64,16,success,failure,2527945.769,1215660.586
DPT::DEV && CTR::EN,SEC::HIG && CTR::EN,,,,,different,TN_FP,failure,32,8,success,failure,1343732.150,598206.291
DPT::DEV && CTR::EN,SEC::HIG && CTR::FR,,,,,different,TN_TN,failure,32,8,failure,failure,2508861.131,600567.249
DPT::DEV && CTR::EN,SEC::HIG && DPT::$,,,,,different,TN_FP,failure,64,16,success,failure,2535103.294,1205554.644
DPT::DEV && CTR::EN,SEC::HIG && DPT::$ && CTR::$,,,,,same,same,success,64,64,success,success,2601500.780,2484589.584
DPT::DEV && CTR::EN,SEC::HIG && DPT::$ && CTR::EN,,,,,same,same,success,32,32,success,success,1382263.150,1294042.680
DPT::DEV && CTR::EN,SEC::HIG && DPT::$ && CTR::FR,,,,,same,same,failure,32,32,failure,failure,2595612.239,2424415.086
DPT::DEV && CTR::EN,SEC::HIG && DPT::DEV,,,,,different,TN_FP,failure,32,8,success,failure,1361381.997,593994.250
DPT::DEV && CTR::EN,SEC::HIG && DPT::DEV && CTR::$,,,,,same,same,success,32,32,success,success,1394470.498,1279565.099
DPT::DEV && CTR::EN,SEC::HIG && DPT::DEV && CTR::EN,,,,,same,same,success,16,16,success,success,746418.590,724802.824
DPT::DEV && CTR::EN,SEC::HIG && DPT::DEV && CTR::FR,,,,,same,same,failure,16,16,failure,failure,1239050.819,1188303.054
DPT::DEV && CTR::EN,SEC::HIG && DPT::MKG,,,,,different,TN_TN,failure,32,8,failure,failure,2496813.482,591667.184
DPT::DEV && CTR::EN,SEC::HIG && DPT::MKG && CTR::$,,,,,same,same,failure,32,32,failure,failure,2500028.027,2455898.867
DPT::DEV && CTR::EN,SEC::HIG && DPT::MKG && CTR::EN,,,,,same,same,failure,16,16,failure,failure,1252816.290,1230298.768
DPT::DEV && CTR::EN,SEC::HIG && DPT::MKG && CTR::FR,,,,,same,same,failure,16,16,failure,failure,1299904.841,1259729.212
DPT::DEV && CTR::EN,SEC::LOW,,,,,different,TN_FP,failure,32,2,success,failure,1443189.978,150435.109
DPT::DEV && CTR::EN,SEC::LOW && CTR::$,,,,,different,TN_FP,failure,32,8,success,failure,1376494.590,600058.284
DPT::DEV && CTR::EN,SEC::LOW && CTR::EN,,,,,different,TN_FP,failure,16,4,success,failure,718681.591,301054.333
DPT::DEV && CTR::EN,SEC::LOW && CTR::FR,,,,,different,TN_TN,failure,16,4,failure,failure,1215088.442,301121.018
DPT::DEV && CTR::EN,SEC::LOW && DPT::$,,,,,different,TN_FP,failure,32,8,success,failure,1349556.085,591649.276
DPT::DEV && CTR::EN,SEC::LOW && DPT::$ && CTR::$,,,,,same,same,success,32,32,success,success,1322108.214,1356329.800
DPT::DEV && CTR::EN,SEC::LOW && DPT::$ && CTR::EN,,,,,same,same,success,16,16,success,success,736915.574,735896.723
DPT::DEV && CTR::EN,SEC::LOW && DPT::$ && CTR::FR,,,,,same,same,failure,16,16,failure,failure,1247947.032,1208820.896
DPT::DEV && CTR::EN,SEC::LOW && DPT::DEV,,,,,different,TN_FP,failure,16,4,success,failure,730120.203,295546.812
DPT::DEV && CTR::EN,SEC::LOW && DPT::DEV && CTR::$,,,,,same,same,success,16,16,success,success,837594.789,724359.026
DPT::DEV && CTR::EN,SEC::LOW && DPT::DEV && CTR::EN,,,,,same,same,success,8,8,success,success,444155.099,426763.512
DPT::DEV && CTR::EN,SEC::LOW && DPT::DEV && CTR::FR,,,,,same,same,failure,8,8,failure,failure,606342.602,596568.333
DPT::DEV && CTR::EN,SEC::LOW && DPT::MKG,,,,,different,TN_TN,failure,16,4,failure,failure,1228060.073,300831.574
DPT::DEV && CTR::EN,SEC::LOW && DPT::MKG && CTR::$,,,,,same,same,failure,16,16,failure,failure,1238882.418,1198722.098
DPT::DEV && CTR::EN,SEC::LOW && DPT::MKG && CTR::EN,,,,,same,same,failure,8,8,failure,failure,605015.212,600822.663
DPT::DEV && CTR::EN,SEC::LOW && DPT::MKG && CTR::FR,,,,,same,same,failure,8,8,failure,failure,604817.997,593117.630
DPT::DEV && CTR::EN,SEC::MED,,,,,different,TN_FP,failure,48,3,success,failure,1905281.512,224660.256
DPT::DEV && CTR::EN,SEC::MED && CTR::$,,,,,different,TN_FP,failure,48,12,success,failure,2198812.678,890018.782
DPT::DEV && CTR::EN,SEC::MED && CTR::EN,,,,,different,TN_FP,failure,24,6,success,failure,1129060.099,448535.791
DPT::DEV && CTR::EN,SEC::MED && CTR::FR,,,,,different,TN_TN,failure,24,6,failure,failure,1910848.914,445293.514
DPT::DEV && CTR::EN,SEC::MED && DPT::$,,,,,different,TN_FP,failure,48,12,success,failure,2262458.336,888313.363
DPT::DEV && CTR::EN,SEC::MED && DPT::$ && CTR::$,,,,,same,same,success,48,48,success,success,2162926.895,2101599.780
DPT::DEV && CTR::EN,SEC::MED && DPT::$ && CTR::EN,,,,,same,same,success,24,24,success,success,1064374.184,1006608.471
DPT::DEV && CTR::EN,SEC::MED && DPT::$ && CTR::FR,,,,,same,same,failure,24,24,failure,failure,1951152.709,1806427.846
DPT::DEV && CTR::EN,SEC::MED && DPT::DEV,,,,,different,TN_FP,failure,24,6,success,failure,1052165.359,443547.955
DPT::DEV && CTR::EN,SEC::MED && DPT::DEV && CTR::$,,,,,same,same,success,24,24,success,success,1146429.249,1072872.170
DPT::DEV && CTR::EN,SEC::MED && DPT::DEV && CTR::EN,,,,,same,same,success,12,12,success,success,629679.792,561728.537
DPT::DEV && CTR::EN,SEC::MED && DPT::DEV && CTR::FR,,,,,same,same,failure,12,12,failure,failure,970075.269,891639.192
DPT::DEV && CTR::EN,SEC::MED && DPT::MKG,,,,,different,TN_TN,failure,24,6,failure,failure,1862116.790,443946.137
DPT::DEV && CTR::EN,SEC::MED && DPT::MKG && CTR::$,,,,,same,same,failure,24,24,failure,failure,1865662.221,1810789.463
DPT::DEV && CTR::EN,SEC::MED && DPT::MKG && CTR::EN,,,,,same,same,failure,12,12,failure,failure,917729.611,889701.653
DPT::DEV && CTR::EN,SEC::MED && DPT::MKG && CTR::FR,,,,,same,same,failure,12,12,failure,failure,920145.768,891167.593
DPT::DEV && CTR::FR,CTR::$,,,,,different,TN_FP,failure,80,4,success,failure,3092887.078,297684.722
DPT::DEV && CTR::FR,CTR::EN,,,,,different,TN_TN,failure,40,2,failure,failure,3094851.862,148594.987
DPT::DEV && CTR::FR,CTR::FR,,,,,different,TN_FP,failure,40,2,success,failure,1678278.039,159688.871
DPT::DEV && CTR::FR,DPT::$,,,,,different,TN_FP,failure,80,4,success,failure,3210329.570,297964.191
DPT::DEV && CTR::FR,DPT::$ && CTR::$,,,,,different,TP_TP,success,80,16,success,success,3204495.987,713624.301
DPT::DEV && CTR::FR,DPT::$ && CTR::EN,,,,,different,TN_TN,failure,40,8,failure,failure,3102784.578,598372.873
DPT::DEV && CTR::FR,DPT::$ && CTR::FR,,,,,different,TP_TP,success,40,8,success,success,1685774.626,428122.601
DPT::DEV && CTR::FR,DPT::DEV,,,,,different,TN_FP,failure,40,2,success,failure,1684286.475,149569.710
DPT::DEV && CTR::FR,DPT::DEV && CTR::$,,,,,different,TP_TP,success,40,8,success,success,1759740.758,427865.483
DPT::DEV && CTR::FR,DPT::DEV && CTR::EN,,,,,different,TN_TN,failure,20,4,failure,failure,1534176.216,298392.084
DPT::DEV && CTR::FR,DPT::DEV && CTR::FR,,,,,different,TP_TP,success,20,4,success,success,882053.497,290649.817
DPT::DEV && CTR::FR,DPT::MKG,,,,,different,TN_TN,failure,40,2,failure,failure,3109048.993,149987.309
DPT::DEV && CTR::FR,DPT::MKG && CTR::$,,,,,different,TN_TN,failure,40,8,failure,failure,3089976.423,597690.949
DPT::DEV && CTR::FR,DPT::MKG && CTR::EN,,,,,different,TN_TN,failure,20,4,failure,failure,1550554.838,296849.841
DPT::DEV && CTR::FR,DPT::MKG && CTR::FR,,,,,different,TN_TN,failure,20,4,failure,failure,1545477.058,297215.116
DPT::DEV && CTR::FR,SEC::$,,,,,different,TN_FP,failure,80,5,success,failure,3360557.204,378092.356
DPT::DEV && CTR::FR,SEC::$ && CTR::$,,,,,different,TN_FP,failure,80,20,success,failure,3082854.720,1514728.391
DPT::DEV && CTR::FR,SEC::$ && CTR::EN,,,,,different,TN_TN,failure,40,10,failure,failure,3112028.131,785215.562
DPT::DEV && CTR::FR,SEC::$ && CTR::FR,,,,,different,TN_FP,failure,40,10,success,failure,1625705.536,742943.882
DPT::DEV && CTR::FR,SEC::$ && DPT::$,,,,,different,TN_FP,failure,80,20,success,failure,3484262.555,1509828.566
DPT::DEV && CTR::FR,SEC::$ && DPT::$ && CTR::$,,,,,same,same,success,80,80,success,success,3209563.513,3273137.457
DPT::DEV && CTR::FR,SEC::$ && DPT::$ && CTR::EN,,,,,same,same,failure,40,40,failure,failure,3322654.604,3054346.094
DPT::DEV && CTR::FR,SEC::$ && DPT::$ && CTR::FR,,,,,same,same,success,40,40,success,success,1747591.795,1628895.977
DPT::DEV && CTR::FR,SEC::$ && DPT::DEV,,,,,different,TN_FP,failure,40,10,success,failure,1720387.667,743694.916
DPT::DEV && CTR::FR,SEC::$ && DPT::DEV && CTR::$,,,,,same,same,success,40,40,success,success,1692590.331,1631429.639
DPT::DEV && CTR::FR,SEC::$ && DPT::DEV && CTR::EN,,,,,same,same,failure,20,20,failure,failure,1567293.049,1512630.241
DPT::DEV && CTR::FR,SEC::$ && DPT::DEV && CTR::FR,,,,,same,same,success,20,20,success,success,994520.712,883298.442
DPT::DEV && CTR::FR,SEC::$ && DPT::MKG,,,,,different,TN_TN,failure,40,10,failure,failure,3204492.461,781295.089
DPT::DEV && CTR::FR,SEC::$ && DPT::MKG && CTR::$,,,,,same,same,failure,40,40,failure,failure,3303013.416,3053555.150
DPT::DEV && CTR::FR,SEC::$ && DPT::MKG && CTR::EN,,,,,same,same,failure,20,20,failure,failure,1608664.728,1545358.992
DPT::DEV && CTR::FR,SEC::$ && DPT::MKG && CTR::FR,,,,,same,same,failure,20,20,failure,failure,1590294.430,1529453.076
DPT::DEV && CTR::FR,SEC::HIG,,,,,different,TN_FP,failure,64,4,success,failure,2580790.998,296133.518
DPT::DEV && CTR::FR,SEC::HIG && CTR::$,,,,,different,TN_FP,failure,64,16,success,failure,2841696.928,1202778.627
DPT::DEV && CTR::FR,SEC::HIG && CTR::EN,,,,,different,TN_TN,failure,32,8,failure,failure,2491033.044,596049.249
DPT::DEV && CTR::FR,SEC::HIG && CTR::FR,,,,,different,TN_FP,failure,32,8,success,failure,1374531.933,600660.529
DPT::DEV && CTR::FR,SEC::HIG && DPT::$,,,,,different,TN_FP,failure,64,16,success,failure,2522017.293,1207673.318
DPT::DEV && CTR::FR,SEC::HIG && DPT::$ && CTR::$,,,,,same,same,success,64,64,success,success,2598342.395,2510589.428
DPT::DEV && CTR::FR,SEC::HIG && DPT::$ && CTR::EN,,,,,same,same,failure,32,32,failure,failure,2603158.129,2427039.013
DPT::DEV && CTR::FR,SEC::HIG && DPT::$ && CTR::FR,,,,,same,same,success,32,32,success,success,1550170.812,1320904.932
DPT::DEV && CTR::FR,SEC::HIG && DPT::DEV,,,,,different,TN_FP,failure,32,8,success,failure,1330515.293,594464.025
DPT::DEV && CTR::FR,SEC::HIG && DPT::DEV && CTR::$,,,,,same,same,success,32,32,success,success,1396124.405,1368086.133
DPT::DEV && CTR::FR,SEC::HIG && DPT::DEV && CTR::EN,,,,,same,same,failure,16,16,failure,failure,1229268.826,1197165.984
DPT::DEV && CTR::FR,SEC::HIG && DPT::DEV && CTR::FR,,,,,same,same,success,16,16,success,success,798550.486,715986.752
DPT::DEV && CTR::FR,SEC::HIG && DPT::MKG,,,,,different,TN_TN,failure,32,8,failure,failure,2497361.931,590333.804
DPT::DEV && CTR::FR,SEC::HIG && DPT::MKG && CTR::$,,,,,same,same,failure,32,32,failure,failure,2496383.100,2441504.271
DPT::DEV && CTR::FR,SEC::HIG && DPT::MKG && CTR::EN,,,,,same,same,failure,16,16,failure,failure,1256890.296,1213513.297
DPT::DEV && CTR::FR,SEC::HIG && DPT::MKG && CTR::FR,,,,,same,same,failure,16,16,failure,failure,1306035.786,1238634.448
DPT::DEV && CTR::FR,SEC::LOW,,,,,different,TN_FP,failure,32,2,success,failure,1386483.687,148489.359
DPT::DEV && CTR::FR,SEC::LOW && CTR::$,,,,,different,TN_FP,failure,32,8,success,failure,1378880.390,593846.297
DPT::DEV && CTR::FR,SEC::LOW && CTR::EN,,,,,different,TN_TN,failure,16,4,failure,failure,1228558.268,297509.488
DPT::DEV && CTR::FR,SEC::LOW && CTR::FR,,,,,different,TN_FP,failure,16,4,success,failure,732078.657,297698.302
DPT::DEV && CTR::FR,SEC::LOW && DPT::$,,,,,different,TN_FP,failure,32,8,success,failure,1484971.971,591480.564
DPT::DEV && CTR::FR,SEC::LOW && DPT::$ && CTR::$,,,,,same,same,success,32,32,success,success,1413204.488,1302223.190
DPT::DEV && CTR::FR,SEC::LOW && DPT::$ && CTR::EN,,,,,same,same,failure,16,16,failure,failure,1247321.473,1188237.231
DPT::DEV && CTR::FR,SEC::LOW && DPT::$ && CTR::FR,,,,,same,same,success,16,16,success,success,742758.439,806458.890
DPT::DEV && CTR::FR,SEC::LOW && DPT::DEV,,,,,different,TN_FP,failure,16,4,success,failure,750632.689,295820.254
DPT::DEV && CTR::FR,SEC::LOW && DPT::DEV && CTR::$,,,,,same,same,success,16,16,success,success,798372.968,735043.037
DPT::DEV && CTR::FR,SEC::LOW && DPT::DEV && CTR::EN,,,,,same,same,failure,8,8,failure,failure,607880.627,590706.929
DPT::DEV && CTR::FR,SEC::LOW && DPT::DEV && CTR::FR,,,,,same,same,success,8,8,success,success,447744.106,430821.023
DPT::DEV && CTR::FR,SEC::LOW && DPT::MKG,,,,,different,TN_TN,failure,16,4,failure,failure,1235897.970,296262.474
DPT::DEV && CTR::FR,SEC::LOW && DPT::MKG && CTR::$,,,,,same,same,failure,16,16,failure,failure,1244119.547,1205629.575
DPT::DEV && CTR::FR,SEC::LOW && DPT::MKG && CTR::EN,,,,,same,same,failure,8,8,failure,failure,607384.536,592299.370
DPT::DEV && CTR::FR,SEC::LOW && DPT::MKG && CTR::FR,,,,,same,same,failure,8,8,failure,failure,603316.100,592621.465
DPT::DEV && CTR::FR,SEC::MED,,,,,different,TN_FP,failure,48,3,success,failure,1955182.619,223923.184
DPT::DEV && CTR::FR,SEC::MED && CTR::$,,,,,different,TN_FP,failure,48,12,success,failure,2088158.678,890333.398
DPT::DEV && CTR::FR,SEC::MED && CTR::EN,,,,,different,TN_TN,failure,24,6,failure,failure,1902776.803,448122.366
DPT::DEV && CTR::FR,SEC::MED && CTR::FR,,,,,different,TN_FP,failure,24,6,success,failure,1145340.993,443758.811
DPT::DEV && CTR::FR,SEC::MED && DPT::$,,,,,different,TN_FP,failure,48,12,success,failure,2292660.177,891315.079
DPT::DEV && CTR::FR,SEC::MED && DPT::$ && CTR::$,,,,,same,same,success,48,48,success,success,2108257.118,1969078.073
DPT::DEV && CTR::FR,SEC::MED && DPT::$ && CTR::EN,,,,,same,same,failure,24,24,failure,failure,1862855.220,1807253.360
DPT::DEV && CTR::FR,SEC::MED && DPT::$ && CTR::FR,,,,,same,same,success,24,24,success,success,1144137.285,1077078.149
DPT::DEV && CTR::FR,SEC::MED && DPT::DEV,,,,,different,TN_FP,failure,24,6,success,failure,1034794.341,445501.850
DPT::DEV && CTR::FR,SEC::MED && DPT::DEV && CTR::$,,,,,same,same,success,24,24,success,success,1012555.040,1061959.636
DPT::DEV && CTR::FR,SEC::MED && DPT::DEV && CTR::EN,,,,,same,same,failure,12,12,failure,failure,918761.071,890595.159
DPT::DEV && CTR::FR,SEC::MED && DPT::DEV && CTR::FR,,,,,same,same,success,12,12,success,success,685928.760,570240.508
DPT::DEV && CTR::FR,SEC::MED && DPT::MKG,,,,,different,TN_TN,failure,24,6,failure,failure,1852193.061,443771.780
DPT::DEV && CTR::FR,SEC::MED && DPT::MKG && CTR::$,,,,,same,same,failure,24,24,failure,failure,1860040.901,1809252.570
DPT::DEV && CTR::FR,SEC::MED && DPT::MKG && CTR::EN,,,,,same,same,failure,12,12,failure,failure,916114.221,891287.603
DPT::DEV && CTR::FR,SEC::MED && DPT::MKG && CTR::FR,,,,,same,same,failure,12,12,failure,failure,916705.811,890333.623
DPT::MKG,CTR::$,,,,,different,TN_FP,failure,80,4,success,failure,3432882.133,295888.794
DPT::MKG,CTR::EN,,,,,different,TN_FP,failure,40,2,success,failure,1800003.581,149099.975
DPT::MKG,CTR::FR,,,,,different,TN_FP,failure,40,2,success,failure,1577526.054,160931.066
DPT::MKG,DPT::$,,,,,different,TP_TP,success,80,4,success,success,3547752.206,284736.224
DPT::MKG,DPT::$ && CTR::$,,,,,different,TP_TP,success,80,16,success,success,3463122.677,745694.762
DPT::MKG,DPT::$ && CTR::EN,,,,,different,TP_TP,success,40,8,success,success,1750010.302,427694.263
DPT::MKG,DPT::$ && CTR::FR,,,,,different,TP_TP,success,40,8,success,success,1815718.759,428455.660
DPT::MKG,DPT::DEV,,,,,different,TN_TN,failure,40,2,failure,failure,3091783.432,149400.638
DPT::MKG,DPT::DEV && CTR::$,,,,,different,TN_TN,failure,40,8,failure,failure,3090231.967,595467.639
DPT::MKG,DPT::DEV && CTR::EN,,,,,different,TN_TN,failure,20,4,failure,failure,1541869.467,297716.066
DPT::MKG,DPT::DEV && CTR::FR,,,,,different,TN_TN,failure,20,4,failure,failure,1542543.691,311496.970
DPT::MKG,DPT::MKG,,,,,different,TP_TP,success,40,2,success,success,1704162.818,211356.151
DPT::MKG,DPT::MKG && CTR::$,,,,,different,TP_TP,success,40,8,success,success,1695155.948,429030.680
DPT::MKG,DPT::MKG && CTR::EN,,,,,different,TP_TP,success,20,4,success,success,897615.196,289778.602
DPT::MKG,DPT::MKG && CTR::FR,,,,,different,TP_TP,success,20,4,success,success,878520.444,284505.270
DPT::MKG,SEC::$,,,,,different,TN_FP,failure,80,5,success,failure,3181325.150,370517.809
DPT::MKG,SEC::$ && CTR::$,,,,,different,TN_FP,failure,80,20,success,failure,3342287.375,1499024.255
DPT::MKG,SEC::$ && CTR::EN,,,,,different,TN_FP,failure,40,10,success,failure,1822637.437,739807.153
DPT::MKG,SEC::$ && CTR::FR,,,,,different,TN_FP,failure,40,10,success,failure,1654275.738,743646.905
DPT::MKG,SEC::$ && DPT::$,,,,,different,TP_TP,success,80,20,success,success,3474640.601,966343.333
DPT::MKG,SEC::$ && DPT::$ && CTR::$,,,,,same,same,success,80,80,success,success,3468250.034,3083435.704
DPT::MKG,SEC::$ && DPT::$ && CTR::EN,,,,,same,same,success,40,40,success,success,1866074.850,1596112.783
DPT::MKG,SEC::$ && DPT::$ && CTR::FR,,,,,same,same,success,40,40,success,success,1698980.898,1593822.793
DPT::MKG,SEC::$ && DPT::DEV,,,,,different,TN_TN,failure,40,10,failure,failure,3140481.217,738613.189
DPT::MKG,SEC::$ && DPT::DEV && CTR::$,,,,,same,same,failure,40,40,failure,failure,3083867.399,3035192.777
DPT::MKG,SEC::$ && DPT::DEV && CTR::EN,,,,,same,same,failure,20,20,failure,failure,1529533.322,1520346.680
DPT::MKG,SEC::$ && DPT::DEV && CTR::FR,,,,,same,same,failure,20,20,failure,failure,1519235.535,1510501.357
DPT::MKG,SEC::$ && DPT::MKG,,,,,different,TP_TP,success,40,10,success,success,1697922.663,503183.226
DPT::MKG,SEC::$ && DPT::MKG && CTR::$,,,,,same,same,success,40,40,success,success,1709416.823,1714460.900
DPT::MKG,SEC::$ && DPT::MKG && CTR::EN,,,,,same,same,success,20,20,success,success,899922.590,942693.306
DPT::MKG,SEC::$ && DPT::MKG && CTR::FR,,,,,same,same,success,20,20,success,success,975355.152,875051.507
DPT::MKG,SEC::HIG,,,,,different,TN_FP,failure,64,4,success,failure,2876548.300,296824.102
DPT::MKG,SEC::HIG && CTR::$,,,,,different,TN_FP,failure,64,16,success,failure,2710685.308,1202774.168
DPT::MKG,SEC::HIG && CTR::EN,,,,,different,TN_FP,failure,32,8,success,failure,1386730.249,591060.111
DPT::MKG,SEC::HIG && CTR::FR,,,,,different,TN_FP,failure,32,8,success,failure,1416439.691,593993.037
DPT::MKG,SEC::HIG && DPT::$,,,,,different,TP_TP,success,64,16,success,success,2846421.625,720871.615
DPT::MKG,SEC::HIG && DPT::$ && CTR::$,,,,,same,same,success,64,64,success,success,2648917.451,2517062.705
DPT::MKG,SEC::HIG && DPT::$ && CTR::EN,,,,,same,same,success,32,32,success,success,1513683.461,1399261.059
DPT::MKG,SEC::HIG && DPT::$ && CTR::FR,,,,,same,same,success,32,32,success,success,1454993.734,1391560.109
DPT::MKG,SEC::HIG && DPT::DEV,,,,,different,TN_TN,failure,32,8,failure,failure,2476077.922,590938.563
DPT::MKG,SEC::HIG && DPT::DEV && CTR::$,,,,,same,same,failure,32,32,failure,failure,2479459.816,2414525.586
DPT::MKG,SEC::HIG && DPT::DEV && CTR::EN,,,,,same,same,failure,16,16,failure,failure,1246112.646,1190354.677
DPT::MKG,SEC::HIG && DPT::DEV && CTR::FR,,,,,same,same,failure,16,16,failure,failure,1229121.600,1193898.450
DPT::MKG,SEC::HIG && DPT::MKG,,,,,different,TP_TP,success,32,8,success,success,1397951.082,453847.058
DPT::MKG,SEC::HIG && DPT::MKG && CTR::$,,,,,same,same,success,32,32,success,success,1359258.258,1380700.890
DPT::MKG,SEC::HIG && DPT::MKG && CTR::EN,,,,,same,same,success,16,16,success,success,744194.868,725845.109
DPT::MKG,SEC::HIG && DPT::MKG && CTR::FR,,,,,same,same,success,16,16,success,success,781959.500,735258.365
DPT::MKG,SEC::LOW,,,,,different,TN_FP,failure,32,2,success,failure,1343291.519,147532.679
DPT::MKG,SEC::LOW && CTR::$,,,,,different,TN_FP,failure,32,8,success,failure,1357567.367,591934.276
DPT::MKG,SEC::LOW && CTR::EN,,,,,different,TN_FP,failure,16,4,success,failure,779176.896,295443.222
DPT::MKG,SEC::LOW && CTR::FR,,,,,different,TN_FP,failure,16,4,success,failure,891933.890,296099.604
DPT::MKG,SEC::LOW && DPT::$,,,,,different,TP_TP,success,32,8,success,success,1348331.568,428368.467
DPT::MKG,SEC::LOW && DPT::$ && CTR::$,,,,,same,same,success,32,32,success,success,1355837.392,1452388.092
DPT::MKG,SEC::LOW && DPT::$ && CTR::EN,,,,,same,same,success,16,16,success,success,746659.697,736013.327
DPT::MKG,SEC::LOW && DPT::$ && CTR::FR,,,,,same,same,success,16,16,success,success,773692.483,746503.113
DPT::MKG,SEC::LOW && DPT::DEV,,,,,different,TN_TN,failure,16,4,failure,failure,1229444.646,299244.523
DPT::MKG,SEC::LOW && DPT::DEV && CTR::$,,,,,same,same,failure,16,16,failure,failure,1223997.493,1190165.272
DPT::MKG,SEC::LOW && DPT::DEV && CTR::EN,,,,,same,same,failure,8,8,failure,failure,610901.714,592942.257
DPT::MKG,SEC::LOW && DPT::DEV && CTR::FR,,,,,same,same,failure,8,8,failure,failure,664410.618,591970.514
DPT::MKG,SEC::LOW && DPT::MKG,,,,,different,TP_TP,success,16,4,success,success,732125.579,286451.071
DPT::MKG,SEC::LOW && DPT::MKG && CTR::$,,,,,same,same,success,16,16,success,success,740160.195,709292.926
DPT::MKG,SEC::LOW && DPT::MKG && CTR::EN,,,,,same,same,success,8,8,success,success,445219.260,444148.837
DPT::MKG,SEC::LOW && DPT::MKG && CTR::FR,,,,,same,same,success,8,8,success,success,475120.802,423856.619
DPT::MKG,SEC::MED,,,,,different,TN_FP,failure,48,3,success,failure,2087743.664,221256.131
DPT::MKG,SEC::MED && CTR::$,,,,,different,TN_FP,failure,48,12,success,failure,1998784.971,892784.165
DPT::MKG,SEC::MED && CTR::EN,,,,,different,TN_FP,failure,24,6,success,failure,1056816.048,442189.106
DPT::MKG,SEC::MED && CTR::FR,,,,,different,TN_FP,failure,24,6,success,failure,1096582.138,444206.455
DPT::MKG,SEC::MED && DPT::$,,,,,different,TP_TP,success,48,12,success,success,1948866.431,569692.826
DPT::MKG,SEC::MED && DPT::$ && CTR::$,,,,,same,same,success,48,48,success,success,2096166.353,1901065.097
DPT::MKG,SEC::MED && DPT::$ && CTR::EN,,,,,same,same,success,24,24,success,success,1127589.761,1034667.608
DPT::MKG,SEC::MED && DPT::$ && CTR::FR,,,,,same,same,success,24,24,success,success,1009350.735,1056089.525
DPT::MKG,SEC::MED && DPT::DEV,,,,,different,TN_TN,failure,24,6,failure,failure,1921240.972,443620.220
DPT::MKG,SEC::MED && DPT::DEV && CTR::$,,,,,same,same,failure,24,24,failure,failure,1851055.447,1811099.539
DPT::MKG,SEC::MED && DPT::DEV && CTR::EN,,,,,same,same,failure,12,12,failure,failure,904560.870,891631.853
DPT::MKG,SEC::MED && DPT::DEV && CTR::FR,,,,,same,same,failure,12,12,failure,failure,900550.748,895285.862
DPT::MKG,SEC::MED && DPT::MKG,,,,,different,TP_TP,success,24,6,success,success,1088546.721,370837.689
DPT::MKG,SEC::MED && DPT::MKG && CTR::$,,,,,same,same,success,24,24,success,success,1108441.715,1028911.721
DPT::MKG,SEC::MED && DPT::MKG && CTR::EN,,,,,same,same,success,12,12,success,success,679541.440,577013.142
DPT::MKG,SEC::MED && DPT::MKG && CTR::FR,,,,,same,same,success,12,12,success,success,616867.344,590720.674
DPT::MKG && CTR::$,CTR::$,,,,,different,TN_FP,failure,80,4,success,failure,3412268.231,310167.236
DPT::MKG && CTR::$,CTR::EN,,,,,different,TN_TN,failure,40,2,failure,failure,3078433.907,156106.872
DPT::MKG && CTR::$,CTR::FR,,,,,different,TN_TN,failure,40,2,failure,failure,3071751.177,162516.731
DPT::MKG && CTR::$,DPT::$,,,,,different,TN_FP,failure,80,4,success,failure,3158442.959,309366.389
DPT::MKG && CTR::$,DPT::$ && CTR::$,,,,,different,TP_TP,success,80,16,success,success,3298889.637,746468.733
DPT::MKG && CTR::$,DPT::$ && CTR::EN,,,,,different,TN_TN,failure,40,8,failure,failure,3105905.942,615875.453
DPT::MKG && CTR::$,DPT::$ && CTR::FR,,,,,different,TN_TN,failure,40,8,failure,failure,3173884.738,616138.121
DPT::MKG && CTR::$,DPT::DEV,,,,,different,TN_TN,failure,40,2,failure,failure,3099033.817,155962.006
DPT::MKG && CTR::$,DPT::DEV && CTR::$,,,,,different,TN_TN,failure,40,8,failure,failure,3076316.811,618895.844
DPT::MKG && CTR::$,DPT::DEV && CTR::EN,,,,,different,TN_TN,failure,20,4,failure,failure,1535942.694,309085.647
DPT::MKG && CTR::$,DPT::DEV && CTR::FR,,,,,different,TN_TN,failure,20,4,failure,failure,1536829.528,317648.334
DPT::MKG && CTR::$,DPT::MKG,,,,,different,TN_FP,failure,40,2,success,failure,1674344.576,155768.342
DPT::MKG && CTR::$,DPT::MKG && CTR::$,,,,,different,TP_TP,success,40,8,success,success,1679851.882,440934.152
DPT::MKG && CTR::$,DPT::MKG && CTR::EN,,,,,different,TN_TN,failure,20,4,failure,failure,1527750.142,307634.355
DPT::MKG && CTR::$,DPT::MKG && CTR::FR,,,,,different,TN_TN,failure,20,4,failure,failure,1531084.191,309401.439
DPT::MKG && CTR::$,SEC::$,,,,,different,TN_FP,failure,80,5,success,failure,3204584.624,389083.057
DPT::MKG && CTR::$,SEC::$ && CTR::$,,,,,different,TN_FP,failure,80,20,success,failure,3205647.794,1611978.523
DPT::MKG && CTR::$,SEC::$ && CTR::EN,,,,,different,TN_TN,failure,40,10,failure,failure,3148790.027,777771.705
DPT::MKG && CTR::$,SEC::$ && CTR::FR,,,,,different,TN_TN,failure,40,10,failure,failure,3124902.160,786115.451
DPT::MKG && CTR::$,SEC::$ && DPT::$,,,,,different,TN_FP,failure,80,20,success,failure,4285187.544,1640647.925
DPT::MKG && CTR::$,SEC::$ && DPT::$ && CTR::$,,,,,same,same,success,80,80,success,success,3264401.536,3387395.987
DPT::MKG && CTR::$,SEC::$ && DPT::$ && CTR::EN,,,,,same,same,failure,40,40,failure,failure,4584497.901,3297155.514
DPT::MKG && CTR::$,SEC::$ && DPT::$ && CTR::FR,,,,,same,same,failure,40,40,failure,failure,3873959.008,3135918.894
DPT::MKG && CTR::$,SEC::$ && DPT::DEV,,,,,different,TN_TN,failure,40,10,failure,failure,3139832.581,789920.132
DPT::MKG && CTR::$,SEC::$ && DPT::DEV && CTR::$,,,,,same,same,failure,40,40,failure,failure,3320376.170,3127326.553
DPT::MKG && CTR::$,SEC::$ && DPT::DEV && CTR::EN,,,,,same,same,failure,20,20,failure,failure,1685635.145,1576316.736
DPT::MKG && CTR::$,SEC::$ && DPT::DEV && CTR::FR,,,,,same,same,failure,20,20,failure,failure,1711412.822,1561739.152
DPT::MKG && CTR::$,SEC::$ && DPT::MKG,,,,,different,TN_FP,failure,40,10,success,failure,1932878.221,774737.118
DPT::MKG && CTR::$,SEC::$ && DPT::MKG && CTR::$,,,,,same,same,success,40,40,success,success,1819421.951,1777368.624
DPT::MKG && CTR::$,SEC::$ && DPT::MKG && CTR::EN,,,,,same,same,failure,20,20,failure,failure,1614066.565,1579793.788
DPT::MKG && CTR::$,SEC::$ && DPT::MKG && CTR::FR,,,,,same,same,failure,20,20,failure,failure,1549884.560,1575524.210
DPT::MKG && CTR::$,SEC::HIG,,,,,different,TN_FP,failure,64,4,success,failure,2618346.819,309790.239
DPT::MKG && CTR::$,SEC::HIG && CTR::$,,,,,different,TN_FP,failure,64,16,success,failure,2739244.587,1254400.502
DPT::MKG && CTR::$,SEC::HIG && CTR::EN,,,,,different,TN_TN,failure,32,8,failure,failure,2484209.305,616654.885
DPT::MKG && CTR::$,SEC::HIG && CTR::FR,,,,,different,TN_TN,failure,32,8,failure,failure,2571264.885,623593.520
DPT::MKG && CTR::$,SEC::HIG && DPT::$,,,,,different,TN_FP,failure,64,16,success,failure,2597949.203,1241095.164
DPT::MKG && CTR::$,SEC::HIG && DPT::$ && CTR::$,,,,,same,same,success,64,64,success,success,2487336.791,2588070.192
DPT::MKG && CTR::$,SEC::HIG && DPT::$ && CTR::EN,,,,,same,same,failure,32,32,failure,failure,2587063.258,2492044.051
DPT::MKG && CTR::$,SEC::HIG && DPT::$ && CTR::FR,,,,,same,same,failure,32,32,failure,failure,2464634.438,2518574.140
DPT::MKG && CTR::$,SEC::HIG && DPT::DEV,,,,,different,TN_TN,failure,32,8,failure,failure,2581052.979,623126.794
DPT::MKG && CTR::$,SEC::HIG && DPT::DEV && CTR::$,,,,,same,same,failure,32,32,failure,failure,2473515.581,2515164.169
DPT::MKG && CTR::$,SEC::HIG && DPT::DEV && CTR::EN,,,,,same,same,failure,16,16,failure,failure,1227732.148,1253037.275
DPT::MKG && CTR::$,SEC::HIG && DPT::DEV && CTR::FR,,,,,same,same,failure,16,16,failure,failure,1239768.851,1275645.437
DPT::MKG && CTR::$,SEC::HIG && DPT::MKG,,,,,different,TN_FP,failure,32,8,success,failure,1347981.556,616434.247
DPT::MKG && CTR::$,SEC::HIG && DPT::MKG && CTR::$,,,,,same,same,success,32,32,success,success,1411855.873,1380881.519
DPT::MKG && CTR::$,SEC::HIG && DPT::MKG && CTR::EN,,,,,same,same,failure,16,16,failure,failure,1317158.134,1233885.505
DPT::MKG && CTR::$,SEC::HIG && DPT::MKG && CTR::FR,,,,,same,same,failure,16,16,failure,failure,1224715.180,1233072.630
DPT::MKG && CTR::$,SEC::LOW,,,,,different,TN_FP,failure,32,2,success,failure,1557292.852,155357.712
DPT::MKG && CTR::$,SEC::LOW && CTR::$,,,,,different,TN_FP,failure,32,8,success,failure,1378402.689,617343.341
DPT::MKG && CTR::$,SEC::LOW && CTR::EN,,,,,different,TN_TN,failure,16,4,failure,failure,1213819.131,307455.379
DPT::MKG && CTR::$,SEC::LOW && CTR::FR,,,,,different,TN_TN,failure,16,4,failure,failure,1272477.665,308034.801
DPT::MKG && CTR::$,SEC::LOW && DPT::$,,,,,different,TN_FP,failure,32,8,success,failure,1339442.950,617783.688
DPT::MKG && CTR::$,SEC::LOW && DPT::$ && CTR::$,,,,,same,same,success,32,32,success,success,1426882.505,1360108.934
DPT::MKG && CTR::$,SEC::LOW && DPT::$ && CTR::EN,,,,,same,same,failure,16,16,failure,failure,1226768.701,1264560.594
DPT::MKG && CTR::$,SEC::LOW && DPT::$ && CTR::FR,,,,,same,same,failure,16,16,failure,failure,1233042.158,1232623.603
DPT::MKG && CTR::$,SEC::LOW && DPT::DEV,,,,,different,TN_TN,failure,16,4,failure,failure,1226959.674,310865.677
DPT::MKG && CTR::$,SEC::LOW && DPT::DEV && CTR::$,,,,,same,same,failure,16,16,failure,failure,1222008.808,1235768.638
DPT::MKG && CTR::$,SEC::LOW && DPT::DEV && CTR::EN,,,,,same,same,failure,8,8,failure,failure,609266.431,615455.059
DPT::MKG && CTR::$,SEC::LOW && DPT::DEV && CTR::FR,,,,,same,same,failure,8,8,failure,failure,609333.066,613654.287
DPT::MKG && CTR::$,SEC::LOW && DPT::MKG,,,,,different,TN_FP,failure,16,4,success,failure,738445.870,309924.982
DPT::MKG && CTR::$,SEC::LOW && DPT::MKG && CTR::$,,,,,same,same,success,16,16,success,success,757529.395,771060.151
DPT::MKG && CTR::$,SEC::LOW && DPT::MKG && CTR::EN,,,,,same,same,failure,8,8,failure,failure,606297.262,615016.126
DPT::MKG && CTR::$,SEC::LOW && DPT::MKG && CTR::FR,,,,,same,same,failure,8,8,failure,failure,612466.534,613117.089
DPT::MKG && CTR::$,SEC::MED,,,,,different,TN_FP,failure,48,3,success,failure,1968477.296,236188.871
DPT::MKG && CTR::$,SEC::MED && CTR::$,,,,,different,TN_FP,failure,48,12,success,failure,2143902.004,934910.243
DPT::MKG && CTR::$,SEC::MED && CTR::EN,,,,,different,TN_TN,failure,24,6,failure,failure,1868541.176,468489.480
DPT::MKG && CTR::$,SEC::MED && CTR::FR,,,,,different,TN_TN,failure,24,6,failure,failure,1958090.989,464787.160
DPT::MKG && CTR::$,SEC::MED && DPT::$,,,,,different,TN_FP,failure,48,12,success,failure,2133088.751,919358.486
DPT::MKG && CTR::$,SEC::MED && DPT::$ && CTR::$,,,,,same,same,success,48,48,success,success,2005488.781,1973759.188
DPT::MKG && CTR::$,SEC::MED && DPT::$ && CTR::EN,,,,,same,same,failure,24,24,failure,failure,1837171.624,1863922.938
DPT::MKG && CTR::$,SEC::MED && DPT::$ && CTR::FR,,,,,same,same,failure,24,24,failure,failure,1852468.377,1876110.508
DPT::MKG && CTR::$,SEC::MED && DPT::DEV,,,,,different,TN_TN,failure,24,6,failure,failure,1853770.654,463064.278
DPT::MKG && CTR::$,SEC::MED && DPT::DEV && CTR::$,,,,,same,same,failure,24,24,failure,failure,2010608.273,1882173.362
DPT::MKG && CTR::$,SEC::MED && DPT::DEV && CTR::EN,,,,,same,same,failure,12,12,failure,failure,914959.986,926512.290
DPT::MKG && CTR::$,SEC::MED && DPT::DEV && CTR::FR,,,,,same,same,failure,12,12,failure,failure,916727.076,934371.642
DPT::MKG && CTR::$,SEC::MED && DPT::MKG,,,,,different,TN_FP,failure,24,6,success,failure,1033230.452,464384.243
DPT::MKG && CTR::$,SEC::MED && DPT::MKG && CTR::$,,,,,same,same,success,24,24,success,success,1031527.032,1068655.660
DPT::MKG && CTR::$,SEC::MED && DPT::MKG && CTR::EN,,,,,same,same,failure,12,12,failure,failure,918440.495,927963.142
DPT::MKG && CTR::$,SEC::MED && DPT::MKG && CTR::FR,,,,,same,same,failure,12,12,failure,failure,1000175.930,941678.929
DPT::MKG && CTR::EN,CTR::$,,,,,different,TN_FP,failure,80,4,success,failure,3116565.402,316329.825
DPT::MKG && CTR::EN,CTR::EN,,,,,different,TN_FP,failure,40,2,success,failure,1744586.573,160987.652
DPT::MKG && CTR::EN,CTR::FR,,,,,different,TN_TN,failure,40,2,failure,failure,3076596.024,170042.918
DPT::MKG && CTR::EN,DPT::$,,,,,different,TN_FP,failure,80,4,success,failure,3274992.592,318511.638
DPT::MKG && CTR::EN,DPT::$ && CTR::$,,,,,different,TP_TP,success,80,16,success,success,3447570.229,814193.694
DPT::MKG && CTR::EN,DPT::$ && CTR::EN,,,,,different,TP_TP,success,40,8,success,success,1622143.971,462690.361
DPT::MKG && CTR::EN,DPT::$ && CTR::FR,,,,,different,TN_TN,failure,40,8,failure,failure,3095868.104,629757.483
DPT::MKG && CTR::EN,DPT::DEV,,,,,different,TN_TN,failure,40,2,failure,failure,3090634.953,160275.321
DPT::MKG && CTR::EN,DPT::DEV && CTR::$,,,,,different,TN_TN,failure,40,8,failure,failure,3094930.180,631798.020
DPT::MKG && CTR::EN,DPT::DEV && CTR::EN,,,,,different,TN_TN,failure,20,4,failure,failure,1539974.592,315908.024
DPT::MKG && CTR::EN,DPT::DEV && CTR::FR,,,,,different,TN_TN,failure,20,4,failure,failure,1543363.408,325513.161
DPT::MKG && CTR::EN,DPT::MKG,,,,,different,TN_FP,failure,40,2,success,failure,1615563.924,161294.468
DPT::MKG && CTR::EN,DPT::MKG && CTR::$,,,,,different,TP_TP,success,40,8,success,success,1737587.755,452906.775
DPT::MKG && CTR::EN,DPT::MKG && CTR::EN,,,,,different,TP_TP,success,20,4,success,success,904423.452,307510.383
DPT::MKG && CTR::EN,DPT::MKG && CTR::FR,,,,,different,TN_TN,failure,20,4,failure,failure,1532988.859,317899.410
DPT::MKG && CTR::EN,SEC::$,,,,,different,TN_FP,failure,80,5,success,failure,3506534.086,396368.678
DPT::MKG && CTR::EN,SEC::$ && CTR::$,,,,,different,TN_FP,failure,80,20,success,failure,3101005.391,1600060.408
DPT::MKG && CTR::EN,SEC::$ && CTR::EN,,,,,different,TN_FP,failure,40,10,success,failure,1678988.663,793484.959
DPT::MKG && CTR::EN,SEC::$ && CTR::FR,,,,,different,TN_TN,failure,40,10,failure,failure,3069177.194,793390.181
DPT::MKG && CTR::EN,SEC::$ && DPT::$,,,,,different,TN_FP,failure,80,20,success,failure,3958361.867,1609281.089
DPT::MKG && CTR::EN,SEC::$ && DPT::$ && CTR::$,,,,,same,same,success,80,80,success,success,4235954.100,3359532.652
DPT::MKG && CTR::EN,SEC::$ && DPT::$ && CTR::EN,,,,,same,same,success,40,40,success,success,1789107.218,1785698.018
DPT::MKG && CTR::EN,SEC::$ && DPT::$ && CTR::FR,,,,,same,same,failure,40,40,failure,failure,3229165.206,3327639.544
DPT::MKG && CTR::EN,SEC::$ && DPT::DEV,,,,,different,TN_TN,failure,40,10,failure,failure,3142083.968,799086.261
DPT::MKG && CTR::EN,SEC::$ && DPT::DEV && CTR::$,,,,,same,same,failure,40,40,failure,failure,3219516.107,3201156.874
DPT::MKG && CTR::EN,SEC::$ && DPT::DEV && CTR::EN,,,,,same,same,failure,20,20,failure,failure,1591985.853,1644743.522
DPT::MKG && CTR::EN,SEC::$ && DPT::DEV && CTR::FR,,,,,same,same,failure,20,20,failure,failure,1553265.773,1619931.766
DPT::MKG && CTR::EN,SEC::$ && DPT::MKG,,,,,different,TN_FP,failure,40,10,success,failure,1716457.570,787569.358
DPT::MKG && CTR::EN,SEC::$ && DPT::MKG && CTR::$,,,,,same,same,success,40,40,success,success,1847688.852,1854833.454
DPT::MKG && CTR::EN,SEC::$ && DPT::MKG && CTR::EN,,,,,same,same,success,20,20,success,success,915912.377,916526.955
DPT::MKG && CTR::EN,SEC::$ && DPT::MKG && CTR::FR,,,,,same,same,failure,20,20,failure,failure,1553325.901,1595529.029
DPT::MKG && CTR::EN,SEC::HIG,,,,,different,TN_FP,failure,64,4,success,failure,2654436.870,316828.186
DPT::MKG && CTR::EN,SEC::HIG && CTR::$,,,,,different,TN_FP,failure,64,16,success,failure,2772644.076,1279394.985
DPT::MKG && CTR::EN,SEC::HIG && CTR::EN,,,,,different,TN_FP,failure,32,8,success,failure,1395242.451,640379.732
DPT::MKG && CTR::EN,SEC::HIG && CTR::FR,,,,,different,TN_TN,failure,32,8,failure,failure,2500378.810,628479.951
DPT::MKG && CTR::EN,SEC::HIG && DPT::$,,,,,different,TN_FP,failure,64,16,success,failure,2524306.953,1261637.862
DPT::MKG && CTR::EN,SEC::HIG && DPT::$ && CTR::$,,,,,same,same,success,64,64,success,success,2632768.626,2678309.699
DPT::MKG && CTR::EN,SEC::HIG && DPT::$ && CTR::EN,,,,,same,same,success,32,32,success,success,1400545.898,1507184.045
DPT::MKG && CTR::EN,SEC::HIG && DPT::$ && CTR::FR,,,,,same,same,failure,32,32,failure,failure,2589479.255,2549613.663
DPT::MKG && CTR::EN,SEC::HIG && DPT::DEV,,,,,different,TN_TN,failure,32,8,failure,failure,2488668.660,637663.547
DPT::MKG && CTR::EN,SEC::HIG && DPT::DEV && CTR::$,,,,,same,same,failure,32,32,failure,failure,2495156.470,2669618.180
DPT::MKG && CTR::EN,SEC::HIG && DPT::DEV && CTR::EN,,,,,same,same,failure,16,16,failure,failure,1257060.251,1265262.251
DPT::MKG && CTR::EN,SEC::HIG && DPT::DEV && CTR::FR,,,,,same,same,failure,16,16,failure,failure,1265997.063,1273086.958
DPT::MKG && CTR::EN,SEC::HIG && DPT::MKG,,,,,different,TN_FP,failure,32,8,success,failure,1462571.177,630799.748
DPT::MKG && CTR::EN,SEC::HIG && DPT::MKG && CTR::$,,,,,same,same,success,32,32,success,success,1372073.948,1411331.475
DPT::MKG && CTR::EN,SEC::HIG && DPT::MKG && CTR::EN,,,,,same,same,success,16,16,success,success,863946.938,784186.458
DPT::MKG && CTR::EN,SEC::HIG && DPT::MKG && CTR::FR,,,,,same,same,failure,16,16,failure,failure,1222954.832,1259635.125
DPT::MKG && CTR::EN,SEC::LOW,,,,,different,TN_FP,failure,32,2,success,failure,1465580.788,159900.188
DPT::MKG && CTR::EN,SEC::LOW && CTR::$,,,,,different,TN_FP,failure,32,8,success,failure,1359484.819,636879.732
DPT::MKG && CTR::EN,SEC::LOW && CTR::EN,,,,,different,TN_FP,failure,16,4,success,failure,736123.263,316281.405
DPT::MKG && CTR::EN,SEC::LOW && CTR::FR,,,,,different,TN_TN,failure,16,4,failure,failure,1234011.176,314868.950
DPT::MKG && CTR::EN,SEC::LOW && DPT::$,,,,,different,TN_FP,failure,32,8,success,failure,1392211.435,632405.299
DPT::MKG && CTR::EN,SEC::LOW && DPT::$ && CTR::$,,,,,same,same,success,32,32,success,success,1475627.383,1496404.495
DPT::MKG && CTR::EN,SEC::LOW && DPT::$ && CTR::EN,,,,,same,same,success,16,16,success,success,746440.656,878490.764
DPT::MKG && CTR::EN,SEC::LOW && DPT::$ && CTR::FR,,,,,same,same,failure,16,16,failure,failure,1236376.022,1318212.817
DPT::MKG && CTR::EN,SEC::LOW && DPT::DEV,,,,,different,TN_TN,failure,16,4,failure,failure,1219964.468,319355.982
DPT::MKG && CTR::EN,SEC::LOW && DPT::DEV && CTR::$,,,,,same,same,failure,16,16,failure,failure,1222430.113,1270849.435
DPT::MKG && CTR::EN,SEC::LOW && DPT::DEV && CTR::EN,,,,,same,same,failure,8,8,failure,failure,605634.664,629061.231
DPT::MKG && CTR::EN,SEC::LOW && DPT::DEV && CTR::FR,,,,,same,same,failure,8,8,failure,failure,667137.944,627781.777
DPT::MKG && CTR::EN,SEC::LOW && DPT::MKG,,,,,different,TN_FP,failure,16,4,success,failure,766811.566,319097.142
DPT::MKG && CTR::EN,SEC::LOW && DPT::MKG && CTR::$,,,,,same,same,success,16,16,success,success,777649.631,768400.723
DPT::MKG && CTR::EN,SEC::LOW && DPT::MKG && CTR::EN,,,,,same,same,success,8,8,success,success,433994.626,461392.372
DPT::MKG && CTR::EN,SEC::LOW && DPT::MKG && CTR::FR,,,,,same,same,failure,8,8,failure,failure,612416.946,627168.752
DPT::MKG && CTR::EN,SEC::MED,,,,,different,TN_FP,failure,48,3,success,failure,1964295.673,239481.552
DPT::MKG && CTR::EN,SEC::MED && CTR::$,,,,,different,TN_FP,failure,48,12,success,failure,1929048.692,946203.070
DPT::MKG && CTR::EN,SEC::MED && CTR::EN,,,,,different,TN_FP,failure,24,6,success,failure,1111406.140,474890.957
DPT::MKG && CTR::EN,SEC::MED && CTR::FR,,,,,different,TN_TN,failure,24,6,failure,failure,1888034.019,474570.651
DPT::MKG && CTR::EN,SEC::MED && DPT::$,,,,,different,TN_FP,failure,48,12,success,failure,2159492.447,942414.514
DPT::MKG && CTR::EN,SEC::MED && DPT::$ && CTR::$,,,,,same,same,success,48,48,success,success,1940536.686,1962645.181
DPT::MKG && CTR::EN,SEC::MED && DPT::$ && CTR::EN,,,,,same,same,success,24,24,success,success,1033611.988,1094165.761
DPT::MKG && CTR::EN,SEC::MED && DPT::$ && CTR::FR,,,,,same,same,failure,24,24,failure,failure,1918211.019,1913428.428
DPT::MKG && CTR::EN,SEC::MED && DPT::DEV,,,,,different,TN_TN,failure,24,6,failure,failure,1857928.158,471504.029
DPT::MKG && CTR::EN,SEC::MED && DPT::DEV && CTR::$,,,,,same,same,failure,24,24,failure,failure,1854600.401,1910944.664
DPT::MKG && CTR::EN,SEC::MED && DPT::DEV && CTR::EN,,,,,same,same,failure,12,12,failure,failure,964425.887,946557.615
DPT::MKG && CTR::EN,SEC::MED && DPT::DEV && CTR::FR,,,,,same,same,failure,12,12,failure,failure,918087.328,946285.289
DPT::MKG && CTR::EN,SEC::MED && DPT::MKG,,,,,different,TN_FP,failure,24,6,success,failure,1142150.504,479594.975
DPT::MKG && CTR::EN,SEC::MED && DPT::MKG && CTR::$,,,,,same,same,success,24,24,success,success,1052754.424,1077103.952
DPT::MKG && CTR::EN,SEC::MED && DPT::MKG && CTR::EN,,,,,same,same,success,12,12,success,success,576519.762,649895.747
DPT::MKG && CTR::EN,SEC::MED && DPT::MKG && CTR::FR,,,,,same,same,failure,12,12,failure,failure,912794.805,947229.951
DPT::MKG && CTR::FR,CTR::$,,,,,different,TN_FP,failure,80,4,success,failure,3311139.098,300299.727
DPT::MKG && CTR::FR,CTR::EN,,,,,different,TN_TN,failure,40,2,failure,failure,3306438.947,157337.005
DPT::MKG && CTR::FR,CTR::FR,,,,,different,TN_FP,failure,40,2,success,failure,1770753.330,166200.585
DPT::MKG && CTR::FR,DPT::$,,,,,different,TN_FP,failure,80,4,success,failure,3401660.374,300446.508
DPT::MKG && CTR::FR,DPT::$ && CTR::$,,,,,different,TP_TP,success,80,16,success,success,3954788.088,732343.814
DPT::MKG && CTR::FR,DPT::$ && CTR::EN,,,,,different,TN_TN,failure,40,8,failure,failure,3315128.607,597203.294
DPT::MKG && CTR::FR,DPT::$ && CTR::FR,,,,,different,TP_TP,success,40,8,success,success,1838907.505,431426.323
DPT::MKG && CTR::FR,DPT::DEV,,,,,different,TN_TN,failure,40,2,failure,failure,3318688.058,151604.728
DPT::MKG && CTR::FR,DPT::DEV && CTR::$,,,,,different,TN_TN,failure,40,8,failure,failure,3312322.458,599609.713
DPT::MKG && CTR::FR,DPT::DEV && CTR::EN,,,,,different,TN_TN,failure,20,4,failure,failure,1657566.886,299027.210
DPT::MKG && CTR::FR,DPT::DEV && CTR::FR,,,,,different,TN_TN,failure,20,4,failure,failure,1659580.007,307381.080
DPT::MKG && CTR::FR,DPT::MKG,,,,,different,TN_FP,failure,40,2,success,failure,1850102.655,150597.333
DPT::MKG && CTR::FR,DPT::MKG && CTR::$,,,,,different,TP_TP,success,40,8,success,success,1734559.670,469219.433
DPT::MKG && CTR::FR,DPT::MKG && CTR::EN,,,,,different,TN_TN,failure,20,4,failure,failure,1642096.647,300432.656
DPT::MKG && CTR::FR,DPT::MKG && CTR::FR,,,,,different,TP_TP,success,20,4,success,success,955235.072,287070.162
DPT::MKG && CTR::FR,SEC::$,,,,,different,TN_FP,failure,80,5,success,failure,3709748.054,386602.249
DPT::MKG && CTR::FR,SEC::$ && CTR::$,,,,,different,TN_FP,failure,80,20,success,failure,3578265.486,1525505.647
DPT::MKG && CTR::FR,SEC::$ && CTR::EN,,,,,different,TN_TN,failure,40,10,failure,failure,3372117.123,752191.272
DPT::MKG && CTR::FR,SEC::$ && CTR::FR,,,,,different,TN_FP,failure,40,10,success,failure,1795966.373,754315.167
DPT::MKG && CTR::FR,SEC::$ && DPT::$,,,,,different,TN_FP,failure,80,20,success,failure,3588387.583,1525156.001
DPT::MKG && CTR::FR,SEC::$ && DPT::$ && CTR::$,,,,,same,same,success,80,80,success,success,3504264.564,3282562.757
DPT::MKG && CTR::FR,SEC::$ && DPT::$ && CTR::EN,,,,,same,same,failure,40,40,failure,failure,3326943.719,3078817.786
DPT::MKG && CTR::FR,SEC::$ && DPT::$ && CTR::FR,,,,,same,same,success,40,40,success,success,1812815.428,1652340.257
DPT::MKG && CTR::FR,SEC::$ && DPT::DEV,,,,,different,TN_TN,failure,40,10,failure,failure,3384297.586,758535.052
DPT::MKG && CTR::FR,SEC::$ && DPT::DEV && CTR::$,,,,,same,same,failure,40,40,failure,failure,3606359.463,3161875.873
DPT::MKG && CTR::FR,SEC::$ && DPT::DEV && CTR::EN,,,,,same,same,failure,20,20,failure,failure,1664306.343,1516252.255
DPT::MKG && CTR::FR,SEC::$ && DPT::DEV && CTR::FR,,,,,same,same,failure,20,20,failure,failure,1843291.218,1534337.438
DPT::MKG && CTR::FR,SEC::$ && DPT::MKG,,,,,different,TN_FP,failure,40,10,success,failure,1875041.369,754933.827
DPT::MKG && CTR::FR,SEC::$ && DPT::MKG && CTR::$,,,,,same,same,success,40,40,success,success,1844703.582,1685225.586
DPT::MKG && CTR::FR,SEC::$ && DPT::MKG && CTR::EN,,,,,same,same,failure,20,20,failure,failure,1662823.756,1513911.019
DPT::MKG && CTR::FR,SEC::$ && DPT::MKG && CTR::FR,,,,,same,same,success,20,20,success,success,1009994.442,894699.468
DPT::MKG && CTR::FR,SEC::HIG,,,,,different,TN_FP,failure,64,4,success,failure,2763611.433,298680.640
DPT::MKG && CTR::FR,SEC::HIG && CTR::$,,,,,different,TN_FP,failure,64,16,success,failure,2794514.640,1208083.518
DPT::MKG && CTR::FR,SEC::HIG && CTR::EN,,,,,different,TN_TN,failure,32,8,failure,failure,2663308.761,599004.618
DPT::MKG && CTR::FR,SEC::HIG && CTR::FR,,,,,different,TN_FP,failure,32,8,success,failure,1465945.417,601500.164
DPT::MKG && CTR::FR,SEC::HIG && DPT::$,,,,,different,TN_FP,failure,64,16,success,failure,2878943.197,1202026.010
DPT::MKG && CTR::FR,SEC::HIG && DPT::$ && CTR::$,,,,,same,same,success,64,64,success,success,2809878.814,2582688.953
DPT::MKG && CTR::FR,SEC::HIG && DPT::$ && CTR::EN,,,,,same,same,failure,32,32,failure,failure,2689052.499,2427835.447
DPT::MKG && CTR::FR,SEC::HIG && DPT::$ && CTR::FR,,,,,same,same,success,32,32,success,success,1512013.188,1367160.501
DPT::MKG && CTR::FR,SEC::HIG && DPT::DEV,,,,,different,TN_TN,failure,32,8,failure,failure,2663029.603,596636.075
DPT::MKG && CTR::FR,SEC::HIG && DPT::DEV && CTR::$,,,,,same,same,failure,32,32,failure,failure,2678433.762,2478813.544
DPT::MKG && CTR::FR,SEC::HIG && DPT::DEV && CTR::EN,,,,,same,same,failure,16,16,failure,failure,1382766.188,1207098.770
DPT::MKG && CTR::FR,SEC::HIG && DPT::DEV && CTR::FR,,,,,same,same,failure,16,16,failure,failure,1330008.403,1215189.607
DPT::MKG && CTR::FR,SEC::HIG && DPT::MKG,,,,,different,TN_FP,failure,32,8,success,failure,1515271.755,615219.387
DPT::MKG && CTR::FR,SEC::HIG && DPT::MKG && CTR::$,,,,,same,same,success,32,32,success,success,1449890.191,1313297.147
DPT::MKG && CTR::FR,SEC::HIG && DPT::MKG && CTR::EN,,,,,same,same,failure,16,16,failure,failure,1374500.634,1216171.603
DPT::MKG && CTR::FR,SEC::HIG && DPT::MKG && CTR::FR,,,,,same,same,success,16,16,success,success,897602.097,732782.331
DPT::MKG && CTR::FR,SEC::LOW,,,,,different,TN_FP,failure,32,2,success,failure,1481229.736,150820.817
DPT::MKG && CTR::FR,SEC::LOW && CTR::$,,,,,different,TN_FP,failure,32,8,success,failure,1501011.512,601185.579
DPT::MKG && CTR::FR,SEC::LOW && CTR::EN,,,,,different,TN_TN,failure,16,4,failure,failure,1323153.725,299101.329
DPT::MKG && CTR::FR,SEC::LOW && CTR::FR,,,,,different,TN_FP,failure,16,4,success,failure,777954.073,299931.211
DPT::MKG && CTR::FR,SEC::LOW && DPT::$,,,,,different,TN_FP,failure,32,8,success,failure,1527380.989,602210.015
DPT::MKG && CTR::FR,SEC::LOW && DPT::$ && CTR::$,,,,,same,same,success,32,32,success,success,1503056.242,1332993.262
DPT::MKG && CTR::FR,SEC::LOW && DPT::$ && CTR::EN,,,,,same,same,failure,16,16,failure,failure,1326208.470,1221612.875
DPT::MKG && CTR::FR,SEC::LOW && DPT::$ && CTR::FR,,,,,same,same,success,16,16,success,success,852384.775,750526.145
DPT::MKG && CTR::FR,SEC::LOW && DPT::DEV,,,,,different,TN_TN,failure,16,4,failure,failure,1316799.411,302933.388
DPT::MKG && CTR::FR,SEC::LOW && DPT::DEV && CTR::$,,,,,same,same,failure,16,16,failure,failure,1320555.256,1199637.404
DPT::MKG && CTR::FR,SEC::LOW && DPT::DEV && CTR::EN,,,,,same,same,failure,8,8,failure,failure,661260.123,604429.689
DPT::MKG && CTR::FR,SEC::LOW && DPT::DEV && CTR::FR,,,,,same,same,failure,8,8,failure,failure,662532.044,598214.816
DPT::MKG && CTR::FR,SEC::LOW && DPT::MKG,,,,,different,TN_FP,failure,16,4,success,failure,788105.444,302999.041
DPT::MKG && CTR::FR,SEC::LOW && DPT::MKG && CTR::$,,,,,same,same,success,16,16,success,success,800218.255,727096.221
DPT::MKG && CTR::FR,SEC::LOW && DPT::MKG && CTR::EN,,,,,same,same,failure,8,8,failure,failure,657257.605,606575.885
DPT::MKG && CTR::FR,SEC::LOW && DPT::MKG && CTR::FR,,,,,same,same,success,8,8,success,success,495652.044,429573.378
DPT::MKG && CTR::FR,SEC::MED,,,,,different,TN_FP,failure,48,3,success,failure,2069711.396,226314.985
DPT::MKG && CTR::FR,SEC::MED && CTR::$,,,,,different,TN_FP,failure,48,12,success,failure,2422993.550,914612.945
DPT::MKG && CTR::FR,SEC::MED && CTR::EN,,,,,different,TN_TN,failure,24,6,failure,failure,1982374.930,452989.791
DPT::MKG && CTR::FR,SEC::MED && CTR::FR,,,,,different,TN_FP,failure,24,6,success,failure,1128836.090,455615.501
DPT::MKG && CTR::FR,SEC::MED && DPT::$,,,,,different,TN_FP,failure,48,12,success,failure,2224557.718,899043.616
DPT::MKG && CTR::FR,SEC::MED && DPT::$ && CTR::$,,,,,same,same,success,48,48,success,success,2249380.220,1909001.875
DPT::MKG && CTR::FR,SEC::MED && DPT::$ && CTR::EN,,,,,same,same,failure,24,24,failure,failure,2004093.407,1816129.424
DPT::MKG && CTR::FR,SEC::MED && DPT::$ && CTR::FR,,,,,same,same,success,24,24,success,success,1222003.072,1054649.799
DPT::MKG && CTR::FR,SEC::MED && DPT::DEV,,,,,different,TN_TN,failure,24,6,failure,failure,1993091.130,454241.198
DPT::MKG && CTR::FR,SEC::MED && DPT::DEV && CTR::$,,,,,same,same,failure,24,24,failure,failure,2054629.921,1837802.067
DPT::MKG && CTR::FR,SEC::MED && DPT::DEV && CTR::EN,,,,,same,same,failure,12,12,failure,failure,986665.583,911159.367
DPT::MKG && CTR::FR,SEC::MED && DPT::DEV && CTR::FR,,,,,same,same,failure,12,12,failure,failure,989696.283,902468.099
DPT::MKG && CTR::FR,SEC::MED && DPT::MKG,,,,,different,TN_FP,failure,24,6,success,failure,1273078.246,453412.934
DPT::MKG && CTR::FR,SEC::MED && DPT::MKG && CTR::$,,,,,same,same,success,24,24,success,success,1211907.721,1031374.125
DPT::MKG && CTR::FR,SEC::MED && DPT::MKG && CTR::EN,,,,,same,same,failure,12,12,failure,failure,990851.559,907782.473
DPT::MKG && CTR::FR,SEC::MED && DPT::MKG && CTR::FR,,,,,same,same,success,12,12,success,success,656134.213,587938.135
SEC::$,CTR::$,,,,,different,TN_FP,failure,80,4,success,failure,3143168.207,298096.705
SEC::$,CTR::EN,,,,,different,TN_FP,failure,40,2,success,failure,1645078.346,149604.035
SEC::$,CTR::FR,,,,,different,TN_FP,failure,40,2,success,failure,1767864.166,148393.248
SEC::$,DPT::$,,,,,different,TN_FP,failure,80,4,success,failure,3201366.783,297600.334
SEC::$,DPT::$ && CTR::$,,,,,different,TN_FP,failure,80,16,success,failure,3184022.970,1198551.248
SEC::$,DPT::$ && CTR::EN,,,,,different,TN_FP,failure,40,8,success,failure,1672303.603,600781.897
SEC::$,DPT::$ && CTR::FR,,,,,different,TN_FP,failure,40,8,success,failure,1670808.343,594093.145
SEC::$,DPT::DEV,,,,,different,TN_FP,failure,40,2,success,failure,1637126.354,149189.492
SEC::$,DPT::DEV && CTR::$,,,,,different,TN_FP,failure,40,8,success,failure,1822084.945,597166.289
SEC::$,DPT::DEV && CTR::EN,,,,,different,TN_FP,failure,20,4,success,failure,901232.807,299240.175
SEC::$,DPT::DEV && CTR::FR,,,,,different,TN_FP,failure,20,4,success,failure,897145.095,297836.727
SEC::$,DPT::MKG,,,,,different,TN_FP,failure,40,2,success,failure,1781932.269,148887.356
SEC::$,DPT::MKG && CTR::$,,,,,different,TN_FP,failure,40,8,success,failure,1780341.681,598230.135
SEC::$,DPT::MKG && CTR::EN,,,,,different,TN_FP,failure,20,4,success,failure,888840.642,298130.503
SEC::$,DPT::MKG && CTR::FR,,,,,different,TN_FP,failure,20,4,success,failure,965791.659,298755.190
SEC::$,SEC::$,,,,,different,TP_TP,success,80,5,success,success,3290004.175,319325.109
SEC::$,SEC::$ && CTR::$,,,,,different,TP_TP,success,80,20,success,success,3356667.964,867125.110
SEC::$,SEC::$ && CTR::EN,,,,,different,TP_TP,success,40,10,success,success,1583872.147,530504.895
SEC::$,SEC::$ && CTR::FR,,,,,different,TP_TP,success,40,10,success,success,1806789.705,497624.954
SEC::$,SEC::$ && DPT::$,,,,,different,TP_TP,success,80,20,success,success,3117614.425,873137.638
SEC::$,SEC::$ && DPT::$ && CTR::$,,,,,same,same,success,80,80,success,success,3309795.103,3065039.502
SEC::$,SEC::$ && DPT::$ && CTR::EN,,,,,same,same,success,40,40,success,success,1556173.096,1725643.105
SEC::$,SEC::$ && DPT::$ && CTR::FR,,,,,same,same,success,40,40,success,success,1632094.511,1730134.865
SEC::$,SEC::$ && DPT::DEV,,,,,different,TP_TP,success,40,10,success,success,1622816.998,532062.321
SEC::$,SEC::$ && DPT::DEV && CTR::$,,,,,same,same,success,40,40,success,success,1608774.358,1690028.591
SEC::$,SEC::$ && DPT::DEV && CTR::EN,,,,,same,same,success,20,20,success,success,901937.218,878712.084
SEC::$,SEC::$ && DPT::DEV && CTR::FR,,,,,same,same,success,20,20,success,success,874982.588,888055.666
SEC::$,SEC::$ && DPT::MKG,,,,,different,TP_TP,success,40,10,success,success,1606533.219,516018.867
SEC::$,SEC::$ && DPT::MKG && CTR::$,,,,,same,same,success,40,40,success,success,1622452.174,1607293.164
SEC::$,SEC::$ && DPT::MKG && CTR::EN,,,,,same,same,success,20,20,success,success,893548.834,953148.784
SEC::$,SEC::$ && DPT::MKG && CTR::FR,,,,,same,same,success,20,20,success,success,905828.363,884303.473
SEC::$,SEC::HIG,,,,,different,TN_TN,failure,64,4,failure,failure,4959913.532,298098.073
SEC::$,SEC::HIG && CTR::$,,,,,different,TN_TN,failure,64,16,failure,failure,4879961.041,1221082.215
SEC::$,SEC::HIG && CTR::EN,,,,,different,TN_TN,failure,32,8,failure,failure,2468317.135,596391.120
SEC::$,SEC::HIG && CTR::FR,,,,,different,TN_TN,failure,32,8,failure,failure,2467938.209,598487.448
SEC::$,SEC::HIG && DPT::$,,,,,different,TN_TN,failure,64,16,failure,failure,5003165.492,1199369.082
SEC::$,SEC::HIG && DPT::$ && CTR::$,,,,,same,same,failure,64,64,failure,failure,4868516.504,4888844.099
SEC::$,SEC::HIG && DPT::$ && CTR::EN,,,,,same,same,failure,32,32,failure,failure,2455979.458,2430956.617
SEC::$,SEC::HIG && DPT::$ && CTR::FR,,,,,same,same,failure,32,32,failure,failure,2441466.936,2435457.499
SEC::$,SEC::HIG && DPT::DEV,,,,,different,TN_TN,failure,32,8,failure,failure,2865610.979,594522.951
SEC::$,SEC::HIG && DPT::DEV && CTR::$,,,,,same,same,failure,32,32,failure,failure,2426629.289,2435790.769
SEC::$,SEC::HIG && DPT::DEV && CTR::EN,,,,,same,same,failure,16,16,failure,failure,1204637.244,1205771.641
SEC::$,SEC::HIG && DPT::DEV && CTR::FR,,,,,same,same,failure,16,16,failure,failure,1195449.039,1214596.489
SEC::$,SEC::HIG && DPT::MKG,,,,,different,TN_TN,failure,32,8,failure,failure,2432032.860,599508.117
SEC::$,SEC::HIG && DPT::MKG && CTR::$,,,,,same,same,failure,32,32,failure,failure,2425993.277,2422996.329
SEC::$,SEC::HIG && DPT::MKG && CTR::EN,,,,,same,same,failure,16,16,failure,failure,1202259.863,1202961.199
SEC::$,SEC::HIG && DPT::MKG && CTR::FR,,,,,same,same,failure,16,16,failure,failure,1202583.786,1201112.587
SEC::$,SEC::LOW,,,,,different,TN_TN,failure,32,2,failure,failure,2461002.370,148149.546
SEC::$,SEC::LOW && CTR::$,,,,,different,TN_TN,failure,32,8,failure,failure,2454696.512,599183.313
SEC::$,SEC::LOW && CTR::EN,,,,,different,TN_TN,failure,16,4,failure,failure,1228694.303,296509.407
SEC::$,SEC::LOW && CTR::FR,,,,,different,TN_TN,failure,16,4,failure,failure,1238859.906,297425.280
SEC::$,SEC::LOW && DPT::$,,,,,different,TN_TN,failure,32,8,failure,failure,2431276.852,593922.745
SEC::$,SEC::LOW && DPT::$ && CTR::$,,,,,same,same,failure,32,32,failure,failure,2438361.461,2411544.749
SEC::$,SEC::LOW && DPT::$ && CTR::EN,,,,,same,same,failure,16,16,failure,failure,1198752.710,1192121.913
SEC::$,SEC::LOW && DPT::$ && CTR::FR,,,,,same,same,failure,16,16,failure,failure,1216328.598,1190594.742
SEC::$,SEC::LOW && DPT::DEV,,,,,different,TN_TN,failure,16,4,failure,failure,1219887.113,298958.181
SEC::$,SEC::LOW && DPT::DEV && CTR::$,,,,,same,same,failure,16,16,failure,failure,1217373.042,1209737.265
SEC::$,SEC::LOW && DPT::DEV && CTR::EN,,,,,same,same,failure,8,8,failure,failure,601703.856,598352.600
SEC::$,SEC::LOW && DPT::DEV && CTR::FR,,,,,same,same,failure,8,8,failure,failure,595548.905,600290.019
SEC::$,SEC::LOW && DPT::MKG,,,,,different,TN_TN,failure,16,4,failure,failure,1198443.656,297982.190
SEC::$,SEC::LOW && DPT::MKG && CTR::$,,,,,same,same,failure,16,16,failure,failure,1203462.073,1207551.925
SEC::$,SEC::LOW && DPT::MKG && CTR::EN,,,,,same,same,failure,8,8,failure,failure,594412.679,597966.946
SEC::$,SEC::LOW && DPT::MKG && CTR::FR,,,,,same,same,failure,8,8,failure,failure,608363.963,591344.259
SEC::$,SEC::MED,,,,,different,TN_TN,failure,48,3,failure,failure,3654551.329,220756.554
SEC::$,SEC::MED && CTR::$,,,,,different,TN_TN,failure,48,12,failure,failure,3698657.987,888084.815
SEC::$,SEC::MED && CTR::EN,,,,,different,TN_TN,failure,24,6,failure,failure,1844019.419,441944.988
SEC::$,SEC::MED && CTR::FR,,,,,different,TN_TN,failure,24,6,failure,failure,1809173.457,446737.102
SEC::$,SEC::MED && DPT::$,,,,,different,TN_TN,failure,48,12,failure,failure,3700480.987,893131.812
SEC::$,SEC::MED && DPT::$ && CTR::$,,,,,same,same,failure,48,48,failure,failure,3700158.532,3652112.133
SEC::$,SEC::MED && DPT::$ && CTR::EN,,,,,same,same,failure,24,24,failure,failure,1818581.023,1812940.288
SEC::$,SEC::MED && DPT::$ && CTR::FR,,,,,same,same,failure,24,24,failure,failure,1809416.528,1797673.871
SEC::$,SEC::MED && DPT::DEV,,,,,different,TN_TN,failure,24,6,failure,failure,1837412.431,443775.642
SEC::$,SEC::MED && DPT::DEV && CTR::$,,,,,same,same,failure,24,24,failure,failure,1810865.987,1822989.151
SEC::$,SEC::MED && DPT::DEV && CTR::EN,,,,,same,same,failure,12,12,failure,failure,911150.015,893657.558
SEC::$,SEC::MED && DPT::DEV && CTR::FR,,,,,same,same,failure,12,12,failure,failure,899646.762,903383.586
SEC::$,SEC::MED && DPT::MKG,,,,,different,TN_TN,failure,24,6,failure,failure,1824174.755,446904.261
SEC::$,SEC::MED && DPT::MKG && CTR::$,,,,,same,same,failure,24,24,failure,failure,1840688.241,1820965.215
SEC::$,SEC::MED && DPT::MKG && CTR::EN,,,,,same,same,failure,12,12,failure,failure,903202.627,896248.833
SEC::$,SEC::MED && DPT::MKG && CTR::FR,,,,,same,same,failure,12,12,failure,failure,904371.975,901996.926
SEC::$ && CTR::$,CTR::$,,,,,different,TN_FP,failure,80,4,success,failure,3401388.253,296112.599
SEC::$ && CTR::$,CTR::EN,,,,,different,TN_TN,failure,40,2,failure,failure,3044538.317,148159.811
SEC::$ && CTR::$,CTR::FR,,,,,different,TN_TN,failure,40,2,failure,failure,3066204.121,148138.010
SEC::$ && CTR::$,DPT::$,,,,,different,TN_FP,failure,80,4,success,failure,3101075.277,306979.086
SEC::$ && CTR::$,DPT::$ && CTR::$,,,,,different,TN_FP,failure,80,16,success,failure,3166152.626,1199744.746
SEC::$ && CTR::$,DPT::$ && CTR::EN,,,,,different,TN_TN,failure,40,8,failure,failure,3058895.612,595367.651
SEC::$ && CTR::$,DPT::$ && CTR::FR,,,,,different,TN_TN,failure,40,8,failure,failure,3081062.242,593825.869
SEC::$ && CTR::$,DPT::DEV,,,,,different,TN_FP,failure,40,2,success,failure,1629828.245,147984.422
SEC::$ && CTR::$,DPT::DEV && CTR::$,,,,,different,TN_FP,failure,40,8,success,failure,1648704.728,592023.603
SEC::$ && CTR::$,DPT::DEV && CTR::EN,,,,,different,TN_TN,failure,20,4,failure,failure,1532349.239,295707.534
SEC::$ && CTR::$,DPT::DEV && CTR::FR,,,,,different,TN_TN,failure,20,4,failure,failure,1523646.424,296078.039
SEC::$ && CTR::$,DPT::MKG,,,,,different,TN_FP,failure,40,2,success,failure,1661698.410,151568.004
SEC::$ && CTR::$,DPT::MKG && CTR::$,,,,,different,TN_FP,failure,40,8,success,failure,1674675.127,600472.787
SEC::$ && CTR::$,DPT::MKG && CTR::EN,,,,,different,TN_TN,failure,20,4,failure,failure,1519823.248,298359.993
SEC::$ && CTR::$,DPT::MKG && CTR::FR,,,,,different,TN_TN,failure,20,4,failure,failure,1510238.519,298324.722
SEC::$ && CTR::$,SEC::$,,,,,different,TN_FP,failure,80,5,success,failure,3204372.666,378560.204
SEC::$ && CTR::$,SEC::$ && CTR::$,,,,,different,TP_TP,success,80,20,success,success,3103057.880,890562.117
SEC::$ && CTR::$,SEC::$ && CTR::EN,,,,,different,TN_TN,failure,40,10,failure,failure,2907159.925,917188.100
SEC::$ && CTR::$,SEC::$ && CTR::FR,,,,,different,TN_TN,failure,40,10,failure,failure,3967095.664,1018569.471
SEC::$ && CTR::$,SEC::$ && DPT::$,,,,,different,TN_FP,failure,80,20,success,failure,3329286.749,1381950.859
SEC::$ && CTR::$,SEC::$ && DPT::$ && CTR::$,,,,,same,same,success,80,80,success,success,3262027.748,2902830.068
SEC::$ && CTR::$,SEC::$ && DPT::$ && CTR::EN,,,,,same,same,failure,40,40,failure,failure,2962822.108,2821476.554
SEC::$ && CTR::$,SEC::$ && DPT::$ && CTR::FR,,,,,same,same,failure,40,40,failure,failure,2939026.038,2799355.646
SEC::$ && CTR::$,SEC::$ && DPT::DEV,,,,,different,TN_FP,failure,40,10,success,failure,1589026.175,738274.593
SEC::$ && CTR::$,SEC::$ && DPT::DEV && CTR::$,,,,,same,same,success,40,40,success,success,1566876.278,1555880.954
SEC::$ && CTR::$,SEC::$ && DPT::DEV && CTR::EN,,,,,same,same,failure,20,20,failure,failure,1483502.836,1500853.987
SEC::$ && CTR::$,SEC::$ && DPT::DEV && CTR::FR,,,,,same,same,failure,20,20,failure,failure,1473318.452,1470812.231
SEC::$ && CTR::$,SEC::$ && DPT::MKG,,,,,different,TN_FP,failure,40,10,success,failure,1618791.047,722998.720
SEC::$ && CTR::$,SEC::$ && DPT::MKG && CTR::$,,,,,same,same,success,40,40,success,success,1688667.938,1477012.947
SEC::$ && CTR::$,SEC::$ && DPT::MKG && CTR::EN,,,,,same,same,failure,20,20,failure,failure,1457101.312,1467655.991
SEC::$ && CTR::$,SEC::$ && DPT::MKG && CTR::FR,,,,,same,same,failure,20,20,failure,failure,1463499.844,1441336.592
SEC::$ && CTR::$,SEC::HIG,,,,,different,TN_TN,failure,64,4,failure,failure,4843720.478,289311.596
SEC::$ && CTR::$,SEC::HIG && CTR::$,,,,,different,TN_TN,failure,64,16,failure,failure,4787630.758,1169030.258
SEC::$ && CTR::$,SEC::HIG && CTR::EN,,,,,different,TN_TN,failure,32,8,failure,failure,2381354.135,580773.210
SEC::$ && CTR::$,SEC::HIG && CTR::FR,,,,,different,TN_TN,failure,32,8,failure,failure,2389824.143,580959.775
SEC::$ && CTR::$,SEC::HIG && DPT::$,,,,,different,TN_TN,failure,64,16,failure,failure,4721743.945,1194979.498
SEC::$ && CTR::$,SEC::HIG && DPT::$ && CTR::$,,,,,same,same,failure,64,64,failure,failure,4654030.287,4897741.332
SEC::$ && CTR::$,SEC::HIG && DPT::$ && CTR::EN,,,,,same,same,failure,32,32,failure,failure,2331397.323,2392202.479
SEC::$ && CTR::$,SEC::HIG && DPT::$ && CTR::FR,,,,,same,same,failure,32,32,failure,failure,2331521.371,2485717.695
SEC::$ && CTR::$,SEC::HIG && DPT::DEV,,,,,different,TN_TN,failure,32,8,failure,failure,2861204.048,586290.965
SEC::$ && CTR::$,SEC::HIG && DPT::DEV && CTR::$,,,,,same,same,failure,32,32,failure,failure,2366219.902,2371854.621
SEC::$ && CTR::$,SEC::HIG && DPT::DEV && CTR::EN,,,,,same,same,failure,16,16,failure,failure,1172840.219,1171414.271
SEC::$ && CTR::$,SEC::HIG && DPT::DEV && CTR::FR,,,,,same,same,failure,16,16,failure,failure,1169409.289,1172221.810
SEC::$ && CTR::$,SEC::HIG && DPT::MKG,,,,,different,TN_TN,failure,32,8,failure,failure,2374242.450,607618.345
SEC::$ && CTR::$,SEC::HIG && DPT::MKG && CTR::$,,,,,same,same,failure,32,32,failure,failure,2373877.460,2608568.908
SEC::$ && CTR::$,SEC::HIG && DPT::MKG && CTR::EN,,,,,same,same,failure,16,16,failure,failure,1181541.776,1209114.907
SEC::$ && CTR::$,SEC::HIG && DPT::MKG && CTR::FR,,,,,same,same,failure,16,16,failure,failure,1181589.070,1348202.360
SEC::$ && CTR::$,SEC::LOW,,,,,different,TN_TN,failure,32,2,failure,failure,2445457.817,148613.997
SEC::$ && CTR::$,SEC::LOW && CTR::$,,,,,different,TN_TN,failure,32,8,failure,failure,2446354.524,598372.733
SEC::$ && CTR::$,SEC::LOW && CTR::EN,,,,,different,TN_TN,failure,16,4,failure,failure,1211532.857,297947.249
SEC::$ && CTR::$,SEC::LOW && CTR::FR,,,,,different,TN_TN,failure,16,4,failure,failure,1237626.502,299022.526
SEC::$ && CTR::$,SEC::LOW && DPT::$,,,,,different,TN_TN,failure,32,8,failure,failure,2426993.633,592093.264
SEC::$ && CTR::$,SEC::LOW && DPT::$ && CTR::$,,,,,same,same,failure,32,32,failure,failure,2436320.623,2408522.220
SEC::$ && CTR::$,SEC::LOW && DPT::$ && CTR::EN,,,,,same,same,failure,16,16,failure,failure,1202621.171,1191977.286
SEC::$ && CTR::$,SEC::LOW && DPT::$ && CTR::FR,,,,,same,same,failure,16,16,failure,failure,1196344.533,1193918.748
SEC::$ && CTR::$,SEC::LOW && DPT::DEV,,,,,different,TN_TN,failure,16,4,failure,failure,1237584.599,298926.992
SEC::$ && CTR::$,SEC::LOW && DPT::DEV && CTR::$,,,,,same,same,failure,16,16,failure,failure,1231022.435,1193361.758
SEC::$ && CTR::$,SEC::LOW && DPT::DEV && CTR::EN,,,,,same,same,failure,8,8,failure,failure,610506.773,597452.862
SEC::$ && CTR::$,SEC::LOW && DPT::DEV && CTR::FR,,,,,same,same,failure,8,8,failure,failure,612925.424,593802.255
SEC::$ && CTR::$,SEC::LOW && DPT::MKG,,,,,different,TN_TN,failure,16,4,failure,failure,1229238.729,295550.589
SEC::$ && CTR::$,SEC::LOW && DPT::MKG && CTR::$,,,,,same,same,failure,16,16,failure,failure,1210105.210,1192709.414
SEC::$ && CTR::$,SEC::LOW && DPT::MKG && CTR::EN,,,,,same,same,failure,8,8,failure,failure,605695.113,591620.026
SEC::$ && CTR::$,SEC::LOW && DPT::MKG && CTR::FR,,,,,same,same,failure,8,8,failure,failure,603708.907,591720.409
SEC::$ && CTR::$,SEC::MED,,,,,different,TN_TN,failure,48,3,failure,failure,3659424.916,221771.198
SEC::$ && CTR::$,SEC::MED && CTR::$,,,,,different,TN_TN,failure,48,12,failure,failure,3643892.080,899266.704
SEC::$ && CTR::$,SEC::MED && CTR::EN,,,,,different,TN_TN,failure,24,6,failure,failure,1817720.173,443781.273
SEC::$ && CTR::$,SEC::MED && CTR::FR,,,,,different,TN_TN,failure,24,6,failure,failure,1871758.666,445080.720
SEC::$ && CTR::$,SEC::MED && DPT::$,,,,,different,TN_TN,failure,48,12,failure,failure,3610077.708,944947.941
SEC::$ && CTR::$,SEC::MED && DPT::$ && CTR::$,,,,,same,same,failure,48,48,failure,failure,3685636.797,3539141.894
SEC::$ && CTR::$,SEC::MED && DPT::$ && CTR::EN,,,,,same,same,failure,24,24,failure,failure,1833824.626,1758246.015
SEC::$ && CTR::$,SEC::MED && DPT::$ && CTR::FR,,,,,same,same,failure,24,24,failure,failure,1913243.816,1760365.791
SEC::$ && CTR::$,SEC::MED && DPT::DEV,,,,,different,TN_TN,failure,24,6,failure,failure,1833909.956,450075.975
SEC::$ && CTR::$,SEC::MED && DPT::DEV && CTR::$,,,,,same,same,failure,24,24,failure,failure,1843785.881,1806827.907
SEC::$ && CTR::$,SEC::MED && DPT::DEV && CTR::EN,,,,,same,same,failure,12,12,failure,failure,904162.652,899655.333
SEC::$ && CTR::$,SEC::MED && DPT::DEV && CTR::FR,,,,,same,same,failure,12,12,failure,failure,917958.410,906754.665
SEC::$ && CTR::$,SEC::MED && DPT::MKG,,,,,different,TN_TN,failure,24,6,failure,failure,1787266.039,442659.959
SEC::$ && CTR::$,SEC::MED && DPT::MKG && CTR::$,,,,,same,same,failure,24,24,failure,failure,1866705.803,1870436.100
SEC::$ && CTR::$,SEC::MED && DPT::MKG && CTR::EN,,,,,same,same,failure,12,12,failure,failure,903976.223,887642.701
SEC::$ && CTR::$,SEC::MED && DPT::MKG && CTR::FR,,,,,same,same,failure,12,12,failure,failure,895832.838,889329.109
SEC::$ && CTR::EN,CTR::$,,,,,different,TN_FP,failure,80,4,success,failure,3276343.120,300236.148
SEC::$ && CTR::EN,CTR::EN,,,,,different,TN_FP,failure,40,2,success,failure,1822587.644,150179.820
SEC::$ && CTR::EN,CTR::FR,,,,,different,TN_TN,failure,40,2,failure,failure,3056038.569,149018.176
SEC::$ && CTR::EN,DPT::$,,,,,different,TN_FP,failure,80,4,success,failure,3568696.521,297054.370
SEC::$ && CTR::EN,DPT::$ && CTR::$,,,,,different,TN_FP,failure,80,16,success,failure,3304117.453,1204942.455
SEC::$ && CTR::EN,DPT::$ && CTR::EN,,,,,different,TN_FP,failure,40,8,success,failure,1655980.184,592801.658
SEC::$ && CTR::EN,DPT::$ && CTR::FR,,,,,different,TN_TN,failure,40,8,failure,failure,3102374.212,595109.867
SEC::$ && CTR::EN,DPT::DEV,,,,,different,TN_FP,failure,40,2,success,failure,1703177.790,150913.176
SEC::$ && CTR::EN,DPT::DEV && CTR::$,,,,,different,TN_FP,failure,40,8,success,failure,1625446.717,592741.008
SEC::$ && CTR::EN,DPT::DEV && CTR::EN,,,,,different,TN_FP,failure,20,4,success,failure,923723.845,295955.308
SEC::$ && CTR::EN,DPT::DEV && CTR::FR,,,,,different,TN_TN,failure,20,4,failure,failure,1532975.529,298434.112
SEC::$ && CTR::EN,DPT::MKG,,,,,different,TN_FP,failure,40,2,success,failure,1614833.263,147463.399
SEC::$ && CTR::EN,DPT::MKG && CTR::$,,,,,different,TN_FP,failure,40,8,success,failure,1673612.563,601049.037
SEC::$ && CTR::EN,DPT::MKG && CTR::EN,,,,,different,TN_FP,failure,20,4,success,failure,895856.017,298035.756
SEC::$ && CTR::EN,DPT::MKG && CTR::FR,,,,,different,TN_TN,failure,20,4,failure,failure,1508641.464,296330.412
SEC::$ && CTR::EN,SEC::$,,,,,different,TN_FP,failure,80,5,success,failure,3277302.434,364057.351
SEC::$ && CTR::EN,SEC::$ && CTR::$,,,,,different,TP_TP,success,80,20,success,success,3158611.365,849218.446
SEC::$ && CTR::EN,SEC::$ && CTR::EN,,,,,different,TP_TP,success,40,10,success,success,1570189.312,532283.395
SEC::$ && CTR::EN,SEC::$ && CTR::FR,,,,,different,TN_TN,failure,40,10,failure,failure,3005871.458,733383.514
SEC::$ && CTR::EN,SEC::$ && DPT::$,,,,,different,TN_FP,failure,80,20,success,failure,3395687.010,1550344.163
SEC::$ && CTR::EN,SEC::$ && DPT::$ && CTR::$,,,,,same,same,success,80,80,success,success,3045461.820,3391533.268
SEC::$ && CTR::EN,SEC::$ && DPT::$ && CTR::EN,,,,,same,same,success,40,40,success,success,1671198.725,1724304.224
SEC::$ && CTR::EN,SEC::$ && DPT::$ && CTR::FR,,,,,same,same,failure,40,40,failure,failure,2967629.260,3023636.450
SEC::$ && CTR::EN,SEC::$ && DPT::DEV,,,,,different,TN_FP,failure,40,10,success,failure,1715596.735,733500.158
SEC::$ && CTR::EN,SEC::$ && DPT::DEV && CTR::$,,,,,same,same,success,40,40,success,success,1732733.339,1655433.985
SEC::$ && CTR::EN,SEC::$ && DPT::DEV && CTR::EN,,,,,same,same,success,20,20,success,success,957082.788,891092.277
SEC::$ && CTR::EN,SEC::$ && DPT::DEV && CTR::FR,,,,,same,same,failure,20,20,failure,failure,1505201.607,1473692.783
SEC::$ && CTR::EN,SEC::$ && DPT::MKG,,,,,different,TN_FP,failure,40,10,success,failure,1623440.563,738285.439
SEC::$ && CTR::EN,SEC::$ && DPT::MKG && CTR::$,,,,,same,same,success,40,40,success,success,1583025.049,1769439.591
SEC::$ && CTR::EN,SEC::$ && DPT::MKG && CTR::EN,,,,,same,same,success,20,20,success,success,897680.183,931955.525
SEC::$ && CTR::EN,SEC::$ && DPT::MKG && CTR::FR,,,,,same,same,failure,20,20,failure,failure,1480475.086,1502422.669
SEC::$ && CTR::EN,SEC::HIG,,,,,different,TN_TN,failure,64,4,failure,failure,4851588.531,299026.163
SEC::$ && CTR::EN,SEC::HIG && CTR::$,,,,,different,TN_TN,failure,64,16,failure,failure,4866902.176,1203398.274
SEC::$ && CTR::EN,SEC::HIG && CTR::EN,,,,,different,TN_TN,failure,32,8,failure,failure,2447740.123,597047.387
SEC::$ && CTR::EN,SEC::HIG && CTR::FR,,,,,different,TN_TN,failure,32,8,failure,failure,2453788.212,598629.785
SEC::$ && CTR::EN,SEC::HIG && DPT::$,,,,,different,TN_TN,failure,64,16,failure,failure,4929004.168,1206568.876
SEC::$ && CTR::EN,SEC::HIG && DPT::$ && CTR::$,,,,,same,same,failure,64,64,failure,failure,4896315.779,4777414.168
SEC::$ && CTR::EN,SEC::HIG && DPT::$ && CTR::EN,,,,,same,same,failure,32,32,failure,failure,2502738.161,2412052.998
SEC::$ && CTR::EN,SEC::HIG && DPT::$ && CTR::FR,,,,,same,same,failure,32,32,failure,failure,2408980.860,2390182.143
SEC::$ && CTR::EN,SEC::HIG && DPT::DEV,,,,,different,TN_TN,failure,32,8,failure,failure,2716099.248,594776.231
SEC::$ && CTR::EN,SEC::HIG && DPT::DEV && CTR::$,,,,,same,same,failure,32,32,failure,failure,2441534.558,2430129.214
SEC::$ && CTR::EN,SEC::HIG && DPT::DEV && CTR::EN,,,,,same,same,failure,16,16,failure,failure,1223303.195,1201824.567
SEC::$ && CTR::EN,SEC::HIG && DPT::DEV && CTR::FR,,,,,same,same,failure,16,16,failure,failure,1200655.279,1206844.133
SEC::$ && CTR::EN,SEC::HIG && DPT::MKG,,,,,different,TN_TN,failure,32,8,failure,failure,2490440.950,592827.616
SEC::$ && CTR::EN,SEC::HIG && DPT::MKG && CTR::$,,,,,same,same,failure,32,32,failure,failure,2410914.367,2435429.150
SEC::$ && CTR::EN,SEC::HIG && DPT::MKG && CTR::EN,,,,,same,same,failure,16,16,failure,failure,1179519.603,1194656.397
SEC::$ && CTR::EN,SEC::HIG && DPT::MKG && CTR::FR,,,,,same,same,failure,16,16,failure,failure,1177824.829,1195870.990
SEC::$ && CTR::EN,SEC::LOW,,,,,different,TN_TN,failure,32,2,failure,failure,2466691.592,150313.811
SEC::$ && CTR::EN,SEC::LOW && CTR::$,,,,,different,TN_TN,failure,32,8,failure,failure,2459644.447,599658.419
SEC::$ && CTR::EN,SEC::LOW && CTR::EN,,,,,different,TN_TN,failure,16,4,failure,failure,1196140.841,300571.688
SEC::$ && CTR::EN,SEC::LOW && CTR::FR,,,,,different,TN_TN,failure,16,4,failure,failure,1218298.599,300274.465
SEC::$ && CTR::EN,SEC::LOW && DPT::$,,,,,different,TN_TN,failure,32,8,failure,failure,2435738.806,597744.935
SEC::$ && CTR::EN,SEC::LOW && DPT::$ && CTR::$,,,,,same,same,failure,32,32,failure,failure,2502322.681,2439239.393
SEC::$ && CTR::EN,SEC::LOW && DPT::$ && CTR::EN,,,,,same,same,failure,16,16,failure,failure,1200787.863,1207414.768
SEC::$ && CTR::EN,SEC::LOW && DPT::$ && CTR::FR,,,,,same,same,failure,16,16,failure,failure,1204213.644,1206430.171
SEC::$ && CTR::EN,SEC::LOW && DPT::DEV,,,,,different,TN_TN,failure,16,4,failure,failure,1205640.019,297702.155
SEC::$ && CTR::EN,SEC::LOW && DPT::DEV && CTR::$,,,,,same,same,failure,16,16,failure,failure,1195106.215,1209593.215
SEC::$ && CTR::EN,SEC::LOW && DPT::DEV && CTR::EN,,,,,same,same,failure,8,8,failure,failure,594865.173,595697.375
SEC::$ && CTR::EN,SEC::LOW && DPT::DEV && CTR::FR,,,,,same,same,failure,8,8,failure,failure,594037.536,593179.952
SEC::$ && CTR::EN,SEC::LOW && DPT::MKG,,,,,different,TN_TN,failure,16,4,failure,failure,1213082.475,299516.829
SEC::$ && CTR::EN,SEC::LOW && DPT::MKG && CTR::$,,,,,same,same,failure,16,16,failure,failure,1208493.056,1208736.818
SEC::$ && CTR::EN,SEC::LOW && DPT::MKG && CTR::EN,,,,,same,same,failure,8,8,failure,failure,601815.666,599712.731
SEC::$ && CTR::EN,SEC::LOW && DPT::MKG && CTR::FR,,,,,same,same,failure,8,8,failure,failure,602445.828,599454.932
SEC::$ && CTR::EN,SEC::MED,,,,,different,TN_TN,failure,48,3,failure,failure,3698763.970,224521.587
SEC::$ && CTR::EN,SEC::MED && CTR::$,,,,,different,TN_TN,failure,48,12,failure,failure,3664518.194,900134.181
SEC::$ && CTR::EN,SEC::MED && CTR::EN,,,,,different,TN_TN,failure,24,6,failure,failure,1838330.629,447232.111
SEC::$ && CTR::EN,SEC::MED && CTR::FR,,,,,different,TN_TN,failure,24,6,failure,failure,1835086.979,449232.928
SEC::$ && CTR::EN,SEC::MED && DPT::$,,,,,different,TN_TN,failure,48,12,failure,failure,3652905.897,893882.140
SEC::$ && CTR::EN,SEC::MED && DPT::$ && CTR::$,,,,,same,same,failure,48,48,failure,failure,3700745.533,3664033.445
SEC::$ && CTR::EN,SEC::MED && DPT::$ && CTR::EN,,,,,same,same,failure,24,24,failure,failure,1817270.900,1811856.029
SEC::$ && CTR::EN,SEC::MED && DPT::$ && CTR::FR,,,,,same,same,failure,24,24,failure,failure,1829891.093,1810025.024
SEC::$ && CTR::EN,SEC::MED && DPT::DEV,,,,,different,TN_TN,failure,24,6,failure,failure,1805781.444,450250.787
SEC::$ && CTR::EN,SEC::MED && DPT::DEV && CTR::$,,,,,same,same,failure,24,24,failure,failure,1838821.168,1829571.348
SEC::$ && CTR::EN,SEC::MED && DPT::DEV && CTR::EN,,,,,same,same,failure,12,12,failure,failure,894310.458,906763.767
SEC::$ && CTR::EN,SEC::MED && DPT::DEV && CTR::FR,,,,,same,same,failure,12,12,failure,failure,894176.737,908917.542
SEC::$ && CTR::EN,SEC::MED && DPT::MKG,,,,,different,TN_TN,failure,24,6,failure,failure,1814767.364,449581.838
SEC::$ && CTR::EN,SEC::MED && DPT::MKG && CTR::$,,,,,same,same,failure,24,24,failure,failure,1905030.390,1825580.627
SEC::$ && CTR::EN,SEC::MED && DPT::MKG && CTR::EN,,,,,same,same,failure,12,12,failure,failure,905009.862,897407.121
SEC::$ && CTR::EN,SEC::MED && DPT::MKG && CTR::FR,,,,,same,same,failure,12,12,failure,failure,904601.506,895427.213
SEC::$ && CTR::FR,CTR::$,,,,,different,TN_FP,failure,80,4,success,failure,3234103.749,294218.436
SEC::$ && CTR::FR,CTR::EN,,,,,different,TN_TN,failure,40,2,failure,failure,3045791.353,147194.480
SEC::$ && CTR::FR,CTR::FR,,,,,different,TN_FP,failure,40,2,success,failure,1622429.622,147035.572
SEC::$ && CTR::FR,DPT::$,,,,,different,TN_FP,failure,80,4,success,failure,3307593.272,308390.122
SEC::$ && CTR::FR,DPT::$ && CTR::$,,,,,different,TN_FP,failure,80,16,success,failure,3076651.459,1209594.682
SEC::$ && CTR::FR,DPT::$ && CTR::EN,,,,,different,TN_TN,failure,40,8,failure,failure,3085385.587,607012.007
SEC::$ && CTR::FR,DPT::$ && CTR::FR,,,,,different,TN_FP,failure,40,8,success,failure,1670145.345,598105.120
SEC::$ && CTR::FR,DPT::DEV,,,,,different,TN_FP,failure,40,2,success,failure,1740870.597,147344.762
SEC::$ && CTR::FR,DPT::DEV && CTR::$,,,,,different,TN_FP,failure,40,8,success,failure,1639713.447,589555.794
SEC::$ && CTR::FR,DPT::DEV && CTR::EN,,,,,different,TN_TN,failure,20,4,failure,failure,1507187.066,294951.765
SEC::$ && CTR::FR,DPT::DEV && CTR::FR,,,,,different,TN_FP,failure,20,4,success,failure,851908.362,294481.053
SEC::$ && CTR::FR,DPT::MKG,,,,,different,TN_FP,failure,40,2,success,failure,1790140.231,147619.963
SEC::$ && CTR::FR,DPT::MKG && CTR::$,,,,,different,TN_FP,failure,40,8,success,failure,1702438.474,600159.775
SEC::$ && CTR::FR,DPT::MKG && CTR::EN,,,,,different,TN_TN,failure,20,4,failure,failure,1529677.813,295217.709
SEC::$ && CTR::FR,DPT::MKG && CTR::FR,,,,,different,TN_FP,failure,20,4,success,failure,895655.961,296535.942
SEC::$ && CTR::FR,SEC::$,,,,,different,TN_FP,failure,80,5,success,failure,3022351.681,361677.852
SEC::$ && CTR::FR,SEC::$ && CTR::$,,,,,different,TP_TP,success,80,20,success,success,3628427.833,889453.823
SEC::$ && CTR::FR,SEC::$ && CTR::EN,,,,,different,TN_TN,failure,40,10,failure,failure,3001959.239,727761.208
SEC::$ && CTR::FR,SEC::$ && CTR::FR,,,,,different,TP_TP,success,40,10,success,success,1698364.893,484393.010
SEC::$ && CTR::FR,SEC::$ && DPT::$,,,,,different,TN_FP,failure,80,20,success,failure,3248973.126,1548343.110
SEC::$ && CTR::FR,SEC::$ && DPT::$ && CTR::$,,,,,same,same,success,80,80,success,success,3232662.195,3012071.678
SEC::$ && CTR::FR,SEC::$ && DPT::$ && CTR::EN,,,,,same,same,failure,40,40,failure,failure,2982211.833,3143174.875
SEC::$ && CTR::FR,SEC::$ && DPT::$ && CTR::FR,,,,,same,same,success,40,40,success,success,1613519.745,1660077.781
SEC::$ && CTR::FR,SEC::$ && DPT::DEV,,,,,different,TN_FP,failure,40,10,success,failure,1632029.198,726745.508
SEC::$ && CTR::FR,SEC::$ && DPT::DEV && CTR::$,,,,,same,same,success,40,40,success,success,1613467.977,1741213.100
SEC::$ && CTR::FR,SEC::$ && DPT::DEV && CTR::EN,,,,,same,same,failure,20,20,failure,failure,1491670.316,1474131.302
SEC::$ && CTR::FR,SEC::$ && DPT::DEV && CTR::FR,,,,,same,same,success,20,20,success,success,851776.705,877756.456
SEC::$ && CTR::FR,SEC::$ && DPT::MKG,,,,,different,TN_FP,failure,40,10,success,failure,1602809.590,729346.887
SEC::$ && CTR::FR,SEC::$ && DPT::MKG && CTR::$,,,,,same,same,success,40,40,success,success,1589042.320,1738550.611
SEC::$ && CTR::FR,SEC::$ && DPT::MKG && CTR::EN,,,,,same,same,failure,20,20,failure,failure,1471773.579,1479116.036
SEC::$ && CTR::FR,SEC::$ && DPT::MKG && CTR::FR,,,,,same,same,success,20,20,success,success,853943.264,946741.015
SEC::$ && CTR::FR,SEC::HIG,,,,,different,TN_TN,failure,64,4,failure,failure,4911933.197,298229.269
SEC::$ && CTR::FR,SEC::HIG && CTR::$,,,,,different,TN_TN,failure,64,16,failure,failure,5188617.484,1213090.339
SEC::$ && CTR::FR,SEC::HIG && CTR::EN,,,,,different,TN_TN,failure,32,8,failure,failure,2429693.487,597812.166
SEC::$ && CTR::FR,SEC::HIG && CTR::FR,,,,,different,TN_TN,failure,32,8,failure,failure,2414261.315,598671.613
SEC::$ && CTR::FR,SEC::HIG && DPT::$,,,,,different,TN_TN,failure,64,16,failure,failure,4951489.666,1203117.778
SEC::$ && CTR::FR,SEC::HIG && DPT::$ && CTR::$,,,,,same,same,failure,64,64,failure,failure,4885964.146,4753914.109
SEC::$ && CTR::FR,SEC::HIG && DPT::$ && CTR::EN,,,,,same,same,failure,32,32,failure,failure,2402725.953,2428903.521
SEC::$ && CTR::FR,SEC::HIG && DPT::$ && CTR::FR,,,,,same,same,failure,32,32,failure,failure,2439677.535,2412628.121
SEC::$ && CTR::FR,SEC::HIG && DPT::DEV,,,,,different,TN_TN,failure,32,8,failure,failure,2425036.407,603854.946
SEC::$ && CTR::FR,SEC::HIG && DPT::DEV && CTR::$,,,,,same,same,failure,32,32,failure,failure,2424357.047,2429494.894
SEC::$ && CTR::FR,SEC::HIG && DPT::DEV && CTR::EN,,,,,same,same,failure,16,16,failure,failure,1218545.667,1216323.228
SEC::$ && CTR::FR,SEC::HIG && DPT::DEV && CTR::FR,,,,,same,same,failure,16,16,failure,failure,1222763.353,1206046.181
SEC::$ && CTR::FR,SEC::HIG && DPT::MKG,,,,,different,TN_TN,failure,32,8,failure,failure,2380990.187,595486.098
SEC::$ && CTR::FR,SEC::HIG && DPT::MKG && CTR::$,,,,,same,same,failure,32,32,failure,failure,2488204.875,2412327.192
SEC::$ && CTR::FR,SEC::HIG && DPT::MKG && CTR::EN,,,,,same,same,failure,16,16,failure,failure,1201813.211,1202987.574
SEC::$ && CTR::FR,SEC::HIG && DPT::MKG && CTR::FR,,,,,same,same,failure,16,16,failure,failure,1196631.802,1201094.052
SEC::$ && CTR::FR,SEC::LOW,,,,,different,TN_TN,failure,32,2,failure,failure,2440790.146,148690.215
SEC::$ && CTR::FR,SEC::LOW && CTR::$,,,,,different,TN_TN,failure,32,8,failure,failure,2419289.893,596455.627
SEC::$ && CTR::FR,SEC::LOW && CTR::EN,,,,,different,TN_TN,failure,16,4,failure,failure,1228265.379,296615.632
SEC::$ && CTR::FR,SEC::LOW && CTR::FR,,,,,different,TN_TN,failure,16,4,failure,failure,1206483.491,296230.108
SEC::$ && CTR::FR,SEC::LOW && DPT::$,,,,,different,TN_TN,failure,32,8,failure,failure,2427558.638,593003.521
SEC::$ && CTR::FR,SEC::LOW && DPT::$ && CTR::$,,,,,same,same,failure,32,32,failure,failure,2455136.467,2429082.746
SEC::$ && CTR::FR,SEC::LOW && DPT::$ && CTR::EN,,,,,same,same,failure,16,16,failure,failure,1217067.895,1193735.590
SEC::$ && CTR::FR,SEC::LOW && DPT::$ && CTR::FR,,,,,same,same,failure,16,16,failure,failure,1227632.447,1197649.951
SEC::$ && CTR::FR,SEC::LOW && DPT::DEV,,,,,different,TN_TN,failure,16,4,failure,failure,1220714.090,297688.173
SEC::$ && CTR::FR,SEC::LOW && DPT::DEV && CTR::$,,,,,same,same,failure,16,16,failure,failure,1204612.702,1207652.904
SEC::$ && CTR::FR,SEC::LOW && DPT::DEV && CTR::EN,,,,,same,same,failure,8,8,failure,failure,599654.151,599890.034
SEC::$ && CTR::FR,SEC::LOW && DPT::DEV && CTR::FR,,,,,same,same,failure,8,8,failure,failure,594838.468,595347.082
SEC::$ && CTR::FR,SEC::LOW && DPT::MKG,,,,,different,TN_TN,failure,16,4,failure,failure,1202147.162,295241.980
SEC::$ && CTR::FR,SEC::LOW && DPT::MKG && CTR::$,,,,,same,same,failure,16,16,failure,failure,1202520.588,1207560.427
SEC::$ && CTR::FR,SEC::LOW && DPT::MKG && CTR::EN,,,,,same,same,failure,8,8,failure,failure,596944.493,596886.485
SEC::$ && CTR::FR,SEC::LOW && DPT::MKG && CTR::FR,,,,,same,same,failure,8,8,failure,failure,600278.647,595882.581
SEC::$ && CTR::FR,SEC::MED,,,,,different,TN_TN,failure,48,3,failure,failure,3685943.763,224550.937
SEC::$ && CTR::FR,SEC::MED && CTR::$,,,,,different,TN_TN,failure,48,12,failure,failure,3642827.693,900043.261
SEC::$ && CTR::FR,SEC::MED && CTR::EN,,,,,different,TN_TN,failure,24,6,failure,failure,1829639.251,448960.147
SEC::$ && CTR::FR,SEC::MED && CTR::FR,,,,,different,TN_TN,failure,24,6,failure,failure,1807883.502,447769.889
SEC::$ && CTR::FR,SEC::MED && DPT::$,,,,,different,TN_TN,failure,48,12,failure,failure,3655881.243,897544.429
SEC::$ && CTR::FR,SEC::MED && DPT::$ && CTR::$,,,,,same,same,failure,48,48,failure,failure,3633271.674,3632078.340
SEC::$ && CTR::FR,SEC::MED && DPT::$ && CTR::EN,,,,,same,same,failure,24,24,failure,failure,1832738.765,1824065.630
SEC::$ && CTR::FR,SEC::MED && DPT::$ && CTR::FR,,,,,same,same,failure,24,24,failure,failure,1857403.749,1829146.391
SEC::$ && CTR::FR,SEC::MED && DPT::DEV,,,,,different,TN_TN,failure,24,6,failure,failure,1842837.603,448951.301
SEC::$ && CTR::FR,SEC::MED && DPT::DEV && CTR::$,,,,,same,same,failure,24,24,failure,failure,1824810.042,1822666.401
SEC::$ && CTR::FR,SEC::MED && DPT::DEV && CTR::EN,,,,,same,same,failure,12,12,failure,failure,900741.902,903268.090
SEC::$ && CTR::FR,SEC::MED && DPT::DEV && CTR::FR,,,,,same,same,failure,12,12,failure,failure,892912.029,903029.017
SEC::$ && CTR::FR,SEC::MED && DPT::MKG,,,,,different,TN_TN,failure,24,6,failure,failure,1820077.520,447640.461
SEC::$ && CTR::FR,SEC::MED && DPT::MKG && CTR::$,,,,,same,same,failure,24,24,failure,failure,1821191.109,1818745.091
SEC::$ && CTR::FR,SEC::MED && DPT::MKG && CTR::EN,,,,,same,same,failure,12,12,failure,failure,899026.909,900652.860
SEC::$ && CTR::FR,SEC::MED && DPT::MKG && CTR::FR,,,,,same,same,failure,12,12,failure,failure,892182.987,898449.957
SEC::$ && DPT::$,CTR::$,,,,,different,TN_FP,failure,80,4,success,failure,3375902.453,295727.907
SEC::$ && DPT::$,CTR::EN,,,,,different,TN_FP,failure,40,2,success,failure,1640390.542,149660.992
SEC::$ && DPT::$,CTR::FR,,,,,different,TN_FP,failure,40,2,success,failure,1628816.552,147706.185
SEC::$ && DPT::$,DPT::$,,,,,different,TN_FP,failure,80,4,success,failure,3334934.688,298443.525
SEC::$ && DPT::$,DPT::$ && CTR::$,,,,,different,TN_FP,failure,80,16,success,failure,3142829.086,1207122.790
SEC::$ && DPT::$,DPT::$ && CTR::EN,,,,,different,TN_FP,failure,40,8,success,failure,1581080.662,598363.620
SEC::$ && DPT::$,DPT::$ && CTR::FR,,,,,different,TN_FP,failure,40,8,success,failure,1744858.337,596254.930
SEC::$ && DPT::$,DPT::DEV,,,,,different,TN_TN,failure,40,2,failure,failure,3063172.014,147996.715
SEC::$ && DPT::$,DPT::DEV && CTR::$,,,,,different,TN_TN,failure,40,8,failure,failure,3044449.922,593574.833
SEC::$ && DPT::$,DPT::DEV && CTR::EN,,,,,different,TN_TN,failure,20,4,failure,failure,1508564.279,296357.774
SEC::$ && DPT::$,DPT::DEV && CTR::FR,,,,,different,TN_TN,failure,20,4,failure,failure,1528997.171,298529.977
SEC::$ && DPT::$,DPT::MKG,,,,,different,TN_TN,failure,40,2,failure,failure,2998497.446,147852.068
SEC::$ && DPT::$,DPT::MKG && CTR::$,,,,,different,TN_TN,failure,40,8,failure,failure,3087196.272,598961.843
SEC::$ && DPT::$,DPT::MKG && CTR::EN,,,,,different,TN_TN,failure,20,4,failure,failure,1511832.856,295716.264
SEC::$ && DPT::$,DPT::MKG && CTR::FR,,,,,different,TN_TN,failure,20,4,failure,failure,1517803.479,296642.883
SEC::$ && DPT::$,SEC::$,,,,,different,TN_FP,failure,80,5,success,failure,3028948.684,344730.959
SEC::$ && DPT::$,SEC::$ && CTR::$,,,,,different,TN_FP,failure,80,20,success,failure,3017969.746,1392922.394
SEC::$ && DPT::$,SEC::$ && CTR::EN,,,,,different,TN_FP,failure,40,10,success,failure,1574391.890,689198.895
SEC::$ && DPT::$,SEC::$ && CTR::FR,,,,,different,TN_FP,failure,40,10,success,failure,1620315.627,690503.988
SEC::$ && DPT::$,SEC::$ && DPT::$,,,,,different,TP_TP,success,80,20,success,success,2880988.218,793413.761
SEC::$ && DPT::$,SEC::$ && DPT::$ && CTR::$,,,,,same,same,success,80,80,success,success,2930999.947,2737297.144
SEC::$ && DPT::$,SEC::$ && DPT::$ && CTR::EN,,,,,same,same,success,40,40,success,success,1533833.819,1440420.299
SEC::$ && DPT::$,SEC::$ && DPT::$ && CTR::FR,,,,,same,same,success,40,40,success,success,1509641.880,1438956.332
SEC::$ && DPT::$,SEC::$ && DPT::DEV,,,,,different,TN_TN,failure,40,10,failure,failure,2897536.799,692040.334
SEC::$ && DPT::$,SEC::$ && DPT::DEV && CTR::$,,,,,same,same,failure,40,40,failure,failure,2861246.562,2798775.572
SEC::$ && DPT::$,SEC::$ && DPT::DEV && CTR::EN,,,,,same,same,failure,20,20,failure,failure,1409554.136,1394635.342
SEC::$ && DPT::$,SEC::$ && DPT::DEV && CTR::FR,,,,,same,same,failure,20,20,failure,failure,1409726.850,1396451.323
SEC::$ && DPT::$,SEC::$ && DPT::MKG,,,,,different,TN_TN,failure,40,10,failure,failure,3046734.106,680627.477
SEC::$ && DPT::$,SEC::$ && DPT::MKG && CTR::$,,,,,same,same,failure,40,40,failure,failure,2743041.325,2756752.408
SEC::$ && DPT::$,SEC::$ && DPT::MKG && CTR::EN,,,,,same,same,failure,20,20,failure,failure,1416163.378,1359574.667
SEC::$ && DPT::$,SEC::$ && DPT::MKG && CTR::FR,,,,,same,same,failure,20,20,failure,failure,1374744.972,1375750.213
SEC::$ && DPT::$,SEC::HIG,,,,,different,TN_TN,failure,64,4,failure,failure,4641411.131,301455.084
SEC::$ && DPT::$,SEC::HIG && CTR::$,,,,,different,TN_TN,failure,64,16,failure,failure,4699122.583,1221711.104
SEC::$ && DPT::$,SEC::HIG && CTR::EN,,,,,different,TN_TN,failure,32,8,failure,failure,2313680.416,587873.504
SEC::$ && DPT::$,SEC::HIG && CTR::FR,,,,,different,TN_TN,failure,32,8,failure,failure,2339033.126,589027.223
SEC::$ && DPT::$,SEC::HIG && DPT::$,,,,,different,TN_TN,failure,64,16,failure,failure,4798810.463,1173600.455
SEC::$ && DPT::$,SEC::HIG && DPT::$ && CTR::$,,,,,same,same,failure,64,64,failure,failure,4738438.429,4526706.529
SEC::$ && DPT::$,SEC::HIG && DPT::$ && CTR::EN,,,,,same,same,failure,32,32,failure,failure,2417577.590,2322189.070
SEC::$ && DPT::$,SEC::HIG && DPT::$ && CTR::FR,,,,,same,same,failure,32,32,failure,failure,2364988.186,2252284.513
SEC::$ && DPT::$,SEC::HIG && DPT::DEV,,,,,different,TN_TN,failure,32,8,failure,failure,2401097.523,598787.135
SEC::$ && DPT::$,SEC::HIG && DPT::DEV && CTR::$,,,,,same,same,failure,32,32,failure,failure,2345237.473,2377630.435
SEC::$ && DPT::$,SEC::HIG && DPT::DEV && CTR::EN,,,,,same,same,failure,16,16,failure,failure,1222783.451,1225979.320
SEC::$ && DPT::$,SEC::HIG && DPT::DEV && CTR::FR,,,,,same,same,failure,16,16,failure,failure,1191456.715,1219921.222
SEC::$ && DPT::$,SEC::HIG && DPT::MKG,,,,,different,TN_TN,failure,32,8,failure,failure,2374521.288,588620.635
SEC::$ && DPT::$,SEC::HIG && DPT::MKG && CTR::$,,,,,same,same,failure,32,32,failure,failure,2315003.858,2343220.946
SEC::$ && DPT::$,SEC::HIG && DPT::MKG && CTR::EN,,,,,same,same,failure,16,16,failure,failure,1153720.451,1184178.623
SEC::$ && DPT::$,SEC::HIG && DPT::MKG && CTR::FR,,,,,same,same,failure,16,16,failure,failure,1146142.972,1189156.901
SEC::$ && DPT::$,SEC::LOW,,,,,different,TN_TN,failure,32,2,failure,failure,2418488.069,148302.122
SEC::$ && DPT::$,SEC::LOW && CTR::$,,,,,different,TN_TN,failure,32,8,failure,failure,2404646.760,600881.258
SEC::$ && DPT::$,SEC::LOW && CTR::EN,,,,,different,TN_TN,failure,16,4,failure,failure,1190092.856,296462.465
SEC::$ && DPT::$,SEC::LOW && CTR::FR,,,,,different,TN_TN,failure,16,4,failure,failure,1202275.894,298224.009
SEC::$ && DPT::$,SEC::LOW && DPT::$,,,,,different,TN_TN,failure,32,8,failure,failure,2414151.424,584004.747
SEC::$ && DPT::$,SEC::LOW && DPT::$ && CTR::$,,,,,same,same,failure,32,32,failure,failure,2372444.076,2398410.027
SEC::$ && DPT::$,SEC::LOW && DPT::$ && CTR::EN,,,,,same,same,failure,16,16,failure,failure,1180185.152,1180127.178
SEC::$ && DPT::$,SEC::LOW && DPT::$ && CTR::FR,,,,,same,same,failure,16,16,failure,failure,1223233.640,1182395.654
SEC::$ && DPT::$,SEC::LOW && DPT::DEV,,,,,different,TN_TN,failure,16,4,failure,failure,1175566.339,299545.633
SEC::$ && DPT::$,SEC::LOW && DPT::DEV && CTR::$,,,,,same,same,failure,16,16,failure,failure,1217286.029,1183339.218
SEC::$ && DPT::$,SEC::LOW && DPT::DEV && CTR::EN,,,,,same,same,failure,8,8,failure,failure,628826.581,589310.464
SEC::$ && DPT::$,SEC::LOW && DPT::DEV && CTR::FR,,,,,same,same,failure,8,8,failure,failure,604166.571,585182.772
SEC::$ && DPT::$,SEC::LOW && DPT::MKG,,,,,different,TN_TN,failure,16,4,failure,failure,1228082.185,291495.543
SEC::$ && DPT::$,SEC::LOW && DPT::MKG && CTR::$,,,,,same,same,failure,16,16,failure,failure,1224267.529,1179380.799
SEC::$ && DPT::$,SEC::LOW && DPT::MKG && CTR::EN,,,,,same,same,failure,8,8,failure,failure,608867.002,584203.169
SEC::$ && DPT::$,SEC::LOW && DPT::MKG && CTR::FR,,,,,same,same,failure,8,8,failure,failure,593675.206,584301.253
SEC::$ && DPT::$,SEC::MED,,,,,different,TN_TN,failure,48,3,failure,failure,3576118.729,219121.367
SEC::$ && DPT::$,SEC::MED && CTR::$,,,,,different,TN_TN,failure,48,12,failure,failure,3587821.416,926944.806
SEC::$ && DPT::$,SEC::MED && CTR::EN,,,,,different,TN_TN,failure,24,6,failure,failure,1774162.275,438787.410
SEC::$ && DPT::$,SEC::MED && CTR::FR,,,,,different,TN_TN,failure,24,6,failure,failure,1769374.374,436111.767
SEC::$ && DPT::$,SEC::MED && DPT::$,,,,,different,TN_TN,failure,48,12,failure,failure,3559070.956,919857.267
SEC::$ && DPT::$,SEC::MED && DPT::$ && CTR::$,,,,,same,same,failure,48,48,failure,failure,3478262.856,3615827.984
SEC::$ && DPT::$,SEC::MED && DPT::$ && CTR::EN,,,,,same,same,failure,24,24,failure,failure,1765330.464,1866583.213
SEC::$ && DPT::$,SEC::MED && DPT::$ && CTR::FR,,,,,same,same,failure,24,24,failure,failure,1729374.915,1790893.363
SEC::$ && DPT::$,SEC::MED && DPT::DEV,,,,,different,TN_TN,failure,24,6,failure,failure,1797871.818,435868.305
SEC::$ && DPT::$,SEC::MED && DPT::DEV && CTR::$,,,,,same,same,failure,24,24,failure,failure,1772926.487,1788998.789
SEC::$ && DPT::$,SEC::MED && DPT::DEV && CTR::EN,,,,,same,same,failure,12,12,failure,failure,885270.375,875729.529
SEC::$ && DPT::$,SEC::MED && DPT::DEV && CTR::FR,,,,,same,same,failure,12,12,failure,failure,884598.265,890440.588
SEC::$ && DPT::$,SEC::MED && DPT::MKG,,,,,different,TN_TN,failure,24,6,failure,failure,1769342.208,437376.214
SEC::$ && DPT::$,SEC::MED && DPT::MKG && CTR::$,,,,,same,same,failure,24,24,failure,failure,1771094.500,1863620.571
SEC::$ && DPT::$,SEC::MED && DPT::MKG && CTR::EN,,,,,same,same,failure,12,12,failure,failure,874705.884,881358.042
SEC::$ && DPT::$,SEC::MED && DPT::MKG && CTR::FR,,,,,same,same,failure,12,12,failure,failure,874526.213,887116.343
SEC::$ && DPT::$ && CTR::$,CTR::$,,,,,different,TN_FP,failure,80,4,success,failure,3062656.973,275072.487
SEC::$ && DPT::$ && CTR::$,CTR::EN,,,,,different,TN_TN,failure,40,2,failure,failure,3011010.402,137722.853
SEC::$ && DPT::$ && CTR::$,CTR::FR,,,,,different,TN_TN,failure,40,2,failure,failure,2967110.913,137896.549
SEC::$ && DPT::$ && CTR::$,DPT::$,,,,,different,TN_FP,failure,80,4,success,failure,2906245.169,276202.963
SEC::$ && DPT::$ && CTR::$,DPT::$ && CTR::$,,,,,different,TN_FP,failure,80,16,success,failure,2893453.280,1081348.729
SEC::$ && DPT::$ && CTR::$,DPT::$ && CTR::EN,,,,,different,TN_TN,failure,40,8,failure,failure,2839003.104,550879.752
SEC::$ && DPT::$ && CTR::$,DPT::$ && CTR::FR,,,,,different,TN_TN,failure,40,8,failure,failure,2812036.857,550507.805
SEC::$ && DPT::$ && CTR::$,DPT::DEV,,,,,different,TN_TN,failure,40,2,failure,failure,2837402.177,137948.182
SEC::$ && DPT::$ && CTR::$,DPT::DEV && CTR::$,,,,,different,TN_TN,failure,40,8,failure,failure,2911266.287,552453.324
SEC::$ && DPT::$ && CTR::$,DPT::DEV && CTR::EN,,,,,different,TN_TN,failure,20,4,failure,failure,1430357.127,274867.813
SEC::$ && DPT::$ && CTR::$,DPT::DEV && CTR::FR,,,,,different,TN_TN,failure,20,4,failure,failure,1459033.477,275807.682
SEC::$ && DPT::$ && CTR::$,DPT::MKG,,,,,different,TN_TN,failure,40,2,failure,failure,2928453.161,136877.919
SEC::$ && DPT::$ && CTR::$,DPT::MKG && CTR::$,,,,,different,TN_TN,failure,40,8,failure,failure,2816748.420,556448.608
SEC::$ && DPT::$ && CTR::$,DPT::MKG && CTR::EN,,,,,different,TN_TN,failure,20,4,failure,failure,1370699.013,273841.729
SEC::$ && DPT::$ && CTR::$,DPT::MKG && CTR::FR,,,,,different,TN_TN,failure,20,4,failure,failure,1351403.099,278573.029
SEC::$ && DPT::$ && CTR::$,SEC::$,,,,,different,TN_FP,failure,80,5,success,failure,2583556.566,298625.712
SEC::$ && DPT::$ && CTR::$,SEC::$ && CTR::$,,,,,different,TN_FP,failure,80,20,success,failure,2568702.484,1197479.782
SEC::$ && DPT::$ && CTR::$,SEC::$ && CTR::EN,,,,,different,TN_TN,failure,40,10,failure,failure,2466784.931,593054.236
SEC::$ && DPT::$ && CTR::$,SEC::$ && CTR::FR,,,,,different,TN_TN,failure,40,10,failure,failure,2465515.700,593468.514
SEC::$ && DPT::$ && CTR::$,SEC::$ && DPT::$,,,,,different,TN_FP,failure,80,20,success,failure,2530820.055,1201316.680
SEC::$ && DPT::$ && CTR::$,SEC::$ && DPT::$ && CTR::$,,,,,same,same,success,80,80,success,success,2569334.649,2695540.139
SEC::$ && DPT::$ && CTR::$,SEC::$ && DPT::$ && CTR::EN,,,,,same,same,failure,40,40,failure,failure,2479585.723,2432564.032
SEC::$ && DPT::$ && CTR::$,SEC::$ && DPT::$ && CTR::FR,,,,,same,same,failure,40,40,failure,failure,2507551.815,2417000.954
SEC::$ && DPT::$ && CTR::$,SEC::$ && DPT::DEV,,,,,different,TN_TN,failure,40,10,failure,failure,2496695.882,591913.747
SEC::$ && DPT::$ && CTR::$,SEC::$ && DPT::DEV && CTR::$,,,,,same,same,failure,40,40,failure,failure,2486113.161,2414824.802
SEC::$ && DPT::$ && CTR::$,SEC::$ && DPT::DEV && CTR::EN,,,,,same,same,failure,20,20,failure,failure,1252575.803,1196152.888
SEC::$ && DPT::$ && CTR::$,SEC::$ && DPT::DEV && CTR::FR,,,,,same,same,failure,20,20,failure,failure,1239472.665,1203354.046
SEC::$ && DPT::$ && CTR::$,SEC::$ && DPT::MKG,,,,,different,TN_TN,failure,40,10,failure,failure,2508824.487,591298.208
SEC::$ && DPT::$ && CTR::$,SEC::$ && DPT::MKG && CTR::$,,,,,same,same,failure,40,40,failure,failure,2449274.611,2409833.961
SEC::$ && DPT::$ && CTR::$,SEC::$ && DPT::MKG && CTR::EN,,,,,same,same,failure,20,20,failure,failure,1247916.654,1194142.593
SEC::$ && DPT::$ && CTR::$,SEC::$ && DPT::MKG && CTR::FR,,,,,same,same,failure,20,20,failure,failure,1222519.947,1204144.033
SEC::$ && DPT::$ && CTR::$,SEC::HIG,,,,,different,TN_TN,failure,64,4,failure,failure,4404965.157,255798.198
SEC::$ && DPT::$ && CTR::$,SEC::HIG && CTR::$,,,,,different,TN_TN,failure,64,16,failure,failure,4254873.067,1033653.971
SEC::$ && DPT::$ && CTR::$,SEC::HIG && CTR::EN,,,,,different,TN_TN,failure,32,8,failure,failure,2153553.453,511805.193
SEC::$ && DPT::$ && CTR::$,SEC::HIG && CTR::FR,,,,,different,TN_TN,failure,32,8,failure,failure,2143941.948,514011.737
SEC::$ && DPT::$ && CTR::$,SEC::HIG && DPT::$,,,,,different,TN_TN,failure,64,16,failure,failure,3976045.201,1002391.466
SEC::$ && DPT::$ && CTR::$,SEC::HIG && DPT::$ && CTR::$,,,,,same,same,failure,64,64,failure,failure,3916665.920,3908587.262
SEC::$ && DPT::$ && CTR::$,SEC::HIG && DPT::$ && CTR::EN,,,,,same,same,failure,32,32,failure,failure,1943973.799,2007510.308
SEC::$ && DPT::$ && CTR::$,SEC::HIG && DPT::$ && CTR::FR,,,,,same,same,failure,32,32,failure,failure,1944686.917,1991066.598
SEC::$ && DPT::$ && CTR::$,SEC::HIG && DPT::DEV,,,,,different,TN_TN,failure,32,8,failure,failure,2089983.612,511168.474
SEC::$ && DPT::$ && CTR::$,SEC::HIG && DPT::DEV && CTR::$,,,,,same,same,failure,32,32,failure,failure,1986945.292,2087062.207
SEC::$ && DPT::$ && CTR::$,SEC::HIG && DPT::DEV && CTR::EN,,,,,same,same,failure,16,16,failure,failure,1013927.584,1028816.177
SEC::$ && DPT::$ && CTR::$,SEC::HIG && DPT::DEV && CTR::FR,,,,,same,same,failure,16,16,failure,failure,987796.083,1033737.092
SEC::$ && DPT::$ && CTR::$,SEC::HIG && DPT::MKG,,,,,different,TN_TN,failure,32,8,failure,failure,2009024.062,510901.899
SEC::$ && DPT::$ && CTR::$,SEC::HIG && DPT::MKG && CTR::$,,,,,same,same,failure,32,32,failure,failure,1967837.766,2043956.381
SEC::$ && DPT::$ && CTR::$,SEC::HIG && DPT::MKG && CTR::EN,,,,,same,same,failure,16,16,failure,failure,974964.790,1028504.382
SEC::$ && DPT::$ && CTR::$,SEC::HIG && DPT::MKG && CTR::FR,,,,,same,same,failure,16,16,failure,failure,964710.897,1031905.486
SEC::$ && DPT::$ && CTR::$,SEC::LOW,,,,,different,TN_TN,failure,32,2,failure,failure,2180924.414,134176.386
SEC::$ && DPT::$ && CTR::$,SEC::LOW && CTR::$,,,,,different,TN_TN,failure,32,8,failure,failure,2082905.545,538682.188
SEC::$ && DPT::$ && CTR::$,SEC::LOW && CTR::EN,,,,,different,TN_TN,failure,16,4,failure,failure,1071224.885,269397.873
SEC::$ && DPT::$ && CTR::$,SEC::LOW && CTR::FR,,,,,different,TN_TN,failure,16,4,failure,failure,1066157.896,269842.768
SEC::$ && DPT::$ && CTR::$,SEC::LOW && DPT::$,,,,,different,TN_TN,failure,32,8,failure,failure,2204173.312,539190.016
SEC::$ && DPT::$ && CTR::$,SEC::LOW && DPT::$ && CTR::$,,,,,same,same,failure,32,32,failure,failure,2185758.025,2174925.692
SEC::$ && DPT::$ && CTR::$,SEC::LOW && DPT::$ && CTR::EN,,,,,same,same,failure,16,16,failure,failure,1085781.229,1088022.643
SEC::$ && DPT::$ && CTR::$,SEC::LOW && DPT::$ && CTR::FR,,,,,same,same,failure,16,16,failure,failure,1083010.672,1082682.011
SEC::$ && DPT::$ && CTR::$,SEC::LOW && DPT::DEV,,,,,different,TN_TN,failure,16,4,failure,failure,1039970.429,269041.936
SEC::$ && DPT::$ && CTR::$,SEC::LOW && DPT::DEV && CTR::$,,,,,same,same,failure,16,16,failure,failure,1077764.516,1080572.774
SEC::$ && DPT::$ && CTR::$,SEC::LOW && DPT::DEV && CTR::EN,,,,,same,same,failure,8,8,failure,failure,520697.368,536481.199
SEC::$ && DPT::$ && CTR::$,SEC::LOW && DPT::DEV && CTR::FR,,,,,same,same,failure,8,8,failure,failure,519761.648,536910.831
SEC::$ && DPT::$ && CTR::$,SEC::LOW && DPT::MKG,,,,,different,TN_TN,failure,16,4,failure,failure,1078894.050,267115.442
SEC::$ && DPT::$ && CTR::$,SEC::LOW && DPT::MKG && CTR::$,,,,,same,same,failure,16,16,failure,failure,1119381.700,1085923.742
SEC::$ && DPT::$ && CTR::$,SEC::LOW && DPT::MKG && CTR::EN,,,,,same,same,failure,8,8,failure,failure,530015.402,534908.134
SEC::$ && DPT::$ && CTR::$,SEC::LOW && DPT::MKG && CTR::FR,,,,,same,same,failure,8,8,failure,failure,541805.387,537035.770
SEC::$ && DPT::$ && CTR::$,SEC::MED,,,,,different,TN_TN,failure,48,3,failure,failure,3153978.209,196844.180
SEC::$ && DPT::$ && CTR::$,SEC::MED && CTR::$,,,,,different,TN_TN,failure,48,12,failure,failure,3255646.243,775749.693
SEC::$ && DPT::$ && CTR::$,SEC::MED && CTR::EN,,,,,different,TN_TN,failure,24,6,failure,failure,1555295.350,394977.339
SEC::$ && DPT::$ && CTR::$,SEC::MED && CTR::FR,,,,,different,TN_TN,failure,24,6,failure,failure,1567637.762,393306.715
SEC::$ && DPT::$ && CTR::$,SEC::MED && DPT::$,,,,,different,TN_TN,failure,48,12,failure,failure,3190976.499,769566.369
SEC::$ && DPT::$ && CTR::$,SEC::MED && DPT::$ && CTR::$,,,,,same,same,failure,48,48,failure,failure,3289635.147,3137680.524
SEC::$ && DPT::$ && CTR::$,SEC::MED && DPT::$ && CTR::EN,,,,,same,same,failure,24,24,failure,failure,1565592.815,1555090.485
SEC::$ && DPT::$ && CTR::$,SEC::MED && DPT::$ && CTR::FR,,,,,same,same,failure,24,24,failure,failure,1589266.756,1559282.258
SEC::$ && DPT::$ && CTR::$,SEC::MED && DPT::DEV,,,,,different,TN_TN,failure,24,6,failure,failure,1602106.215,388582.673
SEC::$ && DPT::$ && CTR::$,SEC::MED && DPT::DEV && CTR::$,,,,,same,same,failure,24,24,failure,failure,1600607.434,1559187.085
SEC::$ && DPT::$ && CTR::$,SEC::MED && DPT::DEV && CTR::EN,,,,,same,same,failure,12,12,failure,failure,819954.920,777154.191
SEC::$ && DPT::$ && CTR::$,SEC::MED && DPT::DEV && CTR::FR,,,,,same,same,failure,12,12,failure,failure,798833.016,773993.909
SEC::$ && DPT::$ && CTR::$,SEC::MED && DPT::MKG,,,,,different,TN_TN,failure,24,6,failure,failure,1644207.332,384049.220
SEC::$ && DPT::$ && CTR::$,SEC::MED && DPT::MKG && CTR::$,,,,,same,same,failure,24,24,failure,failure,1630732.667,1561441.604
SEC::$ && DPT::$ && CTR::$,SEC::MED && DPT::MKG && CTR::EN,,,,,same,same,failure,12,12,failure,failure,809450.963,770428.982
SEC::$ && DPT::$ && CTR::$,SEC::MED && DPT::MKG && CTR::FR,,,,,same,same,failure,12,12,failure,failure,809742.074,770037.488
SEC::$ && DPT::$ && CTR::EN,CTR::$,,,,,different,TN_FP,failure,80,4,success,failure,3007517.120,298507.931
SEC::$ && DPT::$ && CTR::EN,CTR::EN,,,,,different,TN_FP,failure,40,2,success,failure,1679717.309,163321.655
SEC::$ && DPT::$ && CTR::EN,CTR::FR,,,,,different,TN_TN,failure,40,2,failure,failure,2972094.471,150102.460
SEC::$ && DPT::$ && CTR::EN,DPT::$,,,,,different,TN_FP,failure,80,4,success,failure,3158173.313,298165.764
SEC::$ && DPT::$ && CTR::EN,DPT::$ && CTR::$,,,,,different,TN_FP,failure,80,16,success,failure,3156075.593,1184445.658
SEC::$ && DPT::$ && CTR::EN,DPT::$ && CTR::EN,,,,,different,TN_FP,failure,40,8,success,failure,1636673.094,593923.467
SEC::$ && DPT::$ && CTR::EN,DPT::$ && CTR::FR,,,,,different,TN_TN,failure,40,8,failure,failure,2902000.592,573537.292
SEC::$ && DPT::$ && CTR::EN,DPT::DEV,,,,,different,TN_TN,failure,40,2,failure,failure,2964636.746,148380.245
SEC::$ && DPT::$ && CTR::EN,DPT::DEV && CTR::$,,,,,different,TN_TN,failure,40,8,failure,failure,2938468.792,611400.044
SEC::$ && DPT::$ && CTR::EN,DPT::DEV && CTR::EN,,,,,different,TN_TN,failure,20,4,failure,failure,1474510.803,303433.956
SEC::$ && DPT::$ && CTR::EN,DPT::DEV && CTR::FR,,,,,different,TN_TN,failure,20,4,failure,failure,1472059.566,299863.574
SEC::$ && DPT::$ && CTR::EN,DPT::MKG,,,,,different,TN_TN,failure,40,2,failure,failure,2897682.618,148877.823
SEC::$ && DPT::$ && CTR::EN,DPT::MKG && CTR::$,,,,,different,TN_TN,failure,40,8,failure,failure,2897818.152,608916.300
SEC::$ && DPT::$ && CTR::EN,DPT::MKG && CTR::EN,,,,,different,TN_TN,failure,20,4,failure,failure,1438003.190,304283.129
SEC::$ && DPT::$ && CTR::EN,DPT::MKG && CTR::FR,,,,,different,TN_TN,failure,20,4,failure,failure,1439622.532,301051.508
SEC::$ && DPT::$ && CTR::EN,SEC::$,,,,,different,TN_FP,failure,80,5,success,failure,3022580.916,320439.339
SEC::$ && DPT::$ && CTR::EN,SEC::$ && CTR::$,,,,,different,TN_FP,failure,80,20,success,failure,2950832.212,1293185.157
SEC::$ && DPT::$ && CTR::EN,SEC::$ && CTR::EN,,,,,different,TN_FP,failure,40,10,success,failure,1554492.238,641348.394
SEC::$ && DPT::$ && CTR::EN,SEC::$ && CTR::FR,,,,,different,TN_TN,failure,40,10,failure,failure,2689220.029,663339.865
SEC::$ && DPT::$ && CTR::EN,SEC::$ && DPT::$,,,,,different,TN_FP,failure,80,20,success,failure,2701016.451,1256084.630
SEC::$ && DPT::$ && CTR::EN,SEC::$ && DPT::$ && CTR::$,,,,,same,same,success,80,80,success,success,2858936.029,2453509.104
SEC::$ && DPT::$ && CTR::EN,SEC::$ && DPT::$ && CTR::EN,,,,,same,same,success,40,40,success,success,1419649.522,1299770.314
SEC::$ && DPT::$ && CTR::EN,SEC::$ && DPT::$ && CTR::FR,,,,,same,same,failure,40,40,failure,failure,2650304.969,2488716.374
SEC::$ && DPT::$ && CTR::EN,SEC::$ && DPT::DEV,,,,,different,TN_TN,failure,40,10,failure,failure,2720733.615,640124.263
SEC::$ && DPT::$ && CTR::EN,SEC::$ && DPT::DEV && CTR::$,,,,,same,same,failure,40,40,failure,failure,2628696.351,2607971.221
SEC::$ && DPT::$ && CTR::EN,SEC::$ && DPT::DEV && CTR::EN,,,,,same,same,failure,20,20,failure,failure,1338792.945,1295517.903
SEC::$ && DPT::$ && CTR::EN,SEC::$ && DPT::DEV && CTR::FR,,,,,same,same,failure,20,20,failure,failure,1306356.187,1291018.452
SEC::$ && DPT::$ && CTR::EN,SEC::$ && DPT::MKG,,,,,different,TN_TN,failure,40,10,failure,failure,2761143.609,643233.876
SEC::$ && DPT::$ && CTR::EN,SEC::$ && DPT::MKG && CTR::$,,,,,same,same,failure,40,40,failure,failure,2745858.939,2564365.223
SEC::$ && DPT::$ && CTR::EN,SEC::$ && DPT::MKG && CTR::EN,,,,,same,same,failure,20,20,failure,failure,1368804.605,1294128.281
SEC::$ && DPT::$ && CTR::EN,SEC::$ && DPT::MKG && CTR::FR,,,,,same,same,failure,20,20,failure,failure,1386084.989,1295028.910
SEC::$ && DPT::$ && CTR::EN,SEC::HIG,,,,,different,TN_TN,failure,64,4,failure,failure,4501486.518,270652.030
SEC::$ && DPT::$ && CTR::EN,SEC::HIG && CTR::$,,,,,different,TN_TN,failure,64,16,failure,failure,4489203.332,1089780.495
SEC::$ && DPT::$ && CTR::EN,SEC::HIG && CTR::EN,,,,,different,TN_TN,failure,32,8,failure,failure,2282244.905,544348.135
SEC::$ && DPT::$ && CTR::EN,SEC::HIG && CTR::FR,,,,,different,TN_TN,failure,32,8,failure,failure,2282723.788,541619.147
SEC::$ && DPT::$ && CTR::EN,SEC::HIG && DPT::$,,,,,different,TN_TN,failure,64,16,failure,failure,4421443.642,1035062.042
SEC::$ && DPT::$ && CTR::EN,SEC::HIG && DPT::$ && CTR::$,,,,,same,same,failure,64,64,failure,failure,4216592.503,4200284.128
SEC::$ && DPT::$ && CTR::EN,SEC::HIG && DPT::$ && CTR::EN,,,,,same,same,failure,32,32,failure,failure,2168994.751,2089959.481
SEC::$ && DPT::$ && CTR::EN,SEC::HIG && DPT::$ && CTR::FR,,,,,same,same,failure,32,32,failure,failure,2104504.725,2090622.059
SEC::$ && DPT::$ && CTR::EN,SEC::HIG && DPT::DEV,,,,,different,TN_TN,failure,32,8,failure,failure,2198968.836,536798.439
SEC::$ && DPT::$ && CTR::EN,SEC::HIG && DPT::DEV && CTR::$,,,,,same,same,failure,32,32,failure,failure,2095144.462,2191120.599
SEC::$ && DPT::$ && CTR::EN,SEC::HIG && DPT::DEV && CTR::EN,,,,,same,same,failure,16,16,failure,failure,1079967.554,1082471.245
SEC::$ && DPT::$ && CTR::EN,SEC::HIG && DPT::DEV && CTR::FR,,,,,same,same,failure,16,16,failure,failure,1076798.971,1088764.119
SEC::$ && DPT::$ && CTR::EN,SEC::HIG && DPT::MKG,,,,,different,TN_TN,failure,32,8,failure,failure,2119202.047,537498.473
SEC::$ && DPT::$ && CTR::EN,SEC::HIG && DPT::MKG && CTR::$,,,,,same,same,failure,32,32,failure,failure,2348783.805,2101764.284
SEC::$ && DPT::$ && CTR::EN,SEC::HIG && DPT::MKG && CTR::EN,,,,,same,same,failure,16,16,failure,failure,1101728.472,1060991.805
SEC::$ && DPT::$ && CTR::EN,SEC::HIG && DPT::MKG && CTR::FR,,,,,same,same,failure,16,16,failure,failure,1090519.401,1050647.276
SEC::$ && DPT::$ && CTR::EN,SEC::LOW,,,,,different,TN_TN,failure,32,2,failure,failure,2459112.350,146754.710
SEC::$ && DPT::$ && CTR::EN,SEC::LOW && CTR::$,,,,,different,TN_TN,failure,32,8,failure,failure,2379016.439,595248.452
SEC::$ && DPT::$ && CTR::EN,SEC::LOW && CTR::EN,,,,,different,TN_TN,failure,16,4,failure,failure,1179541.119,294864.903
SEC::$ && DPT::$ && CTR::EN,SEC::LOW && CTR::FR,,,,,different,TN_TN,failure,16,4,failure,failure,1170984.690,294921.670
SEC::$ && DPT::$ && CTR::EN,SEC::LOW && DPT::$,,,,,different,TN_TN,failure,32,8,failure,failure,2425133.368,572325.625
SEC::$ && DPT::$ && CTR::EN,SEC::LOW && DPT::$ && CTR::$,,,,,same,same,failure,32,32,failure,failure,2400184.656,2252566.666
SEC::$ && DPT::$ && CTR::EN,SEC::LOW && DPT::$ && CTR::EN,,,,,same,same,failure,16,16,failure,failure,1184326.435,1147533.831
SEC::$ && DPT::$ && CTR::EN,SEC::LOW && DPT::$ && CTR::FR,,,,,same,same,failure,16,16,failure,failure,1193026.590,1120782.808
SEC::$ && DPT::$ && CTR::EN,SEC::LOW && DPT::DEV,,,,,different,TN_TN,failure,16,4,failure,failure,1154609.754,290463.317
SEC::$ && DPT::$ && CTR::EN,SEC::LOW && DPT::DEV && CTR::$,,,,,same,same,failure,16,16,failure,failure,1154528.156,1185959.438
SEC::$ && DPT::$ && CTR::EN,SEC::LOW && DPT::DEV && CTR::EN,,,,,same,same,failure,8,8,failure,failure,571883.556,602707.163
SEC::$ && DPT::$ && CTR::EN,SEC::LOW && DPT::DEV && CTR::FR,,,,,same,same,failure,8,8,failure,failure,568971.303,600118.402
SEC::$ && DPT::$ && CTR::EN,SEC::LOW && DPT::MKG,,,,,different,TN_TN,failure,16,4,failure,failure,1148253.311,287855.806
SEC::$ && DPT::$ && CTR::EN,SEC::LOW && DPT::MKG && CTR::$,,,,,same,same,failure,16,16,failure,failure,1171452.917,1171190.114
SEC::$ && DPT::$ && CTR::EN,SEC::LOW && DPT::MKG && CTR::EN,,,,,same,same,failure,8,8,failure,failure,569579.870,574038.187
SEC::$ && DPT::$ && CTR::EN,SEC::LOW && DPT::MKG && CTR::FR,,,,,same,same,failure,8,8,failure,failure,570265.360,577094.971
SEC::$ && DPT::$ && CTR::EN,SEC::MED,,,,,different,TN_TN,failure,48,3,failure,failure,3538303.522,207795.462
SEC::$ && DPT::$ && CTR::EN,SEC::MED && CTR::$,,,,,different,TN_TN,failure,48,12,failure,failure,3583402.947,841535.495
SEC::$ && DPT::$ && CTR::EN,SEC::MED && CTR::EN,,,,,different,TN_TN,failure,24,6,failure,failure,1771638.791,415369.665
SEC::$ && DPT::$ && CTR::EN,SEC::MED && CTR::FR,,,,,different,TN_TN,failure,24,6,failure,failure,1783774.590,416153.505
SEC::$ && DPT::$ && CTR::EN,SEC::MED && DPT::$,,,,,different,TN_TN,failure,48,12,failure,failure,3428179.627,831074.468
SEC::$ && DPT::$ && CTR::EN,SEC::MED && DPT::$ && CTR::$,,,,,same,same,failure,48,48,failure,failure,3302587.643,3311883.575
SEC::$ && DPT::$ && CTR::EN,SEC::MED && DPT::$ && CTR::EN,,,,,same,same,failure,24,24,failure,failure,1860295.765,1683948.201
SEC::$ && DPT::$ && CTR::EN,SEC::MED && DPT::$ && CTR::FR,,,,,same,same,failure,24,24,failure,failure,1750145.370,1669282.391
SEC::$ && DPT::$ && CTR::EN,SEC::MED && DPT::DEV,,,,,different,TN_TN,failure,24,6,failure,failure,1746989.345,422173.632
SEC::$ && DPT::$ && CTR::EN,SEC::MED && DPT::DEV && CTR::$,,,,,same,same,failure,24,24,failure,failure,1745788.131,1677136.899
SEC::$ && DPT::$ && CTR::EN,SEC::MED && DPT::DEV && CTR::EN,,,,,same,same,failure,12,12,failure,failure,869979.394,828969.549
SEC::$ && DPT::$ && CTR::EN,SEC::MED && DPT::DEV && CTR::FR,,,,,same,same,failure,12,12,failure,failure,882894.574,828793.784
SEC::$ && DPT::$ && CTR::EN,SEC::MED && DPT::MKG,,,,,different,TN_TN,failure,24,6,failure,failure,1708863.059,414802.977
SEC::$ && DPT::$ && CTR::EN,SEC::MED && DPT::MKG && CTR::$,,,,,same,same,failure,24,24,failure,failure,1696798.409,1686237.560
SEC::$ && DPT::$ && CTR::EN,SEC::MED && DPT::MKG && CTR::EN,,,,,same,same,failure,12,12,failure,failure,833432.050,831596.707
SEC::$ && DPT::$ && CTR::EN,SEC::MED && DPT::MKG && CTR::FR,,,,,same,same,failure,12,12,failure,failure,834847.005,830763.199
SEC::$ && DPT::$ && CTR::FR,CTR::$,,,,,different,TN_FP,failure,80,4,success,failure,2943960.593,294748.935
SEC::$ && DPT::$ && CTR::FR,CTR::EN,,,,,different,TN_TN,failure,40,2,failure,failure,2960837.871,151859.340
SEC::$ && DPT::$ && CTR::FR,CTR::FR,,,,,different,TN_FP,failure,40,2,success,failure,1573715.562,147989.526
SEC::$ && DPT::$ && CTR::FR,DPT::$,,,,,different,TN_FP,failure,80,4,success,failure,3039396.322,298131.004
SEC::$ && DPT::$ && CTR::FR,DPT::$ && CTR::$,,,,,different,TN_FP,failure,80,16,success,failure,3179101.700,1215424.177
SEC::$ && DPT::$ && CTR::FR,DPT::$ && CTR::EN,,,,,different,TN_TN,failure,40,8,failure,failure,2919478.697,609555.348
SEC::$ && DPT::$ && CTR::FR,DPT::$ && CTR::FR,,,,,different,TN_FP,failure,40,8,success,failure,1578342.355,596016.002
SEC::$ && DPT::$ && CTR::FR,DPT::DEV,,,,,different,TN_TN,failure,40,2,failure,failure,2963669.372,147887.440
SEC::$ && DPT::$ && CTR::FR,DPT::DEV && CTR::$,,,,,different,TN_TN,failure,40,8,failure,failure,2893690.750,604495.407
SEC::$ && DPT::$ && CTR::FR,DPT::DEV && CTR::EN,,,,,different,TN_TN,failure,20,4,failure,failure,1473215.549,306890.851
SEC::$ && DPT::$ && CTR::FR,DPT::DEV && CTR::FR,,,,,different,TN_TN,failure,20,4,failure,failure,1437171.033,295760.783
SEC::$ && DPT::$ && CTR::FR,DPT::MKG,,,,,different,TN_TN,failure,40,2,failure,failure,2893544.536,147850.345
SEC::$ && DPT::$ && CTR::FR,DPT::MKG && CTR::$,,,,,different,TN_TN,failure,40,8,failure,failure,2894707.251,618628.022
SEC::$ && DPT::$ && CTR::FR,DPT::MKG && CTR::EN,,,,,different,TN_TN,failure,20,4,failure,failure,1437509.438,295017.649
SEC::$ && DPT::$ && CTR::FR,DPT::MKG && CTR::FR,,,,,different,TN_TN,failure,20,4,failure,failure,1436408.523,293676.438
SEC::$ && DPT::$ && CTR::FR,SEC::$,,,,,different,TN_FP,failure,80,5,success,failure,3139393.407,321649.454
SEC::$ && DPT::$ && CTR::FR,SEC::$ && CTR::$,,,,,different,TN_FP,failure,80,20,success,failure,2740341.459,1297618.217
SEC::$ && DPT::$ && CTR::FR,SEC::$ && CTR::EN,,,,,different,TN_TN,failure,40,10,failure,failure,2699549.765,643789.252
SEC::$ && DPT::$ && CTR::FR,SEC::$ && CTR::FR,,,,,different,TN_FP,failure,40,10,success,failure,1453275.066,642568.267
SEC::$ && DPT::$ && CTR::FR,SEC::$ && DPT::$,,,,,different,TN_FP,failure,80,20,success,failure,2739150.090,1284289.445
SEC::$ && DPT::$ && CTR::FR,SEC::$ && DPT::$ && CTR::$,,,,,same,same,success,80,80,success,success,2852573.104,2509262.118
SEC::$ && DPT::$ && CTR::FR,SEC::$ && DPT::$ && CTR::EN,,,,,same,same,failure,40,40,failure,failure,2632289.717,2537980.311
SEC::$ && DPT::$ && CTR::FR,SEC::$ && DPT::$ && CTR::FR,,,,,same,same,success,40,40,success,success,1401931.914,1333083.346
SEC::$ && DPT::$ && CTR::FR,SEC::$ && DPT::DEV,,,,,different,TN_TN,failure,40,10,failure,failure,2666739.075,641280.767
SEC::$ && DPT::$ && CTR::FR,SEC::$ && DPT::DEV && CTR::$,,,,,same,same,failure,40,40,failure,failure,2697521.079,2609561.985
SEC::$ && DPT::$ && CTR::FR,SEC::$ && DPT::DEV && CTR::EN,,,,,same,same,failure,20,20,failure,failure,1310368.163,1306997.405
SEC::$ && DPT::$ && CTR::FR,SEC::$ && DPT::DEV && CTR::FR,,,,,same,same,failure,20,20,failure,failure,1307112.952,1292336.606
SEC::$ && DPT::$ && CTR::FR,SEC::$ && DPT::MKG,,,,,different,TN_TN,failure,40,10,failure,failure,2759796.428,640396.799
SEC::$ && DPT::$ && CTR::FR,SEC::$ && DPT::MKG && CTR::$,,,,,same,same,failure,40,40,failure,failure,2691363.069,2609436.204
SEC::$ && DPT::$ && CTR::FR,SEC::$ && DPT::MKG && CTR::EN,,,,,same,same,failure,20,20,failure,failure,1385304.630,1295000.487
SEC::$ && DPT::$ && CTR::FR,SEC::$ && DPT::MKG && CTR::FR,,,,,same,same,failure,20,20,failure,failure,1357869.424,1297128.454
SEC::$ && DPT::$ && CTR::FR,SEC::HIG,,,,,different,TN_TN,failure,64,4,failure,failure,4509353.855,270252.736
SEC::$ && DPT::$ && CTR::FR,SEC::HIG && CTR::$,,,,,different,TN_TN,failure,64,16,failure,failure,4411476.877,1088813.462
SEC::$ && DPT::$ && CTR::FR,SEC::HIG && CTR::EN,,,,,different,TN_TN,failure,32,8,failure,failure,2262024.487,540198.377
SEC::$ && DPT::$ && CTR::FR,SEC::HIG && CTR::FR,,,,,different,TN_TN,failure,32,8,failure,failure,2204056.604,537926.080
SEC::$ && DPT::$ && CTR::FR,SEC::HIG && DPT::$,,,,,different,TN_TN,failure,64,16,failure,failure,4351817.781,1036240.257
SEC::$ && DPT::$ && CTR::FR,SEC::HIG && DPT::$ && CTR::$,,,,,same,same,failure,64,64,failure,failure,4261856.947,4192156.161
SEC::$ && DPT::$ && CTR::FR,SEC::HIG && DPT::$ && CTR::EN,,,,,same,same,failure,32,32,failure,failure,2105635.776,2096101.131
SEC::$ && DPT::$ && CTR::FR,SEC::HIG && DPT::$ && CTR::FR,,,,,same,same,failure,32,32,failure,failure,2105882.334,2086592.305
SEC::$ && DPT::$ && CTR::FR,SEC::HIG && DPT::DEV,,,,,different,TN_TN,failure,32,8,failure,failure,2169139.042,539486.131
SEC::$ && DPT::$ && CTR::FR,SEC::HIG && DPT::DEV && CTR::$,,,,,same,same,failure,32,32,failure,failure,2125874.879,2189809.234
SEC::$ && DPT::$ && CTR::FR,SEC::HIG && DPT::DEV && CTR::EN,,,,,same,same,failure,16,16,failure,failure,1035600.708,1090621.619
SEC::$ && DPT::$ && CTR::FR,SEC::HIG && DPT::DEV && CTR::FR,,,,,same,same,failure,16,16,failure,failure,1040529.789,1085463.047
SEC::$ && DPT::$ && CTR::FR,SEC::HIG && DPT::MKG,,,,,different,TN_TN,failure,32,8,failure,failure,2184297.470,537199.682
SEC::$ && DPT::$ && CTR::FR,SEC::HIG && DPT::MKG && CTR::$,,,,,same,same,failure,32,32,failure,failure,2192241.291,2155042.360
SEC::$ && DPT::$ && CTR::FR,SEC::HIG && DPT::MKG && CTR::EN,,,,,same,same,failure,16,16,failure,failure,1116859.870,1084245.969
SEC::$ && DPT::$ && CTR::FR,SEC::HIG && DPT::MKG && CTR::FR,,,,,same,same,failure,16,16,failure,failure,1112641.272,1082231.685
SEC::$ && DPT::$ && CTR::FR,SEC::LOW,,,,,different,TN_TN,failure,32,2,failure,failure,2351823.753,159343.649
SEC::$ && DPT::$ && CTR::FR,SEC::LOW && CTR::$,,,,,different,TN_TN,failure,32,8,failure,failure,2319895.529,600171.973
SEC::$ && DPT::$ && CTR::FR,SEC::LOW && CTR::EN,,,,,different,TN_TN,failure,16,4,failure,failure,1188683.688,297519.216
SEC::$ && DPT::$ && CTR::FR,SEC::LOW && CTR::FR,,,,,different,TN_TN,failure,16,4,failure,failure,1167450.715,296960.573
SEC::$ && DPT::$ && CTR::FR,SEC::LOW && DPT::$,,,,,different,TN_TN,failure,32,8,failure,failure,2428841.955,581460.715
SEC::$ && DPT::$ && CTR::FR,SEC::LOW && DPT::$ && CTR::$,,,,,same,same,failure,32,32,failure,failure,2361073.458,2326577.076
SEC::$ && DPT::$ && CTR::FR,SEC::LOW && DPT::$ && CTR::EN,,,,,same,same,failure,16,16,failure,failure,1181103.830,1171523.150
SEC::$ && DPT::$ && CTR::FR,SEC::LOW && DPT::$ && CTR::FR,,,,,same,same,failure,16,16,failure,failure,1175559.455,1163413.563
SEC::$ && DPT::$ && CTR::FR,SEC::LOW && DPT::DEV,,,,,different,TN_TN,failure,16,4,failure,failure,1149205.612,284784.104
SEC::$ && DPT::$ && CTR::FR,SEC::LOW && DPT::DEV && CTR::$,,,,,same,same,failure,16,16,failure,failure,1153667.181,1197011.164
SEC::$ && DPT::$ && CTR::FR,SEC::LOW && DPT::DEV && CTR::EN,,,,,same,same,failure,8,8,failure,failure,571434.268,584613.203
SEC::$ && DPT::$ && CTR::FR,SEC::LOW && DPT::DEV && CTR::FR,,,,,same,same,failure,8,8,failure,failure,568682.977,582317.326
SEC::$ && DPT::$ && CTR::FR,SEC::LOW && DPT::MKG,,,,,different,TN_TN,failure,16,4,failure,failure,1188965.442,303757.954
SEC::$ && DPT::$ && CTR::FR,SEC::LOW && DPT::MKG && CTR::$,,,,,same,same,failure,16,16,failure,failure,1203872.954,1191159.637
SEC::$ && DPT::$ && CTR::FR,SEC::LOW && DPT::MKG && CTR::EN,,,,,same,same,failure,8,8,failure,failure,593193.642,598129.767
SEC::$ && DPT::$ && CTR::FR,SEC::LOW && DPT::MKG && CTR::FR,,,,,same,same,failure,8,8,failure,failure,593314.775,604153.395
SEC::$ && DPT::$ && CTR::FR,SEC::MED,,,,,different,TN_TN,failure,48,3,failure,failure,3550599.917,206614.837
SEC::$ && DPT::$ && CTR::FR,SEC::MED && CTR::$,,,,,different,TN_TN,failure,48,12,failure,failure,3511714.728,827598.583
SEC::$ && DPT::$ && CTR::FR,SEC::MED && CTR::EN,,,,,different,TN_TN,failure,24,6,failure,failure,1788532.624,414299.101
SEC::$ && DPT::$ && CTR::FR,SEC::MED && CTR::FR,,,,,different,TN_TN,failure,24,6,failure,failure,1768498.996,412161.161
SEC::$ && DPT::$ && CTR::FR,SEC::MED && DPT::$,,,,,different,TN_TN,failure,48,12,failure,failure,3569288.302,828179.176
SEC::$ && DPT::$ && CTR::FR,SEC::MED && DPT::$ && CTR::$,,,,,same,same,failure,48,48,failure,failure,3360574.837,3357554.302
SEC::$ && DPT::$ && CTR::FR,SEC::MED && DPT::$ && CTR::EN,,,,,same,same,failure,24,24,failure,failure,1685982.150,1679670.692
SEC::$ && DPT::$ && CTR::FR,SEC::MED && DPT::$ && CTR::FR,,,,,same,same,failure,24,24,failure,failure,1628500.835,1686776.707
SEC::$ && DPT::$ && CTR::FR,SEC::MED && DPT::DEV,,,,,different,TN_TN,failure,24,6,failure,failure,1751112.218,411413.980
SEC::$ && DPT::$ && CTR::FR,SEC::MED && DPT::DEV && CTR::$,,,,,same,same,failure,24,24,failure,failure,1684269.754,1698452.913
SEC::$ && DPT::$ && CTR::FR,SEC::MED && DPT::DEV && CTR::EN,,,,,same,same,failure,12,12,failure,failure,878103.542,830713.125
SEC::$ && DPT::$ && CTR::FR,SEC::MED && DPT::DEV && CTR::FR,,,,,same,same,failure,12,12,failure,failure,845379.886,830498.417
SEC::$ && DPT::$ && CTR::FR,SEC::MED && DPT::MKG,,,,,different,TN_TN,failure,24,6,failure,failure,1687689.799,413722.785
SEC::$ && DPT::$ && CTR::FR,SEC::MED && DPT::MKG && CTR::$,,,,,same,same,failure,24,24,failure,failure,1701895.200,1679722.259
SEC::$ && DPT::$ && CTR::FR,SEC::MED && DPT::MKG && CTR::EN,,,,,same,same,failure,12,12,failure,failure,846497.728,833332.994
SEC::$ && DPT::$ && CTR::FR,SEC::MED && DPT::MKG && CTR::FR,,,,,same,same,failure,12,12,failure,failure,844641.051,830030.093
SEC::$ && DPT::DEV,CTR::$,,,,,different,TN_FP,failure,80,4,success,failure,3390880.794,294850.901
SEC::$ && DPT::DEV,CTR::EN,,,,,different,TN_FP,failure,40,2,success,failure,1674420.008,147713.343
SEC::$ && DPT::DEV,CTR::FR,,,,,different,TN_FP,failure,40,2,success,failure,1632231.883,148006.723
SEC::$ && DPT::DEV,DPT::$,,,,,different,TN_FP,failure,80,4,success,failure,3209394.070,295683.859
SEC::$ && DPT::DEV,DPT::$ && CTR::$,,,,,different,TN_FP,failure,80,16,success,failure,3125440.133,1191981.569
SEC::$ && DPT::DEV,DPT::$ && CTR::EN,,,,,different,TN_FP,failure,40,8,success,failure,1843951.136,592082.333
SEC::$ && DPT::DEV,DPT::$ && CTR::FR,,,,,different,TN_FP,failure,40,8,success,failure,1644379.460,592831.718
SEC::$ && DPT::DEV,DPT::DEV,,,,,different,TN_FP,failure,40,2,success,failure,1654028.168,147628.409
SEC::$ && DPT::DEV,DPT::DEV && CTR::$,,,,,different,TN_FP,failure,40,8,success,failure,1687300.278,590821.975
SEC::$ && DPT::DEV,DPT::DEV && CTR::EN,,,,,different,TN_FP,failure,20,4,success,failure,1096166.640,295258.246
SEC::$ && DPT::DEV,DPT::DEV && CTR::FR,,,,,different,TN_FP,failure,20,4,success,failure,879517.580,296180.851
SEC::$ && DPT::DEV,DPT::MKG,,,,,different,TN_TN,failure,40,2,failure,failure,3089457.178,148106.851
SEC::$ && DPT::DEV,DPT::MKG && CTR::$,,,,,different,TN_TN,failure,40,8,failure,failure,3082445.632,592819.992
SEC::$ && DPT::DEV,DPT::MKG && CTR::EN,,,,,different,TN_TN,failure,20,4,failure,failure,1530679.336,297213.013
SEC::$ && DPT::DEV,DPT::MKG && CTR::FR,,,,,different,TN_TN,failure,20,4,failure,failure,1526826.915,302134.098
SEC::$ && DPT::DEV,SEC::$,,,,,different,TN_FP,failure,80,5,success,failure,3336662.895,374669.776
SEC::$ && DPT::DEV,SEC::$ && CTR::$,,,,,different,TN_FP,failure,80,20,success,failure,3435781.997,1501783.069
SEC::$ && DPT::DEV,SEC::$ && CTR::EN,,,,,different,TN_FP,failure,40,10,success,failure,1659818.991,744226.227
SEC::$ && DPT::DEV,SEC::$ && CTR::FR,,,,,different,TN_FP,failure,40,10,success,failure,1633686.833,751714.037
SEC::$ && DPT::DEV,SEC::$ && DPT::$,,,,,different,TP_TP,success,80,20,success,success,3440139.246,910384.965
SEC::$ && DPT::DEV,SEC::$ && DPT::$ && CTR::$,,,,,same,same,success,80,80,success,success,3140159.844,3026430.877
SEC::$ && DPT::DEV,SEC::$ && DPT::$ && CTR::EN,,,,,same,same,success,40,40,success,success,1643425.790,1633150.903
SEC::$ && DPT::DEV,SEC::$ && DPT::$ && CTR::FR,,,,,same,same,success,40,40,success,success,1767619.962,1769807.611
SEC::$ && DPT::DEV,SEC::$ && DPT::DEV,,,,,different,TP_TP,success,40,10,success,success,1755383.986,506147.872
SEC::$ && DPT::DEV,SEC::$ && DPT::DEV && CTR::$,,,,,same,same,success,40,40,success,success,1597177.406,1633115.531
SEC::$ && DPT::DEV,SEC::$ && DPT::DEV && CTR::EN,,,,,same,same,success,20,20,success,success,884148.125,894683.132
SEC::$ && DPT::DEV,SEC::$ && DPT::DEV && CTR::FR,,,,,same,same,success,20,20,success,success,968686.850,849941.788
SEC::$ && DPT::DEV,SEC::$ && DPT::MKG,,,,,different,TN_TN,failure,40,10,failure,failure,3253511.683,743623.136
SEC::$ && DPT::DEV,SEC::$ && DPT::MKG && CTR::$,,,,,same,same,failure,40,40,failure,failure,3085250.609,3022519.740
SEC::$ && DPT::DEV,SEC::$ && DPT::MKG && CTR::EN,,,,,same,same,failure,20,20,failure,failure,1524454.215,1497417.611
SEC::$ && DPT::DEV,SEC::$ && DPT::MKG && CTR::FR,,,,,same,same,failure,20,20,failure,failure,1522928.403,1500881.448
SEC::$ && DPT::DEV,SEC::HIG,,,,,different,TN_TN,failure,64,4,failure,failure,4992995.435,295657.214
SEC::$ && DPT::DEV,SEC::HIG && CTR::$,,,,,different,TN_TN,failure,64,16,failure,failure,4864116.505,1191226.187
SEC::$ && DPT::DEV,SEC::HIG && CTR::EN,,,,,different,TN_TN,failure,32,8,failure,failure,2452445.745,591485.679
SEC::$ && DPT::DEV,SEC::HIG && CTR::FR,,,,,different,TN_TN,failure,32,8,failure,failure,2429692.735,593371.101
SEC::$ && DPT::DEV,SEC::HIG && DPT::$,,,,,different,TN_TN,failure,64,16,failure,failure,4914910.026,1191583.533
SEC::$ && DPT::DEV,SEC::HIG && DPT::$ && CTR::$,,,,,same,same,failure,64,64,failure,failure,4909581.346,4863548.294
SEC::$ && DPT::DEV,SEC::HIG && DPT::$ && CTR::EN,,,,,same,same,failure,32,32,failure,failure,2468305.464,2406542.387
SEC::$ && DPT::DEV,SEC::HIG && DPT::$ && CTR::FR,,,,,same,same,failure,32,32,failure,failure,2450529.520,2414470.182
SEC::$ && DPT::DEV,SEC::HIG && DPT::DEV,,,,,different,TN_TN,failure,32,8,failure,failure,2414585.343,591179.009
SEC::$ && DPT::DEV,SEC::HIG && DPT::DEV && CTR::$,,,,,same,same,failure,32,32,failure,failure,2462737.394,2409813.833
SEC::$ && DPT::DEV,SEC::HIG && DPT::DEV && CTR::EN,,,,,same,same,failure,16,16,failure,failure,1197437.985,1189271.546
SEC::$ && DPT::DEV,SEC::HIG && DPT::DEV && CTR::FR,,,,,same,same,failure,16,16,failure,failure,1194853.812,1192148.021
SEC::$ && DPT::DEV,SEC::HIG && DPT::MKG,,,,,different,TN_TN,failure,32,8,failure,failure,2423248.928,592549.595
SEC::$ && DPT::DEV,SEC::HIG && DPT::MKG && CTR::$,,,,,same,same,failure,32,32,failure,failure,2446682.124,2410166.940
SEC::$ && DPT::DEV,SEC::HIG && DPT::MKG && CTR::EN,,,,,same,same,failure,16,16,failure,failure,1208865.033,1192000.981
SEC::$ && DPT::DEV,SEC::HIG && DPT::MKG && CTR::FR,,,,,same,same,failure,16,16,failure,failure,1201232.051,1194732.875
SEC::$ && DPT::DEV,SEC::LOW,,,,,different,TN_TN,failure,32,2,failure,failure,2446919.053,147587.261
SEC::$ && DPT::DEV,SEC::LOW && CTR::$,,,,,different,TN_TN,failure,32,8,failure,failure,2459920.130,591080.860
SEC::$ && DPT::DEV,SEC::LOW && CTR::EN,,,,,different,TN_TN,failure,16,4,failure,failure,1234437.571,294949.992
SEC::$ && DPT::DEV,SEC::LOW && CTR::FR,,,,,different,TN_TN,failure,16,4,failure,failure,1210733.559,295880.258
SEC::$ && DPT::DEV,SEC::LOW && DPT::$,,,,,different,TN_TN,failure,32,8,failure,failure,2453087.013,592943.895
SEC::$ && DPT::DEV,SEC::LOW && DPT::$ && CTR::$,,,,,same,same,failure,32,32,failure,failure,2456521.780,2416413.507
SEC::$ && DPT::DEV,SEC::LOW && DPT::$ && CTR::EN,,,,,same,same,failure,16,16,failure,failure,1200033.668,1197620.947
SEC::$ && DPT::DEV,SEC::LOW && DPT::$ && CTR::FR,,,,,same,same,failure,16,16,failure,failure,1199226.920,1194695.730
SEC::$ && DPT::DEV,SEC::LOW && DPT::DEV,,,,,different,TN_TN,failure,16,4,failure,failure,1225720.946,294912.236
SEC::$ && DPT::DEV,SEC::LOW && DPT::DEV && CTR::$,,,,,same,same,failure,16,16,failure,failure,1202401.404,1197352.529
SEC::$ && DPT::DEV,SEC::LOW && DPT::DEV && CTR::EN,,,,,same,same,failure,8,8,failure,failure,612293.770,591072.834
SEC::$ && DPT::DEV,SEC::LOW && DPT::DEV && CTR::FR,,,,,same,same,failure,8,8,failure,failure,601994.686,593424.526
SEC::$ && DPT::DEV,SEC::LOW && DPT::MKG,,,,,different,TN_TN,failure,16,4,failure,failure,1203129.866,296419.584
SEC::$ && DPT::DEV,SEC::LOW && DPT::MKG && CTR::$,,,,,same,same,failure,16,16,failure,failure,1209405.537,1194987.603
SEC::$ && DPT::DEV,SEC::LOW && DPT::MKG && CTR::EN,,,,,same,same,failure,8,8,failure,failure,599073.331,595851.257
SEC::$ && DPT::DEV,SEC::LOW && DPT::MKG && CTR::FR,,,,,same,same,failure,8,8,failure,failure,593245.860,592829.079
SEC::$ && DPT::DEV,SEC::MED,,,,,different,TN_TN,failure,48,3,failure,failure,3728960.517,220636.815
SEC::$ && DPT::DEV,SEC::MED && CTR::$,,,,,different,TN_TN,failure,48,12,failure,failure,3687419.171,891351.167
SEC::$ && DPT::DEV,SEC::MED && CTR::EN,,,,,different,TN_TN,failure,24,6,failure,failure,1822539.674,441819.999
SEC::$ && DPT::DEV,SEC::MED && CTR::FR,,,,,different,TN_TN,failure,24,6,failure,failure,1821308.985,443737.290
SEC::$ && DPT::DEV,SEC::MED && DPT::$,,,,,different,TN_TN,failure,48,12,failure,failure,3765558.060,896893.958
SEC::$ && DPT::DEV,SEC::MED && DPT::$ && CTR::$,,,,,same,same,failure,48,48,failure,failure,3723412.164,3628094.638
SEC::$ && DPT::DEV,SEC::MED && DPT::$ && CTR::EN,,,,,same,same,failure,24,24,failure,failure,1866283.195,1805814.476
SEC::$ && DPT::DEV,SEC::MED && DPT::$ && CTR::FR,,,,,same,same,failure,24,24,failure,failure,1856910.620,1812889.312
SEC::$ && DPT::DEV,SEC::MED && DPT::DEV,,,,,different,TN_TN,failure,24,6,failure,failure,1835930.776,442534.894
SEC::$ && DPT::DEV,SEC::MED && DPT::DEV && CTR::$,,,,,same,same,failure,24,24,failure,failure,1814348.950,1798689.737
SEC::$ && DPT::DEV,SEC::MED && DPT::DEV && CTR::EN,,,,,same,same,failure,12,12,failure,failure,901583.125,889862.154
SEC::$ && DPT::DEV,SEC::MED && DPT::DEV && CTR::FR,,,,,same,same,failure,12,12,failure,failure,892575.383,888429.191
SEC::$ && DPT::DEV,SEC::MED && DPT::MKG,,,,,different,TN_TN,failure,24,6,failure,failure,1820865.073,443764.456
SEC::$ && DPT::DEV,SEC::MED && DPT::MKG && CTR::$,,,,,same,same,failure,24,24,failure,failure,1838092.797,1817919.066
SEC::$ && DPT::DEV,SEC::MED && DPT::MKG && CTR::EN,,,,,same,same,failure,12,12,failure,failure,899955.596,890704.093
SEC::$ && DPT::DEV,SEC::MED && DPT::MKG && CTR::FR,,,,,same,same,failure,12,12,failure,failure,897607.432,895307.738
SEC::$ && DPT::DEV && CTR::$,CTR::$,,,,,different,TN_FP,failure,80,4,success,failure,3168211.226,307062.838
SEC::$ && DPT::DEV && CTR::$,CTR::EN,,,,,different,TN_TN,failure,40,2,failure,failure,3086650.709,156643.970
SEC::$ && DPT::DEV && CTR::$,CTR::FR,,,,,different,TN_TN,failure,40,2,failure,failure,3031595.900,155622.840
SEC::$ && DPT::DEV && CTR::$,DPT::$,,,,,different,TN_FP,failure,80,4,success,failure,3075143.445,308065.679
SEC::$ && DPT::DEV && CTR::$,DPT::$ && CTR::$,,,,,different,TN_FP,failure,80,16,success,failure,3202036.424,1240529.568
SEC::$ && DPT::DEV && CTR::$,DPT::$ && CTR::EN,,,,,different,TN_TN,failure,40,8,failure,failure,3081548.343,618460.762
SEC::$ && DPT::DEV && CTR::$,DPT::$ && CTR::FR,,,,,different,TN_TN,failure,40,8,failure,failure,3103341.342,613071.043
SEC::$ && DPT::DEV && CTR::$,DPT::DEV,,,,,different,TN_FP,failure,40,2,success,failure,1735714.000,154991.365
SEC::$ && DPT::DEV && CTR::$,DPT::DEV && CTR::$,,,,,different,TN_FP,failure,40,8,success,failure,1741151.019,617580.912
SEC::$ && DPT::DEV && CTR::$,DPT::DEV && CTR::EN,,,,,different,TN_TN,failure,20,4,failure,failure,1517267.138,307683.017
SEC::$ && DPT::DEV && CTR::$,DPT::DEV && CTR::FR,,,,,different,TN_TN,failure,20,4,failure,failure,1510758.996,308829.252
SEC::$ && DPT::DEV && CTR::$,DPT::MKG,,,,,different,TN_TN,failure,40,2,failure,failure,3085509.454,155320.808
SEC::$ && DPT::DEV && CTR::$,DPT::MKG && CTR::$,,,,,different,TN_TN,failure,40,8,failure,failure,3042132.785,612154.153
SEC::$ && DPT::DEV && CTR::$,DPT::MKG && CTR::EN,,,,,different,TN_TN,failure,20,4,failure,failure,1519732.934,306653.601
SEC::$ && DPT::DEV && CTR::$,DPT::MKG && CTR::FR,,,,,different,TN_TN,failure,20,4,failure,failure,1530227.654,307731.778
SEC::$ && DPT::DEV && CTR::$,SEC::$,,,,,different,TN_FP,failure,80,5,success,failure,3419633.862,357832.349
SEC::$ && DPT::DEV && CTR::$,SEC::$ && CTR::$,,,,,different,TN_FP,failure,80,20,success,failure,3064552.809,1458764.958
SEC::$ && DPT::DEV && CTR::$,SEC::$ && CTR::EN,,,,,different,TN_TN,failure,40,10,failure,failure,2928386.144,713425.047
SEC::$ && DPT::DEV && CTR::$,SEC::$ && CTR::FR,,,,,different,TN_TN,failure,40,10,failure,failure,2921118.513,714437.662
SEC::$ && DPT::DEV && CTR::$,SEC::$ && DPT::$,,,,,different,TN_FP,failure,80,20,success,failure,3444477.488,1407708.854
SEC::$ && DPT::DEV && CTR::$,SEC::$ && DPT::$ && CTR::$,,,,,same,same,success,80,80,success,success,3267734.181,2913245.690
SEC::$ && DPT::DEV && CTR::$,SEC::$ && DPT::$ && CTR::EN,,,,,same,same,failure,40,40,failure,failure,2950926.390,2825051.194
SEC::$ && DPT::DEV && CTR::$,SEC::$ && DPT::$ && CTR::FR,,,,,same,same,failure,40,40,failure,failure,2841528.326,2831314.553
SEC::$ && DPT::DEV && CTR::$,SEC::$ && DPT::DEV,,,,,different,TN_FP,failure,40,10,success,failure,1637226.718,714202.490
SEC::$ && DPT::DEV && CTR::$,SEC::$ && DPT::DEV && CTR::$,,,,,same,same,success,40,40,success,success,1653787.832,1580738.741
SEC::$ && DPT::DEV && CTR::$,SEC::$ && DPT::DEV && CTR::EN,,,,,same,same,failure,20,20,failure,failure,1492890.880,1445774.877
SEC::$ && DPT::DEV && CTR::$,SEC::$ && DPT::DEV && CTR::FR,,,,,same,same,failure,20,20,failure,failure,1473552.802,1467737.002
SEC::$ && DPT::DEV && CTR::$,SEC::$ && DPT::MKG,,,,,different,TN_TN,failure,40,10,failure,failure,2958121.996,722575.456
SEC::$ && DPT::DEV && CTR::$,SEC::$ && DPT::MKG && CTR::$,,,,,same,same,failure,40,40,failure,failure,3020173.525,2872196.768
SEC::$ && DPT::DEV && CTR::$,SEC::$ && DPT::MKG && CTR::EN,,,,,same,same,failure,20,20,failure,failure,1480288.120,1449664.022
SEC::$ && DPT::DEV && CTR::$,SEC::$ && DPT::MKG && CTR::FR,,,,,same,same,failure,20,20,failure,failure,1505285.484,1446935.805
SEC::$ && DPT::DEV && CTR::$,SEC::HIG,,,,,different,TN_TN,failure,64,4,failure,failure,4842634.265,321855.115
SEC::$ && DPT::DEV && CTR::$,SEC::HIG && CTR::$,,,,,different,TN_TN,failure,64,16,failure,failure,4787910.037,1236910.499
SEC::$ && DPT::DEV && CTR::$,SEC::HIG && CTR::EN,,,,,different,TN_TN,failure,32,8,failure,failure,2364626.984,609424.402
SEC::$ && DPT::DEV && CTR::$,SEC::HIG && CTR::FR,,,,,different,TN_TN,failure,32,8,failure,failure,2379434.569,613218.865
SEC::$ && DPT::DEV && CTR::$,SEC::HIG && DPT::$,,,,,different,TN_TN,failure,64,16,failure,failure,4686101.865,1243983.111
SEC::$ && DPT::DEV && CTR::$,SEC::HIG && DPT::$ && CTR::$,,,,,same,same,failure,64,64,failure,failure,4817722.963,4737027.548
SEC::$ && DPT::DEV && CTR::$,SEC::HIG && DPT::$ && CTR::EN,,,,,same,same,failure,32,32,failure,failure,2322257.183,2451460.311
SEC::$ && DPT::DEV && CTR::$,SEC::HIG && DPT::$ && CTR::FR,,,,,same,same,failure,32,32,failure,failure,2352045.169,2404977.291
SEC::$ && DPT::DEV && CTR::$,SEC::HIG && DPT::DEV,,,,,different,TN_TN,failure,32,8,failure,failure,2393893.686,607994.210
SEC::$ && DPT::DEV && CTR::$,SEC::HIG && DPT::DEV && CTR::$,,,,,same,same,failure,32,32,failure,failure,2329617.249,2489885.557
SEC::$ && DPT::DEV && CTR::$,SEC::HIG && DPT::DEV && CTR::EN,,,,,same,same,failure,16,16,failure,failure,1185579.450,1261235.567
SEC::$ && DPT::DEV && CTR::$,SEC::HIG && DPT::DEV && CTR::FR,,,,,same,same,failure,16,16,failure,failure,1158551.793,1261792.617
SEC::$ && DPT::DEV && CTR::$,SEC::HIG && DPT::MKG,,,,,different,TN_TN,failure,32,8,failure,failure,2314065.002,619823.279
SEC::$ && DPT::DEV && CTR::$,SEC::HIG && DPT::MKG && CTR::$,,,,,same,same,failure,32,32,failure,failure,2318581.038,2539684.072
SEC::$ && DPT::DEV && CTR::$,SEC::HIG && DPT::MKG && CTR::EN,,,,,same,same,failure,16,16,failure,failure,1146154.053,1261432.201
SEC::$ && DPT::DEV && CTR::$,SEC::HIG && DPT::MKG && CTR::FR,,,,,same,same,failure,16,16,failure,failure,1144509.979,1267218.515
SEC::$ && DPT::DEV && CTR::$,SEC::LOW,,,,,different,TN_TN,failure,32,2,failure,failure,2432846.953,156807.858
SEC::$ && DPT::DEV && CTR::$,SEC::LOW && CTR::$,,,,,different,TN_TN,failure,32,8,failure,failure,2416314.296,620329.814
SEC::$ && DPT::DEV && CTR::$,SEC::LOW && CTR::EN,,,,,different,TN_TN,failure,16,4,failure,failure,1209417.535,310047.732
SEC::$ && DPT::DEV && CTR::$,SEC::LOW && CTR::FR,,,,,different,TN_TN,failure,16,4,failure,failure,1198426.664,310285.548
SEC::$ && DPT::DEV && CTR::$,SEC::LOW && DPT::$,,,,,different,TN_TN,failure,32,8,failure,failure,2453100.263,614319.169
SEC::$ && DPT::DEV && CTR::$,SEC::LOW && DPT::$ && CTR::$,,,,,same,same,failure,32,32,failure,failure,2462764.009,2442909.322
SEC::$ && DPT::DEV && CTR::$,SEC::LOW && DPT::$ && CTR::EN,,,,,same,same,failure,16,16,failure,failure,1210826.688,1228226.927
SEC::$ && DPT::DEV && CTR::$,SEC::LOW && DPT::$ && CTR::FR,,,,,same,same,failure,16,16,failure,failure,1215013.001,1215312.026
SEC::$ && DPT::DEV && CTR::$,SEC::LOW && DPT::DEV,,,,,different,TN_TN,failure,16,4,failure,failure,1200403.361,311870.942
SEC::$ && DPT::DEV && CTR::$,SEC::LOW && DPT::DEV && CTR::$,,,,,same,same,failure,16,16,failure,failure,1185764.763,1239793.668
SEC::$ && DPT::DEV && CTR::$,SEC::LOW && DPT::DEV && CTR::EN,,,,,same,same,failure,8,8,failure,failure,591702.757,621540.630
SEC::$ && DPT::DEV && CTR::$,SEC::LOW && DPT::DEV && CTR::FR,,,,,same,same,failure,8,8,failure,failure,589286.614,619465.532
SEC::$ && DPT::DEV && CTR::$,SEC::LOW && DPT::MKG,,,,,different,TN_TN,failure,16,4,failure,failure,1196515.424,310213.412
SEC::$ && DPT::DEV && CTR::$,SEC::LOW && DPT::MKG && CTR::$,,,,,same,same,failure,16,16,failure,failure,1219154.524,1229747.498
SEC::$ && DPT::DEV && CTR::$,SEC::LOW && DPT::MKG && CTR::EN,,,,,same,same,failure,8,8,failure,failure,606321.963,617286.566
SEC::$ && DPT::DEV && CTR::$,SEC::LOW && DPT::MKG && CTR::FR,,,,,same,same,failure,8,8,failure,failure,602027.262,613977.368
SEC::$ && DPT::DEV && CTR::$,SEC::MED,,,,,different,TN_TN,failure,48,3,failure,failure,3709360.778,229080.508
SEC::$ && DPT::DEV && CTR::$,SEC::MED && CTR::$,,,,,different,TN_TN,failure,48,12,failure,failure,3630567.361,902551.306
SEC::$ && DPT::DEV && CTR::$,SEC::MED && CTR::EN,,,,,different,TN_TN,failure,24,6,failure,failure,1801814.083,455327.836
SEC::$ && DPT::DEV && CTR::$,SEC::MED && CTR::FR,,,,,different,TN_TN,failure,24,6,failure,failure,1826638.156,451488.750
SEC::$ && DPT::DEV && CTR::$,SEC::MED && DPT::$,,,,,different,TN_TN,failure,48,12,failure,failure,3588564.910,911123.715
SEC::$ && DPT::DEV && CTR::$,SEC::MED && DPT::$ && CTR::$,,,,,same,same,failure,48,48,failure,failure,3597875.249,3902009.203
SEC::$ && DPT::DEV && CTR::$,SEC::MED && DPT::$ && CTR::EN,,,,,same,same,failure,24,24,failure,failure,1779251.366,1825093.534
SEC::$ && DPT::DEV && CTR::$,SEC::MED && DPT::$ && CTR::FR,,,,,same,same,failure,24,24,failure,failure,1811025.360,1859469.805
SEC::$ && DPT::DEV && CTR::$,SEC::MED && DPT::DEV,,,,,different,TN_TN,failure,24,6,failure,failure,2065416.350,451289.111
SEC::$ && DPT::DEV && CTR::$,SEC::MED && DPT::DEV && CTR::$,,,,,same,same,failure,24,24,failure,failure,1887250.139,1823683.223
SEC::$ && DPT::DEV && CTR::$,SEC::MED && DPT::DEV && CTR::EN,,,,,same,same,failure,12,12,failure,failure,896209.931,902326.098
SEC::$ && DPT::DEV && CTR::$,SEC::MED && DPT::DEV && CTR::FR,,,,,same,same,failure,12,12,failure,failure,918687.162,902029.031
SEC::$ && DPT::DEV && CTR::$,SEC::MED && DPT::MKG,,,,,different,TN_TN,failure,24,6,failure,failure,1823790.745,455795.724
SEC::$ && DPT::DEV && CTR::$,SEC::MED && DPT::MKG && CTR::$,,,,,same,same,failure,24,24,failure,failure,1829912.728,1839786.324
SEC::$ && DPT::DEV && CTR::$,SEC::MED && DPT::MKG && CTR::EN,,,,,same,same,failure,12,12,failure,failure,902830.469,911922.303
SEC::$ && DPT::DEV && CTR::$,SEC::MED && DPT::MKG && CTR::FR,,,,,same,same,failure,12,12,failure,failure,904408.203,920529.748
SEC::$ && DPT::DEV && CTR::EN,CTR::$,,,,,different,TN_FP,failure,80,4,success,failure,3363895.661,315857.705
SEC::$ && DPT::DEV && CTR::EN,CTR::EN,,,,,different,TN_FP,failure,40,2,success,failure,1621087.154,161351.675
SEC::$ && DPT::DEV && CTR::EN,CTR::FR,,,,,different,TN_TN,failure,40,2,failure,failure,3110190.839,160531.367
SEC::$ && DPT::DEV && CTR::EN,DPT::$,,,,,different,TN_FP,failure,80,4,success,failure,3392827.982,321460.144
SEC::$ && DPT::DEV && CTR::EN,DPT::$ && CTR::$,,,,,different,TN_FP,failure,80,16,success,failure,3134088.681,1269788.556
SEC::$ && DPT::DEV && CTR::EN,DPT::$ && CTR::EN,,,,,different,TN_FP,failure,40,8,success,failure,1602798.559,636469.873
SEC::$ && DPT::DEV && CTR::EN,DPT::$ && CTR::FR,,,,,different,TN_TN,failure,40,8,failure,failure,3069086.959,629591.912
SEC::$ && DPT::DEV && CTR::EN,DPT::DEV,,,,,different,TN_FP,failure,40,2,success,failure,1668545.474,159871.123
SEC::$ && DPT::DEV && CTR::EN,DPT::DEV && CTR::$,,,,,different,TN_FP,failure,40,8,success,failure,1672596.132,629712.939
SEC::$ && DPT::DEV && CTR::EN,DPT::DEV && CTR::EN,,,,,different,TN_FP,failure,20,4,success,failure,868380.605,315565.898
SEC::$ && DPT::DEV && CTR::EN,DPT::DEV && CTR::FR,,,,,different,TN_TN,failure,20,4,failure,failure,1522097.895,316225.680
SEC::$ && DPT::DEV && CTR::EN,DPT::MKG,,,,,different,TN_TN,failure,40,2,failure,failure,3302380.345,162439.821
SEC::$ && DPT::DEV && CTR::EN,DPT::MKG && CTR::$,,,,,different,TN_TN,failure,40,8,failure,failure,3116954.803,645998.386
SEC::$ && DPT::DEV && CTR::EN,DPT::MKG && CTR::EN,,,,,different,TN_TN,failure,20,4,failure,failure,1538531.009,320102.327
SEC::$ && DPT::DEV && CTR::EN,DPT::MKG && CTR::FR,,,,,different,TN_TN,failure,20,4,failure,failure,1544939.565,320106.104
SEC::$ && DPT::DEV && CTR::EN,SEC::$,,,,,different,TN_FP,failure,80,5,success,failure,3597026.833,387196.498
SEC::$ && DPT::DEV && CTR::EN,SEC::$ && CTR::$,,,,,different,TN_FP,failure,80,20,success,failure,3382366.909,1543798.394
SEC::$ && DPT::DEV && CTR::EN,SEC::$ && CTR::EN,,,,,different,TN_FP,failure,40,10,success,failure,1688562.911,779622.713
SEC::$ && DPT::DEV && CTR::EN,SEC::$ && CTR::FR,,,,,different,TN_TN,failure,40,10,failure,failure,3672618.503,773855.709
SEC::$ && DPT::DEV && CTR::EN,SEC::$ && DPT::$,,,,,different,TN_FP,failure,80,20,success,failure,3051890.754,1471655.337
SEC::$ && DPT::DEV && CTR::EN,SEC::$ && DPT::$ && CTR::$,,,,,same,same,success,80,80,success,success,3146677.990,3014269.325
SEC::$ && DPT::DEV && CTR::EN,SEC::$ && DPT::$ && CTR::EN,,,,,same,same,success,40,40,success,success,1745161.651,1610463.201
SEC::$ && DPT::DEV && CTR::EN,SEC::$ && DPT::$ && CTR::FR,,,,,same,same,failure,40,40,failure,failure,2991951.237,2981194.871
SEC::$ && DPT::DEV && CTR::EN,SEC::$ && DPT::DEV,,,,,different,TN_FP,failure,40,10,success,failure,1633476.242,758761.587
SEC::$ && DPT::DEV && CTR::EN,SEC::$ && DPT::DEV && CTR::$,,,,,same,same,success,40,40,success,success,1707388.273,1643837.873
SEC::$ && DPT::DEV && CTR::EN,SEC::$ && DPT::DEV && CTR::EN,,,,,same,same,success,20,20,success,success,876755.414,889503.526
SEC::$ && DPT::DEV && CTR::EN,SEC::$ && DPT::DEV && CTR::FR,,,,,same,same,failure,20,20,failure,failure,1501128.451,1544344.860
SEC::$ && DPT::DEV && CTR::EN,SEC::$ && DPT::MKG,,,,,different,TN_TN,failure,40,10,failure,failure,2999824.967,735831.686
SEC::$ && DPT::DEV && CTR::EN,SEC::$ && DPT::MKG && CTR::$,,,,,same,same,failure,40,40,failure,failure,2978942.556,2983331.473
SEC::$ && DPT::DEV && CTR::EN,SEC::$ && DPT::MKG && CTR::EN,,,,,same,same,failure,20,20,failure,failure,1525968.856,1477723.525
SEC::$ && DPT::DEV && CTR::EN,SEC::$ && DPT::MKG && CTR::FR,,,,,same,same,failure,20,20,failure,failure,1515101.657,1466512.155
SEC::$ && DPT::DEV && CTR::EN,SEC::HIG,,,,,different,TN_TN,failure,64,4,failure,failure,4935158.818,309875.434
SEC::$ && DPT::DEV && CTR::EN,SEC::HIG && CTR::$,,,,,different,TN_TN,failure,64,16,failure,failure,4887872.471,1249085.256
SEC::$ && DPT::DEV && CTR::EN,SEC::HIG && CTR::EN,,,,,different,TN_TN,failure,32,8,failure,failure,2473259.947,615444.270
SEC::$ && DPT::DEV && CTR::EN,SEC::HIG && CTR::FR,,,,,different,TN_TN,failure,32,8,failure,failure,2469564.661,630938.432
SEC::$ && DPT::DEV && CTR::EN,SEC::HIG && DPT::$,,,,,different,TN_TN,failure,64,16,failure,failure,4976332.029,1254958.924
SEC::$ && DPT::DEV && CTR::EN,SEC::HIG && DPT::$ && CTR::$,,,,,same,same,failure,64,64,failure,failure,4949090.075,5131486.069
SEC::$ && DPT::DEV && CTR::EN,SEC::HIG && DPT::$ && CTR::EN,,,,,same,same,failure,32,32,failure,failure,2425389.113,2580771.787
SEC::$ && DPT::DEV && CTR::EN,SEC::HIG && DPT::$ && CTR::FR,,,,,same,same,failure,32,32,failure,failure,2445284.797,2912834.834
SEC::$ && DPT::DEV && CTR::EN,SEC::HIG && DPT::DEV,,,,,different,TN_TN,failure,32,8,failure,failure,2529423.416,620240.230
SEC::$ && DPT::DEV && CTR::EN,SEC::HIG && DPT::DEV && CTR::$,,,,,same,same,failure,32,32,failure,failure,2445552.174,2556329.830
SEC::$ && DPT::DEV && CTR::EN,SEC::HIG && DPT::DEV && CTR::EN,,,,,same,same,failure,16,16,failure,failure,1191754.989,1240337.393
SEC::$ && DPT::DEV && CTR::EN,SEC::HIG && DPT::DEV && CTR::FR,,,,,same,same,failure,16,16,failure,failure,1192093.119,1237231.021
SEC::$ && DPT::DEV && CTR::EN,SEC::HIG && DPT::MKG,,,,,different,TN_TN,failure,32,8,failure,failure,2508507.533,732290.093
SEC::$ && DPT::DEV && CTR::EN,SEC::HIG && DPT::MKG && CTR::$,,,,,same,same,failure,32,32,failure,failure,2450038.083,2838316.867
SEC::$ && DPT::DEV && CTR::EN,SEC::HIG && DPT::MKG && CTR::EN,,,,,same,same,failure,16,16,failure,failure,1238379.309,1244659.575
SEC::$ && DPT::DEV && CTR::EN,SEC::HIG && DPT::MKG && CTR::FR,,,,,same,same,failure,16,16,failure,failure,1209791.361,1341585.113
SEC::$ && DPT::DEV && CTR::EN,SEC::LOW,,,,,different,TN_TN,failure,32,2,failure,failure,2449643.127,161609.774
SEC::$ && DPT::DEV && CTR::EN,SEC::LOW && CTR::$,,,,,different,TN_TN,failure,32,8,failure,failure,2425223.112,637781.133
SEC::$ && DPT::DEV && CTR::EN,SEC::LOW && CTR::EN,,,,,different,TN_TN,failure,16,4,failure,failure,1200867.187,318244.693
SEC::$ && DPT::DEV && CTR::EN,SEC::LOW && CTR::FR,,,,,different,TN_TN,failure,16,4,failure,failure,1208305.329,319190.903
SEC::$ && DPT::DEV && CTR::EN,SEC::LOW && DPT::$,,,,,different,TN_TN,failure,32,8,failure,failure,2435661.467,627075.512
SEC::$ && DPT::DEV && CTR::EN,SEC::LOW && DPT::$ && CTR::$,,,,,same,same,failure,32,32,failure,failure,2465974.081,2549063.911
SEC::$ && DPT::DEV && CTR::EN,SEC::LOW && DPT::$ && CTR::EN,,,,,same,same,failure,16,16,failure,failure,1208034.104,1268173.982
SEC::$ && DPT::DEV && CTR::EN,SEC::LOW && DPT::$ && CTR::FR,,,,,same,same,failure,16,16,failure,failure,1221333.566,1261851.898
SEC::$ && DPT::DEV && CTR::EN,SEC::LOW && DPT::DEV,,,,,different,TN_TN,failure,16,4,failure,failure,1200053.656,318663.914
SEC::$ && DPT::DEV && CTR::EN,SEC::LOW && DPT::DEV && CTR::$,,,,,same,same,failure,16,16,failure,failure,1202292.415,1263426.156
SEC::$ && DPT::DEV && CTR::EN,SEC::LOW && DPT::DEV && CTR::EN,,,,,same,same,failure,8,8,failure,failure,600682.655,628053.376
SEC::$ && DPT::DEV && CTR::EN,SEC::LOW && DPT::DEV && CTR::FR,,,,,same,same,failure,8,8,failure,failure,596359.822,629295.691
SEC::$ && DPT::DEV && CTR::EN,SEC::LOW && DPT::MKG,,,,,different,TN_TN,failure,16,4,failure,failure,1233140.754,316090.406
SEC::$ && DPT::DEV && CTR::EN,SEC::LOW && DPT::MKG && CTR::$,,,,,same,same,failure,16,16,failure,failure,1200290.275,1272852.343
SEC::$ && DPT::DEV && CTR::EN,SEC::LOW && DPT::MKG && CTR::EN,,,,,same,same,failure,8,8,failure,failure,620544.822,628272.106
SEC::$ && DPT::DEV && CTR::EN,SEC::LOW && DPT::MKG && CTR::FR,,,,,same,same,failure,8,8,failure,failure,713857.007,627761.654
SEC::$ && DPT::DEV && CTR::EN,SEC::MED,,,,,different,TN_TN,failure,48,3,failure,failure,3688281.303,239971.793
SEC::$ && DPT::DEV && CTR::EN,SEC::MED && CTR::$,,,,,different,TN_TN,failure,48,12,failure,failure,3659125.294,948330.170
SEC::$ && DPT::DEV && CTR::EN,SEC::MED && CTR::EN,,,,,different,TN_TN,failure,24,6,failure,failure,1855720.132,479010.734
SEC::$ && DPT::DEV && CTR::EN,SEC::MED && CTR::FR,,,,,different,TN_TN,failure,24,6,failure,failure,1852452.988,476584.568
SEC::$ && DPT::DEV && CTR::EN,SEC::MED && DPT::$,,,,,different,TN_TN,failure,48,12,failure,failure,3695524.745,921413.171
SEC::$ && DPT::DEV && CTR::EN,SEC::MED && DPT::$ && CTR::$,,,,,same,same,failure,48,48,failure,failure,3691659.189,3745600.289
SEC::$ && DPT::DEV && CTR::EN,SEC::MED && DPT::$ && CTR::EN,,,,,same,same,failure,24,24,failure,failure,1832623.353,1861061.596
SEC::$ && DPT::DEV && CTR::EN,SEC::MED && DPT::$ && CTR::FR,,,,,same,same,failure,24,24,failure,failure,1820911.374,1862019.413
SEC::$ && DPT::DEV && CTR::EN,SEC::MED && DPT::DEV,,,,,different,TN_TN,failure,24,6,failure,failure,1845649.627,473985.673
SEC::$ && DPT::DEV && CTR::EN,SEC::MED && DPT::DEV && CTR::$,,,,,same,same,failure,24,24,failure,failure,1828300.680,1906621.384
SEC::$ && DPT::DEV && CTR::EN,SEC::MED && DPT::DEV && CTR::EN,,,,,same,same,failure,12,12,failure,failure,902348.750,948708.540
SEC::$ && DPT::DEV && CTR::EN,SEC::MED && DPT::DEV && CTR::FR,,,,,same,same,failure,12,12,failure,failure,902969.671,947815.870
SEC::$ && DPT::DEV && CTR::EN,SEC::MED && DPT::MKG,,,,,different,TN_TN,failure,24,6,failure,failure,1828394.475,472352.160
SEC::$ && DPT::DEV && CTR::EN,SEC::MED && DPT::MKG && CTR::$,,,,,same,same,failure,24,24,failure,failure,1839255.714,1875138.225
SEC::$ && DPT::DEV && CTR::EN,SEC::MED && DPT::MKG && CTR::EN,,,,,same,same,failure,12,12,failure,failure,900657.879,943337.665
SEC::$ && DPT::DEV && CTR::EN,SEC::MED && DPT::MKG && CTR::FR,,,,,same,same,failure,12,12,failure,failure,896448.843,939450.534
SEC::$ && DPT::DEV && CTR::FR,CTR::$,,,,,different,TN_FP,failure,80,4,success,failure,3392915.590,297068.977
SEC::$ && DPT::DEV && CTR::FR,CTR::EN,,,,,different,TN_TN,failure,40,2,failure,failure,3343936.894,150371.750
SEC::$ && DPT::DEV && CTR::FR,CTR::FR,,,,,different,TN_FP,failure,40,2,success,failure,1811998.686,148944.908
SEC::$ && DPT::DEV && CTR::FR,DPT::$,,,,,different,TN_FP,failure,80,4,success,failure,3394870.268,298235.545
SEC::$ && DPT::DEV && CTR::FR,DPT::$ && CTR::$,,,,,different,TN_FP,failure,80,16,success,failure,3670935.722,1203640.664
SEC::$ && DPT::DEV && CTR::FR,DPT::$ && CTR::EN,,,,,different,TN_TN,failure,40,8,failure,failure,3285785.016,597295.226
SEC::$ && DPT::DEV && CTR::FR,DPT::$ && CTR::FR,,,,,different,TN_FP,failure,40,8,success,failure,1769559.746,598239.904
SEC::$ && DPT::DEV && CTR::FR,DPT::DEV,,,,,different,TN_FP,failure,40,2,success,failure,1775516.269,148477.376
SEC::$ && DPT::DEV && CTR::FR,DPT::DEV && CTR::$,,,,,different,TN_FP,failure,40,8,success,failure,1769265.239,594553.309
SEC::$ && DPT::DEV && CTR::FR,DPT::DEV && CTR::EN,,,,,different,TN_TN,failure,20,4,failure,failure,1631105.726,296667.469
SEC::$ && DPT::DEV && CTR::FR,DPT::DEV && CTR::FR,,,,,different,TN_FP,failure,20,4,success,failure,961878.639,297329.531
SEC::$ && DPT::DEV && CTR::FR,DPT::MKG,,,,,different,TN_TN,failure,40,2,failure,failure,3263000.032,148727.872
SEC::$ && DPT::DEV && CTR::FR,DPT::MKG && CTR::$,,,,,different,TN_TN,failure,40,8,failure,failure,3292375.222,599451.526
SEC::$ && DPT::DEV && CTR::FR,DPT::MKG && CTR::EN,,,,,different,TN_TN,failure,20,4,failure,failure,1639736.175,297034.863
SEC::$ && DPT::DEV && CTR::FR,DPT::MKG && CTR::FR,,,,,different,TN_TN,failure,20,4,failure,failure,1637944.208,299037.184
SEC::$ && DPT::DEV && CTR::FR,SEC::$,,,,,different,TN_FP,failure,80,5,success,failure,3248740.955,363425.716
SEC::$ && DPT::DEV && CTR::FR,SEC::$ && CTR::$,,,,,different,TN_FP,failure,80,20,success,failure,3474372.168,1515706.241
SEC::$ && DPT::DEV && CTR::FR,SEC::$ && CTR::EN,,,,,different,TN_TN,failure,40,10,failure,failure,3142542.518,728761.400
SEC::$ && DPT::DEV && CTR::FR,SEC::$ && CTR::FR,,,,,different,TN_FP,failure,40,10,success,failure,1863874.141,731491.650
SEC::$ && DPT::DEV && CTR::FR,SEC::$ && DPT::$,,,,,different,TN_FP,failure,80,20,success,failure,3137951.262,1538653.319
SEC::$ && DPT::DEV && CTR::FR,SEC::$ && DPT::$ && CTR::$,,,,,same,same,success,80,80,success,success,3406881.212,3278328.294
SEC::$ && DPT::DEV && CTR::FR,SEC::$ && DPT::$ && CTR::EN,,,,,same,same,failure,40,40,failure,failure,3084460.757,3087690.816
SEC::$ && DPT::DEV && CTR::FR,SEC::$ && DPT::$ && CTR::FR,,,,,same,same,success,40,40,success,success,1818056.399,1609642.046
SEC::$ && DPT::DEV && CTR::FR,SEC::$ && DPT::DEV,,,,,different,TN_FP,failure,40,10,success,failure,2307589.450,760044.418
SEC::$ && DPT::DEV && CTR::FR,SEC::$ && DPT::DEV && CTR::$,,,,,same,same,success,40,40,success,success,1790497.550,1712177.942
SEC::$ && DPT::DEV && CTR::FR,SEC::$ && DPT::DEV && CTR::EN,,,,,same,same,failure,20,20,failure,failure,2290752.859,1548001.454
SEC::$ && DPT::DEV && CTR::FR,SEC::$ && DPT::DEV && CTR::FR,,,,,same,same,success,20,20,success,success,990145.676,948235.102
SEC::$ && DPT::DEV && CTR::FR,SEC::$ && DPT::MKG,,,,,different,TN_TN,failure,40,10,failure,failure,3268390.518,735336.422
SEC::$ && DPT::DEV && CTR::FR,SEC::$ && DPT::MKG && CTR::$,,,,,same,same,failure,40,40,failure,failure,3162639.440,3086852.397
SEC::$ && DPT::DEV && CTR::FR,SEC::$ && DPT::MKG && CTR::EN,,,,,same,same,failure,20,20,failure,failure,1597678.415,1507668.003
SEC::$ && DPT::DEV && CTR::FR,SEC::$ && DPT::MKG && CTR::FR,,,,,same,same,failure,20,20,failure,failure,1586882.930,1512899.015
SEC::$ && DPT::DEV && CTR::FR,SEC::HIG,,,,,different,TN_TN,failure,64,4,failure,failure,5191383.021,299850.800
SEC::$ && DPT::DEV && CTR::FR,SEC::HIG && CTR::$,,,,,different,TN_TN,failure,64,16,failure,failure,5148787.122,1204940.697
SEC::$ && DPT::DEV && CTR::FR,SEC::HIG && CTR::EN,,,,,different,TN_TN,failure,32,8,failure,failure,2579458.995,598881.978
SEC::$ && DPT::DEV && CTR::FR,SEC::HIG && CTR::FR,,,,,different,TN_TN,failure,32,8,failure,failure,2571655.552,602041.500
SEC::$ && DPT::DEV && CTR::FR,SEC::HIG && DPT::$,,,,,different,TN_TN,failure,64,16,failure,failure,5055419.287,1172850.694
SEC::$ && DPT::DEV && CTR::FR,SEC::HIG && DPT::$ && CTR::$,,,,,same,same,failure,64,64,failure,failure,5138136.488,4802896.507
SEC::$ && DPT::DEV && CTR::FR,SEC::HIG && DPT::$ && CTR::EN,,,,,same,same,failure,32,32,failure,failure,2556145.820,2368526.012
SEC::$ && DPT::DEV && CTR::FR,SEC::HIG && DPT::$ && CTR::FR,,,,,same,same,failure,32,32,failure,failure,2597060.686,2374250.179
SEC::$ && DPT::DEV && CTR::FR,SEC::HIG && DPT::DEV,,,,,different,TN_TN,failure,32,8,failure,failure,2548829.501,598686.857
SEC::$ && DPT::DEV && CTR::FR,SEC::HIG && DPT::DEV && CTR::$,,,,,same,same,failure,32,32,failure,failure,2508431.470,2421783.339
SEC::$ && DPT::DEV && CTR::FR,SEC::HIG && DPT::DEV && CTR::EN,,,,,same,same,failure,16,16,failure,failure,1235526.724,1212380.117
SEC::$ && DPT::DEV && CTR::FR,SEC::HIG && DPT::DEV && CTR::FR,,,,,same,same,failure,16,16,failure,failure,1243014.935,1201666.501
SEC::$ && DPT::DEV && CTR::FR,SEC::HIG && DPT::MKG,,,,,different,TN_TN,failure,32,8,failure,failure,2502717.692,597789.593
SEC::$ && DPT::DEV && CTR::FR,SEC::HIG && DPT::MKG && CTR::$,,,,,same,same,failure,32,32,failure,failure,2588663.099,2371870.110
SEC::$ && DPT::DEV && CTR::FR,SEC::HIG && DPT::MKG && CTR::EN,,,,,same,same,failure,16,16,failure,failure,1240085.690,1188438.333
SEC::$ && DPT::DEV && CTR::FR,SEC::HIG && DPT::MKG && CTR::FR,,,,,same,same,failure,16,16,failure,failure,1250240.658,1191203.830
SEC::$ && DPT::DEV && CTR::FR,SEC::LOW,,,,,different,TN_TN,failure,32,2,failure,failure,2649183.476,150706.177
SEC::$ && DPT::DEV && CTR::FR,SEC::LOW && CTR::$,,,,,different,TN_TN,failure,32,8,failure,failure,2611385.336,596609.691
SEC::$ && DPT::DEV && CTR::FR,SEC::LOW && CTR::EN,,,,,different,TN_TN,failure,16,4,failure,failure,1300108.929,298613.735
SEC::$ && DPT::DEV && CTR::FR,SEC::LOW && CTR::FR,,,,,different,TN_TN,failure,16,4,failure,failure,1288450.666,299278.076
SEC::$ && DPT::DEV && CTR::FR,SEC::LOW && DPT::$,,,,,different,TN_TN,failure,32,8,failure,failure,2662172.896,597357.924
SEC::$ && DPT::DEV && CTR::FR,SEC::LOW && DPT::$ && CTR::$,,,,,same,same,failure,32,32,failure,failure,2611444.251,2431910.987
SEC::$ && DPT::DEV && CTR::FR,SEC::LOW && DPT::$ && CTR::EN,,,,,same,same,failure,16,16,failure,failure,1311955.971,1199756.668
SEC::$ && DPT::DEV && CTR::FR,SEC::LOW && DPT::$ && CTR::FR,,,,,same,same,failure,16,16,failure,failure,1305335.228,1201665.629
SEC::$ && DPT::DEV && CTR::FR,SEC::LOW && DPT::DEV,,,,,different,TN_TN,failure,16,4,failure,failure,1287984.021,297974.030
SEC::$ && DPT::DEV && CTR::FR,SEC::LOW && DPT::DEV && CTR::$,,,,,same,same,failure,16,16,failure,failure,1305504.886,1204864.364
SEC::$ && DPT::DEV && CTR::FR,SEC::LOW && DPT::DEV && CTR::EN,,,,,same,same,failure,8,8,failure,failure,634124.073,598821.885
SEC::$ && DPT::DEV && CTR::FR,SEC::LOW && DPT::DEV && CTR::FR,,,,,same,same,failure,8,8,failure,failure,644667.054,600133.250
SEC::$ && DPT::DEV && CTR::FR,SEC::LOW && DPT::MKG,,,,,different,TN_TN,failure,16,4,failure,failure,1280795.221,299656.976
SEC::$ && DPT::DEV && CTR::FR,SEC::LOW && DPT::MKG && CTR::$,,,,,same,same,failure,16,16,failure,failure,1314518.343,1205040.655
SEC::$ && DPT::DEV && CTR::FR,SEC::LOW && DPT::MKG && CTR::EN,,,,,same,same,failure,8,8,failure,failure,638002.974,596912.088
SEC::$ && DPT::DEV && CTR::FR,SEC::LOW && DPT::MKG && CTR::FR,,,,,same,same,failure,8,8,failure,failure,645745.252,598348.131
SEC::$ && DPT::DEV && CTR::FR,SEC::MED,,,,,different,TN_TN,failure,48,3,failure,failure,3987036.548,225672.465
SEC::$ && DPT::DEV && CTR::FR,SEC::MED && CTR::$,,,,,different,TN_TN,failure,48,12,failure,failure,3918271.893,901460.500
SEC::$ && DPT::DEV && CTR::FR,SEC::MED && CTR::EN,,,,,different,TN_TN,failure,24,6,failure,failure,2033339.737,450204.622
SEC::$ && DPT::DEV && CTR::FR,SEC::MED && CTR::FR,,,,,different,TN_TN,failure,24,6,failure,failure,1942252.755,450416.980
SEC::$ && DPT::DEV && CTR::FR,SEC::MED && DPT::$,,,,,different,TN_TN,failure,48,12,failure,failure,3849513.444,901379.678
SEC::$ && DPT::DEV && CTR::FR,SEC::MED && DPT::$ && CTR::$,,,,,same,same,failure,48,48,failure,failure,3861011.617,3660665.277
SEC::$ && DPT::DEV && CTR::FR,SEC::MED && DPT::$ && CTR::EN,,,,,same,same,failure,24,24,failure,failure,1923569.305,1820442.089
SEC::$ && DPT::DEV && CTR::FR,SEC::MED && DPT::$ && CTR::FR,,,,,same,same,failure,24,24,failure,failure,1921545.648,1824870.866
SEC::$ && DPT::DEV && CTR::FR,SEC::MED && DPT::DEV,,,,,different,TN_TN,failure,24,6,failure,failure,1965798.977,452891.827
SEC::$ && DPT::DEV && CTR::FR,SEC::MED && DPT::DEV && CTR::$,,,,,same,same,failure,24,24,failure,failure,2099326.666,1820765.906
SEC::$ && DPT::DEV && CTR::FR,SEC::MED && DPT::DEV && CTR::EN,,,,,same,same,failure,12,12,failure,failure,984441.215,908918.253
SEC::$ && DPT::DEV && CTR::FR,SEC::MED && DPT::DEV && CTR::FR,,,,,same,same,failure,12,12,failure,failure,996856.789,919100.773
SEC::$ && DPT::DEV && CTR::FR,SEC::MED && DPT::MKG,,,,,different,TN_TN,failure,24,6,failure,failure,1956187.333,450151.687
SEC::$ && DPT::DEV && CTR::FR,SEC::MED && DPT::MKG && CTR::$,,,,,same,same,failure,24,24,failure,failure,1969146.171,1822253.091
SEC::$ && DPT::DEV && CTR::FR,SEC::MED && DPT::MKG && CTR::EN,,,,,same,same,failure,12,12,failure,failure,966073.397,906778.635
SEC::$ && DPT::DEV && CTR::FR,SEC::MED && DPT::MKG && CTR::FR,,,,,same,same,failure,12,12,failure,failure,958343.819,907475.547
SEC::$ && DPT::MKG,CTR::$,,,,,different,TN_FP,failure,80,4,success,failure,3632423.473,315830.404
SEC::$ && DPT::MKG,CTR::EN,,,,,different,TN_FP,failure,40,2,success,failure,1881976.642,162302.204
SEC::$ && DPT::MKG,CTR::FR,,,,,different,TN_FP,failure,40,2,success,failure,1979389.765,159106.033
SEC::$ && DPT::MKG,DPT::$,,,,,different,TN_FP,failure,80,4,success,failure,3722756.985,313989.906
SEC::$ && DPT::MKG,DPT::$ && CTR::$,,,,,different,TN_FP,failure,80,16,success,failure,3414400.456,1253087.033
SEC::$ && DPT::MKG,DPT::$ && CTR::EN,,,,,different,TN_FP,failure,40,8,success,failure,1806195.300,624037.068
SEC::$ && DPT::MKG,DPT::$ && CTR::FR,,,,,different,TN_FP,failure,40,8,success,failure,1762400.518,624475.865
SEC::$ && DPT::MKG,DPT::DEV,,,,,different,TN_TN,failure,40,2,failure,failure,3386233.947,160010.119
SEC::$ && DPT::MKG,DPT::DEV && CTR::$,,,,,different,TN_TN,failure,40,8,failure,failure,3508770.631,625797.099
SEC::$ && DPT::MKG,DPT::DEV && CTR::EN,,,,,different,TN_TN,failure,20,4,failure,failure,1680641.819,314202.530
SEC::$ && DPT::MKG,DPT::DEV && CTR::FR,,,,,different,TN_TN,failure,20,4,failure,failure,1678711.958,314289.123
SEC::$ && DPT::MKG,DPT::MKG,,,,,different,TN_FP,failure,40,2,success,failure,1838046.215,158940.994
SEC::$ && DPT::MKG,DPT::MKG && CTR::$,,,,,different,TN_FP,failure,40,8,success,failure,1866424.601,624443.470
SEC::$ && DPT::MKG,DPT::MKG && CTR::EN,,,,,different,TN_FP,failure,20,4,success,failure,1031743.873,313751.895
SEC::$ && DPT::MKG,DPT::MKG && CTR::FR,,,,,different,TN_FP,failure,20,4,success,failure,1029377.360,313795.091
SEC::$ && DPT::MKG,SEC::$,,,,,different,TN_FP,failure,80,5,success,failure,3234996.925,389457.795
SEC::$ && DPT::MKG,SEC::$ && CTR::$,,,,,different,TN_FP,failure,80,20,success,failure,3626637.309,1546963.542
SEC::$ && DPT::MKG,SEC::$ && CTR::EN,,,,,different,TN_FP,failure,40,10,success,failure,1820104.580,767251.922
SEC::$ && DPT::MKG,SEC::$ && CTR::FR,,,,,different,TN_FP,failure,40,10,success,failure,1791475.945,767941.431
SEC::$ && DPT::MKG,SEC::$ && DPT::$,,,,,different,TP_TP,success,80,20,success,success,3413020.518,940465.804
SEC::$ && DPT::MKG,SEC::$ && DPT::$ && CTR::$,,,,,same,same,success,80,80,success,success,3334020.613,3400379.331
SEC::$ && DPT::MKG,SEC::$ && DPT::$ && CTR::EN,,,,,same,same,success,40,40,success,success,1888058.415,1726979.697
SEC::$ && DPT::MKG,SEC::$ && DPT::$ && CTR::FR,,,,,same,same,success,40,40,success,success,1825174.320,1680337.658
SEC::$ && DPT::MKG,SEC::$ && DPT::DEV,,,,,different,TN_TN,failure,40,10,failure,failure,3258131.164,763891.780
SEC::$ && DPT::MKG,SEC::$ && DPT::DEV && CTR::$,,,,,same,same,failure,40,40,failure,failure,3248211.857,3431471.853
SEC::$ && DPT::MKG,SEC::$ && DPT::DEV && CTR::EN,,,,,same,same,failure,20,20,failure,failure,1584505.751,1546088.475
SEC::$ && DPT::MKG,SEC::$ && DPT::DEV && CTR::FR,,,,,same,same,failure,20,20,failure,failure,1596465.009,1581663.345
SEC::$ && DPT::MKG,SEC::$ && DPT::MKG,,,,,different,TP_TP,success,40,10,success,success,1763369.961,544416.174
SEC::$ && DPT::MKG,SEC::$ && DPT::MKG && CTR::$,,,,,same,same,success,40,40,success,success,1765907.210,1855900.299
SEC::$ && DPT::MKG,SEC::$ && DPT::MKG && CTR::EN,,,,,same,same,success,20,20,success,success,1001472.833,969188.540
SEC::$ && DPT::MKG,SEC::$ && DPT::MKG && CTR::FR,,,,,same,same,success,20,20,success,success,950158.665,939391.303
SEC::$ && DPT::MKG,SEC::HIG,,,,,different,TN_TN,failure,64,4,failure,failure,5302138.630,313447.294
SEC::$ && DPT::MKG,SEC::HIG && CTR::$,,,,,different,TN_TN,failure,64,16,failure,failure,5278987.690,1252521.878
SEC::$ && DPT::MKG,SEC::HIG && CTR::EN,,,,,different,TN_TN,failure,32,8,failure,failure,2623369.039,628037.216
SEC::$ && DPT::MKG,SEC::HIG && CTR::FR,,,,,different,TN_TN,failure,32,8,failure,failure,2622707.799,623985.566
SEC::$ && DPT::MKG,SEC::HIG && DPT::$,,,,,different,TN_TN,failure,64,16,failure,failure,5154968.215,1237324.887
SEC::$ && DPT::MKG,SEC::HIG && DPT::$ && CTR::$,,,,,same,same,failure,64,64,failure,failure,5131552.864,4965784.935
SEC::$ && DPT::MKG,SEC::HIG && DPT::$ && CTR::EN,,,,,same,same,failure,32,32,failure,failure,2573803.041,2499326.717
SEC::$ && DPT::MKG,SEC::HIG && DPT::$ && CTR::FR,,,,,same,same,failure,32,32,failure,failure,2580993.889,2481922.491
SEC::$ && DPT::MKG,SEC::HIG && DPT::DEV,,,,,different,TN_TN,failure,32,8,failure,failure,2655403.603,627730.470
SEC::$ && DPT::MKG,SEC::HIG && DPT::DEV && CTR::$,,,,,same,same,failure,32,32,failure,failure,2627636.103,2555615.185
SEC::$ && DPT::MKG,SEC::HIG && DPT::DEV && CTR::EN,,,,,same,same,failure,16,16,failure,failure,1291076.296,1251926.075
SEC::$ && DPT::MKG,SEC::HIG && DPT::DEV && CTR::FR,,,,,same,same,failure,16,16,failure,failure,1310996.477,1262864.718
SEC::$ && DPT::MKG,SEC::HIG && DPT::MKG,,,,,different,TN_TN,failure,32,8,failure,failure,2631399.482,627539.267
SEC::$ && DPT::MKG,SEC::HIG && DPT::MKG && CTR::$,,,,,same,same,failure,32,32,failure,failure,2625659.079,2523712.188
SEC::$ && DPT::MKG,SEC::HIG && DPT::MKG && CTR::EN,,,,,same,same,failure,16,16,failure,failure,1302685.452,1258552.354
SEC::$ && DPT::MKG,SEC::HIG && DPT::MKG && CTR::FR,,,,,same,same,failure,16,16,failure,failure,1305420.056,1253717.761
SEC::$ && DPT::MKG,SEC::LOW,,,,,different,TN_TN,failure,32,2,failure,failure,2693289.943,159012.898
SEC::$ && DPT::MKG,SEC::LOW && CTR::$,,,,,different,TN_TN,failure,32,8,failure,failure,2682739.749,625292.331
SEC::$ && DPT::MKG,SEC::LOW && CTR::EN,,,,,different,TN_TN,failure,16,4,failure,failure,1342371.062,314020.624
SEC::$ && DPT::MKG,SEC::LOW && CTR::FR,,,,,different,TN_TN,failure,16,4,failure,failure,1324916.306,314454.378
SEC::$ && DPT::MKG,SEC::LOW && DPT::$,,,,,different,TN_TN,failure,32,8,failure,failure,2735432.833,624716.817
SEC::$ && DPT::MKG,SEC::LOW && DPT::$ && CTR::$,,,,,same,same,failure,32,32,failure,failure,2679330.624,2530481.671
SEC::$ && DPT::MKG,SEC::LOW && DPT::$ && CTR::EN,,,,,same,same,failure,16,16,failure,failure,1339981.180,1257437.533
SEC::$ && DPT::MKG,SEC::LOW && DPT::$ && CTR::FR,,,,,same,same,failure,16,16,failure,failure,1324742.706,1253965.305
SEC::$ && DPT::MKG,SEC::LOW && DPT::DEV,,,,,different,TN_TN,failure,16,4,failure,failure,1338196.607,313984.441
SEC::$ && DPT::MKG,SEC::LOW && DPT::DEV && CTR::$,,,,,same,same,failure,16,16,failure,failure,1334386.250,1251341.749
SEC::$ && DPT::MKG,SEC::LOW && DPT::DEV && CTR::EN,,,,,same,same,failure,8,8,failure,failure,670683.249,624111.792
SEC::$ && DPT::MKG,SEC::LOW && DPT::DEV && CTR::FR,,,,,same,same,failure,8,8,failure,failure,664303.517,624282.899
SEC::$ && DPT::MKG,SEC::LOW && DPT::MKG,,,,,different,TN_TN,failure,16,4,failure,failure,1362873.479,313950.027
SEC::$ && DPT::MKG,SEC::LOW && DPT::MKG && CTR::$,,,,,same,same,failure,16,16,failure,failure,1354537.137,1254275.978
SEC::$ && DPT::MKG,SEC::LOW && DPT::MKG && CTR::EN,,,,,same,same,failure,8,8,failure,failure,671160.830,625098.288
SEC::$ && DPT::MKG,SEC::LOW && DPT::MKG && CTR::FR,,,,,same,same,failure,8,8,failure,failure,676265.600,624252.056
SEC::$ && DPT::MKG,SEC::MED,,,,,different,TN_TN,failure,48,3,failure,failure,3982063.300,236113.745
SEC::$ && DPT::MKG,SEC::MED && CTR::$,,,,,different,TN_TN,failure,48,12,failure,failure,4067923.297,936992.183
SEC::$ && DPT::MKG,SEC::MED && CTR::EN,,,,,different,TN_TN,failure,24,6,failure,failure,1976812.255,471235.715
SEC::$ && DPT::MKG,SEC::MED && CTR::FR,,,,,different,TN_TN,failure,24,6,failure,failure,2016876.566,468437.922
SEC::$ && DPT::MKG,SEC::MED && DPT::$,,,,,different,TN_TN,failure,48,12,failure,failure,3975116.083,940740.534
SEC::$ && DPT::MKG,SEC::MED && DPT::$ && CTR::$,,,,,same,same,failure,48,48,failure,failure,4016332.971,3800420.317
SEC::$ && DPT::MKG,SEC::MED && DPT::$ && CTR::EN,,,,,same,same,failure,24,24,failure,failure,2004769.667,1914453.691
SEC::$ && DPT::MKG,SEC::MED && DPT::$ && CTR::FR,,,,,same,same,failure,24,24,failure,failure,2051316.627,1894370.289
SEC::$ && DPT::MKG,SEC::MED && DPT::DEV,,,,,different,TN_TN,failure,24,6,failure,failure,1997750.840,469356.330
SEC::$ && DPT::MKG,SEC::MED && DPT::DEV && CTR::$,,,,,same,same,failure,24,24,failure,failure,2032318.205,1894485.065
SEC::$ && DPT::MKG,SEC::MED && DPT::DEV && CTR::EN,,,,,same,same,failure,12,12,failure,failure,1006569.137,937603.149
SEC::$ && DPT::MKG,SEC::MED && DPT::DEV && CTR::FR,,,,,same,same,failure,12,12,failure,failure,998642.248,936982.289
SEC::$ && DPT::MKG,SEC::MED && DPT::MKG,,,,,different,TN_TN,failure,24,6,failure,failure,2036969.265,469311.697
SEC::$ && DPT::MKG,SEC::MED && DPT::MKG && CTR::$,,,,,same,same,failure,24,24,failure,failure,2014325.897,1914189.400
SEC::$ && DPT::MKG,SEC::MED && DPT::MKG && CTR::EN,,,,,same,same,failure,12,12,failure,failure,972351.854,944148.652
SEC::$ && DPT::MKG,SEC::MED && DPT::MKG && CTR::FR,,,,,same,same,failure,12,12,failure,failure,990175.943,953385.708
SEC::$ && DPT::MKG && CTR::$,CTR::$,,,,,different,TN_FP,failure,80,4,success,failure,3138873.231,274466.881
SEC::$ && DPT::MKG && CTR::$,CTR::EN,,,,,different,TN_TN,failure,40,2,failure,failure,2958196.416,137348.677
SEC::$ && DPT::MKG && CTR::$,CTR::FR,,,,,different,TN_TN,failure,40,2,failure,failure,2963786.186,137589.874
SEC::$ && DPT::MKG && CTR::$,DPT::$,,,,,different,TN_FP,failure,80,4,success,failure,3395637.832,274535.004
SEC::$ && DPT::MKG && CTR::$,DPT::$ && CTR::$,,,,,different,TN_FP,failure,80,16,success,failure,2825993.242,1110498.718
SEC::$ && DPT::MKG && CTR::$,DPT::$ && CTR::EN,,,,,different,TN_TN,failure,40,8,failure,failure,2816884.856,551866.503
SEC::$ && DPT::MKG && CTR::$,DPT::$ && CTR::FR,,,,,different,TN_TN,failure,40,8,failure,failure,2741467.572,550408.944
SEC::$ && DPT::MKG && CTR::$,DPT::DEV,,,,,different,TN_TN,failure,40,2,failure,failure,2944684.211,137416.674
SEC::$ && DPT::MKG && CTR::$,DPT::DEV && CTR::$,,,,,different,TN_TN,failure,40,8,failure,failure,2891305.065,551134.341
SEC::$ && DPT::MKG && CTR::$,DPT::DEV && CTR::EN,,,,,different,TN_TN,failure,20,4,failure,failure,1453649.608,275241.313
SEC::$ && DPT::MKG && CTR::$,DPT::DEV && CTR::FR,,,,,different,TN_TN,failure,20,4,failure,failure,1454733.651,274886.318
SEC::$ && DPT::MKG && CTR::$,DPT::MKG,,,,,different,TN_FP,failure,40,2,success,failure,1489837.963,137261.002
SEC::$ && DPT::MKG && CTR::$,DPT::MKG && CTR::$,,,,,different,TN_FP,failure,40,8,success,failure,1614042.289,549770.091
SEC::$ && DPT::MKG && CTR::$,DPT::MKG && CTR::EN,,,,,different,TN_TN,failure,20,4,failure,failure,1409898.451,275092.124
SEC::$ && DPT::MKG && CTR::$,DPT::MKG && CTR::FR,,,,,different,TN_TN,failure,20,4,failure,failure,1421894.864,274300.975
SEC::$ && DPT::MKG && CTR::$,SEC::$,,,,,different,TN_FP,failure,80,5,success,failure,2530192.783,302588.084
SEC::$ && DPT::MKG && CTR::$,SEC::$ && CTR::$,,,,,different,TN_FP,failure,80,20,success,failure,2832741.925,1195459.292
SEC::$ && DPT::MKG && CTR::$,SEC::$ && CTR::EN,,,,,different,TN_TN,failure,40,10,failure,failure,2433495.459,607359.434
SEC::$ && DPT::MKG && CTR::$,SEC::$ && CTR::FR,,,,,different,TN_TN,failure,40,10,failure,failure,2432428.121,595741.372
SEC::$ && DPT::MKG && CTR::$,SEC::$ && DPT::$,,,,,different,TN_FP,failure,80,20,success,failure,2558895.277,1193918.587
SEC::$ && DPT::MKG && CTR::$,SEC::$ && DPT::$ && CTR::$,,,,,same,same,success,80,80,success,success,2571553.746,2559205.555
SEC::$ && DPT::MKG && CTR::$,SEC::$ && DPT::$ && CTR::EN,,,,,same,same,failure,40,40,failure,failure,2524210.181,2413400.135
SEC::$ && DPT::MKG && CTR::$,SEC::$ && DPT::$ && CTR::FR,,,,,same,same,failure,40,40,failure,failure,2523463.612,2408437.842
SEC::$ && DPT::MKG && CTR::$,SEC::$ && DPT::DEV,,,,,different,TN_TN,failure,40,10,failure,failure,2450146.151,600785.728
SEC::$ && DPT::MKG && CTR::$,SEC::$ && DPT::DEV && CTR::$,,,,,same,same,failure,40,40,failure,failure,2485728.134,2410479.767
SEC::$ && DPT::MKG && CTR::$,SEC::$ && DPT::DEV && CTR::EN,,,,,same,same,failure,20,20,failure,failure,1216452.015,1208593.424
SEC::$ && DPT::MKG && CTR::$,SEC::$ && DPT::DEV && CTR::FR,,,,,same,same,failure,20,20,failure,failure,1213424.495,1194609.669
SEC::$ && DPT::MKG && CTR::$,SEC::$ && DPT::MKG,,,,,different,TN_FP,failure,40,10,success,failure,1381960.141,591579.450
SEC::$ && DPT::MKG && CTR::$,SEC::$ && DPT::MKG && CTR::$,,,,,same,same,success,40,40,success,success,1319264.045,1358101.369
SEC::$ && DPT::MKG && CTR::$,SEC::$ && DPT::MKG && CTR::EN,,,,,same,same,failure,20,20,failure,failure,1230905.330,1195568.958
SEC::$ && DPT::MKG && CTR::$,SEC::$ && DPT::MKG && CTR::FR,,,,,same,same,failure,20,20,failure,failure,1235609.524,1205600.315
SEC::$ && DPT::MKG && CTR::$,SEC::HIG,,,,,different,TN_TN,failure,64,4,failure,failure,4223916.991,254419.473
SEC::$ && DPT::MKG && CTR::$,SEC::HIG && CTR::$,,,,,different,TN_TN,failure,64,16,failure,failure,4406851.706,1029619.754
SEC::$ && DPT::MKG && CTR::$,SEC::HIG && CTR::EN,,,,,different,TN_TN,failure,32,8,failure,failure,2132581.038,513464.861
SEC::$ && DPT::MKG && CTR::$,SEC::HIG && CTR::FR,,,,,different,TN_TN,failure,32,8,failure,failure,2177527.161,511924.988
SEC::$ && DPT::MKG && CTR::$,SEC::HIG && DPT::$,,,,,different,TN_TN,failure,64,16,failure,failure,3993017.101,1026723.181
SEC::$ && DPT::MKG && CTR::$,SEC::HIG && DPT::$ && CTR::$,,,,,same,same,failure,64,64,failure,failure,3959092.262,4014820.820
SEC::$ && DPT::MKG && CTR::$,SEC::HIG && DPT::$ && CTR::EN,,,,,same,same,failure,32,32,failure,failure,1974369.278,2081578.626
SEC::$ && DPT::MKG && CTR::$,SEC::HIG && DPT::$ && CTR::FR,,,,,same,same,failure,32,32,failure,failure,1957130.141,2026217.712
SEC::$ && DPT::MKG && CTR::$,SEC::HIG && DPT::DEV,,,,,different,TN_TN,failure,32,8,failure,failure,2140258.419,511407.783
SEC::$ && DPT::MKG && CTR::$,SEC::HIG && DPT::DEV && CTR::$,,,,,same,same,failure,32,32,failure,failure,2128449.644,2079654.762
SEC::$ && DPT::MKG && CTR::$,SEC::HIG && DPT::DEV && CTR::EN,,,,,same,same,failure,16,16,failure,failure,1062288.287,1041561.924
SEC::$ && DPT::MKG && CTR::$,SEC::HIG && DPT::DEV && CTR::FR,,,,,same,same,failure,16,16,failure,failure,1067622.573,1026727.338
SEC::$ && DPT::MKG && CTR::$,SEC::HIG && DPT::MKG,,,,,different,TN_TN,failure,32,8,failure,failure,2116560.078,509929.916
SEC::$ && DPT::MKG && CTR::$,SEC::HIG && DPT::MKG && CTR::$,,,,,same,same,failure,32,32,failure,failure,2040955.928,2083418.677
SEC::$ && DPT::MKG && CTR::$,SEC::HIG && DPT::MKG && CTR::EN,,,,,same,same,failure,16,16,failure,failure,1043885.228,1027483.076
SEC::$ && DPT::MKG && CTR::$,SEC::HIG && DPT::MKG && CTR::FR,,,,,same,same,failure,16,16,failure,failure,1041985.484,1030146.993
SEC::$ && DPT::MKG && CTR::$,SEC::LOW,,,,,different,TN_TN,failure,32,2,failure,failure,2265491.661,137672.119
SEC::$ && DPT::MKG && CTR::$,SEC::LOW && CTR::$,,,,,different,TN_TN,failure,32,8,failure,failure,2455088.521,549852.045
SEC::$ && DPT::MKG && CTR::$,SEC::LOW && CTR::EN,,,,,different,TN_TN,failure,16,4,failure,failure,1111668.467,274956.815
SEC::$ && DPT::MKG && CTR::$,SEC::LOW && CTR::FR,,,,,different,TN_TN,failure,16,4,failure,failure,1114279.450,274779.427
SEC::$ && DPT::MKG && CTR::$,SEC::LOW && DPT::$,,,,,different,TN_TN,failure,32,8,failure,failure,2122154.761,535891.644
SEC::$ && DPT::MKG && CTR::$,SEC::LOW && DPT::$ && CTR::$,,,,,same,same,failure,32,32,failure,failure,2154552.496,2191422.360
SEC::$ && DPT::MKG && CTR::$,SEC::LOW && DPT::$ && CTR::EN,,,,,same,same,failure,16,16,failure,failure,1038356.326,1080970.745
SEC::$ && DPT::MKG && CTR::$,SEC::LOW && DPT::$ && CTR::FR,,,,,same,same,failure,16,16,failure,failure,1047028.944,1078820.778
SEC::$ && DPT::MKG && CTR::$,SEC::LOW && DPT::DEV,,,,,different,TN_TN,failure,16,4,failure,failure,1095792.944,273764.845
SEC::$ && DPT::MKG && CTR::$,SEC::LOW && DPT::DEV && CTR::$,,,,,same,same,failure,16,16,failure,failure,1078084.262,1108456.336
SEC::$ && DPT::MKG && CTR::$,SEC::LOW && DPT::DEV && CTR::EN,,,,,same,same,failure,8,8,failure,failure,540820.730,550229.644
SEC::$ && DPT::MKG && CTR::$,SEC::LOW && DPT::DEV && CTR::FR,,,,,same,same,failure,8,8,failure,failure,536285.328,549631.977
SEC::$ && DPT::MKG && CTR::$,SEC::LOW && DPT::MKG,,,,,different,TN_TN,failure,16,4,failure,failure,1070583.772,267649.488
SEC::$ && DPT::MKG && CTR::$,SEC::LOW && DPT::MKG && CTR::$,,,,,same,same,failure,16,16,failure,failure,1087498.414,1080424.556
SEC::$ && DPT::MKG && CTR::$,SEC::LOW && DPT::MKG && CTR::EN,,,,,same,same,failure,8,8,failure,failure,531810.057,536428.646
SEC::$ && DPT::MKG && CTR::$,SEC::LOW && DPT::MKG && CTR::FR,,,,,same,same,failure,8,8,failure,failure,540276.438,534377.173
SEC::$ && DPT::MKG && CTR::$,SEC::MED,,,,,different,TN_TN,failure,48,3,failure,failure,3297762.302,201374.854
SEC::$ && DPT::MKG && CTR::$,SEC::MED && CTR::$,,,,,different,TN_TN,failure,48,12,failure,failure,3268741.215,809238.629
SEC::$ && DPT::MKG && CTR::$,SEC::MED && CTR::EN,,,,,different,TN_TN,failure,24,6,failure,failure,1623437.688,403542.610
SEC::$ && DPT::MKG && CTR::$,SEC::MED && CTR::FR,,,,,different,TN_TN,failure,24,6,failure,failure,1622048.167,402796.731
SEC::$ && DPT::MKG && CTR::$,SEC::MED && DPT::$,,,,,different,TN_TN,failure,48,12,failure,failure,3279723.260,767902.668
SEC::$ && DPT::MKG && CTR::$,SEC::MED && DPT::$ && CTR::$,,,,,same,same,failure,48,48,failure,failure,3275577.359,3131646.961
SEC::$ && DPT::MKG && CTR::$,SEC::MED && DPT::$ && CTR::EN,,,,,same,same,failure,24,24,failure,failure,1615859.774,1560053.525
SEC::$ && DPT::MKG && CTR::$,SEC::MED && DPT::$ && CTR::FR,,,,,same,same,failure,24,24,failure,failure,1634974.598,1556091.107
SEC::$ && DPT::MKG && CTR::$,SEC::MED && DPT::DEV,,,,,different,TN_TN,failure,24,6,failure,failure,1564194.853,405639.784
SEC::$ && DPT::MKG && CTR::$,SEC::MED && DPT::DEV && CTR::$,,,,,same,same,failure,24,24,failure,failure,1556706.046,1605164.207
SEC::$ && DPT::MKG && CTR::$,SEC::MED && DPT::DEV && CTR::EN,,,,,same,same,failure,12,12,failure,failure,771158.210,809517.387
SEC::$ && DPT::MKG && CTR::$,SEC::MED && DPT::DEV && CTR::FR,,,,,same,same,failure,12,12,failure,failure,779430.106,805907.275
SEC::$ && DPT::MKG && CTR::$,SEC::MED && DPT::MKG,,,,,different,TN_TN,failure,24,6,failure,failure,1566343.894,390876.311
SEC::$ && DPT::MKG && CTR::$,SEC::MED && DPT::MKG && CTR::$,,,,,same,same,failure,24,24,failure,failure,1656652.079,1562382.038
SEC::$ && DPT::MKG && CTR::$,SEC::MED && DPT::MKG && CTR::EN,,,,,same,same,failure,12,12,failure,failure,776110.113,775382.444
SEC::$ && DPT::MKG && CTR::$,SEC::MED && DPT::MKG && CTR::FR,,,,,same,same,failure,12,12,failure,failure,801233.644,768712.262
SEC::$ && DPT::MKG && CTR::EN,CTR::$,,,,,different,TN_FP,failure,80,4,success,failure,3029990.238,289691.133
SEC::$ && DPT::MKG && CTR::EN,CTR::EN,,,,,different,TN_FP,failure,40,2,success,failure,1642034.505,144759.077
SEC::$ && DPT::MKG && CTR::EN,CTR::FR,,,,,different,TN_TN,failure,40,2,failure,failure,2984395.479,145029.954
SEC::$ && DPT::MKG && CTR::EN,DPT::$,,,,,different,TN_FP,failure,80,4,success,failure,3201975.746,297945.296
SEC::$ && DPT::MKG && CTR::EN,DPT::$ && CTR::$,,,,,different,TN_FP,failure,80,16,success,failure,3332856.380,1236000.508
SEC::$ && DPT::MKG && CTR::EN,DPT::$ && CTR::EN,,,,,different,TN_FP,failure,40,8,success,failure,1582002.812,592716.172
SEC::$ && DPT::MKG && CTR::EN,DPT::$ && CTR::FR,,,,,different,TN_TN,failure,40,8,failure,failure,2919197.950,610375.586
SEC::$ && DPT::MKG && CTR::EN,DPT::DEV,,,,,different,TN_TN,failure,40,2,failure,failure,2980038.492,145041.997
SEC::$ && DPT::MKG && CTR::EN,DPT::DEV && CTR::$,,,,,different,TN_TN,failure,40,8,failure,failure,2966215.493,599059.922
SEC::$ && DPT::MKG && CTR::EN,DPT::DEV && CTR::EN,,,,,different,TN_TN,failure,20,4,failure,failure,1477813.348,295286.579
SEC::$ && DPT::MKG && CTR::EN,DPT::DEV && CTR::FR,,,,,different,TN_TN,failure,20,4,failure,failure,1481661.446,296868.441
SEC::$ && DPT::MKG && CTR::EN,DPT::MKG,,,,,different,TN_FP,failure,40,2,success,failure,1549186.156,148653.652
SEC::$ && DPT::MKG && CTR::EN,DPT::MKG && CTR::$,,,,,different,TN_FP,failure,40,8,success,failure,1507377.042,599611.251
SEC::$ && DPT::MKG && CTR::EN,DPT::MKG && CTR::EN,,,,,different,TN_FP,failure,20,4,success,failure,830842.358,297351.036
SEC::$ && DPT::MKG && CTR::EN,DPT::MKG && CTR::FR,,,,,different,TN_TN,failure,20,4,failure,failure,1444188.542,299840.691
SEC::$ && DPT::MKG && CTR::EN,SEC::$,,,,,different,TN_FP,failure,80,5,success,failure,2895607.530,319741.986
SEC::$ && DPT::MKG && CTR::EN,SEC::$ && CTR::$,,,,,different,TN_FP,failure,80,20,success,failure,2698581.078,1300528.466
SEC::$ && DPT::MKG && CTR::EN,SEC::$ && CTR::EN,,,,,different,TN_FP,failure,40,10,success,failure,1399584.225,641246.673
SEC::$ && DPT::MKG && CTR::EN,SEC::$ && CTR::FR,,,,,different,TN_TN,failure,40,10,failure,failure,2734834.635,643510.179
SEC::$ && DPT::MKG && CTR::EN,SEC::$ && DPT::$,,,,,different,TN_FP,failure,80,20,success,failure,2885726.992,1296296.488
SEC::$ && DPT::MKG && CTR::EN,SEC::$ && DPT::$ && CTR::$,,,,,same,same,success,80,80,success,success,2974570.610,2603342.745
SEC::$ && DPT::MKG && CTR::EN,SEC::$ && DPT::$ && CTR::EN,,,,,same,same,success,40,40,success,success,1544425.776,1439156.343
SEC::$ && DPT::MKG && CTR::EN,SEC::$ && DPT::$ && CTR::FR,,,,,same,same,failure,40,40,failure,failure,2718185.742,2576062.404
SEC::$ && DPT::MKG && CTR::EN,SEC::$ && DPT::DEV,,,,,different,TN_TN,failure,40,10,failure,failure,2723538.302,642433.439
SEC::$ && DPT::MKG && CTR::EN,SEC::$ && DPT::DEV && CTR::$,,,,,same,same,failure,40,40,failure,failure,2687643.587,2610863.783
SEC::$ && DPT::MKG && CTR::EN,SEC::$ && DPT::DEV && CTR::EN,,,,,same,same,failure,20,20,failure,failure,1356850.657,1297202.187
SEC::$ && DPT::MKG && CTR::EN,SEC::$ && DPT::DEV && CTR::FR,,,,,same,same,failure,20,20,failure,failure,1359183.117,1309526.129
SEC::$ && DPT::MKG && CTR::EN,SEC::$ && DPT::MKG,,,,,different,TN_FP,failure,40,10,success,failure,1407447.620,640280.907
SEC::$ && DPT::MKG && CTR::EN,SEC::$ && DPT::MKG && CTR::$,,,,,same,same,success,40,40,success,success,1448150.968,1421787.538
SEC::$ && DPT::MKG && CTR::EN,SEC::$ && DPT::MKG && CTR::EN,,,,,same,same,success,20,20,success,success,768653.412,756817.049
SEC::$ && DPT::MKG && CTR::EN,SEC::$ && DPT::MKG && CTR::FR,,,,,same,same,failure,20,20,failure,failure,1317582.705,1297662.164
SEC::$ && DPT::MKG && CTR::EN,SEC::HIG,,,,,different,TN_TN,failure,64,4,failure,failure,4434917.796,275082.687
SEC::$ && DPT::MKG && CTR::EN,SEC::HIG && CTR::$,,,,,different,TN_TN,failure,64,16,failure,failure,4549630.098,1082973.673
SEC::$ && DPT::MKG && CTR::EN,SEC::HIG && CTR::EN,,,,,different,TN_TN,failure,32,8,failure,failure,2263691.234,542119.049
SEC::$ && DPT::MKG && CTR::EN,SEC::HIG && CTR::FR,,,,,different,TN_TN,failure,32,8,failure,failure,2266969.542,541054.553
SEC::$ && DPT::MKG && CTR::EN,SEC::HIG && DPT::$,,,,,different,TN_TN,failure,64,16,failure,failure,4442211.388,1059113.367
SEC::$ && DPT::MKG && CTR::EN,SEC::HIG && DPT::$ && CTR::$,,,,,same,same,failure,64,64,failure,failure,4265189.077,4190621.793
SEC::$ && DPT::MKG && CTR::EN,SEC::HIG && DPT::$ && CTR::EN,,,,,same,same,failure,32,32,failure,failure,2181170.771,2103913.686
SEC::$ && DPT::MKG && CTR::EN,SEC::HIG && DPT::$ && CTR::FR,,,,,same,same,failure,32,32,failure,failure,2191315.695,2092988.894
SEC::$ && DPT::MKG && CTR::EN,SEC::HIG && DPT::DEV,,,,,different,TN_TN,failure,32,8,failure,failure,2218944.635,538031.733
SEC::$ && DPT::MKG && CTR::EN,SEC::HIG && DPT::DEV && CTR::$,,,,,same,same,failure,32,32,failure,failure,2204038.635,2193787.220
SEC::$ && DPT::MKG && CTR::EN,SEC::HIG && DPT::DEV && CTR::EN,,,,,same,same,failure,16,16,failure,failure,1099316.177,1087494.016
SEC::$ && DPT::MKG && CTR::EN,SEC::HIG && DPT::DEV && CTR::FR,,,,,same,same,failure,16,16,failure,failure,1098033.255,1092593.933
SEC::$ && DPT::MKG && CTR::EN,SEC::HIG && DPT::MKG,,,,,different,TN_TN,failure,32,8,failure,failure,2139921.788,537271.071
SEC::$ && DPT::MKG && CTR::EN,SEC::HIG && DPT::MKG && CTR::$,,,,,same,same,failure,32,32,failure,failure,2152166.907,2185368.294
SEC::$ && DPT::MKG && CTR::EN,SEC::HIG && DPT::MKG && CTR::EN,,,,,same,same,failure,16,16,failure,failure,1043206.579,1083042.933
SEC::$ && DPT::MKG && CTR::EN,SEC::HIG && DPT::MKG && CTR::FR,,,,,same,same,failure,16,16,failure,failure,1050404.952,1089567.080
SEC::$ && DPT::MKG && CTR::EN,SEC::LOW,,,,,different,TN_TN,failure,32,2,failure,failure,2360982.943,148928.954
SEC::$ && DPT::MKG && CTR::EN,SEC::LOW && CTR::$,,,,,different,TN_TN,failure,32,8,failure,failure,2397311.036,600762.586
SEC::$ && DPT::MKG && CTR::EN,SEC::LOW && CTR::EN,,,,,different,TN_TN,failure,16,4,failure,failure,1178612.948,298359.453
SEC::$ && DPT::MKG && CTR::EN,SEC::LOW && CTR::FR,,,,,different,TN_TN,failure,16,4,failure,failure,1220689.754,300547.091
SEC::$ && DPT::MKG && CTR::EN,SEC::LOW && DPT::$,,,,,different,TN_TN,failure,32,8,failure,failure,2330914.166,599038.260
SEC::$ && DPT::MKG && CTR::EN,SEC::LOW && DPT::$ && CTR::$,,,,,same,same,failure,32,32,failure,failure,2416721.445,2337622.575
SEC::$ && DPT::MKG && CTR::EN,SEC::LOW && DPT::$ && CTR::EN,,,,,same,same,failure,16,16,failure,failure,1180725.907,1197121.566
SEC::$ && DPT::MKG && CTR::EN,SEC::LOW && DPT::$ && CTR::FR,,,,,same,same,failure,16,16,failure,failure,1194672.582,1162648.753
SEC::$ && DPT::MKG && CTR::EN,SEC::LOW && DPT::DEV,,,,,different,TN_TN,failure,16,4,failure,failure,1166003.320,297197.162
SEC::$ && DPT::MKG && CTR::EN,SEC::LOW && DPT::DEV && CTR::$,,,,,same,same,failure,16,16,failure,failure,1205198.165,1166693.971
SEC::$ && DPT::MKG && CTR::EN,SEC::LOW && DPT::DEV && CTR::EN,,,,,same,same,failure,8,8,failure,failure,577285.984,607093.200
SEC::$ && DPT::MKG && CTR::EN,SEC::LOW && DPT::DEV && CTR::FR,,,,,same,same,failure,8,8,failure,failure,584994.042,602497.905
SEC::$ && DPT::MKG && CTR::EN,SEC::LOW && DPT::MKG,,,,,different,TN_TN,failure,16,4,failure,failure,1153218.575,292296.705
SEC::$ && DPT::MKG && CTR::EN,SEC::LOW && DPT::MKG && CTR::$,,,,,same,same,failure,16,16,failure,failure,1154074.315,1188950.052
SEC::$ && DPT::MKG && CTR::EN,SEC::LOW && DPT::MKG && CTR::EN,,,,,same,same,failure,8,8,failure,failure,571125.373,583315.328
SEC::$ && DPT::MKG && CTR::EN,SEC::LOW && DPT::MKG && CTR::FR,,,,,same,same,failure,8,8,failure,failure,570738.297,592364.743
SEC::$ && DPT::MKG && CTR::EN,SEC::MED,,,,,different,TN_TN,failure,48,3,failure,failure,3634797.270,213349.555
SEC::$ && DPT::MKG && CTR::EN,SEC::MED && CTR::$,,,,,different,TN_TN,failure,48,12,failure,failure,3593638.717,837791.427
SEC::$ && DPT::MKG && CTR::EN,SEC::MED && CTR::EN,,,,,different,TN_TN,failure,24,6,failure,failure,1777422.465,426404.924
SEC::$ && DPT::MKG && CTR::EN,SEC::MED && CTR::FR,,,,,different,TN_TN,failure,24,6,failure,failure,1764508.712,424077.533
SEC::$ && DPT::MKG && CTR::EN,SEC::MED && DPT::$,,,,,different,TN_TN,failure,48,12,failure,failure,3412740.092,830266.813
SEC::$ && DPT::MKG && CTR::EN,SEC::MED && DPT::$ && CTR::$,,,,,same,same,failure,48,48,failure,failure,3523497.079,3377082.447
SEC::$ && DPT::MKG && CTR::EN,SEC::MED && DPT::$ && CTR::EN,,,,,same,same,failure,24,24,failure,failure,1725982.742,1679512.931
SEC::$ && DPT::MKG && CTR::EN,SEC::MED && DPT::$ && CTR::FR,,,,,same,same,failure,24,24,failure,failure,1699232.806,1679572.748
SEC::$ && DPT::MKG && CTR::EN,SEC::MED && DPT::DEV,,,,,different,TN_TN,failure,24,6,failure,failure,1790392.428,412978.104
SEC::$ && DPT::MKG && CTR::EN,SEC::MED && DPT::DEV && CTR::$,,,,,same,same,failure,24,24,failure,failure,1745825.647,1673829.380
SEC::$ && DPT::MKG && CTR::EN,SEC::MED && DPT::DEV && CTR::EN,,,,,same,same,failure,12,12,failure,failure,866122.324,829392.328
SEC::$ && DPT::MKG && CTR::EN,SEC::MED && DPT::DEV && CTR::FR,,,,,same,same,failure,12,12,failure,failure,862945.365,827910.218
SEC::$ && DPT::MKG && CTR::EN,SEC::MED && DPT::MKG,,,,,different,TN_TN,failure,24,6,failure,failure,1759147.475,415377.144
SEC::$ && DPT::MKG && CTR::EN,SEC::MED && DPT::MKG && CTR::$,,,,,same,same,failure,24,24,failure,failure,1702173.586,1683424.493
SEC::$ && DPT::MKG && CTR::EN,SEC::MED && DPT::MKG && CTR::EN,,,,,same,same,failure,12,12,failure,failure,877278.445,843253.217
SEC::$ && DPT::MKG && CTR::EN,SEC::MED && DPT::MKG && CTR::FR,,,,,same,same,failure,12,12,failure,failure,890119.412,829464.323
SEC::$ && DPT::MKG && CTR::FR,CTR::$,,,,,different,TN_FP,failure,80,4,success,failure,3248908.394,309065.434
SEC::$ && DPT::MKG && CTR::FR,CTR::EN,,,,,different,TN_TN,failure,40,2,failure,failure,3154076.914,166652.133
SEC::$ && DPT::MKG && CTR::FR,CTR::FR,,,,,different,TN_FP,failure,40,2,success,failure,1724074.833,158299.796
SEC::$ && DPT::MKG && CTR::FR,DPT::$,,,,,different,TN_FP,failure,80,4,success,failure,3296900.971,292350.507
SEC::$ && DPT::MKG && CTR::FR,DPT::$ && CTR::$,,,,,different,TN_FP,failure,80,16,success,failure,3051259.544,1186644.688
SEC::$ && DPT::MKG && CTR::FR,DPT::$ && CTR::EN,,,,,different,TN_TN,failure,40,8,failure,failure,2958765.594,589872.002
SEC::$ && DPT::MKG && CTR::FR,DPT::$ && CTR::FR,,,,,different,TN_FP,failure,40,8,success,failure,1579361.582,584831.267
SEC::$ && DPT::MKG && CTR::FR,DPT::DEV,,,,,different,TN_TN,failure,40,2,failure,failure,3011246.329,159155.511
SEC::$ && DPT::MKG && CTR::FR,DPT::DEV && CTR::$,,,,,different,TN_TN,failure,40,8,failure,failure,3109960.633,605596.643
SEC::$ && DPT::MKG && CTR::FR,DPT::DEV && CTR::EN,,,,,different,TN_TN,failure,20,4,failure,failure,1554192.842,301000.076
SEC::$ && DPT::MKG && CTR::FR,DPT::DEV && CTR::FR,,,,,different,TN_TN,failure,20,4,failure,failure,1525780.688,313435.657
SEC::$ && DPT::MKG && CTR::FR,DPT::MKG,,,,,different,TN_FP,failure,40,2,success,failure,1663537.636,145920.109
SEC::$ && DPT::MKG && CTR::FR,DPT::MKG && CTR::$,,,,,different,TN_FP,failure,40,8,success,failure,1596680.052,586954.720
SEC::$ && DPT::MKG && CTR::FR,DPT::MKG && CTR::EN,,,,,different,TN_TN,failure,20,4,failure,failure,1543867.895,291638.621
SEC::$ && DPT::MKG && CTR::FR,DPT::MKG && CTR::FR,,,,,different,TN_FP,failure,20,4,success,failure,917880.003,290915.119
SEC::$ && DPT::MKG && CTR::FR,SEC::$,,,,,different,TN_FP,failure,80,5,success,failure,2803628.581,319632.360
SEC::$ && DPT::MKG && CTR::FR,SEC::$ && CTR::$,,,,,different,TN_FP,failure,80,20,success,failure,2974632.572,1296042.051
SEC::$ && DPT::MKG && CTR::FR,SEC::$ && CTR::EN,,,,,different,TN_TN,failure,40,10,failure,failure,2748506.716,642289.218
SEC::$ && DPT::MKG && CTR::FR,SEC::$ && CTR::FR,,,,,different,TN_FP,failure,40,10,success,failure,1463074.161,640357.711
SEC::$ && DPT::MKG && CTR::FR,SEC::$ && DPT::$,,,,,different,TN_FP,failure,80,20,success,failure,2708941.471,1291255.548
SEC::$ && DPT::MKG && CTR::FR,SEC::$ && DPT::$ && CTR::$,,,,,same,same,success,80,80,success,success,2585778.253,2644971.911
SEC::$ && DPT::MKG && CTR::FR,SEC::$ && DPT::$ && CTR::EN,,,,,same,same,failure,40,40,failure,failure,2586371.762,2610295.572
SEC::$ && DPT::MKG && CTR::FR,SEC::$ && DPT::$ && CTR::FR,,,,,same,same,success,40,40,success,success,1372006.997,1440559.710
SEC::$ && DPT::MKG && CTR::FR,SEC::$ && DPT::DEV,,,,,different,TN_TN,failure,40,10,failure,failure,2727126.212,643165.773
SEC::$ && DPT::MKG && CTR::FR,SEC::$ && DPT::DEV && CTR::$,,,,,same,same,failure,40,40,failure,failure,2672537.487,2613935.594
SEC::$ && DPT::MKG && CTR::FR,SEC::$ && DPT::DEV && CTR::EN,,,,,same,same,failure,20,20,failure,failure,1385757.654,1295684.325
SEC::$ && DPT::MKG && CTR::FR,SEC::$ && DPT::DEV && CTR::FR,,,,,same,same,failure,20,20,failure,failure,1343134.945,1293174.091
SEC::$ && DPT::MKG && CTR::FR,SEC::$ && DPT::MKG,,,,,different,TN_FP,failure,40,10,success,failure,1387033.979,654528.296
SEC::$ && DPT::MKG && CTR::FR,SEC::$ && DPT::MKG && CTR::$,,,,,same,same,success,40,40,success,success,1405032.409,1464936.008
SEC::$ && DPT::MKG && CTR::FR,SEC::$ && DPT::MKG && CTR::EN,,,,,same,same,failure,20,20,failure,failure,1280103.373,1298379.309
SEC::$ && DPT::MKG && CTR::FR,SEC::$ && DPT::MKG && CTR::FR,,,,,same,same,success,20,20,success,success,770597.658,742655.331
SEC::$ && DPT::MKG && CTR::FR,SEC::HIG,,,,,different,TN_TN,failure,64,4,failure,failure,4449918.669,274460.535
SEC::$ && DPT::MKG && CTR::FR,SEC::HIG && CTR::$,,,,,different,TN_TN,failure,64,16,failure,failure,4404466.998,1116221.432
SEC::$ && DPT::MKG && CTR::FR,SEC::HIG && CTR::EN,,,,,different,TN_TN,failure,32,8,failure,failure,2186863.979,552531.766
SEC::$ && DPT::MKG && CTR::FR,SEC::HIG && CTR::FR,,,,,different,TN_TN,failure,32,8,failure,failure,2154302.072,550021.407
SEC::$ && DPT::MKG && CTR::FR,SEC::HIG && DPT::$,,,,,different,TN_TN,failure,64,16,failure,failure,4364808.298,1082831.386
SEC::$ && DPT::MKG && CTR::FR,SEC::HIG && DPT::$ && CTR::$,,,,,same,same,failure,64,64,failure,failure,4416614.098,4199420.798
SEC::$ && DPT::MKG && CTR::FR,SEC::HIG && DPT::$ && CTR::EN,,,,,same,same,failure,32,32,failure,failure,2197330.367,2196328.803
SEC::$ && DPT::MKG && CTR::FR,SEC::HIG && DPT::$ && CTR::FR,,,,,same,same,failure,32,32,failure,failure,2212323.155,2154037.846
SEC::$ && DPT::MKG && CTR::FR,SEC::HIG && DPT::DEV,,,,,different,TN_TN,failure,32,8,failure,failure,2149029.762,551615.552
SEC::$ && DPT::MKG && CTR::FR,SEC::HIG && DPT::DEV && CTR::$,,,,,same,same,failure,32,32,failure,failure,2142020.550,2191598.741
SEC::$ && DPT::MKG && CTR::FR,SEC::HIG && DPT::DEV && CTR::EN,,,,,same,same,failure,16,16,failure,failure,1066370.204,1108846.033
SEC::$ && DPT::MKG && CTR::FR,SEC::HIG && DPT::DEV && CTR::FR,,,,,same,same,failure,16,16,failure,failure,1063890.337,1096368.057
SEC::$ && DPT::MKG && CTR::FR,SEC::HIG && DPT::MKG,,,,,different,TN_TN,failure,32,8,failure,failure,2162138.436,536634.627
SEC::$ && DPT::MKG && CTR::FR,SEC::HIG && DPT::MKG && CTR::$,,,,,same,same,failure,32,32,failure,failure,2156729.871,2191434.854
SEC::$ && DPT::MKG && CTR::FR,SEC::HIG && DPT::MKG && CTR::EN,,,,,same,same,failure,16,16,failure,failure,1084553.737,1085147.505
SEC::$ && DPT::MKG && CTR::FR,SEC::HIG && DPT::MKG && CTR::FR,,,,,same,same,failure,16,16,failure,failure,1072087.433,1088956.134
SEC::$ && DPT::MKG && CTR::FR,SEC::LOW,,,,,different,TN_TN,failure,32,2,failure,failure,2446772.468,159652.138
SEC::$ && DPT::MKG && CTR::FR,SEC::LOW && CTR::$,,,,,different,TN_TN,failure,32,8,failure,failure,2410025.029,603721.365
SEC::$ && DPT::MKG && CTR::FR,SEC::LOW && CTR::EN,,,,,different,TN_TN,failure,16,4,failure,failure,1204900.537,296580.260
SEC::$ && DPT::MKG && CTR::FR,SEC::LOW && CTR::FR,,,,,different,TN_TN,failure,16,4,failure,failure,1195468.860,295491.393
SEC::$ && DPT::MKG && CTR::FR,SEC::LOW && DPT::$,,,,,different,TN_TN,failure,32,8,failure,failure,2311632.745,601826.081
SEC::$ && DPT::MKG && CTR::FR,SEC::LOW && DPT::$ && CTR::$,,,,,same,same,failure,32,32,failure,failure,2607026.539,2385299.294
SEC::$ && DPT::MKG && CTR::FR,SEC::LOW && DPT::$ && CTR::EN,,,,,same,same,failure,16,16,failure,failure,1166552.606,1173845.501
SEC::$ && DPT::MKG && CTR::FR,SEC::LOW && DPT::$ && CTR::FR,,,,,same,same,failure,16,16,failure,failure,1194344.862,1188276.870
SEC::$ && DPT::MKG && CTR::FR,SEC::LOW && DPT::DEV,,,,,different,TN_TN,failure,16,4,failure,failure,1193098.469,296744.073
SEC::$ && DPT::MKG && CTR::FR,SEC::LOW && DPT::DEV && CTR::$,,,,,same,same,failure,16,16,failure,failure,1153267.521,1216598.289
SEC::$ && DPT::MKG && CTR::FR,SEC::LOW && DPT::DEV && CTR::EN,,,,,same,same,failure,8,8,failure,failure,589891.970,596977.816
SEC::$ && DPT::MKG && CTR::FR,SEC::LOW && DPT::DEV && CTR::FR,,,,,same,same,failure,8,8,failure,failure,586670.672,587765.782
SEC::$ && DPT::MKG && CTR::FR,SEC::LOW && DPT::MKG,,,,,different,TN_TN,failure,16,4,failure,failure,1149400.353,310365.197
SEC::$ && DPT::MKG && CTR::FR,SEC::LOW && DPT::MKG && CTR::$,,,,,same,same,failure,16,16,failure,failure,1140877.350,1217991.743
SEC::$ && DPT::MKG && CTR::FR,SEC::LOW && DPT::MKG && CTR::EN,,,,,same,same,failure,8,8,failure,failure,577154.647,601173.070
SEC::$ && DPT::MKG && CTR::FR,SEC::LOW && DPT::MKG && CTR::FR,,,,,same,same,failure,8,8,failure,failure,571551.417,609757.552
SEC::$ && DPT::MKG && CTR::FR,SEC::MED,,,,,different,TN_TN,failure,48,3,failure,failure,3568162.495,219508.954
SEC::$ && DPT::MKG && CTR::FR,SEC::MED && CTR::$,,,,,different,TN_TN,failure,48,12,failure,failure,3509412.064,861996.365
SEC::$ && DPT::MKG && CTR::FR,SEC::MED && CTR::EN,,,,,different,TN_TN,failure,24,6,failure,failure,1816253.817,429771.399
SEC::$ && DPT::MKG && CTR::FR,SEC::MED && CTR::FR,,,,,different,TN_TN,failure,24,6,failure,failure,1782407.937,427462.993
SEC::$ && DPT::MKG && CTR::FR,SEC::MED && DPT::$,,,,,different,TN_TN,failure,48,12,failure,failure,3563226.246,832460.843
SEC::$ && DPT::MKG && CTR::FR,SEC::MED && DPT::$ && CTR::$,,,,,same,same,failure,48,48,failure,failure,3444713.791,3369288.938
SEC::$ && DPT::MKG && CTR::FR,SEC::MED && DPT::$ && CTR::EN,,,,,same,same,failure,24,24,failure,failure,1765950.822,1684774.941
SEC::$ && DPT::MKG && CTR::FR,SEC::MED && DPT::$ && CTR::FR,,,,,same,same,failure,24,24,failure,failure,1750982.735,1684331.840
SEC::$ && DPT::MKG && CTR::FR,SEC::MED && DPT::DEV,,,,,different,TN_TN,failure,24,6,failure,failure,1730903.973,428257.349
SEC::$ && DPT::MKG && CTR::FR,SEC::MED && DPT::DEV && CTR::$,,,,,same,same,failure,24,24,failure,failure,1803673.806,1725628.833
SEC::$ && DPT::MKG && CTR::FR,SEC::MED && DPT::DEV && CTR::EN,,,,,same,same,failure,12,12,failure,failure,870816.949,875135.125
SEC::$ && DPT::MKG && CTR::FR,SEC::MED && DPT::DEV && CTR::FR,,,,,same,same,failure,12,12,failure,failure,892184.260,853968.967
SEC::$ && DPT::MKG && CTR::FR,SEC::MED && DPT::MKG,,,,,different,TN_TN,failure,24,6,failure,failure,1811918.781,412791.654
SEC::$ && DPT::MKG && CTR::FR,SEC::MED && DPT::MKG && CTR::$,,,,,same,same,failure,24,24,failure,failure,1758832.820,1669685.167
SEC::$ && DPT::MKG && CTR::FR,SEC::MED && DPT::MKG && CTR::EN,,,,,same,same,failure,12,12,failure,failure,902332.069,829772.655
SEC::$ && DPT::MKG && CTR::FR,SEC::MED && DPT::MKG && CTR::FR,,,,,same,same,failure,12,12,failure,failure,889152.783,834371.792
SEC::HIG,CTR::$,,,,,different,TN_FP,failure,80,4,success,failure,3766398.035,336825.079
SEC::HIG,CTR::EN,,,,,different,TN_FP,failure,40,2,success,failure,1764796.792,171666.679
SEC::HIG,CTR::FR,,,,,different,TN_FP,failure,40,2,success,failure,1866110.756,162096.182
SEC::HIG,DPT::$,,,,,different,TN_FP,failure,80,4,success,failure,3654935.254,328615.751
SEC::HIG,DPT::$ && CTR::$,,,,,different,TN_FP,failure,80,16,success,failure,3475920.652,1300816.612
SEC::HIG,DPT::$ && CTR::EN,,,,,different,TN_FP,failure,40,8,success,failure,1844389.022,640769.644
SEC::HIG,DPT::$ && CTR::FR,,,,,different,TN_FP,failure,40,8,success,failure,1887662.092,651060.441
SEC::HIG,DPT::DEV,,,,,different,TN_FP,failure,40,2,success,failure,1776937.154,160465.383
SEC::HIG,DPT::DEV && CTR::$,,,,,different,TN_FP,failure,40,8,success,failure,1939808.350,641611.453
SEC::HIG,DPT::DEV && CTR::EN,,,,,different,TN_FP,failure,20,4,success,failure,1073052.403,316331.203
SEC::HIG,DPT::DEV && CTR::FR,,,,,different,TN_FP,failure,20,4,success,failure,1151010.518,317564.136
SEC::HIG,DPT::MKG,,,,,different,TN_FP,failure,40,2,success,failure,1845378.087,161839.440
SEC::HIG,DPT::MKG && CTR::$,,,,,different,TN_FP,failure,40,8,success,failure,1910766.520,637549.137
SEC::HIG,DPT::MKG && CTR::EN,,,,,different,TN_FP,failure,20,4,success,failure,1066444.478,318995.190
SEC::HIG,DPT::MKG && CTR::FR,,,,,different,TN_FP,failure,20,4,success,failure,1000901.902,318420.953
SEC::HIG,SEC::$,,,,,different,TP_TP,success,80,5,success,success,3955579.598,345127.208
SEC::HIG,SEC::$ && CTR::$,,,,,different,TP_TP,success,80,20,success,success,3650917.328,971942.752
SEC::HIG,SEC::$ && CTR::EN,,,,,different,TP_TP,success,40,10,success,success,1809051.137,551298.639
SEC::HIG,SEC::$ && CTR::FR,,,,,different,TP_TP,success,40,10,success,success,1794761.378,526877.010
SEC::HIG,SEC::$ && DPT::$,,,,,different,TP_TP,success,80,20,success,success,3795655.305,928676.014
SEC::HIG,SEC::$ && DPT::$ && CTR::$,,,,,same,same,success,80,80,success,success,3499022.085,3593445.871
SEC::HIG,SEC::$ && DPT::$ && CTR::EN,,,,,same,same,success,40,40,success,success,1776122.576,1725947.891
SEC::HIG,SEC::$ && DPT::$ && CTR::FR,,,,,same,same,success,40,40,success,success,1758893.975,1705668.468
SEC::HIG,SEC::$ && DPT::DEV,,,,,different,TP_TP,success,40,10,success,success,1863615.701,575180.345
SEC::HIG,SEC::$ && DPT::DEV && CTR::$,,,,,same,same,success,40,40,success,success,1809372.134,2011839.753
SEC::HIG,SEC::$ && DPT::DEV && CTR::EN,,,,,same,same,success,20,20,success,success,1082935.351,993303.384
SEC::HIG,SEC::$ && DPT::DEV && CTR::FR,,,,,same,same,success,20,20,success,success,982912.167,916425.975
SEC::HIG,SEC::$ && DPT::MKG,,,,,different,TP_TP,success,40,10,success,success,1916312.016,527874.431
SEC::HIG,SEC::$ && DPT::MKG && CTR::$,,,,,same,same,success,40,40,success,success,1912921.587,1698787.009
SEC::HIG,SEC::$ && DPT::MKG && CTR::EN,,,,,same,same,success,20,20,success,success,1040685.135,949152.217
SEC::HIG,SEC::$ && DPT::MKG && CTR::FR,,,,,same,same,success,20,20,success,success,1003314.597,944434.097
SEC::HIG,SEC::HIG,,,,,different,TP_TP,success,64,4,success,success,2808487.760,308058.305
SEC::HIG,SEC::HIG && CTR::$,,,,,different,TP_TP,success,64,16,success,success,2891264.368,766286.657
SEC::HIG,SEC::HIG && CTR::EN,,,,,different,TP_TP,success,32,8,success,success,1557152.884,468187.829
SEC::HIG,SEC::HIG && CTR::FR,,,,,different,TP_TP,success,32,8,success,success,1483644.436,467953.735
SEC::HIG,SEC::HIG && DPT::$,,,,,different,TP_TP,success,64,16,success,success,3393241.007,781546.125
SEC::HIG,SEC::HIG && DPT::$ && CTR::$,,,,,same,same,success,64,64,success,success,2814227.947,2565523.740
SEC::HIG,SEC::HIG && DPT::$ && CTR::EN,,,,,same,same,success,32,32,success,success,1637184.824,1528029.826
SEC::HIG,SEC::HIG && DPT::$ && CTR::FR,,,,,same,same,success,32,32,success,success,1492775.619,1443705.370
SEC::HIG,SEC::HIG && DPT::DEV,,,,,different,TP_TP,success,32,8,success,success,1475604.394,479565.274
SEC::HIG,SEC::HIG && DPT::DEV && CTR::$,,,,,same,same,success,32,32,success,success,1475979.138,1407460.904
SEC::HIG,SEC::HIG && DPT::DEV && CTR::EN,,,,,same,same,success,16,16,success,success,847883.873,771638.841
SEC::HIG,SEC::HIG && DPT::DEV && CTR::FR,,,,,same,same,success,16,16,success,success,806890.921,775244.956
SEC::HIG,SEC::HIG && DPT::MKG,,,,,different,TP_TP,success,32,8,success,success,1456691.258,471614.892
SEC::HIG,SEC::HIG && DPT::MKG && CTR::$,,,,,same,same,success,32,32,success,success,1516173.873,1497415.587
SEC::HIG,SEC::HIG && DPT::MKG && CTR::EN,,,,,same,same,success,16,16,success,success,838353.877,778381.834
SEC::HIG,SEC::HIG && DPT::MKG && CTR::FR,,,,,same,same,success,16,16,success,success,825201.672,780496.371
SEC::HIG,SEC::LOW,,,,,different,TN_TN,failure,32,2,failure,failure,2827311.834,220034.700
SEC::HIG,SEC::LOW && CTR::$,,,,,different,TN_TN,failure,32,8,failure,failure,2717833.405,642930.301
SEC::HIG,SEC::LOW && CTR::EN,,,,,different,TN_TN,failure,16,4,failure,failure,1385719.358,462742.424
SEC::HIG,SEC::LOW && CTR::FR,,,,,different,TN_TN,failure,16,4,failure,failure,1398133.393,374668.740
SEC::HIG,SEC::LOW && DPT::$,,,,,different,TN_TN,failure,32,8,failure,failure,2738885.704,630938.162
SEC::HIG,SEC::LOW && DPT::$ && CTR::$,,,,,same,same,failure,32,32,failure,failure,2748372.279,2603157.026
SEC::HIG,SEC::LOW && DPT::$ && CTR::EN,,,,,same,same,failure,16,16,failure,failure,1326023.894,1277715.675
SEC::HIG,SEC::LOW && DPT::$ && CTR::FR,,,,,same,same,failure,16,16,failure,failure,1368990.829,1280425.278
SEC::HIG,SEC::LOW && DPT::DEV,,,,,different,TN_TN,failure,16,4,failure,failure,1419494.632,317850.177
SEC::HIG,SEC::LOW && DPT::DEV && CTR::$,,,,,same,same,failure,16,16,failure,failure,1384772.391,1289781.558
SEC::HIG,SEC::LOW && DPT::DEV && CTR::EN,,,,,same,same,failure,8,8,failure,failure,949247.681,634909.005
SEC::HIG,SEC::LOW && DPT::DEV && CTR::FR,,,,,same,same,failure,8,8,failure,failure,692434.143,638823.974
SEC::HIG,SEC::LOW && DPT::MKG,,,,,different,TN_TN,failure,16,4,failure,failure,1392475.205,317759.758
SEC::HIG,SEC::LOW && DPT::MKG && CTR::$,,,,,same,same,failure,16,16,failure,failure,1380732.143,1301158.988
SEC::HIG,SEC::LOW && DPT::MKG && CTR::EN,,,,,same,same,failure,8,8,failure,failure,702843.628,636990.400
SEC::HIG,SEC::LOW && DPT::MKG && CTR::FR,,,,,same,same,failure,8,8,failure,failure,681948.194,633841.062
SEC::HIG,SEC::MED,,,,,different,TN_TN,failure,48,3,failure,failure,4087851.577,237704.063
SEC::HIG,SEC::MED && CTR::$,,,,,different,TN_TN,failure,48,12,failure,failure,4036104.858,948993.228
SEC::HIG,SEC::MED && CTR::EN,,,,,different,TN_TN,failure,24,6,failure,failure,2018127.026,484854.831
SEC::HIG,SEC::MED && CTR::FR,,,,,different,TN_TN,failure,24,6,failure,failure,2042196.885,472457.672
SEC::HIG,SEC::MED && DPT::$,,,,,different,TN_TN,failure,48,12,failure,failure,4043637.182,976987.054
SEC::HIG,SEC::MED && DPT::$ && CTR::$,,,,,same,same,failure,48,48,failure,failure,4094209.502,3816092.209
SEC::HIG,SEC::MED && DPT::$ && CTR::EN,,,,,same,same,failure,24,24,failure,failure,2020252.874,1936878.114
SEC::HIG,SEC::MED && DPT::$ && CTR::FR,,,,,same,same,failure,24,24,failure,failure,2068613.727,1963043.874
SEC::HIG,SEC::MED && DPT::DEV,,,,,different,TN_TN,failure,24,6,failure,failure,2002248.698,486581.640
SEC::HIG,SEC::MED && DPT::DEV && CTR::$,,,,,same,same,failure,24,24,failure,failure,2015501.101,1922399.852
SEC::HIG,SEC::MED && DPT::DEV && CTR::EN,,,,,same,same,failure,12,12,failure,failure,994034.701,953527.970
SEC::HIG,SEC::MED && DPT::DEV && CTR::FR,,,,,same,same,failure,12,12,failure,failure,1006661.110,952482.995
SEC::HIG,SEC::MED && DPT::MKG,,,,,different,TN_TN,failure,24,6,failure,failure,2029659.834,477518.119
SEC::HIG,SEC::MED && DPT::MKG && CTR::$,,,,,same,same,failure,24,24,failure,failure,1995984.377,1928371.647
SEC::HIG,SEC::MED && DPT::MKG && CTR::EN,,,,,same,same,failure,12,12,failure,failure,1001601.023,958341.845
SEC::HIG,SEC::MED && DPT::MKG && CTR::FR,,,,,same,same,failure,12,12,failure,failure,1004993.181,951056.419
SEC::HIG && CTR::$,CTR::$,,,,,different,TN_FP,failure,80,4,success,failure,3129932.225,295274.922
SEC::HIG && CTR::$,CTR::EN,,,,,different,TN_TN,failure,40,2,failure,failure,3141359.745,150193.330
SEC::HIG && CTR::$,CTR::FR,,,,,different,TN_TN,failure,40,2,failure,failure,3084516.636,148354.777
SEC::HIG && CTR::$,DPT::$,,,,,different,TN_FP,failure,80,4,success,failure,3237604.331,302277.127
SEC::HIG && CTR::$,DPT::$ && CTR::$,,,,,different,TN_FP,failure,80,16,success,failure,3076449.350,1216215.045
SEC::HIG && CTR::$,DPT::$ && CTR::EN,,,,,different,TN_TN,failure,40,8,failure,failure,3143416.373,608496.708
SEC::HIG && CTR::$,DPT::$ && CTR::FR,,,,,different,TN_TN,failure,40,8,failure,failure,3084206.320,594911.625
SEC::HIG && CTR::$,DPT::DEV,,,,,different,TN_FP,failure,40,2,success,failure,1707756.644,148737.079
SEC::HIG && CTR::$,DPT::DEV && CTR::$,,,,,different,TN_FP,failure,40,8,success,failure,1573203.336,601019.777
SEC::HIG && CTR::$,DPT::DEV && CTR::EN,,,,,different,TN_TN,failure,20,4,failure,failure,1514820.650,299592.686
SEC::HIG && CTR::$,DPT::DEV && CTR::FR,,,,,different,TN_TN,failure,20,4,failure,failure,1533747.712,298372.928
SEC::HIG && CTR::$,DPT::MKG,,,,,different,TN_FP,failure,40,2,success,failure,1602952.773,149706.652
SEC::HIG && CTR::$,DPT::MKG && CTR::$,,,,,different,TN_FP,failure,40,8,success,failure,1678088.499,601955.843
SEC::HIG && CTR::$,DPT::MKG && CTR::EN,,,,,different,TN_TN,failure,20,4,failure,failure,1539596.548,310646.370
SEC::HIG && CTR::$,DPT::MKG && CTR::FR,,,,,different,TN_TN,failure,20,4,failure,failure,1522641.569,299268.904
SEC::HIG && CTR::$,SEC::$,,,,,different,TN_FP,failure,80,5,success,failure,3503028.410,371497.246
SEC::HIG && CTR::$,SEC::$ && CTR::$,,,,,different,TP_TP,success,80,20,success,success,3164648.814,877526.926
SEC::HIG && CTR::$,SEC::$ && CTR::EN,,,,,different,TN_TN,failure,40,10,failure,failure,3031860.362,745139.215
SEC::HIG && CTR::$,SEC::$ && CTR::FR,,,,,different,TN_TN,failure,40,10,failure,failure,3020917.595,745170.884
SEC::HIG && CTR::$,SEC::$ && DPT::$,,,,,different,TN_FP,failure,80,20,success,failure,3400767.825,1503711.241
SEC::HIG && CTR::$,SEC::$ && DPT::$ && CTR::$,,,,,same,same,success,80,80,success,success,3115087.911,3083235.633
SEC::HIG && CTR::$,SEC::$ && DPT::$ && CTR::EN,,,,,same,same,failure,40,40,failure,failure,3033373.891,3043483.734
SEC::HIG && CTR::$,SEC::$ && DPT::$ && CTR::FR,,,,,same,same,failure,40,40,failure,failure,3048110.959,3030584.679
SEC::HIG && CTR::$,SEC::$ && DPT::DEV,,,,,different,TN_FP,failure,40,10,success,failure,1689501.332,738370.794
SEC::HIG && CTR::$,SEC::$ && DPT::DEV && CTR::$,,,,,same,same,success,40,40,success,success,1653996.238,1623054.620
SEC::HIG && CTR::$,SEC::$ && DPT::DEV && CTR::EN,,,,,same,same,failure,20,20,failure,failure,1528324.344,1491537.015
SEC::HIG && CTR::$,SEC::$ && DPT::DEV && CTR::FR,,,,,same,same,failure,20,20,failure,failure,1521491.337,1511162.012
SEC::HIG && CTR::$,SEC::$ && DPT::MKG,,,,,different,TN_FP,failure,40,10,success,failure,1624138.242,741876.385
SEC::HIG && CTR::$,SEC::$ && DPT::MKG && CTR::$,,,,,same,same,success,40,40,success,success,1614305.243,1612473.993
SEC::HIG && CTR::$,SEC::$ && DPT::MKG && CTR::EN,,,,,same,same,failure,20,20,failure,failure,1539113.081,1506041.517
SEC::HIG && CTR::$,SEC::$ && DPT::MKG && CTR::FR,,,,,same,same,failure,20,20,failure,failure,1515954.352,1500318.066
SEC::HIG && CTR::$,SEC::HIG,,,,,different,TN_FP,failure,64,4,success,failure,2656931.579,297587.300
SEC::HIG && CTR::$,SEC::HIG && CTR::$,,,,,different,TP_TP,success,64,16,success,success,2525230.816,724427.354
SEC::HIG && CTR::$,SEC::HIG && CTR::EN,,,,,different,TN_TN,failure,32,8,failure,failure,2418037.674,597410.978
SEC::HIG && CTR::$,SEC::HIG && CTR::FR,,,,,different,TN_TN,failure,32,8,failure,failure,2485083.675,590656.970
SEC::HIG && CTR::$,SEC::HIG && DPT::$,,,,,different,TN_FP,failure,64,16,success,failure,2602826.872,1185879.058
SEC::HIG && CTR::$,SEC::HIG && DPT::$ && CTR::$,,,,,same,same,success,64,64,success,success,2514841.699,2478566.711
SEC::HIG && CTR::$,SEC::HIG && DPT::$ && CTR::EN,,,,,same,same,failure,32,32,failure,failure,2440237.996,2412983.338
SEC::HIG && CTR::$,SEC::HIG && DPT::$ && CTR::FR,,,,,same,same,failure,32,32,failure,failure,2442425.404,2412626.609
SEC::HIG && CTR::$,SEC::HIG && DPT::DEV,,,,,different,TN_FP,failure,32,8,success,failure,1313444.113,593379.361
SEC::HIG && CTR::$,SEC::HIG && DPT::DEV && CTR::$,,,,,same,same,success,32,32,success,success,1424954.884,1339689.292
SEC::HIG && CTR::$,SEC::HIG && DPT::DEV && CTR::EN,,,,,same,same,failure,16,16,failure,failure,1199284.918,1199636.448
SEC::HIG && CTR::$,SEC::HIG && DPT::DEV && CTR::FR,,,,,same,same,failure,16,16,failure,failure,1217958.465,1195381.352
SEC::HIG && CTR::$,SEC::HIG && DPT::MKG,,,,,different,TN_FP,failure,32,8,success,failure,1266885.039,592444.122
SEC::HIG && CTR::$,SEC::HIG && DPT::MKG && CTR::$,,,,,same,same,success,32,32,success,success,1362012.816,1306964.859
SEC::HIG && CTR::$,SEC::HIG && DPT::MKG && CTR::EN,,,,,same,same,failure,16,16,failure,failure,1211222.610,1190810.417
SEC::HIG && CTR::$,SEC::HIG && DPT::MKG && CTR::FR,,,,,same,same,failure,16,16,failure,failure,1205332.763,1188186.832
SEC::HIG && CTR::$,SEC::LOW,,,,,different,TN_TN,failure,32,2,failure,failure,2483845.928,148713.084
SEC::HIG && CTR::$,SEC::LOW && CTR::$,,,,,different,TN_TN,failure,32,8,failure,failure,2505192.424,594917.717
SEC::HIG && CTR::$,SEC::LOW && CTR::EN,,,,,different,TN_TN,failure,16,4,failure,failure,1229411.458,310482.763
SEC::HIG && CTR::$,SEC::LOW && CTR::FR,,,,,different,TN_TN,failure,16,4,failure,failure,1233154.660,296603.394
SEC::HIG && CTR::$,SEC::LOW && DPT::$,,,,,different,TN_TN,failure,32,8,failure,failure,2483877.813,592829.595
SEC::HIG && CTR::$,SEC::LOW && DPT::$ && CTR::$,,,,,same,same,failure,32,32,failure,failure,2491242.834,2428687.671
SEC::HIG && CTR::$,SEC::LOW && DPT::$ && CTR::EN,,,,,same,same,failure,16,16,failure,failure,1240674.595,1191688.339
SEC::HIG && CTR::$,SEC::LOW && DPT::$ && CTR::FR,,,,,same,same,failure,16,16,failure,failure,1240199.559,1185725.049
SEC::HIG && CTR::$,SEC::LOW && DPT::DEV,,,,,different,TN_TN,failure,16,4,failure,failure,1234649.474,311321.836
SEC::HIG && CTR::$,SEC::LOW && DPT::DEV && CTR::$,,,,,same,same,failure,16,16,failure,failure,1215440.712,1210328.603
SEC::HIG && CTR::$,SEC::LOW && DPT::DEV && CTR::EN,,,,,same,same,failure,8,8,failure,failure,605562.609,596291.689
SEC::HIG && CTR::$,SEC::LOW && DPT::DEV && CTR::FR,,,,,same,same,failure,8,8,failure,failure,615589.517,611196.276
SEC::HIG && CTR::$,SEC::LOW && DPT::MKG,,,,,different,TN_TN,failure,16,4,failure,failure,1234622.298,293952.642
SEC::HIG && CTR::$,SEC::LOW && DPT::MKG && CTR::$,,,,,same,same,failure,16,16,failure,failure,1224443.133,1199327.028
SEC::HIG && CTR::$,SEC::LOW && DPT::MKG && CTR::EN,,,,,same,same,failure,8,8,failure,failure,610341.057,599012.207
SEC::HIG && CTR::$,SEC::LOW && DPT::MKG && CTR::FR,,,,,same,same,failure,8,8,failure,failure,612543.789,595243.979
SEC::HIG && CTR::$,SEC::MED,,,,,different,TN_TN,failure,48,3,failure,failure,3663386.973,224570.438
SEC::HIG && CTR::$,SEC::MED && CTR::$,,,,,different,TN_TN,failure,48,12,failure,failure,3921641.854,902990.033
SEC::HIG && CTR::$,SEC::MED && CTR::EN,,,,,different,TN_TN,failure,24,6,failure,failure,1878664.694,449662.425
SEC::HIG && CTR::$,SEC::MED && CTR::FR,,,,,different,TN_TN,failure,24,6,failure,failure,1849437.427,448632.031
SEC::HIG && CTR::$,SEC::MED && DPT::$,,,,,different,TN_TN,failure,48,12,failure,failure,3722478.308,891421.253
SEC::HIG && CTR::$,SEC::MED && DPT::$ && CTR::$,,,,,same,same,failure,48,48,failure,failure,3665175.583,3634308.087
SEC::HIG && CTR::$,SEC::MED && DPT::$ && CTR::EN,,,,,same,same,failure,24,24,failure,failure,1841946.035,1826430.116
SEC::HIG && CTR::$,SEC::MED && DPT::$ && CTR::FR,,,,,same,same,failure,24,24,failure,failure,1832696.200,1812666.825
SEC::HIG && CTR::$,SEC::MED && DPT::DEV,,,,,different,TN_TN,failure,24,6,failure,failure,1843926.174,449545.866
SEC::HIG && CTR::$,SEC::MED && DPT::DEV && CTR::$,,,,,same,same,failure,24,24,failure,failure,1812661.004,1816324.365
SEC::HIG && CTR::$,SEC::MED && DPT::DEV && CTR::EN,,,,,same,same,failure,12,12,failure,failure,1335989.573,900666.520
SEC::HIG && CTR::$,SEC::MED && DPT::DEV && CTR::FR,,,,,same,same,failure,12,12,failure,failure,1004486.571,888632.612
SEC::HIG && CTR::$,SEC::MED && DPT::MKG,,,,,different,TN_TN,failure,24,6,failure,failure,1824627.991,443663.456
SEC::HIG && CTR::$,SEC::MED && DPT::MKG && CTR::$,,,,,same,same,failure,24,24,failure,failure,1838632.194,1818066.347
SEC::HIG && CTR::$,SEC::MED && DPT::MKG && CTR::EN,,,,,same,same,failure,12,12,failure,failure,921347.908,894381.666
SEC::HIG && CTR::$,SEC::MED && DPT::MKG && CTR::FR,,,,,same,same,failure,12,12,failure,failure,906092.789,893280.761
SEC::HIG && CTR::EN,CTR::$,,,,,different,TN_FP,failure,80,4,success,failure,3121607.985,299853.410
SEC::HIG && CTR::EN,CTR::EN,,,,,different,TN_FP,failure,40,2,success,failure,1812097.732,149712.653
SEC::HIG && CTR::EN,CTR::FR,,,,,different,TN_TN,failure,40,2,failure,failure,3136821.688,150000.975
SEC::HIG && CTR::EN,DPT::$,,,,,different,TN_FP,failure,80,4,success,failure,3284413.749,299827.461
SEC::HIG && CTR::EN,DPT::$ && CTR::$,,,,,different,TN_FP,failure,80,16,success,failure,3120421.395,1231478.871
SEC::HIG && CTR::EN,DPT::$ && CTR::EN,,,,,different,TN_FP,failure,40,8,success,failure,1741084.955,611165.784
SEC::HIG && CTR::EN,DPT::$ && CTR::FR,,,,,different,TN_TN,failure,40,8,failure,failure,3083229.382,607411.171
SEC::HIG && CTR::EN,DPT::DEV,,,,,different,TN_FP,failure,40,2,success,failure,1796546.256,149912.008
SEC::HIG && CTR::EN,DPT::DEV && CTR::$,,,,,different,TN_FP,failure,40,8,success,failure,1734225.117,597077.142
SEC::HIG && CTR::EN,DPT::DEV && CTR::EN,,,,,different,TN_FP,failure,20,4,success,failure,1291103.512,297483.570
SEC::HIG && CTR::EN,DPT::DEV && CTR::FR,,,,,different,TN_TN,failure,20,4,failure,failure,2288205.806,299721.427
SEC::HIG && CTR::EN,DPT::MKG,,,,,different,TN_FP,failure,40,2,success,failure,1679113.897,148591.926
SEC::HIG && CTR::EN,DPT::MKG && CTR::$,,,,,different,TN_FP,failure,40,8,success,failure,1816027.383,597890.377
SEC::HIG && CTR::EN,DPT::MKG && CTR::EN,,,,,different,TN_FP,failure,20,4,success,failure,934080.386,297378.889
SEC::HIG && CTR::EN,DPT::MKG && CTR::FR,,,,,different,TN_TN,failure,20,4,failure,failure,1527401.934,298288.224
SEC::HIG && CTR::EN,SEC::$,,,,,different,TN_FP,failure,80,5,success,failure,3107826.530,373812.123
SEC::HIG && CTR::EN,SEC::$ && CTR::$,,,,,different,TP_TP,success,80,20,success,success,3200870.717,867890.571
SEC::HIG && CTR::EN,SEC::$ && CTR::EN,,,,,different,TP_TP,success,40,10,success,success,1626964.944,525191.998
SEC::HIG && CTR::EN,SEC::$ && CTR::FR,,,,,different,TN_TN,failure,40,10,failure,failure,3127806.362,748055.625
SEC::HIG && CTR::EN,SEC::$ && DPT::$,,,,,different,TN_FP,failure,80,20,success,failure,3455407.089,1507194.144
SEC::HIG && CTR::EN,SEC::$ && DPT::$ && CTR::$,,,,,same,same,success,80,80,success,success,3129638.319,3098510.570
SEC::HIG && CTR::EN,SEC::$ && DPT::$ && CTR::EN,,,,,same,same,success,40,40,success,success,1636508.746,1770927.487
SEC::HIG && CTR::EN,SEC::$ && DPT::$ && CTR::FR,,,,,same,same,failure,40,40,failure,failure,3053053.790,3038786.518
SEC::HIG && CTR::EN,SEC::$ && DPT::DEV,,,,,different,TN_FP,failure,40,10,success,failure,1624903.798,747671.806
SEC::HIG && CTR::EN,SEC::$ && DPT::DEV && CTR::$,,,,,same,same,success,40,40,success,success,1632622.231,1703513.355
SEC::HIG && CTR::EN,SEC::$ && DPT::DEV && CTR::EN,,,,,same,same,success,20,20,success,success,909294.735,863313.570
SEC::HIG && CTR::EN,SEC::$ && DPT::DEV && CTR::FR,,,,,same,same,failure,20,20,failure,failure,1545221.995,1511491.410
SEC::HIG && CTR::EN,SEC::$ && DPT::MKG,,,,,different,TN_FP,failure,40,10,success,failure,1772199.562,742675.022
SEC::HIG && CTR::EN,SEC::$ && DPT::MKG && CTR::$,,,,,same,same,success,40,40,success,success,1648812.315,1699724.898
SEC::HIG && CTR::EN,SEC::$ && DPT::MKG && CTR::EN,,,,,same,same,success,20,20,success,success,883985.896,858432.119
SEC::HIG && CTR::EN,SEC::$ && DPT::MKG && CTR::FR,,,,,same,same,failure,20,20,failure,failure,1528463.555,1512989.289
SEC::HIG && CTR::EN,SEC::HIG,,,,,different,TN_FP,failure,64,4,success,failure,2618076.101,298490.920
SEC::HIG && CTR::EN,SEC::HIG && CTR::$,,,,,different,TP_TP,success,64,16,success,success,3034387.507,730230.681
SEC::HIG && CTR::EN,SEC::HIG && CTR::EN,,,,,different,TP_TP,success,32,8,success,success,1419150.742,448718.824
SEC::HIG && CTR::EN,SEC::HIG && CTR::FR,,,,,different,TN_TN,failure,32,8,failure,failure,2504492.998,597923.385
SEC::HIG && CTR::EN,SEC::HIG && DPT::$,,,,,different,TN_FP,failure,64,16,success,failure,2564923.685,1212519.167
SEC::HIG && CTR::EN,SEC::HIG && DPT::$ && CTR::$,,,,,same,same,success,64,64,success,success,2599743.894,2550321.435
SEC::HIG && CTR::EN,SEC::HIG && DPT::$ && CTR::EN,,,,,same,same,success,32,32,success,success,1350033.800,1443236.897
SEC::HIG && CTR::EN,SEC::HIG && DPT::$ && CTR::FR,,,,,same,same,failure,32,32,failure,failure,2566281.427,2431117.513
SEC::HIG && CTR::EN,SEC::HIG && DPT::DEV,,,,,different,TN_FP,failure,32,8,success,failure,1932808.235,601824.787
SEC::HIG && CTR::EN,SEC::HIG && DPT::DEV && CTR::$,,,,,same,same,success,32,32,success,success,1398816.610,1369879.862
SEC::HIG && CTR::EN,SEC::HIG && DPT::DEV && CTR::EN,,,,,same,same,success,16,16,success,success,778411.059,778857.316
SEC::HIG && CTR::EN,SEC::HIG && DPT::DEV && CTR::FR,,,,,same,same,failure,16,16,failure,failure,1248557.863,1198568.094
SEC::HIG && CTR::EN,SEC::HIG && DPT::MKG,,,,,different,TN_FP,failure,32,8,success,failure,1320698.485,602908.150
SEC::HIG && CTR::EN,SEC::HIG && DPT::MKG && CTR::$,,,,,same,same,success,32,32,success,success,1507570.455,1439622.262
SEC::HIG && CTR::EN,SEC::HIG && DPT::MKG && CTR::EN,,,,,same,same,success,16,16,success,success,745963.355,783882.678
SEC::HIG && CTR::EN,SEC::HIG && DPT::MKG && CTR::FR,,,,,same,same,failure,16,16,failure,failure,1237749.288,1207317.505
SEC::HIG && CTR::EN,SEC::LOW,,,,,different,TN_TN,failure,32,2,failure,failure,2605873.191,149754.372
SEC::HIG && CTR::EN,SEC::LOW && CTR::$,,,,,different,TN_TN,failure,32,8,failure,failure,2506855.574,595815.050
SEC::HIG && CTR::EN,SEC::LOW && CTR::EN,,,,,different,TN_TN,failure,16,4,failure,failure,1258133.769,300625.018
SEC::HIG && CTR::EN,SEC::LOW && CTR::FR,,,,,different,TN_TN,failure,16,4,failure,failure,1252672.140,296957.808
SEC::HIG && CTR::EN,SEC::LOW && DPT::$,,,,,different,TN_TN,failure,32,8,failure,failure,2545623.482,612473.061
SEC::HIG && CTR::EN,SEC::LOW && DPT::$ && CTR::$,,,,,same,same,failure,32,32,failure,failure,2759095.228,2454620.238
SEC::HIG && CTR::EN,SEC::LOW && DPT::$ && CTR::EN,,,,,same,same,failure,16,16,failure,failure,1214600.431,1210136.042
SEC::HIG && CTR::EN,SEC::LOW && DPT::$ && CTR::FR,,,,,same,same,failure,16,16,failure,failure,1245183.182,1199952.536
SEC::HIG && CTR::EN,SEC::LOW && DPT::DEV,,,,,different,TN_TN,failure,16,4,failure,failure,1234532.990,300439.634
SEC::HIG && CTR::EN,SEC::LOW && DPT::DEV && CTR::$,,,,,same,same,failure,16,16,failure,failure,1233311.098,1262737.335
SEC::HIG && CTR::EN,SEC::LOW && DPT::DEV && CTR::EN,,,,,same,same,failure,8,8,failure,failure,622521.800,600016.902
SEC::HIG && CTR::EN,SEC::LOW && DPT::DEV && CTR::FR,,,,,same,same,failure,8,8,failure,failure,633171.446,600859.858
SEC::HIG && CTR::EN,SEC::LOW && DPT::MKG,,,,,different,TN_TN,failure,16,4,failure,failure,1243534.284,298402.824
SEC::HIG && CTR::EN,SEC::LOW && DPT::MKG && CTR::$,,,,,same,same,failure,16,16,failure,failure,1293113.788,1226686.032
SEC::HIG && CTR::EN,SEC::LOW && DPT::MKG && CTR::EN,,,,,same,same,failure,8,8,failure,failure,598459.025,596978.176
SEC::HIG && CTR::EN,SEC::LOW && DPT::MKG && CTR::FR,,,,,same,same,failure,8,8,failure,failure,599110.581,600124.849
SEC::HIG && CTR::EN,SEC::MED,,,,,different,TN_TN,failure,48,3,failure,failure,3836710.283,224680.584
SEC::HIG && CTR::EN,SEC::MED && CTR::$,,,,,different,TN_TN,failure,48,12,failure,failure,3691715.073,899881.738
SEC::HIG && CTR::EN,SEC::MED && CTR::EN,,,,,different,TN_TN,failure,24,6,failure,failure,1840264.891,453709.631
SEC::HIG && CTR::EN,SEC::MED && CTR::FR,,,,,different,TN_TN,failure,24,6,failure,failure,1852277.960,450565.188
SEC::HIG && CTR::EN,SEC::MED && DPT::$,,,,,different,TN_TN,failure,48,12,failure,failure,3750085.472,925156.137
SEC::HIG && CTR::EN,SEC::MED && DPT::$ && CTR::$,,,,,same,same,failure,48,48,failure,failure,3784681.496,3640913.158
SEC::HIG && CTR::EN,SEC::MED && DPT::$ && CTR::EN,,,,,same,same,failure,24,24,failure,failure,1845659.735,1821363.402
SEC::HIG && CTR::EN,SEC::MED && DPT::$ && CTR::FR,,,,,same,same,failure,24,24,failure,failure,1879927.194,1827553.107
SEC::HIG && CTR::EN,SEC::MED && DPT::DEV,,,,,different,TN_TN,failure,24,6,failure,failure,1864977.576,450652.056
SEC::HIG && CTR::EN,SEC::MED && DPT::DEV && CTR::$,,,,,same,same,failure,24,24,failure,failure,2443090.873,1842041.299
SEC::HIG && CTR::EN,SEC::MED && DPT::DEV && CTR::EN,,,,,same,same,failure,12,12,failure,failure,917963.700,906903.970
SEC::HIG && CTR::EN,SEC::MED && DPT::DEV && CTR::FR,,,,,same,same,failure,12,12,failure,failure,917010.392,895086.182
SEC::HIG && CTR::EN,SEC::MED && DPT::MKG,,,,,different,TN_TN,failure,24,6,failure,failure,2027394.039,454748.885
SEC::HIG && CTR::EN,SEC::MED && DPT::MKG && CTR::$,,,,,same,same,failure,24,24,failure,failure,1854681.563,1830081.335
SEC::HIG && CTR::EN,SEC::MED && DPT::MKG && CTR::EN,,,,,same,same,failure,12,12,failure,failure,908288.191,903018.096
SEC::HIG && CTR::EN,SEC::MED && DPT::MKG && CTR::FR,,,,,same,same,failure,12,12,failure,failure,921531.608,900231.343
SEC::HIG && CTR::FR,CTR::$,,,,,different,TN_FP,failure,80,4,success,failure,3419719.624,295167.004
SEC::HIG && CTR::FR,CTR::EN,,,,,different,TN_TN,failure,40,2,failure,failure,3383103.887,147848.872
SEC::HIG && CTR::FR,CTR::FR,,,,,different,TN_FP,failure,40,2,success,failure,1837634.908,147227.411
SEC::HIG && CTR::FR,DPT::$,,,,,different,TN_FP,failure,80,4,success,failure,3780722.800,299077.895
SEC::HIG && CTR::FR,DPT::$ && CTR::$,,,,,different,TN_FP,failure,80,16,success,failure,3912147.109,1203717.829
SEC::HIG && CTR::FR,DPT::$ && CTR::EN,,,,,different,TN_TN,failure,40,8,failure,failure,3406976.331,598391.393
SEC::HIG && CTR::FR,DPT::$ && CTR::FR,,,,,different,TN_FP,failure,40,8,success,failure,1792331.395,596400.533
SEC::HIG && CTR::FR,DPT::DEV,,,,,different,TN_FP,failure,40,2,success,failure,1965250.458,148070.778
SEC::HIG && CTR::FR,DPT::DEV && CTR::$,,,,,different,TN_FP,failure,40,8,success,failure,1916104.252,590917.208
SEC::HIG && CTR::FR,DPT::DEV && CTR::EN,,,,,different,TN_TN,failure,20,4,failure,failure,1688195.643,308270.939
SEC::HIG && CTR::FR,DPT::DEV && CTR::FR,,,,,different,TN_FP,failure,20,4,success,failure,1078312.815,296049.435
SEC::HIG && CTR::FR,DPT::MKG,,,,,different,TN_FP,failure,40,2,success,failure,2044068.671,148953.870
SEC::HIG && CTR::FR,DPT::MKG && CTR::$,,,,,different,TN_FP,failure,40,8,success,failure,2019995.211,597259.755
SEC::HIG && CTR::FR,DPT::MKG && CTR::EN,,,,,different,TN_TN,failure,20,4,failure,failure,1688774.328,298915.445
SEC::HIG && CTR::FR,DPT::MKG && CTR::FR,,,,,different,TN_FP,failure,20,4,success,failure,1000270.637,303590.184
SEC::HIG && CTR::FR,SEC::$,,,,,different,TN_FP,failure,80,5,success,failure,3708935.575,371470.085
SEC::HIG && CTR::FR,SEC::$ && CTR::$,,,,,different,TP_TP,success,80,20,success,success,3457175.947,930624.193
SEC::HIG && CTR::FR,SEC::$ && CTR::EN,,,,,different,TN_TN,failure,40,10,failure,failure,3386390.807,745418.664
SEC::HIG && CTR::FR,SEC::$ && CTR::FR,,,,,different,TP_TP,success,40,10,success,success,1773780.188,510693.398
SEC::HIG && CTR::FR,SEC::$ && DPT::$,,,,,different,TN_FP,failure,80,20,success,failure,3392524.542,1500445.871
SEC::HIG && CTR::FR,SEC::$ && DPT::$ && CTR::$,,,,,same,same,success,80,80,success,success,3446593.221,3367056.907
SEC::HIG && CTR::FR,SEC::$ && DPT::$ && CTR::EN,,,,,same,same,failure,40,40,failure,failure,3386043.160,3028608.842
SEC::HIG && CTR::FR,SEC::$ && DPT::$ && CTR::FR,,,,,same,same,success,40,40,success,success,1963140.921,1604146.623
SEC::HIG && CTR::FR,SEC::$ && DPT::DEV,,,,,different,TN_FP,failure,40,10,success,failure,1815211.217,744176.904
SEC::HIG && CTR::FR,SEC::$ && DPT::DEV && CTR::$,,,,,same,same,success,40,40,success,success,1963686.019,1631605.860
SEC::HIG && CTR::FR,SEC::$ && DPT::DEV && CTR::EN,,,,,same,same,failure,20,20,failure,failure,1657068.486,1504586.849
SEC::HIG && CTR::FR,SEC::$ && DPT::DEV && CTR::FR,,,,,same,same,success,20,20,success,success,954527.360,875842.231
SEC::HIG && CTR::FR,SEC::$ && DPT::MKG,,,,,different,TN_FP,failure,40,10,success,failure,1853837.210,750692.501
SEC::HIG && CTR::FR,SEC::$ && DPT::MKG && CTR::$,,,,,same,same,success,40,40,success,success,1777880.755,1653587.426
SEC::HIG && CTR::FR,SEC::$ && DPT::MKG && CTR::EN,,,,,same,same,failure,20,20,failure,failure,1675055.170,1521677.992
SEC::HIG && CTR::FR,SEC::$ && DPT::MKG && CTR::FR,,,,,same,same,success,20,20,success,success,1003880.414,874512.557
SEC::HIG && CTR::FR,SEC::HIG,,,,,different,TN_FP,failure,64,4,success,failure,2991151.948,298787.721
SEC::HIG && CTR::FR,SEC::HIG && CTR::$,,,,,different,TP_TP,success,64,16,success,success,3124398.445,708814.895
SEC::HIG && CTR::FR,SEC::HIG && CTR::EN,,,,,different,TN_TN,failure,32,8,failure,failure,3655589.541,597103.938
SEC::HIG && CTR::FR,SEC::HIG && CTR::FR,,,,,different,TP_TP,success,32,8,success,success,2064956.893,424802.133
SEC::HIG && CTR::FR,SEC::HIG && DPT::$,,,,,different,TN_FP,failure,64,16,success,failure,2787934.953,1205702.296
SEC::HIG && CTR::FR,SEC::HIG && DPT::$ && CTR::$,,,,,same,same,success,64,64,success,success,2767483.431,2480757.841
SEC::HIG && CTR::FR,SEC::HIG && DPT::$ && CTR::EN,,,,,same,same,failure,32,32,failure,failure,2689508.560,2439118.211
SEC::HIG && CTR::FR,SEC::HIG && DPT::$ && CTR::FR,,,,,same,same,success,32,32,success,success,1520428.163,1322127.039
SEC::HIG && CTR::FR,SEC::HIG && DPT::DEV,,,,,different,TN_FP,failure,32,8,success,failure,1477287.332,590602.703
SEC::HIG && CTR::FR,SEC::HIG && DPT::DEV && CTR::$,,,,,same,same,success,32,32,success,success,1470535.492,1288909.246
SEC::HIG && CTR::FR,SEC::HIG && DPT::DEV && CTR::EN,,,,,same,same,failure,16,16,failure,failure,1336502.344,1190739.485
SEC::HIG && CTR::FR,SEC::HIG && DPT::DEV && CTR::FR,,,,,same,same,success,16,16,success,success,808151.991,785080.735
SEC::HIG && CTR::FR,SEC::HIG && DPT::MKG,,,,,different,TN_FP,failure,32,8,success,failure,1606530.103,598894.762
SEC::HIG && CTR::FR,SEC::HIG && DPT::MKG && CTR::$,,,,,same,same,success,32,32,success,success,1423756.756,1296477.813
SEC::HIG && CTR::FR,SEC::HIG && DPT::MKG && CTR::EN,,,,,same,same,failure,16,16,failure,failure,1342143.395,1209493.177
SEC::HIG && CTR::FR,SEC::HIG && DPT::MKG && CTR::FR,,,,,same,same,success,16,16,success,success,829013.477,722477.632
SEC::HIG && CTR::FR,SEC::LOW,,,,,different,TN_TN,failure,32,2,failure,failure,2727393.718,147494.743
SEC::HIG && CTR::FR,SEC::LOW && CTR::$,,,,,different,TN_TN,failure,32,8,failure,failure,2742832.007,592102.851
SEC::HIG && CTR::FR,SEC::LOW && CTR::EN,,,,,different,TN_TN,failure,16,4,failure,failure,1357650.648,297861.970
SEC::HIG && CTR::FR,SEC::LOW && CTR::FR,,,,,different,TN_TN,failure,16,4,failure,failure,1346311.829,296904.388
SEC::HIG && CTR::FR,SEC::LOW && DPT::$,,,,,different,TN_TN,failure,32,8,failure,failure,2794413.811,597848.519
SEC::HIG && CTR::FR,SEC::LOW && DPT::$ && CTR::$,,,,,same,same,failure,32,32,failure,failure,2780467.215,2442159.100
SEC::HIG && CTR::FR,SEC::LOW && DPT::$ && CTR::EN,,,,,same,same,failure,16,16,failure,failure,1338203.785,1217228.566
SEC::HIG && CTR::FR,SEC::LOW && DPT::$ && CTR::FR,,,,,same,same,failure,16,16,failure,failure,1338741.609,1203006.023
SEC::HIG && CTR::FR,SEC::LOW && DPT::DEV,,,,,different,TN_TN,failure,16,4,failure,failure,1370738.833,300218.340
SEC::HIG && CTR::FR,SEC::LOW && DPT::DEV && CTR::$,,,,,same,same,failure,16,16,failure,failure,1349852.881,1216323.574
SEC::HIG && CTR::FR,SEC::LOW && DPT::DEV && CTR::EN,,,,,same,same,failure,8,8,failure,failure,679432.325,610754.774
SEC::HIG && CTR::FR,SEC::LOW && DPT::DEV && CTR::FR,,,,,same,same,failure,8,8,failure,failure,676597.683,601381.401
SEC::HIG && CTR::FR,SEC::LOW && DPT::MKG,,,,,different,TN_TN,failure,16,4,failure,failure,1352432.470,299789.560
SEC::HIG && CTR::FR,SEC::LOW && DPT::MKG && CTR::$,,,,,same,same,failure,16,16,failure,failure,1329160.167,1203030.184
SEC::HIG && CTR::FR,SEC::LOW && DPT::MKG && CTR::EN,,,,,same,same,failure,8,8,failure,failure,660393.338,593014.081
SEC::HIG && CTR::FR,SEC::LOW && DPT::MKG && CTR::FR,,,,,same,same,failure,8,8,failure,failure,657380.642,600216.421
SEC::HIG && CTR::FR,SEC::MED,,,,,different,TN_TN,failure,48,3,failure,failure,4338456.624,221196.509
SEC::HIG && CTR::FR,SEC::MED && CTR::$,,,,,different,TN_TN,failure,48,12,failure,failure,4053483.766,889956.887
SEC::HIG && CTR::FR,SEC::MED && CTR::EN,,,,,different,TN_TN,failure,24,6,failure,failure,2004335.677,444625.166
SEC::HIG && CTR::FR,SEC::MED && CTR::FR,,,,,different,TN_TN,failure,24,6,failure,failure,2016432.528,442745.420
SEC::HIG && CTR::FR,SEC::MED && DPT::$,,,,,different,TN_TN,failure,48,12,failure,failure,4014185.047,896822.064
SEC::HIG && CTR::FR,SEC::MED && DPT::$ && CTR::$,,,,,same,same,failure,48,48,failure,failure,4031256.649,3654880.942
SEC::HIG && CTR::FR,SEC::MED && DPT::$ && CTR::EN,,,,,same,same,failure,24,24,failure,failure,2016500.761,1843127.341
SEC::HIG && CTR::FR,SEC::MED && DPT::$ && CTR::FR,,,,,same,same,failure,24,24,failure,failure,2005780.377,1827790.754
SEC::HIG && CTR::FR,SEC::MED && DPT::DEV,,,,,different,TN_TN,failure,24,6,failure,failure,2024291.600,444668.331
SEC::HIG && CTR::FR,SEC::MED && DPT::DEV && CTR::$,,,,,same,same,failure,24,24,failure,failure,2017061.833,1843140.195
SEC::HIG && CTR::FR,SEC::MED && DPT::DEV && CTR::EN,,,,,same,same,failure,12,12,failure,failure,1007242.355,899495.569
SEC::HIG && CTR::FR,SEC::MED && DPT::DEV && CTR::FR,,,,,same,same,failure,12,12,failure,failure,1008375.806,911283.360
SEC::HIG && CTR::FR,SEC::MED && DPT::MKG,,,,,different,TN_TN,failure,24,6,failure,failure,2011089.987,449573.482
SEC::HIG && CTR::FR,SEC::MED && DPT::MKG && CTR::$,,,,,same,same,failure,24,24,failure,failure,2003406.529,1847633.603
SEC::HIG && CTR::FR,SEC::MED && DPT::MKG && CTR::EN,,,,,same,same,failure,12,12,failure,failure,1005759.878,906921.297
SEC::HIG && CTR::FR,SEC::MED && DPT::MKG && CTR::FR,,,,,same,same,failure,12,12,failure,failure,988102.433,903055.811
SEC::HIG && DPT::$,CTR::$,,,,,different,TN_FP,failure,80,4,success,failure,3808045.581,319289.933
SEC::HIG && DPT::$,CTR::EN,,,,,different,TN_FP,failure,40,2,success,failure,1984797.574,171870.386
SEC::HIG && DPT::$,CTR::FR,,,,,different,TN_FP,failure,40,2,success,failure,1902003.708,160144.856
SEC::HIG && DPT::$,DPT::$,,,,,different,TN_FP,failure,80,4,success,failure,3411061.337,322389.987
SEC::HIG && DPT::$,DPT::$ && CTR::$,,,,,different,TN_FP,failure,80,16,success,failure,3629523.913,1254650.521
SEC::HIG && DPT::$,DPT::$ && CTR::EN,,,,,different,TN_FP,failure,40,8,success,failure,1798911.613,627687.044
SEC::HIG && DPT::$,DPT::$ && CTR::FR,,,,,different,TN_FP,failure,40,8,success,failure,1913559.174,624526.986
SEC::HIG && DPT::$,DPT::DEV,,,,,different,TN_TN,failure,40,2,failure,failure,3483304.077,160950.679
SEC::HIG && DPT::$,DPT::DEV && CTR::$,,,,,different,TN_TN,failure,40,8,failure,failure,3456160.562,625583.118
SEC::HIG && DPT::$,DPT::DEV && CTR::EN,,,,,different,TN_TN,failure,20,4,failure,failure,1683887.136,317112.558
SEC::HIG && DPT::$,DPT::DEV && CTR::FR,,,,,different,TN_TN,failure,20,4,failure,failure,1805493.399,315426.406
SEC::HIG && DPT::$,DPT::MKG,,,,,different,TN_TN,failure,40,2,failure,failure,3567157.204,158537.427
SEC::HIG && DPT::$,DPT::MKG && CTR::$,,,,,different,TN_TN,failure,40,8,failure,failure,3571485.959,625856.816
SEC::HIG && DPT::$,DPT::MKG && CTR::EN,,,,,different,TN_TN,failure,20,4,failure,failure,1665521.757,313956.068
SEC::HIG && DPT::$,DPT::MKG && CTR::FR,,,,,different,TN_TN,failure,20,4,failure,failure,1663729.495,313632.546
SEC::HIG && DPT::$,SEC::$,,,,,different,TN_FP,failure,80,5,success,failure,3506644.944,410249.651
SEC::HIG && DPT::$,SEC::$ && CTR::$,,,,,different,TN_FP,failure,80,20,success,failure,3515766.499,1571968.845
SEC::HIG && DPT::$,SEC::$ && CTR::EN,,,,,different,TN_FP,failure,40,10,success,failure,1822726.829,779598.892
SEC::HIG && DPT::$,SEC::$ && CTR::FR,,,,,different,TN_FP,failure,40,10,success,failure,1963047.941,780545.758
SEC::HIG && DPT::$,SEC::$ && DPT::$,,,,,different,TP_TP,success,80,20,success,success,3653967.674,933558.833
SEC::HIG && DPT::$,SEC::$ && DPT::$ && CTR::$,,,,,same,same,success,80,80,success,success,3708411.532,3572677.535
SEC::HIG && DPT::$,SEC::$ && DPT::$ && CTR::EN,,,,,same,same,success,40,40,success,success,1751860.642,1806031.117
SEC::HIG && DPT::$,SEC::$ && DPT::$ && CTR::FR,,,,,same,same,success,40,40,success,success,1754112.837,1661285.115
SEC::HIG && DPT::$,SEC::$ && DPT::DEV,,,,,different,TN_TN,failure,40,10,failure,failure,3517938.322,780366.337
SEC::HIG && DPT::$,SEC::$ && DPT::DEV && CTR::$,,,,,same,same,failure,40,40,failure,failure,3401747.006,3189139.518
SEC::HIG && DPT::$,SEC::$ && DPT::DEV && CTR::EN,,,,,same,same,failure,20,20,failure,failure,1691688.019,1582056.151
SEC::HIG && DPT::$,SEC::$ && DPT::DEV && CTR::FR,,,,,same,same,failure,20,20,failure,failure,1699873.221,1584610.623
SEC::HIG && DPT::$,SEC::$ && DPT::MKG,,,,,different,TN_TN,failure,40,10,failure,failure,3385454.726,784221.363
SEC::HIG && DPT::$,SEC::$ && DPT::MKG && CTR::$,,,,,same,same,failure,40,40,failure,failure,3349494.604,3186473.331
SEC::HIG && DPT::$,SEC::$ && DPT::MKG && CTR::EN,,,,,same,same,failure,20,20,failure,failure,1672473.983,1589059.949
SEC::HIG && DPT::$,SEC::$ && DPT::MKG && CTR::FR,,,,,same,same,failure,20,20,failure,failure,1677341.102,1586818.594
SEC::HIG && DPT::$,SEC::HIG,,,,,different,TN_FP,failure,64,4,success,failure,2775948.339,316843.193
SEC::HIG && DPT::$,SEC::HIG && CTR::$,,,,,different,TN_FP,failure,64,16,success,failure,2801901.706,1259324.903
SEC::HIG && DPT::$,SEC::HIG && CTR::EN,,,,,different,TN_FP,failure,32,8,success,failure,1620294.828,630472.814
SEC::HIG && DPT::$,SEC::HIG && CTR::FR,,,,,different,TN_FP,failure,32,8,success,failure,1447727.144,627454.427
SEC::HIG && DPT::$,SEC::HIG && DPT::$,,,,,different,TP_TP,success,64,16,success,success,2856162.061,825978.098
SEC::HIG && DPT::$,SEC::HIG && DPT::$ && CTR::$,,,,,same,same,success,64,64,success,success,2763560.758,2895618.666
SEC::HIG && DPT::$,SEC::HIG && DPT::$ && CTR::EN,,,,,same,same,success,32,32,success,success,1517448.529,1415208.567
SEC::HIG && DPT::$,SEC::HIG && DPT::$ && CTR::FR,,,,,same,same,success,32,32,success,success,1467171.882,1361806.062
SEC::HIG && DPT::$,SEC::HIG && DPT::DEV,,,,,different,TN_TN,failure,32,8,failure,failure,2703383.211,626499.767
SEC::HIG && DPT::$,SEC::HIG && DPT::DEV && CTR::$,,,,,same,same,failure,32,32,failure,failure,2728022.768,2544085.618
SEC::HIG && DPT::$,SEC::HIG && DPT::DEV && CTR::EN,,,,,same,same,failure,16,16,failure,failure,1328490.125,1257437.117
SEC::HIG && DPT::$,SEC::HIG && DPT::DEV && CTR::FR,,,,,same,same,failure,16,16,failure,failure,1340745.518,1260542.282
SEC::HIG && DPT::$,SEC::HIG && DPT::MKG,,,,,different,TN_TN,failure,32,8,failure,failure,2661245.470,629864.488
SEC::HIG && DPT::$,SEC::HIG && DPT::MKG && CTR::$,,,,,same,same,failure,32,32,failure,failure,2736944.959,2536427.484
SEC::HIG && DPT::$,SEC::HIG && DPT::MKG && CTR::EN,,,,,same,same,failure,16,16,failure,failure,1329080.978,1259687.719
SEC::HIG && DPT::$,SEC::HIG && DPT::MKG && CTR::FR,,,,,same,same,failure,16,16,failure,failure,1360960.015,1254653.205
SEC::HIG && DPT::$,SEC::LOW,,,,,different,TN_TN,failure,32,2,failure,failure,2736997.137,158793.918
SEC::HIG && DPT::$,SEC::LOW && CTR::$,,,,,different,TN_TN,failure,32,8,failure,failure,2690284.245,630159.562
SEC::HIG && DPT::$,SEC::LOW && CTR::EN,,,,,different,TN_TN,failure,16,4,failure,failure,1326342.833,316709.483
SEC::HIG && DPT::$,SEC::LOW && CTR::FR,,,,,different,TN_TN,failure,16,4,failure,failure,1357506.292,321303.640
SEC::HIG && DPT::$,SEC::LOW && DPT::$,,,,,different,TN_TN,failure,32,8,failure,failure,2734596.108,632620.222
SEC::HIG && DPT::$,SEC::LOW && DPT::$ && CTR::$,,,,,same,same,failure,32,32,failure,failure,2773589.274,2560419.938
SEC::HIG && DPT::$,SEC::LOW && DPT::$ && CTR::EN,,,,,same,same,failure,16,16,failure,failure,1347965.772,1274247.925
SEC::HIG && DPT::$,SEC::LOW && DPT::$ && CTR::FR,,,,,same,same,failure,16,16,failure,failure,1360887.460,1289914.683
SEC::HIG && DPT::$,SEC::LOW && DPT::DEV,,,,,different,TN_TN,failure,16,4,failure,failure,1350773.438,316527.416
SEC::HIG && DPT::$,SEC::LOW && DPT::DEV && CTR::$,,,,,same,same,failure,16,16,failure,failure,1337799.762,1272469.489
SEC::HIG && DPT::$,SEC::LOW && DPT::DEV && CTR::EN,,,,,same,same,failure,8,8,failure,failure,658493.243,639445.760
SEC::HIG && DPT::$,SEC::LOW && DPT::DEV && CTR::FR,,,,,same,same,failure,8,8,failure,failure,671158.755,631403.610
SEC::HIG && DPT::$,SEC::LOW && DPT::MKG,,,,,different,TN_TN,failure,16,4,failure,failure,1391492.497,317532.186
SEC::HIG && DPT::$,SEC::LOW && DPT::MKG && CTR::$,,,,,same,same,failure,16,16,failure,failure,1574423.529,1321721.704
SEC::HIG && DPT::$,SEC::LOW && DPT::MKG && CTR::EN,,,,,same,same,failure,8,8,failure,failure,966937.307,628820.395
SEC::HIG && DPT::$,SEC::LOW && DPT::MKG && CTR::FR,,,,,same,same,failure,8,8,failure,failure,963271.787,628285.397
SEC::HIG && DPT::$,SEC::MED,,,,,different,TN_TN,failure,48,3,failure,failure,4109354.876,237036.767
SEC::HIG && DPT::$,SEC::MED && CTR::$,,,,,different,TN_TN,failure,48,12,failure,failure,4272526.486,970714.087
SEC::HIG && DPT::$,SEC::MED && CTR::EN,,,,,different,TN_TN,failure,24,6,failure,failure,2036731.759,472923.401
SEC::HIG && DPT::$,SEC::MED && CTR::FR,,,,,different,TN_TN,failure,24,6,failure,failure,2013851.527,479765.295
SEC::HIG && DPT::$,SEC::MED && DPT::$,,,,,different,TN_TN,failure,48,12,failure,failure,4026474.524,957334.450
SEC::HIG && DPT::$,SEC::MED && DPT::$ && CTR::$,,,,,same,same,failure,48,48,failure,failure,3997295.987,3834726.352
SEC::HIG && DPT::$,SEC::MED && DPT::$ && CTR::EN,,,,,same,same,failure,24,24,failure,failure,2013493.184,1952482.834
SEC::HIG && DPT::$,SEC::MED && DPT::$ && CTR::FR,,,,,same,same,failure,24,24,failure,failure,2073010.515,1928652.259
SEC::HIG && DPT::$,SEC::MED && DPT::DEV,,,,,different,TN_TN,failure,24,6,failure,failure,2065012.772,482539.704
SEC::HIG && DPT::$,SEC::MED && DPT::DEV && CTR::$,,,,,same,same,failure,24,24,failure,failure,2057710.075,1899674.178
SEC::HIG && DPT::$,SEC::MED && DPT::DEV && CTR::EN,,,,,same,same,failure,12,12,failure,failure,1082732.275,955708.750
SEC::HIG && DPT::$,SEC::MED && DPT::DEV && CTR::FR,,,,,same,same,failure,12,12,failure,failure,1005564.332,940468.959
SEC::HIG && DPT::$,SEC::MED && DPT::MKG,,,,,different,TN_TN,failure,24,6,failure,failure,2037099.454,484721.461
SEC::HIG && DPT::$,SEC::MED && DPT::MKG && CTR::$,,,,,same,same,failure,24,24,failure,failure,2155655.851,1975328.517
SEC::HIG && DPT::$,SEC::MED && DPT::MKG && CTR::EN,,,,,same,same,failure,12,12,failure,failure,1009062.439,945268.993
SEC::HIG && DPT::$,SEC::MED && DPT::MKG && CTR::FR,,,,,same,same,failure,12,12,failure,failure,1004122.317,962280.773
SEC::HIG && DPT::$ && CTR::$,CTR::$,,,,,different,TN_FP,failure,80,4,success,failure,3119136.199,296528.248
SEC::HIG && DPT::$ && CTR::$,CTR::EN,,,,,different,TN_TN,failure,40,2,failure,failure,3034551.830,147926.503
SEC::HIG && DPT::$ && CTR::$,CTR::FR,,,,,different,TN_TN,failure,40,2,failure,failure,3195581.511,147267.302
SEC::HIG && DPT::$ && CTR::$,DPT::$,,,,,different,TN_FP,failure,80,4,success,failure,3137757.573,294855.110
SEC::HIG && DPT::$ && CTR::$,DPT::$ && CTR::$,,,,,different,TN_FP,failure,80,16,success,failure,3421293.246,1199647.499
SEC::HIG && DPT::$ && CTR::$,DPT::$ && CTR::EN,,,,,different,TN_TN,failure,40,8,failure,failure,3044459.199,592800.656
SEC::HIG && DPT::$ && CTR::$,DPT::$ && CTR::FR,,,,,different,TN_TN,failure,40,8,failure,failure,3062011.763,589506.877
SEC::HIG && DPT::$ && CTR::$,DPT::DEV,,,,,different,TN_TN,failure,40,2,failure,failure,3064479.853,147795.738
SEC::HIG && DPT::$ && CTR::$,DPT::DEV && CTR::$,,,,,different,TN_TN,failure,40,8,failure,failure,3020645.811,593135.589
SEC::HIG && DPT::$ && CTR::$,DPT::DEV && CTR::EN,,,,,different,TN_TN,failure,20,4,failure,failure,1522325.812,296901.698
SEC::HIG && DPT::$ && CTR::$,DPT::DEV && CTR::FR,,,,,different,TN_TN,failure,20,4,failure,failure,1510225.580,295952.242
SEC::HIG && DPT::$ && CTR::$,DPT::MKG,,,,,different,TN_TN,failure,40,2,failure,failure,3110327.846,148387.633
SEC::HIG && DPT::$ && CTR::$,DPT::MKG && CTR::$,,,,,different,TN_TN,failure,40,8,failure,failure,3091789.023,593588.188
SEC::HIG && DPT::$ && CTR::$,DPT::MKG && CTR::EN,,,,,different,TN_TN,failure,20,4,failure,failure,1512641.667,294636.474
SEC::HIG && DPT::$ && CTR::$,DPT::MKG && CTR::FR,,,,,different,TN_TN,failure,20,4,failure,failure,1515944.106,294554.841
SEC::HIG && DPT::$ && CTR::$,SEC::$,,,,,different,TN_FP,failure,80,5,success,failure,3062459.322,374245.817
SEC::HIG && DPT::$ && CTR::$,SEC::$ && CTR::$,,,,,different,TN_FP,failure,80,20,success,failure,2906785.487,1525245.178
SEC::HIG && DPT::$ && CTR::$,SEC::$ && CTR::EN,,,,,different,TN_TN,failure,40,10,failure,failure,2895433.073,726811.858
SEC::HIG && DPT::$ && CTR::$,SEC::$ && CTR::FR,,,,,different,TN_TN,failure,40,10,failure,failure,2893138.183,731172.612
SEC::HIG && DPT::$ && CTR::$,SEC::$ && DPT::$,,,,,different,TN_FP,failure,80,20,success,failure,3061568.732,1441245.231
SEC::HIG && DPT::$ && CTR::$,SEC::$ && DPT::$ && CTR::$,,,,,same,same,success,80,80,success,success,3039768.740,3132034.999
SEC::HIG && DPT::$ && CTR::$,SEC::$ && DPT::$ && CTR::EN,,,,,same,same,failure,40,40,failure,failure,2950047.020,2891422.621
SEC::HIG && DPT::$ && CTR::$,SEC::$ && DPT::$ && CTR::FR,,,,,same,same,failure,40,40,failure,failure,3015545.615,2815220.655
SEC::HIG && DPT::$ && CTR::$,SEC::$ && DPT::DEV,,,,,different,TN_TN,failure,40,10,failure,failure,2915602.922,744866.784
SEC::HIG && DPT::$ && CTR::$,SEC::$ && DPT::DEV && CTR::$,,,,,same,same,failure,40,40,failure,failure,2971011.003,3033473.532
SEC::HIG && DPT::$ && CTR::$,SEC::$ && DPT::DEV && CTR::EN,,,,,same,same,failure,20,20,failure,failure,1443747.409,1506834.204
SEC::HIG && DPT::$ && CTR::$,SEC::$ && DPT::DEV && CTR::FR,,,,,same,same,failure,20,20,failure,failure,1437575.306,1523054.089
SEC::HIG && DPT::$ && CTR::$,SEC::$ && DPT::MKG,,,,,different,TN_TN,failure,40,10,failure,failure,3040175.799,731875.170
SEC::HIG && DPT::$ && CTR::$,SEC::$ && DPT::MKG && CTR::$,,,,,same,same,failure,40,40,failure,failure,2952162.819,2938500.357
SEC::HIG && DPT::$ && CTR::$,SEC::$ && DPT::MKG && CTR::EN,,,,,same,same,failure,20,20,failure,failure,1474999.525,1487441.388
SEC::HIG && DPT::$ && CTR::$,SEC::$ && DPT::MKG && CTR::FR,,,,,same,same,failure,20,20,failure,failure,1481515.312,1503705.025
SEC::HIG && DPT::$ && CTR::$,SEC::HIG,,,,,different,TN_FP,failure,64,4,success,failure,2569129.835,291441.601
SEC::HIG && DPT::$ && CTR::$,SEC::HIG && CTR::$,,,,,different,TN_FP,failure,64,16,success,failure,2435941.271,1181930.150
SEC::HIG && DPT::$ && CTR::$,SEC::HIG && CTR::EN,,,,,different,TN_TN,failure,32,8,failure,failure,2409559.907,587889.163
SEC::HIG && DPT::$ && CTR::$,SEC::HIG && CTR::FR,,,,,different,TN_TN,failure,32,8,failure,failure,2365458.669,587035.287
SEC::HIG && DPT::$ && CTR::$,SEC::HIG && DPT::$,,,,,different,TN_FP,failure,64,16,success,failure,2461124.959,1185088.785
SEC::HIG && DPT::$ && CTR::$,SEC::HIG && DPT::$ && CTR::$,,,,,same,same,success,64,64,success,success,2416424.288,2612098.343
SEC::HIG && DPT::$ && CTR::$,SEC::HIG && DPT::$ && CTR::EN,,,,,same,same,failure,32,32,failure,failure,2368293.161,2452909.244
SEC::HIG && DPT::$ && CTR::$,SEC::HIG && DPT::$ && CTR::FR,,,,,same,same,failure,32,32,failure,failure,2366624.581,2489466.431
SEC::HIG && DPT::$ && CTR::$,SEC::HIG && DPT::DEV,,,,,different,TN_TN,failure,32,8,failure,failure,2367907.447,586969.027
SEC::HIG && DPT::$ && CTR::$,SEC::HIG && DPT::DEV && CTR::$,,,,,same,same,failure,32,32,failure,failure,2374641.403,2385547.275
SEC::HIG && DPT::$ && CTR::$,SEC::HIG && DPT::DEV && CTR::EN,,,,,same,same,failure,16,16,failure,failure,1171152.829,1183514.577
SEC::HIG && DPT::$ && CTR::$,SEC::HIG && DPT::DEV && CTR::FR,,,,,same,same,failure,16,16,failure,failure,1170231.882,1180751.139
SEC::HIG && DPT::$ && CTR::$,SEC::HIG && DPT::MKG,,,,,different,TN_TN,failure,32,8,failure,failure,2404345.441,586116.147
SEC::HIG && DPT::$ && CTR::$,SEC::HIG && DPT::MKG && CTR::$,,,,,same,same,failure,32,32,failure,failure,2361085.967,2375732.585
SEC::HIG && DPT::$ && CTR::$,SEC::HIG && DPT::MKG && CTR::EN,,,,,same,same,failure,16,16,failure,failure,1177100.336,1197166.740
SEC::HIG && DPT::$ && CTR::$,SEC::HIG && DPT::MKG && CTR::FR,,,,,same,same,failure,16,16,failure,failure,1177469.292,1170291.755
SEC::HIG && DPT::$ && CTR::$,SEC::LOW,,,,,different,TN_TN,failure,32,2,failure,failure,2412349.854,149514.476
SEC::HIG && DPT::$ && CTR::$,SEC::LOW && CTR::$,,,,,different,TN_TN,failure,32,8,failure,failure,2468223.009,600155.843
SEC::HIG && DPT::$ && CTR::$,SEC::LOW && CTR::EN,,,,,different,TN_TN,failure,16,4,failure,failure,1206245.515,299978.630
SEC::HIG && DPT::$ && CTR::$,SEC::LOW && CTR::FR,,,,,different,TN_TN,failure,16,4,failure,failure,1207059.938,298184.259
SEC::HIG && DPT::$ && CTR::$,SEC::LOW && DPT::$,,,,,different,TN_TN,failure,32,8,failure,failure,2461464.997,590505.120
SEC::HIG && DPT::$ && CTR::$,SEC::LOW && DPT::$ && CTR::$,,,,,same,same,failure,32,32,failure,failure,2441230.788,2415547.933
SEC::HIG && DPT::$ && CTR::$,SEC::LOW && DPT::$ && CTR::EN,,,,,same,same,failure,16,16,failure,failure,1196125.347,1191808.094
SEC::HIG && DPT::$ && CTR::$,SEC::LOW && DPT::$ && CTR::FR,,,,,same,same,failure,16,16,failure,failure,1195301.261,1204097.050
SEC::HIG && DPT::$ && CTR::$,SEC::LOW && DPT::DEV,,,,,different,TN_TN,failure,16,4,failure,failure,1201719.215,299362.610
SEC::HIG && DPT::$ && CTR::$,SEC::LOW && DPT::DEV && CTR::$,,,,,same,same,failure,16,16,failure,failure,1192240.810,1201854.819
SEC::HIG && DPT::$ && CTR::$,SEC::LOW && DPT::DEV && CTR::EN,,,,,same,same,failure,8,8,failure,failure,592451.135,598520.129
SEC::HIG && DPT::$ && CTR::$,SEC::LOW && DPT::DEV && CTR::FR,,,,,same,same,failure,8,8,failure,failure,592351.057,591331.946
SEC::HIG && DPT::$ && CTR::$,SEC::LOW && DPT::MKG,,,,,different,TN_TN,failure,16,4,failure,failure,1206106.349,294576.622
SEC::HIG && DPT::$ && CTR::$,SEC::LOW && DPT::MKG && CTR::$,,,,,same,same,failure,16,16,failure,failure,1204097.079,1189392.693
SEC::HIG && DPT::$ && CTR::$,SEC::LOW && DPT::MKG && CTR::EN,,,,,same,same,failure,8,8,failure,failure,592228.818,591335.944
SEC::HIG && DPT::$ && CTR::$,SEC::LOW && DPT::MKG && CTR::FR,,,,,same,same,failure,8,8,failure,failure,598958.130,596254.294
SEC::HIG && DPT::$ && CTR::$,SEC::MED,,,,,different,TN_TN,failure,48,3,failure,failure,3594657.163,240867.557
SEC::HIG && DPT::$ && CTR::$,SEC::MED && CTR::$,,,,,different,TN_TN,failure,48,12,failure,failure,3688676.965,892336.199
SEC::HIG && DPT::$ && CTR::$,SEC::MED && CTR::EN,,,,,different,TN_TN,failure,24,6,failure,failure,1798396.467,443806.455
SEC::HIG && DPT::$ && CTR::$,SEC::MED && CTR::FR,,,,,different,TN_TN,failure,24,6,failure,failure,1828450.646,443587.920
SEC::HIG && DPT::$ && CTR::$,SEC::MED && DPT::$,,,,,different,TN_TN,failure,48,12,failure,failure,4249462.874,893271.269
SEC::HIG && DPT::$ && CTR::$,SEC::MED && DPT::$ && CTR::$,,,,,same,same,failure,48,48,failure,failure,3688777.780,3594970.866
SEC::HIG && DPT::$ && CTR::$,SEC::MED && DPT::$ && CTR::EN,,,,,same,same,failure,24,24,failure,failure,1817901.629,1817797.303
SEC::HIG && DPT::$ && CTR::$,SEC::MED && DPT::$ && CTR::FR,,,,,same,same,failure,24,24,failure,failure,1821607.079,1807135.083
SEC::HIG && DPT::$ && CTR::$,SEC::MED && DPT::DEV,,,,,different,TN_TN,failure,24,6,failure,failure,1837414.425,444781.163
SEC::HIG && DPT::$ && CTR::$,SEC::MED && DPT::DEV && CTR::$,,,,,same,same,failure,24,24,failure,failure,2657851.920,1807981.516
SEC::HIG && DPT::$ && CTR::$,SEC::MED && DPT::DEV && CTR::EN,,,,,same,same,failure,12,12,failure,failure,1240054.887,890979.825
SEC::HIG && DPT::$ && CTR::$,SEC::MED && DPT::DEV && CTR::FR,,,,,same,same,failure,12,12,failure,failure,1318809.046,897359.702
SEC::HIG && DPT::$ && CTR::$,SEC::MED && DPT::MKG,,,,,different,TN_TN,failure,24,6,failure,failure,1839955.867,442064.242
SEC::HIG && DPT::$ && CTR::$,SEC::MED && DPT::MKG && CTR::$,,,,,same,same,failure,24,24,failure,failure,2318591.607,1806571.782
SEC::HIG && DPT::$ && CTR::$,SEC::MED && DPT::MKG && CTR::EN,,,,,same,same,failure,12,12,failure,failure,915182.142,893468.203
SEC::HIG && DPT::$ && CTR::$,SEC::MED && DPT::MKG && CTR::FR,,,,,same,same,failure,12,12,failure,failure,892718.336,891034.728
SEC::HIG && DPT::$ && CTR::EN,CTR::$,,,,,different,TN_FP,failure,80,4,success,failure,3114192.672,299195.716
SEC::HIG && DPT::$ && CTR::EN,CTR::EN,,,,,different,TN_FP,failure,40,2,success,failure,1697349.413,151448.029
SEC::HIG && DPT::$ && CTR::EN,CTR::FR,,,,,different,TN_TN,failure,40,2,failure,failure,3070793.921,149711.402
SEC::HIG && DPT::$ && CTR::EN,DPT::$,,,,,different,TN_FP,failure,80,4,success,failure,3742173.516,296838.024
SEC::HIG && DPT::$ && CTR::EN,DPT::$ && CTR::$,,,,,different,TN_FP,failure,80,16,success,failure,3770931.374,1207408.556
SEC::HIG && DPT::$ && CTR::EN,DPT::$ && CTR::EN,,,,,different,TN_FP,failure,40,8,success,failure,2442510.865,593781.485
SEC::HIG && DPT::$ && CTR::EN,DPT::$ && CTR::FR,,,,,different,TN_TN,failure,40,8,failure,failure,4572276.737,593849.223
SEC::HIG && DPT::$ && CTR::EN,DPT::DEV,,,,,different,TN_TN,failure,40,2,failure,failure,3070484.104,148663.630
SEC::HIG && DPT::$ && CTR::EN,DPT::DEV && CTR::$,,,,,different,TN_TN,failure,40,8,failure,failure,3106639.107,602627.318
SEC::HIG && DPT::$ && CTR::EN,DPT::DEV && CTR::EN,,,,,different,TN_TN,failure,20,4,failure,failure,1527886.267,299462.221
SEC::HIG && DPT::$ && CTR::EN,DPT::DEV && CTR::FR,,,,,different,TN_TN,failure,20,4,failure,failure,1528526.127,301025.584
SEC::HIG && DPT::$ && CTR::EN,DPT::MKG,,,,,different,TN_TN,failure,40,2,failure,failure,3105879.152,149857.510
SEC::HIG && DPT::$ && CTR::EN,DPT::MKG && CTR::$,,,,,different,TN_TN,failure,40,8,failure,failure,3051930.178,598885.945
SEC::HIG && DPT::$ && CTR::EN,DPT::MKG && CTR::EN,,,,,different,TN_TN,failure,20,4,failure,failure,1515133.742,297408.464
SEC::HIG && DPT::$ && CTR::EN,DPT::MKG && CTR::FR,,,,,different,TN_TN,failure,20,4,failure,failure,1514086.552,298131.095
SEC::HIG && DPT::$ && CTR::EN,SEC::$,,,,,different,TN_FP,failure,80,5,success,failure,3456941.207,371457.041
SEC::HIG && DPT::$ && CTR::EN,SEC::$ && CTR::$,,,,,different,TN_FP,failure,80,20,success,failure,3140735.599,1470970.097
SEC::HIG && DPT::$ && CTR::EN,SEC::$ && CTR::EN,,,,,different,TN_FP,failure,40,10,success,failure,1700063.764,730584.875
SEC::HIG && DPT::$ && CTR::EN,SEC::$ && CTR::FR,,,,,different,TN_TN,failure,40,10,failure,failure,3113639.574,728040.868
SEC::HIG && DPT::$ && CTR::EN,SEC::$ && DPT::$,,,,,different,TN_FP,failure,80,20,success,failure,3263882.051,1492246.752
SEC::HIG && DPT::$ && CTR::EN,SEC::$ && DPT::$ && CTR::$,,,,,same,same,success,80,80,success,success,3032561.492,3063946.652
SEC::HIG && DPT::$ && CTR::EN,SEC::$ && DPT::$ && CTR::EN,,,,,same,same,success,40,40,success,success,1598593.917,1654903.219
SEC::HIG && DPT::$ && CTR::EN,SEC::$ && DPT::$ && CTR::FR,,,,,same,same,failure,40,40,failure,failure,2976282.847,3177566.249
SEC::HIG && DPT::$ && CTR::EN,SEC::$ && DPT::DEV,,,,,different,TN_TN,failure,40,10,failure,failure,3013684.718,727471.600
SEC::HIG && DPT::$ && CTR::EN,SEC::$ && DPT::DEV && CTR::$,,,,,same,same,failure,40,40,failure,failure,3104793.982,2963767.832
SEC::HIG && DPT::$ && CTR::EN,SEC::$ && DPT::DEV && CTR::EN,,,,,same,same,failure,20,20,failure,failure,1481397.721,1470794.333
SEC::HIG && DPT::$ && CTR::EN,SEC::$ && DPT::DEV && CTR::FR,,,,,same,same,failure,20,20,failure,failure,1529708.620,1470106.262
SEC::HIG && DPT::$ && CTR::EN,SEC::$ && DPT::MKG,,,,,different,TN_TN,failure,40,10,failure,failure,3063927.381,727044.478
SEC::HIG && DPT::$ && CTR::EN,SEC::$ && DPT::MKG && CTR::$,,,,,same,same,failure,40,40,failure,failure,2996265.374,2971459.530
SEC::HIG && DPT::$ && CTR::EN,SEC::$ && DPT::MKG && CTR::EN,,,,,same,same,failure,20,20,failure,failure,1503778.282,1477680.484
SEC::HIG && DPT::$ && CTR::EN,SEC::$ && DPT::MKG && CTR::FR,,,,,same,same,failure,20,20,failure,failure,1508644.264,1483531.439
SEC::HIG && DPT::$ && CTR::EN,SEC::HIG,,,,,different,TN_FP,failure,64,4,success,failure,2548853.797,296104.198
SEC::HIG && DPT::$ && CTR::EN,SEC::HIG && CTR::$,,,,,different,TN_FP,failure,64,16,success,failure,2666481.783,1197355.971
SEC::HIG && DPT::$ && CTR::EN,SEC::HIG && CTR::EN,,,,,different,TN_FP,failure,32,8,success,failure,1410022.660,593860.169
SEC::HIG && DPT::$ && CTR::EN,SEC::HIG && CTR::FR,,,,,different,TN_TN,failure,32,8,failure,failure,2448430.909,592782.958
SEC::HIG && DPT::$ && CTR::EN,SEC::HIG && DPT::$,,,,,different,TN_FP,failure,64,16,success,failure,2525233.907,1197491.915
SEC::HIG && DPT::$ && CTR::EN,SEC::HIG && DPT::$ && CTR::$,,,,,same,same,success,64,64,success,success,2570290.998,2570274.146
SEC::HIG && DPT::$ && CTR::EN,SEC::HIG && DPT::$ && CTR::EN,,,,,same,same,success,32,32,success,success,1349464.548,1294949.160
SEC::HIG && DPT::$ && CTR::EN,SEC::HIG && DPT::$ && CTR::FR,,,,,same,same,failure,32,32,failure,failure,2488046.813,2431881.547
SEC::HIG && DPT::$ && CTR::EN,SEC::HIG && DPT::DEV,,,,,different,TN_TN,failure,32,8,failure,failure,2456321.434,597730.939
SEC::HIG && DPT::$ && CTR::EN,SEC::HIG && DPT::DEV && CTR::$,,,,,same,same,failure,32,32,failure,failure,2469314.336,2447769.533
SEC::HIG && DPT::$ && CTR::EN,SEC::HIG && DPT::DEV && CTR::EN,,,,,same,same,failure,16,16,failure,failure,1217158.249,1209054.965
SEC::HIG && DPT::$ && CTR::EN,SEC::HIG && DPT::DEV && CTR::FR,,,,,same,same,failure,16,16,failure,failure,1750360.518,1203258.076
SEC::HIG && DPT::$ && CTR::EN,SEC::HIG && DPT::MKG,,,,,different,TN_TN,failure,32,8,failure,failure,2454293.169,594964.510
SEC::HIG && DPT::$ && CTR::EN,SEC::HIG && DPT::MKG && CTR::$,,,,,same,same,failure,32,32,failure,failure,2393344.856,2435332.305
SEC::HIG && DPT::$ && CTR::EN,SEC::HIG && DPT::MKG && CTR::EN,,,,,same,same,failure,16,16,failure,failure,1221031.004,1200803.683
SEC::HIG && DPT::$ && CTR::EN,SEC::HIG && DPT::MKG && CTR::FR,,,,,same,same,failure,16,16,failure,failure,1194167.835,1203878.200
SEC::HIG && DPT::$ && CTR::EN,SEC::LOW,,,,,different,TN_TN,failure,32,2,failure,failure,2486199.799,149468.100
SEC::HIG && DPT::$ && CTR::EN,SEC::LOW && CTR::$,,,,,different,TN_TN,failure,32,8,failure,failure,2438097.947,597389.598
SEC::HIG && DPT::$ && CTR::EN,SEC::LOW && CTR::EN,,,,,different,TN_TN,failure,16,4,failure,failure,1238800.615,298186.558
SEC::HIG && DPT::$ && CTR::EN,SEC::LOW && CTR::FR,,,,,different,TN_TN,failure,16,4,failure,failure,1213441.177,298578.850
SEC::HIG && DPT::$ && CTR::EN,SEC::LOW && DPT::$,,,,,different,TN_TN,failure,32,8,failure,failure,2441270.362,601508.054
SEC::HIG && DPT::$ && CTR::EN,SEC::LOW && DPT::$ && CTR::$,,,,,same,same,failure,32,32,failure,failure,2465370.649,2419612.127
SEC::HIG && DPT::$ && CTR::EN,SEC::LOW && DPT::$ && CTR::EN,,,,,same,same,failure,16,16,failure,failure,1224581.539,1212372.062
SEC::HIG && DPT::$ && CTR::EN,SEC::LOW && DPT::$ && CTR::FR,,,,,same,same,failure,16,16,failure,failure,1231612.827,1198533.694
SEC::HIG && DPT::$ && CTR::EN,SEC::LOW && DPT::DEV,,,,,different,TN_TN,failure,16,4,failure,failure,1216467.789,299407.394
SEC::HIG && DPT::$ && CTR::EN,SEC::LOW && DPT::DEV && CTR::$,,,,,same,same,failure,16,16,failure,failure,1225554.759,1201169.824
SEC::HIG && DPT::$ && CTR::EN,SEC::LOW && DPT::DEV && CTR::EN,,,,,same,same,failure,8,8,failure,failure,601748.319,595088.116
SEC::HIG && DPT::$ && CTR::EN,SEC::LOW && DPT::DEV && CTR::FR,,,,,same,same,failure,8,8,failure,failure,607119.995,596130.596
SEC::HIG && DPT::$ && CTR::EN,SEC::LOW && DPT::MKG,,,,,different,TN_TN,failure,16,4,failure,failure,1216860.781,296425.715
SEC::HIG && DPT::$ && CTR::EN,SEC::LOW && DPT::MKG && CTR::$,,,,,same,same,failure,16,16,failure,failure,1221387.367,1207368.070
SEC::HIG && DPT::$ && CTR::EN,SEC::LOW && DPT::MKG && CTR::EN,,,,,same,same,failure,8,8,failure,failure,600331.687,596343.757
SEC::HIG && DPT::$ && CTR::EN,SEC::LOW && DPT::MKG && CTR::FR,,,,,same,same,failure,8,8,failure,failure,603196.792,597504.264
SEC::HIG && DPT::$ && CTR::EN,SEC::MED,,,,,different,TN_TN,failure,48,3,failure,failure,3705449.701,222519.661
SEC::HIG && DPT::$ && CTR::EN,SEC::MED && CTR::$,,,,,different,TN_TN,failure,48,12,failure,failure,3666410.063,899376.796
SEC::HIG && DPT::$ && CTR::EN,SEC::MED && CTR::EN,,,,,different,TN_TN,failure,24,6,failure,failure,1844391.712,446472.350
SEC::HIG && DPT::$ && CTR::EN,SEC::MED && CTR::FR,,,,,different,TN_TN,failure,24,6,failure,failure,1817573.879,445752.129
SEC::HIG && DPT::$ && CTR::EN,SEC::MED && DPT::$,,,,,different,TN_TN,failure,48,12,failure,failure,3692017.291,900637.130
SEC::HIG && DPT::$ && CTR::EN,SEC::MED && DPT::$ && CTR::$,,,,,same,same,failure,48,48,failure,failure,3656341.141,3674429.766
SEC::HIG && DPT::$ && CTR::EN,SEC::MED && DPT::$ && CTR::EN,,,,,same,same,failure,24,24,failure,failure,1847844.349,1828257.854
SEC::HIG && DPT::$ && CTR::EN,SEC::MED && DPT::$ && CTR::FR,,,,,same,same,failure,24,24,failure,failure,1847911.931,1820183.654
SEC::HIG && DPT::$ && CTR::EN,SEC::MED && DPT::DEV,,,,,different,TN_TN,failure,24,6,failure,failure,1856199.737,449897.105
SEC::HIG && DPT::$ && CTR::EN,SEC::MED && DPT::DEV && CTR::$,,,,,same,same,failure,24,24,failure,failure,1839274.113,1818529.120
SEC::HIG && DPT::$ && CTR::EN,SEC::MED && DPT::DEV && CTR::EN,,,,,same,same,failure,12,12,failure,failure,901353.699,900847.505
SEC::HIG && DPT::$ && CTR::EN,SEC::MED && DPT::DEV && CTR::FR,,,,,same,same,failure,12,12,failure,failure,899368.350,903180.025
SEC::HIG && DPT::$ && CTR::EN,SEC::MED && DPT::MKG,,,,,different,TN_TN,failure,24,6,failure,failure,1860621.150,448432.067
SEC::HIG && DPT::$ && CTR::EN,SEC::MED && DPT::MKG && CTR::$,,,,,same,same,failure,24,24,failure,failure,1826833.433,1815527.986
SEC::HIG && DPT::$ && CTR::EN,SEC::MED && DPT::MKG && CTR::EN,,,,,same,same,failure,12,12,failure,failure,902110.253,900329.699
SEC::HIG && DPT::$ && CTR::EN,SEC::MED && DPT::MKG && CTR::FR,,,,,same,same,failure,12,12,failure,failure,901928.843,895277.301
SEC::HIG && DPT::$ && CTR::FR,CTR::$,,,,,different,TN_FP,failure,80,4,success,failure,3442997.737,298054.601
SEC::HIG && DPT::$ && CTR::FR,CTR::EN,,,,,different,TN_TN,failure,40,2,failure,failure,3328015.018,149508.305
SEC::HIG && DPT::$ && CTR::FR,CTR::FR,,,,,different,TN_FP,failure,40,2,success,failure,1856322.732,149016.903
SEC::HIG && DPT::$ && CTR::FR,DPT::$,,,,,different,TN_FP,failure,80,4,success,failure,3406299.335,298501.725
SEC::HIG && DPT::$ && CTR::FR,DPT::$ && CTR::$,,,,,different,TN_FP,failure,80,16,success,failure,3382847.706,1196404.130
SEC::HIG && DPT::$ && CTR::FR,DPT::$ && CTR::EN,,,,,different,TN_TN,failure,40,8,failure,failure,3337486.038,598103.397
SEC::HIG && DPT::$ && CTR::FR,DPT::$ && CTR::FR,,,,,different,TN_FP,failure,40,8,success,failure,1854240.722,599552.355
SEC::HIG && DPT::$ && CTR::FR,DPT::DEV,,,,,different,TN_TN,failure,40,2,failure,failure,3380545.072,148896.998
SEC::HIG && DPT::$ && CTR::FR,DPT::DEV && CTR::$,,,,,different,TN_TN,failure,40,8,failure,failure,3375353.002,602127.100
SEC::HIG && DPT::$ && CTR::FR,DPT::DEV && CTR::EN,,,,,different,TN_TN,failure,20,4,failure,failure,1666366.066,298938.985
SEC::HIG && DPT::$ && CTR::FR,DPT::DEV && CTR::FR,,,,,different,TN_TN,failure,20,4,failure,failure,1677141.754,299009.547
SEC::HIG && DPT::$ && CTR::FR,DPT::MKG,,,,,different,TN_TN,failure,40,2,failure,failure,3378101.353,149911.060
SEC::HIG && DPT::$ && CTR::FR,DPT::MKG && CTR::$,,,,,different,TN_TN,failure,40,8,failure,failure,3343913.600,600681.569
SEC::HIG && DPT::$ && CTR::FR,DPT::MKG && CTR::EN,,,,,different,TN_TN,failure,20,4,failure,failure,1655495.806,299973.460
SEC::HIG && DPT::$ && CTR::FR,DPT::MKG && CTR::FR,,,,,different,TN_TN,failure,20,4,failure,failure,1656260.235,299580.047
SEC::HIG && DPT::$ && CTR::FR,SEC::$,,,,,different,TN_FP,failure,80,5,success,failure,3406223.994,369691.920
SEC::HIG && DPT::$ && CTR::FR,SEC::$ && CTR::$,,,,,different,TN_FP,failure,80,20,success,failure,3447021.084,1502273.895
SEC::HIG && DPT::$ && CTR::FR,SEC::$ && CTR::EN,,,,,different,TN_TN,failure,40,10,failure,failure,4506301.459,742349.467
SEC::HIG && DPT::$ && CTR::FR,SEC::$ && CTR::FR,,,,,different,TN_FP,failure,40,10,success,failure,1904861.183,741710.524
SEC::HIG && DPT::$ && CTR::FR,SEC::$ && DPT::$,,,,,different,TN_FP,failure,80,20,success,failure,3216235.814,1476838.835
SEC::HIG && DPT::$ && CTR::FR,SEC::$ && DPT::$ && CTR::$,,,,,same,same,success,80,80,success,success,3086833.197,3157518.750
SEC::HIG && DPT::$ && CTR::FR,SEC::$ && DPT::$ && CTR::EN,,,,,same,same,failure,40,40,failure,failure,3255521.544,2971686.060
SEC::HIG && DPT::$ && CTR::FR,SEC::$ && DPT::$ && CTR::FR,,,,,same,same,success,40,40,success,success,1800432.195,1612123.104
SEC::HIG && DPT::$ && CTR::FR,SEC::$ && DPT::DEV,,,,,different,TN_TN,failure,40,10,failure,failure,3224213.743,750028.471
SEC::HIG && DPT::$ && CTR::FR,SEC::$ && DPT::DEV && CTR::$,,,,,same,same,failure,40,40,failure,failure,3294186.755,2974591.084
SEC::HIG && DPT::$ && CTR::FR,SEC::$ && DPT::DEV && CTR::EN,,,,,same,same,failure,20,20,failure,failure,1651396.091,1501850.085
SEC::HIG && DPT::$ && CTR::FR,SEC::$ && DPT::DEV && CTR::FR,,,,,same,same,failure,20,20,failure,failure,1666041.517,1481539.197
SEC::HIG && DPT::$ && CTR::FR,SEC::$ && DPT::MKG,,,,,different,TN_TN,failure,40,10,failure,failure,3266416.195,731696.129
SEC::HIG && DPT::$ && CTR::FR,SEC::$ && DPT::MKG && CTR::$,,,,,same,same,failure,40,40,failure,failure,3306491.270,2992984.755
SEC::HIG && DPT::$ && CTR::FR,SEC::$ && DPT::MKG && CTR::EN,,,,,same,same,failure,20,20,failure,failure,1610492.451,1482047.831
SEC::HIG && DPT::$ && CTR::FR,SEC::$ && DPT::MKG && CTR::FR,,,,,same,same,failure,20,20,failure,failure,1635210.957,1479814.552
SEC::HIG && DPT::$ && CTR::FR,SEC::HIG,,,,,different,TN_FP,failure,64,4,success,failure,2959263.062,298847.894
SEC::HIG && DPT::$ && CTR::FR,SEC::HIG && CTR::$,,,,,different,TN_FP,failure,64,16,success,failure,2658562.528,1211204.532
SEC::HIG && DPT::$ && CTR::FR,SEC::HIG && CTR::EN,,,,,different,TN_TN,failure,32,8,failure,failure,2621520.592,596932.701
SEC::HIG && DPT::$ && CTR::FR,SEC::HIG && CTR::FR,,,,,different,TN_FP,failure,32,8,success,failure,1492914.123,592264.870
SEC::HIG && DPT::$ && CTR::FR,SEC::HIG && DPT::$,,,,,different,TN_FP,failure,64,16,success,failure,2641455.194,1204225.877
SEC::HIG && DPT::$ && CTR::FR,SEC::HIG && DPT::$ && CTR::$,,,,,same,same,success,64,64,success,success,2728955.228,2685004.722
SEC::HIG && DPT::$ && CTR::FR,SEC::HIG && DPT::$ && CTR::EN,,,,,same,same,failure,32,32,failure,failure,2572820.001,2434771.748
SEC::HIG && DPT::$ && CTR::FR,SEC::HIG && DPT::$ && CTR::FR,,,,,same,same,success,32,32,success,success,1409690.782,1329850.447
SEC::HIG && DPT::$ && CTR::FR,SEC::HIG && DPT::DEV,,,,,different,TN_TN,failure,32,8,failure,failure,2618575.953,599129.718
SEC::HIG && DPT::$ && CTR::FR,SEC::HIG && DPT::DEV && CTR::$,,,,,same,same,failure,32,32,failure,failure,2571719.402,2420134.687
SEC::HIG && DPT::$ && CTR::FR,SEC::HIG && DPT::DEV && CTR::EN,,,,,same,same,failure,16,16,failure,failure,1295487.270,1197316.100
SEC::HIG && DPT::$ && CTR::FR,SEC::HIG && DPT::DEV && CTR::FR,,,,,same,same,failure,16,16,failure,failure,1293322.049,1202200.492
SEC::HIG && DPT::$ && CTR::FR,SEC::HIG && DPT::MKG,,,,,different,TN_TN,failure,32,8,failure,failure,2545300.322,592700.338
SEC::HIG && DPT::$ && CTR::FR,SEC::HIG && DPT::MKG && CTR::$,,,,,same,same,failure,32,32,failure,failure,2546306.193,2428185.729
SEC::HIG && DPT::$ && CTR::FR,SEC::HIG && DPT::MKG && CTR::EN,,,,,same,same,failure,16,16,failure,failure,1265514.924,1200336.225
SEC::HIG && DPT::$ && CTR::FR,SEC::HIG && DPT::MKG && CTR::FR,,,,,same,same,failure,16,16,failure,failure,1263408.789,1205945.607
SEC::HIG && DPT::$ && CTR::FR,SEC::LOW,,,,,different,TN_TN,failure,32,2,failure,failure,2693831.970,147581.586
SEC::HIG && DPT::$ && CTR::FR,SEC::LOW && CTR::$,,,,,different,TN_TN,failure,32,8,failure,failure,2666654.231,591778.644
SEC::HIG && DPT::$ && CTR::FR,SEC::LOW && CTR::EN,,,,,different,TN_TN,failure,16,4,failure,failure,1329430.795,296370.963
SEC::HIG && DPT::$ && CTR::FR,SEC::LOW && CTR::FR,,,,,different,TN_TN,failure,16,4,failure,failure,1329252.210,295683.438
SEC::HIG && DPT::$ && CTR::FR,SEC::LOW && DPT::$,,,,,different,TN_TN,failure,32,8,failure,failure,2704847.643,597642.177
SEC::HIG && DPT::$ && CTR::FR,SEC::LOW && DPT::$ && CTR::$,,,,,same,same,failure,32,32,failure,failure,2662938.512,2427919.920
SEC::HIG && DPT::$ && CTR::FR,SEC::LOW && DPT::$ && CTR::EN,,,,,same,same,failure,16,16,failure,failure,1334516.018,1209354.988
SEC::HIG && DPT::$ && CTR::FR,SEC::LOW && DPT::$ && CTR::FR,,,,,same,same,failure,16,16,failure,failure,1313223.434,1202459.338
SEC::HIG && DPT::$ && CTR::FR,SEC::LOW && DPT::DEV,,,,,different,TN_TN,failure,16,4,failure,failure,1293988.108,294815.851
SEC::HIG && DPT::$ && CTR::FR,SEC::LOW && DPT::DEV && CTR::$,,,,,same,same,failure,16,16,failure,failure,1332319.633,1194813.766
SEC::HIG && DPT::$ && CTR::FR,SEC::LOW && DPT::DEV && CTR::EN,,,,,same,same,failure,8,8,failure,failure,670355.073,591672.790
SEC::HIG && DPT::$ && CTR::FR,SEC::LOW && DPT::DEV && CTR::FR,,,,,same,same,failure,8,8,failure,failure,645949.204,590748.231
SEC::HIG && DPT::$ && CTR::FR,SEC::LOW && DPT::MKG,,,,,different,TN_TN,failure,16,4,failure,failure,1338984.129,298349.850
SEC::HIG && DPT::$ && CTR::FR,SEC::LOW && DPT::MKG && CTR::$,,,,,same,same,failure,16,16,failure,failure,1339148.948,1200356.008
SEC::HIG && DPT::$ && CTR::FR,SEC::LOW && DPT::MKG && CTR::EN,,,,,same,same,failure,8,8,failure,failure,687894.613,597792.709
SEC::HIG && DPT::$ && CTR::FR,SEC::LOW && DPT::MKG && CTR::FR,,,,,same,same,failure,8,8,failure,failure,671430.015,595211.227
SEC::HIG && DPT::$ && CTR::FR,SEC::MED,,,,,different,TN_TN,failure,48,3,failure,failure,4052099.140,222894.570
SEC::HIG && DPT::$ && CTR::FR,SEC::MED && CTR::$,,,,,different,TN_TN,failure,48,12,failure,failure,3966623.258,896877.553
SEC::HIG && DPT::$ && CTR::FR,SEC::MED && CTR::EN,,,,,different,TN_TN,failure,24,6,failure,failure,1981404.509,447641.318
SEC::HIG && DPT::$ && CTR::FR,SEC::MED && CTR::FR,,,,,different,TN_TN,failure,24,6,failure,failure,1974057.984,447031.444
SEC::HIG && DPT::$ && CTR::FR,SEC::MED && DPT::$,,,,,different,TN_TN,failure,48,12,failure,failure,3909717.176,898694.516
SEC::HIG && DPT::$ && CTR::FR,SEC::MED && DPT::$ && CTR::$,,,,,same,same,failure,48,48,failure,failure,3936193.459,3659544.159
SEC::HIG && DPT::$ && CTR::FR,SEC::MED && DPT::$ && CTR::EN,,,,,same,same,failure,24,24,failure,failure,1955627.212,1812519.583
SEC::HIG && DPT::$ && CTR::FR,SEC::MED && DPT::$ && CTR::FR,,,,,same,same,failure,24,24,failure,failure,1948268.775,1799892.779
SEC::HIG && DPT::$ && CTR::FR,SEC::MED && DPT::DEV,,,,,different,TN_TN,failure,24,6,failure,failure,2022636.610,445853.369
SEC::HIG && DPT::$ && CTR::FR,SEC::MED && DPT::DEV && CTR::$,,,,,same,same,failure,24,24,failure,failure,1999494.691,1814608.782
SEC::HIG && DPT::$ && CTR::FR,SEC::MED && DPT::DEV && CTR::EN,,,,,same,same,failure,12,12,failure,failure,1010996.542,896471.782
SEC::HIG && DPT::$ && CTR::FR,SEC::MED && DPT::DEV && CTR::FR,,,,,same,same,failure,12,12,failure,failure,1014730.806,897438.926
SEC::HIG && DPT::$ && CTR::FR,SEC::MED && DPT::MKG,,,,,different,TN_TN,failure,24,6,failure,failure,1968244.329,449855.772
SEC::HIG && DPT::$ && CTR::FR,SEC::MED && DPT::MKG && CTR::$,,,,,same,same,failure,24,24,failure,failure,1971530.613,1824103.211
SEC::HIG && DPT::$ && CTR::FR,SEC::MED && DPT::MKG && CTR::EN,,,,,same,same,failure,12,12,failure,failure,972717.880,901355.512
SEC::HIG && DPT::$ && CTR::FR,SEC::MED && DPT::MKG && CTR::FR,,,,,same,same,failure,12,12,failure,failure,1002282.792,899995.581
SEC::HIG && DPT::DEV,CTR::$,,,,,different,TN_FP,failure,80,4,success,failure,3153502.612,308046.894
SEC::HIG && DPT::DEV,CTR::EN,,,,,different,TN_FP,failure,40,2,success,failure,1615730.136,215998.184
SEC::HIG && DPT::DEV,CTR::FR,,,,,different,TN_FP,failure,40,2,success,failure,1713370.951,185950.166
SEC::HIG && DPT::DEV,DPT::$,,,,,different,TN_FP,failure,80,4,success,failure,3211297.004,295046.874
SEC::HIG && DPT::DEV,DPT::$ && CTR::$,,,,,different,TN_FP,failure,80,16,success,failure,3176215.265,1191931.756
SEC::HIG && DPT::DEV,DPT::$ && CTR::EN,,,,,different,TN_FP,failure,40,8,success,failure,1709485.166,596176.863
SEC::HIG && DPT::DEV,DPT::$ && CTR::FR,,,,,different,TN_FP,failure,40,8,success,failure,1623171.934,605288.240
SEC::HIG && DPT::DEV,DPT::DEV,,,,,different,TN_FP,failure,40,2,success,failure,1600120.987,149207.331
SEC::HIG && DPT::DEV,DPT::DEV && CTR::$,,,,,different,TN_FP,failure,40,8,success,failure,1616037.722,592441.923
SEC::HIG && DPT::DEV,DPT::DEV && CTR::EN,,,,,different,TN_FP,failure,20,4,success,failure,930266.798,298109.669
SEC::HIG && DPT::DEV,DPT::DEV && CTR::FR,,,,,different,TN_FP,failure,20,4,success,failure,877688.745,297892.502
SEC::HIG && DPT::DEV,DPT::MKG,,,,,different,TN_TN,failure,40,2,failure,failure,3044056.383,147310.283
SEC::HIG && DPT::DEV,DPT::MKG && CTR::$,,,,,different,TN_TN,failure,40,8,failure,failure,3064156.300,595745.049
SEC::HIG && DPT::DEV,DPT::MKG && CTR::EN,,,,,different,TN_TN,failure,20,4,failure,failure,1500461.235,297980.341
SEC::HIG && DPT::DEV,DPT::MKG && CTR::FR,,,,,different,TN_TN,failure,20,4,failure,failure,1506348.853,298784.731
SEC::HIG && DPT::DEV,SEC::$,,,,,different,TN_FP,failure,80,5,success,failure,3313384.380,376979.014
SEC::HIG && DPT::DEV,SEC::$ && CTR::$,,,,,different,TN_FP,failure,80,20,success,failure,3426609.772,1517606.259
SEC::HIG && DPT::DEV,SEC::$ && CTR::EN,,,,,different,TN_FP,failure,40,10,success,failure,1633434.945,744245.879
SEC::HIG && DPT::DEV,SEC::$ && CTR::FR,,,,,different,TN_FP,failure,40,10,success,failure,1830426.036,760575.375
SEC::HIG && DPT::DEV,SEC::$ && DPT::$,,,,,different,TP_TP,success,80,20,success,success,3210053.903,877581.689
SEC::HIG && DPT::DEV,SEC::$ && DPT::$ && CTR::$,,,,,same,same,success,80,80,success,success,4261721.889,3107542.407
SEC::HIG && DPT::DEV,SEC::$ && DPT::$ && CTR::EN,,,,,same,same,success,40,40,success,success,1739076.863,1600093.560
SEC::HIG && DPT::DEV,SEC::$ && DPT::$ && CTR::FR,,,,,same,same,success,40,40,success,success,1699239.007,1659037.339
SEC::HIG && DPT::DEV,SEC::$ && DPT::DEV,,,,,different,TP_TP,success,40,10,success,success,1743565.703,503440.944
SEC::HIG && DPT::DEV,SEC::$ && DPT::DEV && CTR::$,,,,,same,same,success,40,40,success,success,1637174.701,1705316.091
SEC::HIG && DPT::DEV,SEC::$ && DPT::DEV && CTR::EN,,,,,same,same,success,20,20,success,success,912627.961,939719.674
SEC::HIG && DPT::DEV,SEC::$ && DPT::DEV && CTR::FR,,,,,same,same,success,20,20,success,success,915774.048,910000.077
SEC::HIG && DPT::DEV,SEC::$ && DPT::MKG,,,,,different,TN_TN,failure,40,10,failure,failure,3079537.242,739193.262
SEC::HIG && DPT::DEV,SEC::$ && DPT::MKG && CTR::$,,,,,same,same,failure,40,40,failure,failure,3117911.407,3037497.395
SEC::HIG && DPT::DEV,SEC::$ && DPT::MKG && CTR::EN,,,,,same,same,failure,20,20,failure,failure,1536514.612,1496941.317
SEC::HIG && DPT::DEV,SEC::$ && DPT::MKG && CTR::FR,,,,,same,same,failure,20,20,failure,failure,1540271.995,1504598.610
SEC::HIG && DPT::DEV,SEC::HIG,,,,,different,TN_FP,failure,64,4,success,failure,2743562.186,298910.952
SEC::HIG && DPT::DEV,SEC::HIG && CTR::$,,,,,different,TN_FP,failure,64,16,success,failure,2680761.984,1206571.592
SEC::HIG && DPT::DEV,SEC::HIG && CTR::EN,,,,,different,TN_FP,failure,32,8,success,failure,1357793.416,614467.939
SEC::HIG && DPT::DEV,SEC::HIG && CTR::FR,,,,,different,TN_FP,failure,32,8,success,failure,1494250.225,604535.237
SEC::HIG && DPT::DEV,SEC::HIG && DPT::$,,,,,different,TP_TP,success,64,16,success,success,2584912.174,732360.991
SEC::HIG && DPT::DEV,SEC::HIG && DPT::$ && CTR::$,,,,,same,same,success,64,64,success,success,2579160.605,2515980.620
SEC::HIG && DPT::DEV,SEC::HIG && DPT::$ && CTR::EN,,,,,same,same,success,32,32,success,success,1494445.130,1334813.341
SEC::HIG && DPT::DEV,SEC::HIG && DPT::$ && CTR::FR,,,,,same,same,success,32,32,success,success,1294878.563,1404926.782
SEC::HIG && DPT::DEV,SEC::HIG && DPT::DEV,,,,,different,TP_TP,success,32,8,success,success,1311351.883,443086.866
SEC::HIG && DPT::DEV,SEC::HIG && DPT::DEV && CTR::$,,,,,same,same,success,32,32,success,success,1327859.217,1311200.779
SEC::HIG && DPT::DEV,SEC::HIG && DPT::DEV && CTR::EN,,,,,same,same,success,16,16,success,success,752497.076,770869.348
SEC::HIG && DPT::DEV,SEC::HIG && DPT::DEV && CTR::FR,,,,,same,same,success,16,16,success,success,723427.799,728965.823
SEC::HIG && DPT::DEV,SEC::HIG && DPT::MKG,,,,,different,TN_TN,failure,32,8,failure,failure,3102528.948,589885.322
SEC::HIG && DPT::DEV,SEC::HIG && DPT::MKG && CTR::$,,,,,same,same,failure,32,32,failure,failure,2643515.559,2463173.893
SEC::HIG && DPT::DEV,SEC::HIG && DPT::MKG && CTR::EN,,,,,same,same,failure,16,16,failure,failure,1444181.853,1201183.625
SEC::HIG && DPT::DEV,SEC::HIG && DPT::MKG && CTR::FR,,,,,same,same,failure,16,16,failure,failure,1299367.533,1223007.731
SEC::HIG && DPT::DEV,SEC::LOW,,,,,different,TN_TN,failure,32,2,failure,failure,2472524.297,147618.871
SEC::HIG && DPT::DEV,SEC::LOW && CTR::$,,,,,different,TN_TN,failure,32,8,failure,failure,2460668.448,590660.161
SEC::HIG && DPT::DEV,SEC::LOW && CTR::EN,,,,,different,TN_TN,failure,16,4,failure,failure,1276706.988,294827.723
SEC::HIG && DPT::DEV,SEC::LOW && CTR::FR,,,,,different,TN_TN,failure,16,4,failure,failure,1234341.596,294921.829
SEC::HIG && DPT::DEV,SEC::LOW && DPT::$,,,,,different,TN_TN,failure,32,8,failure,failure,2921245.376,591485.875
SEC::HIG && DPT::DEV,SEC::LOW && DPT::$ && CTR::$,,,,,same,same,failure,32,32,failure,failure,2732504.956,2426887.243
SEC::HIG && DPT::DEV,SEC::LOW && DPT::$ && CTR::EN,,,,,same,same,failure,16,16,failure,failure,1224626.799,1195675.654
SEC::HIG && DPT::DEV,SEC::LOW && DPT::$ && CTR::FR,,,,,same,same,failure,16,16,failure,failure,1217849.265,1202789.537
SEC::HIG && DPT::DEV,SEC::LOW && DPT::DEV,,,,,different,TN_TN,failure,16,4,failure,failure,1252015.623,295866.471
SEC::HIG && DPT::DEV,SEC::LOW && DPT::DEV && CTR::$,,,,,same,same,failure,16,16,failure,failure,1269168.577,1205763.571
SEC::HIG && DPT::DEV,SEC::LOW && DPT::DEV && CTR::EN,,,,,same,same,failure,8,8,failure,failure,606756.022,591180.201
SEC::HIG && DPT::DEV,SEC::LOW && DPT::DEV && CTR::FR,,,,,same,same,failure,8,8,failure,failure,597526.169,596389.162
SEC::HIG && DPT::DEV,SEC::LOW && DPT::MKG,,,,,different,TN_TN,failure,16,4,failure,failure,1231150.455,299833.352
SEC::HIG && DPT::DEV,SEC::LOW && DPT::MKG && CTR::$,,,,,same,same,failure,16,16,failure,failure,1362936.092,1192788.823
SEC::HIG && DPT::DEV,SEC::LOW && DPT::MKG && CTR::EN,,,,,same,same,failure,8,8,failure,failure,683734.690,614508.800
SEC::HIG && DPT::DEV,SEC::LOW && DPT::MKG && CTR::FR,,,,,same,same,failure,8,8,failure,failure,699535.834,602102.714
SEC::HIG && DPT::DEV,SEC::MED,,,,,different,TN_TN,failure,48,3,failure,failure,3798520.274,220901.707
SEC::HIG && DPT::DEV,SEC::MED && CTR::$,,,,,different,TN_TN,failure,48,12,failure,failure,3712386.964,886662.152
SEC::HIG && DPT::DEV,SEC::MED && CTR::EN,,,,,different,TN_TN,failure,24,6,failure,failure,1854397.396,441221.085
SEC::HIG && DPT::DEV,SEC::MED && CTR::FR,,,,,different,TN_TN,failure,24,6,failure,failure,1836698.587,441756.134
SEC::HIG && DPT::DEV,SEC::MED && DPT::$,,,,,different,TN_TN,failure,48,12,failure,failure,3908060.383,893699.862
SEC::HIG && DPT::DEV,SEC::MED && DPT::$ && CTR::$,,,,,same,same,failure,48,48,failure,failure,3648515.167,3696368.453
SEC::HIG && DPT::DEV,SEC::MED && DPT::$ && CTR::EN,,,,,same,same,failure,24,24,failure,failure,1857829.714,1816696.433
SEC::HIG && DPT::DEV,SEC::MED && DPT::$ && CTR::FR,,,,,same,same,failure,24,24,failure,failure,1831430.856,1843775.772
SEC::HIG && DPT::DEV,SEC::MED && DPT::DEV,,,,,different,TN_TN,failure,24,6,failure,failure,1866912.035,442780.415
SEC::HIG && DPT::DEV,SEC::MED && DPT::DEV && CTR::$,,,,,same,same,failure,24,24,failure,failure,1832095.367,1799956.397
SEC::HIG && DPT::DEV,SEC::MED && DPT::DEV && CTR::EN,,,,,same,same,failure,12,12,failure,failure,921454.117,887415.274
SEC::HIG && DPT::DEV,SEC::MED && DPT::DEV && CTR::FR,,,,,same,same,failure,12,12,failure,failure,900443.507,896885.292
SEC::HIG && DPT::DEV,SEC::MED && DPT::MKG,,,,,different,TN_TN,failure,24,6,failure,failure,1840312.626,445165.243
SEC::HIG && DPT::DEV,SEC::MED && DPT::MKG && CTR::$,,,,,same,same,failure,24,24,failure,failure,1883939.509,1804152.809
SEC::HIG && DPT::DEV,SEC::MED && DPT::MKG && CTR::EN,,,,,same,same,failure,12,12,failure,failure,921595.632,887813.245
SEC::HIG && DPT::DEV,SEC::MED && DPT::MKG && CTR::FR,,,,,same,same,failure,12,12,failure,failure,902538.125,898707.049
SEC::HIG && DPT::DEV && CTR::$,CTR::$,,,,,different,TN_FP,failure,80,4,success,failure,3589730.101,296825.400
SEC::HIG && DPT::DEV && CTR::$,CTR::EN,,,,,different,TN_TN,failure,40,2,failure,failure,3141862.754,151799.708
SEC::HIG && DPT::DEV && CTR::$,CTR::FR,,,,,different,TN_TN,failure,40,2,failure,failure,3117765.763,148760.422
SEC::HIG && DPT::DEV && CTR::$,DPT::$,,,,,different,TN_FP,failure,80,4,success,failure,3322077.311,301158.709
SEC::HIG && DPT::DEV && CTR::$,DPT::$ && CTR::$,,,,,different,TN_FP,failure,80,16,success,failure,3885884.587,1221892.169
SEC::HIG && DPT::DEV && CTR::$,DPT::$ && CTR::EN,,,,,different,TN_TN,failure,40,8,failure,failure,3100749.275,615369.254
SEC::HIG && DPT::DEV && CTR::$,DPT::$ && CTR::FR,,,,,different,TN_TN,failure,40,8,failure,failure,3259473.512,604618.563
SEC::HIG && DPT::DEV && CTR::$,DPT::DEV,,,,,different,TN_FP,failure,40,2,success,failure,1670937.630,150183.146
SEC::HIG && DPT::DEV && CTR::$,DPT::DEV && CTR::$,,,,,different,TN_FP,failure,40,8,success,failure,1622967.657,609352.914
SEC::HIG && DPT::DEV && CTR::$,DPT::DEV && CTR::EN,,,,,different,TN_TN,failure,20,4,failure,failure,1506568.696,299231.519
SEC::HIG && DPT::DEV && CTR::$,DPT::DEV && CTR::FR,,,,,different,TN_TN,failure,20,4,failure,failure,1530197.898,299432.195
SEC::HIG && DPT::DEV && CTR::$,DPT::MKG,,,,,different,TN_TN,failure,40,2,failure,failure,3131210.728,151668.652
SEC::HIG && DPT::DEV && CTR::$,DPT::MKG && CTR::$,,,,,different,TN_TN,failure,40,8,failure,failure,3099118.962,616040.067
SEC::HIG && DPT::DEV && CTR::$,DPT::MKG && CTR::EN,,,,,different,TN_TN,failure,20,4,failure,failure,1547829.271,299912.390
SEC::HIG && DPT::DEV && CTR::$,DPT::MKG && CTR::FR,,,,,different,TN_TN,failure,20,4,failure,failure,1509186.156,300661.856
SEC::HIG && DPT::DEV && CTR::$,SEC::$,,,,,different,TN_FP,failure,80,5,success,failure,3096352.493,370105.580
SEC::HIG && DPT::DEV && CTR::$,SEC::$ && CTR::$,,,,,different,TN_FP,failure,80,20,success,failure,3264290.688,1497388.932
SEC::HIG && DPT::DEV && CTR::$,SEC::$ && CTR::EN,,,,,different,TN_TN,failure,40,10,failure,failure,3114926.402,745303.748
SEC::HIG && DPT::DEV && CTR::$,SEC::$ && CTR::FR,,,,,different,TN_TN,failure,40,10,failure,failure,3112349.765,741014.543
SEC::HIG && DPT::DEV && CTR::$,SEC::$ && DPT::$,,,,,different,TN_FP,failure,80,20,success,failure,3103856.368,1499735.679
SEC::HIG && DPT::DEV && CTR::$,SEC::$ && DPT::$ && CTR::$,,,,,same,same,success,80,80,success,success,3349380.605,3342167.450
SEC::HIG && DPT::DEV && CTR::$,SEC::$ && DPT::$ && CTR::EN,,,,,same,same,failure,40,40,failure,failure,3027100.017,3007214.667
SEC::HIG && DPT::DEV && CTR::$,SEC::$ && DPT::$ && CTR::FR,,,,,same,same,failure,40,40,failure,failure,3130512.067,3011066.417
SEC::HIG && DPT::DEV && CTR::$,SEC::$ && DPT::DEV,,,,,different,TN_FP,failure,40,10,success,failure,1671542.776,740026.890
SEC::HIG && DPT::DEV && CTR::$,SEC::$ && DPT::DEV && CTR::$,,,,,same,same,success,40,40,success,success,1813771.942,1639222.296
SEC::HIG && DPT::DEV && CTR::$,SEC::$ && DPT::DEV && CTR::EN,,,,,same,same,failure,20,20,failure,failure,1537571.369,1494189.105
SEC::HIG && DPT::DEV && CTR::$,SEC::$ && DPT::DEV && CTR::FR,,,,,same,same,failure,20,20,failure,failure,1513544.957,1498372.001
SEC::HIG && DPT::DEV && CTR::$,SEC::$ && DPT::MKG,,,,,different,TN_TN,failure,40,10,failure,failure,3072297.626,740233.207
SEC::HIG && DPT::DEV && CTR::$,SEC::$ && DPT::MKG && CTR::$,,,,,same,same,failure,40,40,failure,failure,3044005.878,3008320.011
SEC::HIG && DPT::DEV && CTR::$,SEC::$ && DPT::MKG && CTR::EN,,,,,same,same,failure,20,20,failure,failure,1510175.933,1492235.550
SEC::HIG && DPT::DEV && CTR::$,SEC::$ && DPT::MKG && CTR::FR,,,,,same,same,failure,20,20,failure,failure,1520482.765,1493105.127
SEC::HIG && DPT::DEV && CTR::$,SEC::HIG,,,,,different,TN_FP,failure,64,4,success,failure,2569086.188,295468.695
SEC::HIG && DPT::DEV && CTR::$,SEC::HIG && CTR::$,,,,,different,TN_FP,failure,64,16,success,failure,2618138.533,1195267.763
SEC::HIG && DPT::DEV && CTR::$,SEC::HIG && CTR::EN,,,,,different,TN_TN,failure,32,8,failure,failure,2459392.661,591608.980
SEC::HIG && DPT::DEV && CTR::$,SEC::HIG && CTR::FR,,,,,different,TN_TN,failure,32,8,failure,failure,2451394.202,593631.524
SEC::HIG && DPT::DEV && CTR::$,SEC::HIG && DPT::$,,,,,different,TN_FP,failure,64,16,success,failure,2573688.205,1190831.868
SEC::HIG && DPT::DEV && CTR::$,SEC::HIG && DPT::$ && CTR::$,,,,,same,same,success,64,64,success,success,2506579.896,2549269.672
SEC::HIG && DPT::DEV && CTR::$,SEC::HIG && DPT::$ && CTR::EN,,,,,same,same,failure,32,32,failure,failure,2459642.288,2475090.675
SEC::HIG && DPT::DEV && CTR::$,SEC::HIG && DPT::$ && CTR::FR,,,,,same,same,failure,32,32,failure,failure,2427819.282,2419136.269
SEC::HIG && DPT::DEV && CTR::$,SEC::HIG && DPT::DEV,,,,,different,TN_FP,failure,32,8,success,failure,1311496.745,595891.689
SEC::HIG && DPT::DEV && CTR::$,SEC::HIG && DPT::DEV && CTR::$,,,,,same,same,success,32,32,success,success,1498400.129,1309174.464
SEC::HIG && DPT::DEV && CTR::$,SEC::HIG && DPT::DEV && CTR::EN,,,,,same,same,failure,16,16,failure,failure,1203530.772,1199752.977
SEC::HIG && DPT::DEV && CTR::$,SEC::HIG && DPT::DEV && CTR::FR,,,,,same,same,failure,16,16,failure,failure,1205880.751,1199636.248
SEC::HIG && DPT::DEV && CTR::$,SEC::HIG && DPT::MKG,,,,,different,TN_TN,failure,32,8,failure,failure,2492256.925,595583.530
SEC::HIG && DPT::DEV && CTR::$,SEC::HIG && DPT::MKG && CTR::$,,,,,same,same,failure,32,32,failure,failure,2452721.777,2402727.756
SEC::HIG && DPT::DEV && CTR::$,SEC::HIG && DPT::MKG && CTR::EN,,,,,same,same,failure,16,16,failure,failure,1229976.493,1196439.471
SEC::HIG && DPT::DEV && CTR::$,SEC::HIG && DPT::MKG && CTR::FR,,,,,same,same,failure,16,16,failure,failure,1213045.925,1203415.271
SEC::HIG && DPT::DEV && CTR::$,SEC::LOW,,,,,different,TN_TN,failure,32,2,failure,failure,2445045.359,150747.665
SEC::HIG && DPT::DEV && CTR::$,SEC::LOW && CTR::$,,,,,different,TN_TN,failure,32,8,failure,failure,3378993.546,604579.069
SEC::HIG && DPT::DEV && CTR::$,SEC::LOW && CTR::EN,,,,,different,TN_TN,failure,16,4,failure,failure,1211349.669,301765.842
SEC::HIG && DPT::DEV && CTR::$,SEC::LOW && CTR::FR,,,,,different,TN_TN,failure,16,4,failure,failure,1215983.271,312366.932
SEC::HIG && DPT::DEV && CTR::$,SEC::LOW && DPT::$,,,,,different,TN_TN,failure,32,8,failure,failure,3468592.041,599839.278
SEC::HIG && DPT::DEV && CTR::$,SEC::LOW && DPT::$ && CTR::$,,,,,same,same,failure,32,32,failure,failure,2562350.218,2413225.518
SEC::HIG && DPT::DEV && CTR::$,SEC::LOW && DPT::$ && CTR::EN,,,,,same,same,failure,16,16,failure,failure,1222514.221,1197664.119
SEC::HIG && DPT::DEV && CTR::$,SEC::LOW && DPT::$ && CTR::FR,,,,,same,same,failure,16,16,failure,failure,1218886.431,1192902.642
SEC::HIG && DPT::DEV && CTR::$,SEC::LOW && DPT::DEV,,,,,different,TN_TN,failure,16,4,failure,failure,1820884.323,311510.009
SEC::HIG && DPT::DEV && CTR::$,SEC::LOW && DPT::DEV && CTR::$,,,,,same,same,failure,16,16,failure,failure,1223275.484,1192706.960
SEC::HIG && DPT::DEV && CTR::$,SEC::LOW && DPT::DEV && CTR::EN,,,,,same,same,failure,8,8,failure,failure,778611.551,598103.228
SEC::HIG && DPT::DEV && CTR::$,SEC::LOW && DPT::DEV && CTR::FR,,,,,same,same,failure,8,8,failure,failure,611375.904,593935.860
SEC::HIG && DPT::DEV && CTR::$,SEC::LOW && DPT::MKG,,,,,different,TN_TN,failure,16,4,failure,failure,1245717.033,296319.101
SEC::HIG && DPT::DEV && CTR::$,SEC::LOW && DPT::MKG && CTR::$,,,,,same,same,failure,16,16,failure,failure,1379501.975,1208599.846
SEC::HIG && DPT::DEV && CTR::$,SEC::LOW && DPT::MKG && CTR::EN,,,,,same,same,failure,8,8,failure,failure,620372.734,594144.231
SEC::HIG && DPT::DEV && CTR::$,SEC::LOW && DPT::MKG && CTR::FR,,,,,same,same,failure,8,8,failure,failure,616826.302,596225.991
SEC::HIG && DPT::DEV && CTR::$,SEC::MED,,,,,different,TN_TN,failure,48,3,failure,failure,3760186.359,222230.985
SEC::HIG && DPT::DEV && CTR::$,SEC::MED && CTR::$,,,,,different,TN_TN,failure,48,12,failure,failure,3698596.171,900249.658
SEC::HIG && DPT::DEV && CTR::$,SEC::MED && CTR::EN,,,,,different,TN_TN,failure,24,6,failure,failure,1935412.159,445432.590
SEC::HIG && DPT::DEV && CTR::$,SEC::MED && CTR::FR,,,,,different,TN_TN,failure,24,6,failure,failure,1979751.048,446391.629
SEC::HIG && DPT::DEV && CTR::$,SEC::MED && DPT::$,,,,,different,TN_TN,failure,48,12,failure,failure,3646486.908,894268.804
SEC::HIG && DPT::DEV && CTR::$,SEC::MED && DPT::$ && CTR::$,,,,,same,same,failure,48,48,failure,failure,3685066.342,3614708.448
SEC::HIG && DPT::DEV && CTR::$,SEC::MED && DPT::$ && CTR::EN,,,,,same,same,failure,24,24,failure,failure,1842116.965,1806107.406
SEC::HIG && DPT::DEV && CTR::$,SEC::MED && DPT::$ && CTR::FR,,,,,same,same,failure,24,24,failure,failure,1845475.415,1800365.731
SEC::HIG && DPT::DEV && CTR::$,SEC::MED && DPT::DEV,,,,,different,TN_TN,failure,24,6,failure,failure,1830527.326,445808.575
SEC::HIG && DPT::DEV && CTR::$,SEC::MED && DPT::DEV && CTR::$,,,,,same,same,failure,24,24,failure,failure,1817889.571,1807900.815
SEC::HIG && DPT::DEV && CTR::$,SEC::MED && DPT::DEV && CTR::EN,,,,,same,same,failure,12,12,failure,failure,923939.510,894411.031
SEC::HIG && DPT::DEV && CTR::$,SEC::MED && DPT::DEV && CTR::FR,,,,,same,same,failure,12,12,failure,failure,911543.723,898409.827
SEC::HIG && DPT::DEV && CTR::$,SEC::MED && DPT::MKG,,,,,different,TN_TN,failure,24,6,failure,failure,1828052.474,444818.358
SEC::HIG && DPT::DEV && CTR::$,SEC::MED && DPT::MKG && CTR::$,,,,,same,same,failure,24,24,failure,failure,1853322.294,1807869.360
SEC::HIG && DPT::DEV && CTR::$,SEC::MED && DPT::MKG && CTR::EN,,,,,same,same,failure,12,12,failure,failure,906049.336,892382.551
SEC::HIG && DPT::DEV && CTR::$,SEC::MED && DPT::MKG && CTR::FR,,,,,same,same,failure,12,12,failure,failure,1002789.122,894870.779
SEC::HIG && DPT::DEV && CTR::EN,CTR::$,,,,,different,TN_FP,failure,80,4,success,failure,3249652.771,298689.927
SEC::HIG && DPT::DEV && CTR::EN,CTR::EN,,,,,different,TN_FP,failure,40,2,success,failure,1684416.985,149861.032
SEC::HIG && DPT::DEV && CTR::EN,CTR::FR,,,,,different,TN_TN,failure,40,2,failure,failure,3551003.494,148689.780
SEC::HIG && DPT::DEV && CTR::EN,DPT::$,,,,,different,TN_FP,failure,80,4,success,failure,3380291.126,298646.887
SEC::HIG && DPT::DEV && CTR::EN,DPT::$ && CTR::$,,,,,different,TN_FP,failure,80,16,success,failure,3192079.458,1223515.273
SEC::HIG && DPT::DEV && CTR::EN,DPT::$ && CTR::EN,,,,,different,TN_FP,failure,40,8,success,failure,1649006.533,599907.642
SEC::HIG && DPT::DEV && CTR::EN,DPT::$ && CTR::FR,,,,,different,TN_TN,failure,40,8,failure,failure,3075441.604,596448.689
SEC::HIG && DPT::DEV && CTR::EN,DPT::DEV,,,,,different,TN_FP,failure,40,2,success,failure,1750696.689,149146.666
SEC::HIG && DPT::DEV && CTR::EN,DPT::DEV && CTR::$,,,,,different,TN_FP,failure,40,8,success,failure,1672589.750,600843.973
SEC::HIG && DPT::DEV && CTR::EN,DPT::DEV && CTR::EN,,,,,different,TN_FP,failure,20,4,success,failure,939080.255,298117.955
SEC::HIG && DPT::DEV && CTR::EN,DPT::DEV && CTR::FR,,,,,different,TN_TN,failure,20,4,failure,failure,1539738.905,298291.189
SEC::HIG && DPT::DEV && CTR::EN,DPT::MKG,,,,,different,TN_TN,failure,40,2,failure,failure,3107326.251,151390.370
SEC::HIG && DPT::DEV && CTR::EN,DPT::MKG && CTR::$,,,,,different,TN_TN,failure,40,8,failure,failure,3067263.574,600868.824
SEC::HIG && DPT::DEV && CTR::EN,DPT::MKG && CTR::EN,,,,,different,TN_TN,failure,20,4,failure,failure,1522998.600,296998.650
SEC::HIG && DPT::DEV && CTR::EN,DPT::MKG && CTR::FR,,,,,different,TN_TN,failure,20,4,failure,failure,1536275.523,295587.343
SEC::HIG && DPT::DEV && CTR::EN,SEC::$,,,,,different,TN_FP,failure,80,5,success,failure,3065262.816,371190.455
SEC::HIG && DPT::DEV && CTR::EN,SEC::$ && CTR::$,,,,,different,TN_FP,failure,80,20,success,failure,3303112.187,1509906.487
SEC::HIG && DPT::DEV && CTR::EN,SEC::$ && CTR::EN,,,,,different,TN_FP,failure,40,10,success,failure,1627701.987,747999.130
SEC::HIG && DPT::DEV && CTR::EN,SEC::$ && CTR::FR,,,,,different,TN_TN,failure,40,10,failure,failure,3111223.136,751919.123
SEC::HIG && DPT::DEV && CTR::EN,SEC::$ && DPT::$,,,,,different,TN_FP,failure,80,20,success,failure,3123614.961,1520302.147
SEC::HIG && DPT::DEV && CTR::EN,SEC::$ && DPT::$ && CTR::$,,,,,same,same,success,80,80,success,success,3244944.469,3171054.354
SEC::HIG && DPT::DEV && CTR::EN,SEC::$ && DPT::$ && CTR::EN,,,,,same,same,success,40,40,success,success,1762221.417,1588364.454
SEC::HIG && DPT::DEV && CTR::EN,SEC::$ && DPT::$ && CTR::FR,,,,,same,same,failure,40,40,failure,failure,3048040.726,3036702.859
SEC::HIG && DPT::DEV && CTR::EN,SEC::$ && DPT::DEV,,,,,different,TN_FP,failure,40,10,success,failure,1863685.918,751965.269
SEC::HIG && DPT::DEV && CTR::EN,SEC::$ && DPT::DEV && CTR::$,,,,,same,same,success,40,40,success,success,1670162.071,1760032.901
SEC::HIG && DPT::DEV && CTR::EN,SEC::$ && DPT::DEV && CTR::EN,,,,,same,same,success,20,20,success,success,931099.400,852146.293
SEC::HIG && DPT::DEV && CTR::EN,SEC::$ && DPT::DEV && CTR::FR,,,,,same,same,failure,20,20,failure,failure,1528642.957,1503261.172
SEC::HIG && DPT::DEV && CTR::EN,SEC::$ && DPT::MKG,,,,,different,TN_TN,failure,40,10,failure,failure,3056151.601,743526.590
SEC::HIG && DPT::DEV && CTR::EN,SEC::$ && DPT::MKG && CTR::$,,,,,same,same,failure,40,40,failure,failure,3066842.985,3048990.769
SEC::HIG && DPT::DEV && CTR::EN,SEC::$ && DPT::MKG && CTR::EN,,,,,same,same,failure,20,20,failure,failure,1518210.393,1499268.167
SEC::HIG && DPT::DEV && CTR::EN,SEC::$ && DPT::MKG && CTR::FR,,,,,same,same,failure,20,20,failure,failure,1528323.839,1494742.177
SEC::HIG && DPT::DEV && CTR::EN,SEC::HIG,,,,,different,TN_FP,failure,64,4,success,failure,2527526.667,298968.620
SEC::HIG && DPT::DEV && CTR::EN,SEC::HIG && CTR::$,,,,,different,TN_FP,failure,64,16,success,failure,2938405.609,1195826.612
SEC::HIG && DPT::DEV && CTR::EN,SEC::HIG && CTR::EN,,,,,different,TN_FP,failure,32,8,success,failure,1372295.012,596768.424
SEC::HIG && DPT::DEV && CTR::EN,SEC::HIG && CTR::FR,,,,,different,TN_TN,failure,32,8,failure,failure,2497316.496,596625.590
SEC::HIG && DPT::DEV && CTR::EN,SEC::HIG && DPT::$,,,,,different,TN_FP,failure,64,16,success,failure,2626009.842,1200322.344
SEC::HIG && DPT::DEV && CTR::EN,SEC::HIG && DPT::$ && CTR::$,,,,,same,same,success,64,64,success,success,2772839.323,2544935.137
SEC::HIG && DPT::DEV && CTR::EN,SEC::HIG && DPT::$ && CTR::EN,,,,,same,same,success,32,32,success,success,1400214.883,1333171.331
SEC::HIG && DPT::DEV && CTR::EN,SEC::HIG && DPT::$ && CTR::FR,,,,,same,same,failure,32,32,failure,failure,2487263.234,2427657.883
SEC::HIG && DPT::DEV && CTR::EN,SEC::HIG && DPT::DEV,,,,,different,TN_FP,failure,32,8,success,failure,1865699.380,597753.160
SEC::HIG && DPT::DEV && CTR::EN,SEC::HIG && DPT::DEV && CTR::$,,,,,same,same,success,32,32,success,success,1336913.370,1430582.796
SEC::HIG && DPT::DEV && CTR::EN,SEC::HIG && DPT::DEV && CTR::EN,,,,,same,same,success,16,16,success,success,756794.963,758253.949
SEC::HIG && DPT::DEV && CTR::EN,SEC::HIG && DPT::DEV && CTR::FR,,,,,same,same,failure,16,16,failure,failure,1237044.782,1196325.458
SEC::HIG && DPT::DEV && CTR::EN,SEC::HIG && DPT::MKG,,,,,different,TN_TN,failure,32,8,failure,failure,2422091.964,593641.909
SEC::HIG && DPT::DEV && CTR::EN,SEC::HIG && DPT::MKG && CTR::$,,,,,same,same,failure,32,32,failure,failure,2511866.663,2430415.827
SEC::HIG && DPT::DEV && CTR::EN,SEC::HIG && DPT::MKG && CTR::EN,,,,,same,same,failure,16,16,failure,failure,1357341.964,1203328.022
SEC::HIG && DPT::DEV && CTR::EN,SEC::HIG && DPT::MKG && CTR::FR,,,,,same,same,failure,16,16,failure,failure,1283913.701,1199416.946
SEC::HIG && DPT::DEV && CTR::EN,SEC::LOW,,,,,different,TN_TN,failure,32,2,failure,failure,2605803.876,151897.286
SEC::HIG && DPT::DEV && CTR::EN,SEC::LOW && CTR::$,,,,,different,TN_TN,failure,32,8,failure,failure,2473270.211,614427.176
SEC::HIG && DPT::DEV && CTR::EN,SEC::LOW && CTR::EN,,,,,different,TN_TN,failure,16,4,failure,failure,1370439.707,302286.404
SEC::HIG && DPT::DEV && CTR::EN,SEC::LOW && CTR::FR,,,,,different,TN_TN,failure,16,4,failure,failure,1245116.196,302502.850
SEC::HIG && DPT::DEV && CTR::EN,SEC::LOW && DPT::$,,,,,different,TN_TN,failure,32,8,failure,failure,2493577.232,615819.869
SEC::HIG && DPT::DEV && CTR::EN,SEC::LOW && DPT::$ && CTR::$,,,,,same,same,failure,32,32,failure,failure,2519455.002,2414879.174
SEC::HIG && DPT::DEV && CTR::EN,SEC::LOW && DPT::$ && CTR::EN,,,,,same,same,failure,16,16,failure,failure,1246205.104,1248116.324
SEC::HIG && DPT::DEV && CTR::EN,SEC::LOW && DPT::$ && CTR::FR,,,,,same,same,failure,16,16,failure,failure,1216675.409,1201168.792
SEC::HIG && DPT::DEV && CTR::EN,SEC::LOW && DPT::DEV,,,,,different,TN_TN,failure,16,4,failure,failure,1224589.008,302591.561
SEC::HIG && DPT::DEV && CTR::EN,SEC::LOW && DPT::DEV && CTR::$,,,,,same,same,failure,16,16,failure,failure,1628575.986,1208851.387
SEC::HIG && DPT::DEV && CTR::EN,SEC::LOW && DPT::DEV && CTR::EN,,,,,same,same,failure,8,8,failure,failure,642042.010,602142.037
SEC::HIG && DPT::DEV && CTR::EN,SEC::LOW && DPT::DEV && CTR::FR,,,,,same,same,failure,8,8,failure,failure,802817.360,597344.328
SEC::HIG && DPT::DEV && CTR::EN,SEC::LOW && DPT::MKG,,,,,different,TN_TN,failure,16,4,failure,failure,1203603.819,299871.078
SEC::HIG && DPT::DEV && CTR::EN,SEC::LOW && DPT::MKG && CTR::$,,,,,same,same,failure,16,16,failure,failure,1302673.043,1209677.372
SEC::HIG && DPT::DEV && CTR::EN,SEC::LOW && DPT::MKG && CTR::EN,,,,,same,same,failure,8,8,failure,failure,596976.954,613151.584
SEC::HIG && DPT::DEV && CTR::EN,SEC::LOW && DPT::MKG && CTR::FR,,,,,same,same,failure,8,8,failure,failure,597230.540,622597.091
SEC::HIG && DPT::DEV && CTR::EN,SEC::MED,,,,,different,TN_TN,failure,48,3,failure,failure,3715793.464,224047.677
SEC::HIG && DPT::DEV && CTR::EN,SEC::MED && CTR::$,,,,,different,TN_TN,failure,48,12,failure,failure,3756717.502,906815.709
SEC::HIG && DPT::DEV && CTR::EN,SEC::MED && CTR::EN,,,,,different,TN_TN,failure,24,6,failure,failure,1854256.832,448162.361
SEC::HIG && DPT::DEV && CTR::EN,SEC::MED && CTR::FR,,,,,different,TN_TN,failure,24,6,failure,failure,1822399.696,461545.900
SEC::HIG && DPT::DEV && CTR::EN,SEC::MED && DPT::$,,,,,different,TN_TN,failure,48,12,failure,failure,3713908.097,1322247.120
SEC::HIG && DPT::DEV && CTR::EN,SEC::MED && DPT::$ && CTR::$,,,,,same,same,failure,48,48,failure,failure,3779628.146,3638887.999
SEC::HIG && DPT::DEV && CTR::EN,SEC::MED && DPT::$ && CTR::EN,,,,,same,same,failure,24,24,failure,failure,1851769.211,1813389.606
SEC::HIG && DPT::DEV && CTR::EN,SEC::MED && DPT::$ && CTR::FR,,,,,same,same,failure,24,24,failure,failure,1860622.182,1824223.151
SEC::HIG && DPT::DEV && CTR::EN,SEC::MED && DPT::DEV,,,,,different,TN_TN,failure,24,6,failure,failure,1868441.484,451995.781
SEC::HIG && DPT::DEV && CTR::EN,SEC::MED && DPT::DEV && CTR::$,,,,,same,same,failure,24,24,failure,failure,1923604.971,1832597.620
SEC::HIG && DPT::DEV && CTR::EN,SEC::MED && DPT::DEV && CTR::EN,,,,,same,same,failure,12,12,failure,failure,1063151.015,904553.015
SEC::HIG && DPT::DEV && CTR::EN,SEC::MED && DPT::DEV && CTR::FR,,,,,same,same,failure,12,12,failure,failure,923998.034,897459.449
SEC::HIG && DPT::DEV && CTR::EN,SEC::MED && DPT::MKG,,,,,different,TN_TN,failure,24,6,failure,failure,1878367.522,554849.784
SEC::HIG && DPT::DEV && CTR::EN,SEC::MED && DPT::MKG && CTR::$,,,,,same,same,failure,24,24,failure,failure,1865018.623,2710702.184
SEC::HIG && DPT::DEV && CTR::EN,SEC::MED && DPT::MKG && CTR::EN,,,,,same,same,failure,12,12,failure,failure,921102.217,1336203.444
SEC::HIG && DPT::DEV && CTR::EN,SEC::MED && DPT::MKG && CTR::FR,,,,,same,same,failure,12,12,failure,failure,925306.188,1347653.040
SEC::HIG && DPT::DEV && CTR::FR,CTR::$,,,,,different,TN_FP,failure,80,4,success,failure,3486795.191,296749.152
SEC::HIG && DPT::DEV && CTR::FR,CTR::EN,,,,,different,TN_TN,failure,40,2,failure,failure,3136279.686,148947.934
SEC::HIG && DPT::DEV && CTR::FR,CTR::FR,,,,,different,TN_FP,failure,40,2,success,failure,1815024.637,149151.652
SEC::HIG && DPT::DEV && CTR::FR,DPT::$,,,,,different,TN_FP,failure,80,4,success,failure,3161646.337,294794.752
SEC::HIG && DPT::DEV && CTR::FR,DPT::$ && CTR::$,,,,,different,TN_FP,failure,80,16,success,failure,3435257.148,1219655.073
SEC::HIG && DPT::DEV && CTR::FR,DPT::$ && CTR::EN,,,,,different,TN_TN,failure,40,8,failure,failure,3042565.933,594108.919
SEC::HIG && DPT::DEV && CTR::FR,DPT::$ && CTR::FR,,,,,different,TN_FP,failure,40,8,success,failure,1655012.319,593067.726
SEC::HIG && DPT::DEV && CTR::FR,DPT::DEV,,,,,different,TN_FP,failure,40,2,success,failure,1674656.457,148563.943
SEC::HIG && DPT::DEV && CTR::FR,DPT::DEV && CTR::$,,,,,different,TN_FP,failure,40,8,success,failure,1673699.216,599305.512
SEC::HIG && DPT::DEV && CTR::FR,DPT::DEV && CTR::EN,,,,,different,TN_TN,failure,20,4,failure,failure,1550644.130,299843.106
SEC::HIG && DPT::DEV && CTR::FR,DPT::DEV && CTR::FR,,,,,different,TN_FP,failure,20,4,success,failure,872107.826,299757.580
SEC::HIG && DPT::DEV && CTR::FR,DPT::MKG,,,,,different,TN_TN,failure,40,2,failure,failure,3088857.248,149815.476
SEC::HIG && DPT::DEV && CTR::FR,DPT::MKG && CTR::$,,,,,different,TN_TN,failure,40,8,failure,failure,3138744.495,590831.482
SEC::HIG && DPT::DEV && CTR::FR,DPT::MKG && CTR::EN,,,,,different,TN_TN,failure,20,4,failure,failure,1585597.148,300748.684
SEC::HIG && DPT::DEV && CTR::FR,DPT::MKG && CTR::FR,,,,,different,TN_TN,failure,20,4,failure,failure,1740694.798,299595.210
SEC::HIG && DPT::DEV && CTR::FR,SEC::$,,,,,different,TN_FP,failure,80,5,success,failure,3107765.260,369697.400
SEC::HIG && DPT::DEV && CTR::FR,SEC::$ && CTR::$,,,,,different,TN_FP,failure,80,20,success,failure,3137639.752,1508727.345
SEC::HIG && DPT::DEV && CTR::FR,SEC::$ && CTR::EN,,,,,different,TN_TN,failure,40,10,failure,failure,3195620.530,751557.514
SEC::HIG && DPT::DEV && CTR::FR,SEC::$ && CTR::FR,,,,,different,TN_FP,failure,40,10,success,failure,1618523.946,748906.146
SEC::HIG && DPT::DEV && CTR::FR,SEC::$ && DPT::$,,,,,different,TN_FP,failure,80,20,success,failure,3122115.793,1509030.684
SEC::HIG && DPT::DEV && CTR::FR,SEC::$ && DPT::$ && CTR::$,,,,,same,same,success,80,80,success,success,3317156.701,3330507.118
SEC::HIG && DPT::DEV && CTR::FR,SEC::$ && DPT::$ && CTR::EN,,,,,same,same,failure,40,40,failure,failure,3075505.424,3051120.964
SEC::HIG && DPT::DEV && CTR::FR,SEC::$ && DPT::$ && CTR::FR,,,,,same,same,success,40,40,success,success,1604903.277,1581646.317
SEC::HIG && DPT::DEV && CTR::FR,SEC::$ && DPT::DEV,,,,,different,TN_FP,failure,40,10,success,failure,1610081.966,748170.782
SEC::HIG && DPT::DEV && CTR::FR,SEC::$ && DPT::DEV && CTR::$,,,,,same,same,success,40,40,success,success,1657389.252,1618224.258
SEC::HIG && DPT::DEV && CTR::FR,SEC::$ && DPT::DEV && CTR::EN,,,,,same,same,failure,20,20,failure,failure,1517196.826,1507166.427
SEC::HIG && DPT::DEV && CTR::FR,SEC::$ && DPT::DEV && CTR::FR,,,,,same,same,success,20,20,success,success,882731.728,894248.782
SEC::HIG && DPT::DEV && CTR::FR,SEC::$ && DPT::MKG,,,,,different,TN_TN,failure,40,10,failure,failure,3070131.353,746284.283
SEC::HIG && DPT::DEV && CTR::FR,SEC::$ && DPT::MKG && CTR::$,,,,,same,same,failure,40,40,failure,failure,3128198.056,3019849.677
SEC::HIG && DPT::DEV && CTR::FR,SEC::$ && DPT::MKG && CTR::EN,,,,,same,same,failure,20,20,failure,failure,1505366.000,1499935.584
SEC::HIG && DPT::DEV && CTR::FR,SEC::$ && DPT::MKG && CTR::FR,,,,,same,same,failure,20,20,failure,failure,1504669.789,1494172.319
SEC::HIG && DPT::DEV && CTR::FR,SEC::HIG,,,,,different,TN_FP,failure,64,4,success,failure,2647169.478,295255.184
SEC::HIG && DPT::DEV && CTR::FR,SEC::HIG && CTR::$,,,,,different,TN_FP,failure,64,16,success,failure,2546634.815,1196988.627
SEC::HIG && DPT::DEV && CTR::FR,SEC::HIG && CTR::EN,,,,,different,TN_TN,failure,32,8,failure,failure,2542821.728,591264.645
SEC::HIG && DPT::DEV && CTR::FR,SEC::HIG && CTR::FR,,,,,different,TN_FP,failure,32,8,success,failure,1423357.383,590676.436
SEC::HIG && DPT::DEV && CTR::FR,SEC::HIG && DPT::$,,,,,different,TN_FP,failure,64,16,success,failure,2648074.265,1193365.219
SEC::HIG && DPT::DEV && CTR::FR,SEC::HIG && DPT::$ && CTR::$,,,,,same,same,success,64,64,success,success,2520323.632,2521143.479
SEC::HIG && DPT::DEV && CTR::FR,SEC::HIG && DPT::$ && CTR::EN,,,,,same,same,failure,32,32,failure,failure,2448504.081,2432927.859
SEC::HIG && DPT::DEV && CTR::FR,SEC::HIG && DPT::$ && CTR::FR,,,,,same,same,success,32,32,success,success,1317672.243,1363482.411
SEC::HIG && DPT::DEV && CTR::FR,SEC::HIG && DPT::DEV,,,,,different,TN_FP,failure,32,8,success,failure,1470169.846,593190.392
SEC::HIG && DPT::DEV && CTR::FR,SEC::HIG && DPT::DEV && CTR::$,,,,,same,same,success,32,32,success,success,1470429.298,1392172.056
SEC::HIG && DPT::DEV && CTR::FR,SEC::HIG && DPT::DEV && CTR::EN,,,,,same,same,failure,16,16,failure,failure,1204320.905,1196171.328
SEC::HIG && DPT::DEV && CTR::FR,SEC::HIG && DPT::DEV && CTR::FR,,,,,same,same,success,16,16,success,success,713708.258,713888.471
SEC::HIG && DPT::DEV && CTR::FR,SEC::HIG && DPT::MKG,,,,,different,TN_TN,failure,32,8,failure,failure,3374286.422,592760.610
SEC::HIG && DPT::DEV && CTR::FR,SEC::HIG && DPT::MKG && CTR::$,,,,,same,same,failure,32,32,failure,failure,2451070.896,2410025.605
SEC::HIG && DPT::DEV && CTR::FR,SEC::HIG && DPT::MKG && CTR::EN,,,,,same,same,failure,16,16,failure,failure,1281662.317,1199551.138
SEC::HIG && DPT::DEV && CTR::FR,SEC::HIG && DPT::MKG && CTR::FR,,,,,same,same,failure,16,16,failure,failure,1341277.962,1205391.613
SEC::HIG && DPT::DEV && CTR::FR,SEC::LOW,,,,,different,TN_TN,failure,32,2,failure,failure,2467004.308,149793.229
SEC::HIG && DPT::DEV && CTR::FR,SEC::LOW && CTR::$,,,,,different,TN_TN,failure,32,8,failure,failure,2473105.723,614800.747
SEC::HIG && DPT::DEV && CTR::FR,SEC::LOW && CTR::EN,,,,,different,TN_TN,failure,16,4,failure,failure,1257636.421,300218.746
SEC::HIG && DPT::DEV && CTR::FR,SEC::LOW && CTR::FR,,,,,different,TN_TN,failure,16,4,failure,failure,1258120.585,298362.804
SEC::HIG && DPT::DEV && CTR::FR,SEC::LOW && DPT::$,,,,,different,TN_TN,failure,32,8,failure,failure,2484244.742,599446.301
SEC::HIG && DPT::DEV && CTR::FR,SEC::LOW && DPT::$ && CTR::$,,,,,same,same,failure,32,32,failure,failure,2462130.546,2414242.746
SEC::HIG && DPT::DEV && CTR::FR,SEC::LOW && DPT::$ && CTR::EN,,,,,same,same,failure,16,16,failure,failure,1232453.033,1232830.722
SEC::HIG && DPT::DEV && CTR::FR,SEC::LOW && DPT::$ && CTR::FR,,,,,same,same,failure,16,16,failure,failure,1218922.874,1200181.992
SEC::HIG && DPT::DEV && CTR::FR,SEC::LOW && DPT::DEV,,,,,different,TN_TN,failure,16,4,failure,failure,1196026.451,299268.663
SEC::HIG && DPT::DEV && CTR::FR,SEC::LOW && DPT::DEV && CTR::$,,,,,same,same,failure,16,16,failure,failure,1230675.249,1214973.756
SEC::HIG && DPT::DEV && CTR::FR,SEC::LOW && DPT::DEV && CTR::EN,,,,,same,same,failure,8,8,failure,failure,630784.619,600161.072
SEC::HIG && DPT::DEV && CTR::FR,SEC::LOW && DPT::DEV && CTR::FR,,,,,same,same,failure,8,8,failure,failure,665822.571,594829.397
SEC::HIG && DPT::DEV && CTR::FR,SEC::LOW && DPT::MKG,,,,,different,TN_TN,failure,16,4,failure,failure,1240760.586,297072.419
SEC::HIG && DPT::DEV && CTR::FR,SEC::LOW && DPT::MKG && CTR::$,,,,,same,same,failure,16,16,failure,failure,1228909.768,1240940.715
SEC::HIG && DPT::DEV && CTR::FR,SEC::LOW && DPT::MKG && CTR::EN,,,,,same,same,failure,8,8,failure,failure,603612.046,599721.458
SEC::HIG && DPT::DEV && CTR::FR,SEC::LOW && DPT::MKG && CTR::FR,,,,,same,same,failure,8,8,failure,failure,620284.694,612321.522
SEC::HIG && DPT::DEV && CTR::FR,SEC::MED,,,,,different,TN_TN,failure,48,3,failure,failure,3754857.493,222697.946
SEC::HIG && DPT::DEV && CTR::FR,SEC::MED && CTR::$,,,,,different,TN_TN,failure,48,12,failure,failure,3776292.199,904356.757
SEC::HIG && DPT::DEV && CTR::FR,SEC::MED && CTR::EN,,,,,different,TN_TN,failure,24,6,failure,failure,1865306.638,451837.419
SEC::HIG && DPT::DEV && CTR::FR,SEC::MED && CTR::FR,,,,,different,TN_TN,failure,24,6,failure,failure,1862866.436,448138.356
SEC::HIG && DPT::DEV && CTR::FR,SEC::MED && DPT::$,,,,,different,TN_TN,failure,48,12,failure,failure,3735060.559,902747.108
SEC::HIG && DPT::DEV && CTR::FR,SEC::MED && DPT::$ && CTR::$,,,,,same,same,failure,48,48,failure,failure,3739718.166,3649919.470
SEC::HIG && DPT::DEV && CTR::FR,SEC::MED && DPT::$ && CTR::EN,,,,,same,same,failure,24,24,failure,failure,1892959.984,1849296.538
SEC::HIG && DPT::DEV && CTR::FR,SEC::MED && DPT::$ && CTR::FR,,,,,same,same,failure,24,24,failure,failure,1879326.992,1824689.296
SEC::HIG && DPT::DEV && CTR::FR,SEC::MED && DPT::DEV,,,,,different,TN_TN,failure,24,6,failure,failure,1913912.200,464583.302
SEC::HIG && DPT::DEV && CTR::FR,SEC::MED && DPT::DEV && CTR::$,,,,,same,same,failure,24,24,failure,failure,1875652.394,1823246.479
SEC::HIG && DPT::DEV && CTR::FR,SEC::MED && DPT::DEV && CTR::EN,,,,,same,same,failure,12,12,failure,failure,909464.112,905431.568
SEC::HIG && DPT::DEV && CTR::FR,SEC::MED && DPT::DEV && CTR::FR,,,,,same,same,failure,12,12,failure,failure,909418.382,904332.843
SEC::HIG && DPT::DEV && CTR::FR,SEC::MED && DPT::MKG,,,,,different,TN_TN,failure,24,6,failure,failure,1835971.398,465115.936
SEC::HIG && DPT::DEV && CTR::FR,SEC::MED && DPT::MKG && CTR::$,,,,,same,same,failure,24,24,failure,failure,1863589.583,1832859.646
SEC::HIG && DPT::DEV && CTR::FR,SEC::MED && DPT::MKG && CTR::EN,,,,,same,same,failure,12,12,failure,failure,904462.284,910590.485
SEC::HIG && DPT::DEV && CTR::FR,SEC::MED && DPT::MKG && CTR::FR,,,,,same,same,failure,12,12,failure,failure,925192.525,918816.855
SEC::HIG && DPT::MKG,CTR::$,,,,,different,TN_FP,failure,80,4,success,failure,3199894.110,298556.733
SEC::HIG && DPT::MKG,CTR::EN,,,,,different,TN_FP,failure,40,2,success,failure,1786601.782,159707.731
SEC::HIG && DPT::MKG,CTR::FR,,,,,different,TN_FP,failure,40,2,success,failure,1623428.826,149085.256
SEC::HIG && DPT::MKG,DPT::$,,,,,different,TN_FP,failure,80,4,success,failure,3136719.400,297014.079
SEC::HIG && DPT::MKG,DPT::$ && CTR::$,,,,,different,TN_FP,failure,80,16,success,failure,3153347.891,1199757.004
SEC::HIG && DPT::MKG,DPT::$ && CTR::EN,,,,,different,TN_FP,failure,40,8,success,failure,1876347.388,596795.083
SEC::HIG && DPT::MKG,DPT::$ && CTR::FR,,,,,different,TN_FP,failure,40,8,success,failure,1723514.131,597343.902
SEC::HIG && DPT::MKG,DPT::DEV,,,,,different,TN_TN,failure,40,2,failure,failure,3088016.141,149223.456
SEC::HIG && DPT::MKG,DPT::DEV && CTR::$,,,,,different,TN_TN,failure,40,8,failure,failure,3086140.101,595873.860
SEC::HIG && DPT::MKG,DPT::DEV && CTR::EN,,,,,different,TN_TN,failure,20,4,failure,failure,1539585.838,297675.500
SEC::HIG && DPT::MKG,DPT::DEV && CTR::FR,,,,,different,TN_TN,failure,20,4,failure,failure,1535420.104,297165.303
SEC::HIG && DPT::MKG,DPT::MKG,,,,,different,TN_FP,failure,40,2,success,failure,1634353.127,149176.989
SEC::HIG && DPT::MKG,DPT::MKG && CTR::$,,,,,different,TN_FP,failure,40,8,success,failure,1727418.931,592233.743
SEC::HIG && DPT::MKG,DPT::MKG && CTR::EN,,,,,different,TN_FP,failure,20,4,success,failure,890637.623,297557.468
SEC::HIG && DPT::MKG,DPT::MKG && CTR::FR,,,,,different,TN_FP,failure,20,4,success,failure,894174.407,297330.688
SEC::HIG && DPT::MKG,SEC::$,,,,,different,TN_FP,failure,80,5,success,failure,3462157.952,369931.529
SEC::HIG && DPT::MKG,SEC::$ && CTR::$,,,,,different,TN_FP,failure,80,20,success,failure,3093380.328,1502338.671
SEC::HIG && DPT::MKG,SEC::$ && CTR::EN,,,,,different,TN_FP,failure,40,10,success,failure,1798507.721,740443.201
SEC::HIG && DPT::MKG,SEC::$ && CTR::FR,,,,,different,TN_FP,failure,40,10,success,failure,1646434.379,744464.910
SEC::HIG && DPT::MKG,SEC::$ && DPT::$,,,,,different,TP_TP,success,80,20,success,success,3460856.842,859249.708
SEC::HIG && DPT::MKG,SEC::$ && DPT::$ && CTR::$,,,,,same,same,success,80,80,success,success,3166457.232,3101710.403
SEC::HIG && DPT::MKG,SEC::$ && DPT::$ && CTR::EN,,,,,same,same,success,40,40,success,success,1691229.719,1664529.737
SEC::HIG && DPT::MKG,SEC::$ && DPT::$ && CTR::FR,,,,,same,same,success,40,40,success,success,1782061.286,1600978.269
SEC::HIG && DPT::MKG,SEC::$ && DPT::DEV,,,,,different,TN_TN,failure,40,10,failure,failure,3068292.664,743580.932
SEC::HIG && DPT::MKG,SEC::$ && DPT::DEV && CTR::$,,,,,same,same,failure,40,40,failure,failure,3099973.755,3020401.232
SEC::HIG && DPT::MKG,SEC::$ && DPT::DEV && CTR::EN,,,,,same,same,failure,20,20,failure,failure,1526981.580,1505882.975
SEC::HIG && DPT::MKG,SEC::$ && DPT::DEV && CTR::FR,,,,,same,same,failure,20,20,failure,failure,1531681.992,1498281.406
SEC::HIG && DPT::MKG,SEC::$ && DPT::MKG,,,,,different,TP_TP,success,40,10,success,success,1634522.976,499247.062
SEC::HIG && DPT::MKG,SEC::$ && DPT::MKG && CTR::$,,,,,same,same,success,40,40,success,success,1731291.064,1629976.103
SEC::HIG && DPT::MKG,SEC::$ && DPT::MKG && CTR::EN,,,,,same,same,success,20,20,success,success,909444.766,862987.804
SEC::HIG && DPT::MKG,SEC::$ && DPT::MKG && CTR::FR,,,,,same,same,success,20,20,success,success,941275.217,862255.566
SEC::HIG && DPT::MKG,SEC::HIG,,,,,different,TN_FP,failure,64,4,success,failure,2602234.741,298875.541
SEC::HIG && DPT::MKG,SEC::HIG && CTR::$,,,,,different,TN_FP,failure,64,16,success,failure,2571649.591,1208829.948
SEC::HIG && DPT::MKG,SEC::HIG && CTR::EN,,,,,different,TN_FP,failure,32,8,success,failure,1396394.397,605071.899
SEC::HIG && DPT::MKG,SEC::HIG && CTR::FR,,,,,different,TN_FP,failure,32,8,success,failure,1507486.798,599317.971
SEC::HIG && DPT::MKG,SEC::HIG && DPT::$,,,,,different,TP_TP,success,64,16,success,success,2580857.593,784476.476
SEC::HIG && DPT::MKG,SEC::HIG && DPT::$ && CTR::$,,,,,same,same,success,64,64,success,success,2605247.899,2626622.217
SEC::HIG && DPT::MKG,SEC::HIG && DPT::$ && CTR::EN,,,,,same,same,success,32,32,success,success,1429377.509,1395028.855
SEC::HIG && DPT::MKG,SEC::HIG && DPT::$ && CTR::FR,,,,,same,same,success,32,32,success,success,1339150.512,1316764.085
SEC::HIG && DPT::MKG,SEC::HIG && DPT::DEV,,,,,different,TN_TN,failure,32,8,failure,failure,2500774.968,600006.457
SEC::HIG && DPT::MKG,SEC::HIG && DPT::DEV && CTR::$,,,,,same,same,failure,32,32,failure,failure,2435761.449,2415672.683
SEC::HIG && DPT::MKG,SEC::HIG && DPT::DEV && CTR::EN,,,,,same,same,failure,16,16,failure,failure,1314283.327,1221174.578
SEC::HIG && DPT::MKG,SEC::HIG && DPT::DEV && CTR::FR,,,,,same,same,failure,16,16,failure,failure,1236518.099,1224823.663
SEC::HIG && DPT::MKG,SEC::HIG && DPT::MKG,,,,,different,TP_TP,success,32,8,success,success,1343734.184,433113.393
SEC::HIG && DPT::MKG,SEC::HIG && DPT::MKG && CTR::$,,,,,same,same,success,32,32,success,success,1360231.674,1317366.400
SEC::HIG && DPT::MKG,SEC::HIG && DPT::MKG && CTR::EN,,,,,same,same,success,16,16,success,success,744981.343,737461.223
SEC::HIG && DPT::MKG,SEC::HIG && DPT::MKG && CTR::FR,,,,,same,same,success,16,16,success,success,733200.461,729841.836
SEC::HIG && DPT::MKG,SEC::LOW,,,,,different,TN_TN,failure,32,2,failure,failure,2466577.387,148785.274
SEC::HIG && DPT::MKG,SEC::LOW && CTR::$,,,,,different,TN_TN,failure,32,8,failure,failure,2532842.404,594761.599
SEC::HIG && DPT::MKG,SEC::LOW && CTR::EN,,,,,different,TN_TN,failure,16,4,failure,failure,1216984.067,296935.847
SEC::HIG && DPT::MKG,SEC::LOW && CTR::FR,,,,,different,TN_TN,failure,16,4,failure,failure,1280859.322,309234.311
SEC::HIG && DPT::MKG,SEC::LOW && DPT::$,,,,,different,TN_TN,failure,32,8,failure,failure,2546358.501,593645.681
SEC::HIG && DPT::MKG,SEC::LOW && DPT::$ && CTR::$,,,,,same,same,failure,32,32,failure,failure,2452826.970,2447633.934
SEC::HIG && DPT::MKG,SEC::LOW && DPT::$ && CTR::EN,,,,,same,same,failure,16,16,failure,failure,1211986.804,1194767.340
SEC::HIG && DPT::MKG,SEC::LOW && DPT::$ && CTR::FR,,,,,same,same,failure,16,16,failure,failure,1205889.758,1207000.105
SEC::HIG && DPT::MKG,SEC::LOW && DPT::DEV,,,,,different,TN_TN,failure,16,4,failure,failure,1281734.684,295045.682
SEC::HIG && DPT::MKG,SEC::LOW && DPT::DEV && CTR::$,,,,,same,same,failure,16,16,failure,failure,1216229.788,1206681.252
SEC::HIG && DPT::MKG,SEC::LOW && DPT::DEV && CTR::EN,,,,,same,same,failure,8,8,failure,failure,603172.145,596417.956
SEC::HIG && DPT::MKG,SEC::LOW && DPT::DEV && CTR::FR,,,,,same,same,failure,8,8,failure,failure,620954.169,595714.481
SEC::HIG && DPT::MKG,SEC::LOW && DPT::MKG,,,,,different,TN_TN,failure,16,4,failure,failure,1218726.836,299624.220
SEC::HIG && DPT::MKG,SEC::LOW && DPT::MKG && CTR::$,,,,,same,same,failure,16,16,failure,failure,1256502.119,1205016.134
SEC::HIG && DPT::MKG,SEC::LOW && DPT::MKG && CTR::EN,,,,,same,same,failure,8,8,failure,failure,621027.918,599602.895
SEC::HIG && DPT::MKG,SEC::LOW && DPT::MKG && CTR::FR,,,,,same,same,failure,8,8,failure,failure,605476.457,596706.512
SEC::HIG && DPT::MKG,SEC::MED,,,,,different,TN_TN,failure,48,3,failure,failure,3758756.527,221379.668
SEC::HIG && DPT::MKG,SEC::MED && CTR::$,,,,,different,TN_TN,failure,48,12,failure,failure,3672593.482,912793.442
SEC::HIG && DPT::MKG,SEC::MED && CTR::EN,,,,,different,TN_TN,failure,24,6,failure,failure,1922371.052,446597.841
SEC::HIG && DPT::MKG,SEC::MED && CTR::FR,,,,,different,TN_TN,failure,24,6,failure,failure,1841215.404,449877.528
SEC::HIG && DPT::MKG,SEC::MED && DPT::$,,,,,different,TN_TN,failure,48,12,failure,failure,3769748.655,910579.730
SEC::HIG && DPT::MKG,SEC::MED && DPT::$ && CTR::$,,,,,same,same,failure,48,48,failure,failure,3783686.069,3693514.964
SEC::HIG && DPT::MKG,SEC::MED && DPT::$ && CTR::EN,,,,,same,same,failure,24,24,failure,failure,2093138.975,1813640.406
SEC::HIG && DPT::MKG,SEC::MED && DPT::$ && CTR::FR,,,,,same,same,failure,24,24,failure,failure,1841906.085,1835722.681
SEC::HIG && DPT::MKG,SEC::MED && DPT::DEV,,,,,different,TN_TN,failure,24,6,failure,failure,1837092.891,444717.329
SEC::HIG && DPT::MKG,SEC::MED && DPT::DEV && CTR::$,,,,,same,same,failure,24,24,failure,failure,1935325.962,1817746.934
SEC::HIG && DPT::MKG,SEC::MED && DPT::DEV && CTR::EN,,,,,same,same,failure,12,12,failure,failure,934202.586,897263.216
SEC::HIG && DPT::MKG,SEC::MED && DPT::DEV && CTR::FR,,,,,same,same,failure,12,12,failure,failure,927057.819,890028.310
SEC::HIG && DPT::MKG,SEC::MED && DPT::MKG,,,,,different,TN_TN,failure,24,6,failure,failure,1839978.063,444583.463
SEC::HIG && DPT::MKG,SEC::MED && DPT::MKG && CTR::$,,,,,same,same,failure,24,24,failure,failure,1809387.017,1827484.519
SEC::HIG && DPT::MKG,SEC::MED && DPT::MKG && CTR::EN,,,,,same,same,failure,12,12,failure,failure,894835.728,890337.005
SEC::HIG && DPT::MKG,SEC::MED && DPT::MKG && CTR::FR,,,,,same,same,failure,12,12,failure,failure,892103.387,891412.712
SEC::HIG && DPT::MKG && CTR::$,CTR::$,,,,,different,TN_FP,failure,80,4,success,failure,3183760.959,308279.345
SEC::HIG && DPT::MKG && CTR::$,CTR::EN,,,,,different,TN_TN,failure,40,2,failure,failure,3073442.709,155759.326
SEC::HIG && DPT::MKG && CTR::$,CTR::FR,,,,,different,TN_TN,failure,40,2,failure,failure,3149070.243,155652.334
SEC::HIG && DPT::MKG && CTR::$,DPT::$,,,,,different,TN_FP,failure,80,4,success,failure,4021555.387,309963.754
SEC::HIG && DPT::MKG && CTR::$,DPT::$ && CTR::$,,,,,different,TN_FP,failure,80,16,success,failure,3162015.891,1241000.166
SEC::HIG && DPT::MKG && CTR::$,DPT::$ && CTR::EN,,,,,different,TN_TN,failure,40,8,failure,failure,3097495.962,614016.527
SEC::HIG && DPT::MKG && CTR::$,DPT::$ && CTR::FR,,,,,different,TN_TN,failure,40,8,failure,failure,3111016.889,613712.967
SEC::HIG && DPT::MKG && CTR::$,DPT::DEV,,,,,different,TN_TN,failure,40,2,failure,failure,3098626.067,155072.938
SEC::HIG && DPT::MKG && CTR::$,DPT::DEV && CTR::$,,,,,different,TN_TN,failure,40,8,failure,failure,3068536.547,617040.614
SEC::HIG && DPT::MKG && CTR::$,DPT::DEV && CTR::EN,,,,,different,TN_TN,failure,20,4,failure,failure,1577317.493,308272.171
SEC::HIG && DPT::MKG && CTR::$,DPT::DEV && CTR::FR,,,,,different,TN_TN,failure,20,4,failure,failure,1807185.623,309909.508
SEC::HIG && DPT::MKG && CTR::$,DPT::MKG,,,,,different,TN_FP,failure,40,2,success,failure,1620558.092,156705.305
SEC::HIG && DPT::MKG && CTR::$,DPT::MKG && CTR::$,,,,,different,TN_FP,failure,40,8,success,failure,1654336.732,617616.454
SEC::HIG && DPT::MKG && CTR::$,DPT::MKG && CTR::EN,,,,,different,TN_TN,failure,20,4,failure,failure,1718361.451,310219.284
SEC::HIG && DPT::MKG && CTR::$,DPT::MKG && CTR::FR,,,,,different,TN_TN,failure,20,4,failure,failure,1545860.703,310167.968
SEC::HIG && DPT::MKG && CTR::$,SEC::$,,,,,different,TN_FP,failure,80,5,success,failure,3504425.015,390835.881
SEC::HIG && DPT::MKG && CTR::$,SEC::$ && CTR::$,,,,,different,TN_FP,failure,80,20,success,failure,3210095.211,1551778.513
SEC::HIG && DPT::MKG && CTR::$,SEC::$ && CTR::EN,,,,,different,TN_TN,failure,40,10,failure,failure,3083044.024,778833.241
SEC::HIG && DPT::MKG && CTR::$,SEC::$ && CTR::FR,,,,,different,TN_TN,failure,40,10,failure,failure,3071723.921,778841.226
SEC::HIG && DPT::MKG && CTR::$,SEC::$ && DPT::$,,,,,different,TN_FP,failure,80,20,success,failure,3290761.786,1573733.781
SEC::HIG && DPT::MKG && CTR::$,SEC::$ && DPT::$ && CTR::$,,,,,same,same,success,80,80,success,success,3149498.186,3360997.050
SEC::HIG && DPT::MKG && CTR::$,SEC::$ && DPT::$ && CTR::EN,,,,,same,same,failure,40,40,failure,failure,3140815.323,3141545.428
SEC::HIG && DPT::MKG && CTR::$,SEC::$ && DPT::$ && CTR::FR,,,,,same,same,failure,40,40,failure,failure,3042907.178,3138191.382
SEC::HIG && DPT::MKG && CTR::$,SEC::$ && DPT::DEV,,,,,different,TN_TN,failure,40,10,failure,failure,3060081.618,771237.453
SEC::HIG && DPT::MKG && CTR::$,SEC::$ && DPT::DEV && CTR::$,,,,,same,same,failure,40,40,failure,failure,3019714.118,3113077.069
SEC::HIG && DPT::MKG && CTR::$,SEC::$ && DPT::DEV && CTR::EN,,,,,same,same,failure,20,20,failure,failure,1498509.303,1550360.969
SEC::HIG && DPT::MKG && CTR::$,SEC::$ && DPT::DEV && CTR::FR,,,,,same,same,failure,20,20,failure,failure,1496725.978,1550340.025
SEC::HIG && DPT::MKG && CTR::$,SEC::$ && DPT::MKG,,,,,different,TN_FP,failure,40,10,success,failure,1654739.732,769047.105
SEC::HIG && DPT::MKG && CTR::$,SEC::$ && DPT::MKG && CTR::$,,,,,same,same,success,40,40,success,success,1727151.148,1628351.781
SEC::HIG && DPT::MKG && CTR::$,SEC::$ && DPT::MKG && CTR::EN,,,,,same,same,failure,20,20,failure,failure,1513870.908,1546905.242
SEC::HIG && DPT::MKG && CTR::$,SEC::$ && DPT::MKG && CTR::FR,,,,,same,same,failure,20,20,failure,failure,1534278.793,1556184.928
SEC::HIG && DPT::MKG && CTR::$,SEC::HIG,,,,,different,TN_FP,failure,64,4,success,failure,2504846.741,312705.161
SEC::HIG && DPT::MKG && CTR::$,SEC::HIG && CTR::$,,,,,different,TN_FP,failure,64,16,success,failure,2548937.584,1233653.961
SEC::HIG && DPT::MKG && CTR::$,SEC::HIG && CTR::EN,,,,,different,TN_TN,failure,32,8,failure,failure,2470714.888,621505.098
SEC::HIG && DPT::MKG && CTR::$,SEC::HIG && CTR::FR,,,,,different,TN_TN,failure,32,8,failure,failure,2484485.078,620826.095
SEC::HIG && DPT::MKG && CTR::$,SEC::HIG && DPT::$,,,,,different,TN_FP,failure,64,16,success,failure,2732629.098,1234731.613
SEC::HIG && DPT::MKG && CTR::$,SEC::HIG && DPT::$ && CTR::$,,,,,same,same,success,64,64,success,success,2574775.354,2777261.257
SEC::HIG && DPT::MKG && CTR::$,SEC::HIG && DPT::$ && CTR::EN,,,,,same,same,failure,32,32,failure,failure,3156215.936,2489693.678
SEC::HIG && DPT::MKG && CTR::$,SEC::HIG && DPT::$ && CTR::FR,,,,,same,same,failure,32,32,failure,failure,2534425.433,2492261.374
SEC::HIG && DPT::MKG && CTR::$,SEC::HIG && DPT::DEV,,,,,different,TN_TN,failure,32,8,failure,failure,2445042.979,617151.076
SEC::HIG && DPT::MKG && CTR::$,SEC::HIG && DPT::DEV && CTR::$,,,,,same,same,failure,32,32,failure,failure,2485465.552,2489620.860
SEC::HIG && DPT::MKG && CTR::$,SEC::HIG && DPT::DEV && CTR::EN,,,,,same,same,failure,16,16,failure,failure,1223943.252,1235176.577
SEC::HIG && DPT::MKG && CTR::$,SEC::HIG && DPT::DEV && CTR::FR,,,,,same,same,failure,16,16,failure,failure,1199301.094,1232195.836
SEC::HIG && DPT::MKG && CTR::$,SEC::HIG && DPT::MKG,,,,,different,TN_FP,failure,32,8,success,failure,1337285.067,621505.409
SEC::HIG && DPT::MKG && CTR::$,SEC::HIG && DPT::MKG && CTR::$,,,,,same,same,success,32,32,success,success,1325235.695,1373828.654
SEC::HIG && DPT::MKG && CTR::$,SEC::HIG && DPT::MKG && CTR::EN,,,,,same,same,failure,16,16,failure,failure,1199633.022,1249745.755
SEC::HIG && DPT::MKG && CTR::$,SEC::HIG && DPT::MKG && CTR::FR,,,,,same,same,failure,16,16,failure,failure,1210627.870,1243832.734
SEC::HIG && DPT::MKG && CTR::$,SEC::LOW,,,,,different,TN_TN,failure,32,2,failure,failure,2542768.793,155654.143
SEC::HIG && DPT::MKG && CTR::$,SEC::LOW && CTR::$,,,,,different,TN_TN,failure,32,8,failure,failure,2495034.601,612920.761
SEC::HIG && DPT::MKG && CTR::$,SEC::LOW && CTR::EN,,,,,different,TN_TN,failure,16,4,failure,failure,1241397.802,307377.348
SEC::HIG && DPT::MKG && CTR::$,SEC::LOW && CTR::FR,,,,,different,TN_TN,failure,16,4,failure,failure,1226338.519,308394.051
SEC::HIG && DPT::MKG && CTR::$,SEC::LOW && DPT::$,,,,,different,TN_TN,failure,32,8,failure,failure,2524978.693,614377.488
SEC::HIG && DPT::MKG && CTR::$,SEC::LOW && DPT::$ && CTR::$,,,,,same,same,failure,32,32,failure,failure,2478098.453,2495235.347
SEC::HIG && DPT::MKG && CTR::$,SEC::LOW && DPT::$ && CTR::EN,,,,,same,same,failure,16,16,failure,failure,1214718.408,1242924.250
SEC::HIG && DPT::MKG && CTR::$,SEC::LOW && DPT::$ && CTR::FR,,,,,same,same,failure,16,16,failure,failure,1259850.604,1239982.567
SEC::HIG && DPT::MKG && CTR::$,SEC::LOW && DPT::DEV,,,,,different,TN_TN,failure,16,4,failure,failure,1206288.280,308327.340
SEC::HIG && DPT::MKG && CTR::$,SEC::LOW && DPT::DEV && CTR::$,,,,,same,same,failure,16,16,failure,failure,1238038.781,1245490.343
SEC::HIG && DPT::MKG && CTR::$,SEC::LOW && DPT::DEV && CTR::EN,,,,,same,same,failure,8,8,failure,failure,599541.480,614452.454
SEC::HIG && DPT::MKG && CTR::$,SEC::LOW && DPT::DEV && CTR::FR,,,,,same,same,failure,8,8,failure,failure,600736.367,618770.294
SEC::HIG && DPT::MKG && CTR::$,SEC::LOW && DPT::MKG,,,,,different,TN_TN,failure,16,4,failure,failure,1249159.962,308342.959
SEC::HIG && DPT::MKG && CTR::$,SEC::LOW && DPT::MKG && CTR::$,,,,,same,same,failure,16,16,failure,failure,1231267.424,1234003.672
SEC::HIG && DPT::MKG && CTR::$,SEC::LOW && DPT::MKG && CTR::EN,,,,,same,same,failure,8,8,failure,failure,650102.625,617409.942
SEC::HIG && DPT::MKG && CTR::$,SEC::LOW && DPT::MKG && CTR::FR,,,,,same,same,failure,8,8,failure,failure,617448.855,616800.093
SEC::HIG && DPT::MKG && CTR::$,SEC::MED,,,,,different,TN_TN,failure,48,3,failure,failure,3694251.461,233568.611
SEC::HIG && DPT::MKG && CTR::$,SEC::MED && CTR::$,,,,,different,TN_TN,failure,48,12,failure,failure,3685895.107,922136.472
SEC::HIG && DPT::MKG && CTR::$,SEC::MED && CTR::EN,,,,,different,TN_TN,failure,24,6,failure,failure,1861018.360,466408.270
SEC::HIG && DPT::MKG && CTR::$,SEC::MED && CTR::FR,,,,,different,TN_TN,failure,24,6,failure,failure,1816540.751,465131.611
SEC::HIG && DPT::MKG && CTR::$,SEC::MED && DPT::$,,,,,different,TN_TN,failure,48,12,failure,failure,3682260.714,927538.120
SEC::HIG && DPT::MKG && CTR::$,SEC::MED && DPT::$ && CTR::$,,,,,same,same,failure,48,48,failure,failure,3862056.868,3771987.515
SEC::HIG && DPT::MKG && CTR::$,SEC::MED && DPT::$ && CTR::EN,,,,,same,same,failure,24,24,failure,failure,1833730.755,1865971.646
SEC::HIG && DPT::MKG && CTR::$,SEC::MED && DPT::$ && CTR::FR,,,,,same,same,failure,24,24,failure,failure,1807871.444,1873961.157
SEC::HIG && DPT::MKG && CTR::$,SEC::MED && DPT::DEV,,,,,different,TN_TN,failure,24,6,failure,failure,1841316.684,461621.452
SEC::HIG && DPT::MKG && CTR::$,SEC::MED && DPT::DEV && CTR::$,,,,,same,same,failure,24,24,failure,failure,1815876.986,1859367.558
SEC::HIG && DPT::MKG && CTR::$,SEC::MED && DPT::DEV && CTR::EN,,,,,same,same,failure,12,12,failure,failure,902628.761,923474.482
SEC::HIG && DPT::MKG && CTR::$,SEC::MED && DPT::DEV && CTR::FR,,,,,same,same,failure,12,12,failure,failure,908396.770,920929.669
SEC::HIG && DPT::MKG && CTR::$,SEC::MED && DPT::MKG,,,,,different,TN_TN,failure,24,6,failure,failure,1839643.571,460951.399
SEC::HIG && DPT::MKG && CTR::$,SEC::MED && DPT::MKG && CTR::$,,,,,same,same,failure,24,24,failure,failure,1819708.763,1866134.917
SEC::HIG && DPT::MKG && CTR::$,SEC::MED && DPT::MKG && CTR::EN,,,,,same,same,failure,12,12,failure,failure,903892.221,920857.789
SEC::HIG && DPT::MKG && CTR::$,SEC::MED && DPT::MKG && CTR::FR,,,,,same,same,failure,12,12,failure,failure,914016.806,921490.395
SEC::HIG && DPT::MKG && CTR::EN,CTR::$,,,,,different,TN_FP,failure,80,4,success,failure,3168522.075,315450.015
SEC::HIG && DPT::MKG && CTR::EN,CTR::EN,,,,,different,TN_FP,failure,40,2,success,failure,1785788.377,159703.954
SEC::HIG && DPT::MKG && CTR::EN,CTR::FR,,,,,different,TN_TN,failure,40,2,failure,failure,3089835.839,159597.710
SEC::HIG && DPT::MKG && CTR::EN,DPT::$,,,,,different,TN_FP,failure,80,4,success,failure,3187676.604,320619.416
SEC::HIG && DPT::MKG && CTR::EN,DPT::$ && CTR::$,,,,,different,TN_FP,failure,80,16,success,failure,3553619.637,1298685.494
SEC::HIG && DPT::MKG && CTR::EN,DPT::$ && CTR::EN,,,,,different,TN_FP,failure,40,8,success,failure,1686665.758,648183.174
SEC::HIG && DPT::MKG && CTR::EN,DPT::$ && CTR::FR,,,,,different,TN_TN,failure,40,8,failure,failure,3342190.779,641517.732
SEC::HIG && DPT::MKG && CTR::EN,DPT::DEV,,,,,different,TN_TN,failure,40,2,failure,failure,3430020.135,159663.408
SEC::HIG && DPT::MKG && CTR::EN,DPT::DEV && CTR::$,,,,,different,TN_TN,failure,40,8,failure,failure,3145761.888,631487.432
SEC::HIG && DPT::MKG && CTR::EN,DPT::DEV && CTR::EN,,,,,different,TN_TN,failure,20,4,failure,failure,1525284.893,315066.351
SEC::HIG && DPT::MKG && CTR::EN,DPT::DEV && CTR::FR,,,,,different,TN_TN,failure,20,4,failure,failure,1547860.429,321269.877
SEC::HIG && DPT::MKG && CTR::EN,DPT::MKG,,,,,different,TN_FP,failure,40,2,success,failure,1721096.667,162083.043
SEC::HIG && DPT::MKG && CTR::EN,DPT::MKG && CTR::$,,,,,different,TN_FP,failure,40,8,success,failure,1683885.904,649733.763
SEC::HIG && DPT::MKG && CTR::EN,DPT::MKG && CTR::EN,,,,,different,TN_FP,failure,20,4,success,failure,892445.390,318197.118
SEC::HIG && DPT::MKG && CTR::EN,DPT::MKG && CTR::FR,,,,,different,TN_TN,failure,20,4,failure,failure,1548216.316,319592.385
SEC::HIG && DPT::MKG && CTR::EN,SEC::$,,,,,different,TN_FP,failure,80,5,success,failure,3162682.195,398525.289
SEC::HIG && DPT::MKG && CTR::EN,SEC::$ && CTR::$,,,,,different,TN_FP,failure,80,20,success,failure,3235321.564,1585708.292
SEC::HIG && DPT::MKG && CTR::EN,SEC::$ && CTR::EN,,,,,different,TN_FP,failure,40,10,success,failure,1620955.897,784779.855
SEC::HIG && DPT::MKG && CTR::EN,SEC::$ && CTR::FR,,,,,different,TN_TN,failure,40,10,failure,failure,3056238.022,789529.269
SEC::HIG && DPT::MKG && CTR::EN,SEC::$ && DPT::$,,,,,different,TN_FP,failure,80,20,success,failure,3078057.130,1582027.288
SEC::HIG && DPT::MKG && CTR::EN,SEC::$ && DPT::$ && CTR::$,,,,,same,same,success,80,80,success,success,3305298.303,3492635.084
SEC::HIG && DPT::MKG && CTR::EN,SEC::$ && DPT::$ && CTR::EN,,,,,same,same,success,40,40,success,success,1824548.481,1805867.947
SEC::HIG && DPT::MKG && CTR::EN,SEC::$ && DPT::$ && CTR::FR,,,,,same,same,failure,40,40,failure,failure,3126504.621,3184192.518
SEC::HIG && DPT::MKG && CTR::EN,SEC::$ && DPT::DEV,,,,,different,TN_TN,failure,40,10,failure,failure,3063373.818,786761.678
SEC::HIG && DPT::MKG && CTR::EN,SEC::$ && DPT::DEV && CTR::$,,,,,same,same,failure,40,40,failure,failure,3053618.720,3185896.109
SEC::HIG && DPT::MKG && CTR::EN,SEC::$ && DPT::DEV && CTR::EN,,,,,same,same,failure,20,20,failure,failure,1530543.923,1582697.634
SEC::HIG && DPT::MKG && CTR::EN,SEC::$ && DPT::DEV && CTR::FR,,,,,same,same,failure,20,20,failure,failure,1540626.906,1583243.363
SEC::HIG && DPT::MKG && CTR::EN,SEC::$ && DPT::MKG,,,,,different,TN_FP,failure,40,10,success,failure,1655992.468,785077.414
SEC::HIG && DPT::MKG && CTR::EN,SEC::$ && DPT::MKG && CTR::$,,,,,same,same,success,40,40,success,success,1633145.768,1717537.330
SEC::HIG && DPT::MKG && CTR::EN,SEC::$ && DPT::MKG && CTR::EN,,,,,same,same,success,20,20,success,success,977910.189,960656.517
SEC::HIG && DPT::MKG && CTR::EN,SEC::$ && DPT::MKG && CTR::FR,,,,,same,same,failure,20,20,failure,failure,1541142.893,1578900.482
SEC::HIG && DPT::MKG && CTR::EN,SEC::HIG,,,,,different,TN_FP,failure,64,4,success,failure,2781327.369,316296.914
SEC::HIG && DPT::MKG && CTR::EN,SEC::HIG && CTR::$,,,,,different,TN_FP,failure,64,16,success,failure,2569796.269,1276815.637
SEC::HIG && DPT::MKG && CTR::EN,SEC::HIG && CTR::EN,,,,,different,TN_FP,failure,32,8,success,failure,1387428.775,628454.845
SEC::HIG && DPT::MKG && CTR::EN,SEC::HIG && CTR::FR,,,,,different,TN_TN,failure,32,8,failure,failure,2486152.465,631409.071
SEC::HIG && DPT::MKG && CTR::EN,SEC::HIG && DPT::$,,,,,different,TN_FP,failure,64,16,success,failure,2852698.399,1262659.177
SEC::HIG && DPT::MKG && CTR::EN,SEC::HIG && DPT::$ && CTR::$,,,,,same,same,success,64,64,success,success,2516944.528,2711933.484
SEC::HIG && DPT::MKG && CTR::EN,SEC::HIG && DPT::$ && CTR::EN,,,,,same,same,success,32,32,success,success,1300608.647,1393008.170
SEC::HIG && DPT::MKG && CTR::EN,SEC::HIG && DPT::$ && CTR::FR,,,,,same,same,failure,32,32,failure,failure,2488996.891,2540597.129
SEC::HIG && DPT::MKG && CTR::EN,SEC::HIG && DPT::DEV,,,,,different,TN_TN,failure,32,8,failure,failure,2562491.674,630175.892
SEC::HIG && DPT::MKG && CTR::EN,SEC::HIG && DPT::DEV && CTR::$,,,,,same,same,failure,32,32,failure,failure,2528392.201,2552295.939
SEC::HIG && DPT::MKG && CTR::EN,SEC::HIG && DPT::DEV && CTR::EN,,,,,same,same,failure,16,16,failure,failure,1255480.888,1264840.995
SEC::HIG && DPT::MKG && CTR::EN,SEC::HIG && DPT::DEV && CTR::FR,,,,,same,same,failure,16,16,failure,failure,1252614.586,1278424.515
SEC::HIG && DPT::MKG && CTR::EN,SEC::HIG && DPT::MKG,,,,,different,TN_FP,failure,32,8,success,failure,1401140.023,629676.245
SEC::HIG && DPT::MKG && CTR::EN,SEC::HIG && DPT::MKG && CTR::$,,,,,same,same,success,32,32,success,success,1374804.053,1397977.441
SEC::HIG && DPT::MKG && CTR::EN,SEC::HIG && DPT::MKG && CTR::EN,,,,,same,same,success,16,16,success,success,770864.509,781289.123
SEC::HIG && DPT::MKG && CTR::EN,SEC::HIG && DPT::MKG && CTR::FR,,,,,same,same,failure,16,16,failure,failure,1271843.265,1258376.420
SEC::HIG && DPT::MKG && CTR::EN,SEC::LOW,,,,,different,TN_TN,failure,32,2,failure,failure,2508823.921,162594.151
SEC::HIG && DPT::MKG && CTR::EN,SEC::LOW && CTR::$,,,,,different,TN_TN,failure,32,8,failure,failure,2553020.187,648260.770
SEC::HIG && DPT::MKG && CTR::EN,SEC::LOW && CTR::EN,,,,,different,TN_TN,failure,16,4,failure,failure,1253956.554,331396.677
SEC::HIG && DPT::MKG && CTR::EN,SEC::LOW && CTR::FR,,,,,different,TN_TN,failure,16,4,failure,failure,1235754.096,320519.379
SEC::HIG && DPT::MKG && CTR::EN,SEC::LOW && DPT::$,,,,,different,TN_TN,failure,32,8,failure,failure,2451679.282,633413.831
SEC::HIG && DPT::MKG && CTR::EN,SEC::LOW && DPT::$ && CTR::$,,,,,same,same,failure,32,32,failure,failure,2480248.245,2546715.766
SEC::HIG && DPT::MKG && CTR::EN,SEC::LOW && DPT::$ && CTR::EN,,,,,same,same,failure,16,16,failure,failure,1211422.741,1268922.867
SEC::HIG && DPT::MKG && CTR::EN,SEC::LOW && DPT::$ && CTR::FR,,,,,same,same,failure,16,16,failure,failure,1213632.070,1260287.008
SEC::HIG && DPT::MKG && CTR::EN,SEC::LOW && DPT::DEV,,,,,different,TN_TN,failure,16,4,failure,failure,1242635.899,325423.714
SEC::HIG && DPT::MKG && CTR::EN,SEC::LOW && DPT::DEV && CTR::$,,,,,same,same,failure,16,16,failure,failure,1256036.154,1262963.414
SEC::HIG && DPT::MKG && CTR::EN,SEC::LOW && DPT::DEV && CTR::EN,,,,,same,same,failure,8,8,failure,failure,615995.193,639105.988
SEC::HIG && DPT::MKG && CTR::EN,SEC::LOW && DPT::DEV && CTR::FR,,,,,same,same,failure,8,8,failure,failure,626736.726,642719.071
SEC::HIG && DPT::MKG && CTR::EN,SEC::LOW && DPT::MKG,,,,,different,TN_TN,failure,16,4,failure,failure,1312208.510,315974.313
SEC::HIG && DPT::MKG && CTR::EN,SEC::LOW && DPT::MKG && CTR::$,,,,,same,same,failure,16,16,failure,failure,1230794.066,1271459.374
SEC::HIG && DPT::MKG && CTR::EN,SEC::LOW && DPT::MKG && CTR::EN,,,,,same,same,failure,8,8,failure,failure,629859.179,632360.340
SEC::HIG && DPT::MKG && CTR::EN,SEC::LOW && DPT::MKG && CTR::FR,,,,,same,same,failure,8,8,failure,failure,612843.280,629140.125
SEC::HIG && DPT::MKG && CTR::EN,SEC::MED,,,,,different,TN_TN,failure,48,3,failure,failure,3715500.289,237909.118
SEC::HIG && DPT::MKG && CTR::EN,SEC::MED && CTR::$,,,,,different,TN_TN,failure,48,12,failure,failure,3998860.181,946586.625
SEC::HIG && DPT::MKG && CTR::EN,SEC::MED && CTR::EN,,,,,different,TN_TN,failure,24,6,failure,failure,1882750.769,473115.591
SEC::HIG && DPT::MKG && CTR::EN,SEC::MED && CTR::FR,,,,,different,TN_TN,failure,24,6,failure,failure,2140352.461,472367.803
SEC::HIG && DPT::MKG && CTR::EN,SEC::MED && DPT::$,,,,,different,TN_TN,failure,48,12,failure,failure,3738623.462,948521.950
SEC::HIG && DPT::MKG && CTR::EN,SEC::MED && DPT::$ && CTR::$,,,,,same,same,failure,48,48,failure,failure,3723007.676,3820166.036
SEC::HIG && DPT::MKG && CTR::EN,SEC::MED && DPT::$ && CTR::EN,,,,,same,same,failure,24,24,failure,failure,1850865.931,1905488.650
SEC::HIG && DPT::MKG && CTR::EN,SEC::MED && DPT::$ && CTR::FR,,,,,same,same,failure,24,24,failure,failure,1858077.002,1906676.563
SEC::HIG && DPT::MKG && CTR::EN,SEC::MED && DPT::DEV,,,,,different,TN_TN,failure,24,6,failure,failure,1867461.861,471549.504
SEC::HIG && DPT::MKG && CTR::EN,SEC::MED && DPT::DEV && CTR::$,,,,,same,same,failure,24,24,failure,failure,1830183.436,1907803.371
SEC::HIG && DPT::MKG && CTR::EN,SEC::MED && DPT::DEV && CTR::EN,,,,,same,same,failure,12,12,failure,failure,898453.799,941383.655
SEC::HIG && DPT::MKG && CTR::EN,SEC::MED && DPT::DEV && CTR::FR,,,,,same,same,failure,12,12,failure,failure,908760.583,944813.754
SEC::HIG && DPT::MKG && CTR::EN,SEC::MED && DPT::MKG,,,,,different,TN_TN,failure,24,6,failure,failure,1854185.989,473015.394
SEC::HIG && DPT::MKG && CTR::EN,SEC::MED && DPT::MKG && CTR::$,,,,,same,same,failure,24,24,failure,failure,1907275.812,1909149.982
SEC::HIG && DPT::MKG && CTR::EN,SEC::MED && DPT::MKG && CTR::EN,,,,,same,same,failure,12,12,failure,failure,906242.825,946095.042
SEC::HIG && DPT::MKG && CTR::EN,SEC::MED && DPT::MKG && CTR::FR,,,,,same,same,failure,12,12,failure,failure,896404.861,944831.222
SEC::HIG && DPT::MKG && CTR::FR,CTR::$,,,,,different,TN_FP,failure,80,4,success,failure,3719321.852,299371.331
SEC::HIG && DPT::MKG && CTR::FR,CTR::EN,,,,,different,TN_TN,failure,40,2,failure,failure,3339274.984,155007.390
SEC::HIG && DPT::MKG && CTR::FR,CTR::FR,,,,,different,TN_FP,failure,40,2,success,failure,1767493.786,151151.868
SEC::HIG && DPT::MKG && CTR::FR,DPT::$,,,,,different,TN_FP,failure,80,4,success,failure,3749156.369,301218.205
SEC::HIG && DPT::MKG && CTR::FR,DPT::$ && CTR::$,,,,,different,TN_FP,failure,80,16,success,failure,3453178.729,1232881.637
SEC::HIG && DPT::MKG && CTR::FR,DPT::$ && CTR::EN,,,,,different,TN_TN,failure,40,8,failure,failure,3297867.705,607927.289
SEC::HIG && DPT::MKG && CTR::FR,DPT::$ && CTR::FR,,,,,different,TN_FP,failure,40,8,success,failure,1853245.104,613250.955
SEC::HIG && DPT::MKG && CTR::FR,DPT::DEV,,,,,different,TN_TN,failure,40,2,failure,failure,3291573.999,150226.763
SEC::HIG && DPT::MKG && CTR::FR,DPT::DEV && CTR::$,,,,,different,TN_TN,failure,40,8,failure,failure,3641230.347,603608.839
SEC::HIG && DPT::MKG && CTR::FR,DPT::DEV && CTR::EN,,,,,different,TN_TN,failure,20,4,failure,failure,1638390.826,300027.987
SEC::HIG && DPT::MKG && CTR::FR,DPT::DEV && CTR::FR,,,,,different,TN_TN,failure,20,4,failure,failure,1634592.596,300995.807
SEC::HIG && DPT::MKG && CTR::FR,DPT::MKG,,,,,different,TN_FP,failure,40,2,success,failure,1791396.181,151219.059
SEC::HIG && DPT::MKG && CTR::FR,DPT::MKG && CTR::$,,,,,different,TN_FP,failure,40,8,success,failure,1767652.343,614408.121
SEC::HIG && DPT::MKG && CTR::FR,DPT::MKG && CTR::EN,,,,,different,TN_TN,failure,20,4,failure,failure,1629495.842,319535.999
SEC::HIG && DPT::MKG && CTR::FR,DPT::MKG && CTR::FR,,,,,different,TN_FP,failure,20,4,success,failure,979348.488,305277.595
SEC::HIG && DPT::MKG && CTR::FR,SEC::$,,,,,different,TN_FP,failure,80,5,success,failure,3492144.464,372521.903
SEC::HIG && DPT::MKG && CTR::FR,SEC::$ && CTR::$,,,,,different,TN_FP,failure,80,20,success,failure,3391153.405,1519752.445
SEC::HIG && DPT::MKG && CTR::FR,SEC::$ && CTR::EN,,,,,different,TN_TN,failure,40,10,failure,failure,3311808.990,749023.451
SEC::HIG && DPT::MKG && CTR::FR,SEC::$ && CTR::FR,,,,,different,TN_FP,failure,40,10,success,failure,1917830.711,754108.819
SEC::HIG && DPT::MKG && CTR::FR,SEC::$ && DPT::$,,,,,different,TN_FP,failure,80,20,success,failure,3328905.063,1515897.089
SEC::HIG && DPT::MKG && CTR::FR,SEC::$ && DPT::$ && CTR::$,,,,,same,same,success,80,80,success,success,3380694.357,3089340.049
SEC::HIG && DPT::MKG && CTR::FR,SEC::$ && DPT::$ && CTR::EN,,,,,same,same,failure,40,40,failure,failure,3274894.027,3050342.484
SEC::HIG && DPT::MKG && CTR::FR,SEC::$ && DPT::$ && CTR::FR,,,,,same,same,success,40,40,success,success,1765185.972,1563240.212
SEC::HIG && DPT::MKG && CTR::FR,SEC::$ && DPT::DEV,,,,,different,TN_TN,failure,40,10,failure,failure,3273010.689,754256.396
SEC::HIG && DPT::MKG && CTR::FR,SEC::$ && DPT::DEV && CTR::$,,,,,same,same,failure,40,40,failure,failure,3261923.627,3033789.159
SEC::HIG && DPT::MKG && CTR::FR,SEC::$ && DPT::DEV && CTR::EN,,,,,same,same,failure,20,20,failure,failure,1640022.482,1524973.459
SEC::HIG && DPT::MKG && CTR::FR,SEC::$ && DPT::DEV && CTR::FR,,,,,same,same,failure,20,20,failure,failure,1630162.487,1513407.944
SEC::HIG && DPT::MKG && CTR::FR,SEC::$ && DPT::MKG,,,,,different,TN_FP,failure,40,10,success,failure,1765748.803,742939.970
SEC::HIG && DPT::MKG && CTR::FR,SEC::$ && DPT::MKG && CTR::$,,,,,same,same,success,40,40,success,success,1795975.776,1572687.463
SEC::HIG && DPT::MKG && CTR::FR,SEC::$ && DPT::MKG && CTR::EN,,,,,same,same,failure,20,20,failure,failure,1612666.755,1500859.978
SEC::HIG && DPT::MKG && CTR::FR,SEC::$ && DPT::MKG && CTR::FR,,,,,same,same,success,20,20,success,success,995963.323,927025.233
SEC::HIG && DPT::MKG && CTR::FR,SEC::HIG,,,,,different,TN_FP,failure,64,4,success,failure,2914761.889,300979.272
SEC::HIG && DPT::MKG && CTR::FR,SEC::HIG && CTR::$,,,,,different,TN_FP,failure,64,16,success,failure,2784144.268,1210727.812
SEC::HIG && DPT::MKG && CTR::FR,SEC::HIG && CTR::EN,,,,,different,TN_TN,failure,32,8,failure,failure,2624087.752,599934.492
SEC::HIG && DPT::MKG && CTR::FR,SEC::HIG && CTR::FR,,,,,different,TN_FP,failure,32,8,success,failure,1507123.291,601238.894
SEC::HIG && DPT::MKG && CTR::FR,SEC::HIG && DPT::$,,,,,different,TN_FP,failure,64,16,success,failure,2757554.542,1199438.236
SEC::HIG && DPT::MKG && CTR::FR,SEC::HIG && DPT::$ && CTR::$,,,,,same,same,success,64,64,success,success,2832981.510,2591296.544
SEC::HIG && DPT::MKG && CTR::FR,SEC::HIG && DPT::$ && CTR::EN,,,,,same,same,failure,32,32,failure,failure,2713180.062,2417984.249
SEC::HIG && DPT::MKG && CTR::FR,SEC::HIG && DPT::$ && CTR::FR,,,,,same,same,success,32,32,success,success,1640860.063,1419495.318
SEC::HIG && DPT::MKG && CTR::FR,SEC::HIG && DPT::DEV,,,,,different,TN_TN,failure,32,8,failure,failure,2639284.863,601002.756
SEC::HIG && DPT::MKG && CTR::FR,SEC::HIG && DPT::DEV && CTR::$,,,,,same,same,failure,32,32,failure,failure,3385121.195,2444593.546
SEC::HIG && DPT::MKG && CTR::FR,SEC::HIG && DPT::DEV && CTR::EN,,,,,same,same,failure,16,16,failure,failure,1306841.873,1207381.310
SEC::HIG && DPT::MKG && CTR::FR,SEC::HIG && DPT::DEV && CTR::FR,,,,,same,same,failure,16,16,failure,failure,1301755.062,1205750.191
SEC::HIG && DPT::MKG && CTR::FR,SEC::HIG && DPT::MKG,,,,,different,TN_FP,failure,32,8,success,failure,1916235.118,595584.808
SEC::HIG && DPT::MKG && CTR::FR,SEC::HIG && DPT::MKG && CTR::$,,,,,same,same,success,32,32,success,success,1407875.617,1463931.303
SEC::HIG && DPT::MKG && CTR::FR,SEC::HIG && DPT::MKG && CTR::EN,,,,,same,same,failure,16,16,failure,failure,1296448.202,1201897.749
SEC::HIG && DPT::MKG && CTR::FR,SEC::HIG && DPT::MKG && CTR::FR,,,,,same,same,success,16,16,success,success,816183.206,709380.921
SEC::HIG && DPT::MKG && CTR::FR,SEC::LOW,,,,,different,TN_TN,failure,32,2,failure,failure,2670740.957,150811.991
SEC::HIG && DPT::MKG && CTR::FR,SEC::LOW && CTR::$,,,,,different,TN_TN,failure,32,8,failure,failure,2951594.814,609583.862
SEC::HIG && DPT::MKG && CTR::FR,SEC::LOW && CTR::EN,,,,,different,TN_TN,failure,16,4,failure,failure,1334637.275,299386.950
SEC::HIG && DPT::MKG && CTR::FR,SEC::LOW && CTR::FR,,,,,different,TN_TN,failure,16,4,failure,failure,1324748.111,303396.330
SEC::HIG && DPT::MKG && CTR::FR,SEC::LOW && DPT::$,,,,,different,TN_TN,failure,32,8,failure,failure,2891453.218,596827.399
SEC::HIG && DPT::MKG && CTR::FR,SEC::LOW && DPT::$ && CTR::$,,,,,same,same,failure,32,32,failure,failure,2722229.291,2487872.762
SEC::HIG && DPT::MKG && CTR::FR,SEC::LOW && DPT::$ && CTR::EN,,,,,same,same,failure,16,16,failure,failure,1361171.702,1204070.891
SEC::HIG && DPT::MKG && CTR::FR,SEC::LOW && DPT::$ && CTR::FR,,,,,same,same,failure,16,16,failure,failure,1327491.547,1207916.854
SEC::HIG && DPT::MKG && CTR::FR,SEC::LOW && DPT::DEV,,,,,different,TN_TN,failure,16,4,failure,failure,1367304.562,301201.363
SEC::HIG && DPT::MKG && CTR::FR,SEC::LOW && DPT::DEV && CTR::$,,,,,same,same,failure,16,16,failure,failure,1312543.994,1228979.488
SEC::HIG && DPT::MKG && CTR::FR,SEC::LOW && DPT::DEV && CTR::EN,,,,,same,same,failure,8,8,failure,failure,661423.686,604769.691
SEC::HIG && DPT::MKG && CTR::FR,SEC::LOW && DPT::DEV && CTR::FR,,,,,same,same,failure,8,8,failure,failure,648736.272,602091.568
SEC::HIG && DPT::MKG && CTR::FR,SEC::LOW && DPT::MKG,,,,,different,TN_TN,failure,16,4,failure,failure,1331731.305,310309.603
SEC::HIG && DPT::MKG && CTR::FR,SEC::LOW && DPT::MKG && CTR::$,,,,,same,same,failure,16,16,failure,failure,1308300.094,1206126.812
SEC::HIG && DPT::MKG && CTR::FR,SEC::LOW && DPT::MKG && CTR::EN,,,,,same,same,failure,8,8,failure,failure,652696.039,610388.416
SEC::HIG && DPT::MKG && CTR::FR,SEC::LOW && DPT::MKG && CTR::FR,,,,,same,same,failure,8,8,failure,failure,651734.255,612063.448
SEC::HIG && DPT::MKG && CTR::FR,SEC::MED,,,,,different,TN_TN,failure,48,3,failure,failure,4015150.453,235021.922
SEC::HIG && DPT::MKG && CTR::FR,SEC::MED && CTR::$,,,,,different,TN_TN,failure,48,12,failure,failure,3926943.638,918564.453
SEC::HIG && DPT::MKG && CTR::FR,SEC::MED && CTR::EN,,,,,different,TN_TN,failure,24,6,failure,failure,1979706.154,453343.128
SEC::HIG && DPT::MKG && CTR::FR,SEC::MED && CTR::FR,,,,,different,TN_TN,failure,24,6,failure,failure,2008359.065,459769.758
SEC::HIG && DPT::MKG && CTR::FR,SEC::MED && DPT::$,,,,,different,TN_TN,failure,48,12,failure,failure,3956713.615,903926.921
SEC::HIG && DPT::MKG && CTR::FR,SEC::MED && DPT::$ && CTR::$,,,,,same,same,failure,48,48,failure,failure,3979424.345,3665089.486
SEC::HIG && DPT::MKG && CTR::FR,SEC::MED && DPT::$ && CTR::EN,,,,,same,same,failure,24,24,failure,failure,1981946.411,1822766.269
SEC::HIG && DPT::MKG && CTR::FR,SEC::MED && DPT::$ && CTR::FR,,,,,same,same,failure,24,24,failure,failure,1961580.224,1820361.227
SEC::HIG && DPT::MKG && CTR::FR,SEC::MED && DPT::DEV,,,,,different,TN_TN,failure,24,6,failure,failure,1969835.474,468576.662
SEC::HIG && DPT::MKG && CTR::FR,SEC::MED && DPT::DEV && CTR::$,,,,,same,same,failure,24,24,failure,failure,1955806.003,1833942.317
SEC::HIG && DPT::MKG && CTR::FR,SEC::MED && DPT::DEV && CTR::EN,,,,,same,same,failure,12,12,failure,failure,1007074.064,912746.975
SEC::HIG && DPT::MKG && CTR::FR,SEC::MED && DPT::DEV && CTR::FR,,,,,same,same,failure,12,12,failure,failure,981355.477,925605.139
SEC::HIG && DPT::MKG && CTR::FR,SEC::MED && DPT::MKG,,,,,different,TN_TN,failure,24,6,failure,failure,1950729.876,449930.567
SEC::HIG && DPT::MKG && CTR::FR,SEC::MED && DPT::MKG && CTR::$,,,,,same,same,failure,24,24,failure,failure,1986803.501,1828996.019
SEC::HIG && DPT::MKG && CTR::FR,SEC::MED && DPT::MKG && CTR::EN,,,,,same,same,failure,12,12,failure,failure,972644.733,901325.451
SEC::HIG && DPT::MKG && CTR::FR,SEC::MED && DPT::MKG && CTR::FR,,,,,same,same,failure,12,12,failure,failure,986359.444,907959.870
SEC::LOW,CTR::$,,,,,different,TN_FP,failure,80,4,success,failure,3421427.752,300366.317
SEC::LOW,CTR::EN,,,,,different,TN_FP,failure,40,2,success,failure,1973735.248,155217.364
SEC::LOW,CTR::FR,,,,,different,TN_FP,failure,40,2,success,failure,1914825.379,160772.630
SEC::LOW,DPT::$,,,,,different,TN_FP,failure,80,4,success,failure,3146102.235,296107.939
SEC::LOW,DPT::$ && CTR::$,,,,,different,TN_FP,failure,80,16,success,failure,3230544.123,1251071.131
SEC::LOW,DPT::$ && CTR::EN,,,,,different,TN_FP,failure,40,8,success,failure,1682905.951,624593.341
SEC::LOW,DPT::$ && CTR::FR,,,,,different,TN_FP,failure,40,8,success,failure,1702002.531,661102.382
SEC::LOW,DPT::DEV,,,,,different,TN_FP,failure,40,2,success,failure,1841502.744,149739.559
SEC::LOW,DPT::DEV && CTR::$,,,,,different,TN_FP,failure,40,8,success,failure,1651548.391,596558.124
SEC::LOW,DPT::DEV && CTR::EN,,,,,different,TN_FP,failure,20,4,success,failure,1131357.523,299327.529
SEC::LOW,DPT::DEV && CTR::FR,,,,,different,TN_FP,failure,20,4,success,failure,987350.643,297971.951
SEC::LOW,DPT::MKG,,,,,different,TN_FP,failure,40,2,success,failure,1680507.332,150149.709
SEC::LOW,DPT::MKG && CTR::$,,,,,different,TN_FP,failure,40,8,success,failure,1745748.998,596172.305
SEC::LOW,DPT::MKG && CTR::EN,,,,,different,TN_FP,failure,20,4,success,failure,886904.431,298336.309
SEC::LOW,DPT::MKG && CTR::FR,,,,,different,TN_FP,failure,20,4,success,failure,881021.025,300387.161
SEC::LOW,SEC::$,,,,,different,TP_TP,success,80,5,success,success,3867872.126,315790.294
SEC::LOW,SEC::$ && CTR::$,,,,,different,TP_TP,success,80,20,success,success,3521051.342,914119.144
SEC::LOW,SEC::$ && CTR::EN,,,,,different,TP_TP,success,40,10,success,success,1872201.351,528882.071
SEC::LOW,SEC::$ && CTR::FR,,,,,different,TP_TP,success,40,10,success,success,1990681.035,509774.304
SEC::LOW,SEC::$ && DPT::$,,,,,different,TP_TP,success,80,20,success,success,3108554.380,880790.708
SEC::LOW,SEC::$ && DPT::$ && CTR::$,,,,,same,same,success,80,80,success,success,3220661.285,3231092.697
SEC::LOW,SEC::$ && DPT::$ && CTR::EN,,,,,same,same,success,40,40,success,success,1651728.545,1660355.116
SEC::LOW,SEC::$ && DPT::$ && CTR::FR,,,,,same,same,success,40,40,success,success,1672233.697,1631772.893
SEC::LOW,SEC::$ && DPT::DEV,,,,,different,TP_TP,success,40,10,success,success,1839919.133,558029.178
SEC::LOW,SEC::$ && DPT::DEV && CTR::$,,,,,same,same,success,40,40,success,success,1668269.872,1614334.683
SEC::LOW,SEC::$ && DPT::DEV && CTR::EN,,,,,same,same,success,20,20,success,success,1000268.929,859394.659
SEC::LOW,SEC::$ && DPT::DEV && CTR::FR,,,,,same,same,success,20,20,success,success,981612.400,930123.639
SEC::LOW,SEC::$ && DPT::MKG,,,,,different,TP_TP,success,40,10,success,success,1659242.739,509240.237
SEC::LOW,SEC::$ && DPT::MKG && CTR::$,,,,,same,same,success,40,40,success,success,1636412.360,1774432.671
SEC::LOW,SEC::$ && DPT::MKG && CTR::EN,,,,,same,same,success,20,20,success,success,918169.376,903026.262
SEC::LOW,SEC::$ && DPT::MKG && CTR::FR,,,,,same,same,success,20,20,success,success,921540.654,948048.502
SEC::LOW,SEC::HIG,,,,,different,TP_TP,success,64,4,success,success,2535068.830,287008.807
SEC::LOW,SEC::HIG && CTR::$,,,,,different,TP_TP,success,64,16,success,success,2889748.490,733323.667
SEC::LOW,SEC::HIG && CTR::EN,,,,,different,TP_TP,success,32,8,success,success,1407224.070,427299.317
SEC::LOW,SEC::HIG && CTR::FR,,,,,different,TP_TP,success,32,8,success,success,1465217.927,429342.369
SEC::LOW,SEC::HIG && DPT::$,,,,,different,TP_TP,success,64,16,success,success,2902644.430,747974.188
SEC::LOW,SEC::HIG && DPT::$ && CTR::$,,,,,same,same,success,64,64,success,success,2982825.945,2498500.942
SEC::LOW,SEC::HIG && DPT::$ && CTR::EN,,,,,same,same,success,32,32,success,success,1516950.495,1369767.015
SEC::LOW,SEC::HIG && DPT::$ && CTR::FR,,,,,same,same,success,32,32,success,success,1731016.769,1426585.242
SEC::LOW,SEC::HIG && DPT::DEV,,,,,different,TP_TP,success,32,8,success,success,1613960.376,453507.361
SEC::LOW,SEC::HIG && DPT::DEV && CTR::$,,,,,same,same,success,32,32,success,success,1479155.396,1448174.498
SEC::LOW,SEC::HIG && DPT::DEV && CTR::EN,,,,,same,same,success,16,16,success,success,803172.576,751824.816
SEC::LOW,SEC::HIG && DPT::DEV && CTR::FR,,,,,same,same,success,16,16,success,success,800657.723,720644.504
SEC::LOW,SEC::HIG && DPT::MKG,,,,,different,TP_TP,success,32,8,success,success,1522294.087,434620.595
SEC::LOW,SEC::HIG && DPT::MKG && CTR::$,,,,,same,same,success,32,32,success,success,1591567.603,1431505.501
SEC::LOW,SEC::HIG && DPT::MKG && CTR::EN,,,,,same,same,success,16,16,success,success,848210.045,715903.100
SEC::LOW,SEC::HIG && DPT::MKG && CTR::FR,,,,,same,same,success,16,16,success,success,860794.250,703731.454
SEC::LOW,SEC::LOW,,,,,different,TP_TP,success,32,2,success,success,1468933.036,228560.642
SEC::LOW,SEC::LOW && CTR::$,,,,,different,TP_TP,success,32,8,success,success,1364160.218,446800.757
SEC::LOW,SEC::LOW && CTR::EN,,,,,different,TP_TP,success,16,4,success,success,791182.050,330606.450
SEC::LOW,SEC::LOW && CTR::FR,,,,,different,TP_TP,success,16,4,success,success,727265.453,296825.831
SEC::LOW,SEC::LOW && DPT::$,,,,,different,TP_TP,success,32,8,success,success,1415884.005,424603.830
SEC::LOW,SEC::LOW && DPT::$ && CTR::$,,,,,same,same,success,32,32,success,success,1480499.126,2081471.886
SEC::LOW,SEC::LOW && DPT::$ && CTR::EN,,,,,same,same,success,16,16,success,success,756889.891,779902.106
SEC::LOW,SEC::LOW && DPT::$ && CTR::FR,,,,,same,same,success,16,16,success,success,725919.403,1059110.982
SEC::LOW,SEC::LOW && DPT::DEV,,,,,different,TP_TP,success,16,4,success,success,803282.728,291800.149
SEC::LOW,SEC::LOW && DPT::DEV && CTR::$,,,,,same,same,success,16,16,success,success,727060.363,765937.086
SEC::LOW,SEC::LOW && DPT::DEV && CTR::EN,,,,,same,same,success,8,8,success,success,609214.028,459359.128
SEC::LOW,SEC::LOW && DPT::DEV && CTR::FR,,,,,same,same,success,8,8,success,success,577863.051,450345.515
SEC::LOW,SEC::LOW && DPT::MKG,,,,,different,TP_TP,success,16,4,success,success,751999.262,407768.307
SEC::LOW,SEC::LOW && DPT::MKG && CTR::$,,,,,same,same,success,16,16,success,success,733654.637,793012.934
SEC::LOW,SEC::LOW && DPT::MKG && CTR::EN,,,,,same,same,success,8,8,success,success,451221.354,485029.600
SEC::LOW,SEC::LOW && DPT::MKG && CTR::FR,,,,,same,same,success,8,8,success,success,431523.009,431342.105
SEC::LOW,SEC::MED,,,,,different,TP_TP,success,48,3,success,success,2108527.645,247035.041
SEC::LOW,SEC::MED && CTR::$,,,,,different,TP_TP,success,48,12,success,success,1990115.329,597608.174
SEC::LOW,SEC::MED && CTR::EN,,,,,different,TP_TP,success,24,6,success,success,1015908.049,355553.485
SEC::LOW,SEC::MED && CTR::FR,,,,,different,TP_TP,success,24,6,success,success,1102583.045,363564.656
SEC::LOW,SEC::MED && DPT::$,,,,,different,TP_TP,success,48,12,success,success,1909538.496,567199.956
SEC::LOW,SEC::MED && DPT::$ && CTR::$,,,,,same,same,success,48,48,success,success,1972016.905,1950564.150
SEC::LOW,SEC::MED && DPT::$ && CTR::EN,,,,,same,same,success,24,24,success,success,1038812.478,1027320.216
SEC::LOW,SEC::MED && DPT::$ && CTR::FR,,,,,same,same,success,24,24,success,success,1037406.470,1177780.612
SEC::LOW,SEC::MED && DPT::DEV,,,,,different,TP_TP,success,24,6,success,success,1042690.016,356651.043
SEC::LOW,SEC::MED && DPT::DEV && CTR::$,,,,,same,same,success,24,24,success,success,1131314.938,1015078.098
SEC::LOW,SEC::MED && DPT::DEV && CTR::EN,,,,,same,same,success,12,12,success,success,635736.387,598470.681
SEC::LOW,SEC::MED && DPT::DEV && CTR::FR,,,,,same,same,success,12,12,success,success,616600.088,581610.601
SEC::LOW,SEC::MED && DPT::MKG,,,,,different,TP_TP,success,24,6,success,success,1103146.441,377460.231
SEC::LOW,SEC::MED && DPT::MKG && CTR::$,,,,,same,same,success,24,24,success,success,1054176.311,1087547.557
SEC::LOW,SEC::MED && DPT::MKG && CTR::EN,,,,,same,same,success,12,12,success,success,655471.326,638235.365
SEC::LOW,SEC::MED && DPT::MKG && CTR::FR,,,,,same,same,success,12,12,success,success,608383.650,594215.600
SEC::LOW && CTR::$,CTR::$,,,,,different,TN_FP,failure,80,4,success,failure,3176141.146,314162.871
SEC::LOW && CTR::$,CTR::EN,,,,,different,TN_TN,failure,40,2,failure,failure,3139241.326,149365.107
SEC::LOW && CTR::$,CTR::FR,,,,,different,TN_TN,failure,40,2,failure,failure,3156772.991,149504.843
SEC::LOW && CTR::$,DPT::$,,,,,different,TN_FP,failure,80,4,success,failure,3691428.677,299283.921
SEC::LOW && CTR::$,DPT::$ && CTR::$,,,,,different,TN_FP,failure,80,16,success,failure,3164120.799,1196678.740
SEC::LOW && CTR::$,DPT::$ && CTR::EN,,,,,different,TN_TN,failure,40,8,failure,failure,3133583.934,593262.277
SEC::LOW && CTR::$,DPT::$ && CTR::FR,,,,,different,TN_TN,failure,40,8,failure,failure,3069191.801,595686.348
SEC::LOW && CTR::$,DPT::DEV,,,,,different,TN_FP,failure,40,2,success,failure,1663005.127,149045.802
SEC::LOW && CTR::$,DPT::DEV && CTR::$,,,,,different,TN_FP,failure,40,8,success,failure,1742747.684,616839.296
SEC::LOW && CTR::$,DPT::DEV && CTR::EN,,,,,different,TN_TN,failure,20,4,failure,failure,1512878.371,301011.127
SEC::LOW && CTR::$,DPT::DEV && CTR::FR,,,,,different,TN_TN,failure,20,4,failure,failure,1584900.112,302309.888
SEC::LOW && CTR::$,DPT::MKG,,,,,different,TN_FP,failure,40,2,success,failure,1839102.522,149105.725
SEC::LOW && CTR::$,DPT::MKG && CTR::$,,,,,different,TN_FP,failure,40,8,success,failure,1724034.107,612811.626
SEC::LOW && CTR::$,DPT::MKG && CTR::EN,,,,,different,TN_TN,failure,20,4,failure,failure,1511577.817,300941.531
SEC::LOW && CTR::$,DPT::MKG && CTR::FR,,,,,different,TN_TN,failure,20,4,failure,failure,1567014.452,307294.838
SEC::LOW && CTR::$,SEC::$,,,,,different,TN_FP,failure,80,5,success,failure,3149757.928,373862.412
SEC::LOW && CTR::$,SEC::$ && CTR::$,,,,,different,TP_TP,success,80,20,success,success,3235310.654,884702.881
SEC::LOW && CTR::$,SEC::$ && CTR::EN,,,,,different,TN_TN,failure,40,10,failure,failure,3072088.064,742820.190
SEC::LOW && CTR::$,SEC::$ && CTR::FR,,,,,different,TN_TN,failure,40,10,failure,failure,3095248.532,742614.624
SEC::LOW && CTR::$,SEC::$ && DPT::$,,,,,different,TN_FP,failure,80,20,success,failure,3226375.669,1846442.004
SEC::LOW && CTR::$,SEC::$ && DPT::$ && CTR::$,,,,,same,same,success,80,80,success,success,3139087.507,3122272.242
SEC::LOW && CTR::$,SEC::$ && DPT::$ && CTR::EN,,,,,same,same,failure,40,40,failure,failure,3141164.619,3143356.254
SEC::LOW && CTR::$,SEC::$ && DPT::$ && CTR::FR,,,,,same,same,failure,40,40,failure,failure,3204800.569,3066082.539
SEC::LOW && CTR::$,SEC::$ && DPT::DEV,,,,,different,TN_FP,failure,40,10,success,failure,1659673.237,754443.448
SEC::LOW && CTR::$,SEC::$ && DPT::DEV && CTR::$,,,,,same,same,success,40,40,success,success,1719054.957,1702097.779
SEC::LOW && CTR::$,SEC::$ && DPT::DEV && CTR::EN,,,,,same,same,failure,20,20,failure,failure,1566788.754,1516047.010
SEC::LOW && CTR::$,SEC::$ && DPT::DEV && CTR::FR,,,,,same,same,failure,20,20,failure,failure,1533939.823,1522811.638
SEC::LOW && CTR::$,SEC::$ && DPT::MKG,,,,,different,TN_FP,failure,40,10,success,failure,2358626.849,741766.859
SEC::LOW && CTR::$,SEC::$ && DPT::MKG && CTR::$,,,,,same,same,success,40,40,success,success,1717433.746,1769259.698
SEC::LOW && CTR::$,SEC::$ && DPT::MKG && CTR::EN,,,,,same,same,failure,20,20,failure,failure,1537943.833,1508495.090
SEC::LOW && CTR::$,SEC::$ && DPT::MKG && CTR::FR,,,,,same,same,failure,20,20,failure,failure,1538117.464,1543460.947
SEC::LOW && CTR::$,SEC::HIG,,,,,different,TN_FP,failure,64,4,success,failure,2649392.888,296730.077
SEC::LOW && CTR::$,SEC::HIG && CTR::$,,,,,different,TP_TP,success,64,16,success,success,2478340.371,783844.266
SEC::LOW && CTR::$,SEC::HIG && CTR::EN,,,,,different,TN_TN,failure,32,8,failure,failure,2466297.903,605613.574
SEC::LOW && CTR::$,SEC::HIG && CTR::FR,,,,,different,TN_TN,failure,32,8,failure,failure,2462223.525,594472.692
SEC::LOW && CTR::$,SEC::HIG && DPT::$,,,,,different,TN_FP,failure,64,16,success,failure,2694865.975,1190579.539
SEC::LOW && CTR::$,SEC::HIG && DPT::$ && CTR::$,,,,,same,same,success,64,64,success,success,2533349.435,2482883.834
SEC::LOW && CTR::$,SEC::HIG && DPT::$ && CTR::EN,,,,,same,same,failure,32,32,failure,failure,2472475.555,2431156.832
SEC::LOW && CTR::$,SEC::HIG && DPT::$ && CTR::FR,,,,,same,same,failure,32,32,failure,failure,2512714.254,2404087.808
SEC::LOW && CTR::$,SEC::HIG && DPT::DEV,,,,,different,TN_FP,failure,32,8,success,failure,1336492.385,595573.572
SEC::LOW && CTR::$,SEC::HIG && DPT::DEV && CTR::$,,,,,same,same,success,32,32,success,success,1321236.399,1297431.397
SEC::LOW && CTR::$,SEC::HIG && DPT::DEV && CTR::EN,,,,,same,same,failure,16,16,failure,failure,1212882.735,1198853.935
SEC::LOW && CTR::$,SEC::HIG && DPT::DEV && CTR::FR,,,,,same,same,failure,16,16,failure,failure,1213314.039,1204808.249
SEC::LOW && CTR::$,SEC::HIG && DPT::MKG,,,,,different,TN_FP,failure,32,8,success,failure,1341097.163,600499.943
SEC::LOW && CTR::$,SEC::HIG && DPT::MKG && CTR::$,,,,,same,same,success,32,32,success,success,1339821.310,1296220.911
SEC::LOW && CTR::$,SEC::HIG && DPT::MKG && CTR::EN,,,,,same,same,failure,16,16,failure,failure,1216450.136,1210203.870
SEC::LOW && CTR::$,SEC::HIG && DPT::MKG && CTR::FR,,,,,same,same,failure,16,16,failure,failure,1203605.819,1198080.539
SEC::LOW && CTR::$,SEC::LOW,,,,,different,TN_FP,failure,32,2,success,failure,1385077.033,148166.383
SEC::LOW && CTR::$,SEC::LOW && CTR::$,,,,,different,TP_TP,success,32,8,success,success,1338780.072,431030.976
SEC::LOW && CTR::$,SEC::LOW && CTR::EN,,,,,different,TN_TN,failure,16,4,failure,failure,1209732.365,296639.922
SEC::LOW && CTR::$,SEC::LOW && CTR::FR,,,,,different,TN_TN,failure,16,4,failure,failure,1265309.779,296493.768
SEC::LOW && CTR::$,SEC::LOW && DPT::$,,,,,different,TN_FP,failure,32,8,success,failure,1561352.281,621320.652
SEC::LOW && CTR::$,SEC::LOW && DPT::$ && CTR::$,,,,,same,same,success,32,32,success,success,1469277.221,1362315.413
SEC::LOW && CTR::$,SEC::LOW && DPT::$ && CTR::EN,,,,,same,same,failure,16,16,failure,failure,1312252.702,1227244.850
SEC::LOW && CTR::$,SEC::LOW && DPT::$ && CTR::FR,,,,,same,same,failure,16,16,failure,failure,1328789.857,1198631.673
SEC::LOW && CTR::$,SEC::LOW && DPT::DEV,,,,,different,TN_FP,failure,16,4,success,failure,844989.223,352609.703
SEC::LOW && CTR::$,SEC::LOW && DPT::DEV && CTR::$,,,,,same,same,success,16,16,success,success,893145.673,833537.092
SEC::LOW && CTR::$,SEC::LOW && DPT::DEV && CTR::EN,,,,,same,same,failure,8,8,failure,failure,656107.183,679658.620
SEC::LOW && CTR::$,SEC::LOW && DPT::DEV && CTR::FR,,,,,same,same,failure,8,8,failure,failure,635227.238,609589.363
SEC::LOW && CTR::$,SEC::LOW && DPT::MKG,,,,,different,TN_FP,failure,16,4,success,failure,786164.553,295451.333
SEC::LOW && CTR::$,SEC::LOW && DPT::MKG && CTR::$,,,,,same,same,success,16,16,success,success,778885.835,749915.123
SEC::LOW && CTR::$,SEC::LOW && DPT::MKG && CTR::EN,,,,,same,same,failure,8,8,failure,failure,638546.108,592099.581
SEC::LOW && CTR::$,SEC::LOW && DPT::MKG && CTR::FR,,,,,same,same,failure,8,8,failure,failure,634929.775,599687.148
SEC::LOW && CTR::$,SEC::MED,,,,,different,TN_FP,failure,48,3,success,failure,2317877.674,221522.240
SEC::LOW && CTR::$,SEC::MED && CTR::$,,,,,different,TP_TP,success,48,12,success,success,2100635.131,581417.514
SEC::LOW && CTR::$,SEC::MED && CTR::EN,,,,,different,TN_TN,failure,24,6,failure,failure,2005692.332,443562.137
SEC::LOW && CTR::$,SEC::MED && CTR::FR,,,,,different,TN_TN,failure,24,6,failure,failure,1983098.332,456812.405
SEC::LOW && CTR::$,SEC::MED && DPT::$,,,,,different,TN_FP,failure,48,12,success,failure,2210517.758,902256.813
SEC::LOW && CTR::$,SEC::MED && DPT::$ && CTR::$,,,,,same,same,success,48,48,success,success,2061023.454,1945625.136
SEC::LOW && CTR::$,SEC::MED && DPT::$ && CTR::EN,,,,,same,same,failure,24,24,failure,failure,2043630.755,1824222.269
SEC::LOW && CTR::$,SEC::MED && DPT::$ && CTR::FR,,,,,same,same,failure,24,24,failure,failure,1948364.334,1816828.525
SEC::LOW && CTR::$,SEC::MED && DPT::DEV,,,,,different,TN_FP,failure,24,6,success,failure,1155180.354,447716.008
SEC::LOW && CTR::$,SEC::MED && DPT::DEV && CTR::$,,,,,same,same,success,24,24,success,success,1137372.521,1101966.613
SEC::LOW && CTR::$,SEC::MED && DPT::DEV && CTR::EN,,,,,same,same,failure,12,12,failure,failure,980511.284,898429.309
SEC::LOW && CTR::$,SEC::MED && DPT::DEV && CTR::FR,,,,,same,same,failure,12,12,failure,failure,967712.937,892293.334
SEC::LOW && CTR::$,SEC::MED && DPT::MKG,,,,,different,TN_FP,failure,24,6,success,failure,1207839.265,445549.785
SEC::LOW && CTR::$,SEC::MED && DPT::MKG && CTR::$,,,,,same,same,success,24,24,success,success,1265216.579,1156389.347
SEC::LOW && CTR::$,SEC::MED && DPT::MKG && CTR::EN,,,,,same,same,failure,12,12,failure,failure,1011924.778,898197.424
SEC::LOW && CTR::$,SEC::MED && DPT::MKG && CTR::FR,,,,,same,same,failure,12,12,failure,failure,1025978.625,895862.264
SEC::LOW && CTR::EN,CTR::$,,,,,different,TN_FP,failure,80,4,success,failure,3088403.207,312491.706
SEC::LOW && CTR::EN,CTR::EN,,,,,different,TN_FP,failure,40,2,success,failure,1637394.076,151996.136
SEC::LOW && CTR::EN,CTR::FR,,,,,different,TN_TN,failure,40,2,failure,failure,3154155.427,153976.497
SEC::LOW && CTR::EN,DPT::$,,,,,different,TN_FP,failure,80,4,success,failure,3140596.954,298278.716
SEC::LOW && CTR::EN,DPT::$ && CTR::$,,,,,different,TN_FP,failure,80,16,success,failure,3214629.255,1213449.833
SEC::LOW && CTR::EN,DPT::$ && CTR::EN,,,,,different,TN_FP,failure,40,8,success,failure,1815439.701,659298.013
SEC::LOW && CTR::EN,DPT::$ && CTR::FR,,,,,different,TN_TN,failure,40,8,failure,failure,3158762.172,786663.995
SEC::LOW && CTR::EN,DPT::DEV,,,,,different,TN_FP,failure,40,2,success,failure,1857292.175,149480.338
SEC::LOW && CTR::EN,DPT::DEV && CTR::$,,,,,different,TN_FP,failure,40,8,success,failure,1681913.484,611470.405
SEC::LOW && CTR::EN,DPT::DEV && CTR::EN,,,,,different,TN_FP,failure,20,4,success,failure,887111.098,297586.753
SEC::LOW && CTR::EN,DPT::DEV && CTR::FR,,,,,different,TN_TN,failure,20,4,failure,failure,1573576.852,305885.851
SEC::LOW && CTR::EN,DPT::MKG,,,,,different,TN_FP,failure,40,2,success,failure,1829668.796,152276.989
SEC::LOW && CTR::EN,DPT::MKG && CTR::$,,,,,different,TN_FP,failure,40,8,success,failure,1823339.599,600634.174
SEC::LOW && CTR::EN,DPT::MKG && CTR::EN,,,,,different,TN_FP,failure,20,4,success,failure,1063907.189,299419.561
SEC::LOW && CTR::EN,DPT::MKG && CTR::FR,,,,,different,TN_TN,failure,20,4,failure,failure,1542579.664,300129.137
SEC::LOW && CTR::EN,SEC::$,,,,,different,TN_FP,failure,80,5,success,failure,3066058.643,371312.810
SEC::LOW && CTR::EN,SEC::$ && CTR::$,,,,,different,TP_TP,success,80,20,success,success,3154055.444,933607.654
SEC::LOW && CTR::EN,SEC::$ && CTR::EN,,,,,different,TP_TP,success,40,10,success,success,1650751.407,494353.453
SEC::LOW && CTR::EN,SEC::$ && CTR::FR,,,,,different,TN_TN,failure,40,10,failure,failure,3081020.879,746847.203
SEC::LOW && CTR::EN,SEC::$ && DPT::$,,,,,different,TN_FP,failure,80,20,success,failure,3131967.107,1525641.982
SEC::LOW && CTR::EN,SEC::$ && DPT::$ && CTR::$,,,,,same,same,success,80,80,success,success,3386962.680,3201051.001
SEC::LOW && CTR::EN,SEC::$ && DPT::$ && CTR::EN,,,,,same,same,success,40,40,success,success,1648736.517,1668680.411
SEC::LOW && CTR::EN,SEC::$ && DPT::$ && CTR::FR,,,,,same,same,failure,40,40,failure,failure,3108592.382,3047317.590
SEC::LOW && CTR::EN,SEC::$ && DPT::DEV,,,,,different,TN_FP,failure,40,10,success,failure,1636378.296,749487.066
SEC::LOW && CTR::EN,SEC::$ && DPT::DEV && CTR::$,,,,,same,same,success,40,40,success,success,1628131.016,1627483.788
SEC::LOW && CTR::EN,SEC::$ && DPT::DEV && CTR::EN,,,,,same,same,success,20,20,success,success,950542.004,880666.520
SEC::LOW && CTR::EN,SEC::$ && DPT::DEV && CTR::FR,,,,,same,same,failure,20,20,failure,failure,1534727.479,1506559.709
SEC::LOW && CTR::EN,SEC::$ && DPT::MKG,,,,,different,TN_FP,failure,40,10,success,failure,1739523.435,745053.179
SEC::LOW && CTR::EN,SEC::$ && DPT::MKG && CTR::$,,,,,same,same,success,40,40,success,success,1773581.160,1730100.686
SEC::LOW && CTR::EN,SEC::$ && DPT::MKG && CTR::EN,,,,,same,same,success,20,20,success,success,933173.916,925380.042
SEC::LOW && CTR::EN,SEC::$ && DPT::MKG && CTR::FR,,,,,same,same,failure,20,20,failure,failure,1530831.382,1512550.471
SEC::LOW && CTR::EN,SEC::HIG,,,,,different,TN_FP,failure,64,4,success,failure,2922623.456,312490.774
SEC::LOW && CTR::EN,SEC::HIG && CTR::$,,,,,different,TP_TP,success,64,16,success,success,2988264.462,770273.831
SEC::LOW && CTR::EN,SEC::HIG && CTR::EN,,,,,different,TP_TP,success,32,8,success,success,1606658.244,437648.248
SEC::LOW && CTR::EN,SEC::HIG && CTR::FR,,,,,different,TN_TN,failure,32,8,failure,failure,2853094.110,596308.100
SEC::LOW && CTR::EN,SEC::HIG && DPT::$,,,,,different,TN_FP,failure,64,16,success,failure,2540874.661,1212227.611
SEC::LOW && CTR::EN,SEC::HIG && DPT::$ && CTR::$,,,,,same,same,success,64,64,success,success,2464906.523,2789891.353
SEC::LOW && CTR::EN,SEC::HIG && DPT::$ && CTR::EN,,,,,same,same,success,32,32,success,success,1326550.066,1350189.573
SEC::LOW && CTR::EN,SEC::HIG && DPT::$ && CTR::FR,,,,,same,same,failure,32,32,failure,failure,2476634.342,2661601.558
SEC::LOW && CTR::EN,SEC::HIG && DPT::DEV,,,,,different,TN_FP,failure,32,8,success,failure,1771858.569,606413.946
SEC::LOW && CTR::EN,SEC::HIG && DPT::DEV && CTR::$,,,,,same,same,success,32,32,success,success,1586161.391,1445363.886
SEC::LOW && CTR::EN,SEC::HIG && DPT::DEV && CTR::EN,,,,,same,same,success,16,16,success,success,834301.731,760973.426
SEC::LOW && CTR::EN,SEC::HIG && DPT::DEV && CTR::FR,,,,,same,same,failure,16,16,failure,failure,1372424.806,1199911.979
SEC::LOW && CTR::EN,SEC::HIG && DPT::MKG,,,,,different,TN_FP,failure,32,8,success,failure,1606664.761,610483.650
SEC::LOW && CTR::EN,SEC::HIG && DPT::MKG && CTR::$,,,,,same,same,success,32,32,success,success,1362911.165,1320260.418
SEC::LOW && CTR::EN,SEC::HIG && DPT::MKG && CTR::EN,,,,,same,same,success,16,16,success,success,840093.956,777498.803
SEC::LOW && CTR::EN,SEC::HIG && DPT::MKG && CTR::FR,,,,,same,same,failure,16,16,failure,failure,1269782.534,1205716.683
SEC::LOW && CTR::EN,SEC::LOW,,,,,different,TN_FP,failure,32,2,success,failure,1375623.901,150418.182
SEC::LOW && CTR::EN,SEC::LOW && CTR::$,,,,,different,TP_TP,success,32,8,success,success,1370641.721,441556.454
SEC::LOW && CTR::EN,SEC::LOW && CTR::EN,,,,,different,TP_TP,success,16,4,success,success,766768.321,291520.425
SEC::LOW && CTR::EN,SEC::LOW && CTR::FR,,,,,different,TN_TN,failure,16,4,failure,failure,1224475.034,303086.675
SEC::LOW && CTR::EN,SEC::LOW && DPT::$,,,,,different,TN_FP,failure,32,8,success,failure,1340540.599,614851.483
SEC::LOW && CTR::EN,SEC::LOW && DPT::$ && CTR::$,,,,,same,same,success,32,32,success,success,1424216.979,1493753.162
SEC::LOW && CTR::EN,SEC::LOW && DPT::$ && CTR::EN,,,,,same,same,success,16,16,success,success,734185.123,790954.172
SEC::LOW && CTR::EN,SEC::LOW && DPT::$ && CTR::FR,,,,,same,same,failure,16,16,failure,failure,1212291.696,1219941.019
SEC::LOW && CTR::EN,SEC::LOW && DPT::DEV,,,,,different,TN_FP,failure,16,4,success,failure,849788.200,297984.945
SEC::LOW && CTR::EN,SEC::LOW && DPT::DEV && CTR::$,,,,,same,same,success,16,16,success,success,828069.115,790130.257
SEC::LOW && CTR::EN,SEC::LOW && DPT::DEV && CTR::EN,,,,,same,same,success,8,8,success,success,463976.744,463061.703
SEC::LOW && CTR::EN,SEC::LOW && DPT::DEV && CTR::FR,,,,,same,same,failure,8,8,failure,failure,649946.201,597053.523
SEC::LOW && CTR::EN,SEC::LOW && DPT::MKG,,,,,different,TN_FP,failure,16,4,success,failure,767134.047,296814.895
SEC::LOW && CTR::EN,SEC::LOW && DPT::MKG && CTR::$,,,,,same,same,success,16,16,success,success,766743.840,703931.810
SEC::LOW && CTR::EN,SEC::LOW && DPT::MKG && CTR::EN,,,,,same,same,success,8,8,success,success,450985.080,458364.276
SEC::LOW && CTR::EN,SEC::LOW && DPT::MKG && CTR::FR,,,,,same,same,failure,8,8,failure,failure,622065.058,598961.988
SEC::LOW && CTR::EN,SEC::MED,,,,,different,TN_FP,failure,48,3,success,failure,1909874.467,225300.758
SEC::LOW && CTR::EN,SEC::MED && CTR::$,,,,,different,TP_TP,success,48,12,success,success,2192444.457,609578.056
SEC::LOW && CTR::EN,SEC::MED && CTR::EN,,,,,different,TP_TP,success,24,6,success,success,1027725.922,362421.703
SEC::LOW && CTR::EN,SEC::MED && CTR::FR,,,,,different,TN_TN,failure,24,6,failure,failure,1908421.421,471838.921
SEC::LOW && CTR::EN,SEC::MED && DPT::$,,,,,different,TN_FP,failure,48,12,success,failure,2299553.056,895721.480
SEC::LOW && CTR::EN,SEC::MED && DPT::$ && CTR::$,,,,,same,same,success,48,48,success,success,2383740.160,1939576.771
SEC::LOW && CTR::EN,SEC::MED && DPT::$ && CTR::EN,,,,,same,same,success,24,24,success,success,1335608.427,1007394.946
SEC::LOW && CTR::EN,SEC::MED && DPT::$ && CTR::FR,,,,,same,same,failure,24,24,failure,failure,2102708.120,1803764.000
SEC::LOW && CTR::EN,SEC::MED && DPT::DEV,,,,,different,TN_FP,failure,24,6,success,failure,1195580.590,458448.735
SEC::LOW && CTR::EN,SEC::MED && DPT::DEV && CTR::$,,,,,same,same,success,24,24,success,success,1179818.961,1104846.761
SEC::LOW && CTR::EN,SEC::MED && DPT::DEV && CTR::EN,,,,,same,same,success,12,12,success,success,701888.292,588750.629
SEC::LOW && CTR::EN,SEC::MED && DPT::DEV && CTR::FR,,,,,same,same,failure,12,12,failure,failure,1096355.714,906117.530
SEC::LOW && CTR::EN,SEC::MED && DPT::MKG,,,,,different,TN_FP,failure,24,6,success,failure,1237907.084,449242.777
SEC::LOW && CTR::EN,SEC::MED && DPT::MKG && CTR::$,,,,,same,same,success,24,24,success,success,1287423.875,1068152.397
SEC::LOW && CTR::EN,SEC::MED && DPT::MKG && CTR::EN,,,,,same,same,success,12,12,success,success,717316.842,593709.015
SEC::LOW && CTR::EN,SEC::MED && DPT::MKG && CTR::FR,,,,,same,same,failure,12,12,failure,failure,1059931.536,907899.708
SEC::LOW && CTR::FR,CTR::$,,,,,different,TN_FP,failure,80,4,success,failure,3197804.807,304446.616
SEC::LOW && CTR::FR,CTR::EN,,,,,different,TN_TN,failure,40,2,failure,failure,3160598.717,155676.741
SEC::LOW && CTR::FR,CTR::FR,,,,,different,TN_FP,failure,40,2,success,failure,1714452.644,149477.337
SEC::LOW && CTR::FR,DPT::$,,,,,different,TN_FP,failure,80,4,success,failure,3201539.482,300941.080
SEC::LOW && CTR::FR,DPT::$ && CTR::$,,,,,different,TN_FP,failure,80,16,success,failure,3310965.448,1224534.370
SEC::LOW && CTR::FR,DPT::$ && CTR::EN,,,,,different,TN_TN,failure,40,8,failure,failure,3211492.552,599896.841
SEC::LOW && CTR::FR,DPT::$ && CTR::FR,,,,,different,TN_FP,failure,40,8,success,failure,1633520.029,604619.105
SEC::LOW && CTR::FR,DPT::DEV,,,,,different,TN_FP,failure,40,2,success,failure,1749548.791,151692.642
SEC::LOW && CTR::FR,DPT::DEV && CTR::$,,,,,different,TN_FP,failure,40,8,success,failure,1753122.875,599736.772
SEC::LOW && CTR::FR,DPT::DEV && CTR::EN,,,,,different,TN_TN,failure,20,4,failure,failure,1555114.346,319520.381
SEC::LOW && CTR::FR,DPT::DEV && CTR::FR,,,,,different,TN_FP,failure,20,4,success,failure,908627.838,298376.960
SEC::LOW && CTR::FR,DPT::MKG,,,,,different,TN_FP,failure,40,2,success,failure,1957726.695,149698.122
SEC::LOW && CTR::FR,DPT::MKG && CTR::$,,,,,different,TN_FP,failure,40,8,success,failure,1674683.758,606264.340
SEC::LOW && CTR::FR,DPT::MKG && CTR::EN,,,,,different,TN_TN,failure,20,4,failure,failure,1564406.701,304433.867
SEC::LOW && CTR::FR,DPT::MKG && CTR::FR,,,,,different,TN_FP,failure,20,4,success,failure,913689.968,299593.848
SEC::LOW && CTR::FR,SEC::$,,,,,different,TN_FP,failure,80,5,success,failure,3201691.522,373303.534
SEC::LOW && CTR::FR,SEC::$ && CTR::$,,,,,different,TP_TP,success,80,20,success,success,3326523.846,870921.275
SEC::LOW && CTR::FR,SEC::$ && CTR::EN,,,,,different,TN_TN,failure,40,10,failure,failure,3099542.721,751355.214
SEC::LOW && CTR::FR,SEC::$ && CTR::FR,,,,,different,TP_TP,success,40,10,success,success,1787596.228,505145.461
SEC::LOW && CTR::FR,SEC::$ && DPT::$,,,,,different,TN_FP,failure,80,20,success,failure,3086123.596,1520442.469
SEC::LOW && CTR::FR,SEC::$ && DPT::$ && CTR::$,,,,,same,same,success,80,80,success,success,3045363.435,3129130.336
SEC::LOW && CTR::FR,SEC::$ && DPT::$ && CTR::EN,,,,,same,same,failure,40,40,failure,failure,3113139.296,3144418.272
SEC::LOW && CTR::FR,SEC::$ && DPT::$ && CTR::FR,,,,,same,same,success,40,40,success,success,1643716.310,1670851.930
SEC::LOW && CTR::FR,SEC::$ && DPT::DEV,,,,,different,TN_FP,failure,40,10,success,failure,1629973.643,749287.355
SEC::LOW && CTR::FR,SEC::$ && DPT::DEV && CTR::$,,,,,same,same,success,40,40,success,success,1761301.667,1603326.745
SEC::LOW && CTR::FR,SEC::$ && DPT::DEV && CTR::EN,,,,,same,same,failure,20,20,failure,failure,1527796.630,1522859.318
SEC::LOW && CTR::FR,SEC::$ && DPT::DEV && CTR::FR,,,,,same,same,success,20,20,success,success,906402.008,892617.282
SEC::LOW && CTR::FR,SEC::$ && DPT::MKG,,,,,different,TN_FP,failure,40,10,success,failure,1596758.004,751156.662
SEC::LOW && CTR::FR,SEC::$ && DPT::MKG && CTR::$,,,,,same,same,success,40,40,success,success,1665907.481,1694589.832
SEC::LOW && CTR::FR,SEC::$ && DPT::MKG && CTR::EN,,,,,same,same,failure,20,20,failure,failure,1530536.424,1508515.433
SEC::LOW && CTR::FR,SEC::$ && DPT::MKG && CTR::FR,,,,,same,same,success,20,20,success,success,1017218.132,944599.828
SEC::LOW && CTR::FR,SEC::HIG,,,,,different,TN_FP,failure,64,4,success,failure,3061386.911,297677.333
SEC::LOW && CTR::FR,SEC::HIG && CTR::$,,,,,different,TP_TP,success,64,16,success,success,3242447.059,739985.353
SEC::LOW && CTR::FR,SEC::HIG && CTR::EN,,,,,different,TN_TN,failure,32,8,failure,failure,3147956.609,602714.486
SEC::LOW && CTR::FR,SEC::HIG && CTR::FR,,,,,different,TP_TP,success,32,8,success,success,1815553.559,456623.131
SEC::LOW && CTR::FR,SEC::HIG && DPT::$,,,,,different,TN_FP,failure,64,16,success,failure,2718189.624,1218421.133
SEC::LOW && CTR::FR,SEC::HIG && DPT::$ && CTR::$,,,,,same,same,success,64,64,success,success,2641439.504,2521732.499
SEC::LOW && CTR::FR,SEC::HIG && DPT::$ && CTR::EN,,,,,same,same,failure,32,32,failure,failure,2469187.473,2440793.152
SEC::LOW && CTR::FR,SEC::HIG && DPT::$ && CTR::FR,,,,,same,same,success,32,32,success,success,1391129.390,1542802.441
SEC::LOW && CTR::FR,SEC::HIG && DPT::DEV,,,,,different,TN_FP,failure,32,8,success,failure,1663034.246,598177.797
SEC::LOW && CTR::FR,SEC::HIG && DPT::DEV && CTR::$,,,,,same,same,success,32,32,success,success,1657597.278,1337637.323
SEC::LOW && CTR::FR,SEC::HIG && DPT::DEV && CTR::EN,,,,,same,same,failure,16,16,failure,failure,1501735.660,1222056.442
SEC::LOW && CTR::FR,SEC::HIG && DPT::DEV && CTR::FR,,,,,same,same,success,16,16,success,success,920675.352,734747.943
SEC::LOW && CTR::FR,SEC::HIG && DPT::MKG,,,,,different,TN_FP,failure,32,8,success,failure,1383694.475,592437.014
SEC::LOW && CTR::FR,SEC::HIG && DPT::MKG && CTR::$,,,,,same,same,success,32,32,success,success,1333414.452,1309660.406
SEC::LOW && CTR::FR,SEC::HIG && DPT::MKG && CTR::EN,,,,,same,same,failure,16,16,failure,failure,1200405.556,1229949.693
SEC::LOW && CTR::FR,SEC::HIG && DPT::MKG && CTR::FR,,,,,same,same,success,16,16,success,success,711381.478,749479.331
SEC::LOW && CTR::FR,SEC::LOW,,,,,different,TN_FP,failure,32,2,success,failure,1458775.157,149741.318
SEC::LOW && CTR::FR,SEC::LOW && CTR::$,,,,,different,TP_TP,success,32,8,success,success,1486821.715,440106.535
SEC::LOW && CTR::FR,SEC::LOW && CTR::EN,,,,,different,TN_TN,failure,16,4,failure,failure,1260822.332,299722.600
SEC::LOW && CTR::FR,SEC::LOW && CTR::FR,,,,,different,TP_TP,success,16,4,success,success,742026.736,289983.581
SEC::LOW && CTR::FR,SEC::LOW && DPT::$,,,,,different,TN_FP,failure,32,8,success,failure,1332402.148,594594.566
SEC::LOW && CTR::FR,SEC::LOW && DPT::$ && CTR::$,,,,,same,same,success,32,32,success,success,1399822.411,1329226.427
SEC::LOW && CTR::FR,SEC::LOW && DPT::$ && CTR::EN,,,,,same,same,failure,16,16,failure,failure,1200515.862,1254185.057
SEC::LOW && CTR::FR,SEC::LOW && DPT::$ && CTR::FR,,,,,same,same,success,16,16,success,success,729010.852,818539.661
SEC::LOW && CTR::FR,SEC::LOW && DPT::DEV,,,,,different,TN_FP,failure,16,4,success,failure,770464.564,306342.447
SEC::LOW && CTR::FR,SEC::LOW && DPT::DEV && CTR::$,,,,,same,same,success,16,16,success,success,776323.494,731238.755
SEC::LOW && CTR::FR,SEC::LOW && DPT::DEV && CTR::EN,,,,,same,same,failure,8,8,failure,failure,643438.590,603540.941
SEC::LOW && CTR::FR,SEC::LOW && DPT::DEV && CTR::FR,,,,,same,same,success,8,8,success,success,497101.097,451279.638
SEC::LOW && CTR::FR,SEC::LOW && DPT::MKG,,,,,different,TN_FP,failure,16,4,success,failure,766840.647,301048.932
SEC::LOW && CTR::FR,SEC::LOW && DPT::MKG && CTR::$,,,,,same,same,success,16,16,success,success,730892.201,789082.732
SEC::LOW && CTR::FR,SEC::LOW && DPT::MKG && CTR::EN,,,,,same,same,failure,8,8,failure,failure,624426.132,596273.215
SEC::LOW && CTR::FR,SEC::LOW && DPT::MKG && CTR::FR,,,,,same,same,success,8,8,success,success,443040.307,457217.325
SEC::LOW && CTR::FR,SEC::MED,,,,,different,TN_FP,failure,48,3,success,failure,1959792.380,223699.705
SEC::LOW && CTR::FR,SEC::MED && CTR::$,,,,,different,TP_TP,success,48,12,success,success,2570800.864,575307.077
SEC::LOW && CTR::FR,SEC::MED && CTR::EN,,,,,different,TN_TN,failure,24,6,failure,failure,1846328.511,446303.809
SEC::LOW && CTR::FR,SEC::MED && CTR::FR,,,,,different,TP_TP,success,24,6,success,success,1171002.057,356751.486
SEC::LOW && CTR::FR,SEC::MED && DPT::$,,,,,different,TN_FP,failure,48,12,success,failure,2402974.794,889478.028
SEC::LOW && CTR::FR,SEC::MED && DPT::$ && CTR::$,,,,,same,same,success,48,48,success,success,2524440.253,1965999.052
SEC::LOW && CTR::FR,SEC::MED && DPT::$ && CTR::EN,,,,,same,same,failure,24,24,failure,failure,2207486.302,1819116.974
SEC::LOW && CTR::FR,SEC::MED && DPT::$ && CTR::FR,,,,,same,same,success,24,24,success,success,1266484.674,1071428.772
SEC::LOW && CTR::FR,SEC::MED && DPT::DEV,,,,,different,TN_FP,failure,24,6,success,failure,1320135.174,478871.032
SEC::LOW && CTR::FR,SEC::MED && DPT::DEV && CTR::$,,,,,same,same,success,24,24,success,success,1225661.664,1037984.409
SEC::LOW && CTR::FR,SEC::MED && DPT::DEV && CTR::EN,,,,,same,same,failure,12,12,failure,failure,1158095.016,931941.113
SEC::LOW && CTR::FR,SEC::MED && DPT::DEV && CTR::FR,,,,,same,same,success,12,12,success,success,705693.845,589301.757
SEC::LOW && CTR::FR,SEC::MED && DPT::MKG,,,,,different,TN_FP,failure,24,6,success,failure,1374268.108,445448.956
SEC::LOW && CTR::FR,SEC::MED && DPT::MKG && CTR::$,,,,,same,same,success,24,24,success,success,1222041.995,1041584.532
SEC::LOW && CTR::FR,SEC::MED && DPT::MKG && CTR::EN,,,,,same,same,failure,12,12,failure,failure,1109326.960,897926.691
SEC::LOW && CTR::FR,SEC::MED && DPT::MKG && CTR::FR,,,,,same,same,success,12,12,success,success,726903.635,569776.423
SEC::LOW && DPT::$,CTR::$,,,,,different,TN_FP,failure,80,4,success,failure,3115856.012,299476.213
SEC::LOW && DPT::$,CTR::EN,,,,,different,TN_FP,failure,40,2,success,failure,1650084.686,150257.511
SEC::LOW && DPT::$,CTR::FR,,,,,different,TN_FP,failure,40,2,success,failure,1628455.109,149800.117
SEC::LOW && DPT::$,DPT::$,,,,,different,TN_FP,failure,80,4,success,failure,3140424.951,297334.395
SEC::LOW && DPT::$,DPT::$ && CTR::$,,,,,different,TN_FP,failure,80,16,success,failure,3312760.720,1207331.607
SEC::LOW && DPT::$,DPT::$ && CTR::EN,,,,,different,TN_FP,failure,40,8,success,failure,1690006.479,595164.199
SEC::LOW && DPT::$,DPT::$ && CTR::FR,,,,,different,TN_FP,failure,40,8,success,failure,1699199.658,596935.000
SEC::LOW && DPT::$,DPT::DEV,,,,,different,TN_TN,failure,40,2,failure,failure,3071328.509,150658.152
SEC::LOW && DPT::$,DPT::DEV && CTR::$,,,,,different,TN_TN,failure,40,8,failure,failure,3075771.252,594245.581
SEC::LOW && DPT::$,DPT::DEV && CTR::EN,,,,,different,TN_TN,failure,20,4,failure,failure,1524142.129,298454.621
SEC::LOW && DPT::$,DPT::DEV && CTR::FR,,,,,different,TN_TN,failure,20,4,failure,failure,1539008.364,295956.535
SEC::LOW && DPT::$,DPT::MKG,,,,,different,TN_TN,failure,40,2,failure,failure,3096024.207,147591.831
SEC::LOW && DPT::$,DPT::MKG && CTR::$,,,,,different,TN_TN,failure,40,8,failure,failure,3118844.462,594587.086
SEC::LOW && DPT::$,DPT::MKG && CTR::EN,,,,,different,TN_TN,failure,20,4,failure,failure,1547319.169,295218.101
SEC::LOW && DPT::$,DPT::MKG && CTR::FR,,,,,different,TN_TN,failure,20,4,failure,failure,1527898.556,295050.476
SEC::LOW && DPT::$,SEC::$,,,,,different,TN_FP,failure,80,5,success,failure,3490486.830,371777.526
SEC::LOW && DPT::$,SEC::$ && CTR::$,,,,,different,TN_FP,failure,80,20,success,failure,3094642.305,1522734.524
SEC::LOW && DPT::$,SEC::$ && CTR::EN,,,,,different,TN_FP,failure,40,10,success,failure,1577068.812,751649.706
SEC::LOW && DPT::$,SEC::$ && CTR::FR,,,,,different,TN_FP,failure,40,10,success,failure,1615501.602,752542.817
SEC::LOW && DPT::$,SEC::$ && DPT::$,,,,,different,TP_TP,success,80,20,success,success,3227327.965,934695.980
SEC::LOW && DPT::$,SEC::$ && DPT::$ && CTR::$,,,,,same,same,success,80,80,success,success,3104161.906,3410153.715
SEC::LOW && DPT::$,SEC::$ && DPT::$ && CTR::EN,,,,,same,same,success,40,40,success,success,1824808.945,1712357.630
SEC::LOW && DPT::$,SEC::$ && DPT::$ && CTR::FR,,,,,same,same,success,40,40,success,success,1717691.880,1711097.070
SEC::LOW && DPT::$,SEC::$ && DPT::DEV,,,,,different,TN_TN,failure,40,10,failure,failure,3049677.567,766239.914
SEC::LOW && DPT::$,SEC::$ && DPT::DEV && CTR::$,,,,,same,same,failure,40,40,failure,failure,3031689.701,3113901.941
SEC::LOW && DPT::$,SEC::$ && DPT::DEV && CTR::EN,,,,,same,same,failure,20,20,failure,failure,1512841.477,1544191.993
SEC::LOW && DPT::$,SEC::$ && DPT::DEV && CTR::FR,,,,,same,same,failure,20,20,failure,failure,1515186.431,1528139.928
SEC::LOW && DPT::$,SEC::$ && DPT::MKG,,,,,different,TN_TN,failure,40,10,failure,failure,3105989.539,758114.017
SEC::LOW && DPT::$,SEC::$ && DPT::MKG && CTR::$,,,,,same,same,failure,40,40,failure,failure,3056634.837,3062235.553
SEC::LOW && DPT::$,SEC::$ && DPT::MKG && CTR::EN,,,,,same,same,failure,20,20,failure,failure,1523381.472,1553055.729
SEC::LOW && DPT::$,SEC::$ && DPT::MKG && CTR::FR,,,,,same,same,failure,20,20,failure,failure,1520748.383,1535344.177
SEC::LOW && DPT::$,SEC::HIG,,,,,different,TN_FP,failure,64,4,success,failure,2554468.038,295622.905
SEC::LOW && DPT::$,SEC::HIG && CTR::$,,,,,different,TN_FP,failure,64,16,success,failure,2690934.610,1194620.985
SEC::LOW && DPT::$,SEC::HIG && CTR::EN,,,,,different,TN_FP,failure,32,8,success,failure,1427191.389,593233.237
SEC::LOW && DPT::$,SEC::HIG && CTR::FR,,,,,different,TN_FP,failure,32,8,success,failure,1326768.356,592428.348
SEC::LOW && DPT::$,SEC::HIG && DPT::$,,,,,different,TP_TP,success,64,16,success,success,2515190.362,744593.125
SEC::LOW && DPT::$,SEC::HIG && DPT::$ && CTR::$,,,,,same,same,success,64,64,success,success,2589040.292,2732944.234
SEC::LOW && DPT::$,SEC::HIG && DPT::$ && CTR::EN,,,,,same,same,success,32,32,success,success,1314590.062,1359627.592
SEC::LOW && DPT::$,SEC::HIG && DPT::$ && CTR::FR,,,,,same,same,success,32,32,success,success,1338389.679,1352049.682
SEC::LOW && DPT::$,SEC::HIG && DPT::DEV,,,,,different,TN_TN,failure,32,8,failure,failure,2461146.470,594953.829
SEC::LOW && DPT::$,SEC::HIG && DPT::DEV && CTR::$,,,,,same,same,failure,32,32,failure,failure,2550002.637,2432323.791
SEC::LOW && DPT::$,SEC::HIG && DPT::DEV && CTR::EN,,,,,same,same,failure,16,16,failure,failure,1244999.518,1196152.532
SEC::LOW && DPT::$,SEC::HIG && DPT::DEV && CTR::FR,,,,,same,same,failure,16,16,failure,failure,1227249.763,1205820.627
SEC::LOW && DPT::$,SEC::HIG && DPT::MKG,,,,,different,TN_TN,failure,32,8,failure,failure,2424000.884,615861.457
SEC::LOW && DPT::$,SEC::HIG && DPT::MKG && CTR::$,,,,,same,same,failure,32,32,failure,failure,2457887.973,2459552.861
SEC::LOW && DPT::$,SEC::HIG && DPT::MKG && CTR::EN,,,,,same,same,failure,16,16,failure,failure,1215771.759,1202070.644
SEC::LOW && DPT::$,SEC::HIG && DPT::MKG && CTR::FR,,,,,same,same,failure,16,16,failure,failure,1244102.810,1192104.285
SEC::LOW && DPT::$,SEC::LOW,,,,,different,TN_FP,failure,32,2,success,failure,1418731.711,150057.190
SEC::LOW && DPT::$,SEC::LOW && CTR::$,,,,,different,TN_FP,failure,32,8,success,failure,1321599.510,597255.257
SEC::LOW && DPT::$,SEC::LOW && CTR::EN,,,,,different,TN_FP,failure,16,4,success,failure,737499.921,309291.409
SEC::LOW && DPT::$,SEC::LOW && CTR::FR,,,,,different,TN_FP,failure,16,4,success,failure,772072.916,299252.417
SEC::LOW && DPT::$,SEC::LOW && DPT::$,,,,,different,TP_TP,success,32,8,success,success,1545977.522,457053.974
SEC::LOW && DPT::$,SEC::LOW && DPT::$ && CTR::$,,,,,same,same,success,32,32,success,success,1444150.625,1422812.305
SEC::LOW && DPT::$,SEC::LOW && DPT::$ && CTR::EN,,,,,same,same,success,16,16,success,success,828124.014,726343.954
SEC::LOW && DPT::$,SEC::LOW && DPT::$ && CTR::FR,,,,,same,same,success,16,16,success,success,789305.830,773571.702
SEC::LOW && DPT::$,SEC::LOW && DPT::DEV,,,,,different,TN_TN,failure,16,4,failure,failure,1249492.570,301748.559
SEC::LOW && DPT::$,SEC::LOW && DPT::DEV && CTR::$,,,,,same,same,failure,16,16,failure,failure,1242089.388,1237612.998
SEC::LOW && DPT::$,SEC::LOW && DPT::DEV && CTR::EN,,,,,same,same,failure,8,8,failure,failure,649358.449,599431.529
SEC::LOW && DPT::$,SEC::LOW && DPT::DEV && CTR::FR,,,,,same,same,failure,8,8,failure,failure,616840.954,621500.584
SEC::LOW && DPT::$,SEC::LOW && DPT::MKG,,,,,different,TN_TN,failure,16,4,failure,failure,1244656.509,297855.017
SEC::LOW && DPT::$,SEC::LOW && DPT::MKG && CTR::$,,,,,same,same,failure,16,16,failure,failure,1250513.891,1208923.333
SEC::LOW && DPT::$,SEC::LOW && DPT::MKG && CTR::EN,,,,,same,same,failure,8,8,failure,failure,606381.390,602443.779
SEC::LOW && DPT::$,SEC::LOW && DPT::MKG && CTR::FR,,,,,same,same,failure,8,8,failure,failure,614365.095,604779.490
SEC::LOW && DPT::$,SEC::MED,,,,,different,TN_FP,failure,48,3,success,failure,2176803.288,220955.207
SEC::LOW && DPT::$,SEC::MED && CTR::$,,,,,different,TN_FP,failure,48,12,success,failure,1948867.753,911616.865
SEC::LOW && DPT::$,SEC::MED && CTR::EN,,,,,different,TN_FP,failure,24,6,success,failure,1036472.267,442247.230
SEC::LOW && DPT::$,SEC::MED && CTR::FR,,,,,different,TN_FP,failure,24,6,success,failure,1062681.400,442694.574
SEC::LOW && DPT::$,SEC::MED && DPT::$,,,,,different,TP_TP,success,48,12,success,success,1953476.824,586014.201
SEC::LOW && DPT::$,SEC::MED && DPT::$ && CTR::$,,,,,same,same,success,48,48,success,success,1990252.265,1909308.946
SEC::LOW && DPT::$,SEC::MED && DPT::$ && CTR::EN,,,,,same,same,success,24,24,success,success,1097846.897,1035449.669
SEC::LOW && DPT::$,SEC::MED && DPT::$ && CTR::FR,,,,,same,same,success,24,24,success,success,1113562.490,1019735.659
SEC::LOW && DPT::$,SEC::MED && DPT::DEV,,,,,different,TN_TN,failure,24,6,failure,failure,1828246.383,453910.693
SEC::LOW && DPT::$,SEC::MED && DPT::DEV && CTR::$,,,,,same,same,failure,24,24,failure,failure,1835930.792,1855311.555
SEC::LOW && DPT::$,SEC::MED && DPT::DEV && CTR::EN,,,,,same,same,failure,12,12,failure,failure,895859.042,905402.348
SEC::LOW && DPT::$,SEC::MED && DPT::DEV && CTR::FR,,,,,same,same,failure,12,12,failure,failure,896912.278,911098.508
SEC::LOW && DPT::$,SEC::MED && DPT::MKG,,,,,different,TN_TN,failure,24,6,failure,failure,1854099.812,456822.074
SEC::LOW && DPT::$,SEC::MED && DPT::MKG && CTR::$,,,,,same,same,failure,24,24,failure,failure,1813648.211,1865638.086
SEC::LOW && DPT::$,SEC::MED && DPT::MKG && CTR::EN,,,,,same,same,failure,12,12,failure,failure,935867.613,905803.971
SEC::LOW && DPT::$,SEC::MED && DPT::MKG && CTR::FR,,,,,same,same,failure,12,12,failure,failure,898381.358,914739.953
SEC::LOW && DPT::$ && CTR::$,CTR::$,,,,,different,TN_FP,failure,80,4,success,failure,3207378.740,303461.808
SEC::LOW && DPT::$ && CTR::$,CTR::EN,,,,,different,TN_TN,failure,40,2,failure,failure,3065922.865,157555.685
SEC::LOW && DPT::$ && CTR::$,CTR::FR,,,,,different,TN_TN,failure,40,2,failure,failure,3072846.326,157441.671
SEC::LOW && DPT::$ && CTR::$,DPT::$,,,,,different,TN_FP,failure,80,4,success,failure,3159341.985,298855.088
SEC::LOW && DPT::$ && CTR::$,DPT::$ && CTR::$,,,,,different,TN_FP,failure,80,16,success,failure,3102285.852,1208515.994
SEC::LOW && DPT::$ && CTR::$,DPT::$ && CTR::EN,,,,,different,TN_TN,failure,40,8,failure,failure,3096586.336,599383.549
SEC::LOW && DPT::$ && CTR::$,DPT::$ && CTR::FR,,,,,different,TN_TN,failure,40,8,failure,failure,3216826.161,600324.890
SEC::LOW && DPT::$ && CTR::$,DPT::DEV,,,,,different,TN_TN,failure,40,2,failure,failure,3163740.680,152532.272
SEC::LOW && DPT::$ && CTR::$,DPT::DEV && CTR::$,,,,,different,TN_TN,failure,40,8,failure,failure,3099321.717,599235.075
SEC::LOW && DPT::$ && CTR::$,DPT::DEV && CTR::EN,,,,,different,TN_TN,failure,20,4,failure,failure,1522204.519,297248.865
SEC::LOW && DPT::$ && CTR::$,DPT::DEV && CTR::FR,,,,,different,TN_TN,failure,20,4,failure,failure,1544210.046,299636.258
SEC::LOW && DPT::$ && CTR::$,DPT::MKG,,,,,different,TN_TN,failure,40,2,failure,failure,3128754.936,149493.011
SEC::LOW && DPT::$ && CTR::$,DPT::MKG && CTR::$,,,,,different,TN_TN,failure,40,8,failure,failure,3035666.976,601142.994
SEC::LOW && DPT::$ && CTR::$,DPT::MKG && CTR::EN,,,,,different,TN_TN,failure,20,4,failure,failure,1554530.546,299191.333
SEC::LOW && DPT::$ && CTR::$,DPT::MKG && CTR::FR,,,,,different,TN_TN,failure,20,4,failure,failure,1549148.229,300215.039
SEC::LOW && DPT::$ && CTR::$,SEC::$,,,,,different,TN_FP,failure,80,5,success,failure,3093751.058,371234.919
SEC::LOW && DPT::$ && CTR::$,SEC::$ && CTR::$,,,,,different,TN_FP,failure,80,20,success,failure,3276170.101,1518514.519
SEC::LOW && DPT::$ && CTR::$,SEC::$ && CTR::EN,,,,,different,TN_TN,failure,40,10,failure,failure,3077453.192,747095.590
SEC::LOW && DPT::$ && CTR::$,SEC::$ && CTR::FR,,,,,different,TN_TN,failure,40,10,failure,failure,3057380.791,750680.920
SEC::LOW && DPT::$ && CTR::$,SEC::$ && DPT::$,,,,,different,TN_FP,failure,80,20,success,failure,3119610.769,1524587.680
SEC::LOW && DPT::$ && CTR::$,SEC::$ && DPT::$ && CTR::$,,,,,same,same,success,80,80,success,success,3115488.837,3428069.666
SEC::LOW && DPT::$ && CTR::$,SEC::$ && DPT::$ && CTR::EN,,,,,same,same,failure,40,40,failure,failure,3091498.167,3068407.640
SEC::LOW && DPT::$ && CTR::$,SEC::$ && DPT::$ && CTR::FR,,,,,same,same,failure,40,40,failure,failure,3047743.454,3053301.890
SEC::LOW && DPT::$ && CTR::$,SEC::$ && DPT::DEV,,,,,different,TN_TN,failure,40,10,failure,failure,4110659.594,742770.436
SEC::LOW && DPT::$ && CTR::$,SEC::$ && DPT::DEV && CTR::$,,,,,same,same,failure,40,40,failure,failure,3180406.206,3050824.002
SEC::LOW && DPT::$ && CTR::$,SEC::$ && DPT::DEV && CTR::EN,,,,,same,same,failure,20,20,failure,failure,1521115.407,1509579.463
SEC::LOW && DPT::$ && CTR::$,SEC::$ && DPT::DEV && CTR::FR,,,,,same,same,failure,20,20,failure,failure,1514971.858,1530824.183
SEC::LOW && DPT::$ && CTR::$,SEC::$ && DPT::MKG,,,,,different,TN_TN,failure,40,10,failure,failure,3072500.357,781632.477
SEC::LOW && DPT::$ && CTR::$,SEC::$ && DPT::MKG && CTR::$,,,,,same,same,failure,40,40,failure,failure,3085731.510,3073918.387
SEC::LOW && DPT::$ && CTR::$,SEC::$ && DPT::MKG && CTR::EN,,,,,same,same,failure,20,20,failure,failure,1535894.168,1550110.204
SEC::LOW && DPT::$ && CTR::$,SEC::$ && DPT::MKG && CTR::FR,,,,,same,same,failure,20,20,failure,failure,1508975.345,1534659.117
SEC::LOW && DPT::$ && CTR::$,SEC::HIG,,,,,different,TN_FP,failure,64,4,success,failure,2570451.399,300286.482
SEC::LOW && DPT::$ && CTR::$,SEC::HIG && CTR::$,,,,,different,TN_FP,failure,64,16,success,failure,2507321.558,1211596.441
SEC::LOW && DPT::$ && CTR::$,SEC::HIG && CTR::EN,,,,,different,TN_TN,failure,32,8,failure,failure,2469835.954,606587.576
SEC::LOW && DPT::$ && CTR::$,SEC::HIG && CTR::FR,,,,,different,TN_TN,failure,32,8,failure,failure,2451662.355,603515.584
SEC::LOW && DPT::$ && CTR::$,SEC::HIG && DPT::$,,,,,different,TN_FP,failure,64,16,success,failure,2758558.846,1193750.272
SEC::LOW && DPT::$ && CTR::$,SEC::HIG && DPT::$ && CTR::$,,,,,same,same,success,64,64,success,success,2565708.342,2514532.063
SEC::LOW && DPT::$ && CTR::$,SEC::HIG && DPT::$ && CTR::EN,,,,,same,same,failure,32,32,failure,failure,2417686.836,2421308.990
SEC::LOW && DPT::$ && CTR::$,SEC::HIG && DPT::$ && CTR::FR,,,,,same,same,failure,32,32,failure,failure,2415006.463,2482459.964
SEC::LOW && DPT::$ && CTR::$,SEC::HIG && DPT::DEV,,,,,different,TN_TN,failure,32,8,failure,failure,2427154.975,602350.914
SEC::LOW && DPT::$ && CTR::$,SEC::HIG && DPT::DEV && CTR::$,,,,,same,same,failure,32,32,failure,failure,2430278.950,2458475.735
SEC::LOW && DPT::$ && CTR::$,SEC::HIG && DPT::DEV && CTR::EN,,,,,same,same,failure,16,16,failure,failure,1202403.793,1199234.819
SEC::LOW && DPT::$ && CTR::$,SEC::HIG && DPT::DEV && CTR::FR,,,,,same,same,failure,16,16,failure,failure,1214524.950,1209232.312
SEC::LOW && DPT::$ && CTR::$,SEC::HIG && DPT::MKG,,,,,different,TN_TN,failure,32,8,failure,failure,2465365.729,604742.065
SEC::LOW && DPT::$ && CTR::$,SEC::HIG && DPT::MKG && CTR::$,,,,,same,same,failure,32,32,failure,failure,2512108.212,2423368.172
SEC::LOW && DPT::$ && CTR::$,SEC::HIG && DPT::MKG && CTR::EN,,,,,same,same,failure,16,16,failure,failure,1220869.050,1208230.748
SEC::LOW && DPT::$ && CTR::$,SEC::HIG && DPT::MKG && CTR::FR,,,,,same,same,failure,16,16,failure,failure,1223030.023,1202120.587
SEC::LOW && DPT::$ && CTR::$,SEC::LOW,,,,,different,TN_FP,failure,32,2,success,failure,1364572.346,149711.176
SEC::LOW && DPT::$ && CTR::$,SEC::LOW && CTR::$,,,,,different,TN_FP,failure,32,8,success,failure,1433083.390,602868.781
SEC::LOW && DPT::$ && CTR::$,SEC::LOW && CTR::EN,,,,,different,TN_TN,failure,16,4,failure,failure,1201850.927,300876.715
SEC::LOW && DPT::$ && CTR::$,SEC::LOW && CTR::FR,,,,,different,TN_TN,failure,16,4,failure,failure,1251389.674,302284.249
SEC::LOW && DPT::$ && CTR::$,SEC::LOW && DPT::$,,,,,different,TN_FP,failure,32,8,success,failure,1330596.411,597845.198
SEC::LOW && DPT::$ && CTR::$,SEC::LOW && DPT::$ && CTR::$,,,,,same,same,success,32,32,success,success,1298068.066,1365344.420
SEC::LOW && DPT::$ && CTR::$,SEC::LOW && DPT::$ && CTR::EN,,,,,same,same,failure,16,16,failure,failure,1219502.286,1213334.973
SEC::LOW && DPT::$ && CTR::$,SEC::LOW && DPT::$ && CTR::FR,,,,,same,same,failure,16,16,failure,failure,1202276.400,1218402.368
SEC::LOW && DPT::$ && CTR::$,SEC::LOW && DPT::DEV,,,,,different,TN_TN,failure,16,4,failure,failure,1208140.229,300467.486
SEC::LOW && DPT::$ && CTR::$,SEC::LOW && DPT::DEV && CTR::$,,,,,same,same,failure,16,16,failure,failure,1205359.367,1214250.775
SEC::LOW && DPT::$ && CTR::$,SEC::LOW && DPT::DEV && CTR::EN,,,,,same,same,failure,8,8,failure,failure,593871.750,616092.541
SEC::LOW && DPT::$ && CTR::$,SEC::LOW && DPT::DEV && CTR::FR,,,,,same,same,failure,8,8,failure,failure,593570.179,601343.931
SEC::LOW && DPT::$ && CTR::$,SEC::LOW && DPT::MKG,,,,,different,TN_TN,failure,16,4,failure,failure,1226117.023,301281.574
SEC::LOW && DPT::$ && CTR::$,SEC::LOW && DPT::MKG && CTR::$,,,,,same,same,failure,16,16,failure,failure,1229688.744,1195663.079
SEC::LOW && DPT::$ && CTR::$,SEC::LOW && DPT::MKG && CTR::EN,,,,,same,same,failure,8,8,failure,failure,597310.535,600094.412
SEC::LOW && DPT::$ && CTR::$,SEC::LOW && DPT::MKG && CTR::FR,,,,,same,same,failure,8,8,failure,failure,596216.107,592295.258
SEC::LOW && DPT::$ && CTR::$,SEC::MED,,,,,different,TN_FP,failure,48,3,success,failure,2012919.052,235570.666
SEC::LOW && DPT::$ && CTR::$,SEC::MED && CTR::$,,,,,different,TN_FP,failure,48,12,success,failure,1968822.012,923071.105
SEC::LOW && DPT::$ && CTR::$,SEC::MED && CTR::EN,,,,,different,TN_TN,failure,24,6,failure,failure,1816631.255,451815.613
SEC::LOW && DPT::$ && CTR::$,SEC::MED && CTR::FR,,,,,different,TN_TN,failure,24,6,failure,failure,1824501.879,455971.749
SEC::LOW && DPT::$ && CTR::$,SEC::MED && DPT::$,,,,,different,TN_FP,failure,48,12,success,failure,2077672.589,900221.865
SEC::LOW && DPT::$ && CTR::$,SEC::MED && DPT::$ && CTR::$,,,,,same,same,success,48,48,success,success,2213817.808,2005650.729
SEC::LOW && DPT::$ && CTR::$,SEC::MED && DPT::$ && CTR::EN,,,,,same,same,failure,24,24,failure,failure,1806997.701,1830145.771
SEC::LOW && DPT::$ && CTR::$,SEC::MED && DPT::$ && CTR::FR,,,,,same,same,failure,24,24,failure,failure,1813769.573,1822492.154
SEC::LOW && DPT::$ && CTR::$,SEC::MED && DPT::DEV,,,,,different,TN_TN,failure,24,6,failure,failure,1803107.999,455181.070
SEC::LOW && DPT::$ && CTR::$,SEC::MED && DPT::DEV && CTR::$,,,,,same,same,failure,24,24,failure,failure,1825544.545,1803717.588
SEC::LOW && DPT::$ && CTR::$,SEC::MED && DPT::DEV && CTR::EN,,,,,same,same,failure,12,12,failure,failure,903724.581,905999.844
SEC::LOW && DPT::$ && CTR::$,SEC::MED && DPT::DEV && CTR::FR,,,,,same,same,failure,12,12,failure,failure,904035.083,905413.259
SEC::LOW && DPT::$ && CTR::$,SEC::MED && DPT::MKG,,,,,different,TN_TN,failure,24,6,failure,failure,1807988.670,445951.334
SEC::LOW && DPT::$ && CTR::$,SEC::MED && DPT::MKG && CTR::$,,,,,same,same,failure,24,24,failure,failure,1822571.012,1845701.309
SEC::LOW && DPT::$ && CTR::$,SEC::MED && DPT::MKG && CTR::EN,,,,,same,same,failure,12,12,failure,failure,902122.451,902590.333
SEC::LOW && DPT::$ && CTR::$,SEC::MED && DPT::MKG && CTR::FR,,,,,same,same,failure,12,12,failure,failure,892445.364,911774.867
SEC::LOW && DPT::$ && CTR::EN,CTR::$,,,,,different,TN_FP,failure,80,4,success,failure,3695346.766,304116.131
SEC::LOW && DPT::$ && CTR::EN,CTR::EN,,,,,different,TN_FP,failure,40,2,success,failure,1659496.079,149100.405
SEC::LOW && DPT::$ && CTR::EN,CTR::FR,,,,,different,TN_TN,failure,40,2,failure,failure,3123074.206,147818.330
SEC::LOW && DPT::$ && CTR::EN,DPT::$,,,,,different,TN_FP,failure,80,4,success,failure,3178073.065,300849.739
SEC::LOW && DPT::$ && CTR::EN,DPT::$ && CTR::$,,,,,different,TN_FP,failure,80,16,success,failure,3476524.930,1231384.509
SEC::LOW && DPT::$ && CTR::EN,DPT::$ && CTR::EN,,,,,different,TN_FP,failure,40,8,success,failure,1674244.278,620243.166
SEC::LOW && DPT::$ && CTR::EN,DPT::$ && CTR::FR,,,,,different,TN_TN,failure,40,8,failure,failure,3307460.132,614635.432
SEC::LOW && DPT::$ && CTR::EN,DPT::DEV,,,,,different,TN_TN,failure,40,2,failure,failure,3163388.430,161898.461
SEC::LOW && DPT::$ && CTR::EN,DPT::DEV && CTR::$,,,,,different,TN_TN,failure,40,8,failure,failure,3129482.166,601359.515
SEC::LOW && DPT::$ && CTR::EN,DPT::DEV && CTR::EN,,,,,different,TN_TN,failure,20,4,failure,failure,1648199.796,299985.668
SEC::LOW && DPT::$ && CTR::EN,DPT::DEV && CTR::FR,,,,,different,TN_TN,failure,20,4,failure,failure,1560389.440,301549.226
SEC::LOW && DPT::$ && CTR::EN,DPT::MKG,,,,,different,TN_TN,failure,40,2,failure,failure,3408388.509,149416.918
SEC::LOW && DPT::$ && CTR::EN,DPT::MKG && CTR::$,,,,,different,TN_TN,failure,40,8,failure,failure,3087754.695,604348.922
SEC::LOW && DPT::$ && CTR::EN,DPT::MKG && CTR::EN,,,,,different,TN_TN,failure,20,4,failure,failure,1596828.871,303078.635
SEC::LOW && DPT::$ && CTR::EN,DPT::MKG && CTR::FR,,,,,different,TN_TN,failure,20,4,failure,failure,1571518.475,315481.239
SEC::LOW && DPT::$ && CTR::EN,SEC::$,,,,,different,TN_FP,failure,80,5,success,failure,3479327.658,383861.678
SEC::LOW && DPT::$ && CTR::EN,SEC::$ && CTR::$,,,,,different,TN_FP,failure,80,20,success,failure,3111174.074,1506693.826
SEC::LOW && DPT::$ && CTR::EN,SEC::$ && CTR::EN,,,,,different,TN_FP,failure,40,10,success,failure,1620889.994,754247.966
SEC::LOW && DPT::$ && CTR::EN,SEC::$ && CTR::FR,,,,,different,TN_TN,failure,40,10,failure,failure,3049127.931,751112.495
SEC::LOW && DPT::$ && CTR::EN,SEC::$ && DPT::$,,,,,different,TN_FP,failure,80,20,success,failure,3094071.258,1528130.851
SEC::LOW && DPT::$ && CTR::EN,SEC::$ && DPT::$ && CTR::$,,,,,same,same,success,80,80,success,success,3106489.632,3546170.613
SEC::LOW && DPT::$ && CTR::EN,SEC::$ && DPT::$ && CTR::EN,,,,,same,same,success,40,40,success,success,1645351.002,1734983.880
SEC::LOW && DPT::$ && CTR::EN,SEC::$ && DPT::$ && CTR::FR,,,,,same,same,failure,40,40,failure,failure,3045314.784,3111039.888
SEC::LOW && DPT::$ && CTR::EN,SEC::$ && DPT::DEV,,,,,different,TN_TN,failure,40,10,failure,failure,3077664.393,744980.336
SEC::LOW && DPT::$ && CTR::EN,SEC::$ && DPT::DEV && CTR::$,,,,,same,same,failure,40,40,failure,failure,3286609.963,3049857.800
SEC::LOW && DPT::$ && CTR::EN,SEC::$ && DPT::DEV && CTR::EN,,,,,same,same,failure,20,20,failure,failure,1558617.631,1514435.272
SEC::LOW && DPT::$ && CTR::EN,SEC::$ && DPT::DEV && CTR::FR,,,,,same,same,failure,20,20,failure,failure,1550880.448,1508165.977
SEC::LOW && DPT::$ && CTR::EN,SEC::$ && DPT::MKG,,,,,different,TN_TN,failure,40,10,failure,failure,3091741.819,750793.050
SEC::LOW && DPT::$ && CTR::EN,SEC::$ && DPT::MKG && CTR::$,,,,,same,same,failure,40,40,failure,failure,3061739.668,3080224.295
SEC::LOW && DPT::$ && CTR::EN,SEC::$ && DPT::MKG && CTR::EN,,,,,same,same,failure,20,20,failure,failure,1524746.157,1501026.104
SEC::LOW && DPT::$ && CTR::EN,SEC::$ && DPT::MKG && CTR::FR,,,,,same,same,failure,20,20,failure,failure,1512983.028,1495640.147
SEC::LOW && DPT::$ && CTR::EN,SEC::HIG,,,,,different,TN_FP,failure,64,4,success,failure,2523343.717,299480.751
SEC::LOW && DPT::$ && CTR::EN,SEC::HIG && CTR::$,,,,,different,TN_FP,failure,64,16,success,failure,2563217.414,1212687.268
SEC::LOW && DPT::$ && CTR::EN,SEC::HIG && CTR::EN,,,,,different,TN_FP,failure,32,8,success,failure,1438733.549,603551.802
SEC::LOW && DPT::$ && CTR::EN,SEC::HIG && CTR::FR,,,,,different,TN_TN,failure,32,8,failure,failure,2430413.482,606268.172
SEC::LOW && DPT::$ && CTR::EN,SEC::HIG && DPT::$,,,,,different,TN_FP,failure,64,16,success,failure,2530073.490,1225220.282
SEC::LOW && DPT::$ && CTR::EN,SEC::HIG && DPT::$ && CTR::$,,,,,same,same,success,64,64,success,success,2563064.663,2507531.657
SEC::LOW && DPT::$ && CTR::EN,SEC::HIG && DPT::$ && CTR::EN,,,,,same,same,success,32,32,success,success,1579095.618,1348872.522
SEC::LOW && DPT::$ && CTR::EN,SEC::HIG && DPT::$ && CTR::FR,,,,,same,same,failure,32,32,failure,failure,2576183.806,2433818.018
SEC::LOW && DPT::$ && CTR::EN,SEC::HIG && DPT::DEV,,,,,different,TN_TN,failure,32,8,failure,failure,2442600.222,597423.247
SEC::LOW && DPT::$ && CTR::EN,SEC::HIG && DPT::DEV && CTR::$,,,,,same,same,failure,32,32,failure,failure,2437695.192,2487902.939
SEC::LOW && DPT::$ && CTR::EN,SEC::HIG && DPT::DEV && CTR::EN,,,,,same,same,failure,16,16,failure,failure,1197052.050,1221895.029
SEC::LOW && DPT::$ && CTR::EN,SEC::HIG && DPT::DEV && CTR::FR,,,,,same,same,failure,16,16,failure,failure,1195850.021,1232443.661
SEC::LOW && DPT::$ && CTR::EN,SEC::HIG && DPT::MKG,,,,,different,TN_TN,failure,32,8,failure,failure,2467697.397,621455.660
SEC::LOW && DPT::$ && CTR::EN,SEC::HIG && DPT::MKG && CTR::$,,,,,same,same,failure,32,32,failure,failure,2451236.016,2470240.062
SEC::LOW && DPT::$ && CTR::EN,SEC::HIG && DPT::MKG && CTR::EN,,,,,same,same,failure,16,16,failure,failure,1250329.059,1233794.741
SEC::LOW && DPT::$ && CTR::EN,SEC::HIG && DPT::MKG && CTR::FR,,,,,same,same,failure,16,16,failure,failure,1215214.454,1226383.523
SEC::LOW && DPT::$ && CTR::EN,SEC::LOW,,,,,different,TN_FP,failure,32,2,success,failure,1406380.492,150686.405
SEC::LOW && DPT::$ && CTR::EN,SEC::LOW && CTR::$,,,,,different,TN_FP,failure,32,8,success,failure,1395889.945,610445.543
SEC::LOW && DPT::$ && CTR::EN,SEC::LOW && CTR::EN,,,,,different,TN_FP,failure,16,4,success,failure,785584.410,300377.393
SEC::LOW && DPT::$ && CTR::EN,SEC::LOW && CTR::FR,,,,,different,TN_TN,failure,16,4,failure,failure,1402108.104,299282.535
SEC::LOW && DPT::$ && CTR::EN,SEC::LOW && DPT::$,,,,,different,TN_FP,failure,32,8,success,failure,1480664.992,590989.834
SEC::LOW && DPT::$ && CTR::EN,SEC::LOW && DPT::$ && CTR::$,,,,,same,same,success,32,32,success,success,1409852.525,1371482.238
SEC::LOW && DPT::$ && CTR::EN,SEC::LOW && DPT::$ && CTR::EN,,,,,same,same,success,16,16,success,success,779243.711,738634.789
SEC::LOW && DPT::$ && CTR::EN,SEC::LOW && DPT::$ && CTR::FR,,,,,same,same,failure,16,16,failure,failure,1216539.554,1195079.009
SEC::LOW && DPT::$ && CTR::EN,SEC::LOW && DPT::DEV,,,,,different,TN_TN,failure,16,4,failure,failure,1199477.129,298290.844
SEC::LOW && DPT::$ && CTR::EN,SEC::LOW && DPT::DEV && CTR::$,,,,,same,same,failure,16,16,failure,failure,1246316.518,1216249.985
SEC::LOW && DPT::$ && CTR::EN,SEC::LOW && DPT::DEV && CTR::EN,,,,,same,same,failure,8,8,failure,failure,608780.470,611166.155
SEC::LOW && DPT::$ && CTR::EN,SEC::LOW && DPT::DEV && CTR::FR,,,,,same,same,failure,8,8,failure,failure,596170.071,603776.444
SEC::LOW && DPT::$ && CTR::EN,SEC::LOW && DPT::MKG,,,,,different,TN_TN,failure,16,4,failure,failure,1270877.228,301400.532
SEC::LOW && DPT::$ && CTR::EN,SEC::LOW && DPT::MKG && CTR::$,,,,,same,same,failure,16,16,failure,failure,1217166.690,1208546.806
SEC::LOW && DPT::$ && CTR::EN,SEC::LOW && DPT::MKG && CTR::EN,,,,,same,same,failure,8,8,failure,failure,600824.015,603532.856
SEC::LOW && DPT::$ && CTR::EN,SEC::LOW && DPT::MKG && CTR::FR,,,,,same,same,failure,8,8,failure,failure,612955.421,611532.958
SEC::LOW && DPT::$ && CTR::EN,SEC::MED,,,,,different,TN_FP,failure,48,3,success,failure,1960691.797,222107.979
SEC::LOW && DPT::$ && CTR::EN,SEC::MED && CTR::$,,,,,different,TN_FP,failure,48,12,success,failure,2120608.081,895138.230
SEC::LOW && DPT::$ && CTR::EN,SEC::MED && CTR::EN,,,,,different,TN_FP,failure,24,6,success,failure,1085891.195,444875.320
SEC::LOW && DPT::$ && CTR::EN,SEC::MED && CTR::FR,,,,,different,TN_TN,failure,24,6,failure,failure,1867739.026,445414.601
SEC::LOW && DPT::$ && CTR::EN,SEC::MED && DPT::$,,,,,different,TN_FP,failure,48,12,success,failure,1952909.129,926996.539
SEC::LOW && DPT::$ && CTR::EN,SEC::MED && DPT::$ && CTR::$,,,,,same,same,success,48,48,success,success,2090496.117,2005910.226
SEC::LOW && DPT::$ && CTR::EN,SEC::MED && DPT::$ && CTR::EN,,,,,same,same,success,24,24,success,success,1075022.833,1036206.238
SEC::LOW && DPT::$ && CTR::EN,SEC::MED && DPT::$ && CTR::FR,,,,,same,same,failure,24,24,failure,failure,1818667.059,1850128.153
SEC::LOW && DPT::$ && CTR::EN,SEC::MED && DPT::DEV,,,,,different,TN_TN,failure,24,6,failure,failure,1808878.900,445965.144
SEC::LOW && DPT::$ && CTR::EN,SEC::MED && DPT::DEV && CTR::$,,,,,same,same,failure,24,24,failure,failure,1910315.564,1835962.516
SEC::LOW && DPT::$ && CTR::EN,SEC::MED && DPT::DEV && CTR::EN,,,,,same,same,failure,12,12,failure,failure,943990.796,909819.058
SEC::LOW && DPT::$ && CTR::EN,SEC::MED && DPT::DEV && CTR::FR,,,,,same,same,failure,12,12,failure,failure,892601.346,894235.833
SEC::LOW && DPT::$ && CTR::EN,SEC::MED && DPT::MKG,,,,,different,TN_TN,failure,24,6,failure,failure,1835880.237,447393.939
SEC::LOW && DPT::$ && CTR::EN,SEC::MED && DPT::MKG && CTR::$,,,,,same,same,failure,24,24,failure,failure,1828703.967,1844727.412
SEC::LOW && DPT::$ && CTR::EN,SEC::MED && DPT::MKG && CTR::EN,,,,,same,same,failure,12,12,failure,failure,892447.137,897968.299
SEC::LOW && DPT::$ && CTR::EN,SEC::MED && DPT::MKG && CTR::FR,,,,,same,same,failure,12,12,failure,failure,895829.316,891773.789
SEC::LOW && DPT::$ && CTR::FR,CTR::$,,,,,different,TN_FP,failure,80,4,success,failure,3190395.925,310600.113
SEC::LOW && DPT::$ && CTR::FR,CTR::EN,,,,,different,TN_TN,failure,40,2,failure,failure,3209795.869,153174.888
SEC::LOW && DPT::$ && CTR::FR,CTR::FR,,,,,different,TN_FP,failure,40,2,success,failure,1645068.637,152081.351
SEC::LOW && DPT::$ && CTR::FR,DPT::$,,,,,different,TN_FP,failure,80,4,success,failure,3345006.064,298436.708
SEC::LOW && DPT::$ && CTR::FR,DPT::$ && CTR::$,,,,,different,TN_FP,failure,80,16,success,failure,3066657.858,1234542.337
SEC::LOW && DPT::$ && CTR::FR,DPT::$ && CTR::EN,,,,,different,TN_TN,failure,40,8,failure,failure,3121387.237,624422.525
SEC::LOW && DPT::$ && CTR::FR,DPT::$ && CTR::FR,,,,,different,TN_FP,failure,40,8,success,failure,1665197.168,606779.691
SEC::LOW && DPT::$ && CTR::FR,DPT::DEV,,,,,different,TN_TN,failure,40,2,failure,failure,3155872.603,157377.466
SEC::LOW && DPT::$ && CTR::FR,DPT::DEV && CTR::$,,,,,different,TN_TN,failure,40,8,failure,failure,3494395.596,595215.576
SEC::LOW && DPT::$ && CTR::FR,DPT::DEV && CTR::EN,,,,,different,TN_TN,failure,20,4,failure,failure,1563931.519,296089.209
SEC::LOW && DPT::$ && CTR::FR,DPT::DEV && CTR::FR,,,,,different,TN_TN,failure,20,4,failure,failure,1547717.761,295483.649
SEC::LOW && DPT::$ && CTR::FR,DPT::MKG,,,,,different,TN_TN,failure,40,2,failure,failure,3357341.092,152425.622
SEC::LOW && DPT::$ && CTR::FR,DPT::MKG && CTR::$,,,,,different,TN_TN,failure,40,8,failure,failure,3063516.030,602864.393
SEC::LOW && DPT::$ && CTR::FR,DPT::MKG && CTR::EN,,,,,different,TN_TN,failure,20,4,failure,failure,1554734.393,310183.301
SEC::LOW && DPT::$ && CTR::FR,DPT::MKG && CTR::FR,,,,,different,TN_TN,failure,20,4,failure,failure,1518046.540,298222.496
SEC::LOW && DPT::$ && CTR::FR,SEC::$,,,,,different,TN_FP,failure,80,5,success,failure,3031038.595,373572.539
SEC::LOW && DPT::$ && CTR::FR,SEC::$ && CTR::$,,,,,different,TN_FP,failure,80,20,success,failure,3291552.254,1512199.538
SEC::LOW && DPT::$ && CTR::FR,SEC::$ && CTR::EN,,,,,different,TN_TN,failure,40,10,failure,failure,3048647.505,771791.402
SEC::LOW && DPT::$ && CTR::FR,SEC::$ && CTR::FR,,,,,different,TN_FP,failure,40,10,success,failure,1649374.273,776259.919
SEC::LOW && DPT::$ && CTR::FR,SEC::$ && DPT::$,,,,,different,TN_FP,failure,80,20,success,failure,3219778.348,1541317.096
SEC::LOW && DPT::$ && CTR::FR,SEC::$ && DPT::$ && CTR::$,,,,,same,same,success,80,80,success,success,3465201.361,3354237.595
SEC::LOW && DPT::$ && CTR::FR,SEC::$ && DPT::$ && CTR::EN,,,,,same,same,failure,40,40,failure,failure,3035747.908,3103707.639
SEC::LOW && DPT::$ && CTR::FR,SEC::$ && DPT::$ && CTR::FR,,,,,same,same,success,40,40,success,success,1595240.432,1670137.735
SEC::LOW && DPT::$ && CTR::FR,SEC::$ && DPT::DEV,,,,,different,TN_TN,failure,40,10,failure,failure,3125578.743,740178.074
SEC::LOW && DPT::$ && CTR::FR,SEC::$ && DPT::DEV && CTR::$,,,,,same,same,failure,40,40,failure,failure,3093339.987,3060479.599
SEC::LOW && DPT::$ && CTR::FR,SEC::$ && DPT::DEV && CTR::EN,,,,,same,same,failure,20,20,failure,failure,1559978.905,1501892.625
SEC::LOW && DPT::$ && CTR::FR,SEC::$ && DPT::DEV && CTR::FR,,,,,same,same,failure,20,20,failure,failure,1684379.023,1509663.621
SEC::LOW && DPT::$ && CTR::FR,SEC::$ && DPT::MKG,,,,,different,TN_TN,failure,40,10,failure,failure,3060133.419,760608.336
SEC::LOW && DPT::$ && CTR::FR,SEC::$ && DPT::MKG && CTR::$,,,,,same,same,failure,40,40,failure,failure,3069727.240,3051758.726
SEC::LOW && DPT::$ && CTR::FR,SEC::$ && DPT::MKG && CTR::EN,,,,,same,same,failure,20,20,failure,failure,1515479.736,1533129.537
SEC::LOW && DPT::$ && CTR::FR,SEC::$ && DPT::MKG && CTR::FR,,,,,same,same,failure,20,20,failure,failure,1513548.488,1495833.725
SEC::LOW && DPT::$ && CTR::FR,SEC::HIG,,,,,different,TN_FP,failure,64,4,success,failure,2599196.939,309722.617
SEC::LOW && DPT::$ && CTR::FR,SEC::HIG && CTR::$,,,,,different,TN_FP,failure,64,16,success,failure,2539307.481,1208487.455
SEC::LOW && DPT::$ && CTR::FR,SEC::HIG && CTR::EN,,,,,different,TN_TN,failure,32,8,failure,failure,2420234.655,601973.507
SEC::LOW && DPT::$ && CTR::FR,SEC::HIG && CTR::FR,,,,,different,TN_FP,failure,32,8,success,failure,1303100.936,615044.004
SEC::LOW && DPT::$ && CTR::FR,SEC::HIG && DPT::$,,,,,different,TN_FP,failure,64,16,success,failure,2572114.338,1223805.888
SEC::LOW && DPT::$ && CTR::FR,SEC::HIG && DPT::$ && CTR::$,,,,,same,same,success,64,64,success,success,2736178.055,2494363.367
SEC::LOW && DPT::$ && CTR::FR,SEC::HIG && DPT::$ && CTR::EN,,,,,same,same,failure,32,32,failure,failure,3420750.286,2473431.624
SEC::LOW && DPT::$ && CTR::FR,SEC::HIG && DPT::$ && CTR::FR,,,,,same,same,success,32,32,success,success,1942414.183,1422492.455
SEC::LOW && DPT::$ && CTR::FR,SEC::HIG && DPT::DEV,,,,,different,TN_TN,failure,32,8,failure,failure,2430962.773,600442.404
SEC::LOW && DPT::$ && CTR::FR,SEC::HIG && DPT::DEV && CTR::$,,,,,same,same,failure,32,32,failure,failure,2473332.382,2485297.346
SEC::LOW && DPT::$ && CTR::FR,SEC::HIG && DPT::DEV && CTR::EN,,,,,same,same,failure,16,16,failure,failure,1197227.484,1220865.188
SEC::LOW && DPT::$ && CTR::FR,SEC::HIG && DPT::DEV && CTR::FR,,,,,same,same,failure,16,16,failure,failure,1202760.613,1218760.816
SEC::LOW && DPT::$ && CTR::FR,SEC::HIG && DPT::MKG,,,,,different,TN_TN,failure,32,8,failure,failure,2447059.757,605004.142
SEC::LOW && DPT::$ && CTR::FR,SEC::HIG && DPT::MKG && CTR::$,,,,,same,same,failure,32,32,failure,failure,2453550.387,2472521.086
SEC::LOW && DPT::$ && CTR::FR,SEC::HIG && DPT::MKG && CTR::EN,,,,,same,same,failure,16,16,failure,failure,1218364.016,1227953.243
SEC::LOW && DPT::$ && CTR::FR,SEC::HIG && DPT::MKG && CTR::FR,,,,,same,same,failure,16,16,failure,failure,1212445.349,1254455.710
SEC::LOW && DPT::$ && CTR::FR,SEC::LOW,,,,,different,TN_FP,failure,32,2,success,failure,1369457.985,149569.280
SEC::LOW && DPT::$ && CTR::FR,SEC::LOW && CTR::$,,,,,different,TN_FP,failure,32,8,success,failure,1333980.719,611291.049
SEC::LOW && DPT::$ && CTR::FR,SEC::LOW && CTR::EN,,,,,different,TN_TN,failure,16,4,failure,failure,1224388.652,302917.798
SEC::LOW && DPT::$ && CTR::FR,SEC::LOW && CTR::FR,,,,,different,TN_FP,failure,16,4,success,failure,726455.003,307004.203
SEC::LOW && DPT::$ && CTR::FR,SEC::LOW && DPT::$,,,,,different,TN_FP,failure,32,8,success,failure,1394079.440,616274.387
SEC::LOW && DPT::$ && CTR::FR,SEC::LOW && DPT::$ && CTR::$,,,,,same,same,success,32,32,success,success,1480173.971,1299435.040
SEC::LOW && DPT::$ && CTR::FR,SEC::LOW && DPT::$ && CTR::EN,,,,,same,same,failure,16,16,failure,failure,1212819.046,1196720.188
SEC::LOW && DPT::$ && CTR::FR,SEC::LOW && DPT::$ && CTR::FR,,,,,same,same,success,16,16,success,success,994670.282,714676.559
SEC::LOW && DPT::$ && CTR::FR,SEC::LOW && DPT::DEV,,,,,different,TN_TN,failure,16,4,failure,failure,1220762.556,299731.972
SEC::LOW && DPT::$ && CTR::FR,SEC::LOW && DPT::DEV && CTR::$,,,,,same,same,failure,16,16,failure,failure,1323436.366,1222698.923
SEC::LOW && DPT::$ && CTR::FR,SEC::LOW && DPT::DEV && CTR::EN,,,,,same,same,failure,8,8,failure,failure,620602.164,604217.912
SEC::LOW && DPT::$ && CTR::FR,SEC::LOW && DPT::DEV && CTR::FR,,,,,same,same,failure,8,8,failure,failure,598609.161,611821.654
SEC::LOW && DPT::$ && CTR::FR,SEC::LOW && DPT::MKG,,,,,different,TN_TN,failure,16,4,failure,failure,1233788.138,301938.892
SEC::LOW && DPT::$ && CTR::FR,SEC::LOW && DPT::MKG && CTR::$,,,,,same,same,failure,16,16,failure,failure,1212675.055,1217663.833
SEC::LOW && DPT::$ && CTR::FR,SEC::LOW && DPT::MKG && CTR::EN,,,,,same,same,failure,8,8,failure,failure,604978.398,613684.654
SEC::LOW && DPT::$ && CTR::FR,SEC::LOW && DPT::MKG && CTR::FR,,,,,same,same,failure,8,8,failure,failure,602640.939,596314.617
SEC::LOW && DPT::$ && CTR::FR,SEC::MED,,,,,different,TN_FP,failure,48,3,success,failure,1999451.636,221929.955
SEC::LOW && DPT::$ && CTR::FR,SEC::MED && CTR::$,,,,,different,TN_FP,failure,48,12,success,failure,1857248.002,891251.370
SEC::LOW && DPT::$ && CTR::FR,SEC::MED && CTR::EN,,,,,different,TN_TN,failure,24,6,failure,failure,1962557.117,445224.314
SEC::LOW && DPT::$ && CTR::FR,SEC::MED && CTR::FR,,,,,different,TN_FP,failure,24,6,success,failure,1024386.267,443461.367
SEC::LOW && DPT::$ && CTR::FR,SEC::MED && DPT::$,,,,,different,TN_FP,failure,48,12,success,failure,2058241.526,908168.602
SEC::LOW && DPT::$ && CTR::FR,SEC::MED && DPT::$ && CTR::$,,,,,same,same,success,48,48,success,success,1994082.374,1906702.381
SEC::LOW && DPT::$ && CTR::FR,SEC::MED && DPT::$ && CTR::EN,,,,,same,same,failure,24,24,failure,failure,1848683.308,1890003.524
SEC::LOW && DPT::$ && CTR::FR,SEC::MED && DPT::$ && CTR::FR,,,,,same,same,success,24,24,success,success,1025699.225,1051316.086
SEC::LOW && DPT::$ && CTR::FR,SEC::MED && DPT::DEV,,,,,different,TN_TN,failure,24,6,failure,failure,1880678.793,444477.173
SEC::LOW && DPT::$ && CTR::FR,SEC::MED && DPT::DEV && CTR::$,,,,,same,same,failure,24,24,failure,failure,1889542.840,1828580.093
SEC::LOW && DPT::$ && CTR::FR,SEC::MED && DPT::DEV && CTR::EN,,,,,same,same,failure,12,12,failure,failure,895680.157,892567.328
SEC::LOW && DPT::$ && CTR::FR,SEC::MED && DPT::DEV && CTR::FR,,,,,same,same,failure,12,12,failure,failure,894423.294,902778.161
SEC::LOW && DPT::$ && CTR::FR,SEC::MED && DPT::MKG,,,,,different,TN_TN,failure,24,6,failure,failure,1805215.478,449778.768
SEC::LOW && DPT::$ && CTR::FR,SEC::MED && DPT::MKG && CTR::$,,,,,same,same,failure,24,24,failure,failure,2132026.223,1824285.443
SEC::LOW && DPT::$ && CTR::FR,SEC::MED && DPT::MKG && CTR::EN,,,,,same,same,failure,12,12,failure,failure,900555.953,927387.262
SEC::LOW && DPT::$ && CTR::FR,SEC::MED && DPT::MKG && CTR::FR,,,,,same,same,failure,12,12,failure,failure,905343.473,910770.828
SEC::LOW && DPT::DEV,CTR::$,,,,,different,TN_FP,failure,80,4,success,failure,3241457.237,295497.470
SEC::LOW && DPT::DEV,CTR::EN,,,,,different,TN_FP,failure,40,2,success,failure,1992463.358,148714.541
SEC::LOW && DPT::DEV,CTR::FR,,,,,different,TN_FP,failure,40,2,success,failure,1907465.388,148304.938
SEC::LOW && DPT::DEV,DPT::$,,,,,different,TN_FP,failure,80,4,success,failure,3458196.501,300390.272
SEC::LOW && DPT::DEV,DPT::$ && CTR::$,,,,,different,TN_FP,failure,80,16,success,failure,3128968.788,1261326.703
SEC::LOW && DPT::DEV,DPT::$ && CTR::EN,,,,,different,TN_FP,failure,40,8,success,failure,1765052.231,600764.524
SEC::LOW && DPT::DEV,DPT::$ && CTR::FR,,,,,different,TN_FP,failure,40,8,success,failure,1825294.922,605583.899
SEC::LOW && DPT::DEV,DPT::DEV,,,,,different,TN_FP,failure,40,2,success,failure,1738626.177,154606.628
SEC::LOW && DPT::DEV,DPT::DEV && CTR::$,,,,,different,TN_FP,failure,40,8,success,failure,1649919.411,596383.627
SEC::LOW && DPT::DEV,DPT::DEV && CTR::EN,,,,,different,TN_FP,failure,20,4,success,failure,872006.792,296341.552
SEC::LOW && DPT::DEV,DPT::DEV && CTR::FR,,,,,different,TN_FP,failure,20,4,success,failure,887831.434,296647.266
SEC::LOW && DPT::DEV,DPT::MKG,,,,,different,TN_TN,failure,40,2,failure,failure,3114440.010,149453.473
SEC::LOW && DPT::DEV,DPT::MKG && CTR::$,,,,,different,TN_TN,failure,40,8,failure,failure,3111004.286,602537.459
SEC::LOW && DPT::DEV,DPT::MKG && CTR::EN,,,,,different,TN_TN,failure,20,4,failure,failure,1541007.830,302065.389
SEC::LOW && DPT::DEV,DPT::MKG && CTR::FR,,,,,different,TN_TN,failure,20,4,failure,failure,1538557.954,300698.465
SEC::LOW && DPT::DEV,SEC::$,,,,,different,TN_FP,failure,80,5,success,failure,3296662.870,372017.267
SEC::LOW && DPT::DEV,SEC::$ && CTR::$,,,,,different,TN_FP,failure,80,20,success,failure,3157800.128,1596964.065
SEC::LOW && DPT::DEV,SEC::$ && CTR::EN,,,,,different,TN_FP,failure,40,10,success,failure,1656617.029,856246.680
SEC::LOW && DPT::DEV,SEC::$ && CTR::FR,,,,,different,TN_FP,failure,40,10,success,failure,1620303.940,743607.281
SEC::LOW && DPT::DEV,SEC::$ && DPT::$,,,,,different,TP_TP,success,80,20,success,success,3209688.337,888681.344
SEC::LOW && DPT::DEV,SEC::$ && DPT::$ && CTR::$,,,,,same,same,success,80,80,success,success,3172790.191,3410784.618
SEC::LOW && DPT::DEV,SEC::$ && DPT::$ && CTR::EN,,,,,same,same,success,40,40,success,success,1765419.830,1606013.134
SEC::LOW && DPT::DEV,SEC::$ && DPT::$ && CTR::FR,,,,,same,same,success,40,40,success,success,1619519.688,1672127.062
SEC::LOW && DPT::DEV,SEC::$ && DPT::DEV,,,,,different,TP_TP,success,40,10,success,success,1792610.379,495630.684
SEC::LOW && DPT::DEV,SEC::$ && DPT::DEV && CTR::$,,,,,same,same,success,40,40,success,success,1636352.653,1695691.187
SEC::LOW && DPT::DEV,SEC::$ && DPT::DEV && CTR::EN,,,,,same,same,success,20,20,success,success,880459.476,874674.541
SEC::LOW && DPT::DEV,SEC::$ && DPT::DEV && CTR::FR,,,,,same,same,success,20,20,success,success,862431.205,966564.814
SEC::LOW && DPT::DEV,SEC::$ && DPT::MKG,,,,,different,TN_TN,failure,40,10,failure,failure,3080349.585,760029.335
SEC::LOW && DPT::DEV,SEC::$ && DPT::MKG && CTR::$,,,,,same,same,failure,40,40,failure,failure,3059320.289,3025840.239
SEC::LOW && DPT::DEV,SEC::$ && DPT::MKG && CTR::EN,,,,,same,same,failure,20,20,failure,failure,1523713.776,1495656.973
SEC::LOW && DPT::DEV,SEC::$ && DPT::MKG && CTR::FR,,,,,same,same,failure,20,20,failure,failure,1524877.769,1523643.103
SEC::LOW && DPT::DEV,SEC::HIG,,,,,different,TN_FP,failure,64,4,success,failure,2796782.374,295665.695
SEC::LOW && DPT::DEV,SEC::HIG && CTR::$,,,,,different,TN_FP,failure,64,16,success,failure,2890374.855,1203770.417
SEC::LOW && DPT::DEV,SEC::HIG && CTR::EN,,,,,different,TN_FP,failure,32,8,success,failure,1510931.109,591198.105
SEC::LOW && DPT::DEV,SEC::HIG && CTR::FR,,,,,different,TN_FP,failure,32,8,success,failure,1560533.921,599960.591
SEC::LOW && DPT::DEV,SEC::HIG && DPT::$,,,,,different,TP_TP,success,64,16,success,success,2998687.663,742545.289
SEC::LOW && DPT::DEV,SEC::HIG && DPT::$ && CTR::$,,,,,same,same,success,64,64,success,success,2845275.871,2527634.454
SEC::LOW && DPT::DEV,SEC::HIG && DPT::$ && CTR::EN,,,,,same,same,success,32,32,success,success,1518329.476,1328937.870
SEC::LOW && DPT::DEV,SEC::HIG && DPT::$ && CTR::FR,,,,,same,same,success,32,32,success,success,1520575.133,1333336.666
SEC::LOW && DPT::DEV,SEC::HIG && DPT::DEV,,,,,different,TP_TP,success,32,8,success,success,1632148.472,428162.110
SEC::LOW && DPT::DEV,SEC::HIG && DPT::DEV && CTR::$,,,,,same,same,success,32,32,success,success,1461912.352,1304448.228
SEC::LOW && DPT::DEV,SEC::HIG && DPT::DEV && CTR::EN,,,,,same,same,success,16,16,success,success,840350.908,727851.287
SEC::LOW && DPT::DEV,SEC::HIG && DPT::DEV && CTR::FR,,,,,same,same,success,16,16,success,success,828334.233,743841.326
SEC::LOW && DPT::DEV,SEC::HIG && DPT::MKG,,,,,different,TN_TN,failure,32,8,failure,failure,2659466.228,595980.996
SEC::LOW && DPT::DEV,SEC::HIG && DPT::MKG && CTR::$,,,,,same,same,failure,32,32,failure,failure,2681860.264,2463957.402
SEC::LOW && DPT::DEV,SEC::HIG && DPT::MKG && CTR::EN,,,,,same,same,failure,16,16,failure,failure,1324664.785,1205460.197
SEC::LOW && DPT::DEV,SEC::HIG && DPT::MKG && CTR::FR,,,,,same,same,failure,16,16,failure,failure,1320524.724,1217743.006
SEC::LOW && DPT::DEV,SEC::LOW,,,,,different,TN_FP,failure,32,2,success,failure,1349573.066,148994.266
SEC::LOW && DPT::DEV,SEC::LOW && CTR::$,,,,,different,TN_FP,failure,32,8,success,failure,1288451.137,654847.776
SEC::LOW && DPT::DEV,SEC::LOW && CTR::EN,,,,,different,TN_FP,failure,16,4,success,failure,712784.420,298879.428
SEC::LOW && DPT::DEV,SEC::LOW && CTR::FR,,,,,different,TN_FP,failure,16,4,success,failure,707171.887,309266.126
SEC::LOW && DPT::DEV,SEC::LOW && DPT::$,,,,,different,TP_TP,success,32,8,success,success,1305150.686,429664.813
SEC::LOW && DPT::DEV,SEC::LOW && DPT::$ && CTR::$,,,,,same,same,success,32,32,success,success,1378784.645,1349735.130
SEC::LOW && DPT::DEV,SEC::LOW && DPT::$ && CTR::EN,,,,,same,same,success,16,16,success,success,789935.762,748636.215
SEC::LOW && DPT::DEV,SEC::LOW && DPT::$ && CTR::FR,,,,,same,same,success,16,16,success,success,738595.210,757834.203
SEC::LOW && DPT::DEV,SEC::LOW && DPT::DEV,,,,,different,TP_TP,success,16,4,success,success,778626.804,287955.713
SEC::LOW && DPT::DEV,SEC::LOW && DPT::DEV && CTR::$,,,,,same,same,success,16,16,success,success,748854.048,710888.799
SEC::LOW && DPT::DEV,SEC::LOW && DPT::DEV && CTR::EN,,,,,same,same,success,8,8,success,success,523748.856,449415.326
SEC::LOW && DPT::DEV,SEC::LOW && DPT::DEV && CTR::FR,,,,,same,same,success,8,8,success,success,467061.896,446262.927
SEC::LOW && DPT::DEV,SEC::LOW && DPT::MKG,,,,,different,TN_TN,failure,16,4,failure,failure,1195490.411,296948.121
SEC::LOW && DPT::DEV,SEC::LOW && DPT::MKG && CTR::$,,,,,same,same,failure,16,16,failure,failure,1221423.961,1209354.286
SEC::LOW && DPT::DEV,SEC::LOW && DPT::MKG && CTR::EN,,,,,same,same,failure,8,8,failure,failure,595375.471,606714.885
SEC::LOW && DPT::DEV,SEC::LOW && DPT::MKG && CTR::FR,,,,,same,same,failure,8,8,failure,failure,659068.919,612874.244
SEC::LOW && DPT::DEV,SEC::MED,,,,,different,TN_FP,failure,48,3,success,failure,1955677.066,222884.590
SEC::LOW && DPT::DEV,SEC::MED && CTR::$,,,,,different,TN_FP,failure,48,12,success,failure,2220166.171,896011.248
SEC::LOW && DPT::DEV,SEC::MED && CTR::EN,,,,,different,TN_FP,failure,24,6,success,failure,1106549.590,450534.991
SEC::LOW && DPT::DEV,SEC::MED && CTR::FR,,,,,different,TN_FP,failure,24,6,success,failure,1136260.150,465962.629
SEC::LOW && DPT::DEV,SEC::MED && DPT::$,,,,,different,TP_TP,success,48,12,success,success,2126580.147,622964.866
SEC::LOW && DPT::DEV,SEC::MED && DPT::$ && CTR::$,,,,,same,same,success,48,48,success,success,2220711.389,1878523.981
SEC::LOW && DPT::DEV,SEC::MED && DPT::$ && CTR::EN,,,,,same,same,success,24,24,success,success,1146865.027,1153472.195
SEC::LOW && DPT::DEV,SEC::MED && DPT::$ && CTR::FR,,,,,same,same,success,24,24,success,success,1110107.399,1026011.195
SEC::LOW && DPT::DEV,SEC::MED && DPT::DEV,,,,,different,TP_TP,success,24,6,success,success,1006206.171,355427.023
SEC::LOW && DPT::DEV,SEC::MED && DPT::DEV && CTR::$,,,,,same,same,success,24,24,success,success,1059742.917,1021102.823
SEC::LOW && DPT::DEV,SEC::MED && DPT::DEV && CTR::EN,,,,,same,same,success,12,12,success,success,615435.268,580037.084
SEC::LOW && DPT::DEV,SEC::MED && DPT::DEV && CTR::FR,,,,,same,same,success,12,12,success,success,582578.767,567248.816
SEC::LOW && DPT::DEV,SEC::MED && DPT::MKG,,,,,different,TN_TN,failure,24,6,failure,failure,1835595.047,445500.142
SEC::LOW && DPT::DEV,SEC::MED && DPT::MKG && CTR::$,,,,,same,same,failure,24,24,failure,failure,1861803.532,1820280.711
SEC::LOW && DPT::DEV,SEC::MED && DPT::MKG && CTR::EN,,,,,same,same,failure,12,12,failure,failure,900395.116,952800.766
SEC::LOW && DPT::DEV,SEC::MED && DPT::MKG && CTR::FR,,,,,same,same,failure,12,12,failure,failure,898096.390,914388.735
SEC::LOW && DPT::DEV && CTR::$,CTR::$,,,,,different,TN_FP,failure,80,4,success,failure,3422173.115,310784.158
SEC::LOW && DPT::DEV && CTR::$,CTR::EN,,,,,different,TN_TN,failure,40,2,failure,failure,3108049.789,172800.941
SEC::LOW && DPT::DEV && CTR::$,CTR::FR,,,,,different,TN_TN,failure,40,2,failure,failure,3136936.819,156300.505
SEC::LOW && DPT::DEV && CTR::$,DPT::$,,,,,different,TN_FP,failure,80,4,success,failure,3381433.223,310741.985
SEC::LOW && DPT::DEV && CTR::$,DPT::$ && CTR::$,,,,,different,TN_FP,failure,80,16,success,failure,3535076.098,1281130.530
SEC::LOW && DPT::DEV && CTR::$,DPT::$ && CTR::EN,,,,,different,TN_TN,failure,40,8,failure,failure,3041774.197,631563.230
SEC::LOW && DPT::DEV && CTR::$,DPT::$ && CTR::FR,,,,,different,TN_TN,failure,40,8,failure,failure,3134298.314,691566.511
SEC::LOW && DPT::DEV && CTR::$,DPT::DEV,,,,,different,TN_FP,failure,40,2,success,failure,1737585.320,155927.201
SEC::LOW && DPT::DEV && CTR::$,DPT::DEV && CTR::$,,,,,different,TN_FP,failure,40,8,success,failure,1635194.466,617016.393
SEC::LOW && DPT::DEV && CTR::$,DPT::DEV && CTR::EN,,,,,different,TN_TN,failure,20,4,failure,failure,1517448.023,309206.740
SEC::LOW && DPT::DEV && CTR::$,DPT::DEV && CTR::FR,,,,,different,TN_TN,failure,20,4,failure,failure,1550041.024,309008.693
SEC::LOW && DPT::DEV && CTR::$,DPT::MKG,,,,,different,TN_TN,failure,40,2,failure,failure,3089946.722,155706.441
SEC::LOW && DPT::DEV && CTR::$,DPT::MKG && CTR::$,,,,,different,TN_TN,failure,40,8,failure,failure,3164367.637,613806.919
SEC::LOW && DPT::DEV && CTR::$,DPT::MKG && CTR::EN,,,,,different,TN_TN,failure,20,4,failure,failure,1563103.962,307907.888
SEC::LOW && DPT::DEV && CTR::$,DPT::MKG && CTR::FR,,,,,different,TN_TN,failure,20,4,failure,failure,1611741.454,308509.818
SEC::LOW && DPT::DEV && CTR::$,SEC::$,,,,,different,TN_FP,failure,80,5,success,failure,3193250.789,387713.078
SEC::LOW && DPT::DEV && CTR::$,SEC::$ && CTR::$,,,,,different,TN_FP,failure,80,20,success,failure,3421231.379,1598468.632
SEC::LOW && DPT::DEV && CTR::$,SEC::$ && CTR::EN,,,,,different,TN_TN,failure,40,10,failure,failure,3328287.604,772631.969
SEC::LOW && DPT::DEV && CTR::$,SEC::$ && CTR::FR,,,,,different,TN_TN,failure,40,10,failure,failure,3094989.291,779944.275
SEC::LOW && DPT::DEV && CTR::$,SEC::$ && DPT::$,,,,,different,TN_FP,failure,80,20,success,failure,3301501.411,1599786.404
SEC::LOW && DPT::DEV && CTR::$,SEC::$ && DPT::$ && CTR::$,,,,,same,same,success,80,80,success,success,3487721.548,3625179.820
SEC::LOW && DPT::DEV && CTR::$,SEC::$ && DPT::$ && CTR::EN,,,,,same,same,failure,40,40,failure,failure,3143883.689,3163059.353
SEC::LOW && DPT::DEV && CTR::$,SEC::$ && DPT::$ && CTR::FR,,,,,same,same,failure,40,40,failure,failure,3207884.198,3140967.489
SEC::LOW && DPT::DEV && CTR::$,SEC::$ && DPT::DEV,,,,,different,TN_FP,failure,40,10,success,failure,1869706.602,787653.606
SEC::LOW && DPT::DEV && CTR::$,SEC::$ && DPT::DEV && CTR::$,,,,,same,same,success,40,40,success,success,1707193.928,1718265.296
SEC::LOW && DPT::DEV && CTR::$,SEC::$ && DPT::DEV && CTR::EN,,,,,same,same,failure,20,20,failure,failure,1556752.042,1597316.786
SEC::LOW && DPT::DEV && CTR::$,SEC::$ && DPT::DEV && CTR::FR,,,,,same,same,failure,20,20,failure,failure,1550418.732,1587845.737
SEC::LOW && DPT::DEV && CTR::$,SEC::$ && DPT::MKG,,,,,different,TN_TN,failure,40,10,failure,failure,3222236.965,781842.476
SEC::LOW && DPT::DEV && CTR::$,SEC::$ && DPT::MKG && CTR::$,,,,,same,same,failure,40,40,failure,failure,3126782.582,3180997.947
SEC::LOW && DPT::DEV && CTR::$,SEC::$ && DPT::MKG && CTR::EN,,,,,same,same,failure,20,20,failure,failure,1583299.398,1588470.528
SEC::LOW && DPT::DEV && CTR::$,SEC::$ && DPT::MKG && CTR::FR,,,,,same,same,failure,20,20,failure,failure,1510910.295,1587008.306
SEC::LOW && DPT::DEV && CTR::$,SEC::HIG,,,,,different,TN_FP,failure,64,4,success,failure,2402722.411,313640.952
SEC::LOW && DPT::DEV && CTR::$,SEC::HIG && CTR::$,,,,,different,TN_FP,failure,64,16,success,failure,2625813.789,1251226.393
SEC::LOW && DPT::DEV && CTR::$,SEC::HIG && CTR::EN,,,,,different,TN_TN,failure,32,8,failure,failure,2431814.907,634436.429
SEC::LOW && DPT::DEV && CTR::$,SEC::HIG && CTR::FR,,,,,different,TN_TN,failure,32,8,failure,failure,2436357.647,620655.640
SEC::LOW && DPT::DEV && CTR::$,SEC::HIG && DPT::$,,,,,different,TN_FP,failure,64,16,success,failure,2696822.429,1236485.082
SEC::LOW && DPT::DEV && CTR::$,SEC::HIG && DPT::$ && CTR::$,,,,,same,same,success,64,64,success,success,2653399.624,2771272.448
SEC::LOW && DPT::DEV && CTR::$,SEC::HIG && DPT::$ && CTR::EN,,,,,same,same,failure,32,32,failure,failure,2447878.698,2503638.825
SEC::LOW && DPT::DEV && CTR::$,SEC::HIG && DPT::$ && CTR::FR,,,,,same,same,failure,32,32,failure,failure,2527431.058,2546100.879
SEC::LOW && DPT::DEV && CTR::$,SEC::HIG && DPT::DEV,,,,,different,TN_FP,failure,32,8,success,failure,1389466.877,617332.081
SEC::LOW && DPT::DEV && CTR::$,SEC::HIG && DPT::DEV && CTR::$,,,,,same,same,success,32,32,success,success,1319436.483,1395335.836
SEC::LOW && DPT::DEV && CTR::$,SEC::HIG && DPT::DEV && CTR::EN,,,,,same,same,failure,16,16,failure,failure,1209843.669,1245471.268
SEC::LOW && DPT::DEV && CTR::$,SEC::HIG && DPT::DEV && CTR::FR,,,,,same,same,failure,16,16,failure,failure,1220481.163,1236257.785
SEC::LOW && DPT::DEV && CTR::$,SEC::HIG && DPT::MKG,,,,,different,TN_TN,failure,32,8,failure,failure,2476319.837,628498.957
SEC::LOW && DPT::DEV && CTR::$,SEC::HIG && DPT::MKG && CTR::$,,,,,same,same,failure,32,32,failure,failure,2453109.855,2488491.277
SEC::LOW && DPT::DEV && CTR::$,SEC::HIG && DPT::MKG && CTR::EN,,,,,same,same,failure,16,16,failure,failure,1220047.539,1233929.619
SEC::LOW && DPT::DEV && CTR::$,SEC::HIG && DPT::MKG && CTR::FR,,,,,same,same,failure,16,16,failure,failure,1204244.136,1236636.235
SEC::LOW && DPT::DEV && CTR::$,SEC::LOW,,,,,different,TN_FP,failure,32,2,success,failure,1664155.344,158107.521
SEC::LOW && DPT::DEV && CTR::$,SEC::LOW && CTR::$,,,,,different,TN_FP,failure,32,8,success,failure,1556679.286,615757.943
SEC::LOW && DPT::DEV && CTR::$,SEC::LOW && CTR::EN,,,,,different,TN_TN,failure,16,4,failure,failure,1406179.245,309102.925
SEC::LOW && DPT::DEV && CTR::$,SEC::LOW && CTR::FR,,,,,different,TN_TN,failure,16,4,failure,failure,1380783.164,308792.217
SEC::LOW && DPT::DEV && CTR::$,SEC::LOW && DPT::$,,,,,different,TN_FP,failure,32,8,success,failure,1565084.873,613707.818
SEC::LOW && DPT::DEV && CTR::$,SEC::LOW && DPT::$ && CTR::$,,,,,same,same,success,32,32,success,success,1656327.802,1362474.050
SEC::LOW && DPT::DEV && CTR::$,SEC::LOW && DPT::$ && CTR::EN,,,,,same,same,failure,16,16,failure,failure,1393317.090,1254700.590
SEC::LOW && DPT::DEV && CTR::$,SEC::LOW && DPT::$ && CTR::FR,,,,,same,same,failure,16,16,failure,failure,1337534.981,1250040.794
SEC::LOW && DPT::DEV && CTR::$,SEC::LOW && DPT::DEV,,,,,different,TN_FP,failure,16,4,success,failure,854030.448,320632.466
SEC::LOW && DPT::DEV && CTR::$,SEC::LOW && DPT::DEV && CTR::$,,,,,same,same,success,16,16,success,success,842125.466,796178.441
SEC::LOW && DPT::DEV && CTR::$,SEC::LOW && DPT::DEV && CTR::EN,,,,,same,same,failure,8,8,failure,failure,692833.076,620750.342
SEC::LOW && DPT::DEV && CTR::$,SEC::LOW && DPT::DEV && CTR::FR,,,,,same,same,failure,8,8,failure,failure,707874.105,654950.779
SEC::LOW && DPT::DEV && CTR::$,SEC::LOW && DPT::MKG,,,,,different,TN_TN,failure,16,4,failure,failure,1420438.708,314192.707
SEC::LOW && DPT::DEV && CTR::$,SEC::LOW && DPT::MKG && CTR::$,,,,,same,same,failure,16,16,failure,failure,1418944.215,1231070.340
SEC::LOW && DPT::DEV && CTR::$,SEC::LOW && DPT::MKG && CTR::EN,,,,,same,same,failure,8,8,failure,failure,735909.236,624689.501
SEC::LOW && DPT::DEV && CTR::$,SEC::LOW && DPT::MKG && CTR::FR,,,,,same,same,failure,8,8,failure,failure,652180.598,621937.639
SEC::LOW && DPT::DEV && CTR::$,SEC::MED,,,,,different,TN_FP,failure,48,3,success,failure,2238753.912,232324.647
SEC::LOW && DPT::DEV && CTR::$,SEC::MED && CTR::$,,,,,different,TN_FP,failure,48,12,success,failure,2261544.286,924256.203
SEC::LOW && DPT::DEV && CTR::$,SEC::MED && CTR::EN,,,,,different,TN_TN,failure,24,6,failure,failure,2108043.161,461505.900
SEC::LOW && DPT::DEV && CTR::$,SEC::MED && CTR::FR,,,,,different,TN_TN,failure,24,6,failure,failure,2135808.417,468284.564
SEC::LOW && DPT::DEV && CTR::$,SEC::MED && DPT::$,,,,,different,TN_FP,failure,48,12,success,failure,1996744.087,934193.233
SEC::LOW && DPT::DEV && CTR::$,SEC::MED && DPT::$ && CTR::$,,,,,same,same,success,48,48,success,success,1870124.911,2014998.718
SEC::LOW && DPT::DEV && CTR::$,SEC::MED && DPT::$ && CTR::EN,,,,,same,same,failure,24,24,failure,failure,1848657.048,1907575.103
SEC::LOW && DPT::DEV && CTR::$,SEC::MED && DPT::$ && CTR::FR,,,,,same,same,failure,24,24,failure,failure,1834069.019,1883761.245
SEC::LOW && DPT::DEV && CTR::$,SEC::MED && DPT::DEV,,,,,different,TN_FP,failure,24,6,success,failure,1142209.875,464896.805
SEC::LOW && DPT::DEV && CTR::$,SEC::MED && DPT::DEV && CTR::$,,,,,same,same,success,24,24,success,success,1153074.654,1107155.672
SEC::LOW && DPT::DEV && CTR::$,SEC::MED && DPT::DEV && CTR::EN,,,,,same,same,failure,12,12,failure,failure,1002572.385,931265.201
SEC::LOW && DPT::DEV && CTR::$,SEC::MED && DPT::DEV && CTR::FR,,,,,same,same,failure,12,12,failure,failure,1088799.230,994004.784
SEC::LOW && DPT::DEV && CTR::$,SEC::MED && DPT::MKG,,,,,different,TN_TN,failure,24,6,failure,failure,2095589.401,462315.894
SEC::LOW && DPT::DEV && CTR::$,SEC::MED && DPT::MKG && CTR::$,,,,,same,same,failure,24,24,failure,failure,1826895.419,1885371.471
SEC::LOW && DPT::DEV && CTR::$,SEC::MED && DPT::MKG && CTR::EN,,,,,same,same,failure,12,12,failure,failure,909354.000,939024.490
SEC::LOW && DPT::DEV && CTR::$,SEC::MED && DPT::MKG && CTR::FR,,,,,same,same,failure,12,12,failure,failure,908192.887,935192.417
SEC::LOW && DPT::DEV && CTR::EN,CTR::$,,,,,different,TN_FP,failure,80,4,success,failure,3314218.284,321455.049
SEC::LOW && DPT::DEV && CTR::EN,CTR::EN,,,,,different,TN_FP,failure,40,2,success,failure,1820535.248,161976.257
SEC::LOW && DPT::DEV && CTR::EN,CTR::FR,,,,,different,TN_TN,failure,40,2,failure,failure,3123181.287,162103.962
SEC::LOW && DPT::DEV && CTR::EN,DPT::$,,,,,different,TN_FP,failure,80,4,success,failure,3330583.812,332106.734
SEC::LOW && DPT::DEV && CTR::EN,DPT::$ && CTR::$,,,,,different,TN_FP,failure,80,16,success,failure,3480748.904,1267988.384
SEC::LOW && DPT::DEV && CTR::EN,DPT::$ && CTR::EN,,,,,different,TN_FP,failure,40,8,success,failure,1691252.316,632580.458
SEC::LOW && DPT::DEV && CTR::EN,DPT::$ && CTR::FR,,,,,different,TN_TN,failure,40,8,failure,failure,3158635.294,631366.515
SEC::LOW && DPT::DEV && CTR::EN,DPT::DEV,,,,,different,TN_FP,failure,40,2,success,failure,1717018.452,163944.759
SEC::LOW && DPT::DEV && CTR::EN,DPT::DEV && CTR::$,,,,,different,TN_FP,failure,40,8,success,failure,1693071.348,639384.901
SEC::LOW && DPT::DEV && CTR::EN,DPT::DEV && CTR::EN,,,,,different,TN_FP,failure,20,4,success,failure,906699.822,321546.105
SEC::LOW && DPT::DEV && CTR::EN,DPT::DEV && CTR::FR,,,,,different,TN_TN,failure,20,4,failure,failure,1560681.378,331342.872
SEC::LOW && DPT::DEV && CTR::EN,DPT::MKG,,,,,different,TN_TN,failure,40,2,failure,failure,3151256.785,162805.046
SEC::LOW && DPT::DEV && CTR::EN,DPT::MKG && CTR::$,,,,,different,TN_TN,failure,40,8,failure,failure,3102494.819,634778.721
SEC::LOW && DPT::DEV && CTR::EN,DPT::MKG && CTR::EN,,,,,different,TN_TN,failure,20,4,failure,failure,1575640.542,332743.654
SEC::LOW && DPT::DEV && CTR::EN,DPT::MKG && CTR::FR,,,,,different,TN_TN,failure,20,4,failure,failure,1524360.584,320099.987
SEC::LOW && DPT::DEV && CTR::EN,SEC::$,,,,,different,TN_FP,failure,80,5,success,failure,3043730.387,400331.622
SEC::LOW && DPT::DEV && CTR::EN,SEC::$ && CTR::$,,,,,different,TN_FP,failure,80,20,success,failure,3358372.552,1612100.733
SEC::LOW && DPT::DEV && CTR::EN,SEC::$ && CTR::EN,,,,,different,TN_FP,failure,40,10,success,failure,1617986.528,795403.323
SEC::LOW && DPT::DEV && CTR::EN,SEC::$ && CTR::FR,,,,,different,TN_TN,failure,40,10,failure,failure,3095656.141,789787.458
SEC::LOW && DPT::DEV && CTR::EN,SEC::$ && DPT::$,,,,,different,TN_FP,failure,80,20,success,failure,3826349.930,1610196.356
SEC::LOW && DPT::DEV && CTR::EN,SEC::$ && DPT::$ && CTR::$,,,,,same,same,success,80,80,success,success,3207994.916,3720835.206
SEC::LOW && DPT::DEV && CTR::EN,SEC::$ && DPT::$ && CTR::EN,,,,,same,same,success,40,40,success,success,1711177.997,2222847.862
SEC::LOW && DPT::DEV && CTR::EN,SEC::$ && DPT::$ && CTR::FR,,,,,same,same,failure,40,40,failure,failure,3136617.359,3433484.899
SEC::LOW && DPT::DEV && CTR::EN,SEC::$ && DPT::DEV,,,,,different,TN_FP,failure,40,10,success,failure,1647631.123,812183.879
SEC::LOW && DPT::DEV && CTR::EN,SEC::$ && DPT::DEV && CTR::$,,,,,same,same,success,40,40,success,success,1694407.354,1706118.622
SEC::LOW && DPT::DEV && CTR::EN,SEC::$ && DPT::DEV && CTR::EN,,,,,same,same,success,20,20,success,success,918311.076,989009.364
SEC::LOW && DPT::DEV && CTR::EN,SEC::$ && DPT::DEV && CTR::FR,,,,,same,same,failure,20,20,failure,failure,1575569.339,1588438.403
SEC::LOW && DPT::DEV && CTR::EN,SEC::$ && DPT::MKG,,,,,different,TN_TN,failure,40,10,failure,failure,3070371.559,825929.302
SEC::LOW && DPT::DEV && CTR::EN,SEC::$ && DPT::MKG && CTR::$,,,,,same,same,failure,40,40,failure,failure,3132453.374,3242784.397
SEC::LOW && DPT::DEV && CTR::EN,SEC::$ && DPT::MKG && CTR::EN,,,,,same,same,failure,20,20,failure,failure,1529282.086,1622135.481
SEC::LOW && DPT::DEV && CTR::EN,SEC::$ && DPT::MKG && CTR::FR,,,,,same,same,failure,20,20,failure,failure,1536837.663,1611966.666
SEC::LOW && DPT::DEV && CTR::EN,SEC::HIG,,,,,different,TN_FP,failure,64,4,success,failure,2916706.853,319100.948
SEC::LOW && DPT::DEV && CTR::EN,SEC::HIG && CTR::$,,,,,different,TN_FP,failure,64,16,success,failure,2963862.419,1336027.724
SEC::LOW && DPT::DEV && CTR::EN,SEC::HIG && CTR::EN,,,,,different,TN_FP,failure,32,8,success,failure,1470101.372,634574.047
SEC::LOW && DPT::DEV && CTR::EN,SEC::HIG && CTR::FR,,,,,different,TN_TN,failure,32,8,failure,failure,2766675.546,642528.222
SEC::LOW && DPT::DEV && CTR::EN,SEC::HIG && DPT::$,,,,,different,TN_FP,failure,64,16,success,failure,2579607.649,1261389.156
SEC::LOW && DPT::DEV && CTR::EN,SEC::HIG && DPT::$ && CTR::$,,,,,same,same,success,64,64,success,success,2584192.043,2626282.028
SEC::LOW && DPT::DEV && CTR::EN,SEC::HIG && DPT::$ && CTR::EN,,,,,same,same,success,32,32,success,success,1373291.226,1422467.358
SEC::LOW && DPT::DEV && CTR::EN,SEC::HIG && DPT::$ && CTR::FR,,,,,same,same,failure,32,32,failure,failure,2459606.336,2544753.756
SEC::LOW && DPT::DEV && CTR::EN,SEC::HIG && DPT::DEV,,,,,different,TN_FP,failure,32,8,success,failure,1351850.203,746871.725
SEC::LOW && DPT::DEV && CTR::EN,SEC::HIG && DPT::DEV && CTR::$,,,,,same,same,success,32,32,success,success,1320309.546,1423964.641
SEC::LOW && DPT::DEV && CTR::EN,SEC::HIG && DPT::DEV && CTR::EN,,,,,same,same,success,16,16,success,success,745521.436,791722.544
SEC::LOW && DPT::DEV && CTR::EN,SEC::HIG && DPT::DEV && CTR::FR,,,,,same,same,failure,16,16,failure,failure,1215778.657,1281434.164
SEC::LOW && DPT::DEV && CTR::EN,SEC::HIG && DPT::MKG,,,,,different,TN_TN,failure,32,8,failure,failure,2468337.339,631926.611
SEC::LOW && DPT::DEV && CTR::EN,SEC::HIG && DPT::MKG && CTR::$,,,,,same,same,failure,32,32,failure,failure,2437645.989,2559689.993
SEC::LOW && DPT::DEV && CTR::EN,SEC::HIG && DPT::MKG && CTR::EN,,,,,same,same,failure,16,16,failure,failure,1235317.116,1296708.110
SEC::LOW && DPT::DEV && CTR::EN,SEC::HIG && DPT::MKG && CTR::FR,,,,,same,same,failure,16,16,failure,failure,1206596.844,1261642.100
SEC::LOW && DPT::DEV && CTR::EN,SEC::LOW,,,,,different,TN_FP,failure,32,2,success,failure,1401723.648,159751.899
SEC::LOW && DPT::DEV && CTR::EN,SEC::LOW && CTR::$,,,,,different,TN_FP,failure,32,8,success,failure,1496262.559,629112.142
SEC::LOW && DPT::DEV && CTR::EN,SEC::LOW && CTR::EN,,,,,different,TN_FP,failure,16,4,success,failure,786580.603,316000.052
SEC::LOW && DPT::DEV && CTR::EN,SEC::LOW && CTR::FR,,,,,different,TN_TN,failure,16,4,failure,failure,1505932.042,314909.001
SEC::LOW && DPT::DEV && CTR::EN,SEC::LOW && DPT::$,,,,,different,TN_FP,failure,32,8,success,failure,1451325.624,655260.184
SEC::LOW && DPT::DEV && CTR::EN,SEC::LOW && DPT::$ && CTR::$,,,,,same,same,success,32,32,success,success,1523423.436,1513223.123
SEC::LOW && DPT::DEV && CTR::EN,SEC::LOW && DPT::$ && CTR::EN,,,,,same,same,success,16,16,success,success,757255.963,778243.290
SEC::LOW && DPT::DEV && CTR::EN,SEC::LOW && DPT::$ && CTR::FR,,,,,same,same,failure,16,16,failure,failure,1294800.006,1267784.546
SEC::LOW && DPT::DEV && CTR::EN,SEC::LOW && DPT::DEV,,,,,different,TN_FP,failure,16,4,success,failure,749528.002,317569.150
SEC::LOW && DPT::DEV && CTR::EN,SEC::LOW && DPT::DEV && CTR::$,,,,,same,same,success,16,16,success,success,737996.191,836548.936
SEC::LOW && DPT::DEV && CTR::EN,SEC::LOW && DPT::DEV && CTR::EN,,,,,same,same,success,8,8,success,success,436656.248,492235.997
SEC::LOW && DPT::DEV && CTR::EN,SEC::LOW && DPT::DEV && CTR::FR,,,,,same,same,failure,8,8,failure,failure,602439.245,657835.495
SEC::LOW && DPT::DEV && CTR::EN,SEC::LOW && DPT::MKG,,,,,different,TN_TN,failure,16,4,failure,failure,1215347.884,321476.420
SEC::LOW && DPT::DEV && CTR::EN,SEC::LOW && DPT::MKG && CTR::$,,,,,same,same,failure,16,16,failure,failure,1209405.653,1297769.667
SEC::LOW && DPT::DEV && CTR::EN,SEC::LOW && DPT::MKG && CTR::EN,,,,,same,same,failure,8,8,failure,failure,597230.309,630052.726
SEC::LOW && DPT::DEV && CTR::EN,SEC::LOW && DPT::MKG && CTR::FR,,,,,same,same,failure,8,8,failure,failure,600774.949,633084.198
SEC::LOW && DPT::DEV && CTR::EN,SEC::MED,,,,,different,TN_FP,failure,48,3,success,failure,2163160.488,237913.867
SEC::LOW && DPT::DEV && CTR::EN,SEC::MED && CTR::$,,,,,different,TN_FP,failure,48,12,success,failure,2242570.200,951928.855
SEC::LOW && DPT::DEV && CTR::EN,SEC::MED && CTR::EN,,,,,different,TN_FP,failure,24,6,success,failure,1194528.621,478558.922
SEC::LOW && DPT::DEV && CTR::EN,SEC::MED && CTR::FR,,,,,different,TN_TN,failure,24,6,failure,failure,2019896.365,478965.299
SEC::LOW && DPT::DEV && CTR::EN,SEC::MED && DPT::$,,,,,different,TN_FP,failure,48,12,success,failure,2243902.479,956181.978
SEC::LOW && DPT::DEV && CTR::EN,SEC::MED && DPT::$ && CTR::$,,,,,same,same,success,48,48,success,success,2084145.445,2015780.500
SEC::LOW && DPT::DEV && CTR::EN,SEC::MED && DPT::$ && CTR::EN,,,,,same,same,success,24,24,success,success,1187193.113,1076952.133
SEC::LOW && DPT::DEV && CTR::EN,SEC::MED && DPT::$ && CTR::FR,,,,,same,same,failure,24,24,failure,failure,2084167.477,1920496.015
SEC::LOW && DPT::DEV && CTR::EN,SEC::MED && DPT::DEV,,,,,different,TN_FP,failure,24,6,success,failure,1225046.901,475656.943
SEC::LOW && DPT::DEV && CTR::EN,SEC::MED && DPT::DEV && CTR::$,,,,,same,same,success,24,24,success,success,1141731.603,1173443.667
SEC::LOW && DPT::DEV && CTR::EN,SEC::MED && DPT::DEV && CTR::EN,,,,,same,same,success,12,12,success,success,647079.515,631091.539
SEC::LOW && DPT::DEV && CTR::EN,SEC::MED && DPT::DEV && CTR::FR,,,,,same,same,failure,12,12,failure,failure,1035189.897,946124.728
SEC::LOW && DPT::DEV && CTR::EN,SEC::MED && DPT::MKG,,,,,different,TN_TN,failure,24,6,failure,failure,2111701.033,473398.422
SEC::LOW && DPT::DEV && CTR::EN,SEC::MED && DPT::MKG && CTR::$,,,,,same,same,failure,24,24,failure,failure,2078546.052,1940900.644
SEC::LOW && DPT::DEV && CTR::EN,SEC::MED && DPT::MKG && CTR::EN,,,,,same,same,failure,12,12,failure,failure,1022149.000,948101.672
SEC::LOW && DPT::DEV && CTR::EN,SEC::MED && DPT::MKG && CTR::FR,,,,,same,same,failure,12,12,failure,failure,1001920.657,948211.468
SEC::LOW && DPT::DEV && CTR::FR,CTR::$,,,,,different,TN_FP,failure,80,4,success,failure,3587974.453,312056.585
SEC::LOW && DPT::DEV && CTR::FR,CTR::EN,,,,,different,TN_TN,failure,40,2,failure,failure,3341027.737,152781.675
SEC::LOW && DPT::DEV && CTR::FR,CTR::FR,,,,,different,TN_FP,failure,40,2,success,failure,1928422.738,153817.614
SEC::LOW && DPT::DEV && CTR::FR,DPT::$,,,,,different,TN_FP,failure,80,4,success,failure,3606827.806,298679.383
SEC::LOW && DPT::DEV && CTR::FR,DPT::$ && CTR::$,,,,,different,TN_FP,failure,80,16,success,failure,3340405.064,1230947.169
SEC::LOW && DPT::DEV && CTR::FR,DPT::$ && CTR::EN,,,,,different,TN_TN,failure,40,8,failure,failure,3332853.575,601236.209
SEC::LOW && DPT::DEV && CTR::FR,DPT::$ && CTR::FR,,,,,different,TN_FP,failure,40,8,success,failure,1839926.823,608301.687
SEC::LOW && DPT::DEV && CTR::FR,DPT::DEV,,,,,different,TN_FP,failure,40,2,success,failure,1749313.910,150404.276
SEC::LOW && DPT::DEV && CTR::FR,DPT::DEV && CTR::$,,,,,different,TN_FP,failure,40,8,success,failure,1872889.336,604966.105
SEC::LOW && DPT::DEV && CTR::FR,DPT::DEV && CTR::EN,,,,,different,TN_TN,failure,20,4,failure,failure,1628311.701,301284.334
SEC::LOW && DPT::DEV && CTR::FR,DPT::DEV && CTR::FR,,,,,different,TN_FP,failure,20,4,success,failure,929045.236,303760.198
SEC::LOW && DPT::DEV && CTR::FR,DPT::MKG,,,,,different,TN_TN,failure,40,2,failure,failure,3294549.050,150045.262
SEC::LOW && DPT::DEV && CTR::FR,DPT::MKG && CTR::$,,,,,different,TN_TN,failure,40,8,failure,failure,3288013.476,617453.157
SEC::LOW && DPT::DEV && CTR::FR,DPT::MKG && CTR::EN,,,,,different,TN_TN,failure,20,4,failure,failure,1674581.005,299805.946
SEC::LOW && DPT::DEV && CTR::FR,DPT::MKG && CTR::FR,,,,,different,TN_TN,failure,20,4,failure,failure,1685871.994,314139.267
SEC::LOW && DPT::DEV && CTR::FR,SEC::$,,,,,different,TN_FP,failure,80,5,success,failure,3745385.060,374458.079
SEC::LOW && DPT::DEV && CTR::FR,SEC::$ && CTR::$,,,,,different,TN_FP,failure,80,20,success,failure,3810434.321,1507309.345
SEC::LOW && DPT::DEV && CTR::FR,SEC::$ && CTR::EN,,,,,different,TN_TN,failure,40,10,failure,failure,3312893.374,750521.205
SEC::LOW && DPT::DEV && CTR::FR,SEC::$ && CTR::FR,,,,,different,TN_FP,failure,40,10,success,failure,1850594.181,747266.119
SEC::LOW && DPT::DEV && CTR::FR,SEC::$ && DPT::$,,,,,different,TN_FP,failure,80,20,success,failure,3606754.183,1570413.343
SEC::LOW && DPT::DEV && CTR::FR,SEC::$ && DPT::$ && CTR::$,,,,,same,same,success,80,80,success,success,3330332.030,4062843.268
SEC::LOW && DPT::DEV && CTR::FR,SEC::$ && DPT::$ && CTR::EN,,,,,same,same,failure,40,40,failure,failure,3325459.350,3117360.759
SEC::LOW && DPT::DEV && CTR::FR,SEC::$ && DPT::$ && CTR::FR,,,,,same,same,success,40,40,success,success,2028116.174,2113811.677
SEC::LOW && DPT::DEV && CTR::FR,SEC::$ && DPT::DEV,,,,,different,TN_FP,failure,40,10,success,failure,1901686.433,745773.650
SEC::LOW && DPT::DEV && CTR::FR,SEC::$ && DPT::DEV && CTR::$,,,,,same,same,success,40,40,success,success,1794493.326,1668214.824
SEC::LOW && DPT::DEV && CTR::FR,SEC::$ && DPT::DEV && CTR::EN,,,,,same,same,failure,20,20,failure,failure,1653178.950,1518006.345
SEC::LOW && DPT::DEV && CTR::FR,SEC::$ && DPT::DEV && CTR::FR,,,,,same,same,success,20,20,success,success,1023650.332,883118.414
SEC::LOW && DPT::DEV && CTR::FR,SEC::$ && DPT::MKG,,,,,different,TN_TN,failure,40,10,failure,failure,3398199.667,752838.392
SEC::LOW && DPT::DEV && CTR::FR,SEC::$ && DPT::MKG && CTR::$,,,,,same,same,failure,40,40,failure,failure,3489583.651,3061624.342
SEC::LOW && DPT::DEV && CTR::FR,SEC::$ && DPT::MKG && CTR::EN,,,,,same,same,failure,20,20,failure,failure,1651335.647,1525930.218
SEC::LOW && DPT::DEV && CTR::FR,SEC::$ && DPT::MKG && CTR::FR,,,,,same,same,failure,20,20,failure,failure,1656230.319,1551848.063
SEC::LOW && DPT::DEV && CTR::FR,SEC::HIG,,,,,different,TN_FP,failure,64,4,success,failure,2718006.050,301155.062
SEC::LOW && DPT::DEV && CTR::FR,SEC::HIG && CTR::$,,,,,different,TN_FP,failure,64,16,success,failure,2808559.560,1214671.796
SEC::LOW && DPT::DEV && CTR::FR,SEC::HIG && CTR::EN,,,,,different,TN_TN,failure,32,8,failure,failure,2630112.714,609742.539
SEC::LOW && DPT::DEV && CTR::FR,SEC::HIG && CTR::FR,,,,,different,TN_FP,failure,32,8,success,failure,1456746.302,599838.397
SEC::LOW && DPT::DEV && CTR::FR,SEC::HIG && DPT::$,,,,,different,TN_FP,failure,64,16,success,failure,2691546.618,1213740.904
SEC::LOW && DPT::DEV && CTR::FR,SEC::HIG && DPT::$ && CTR::$,,,,,same,same,success,64,64,success,success,3024294.024,2496276.160
SEC::LOW && DPT::DEV && CTR::FR,SEC::HIG && DPT::$ && CTR::EN,,,,,same,same,failure,32,32,failure,failure,2626962.369,2429733.778
SEC::LOW && DPT::DEV && CTR::FR,SEC::HIG && DPT::$ && CTR::FR,,,,,same,same,success,32,32,success,success,1570912.499,1312739.561
SEC::LOW && DPT::DEV && CTR::FR,SEC::HIG && DPT::DEV,,,,,different,TN_FP,failure,32,8,success,failure,1473821.410,605173.504
SEC::LOW && DPT::DEV && CTR::FR,SEC::HIG && DPT::DEV && CTR::$,,,,,same,same,success,32,32,success,success,1448647.415,1318565.184
SEC::LOW && DPT::DEV && CTR::FR,SEC::HIG && DPT::DEV && CTR::EN,,,,,same,same,failure,16,16,failure,failure,1299856.501,1227585.383
SEC::LOW && DPT::DEV && CTR::FR,SEC::HIG && DPT::DEV && CTR::FR,,,,,same,same,success,16,16,success,success,851420.071,737412.912
SEC::LOW && DPT::DEV && CTR::FR,SEC::HIG && DPT::MKG,,,,,different,TN_TN,failure,32,8,failure,failure,2618062.811,606621.225
SEC::LOW && DPT::DEV && CTR::FR,SEC::HIG && DPT::MKG && CTR::$,,,,,same,same,failure,32,32,failure,failure,2616759.141,2471565.158
SEC::LOW && DPT::DEV && CTR::FR,SEC::HIG && DPT::MKG && CTR::EN,,,,,same,same,failure,16,16,failure,failure,1302427.123,1203309.472
SEC::LOW && DPT::DEV && CTR::FR,SEC::HIG && DPT::MKG && CTR::FR,,,,,same,same,failure,16,16,failure,failure,1358801.923,1213394.906
SEC::LOW && DPT::DEV && CTR::FR,SEC::LOW,,,,,different,TN_FP,failure,32,2,success,failure,1475341.522,152252.869
SEC::LOW && DPT::DEV && CTR::FR,SEC::LOW && CTR::$,,,,,different,TN_FP,failure,32,8,success,failure,1566214.892,601385.970
SEC::LOW && DPT::DEV && CTR::FR,SEC::LOW && CTR::EN,,,,,different,TN_TN,failure,16,4,failure,failure,1313376.035,304460.938
SEC::LOW && DPT::DEV && CTR::FR,SEC::LOW && CTR::FR,,,,,different,TN_FP,failure,16,4,success,failure,860464.086,316575.401
SEC::LOW && DPT::DEV && CTR::FR,SEC::LOW && DPT::$,,,,,different,TN_FP,failure,32,8,success,failure,1619597.164,644594.113
SEC::LOW && DPT::DEV && CTR::FR,SEC::LOW && DPT::$ && CTR::$,,,,,same,same,success,32,32,success,success,1807100.463,1358778.984
SEC::LOW && DPT::DEV && CTR::FR,SEC::LOW && DPT::$ && CTR::EN,,,,,same,same,failure,16,16,failure,failure,1490451.339,1241833.353
SEC::LOW && DPT::DEV && CTR::FR,SEC::LOW && DPT::$ && CTR::FR,,,,,same,same,success,16,16,success,success,924770.438,752127.473
SEC::LOW && DPT::DEV && CTR::FR,SEC::LOW && DPT::DEV,,,,,different,TN_FP,failure,16,4,success,failure,927817.037,303056.498
SEC::LOW && DPT::DEV && CTR::FR,SEC::LOW && DPT::DEV && CTR::$,,,,,same,same,success,16,16,success,success,991554.012,759425.537
SEC::LOW && DPT::DEV && CTR::FR,SEC::LOW && DPT::DEV && CTR::EN,,,,,same,same,failure,8,8,failure,failure,729813.988,606992.531
SEC::LOW && DPT::DEV && CTR::FR,SEC::LOW && DPT::DEV && CTR::FR,,,,,same,same,success,8,8,success,success,554047.890,427935.941
SEC::LOW && DPT::DEV && CTR::FR,SEC::LOW && DPT::MKG,,,,,different,TN_TN,failure,16,4,failure,failure,1453432.711,301253.716
SEC::LOW && DPT::DEV && CTR::FR,SEC::LOW && DPT::MKG && CTR::$,,,,,same,same,failure,16,16,failure,failure,1481003.883,1201070.347
SEC::LOW && DPT::DEV && CTR::FR,SEC::LOW && DPT::MKG && CTR::EN,,,,,same,same,failure,8,8,failure,failure,724614.961,598822.721
SEC::LOW && DPT::DEV && CTR::FR,SEC::LOW && DPT::MKG && CTR::FR,,,,,same,same,failure,8,8,failure,failure,786550.888,596511.240
SEC::LOW && DPT::DEV && CTR::FR,SEC::MED,,,,,different,TN_FP,failure,48,3,success,failure,2431870.951,226606.442
SEC::LOW && DPT::DEV && CTR::FR,SEC::MED && CTR::$,,,,,different,TN_FP,failure,48,12,success,failure,2307444.779,930044.656
SEC::LOW && DPT::DEV && CTR::FR,SEC::MED && CTR::EN,,,,,different,TN_TN,failure,24,6,failure,failure,2236664.102,476976.894
SEC::LOW && DPT::DEV && CTR::FR,SEC::MED && CTR::FR,,,,,different,TN_FP,failure,24,6,success,failure,1281783.820,463645.829
SEC::LOW && DPT::DEV && CTR::FR,SEC::MED && DPT::$,,,,,different,TN_FP,failure,48,12,success,failure,2524243.243,909136.272
SEC::LOW && DPT::DEV && CTR::FR,SEC::MED && DPT::$ && CTR::$,,,,,same,same,success,48,48,success,success,2154757.741,2008754.877
SEC::LOW && DPT::DEV && CTR::FR,SEC::MED && DPT::$ && CTR::EN,,,,,same,same,failure,24,24,failure,failure,2069916.515,1830946.542
SEC::LOW && DPT::DEV && CTR::FR,SEC::MED && DPT::$ && CTR::FR,,,,,same,same,success,24,24,success,success,1104071.026,1033043.265
SEC::LOW && DPT::DEV && CTR::FR,SEC::MED && DPT::DEV,,,,,different,TN_FP,failure,24,6,success,failure,1219524.968,452943.373
SEC::LOW && DPT::DEV && CTR::FR,SEC::MED && DPT::DEV && CTR::$,,,,,same,same,success,24,24,success,success,1279878.622,1119126.997
SEC::LOW && DPT::DEV && CTR::FR,SEC::MED && DPT::DEV && CTR::EN,,,,,same,same,failure,12,12,failure,failure,1095998.660,918008.269
SEC::LOW && DPT::DEV && CTR::FR,SEC::MED && DPT::DEV && CTR::FR,,,,,same,same,success,12,12,success,success,718659.640,598442.368
SEC::LOW && DPT::DEV && CTR::FR,SEC::MED && DPT::MKG,,,,,different,TN_TN,failure,24,6,failure,failure,2338409.621,448231.660
SEC::LOW && DPT::DEV && CTR::FR,SEC::MED && DPT::MKG && CTR::$,,,,,same,same,failure,24,24,failure,failure,2211230.541,1831363.870
SEC::LOW && DPT::DEV && CTR::FR,SEC::MED && DPT::MKG && CTR::EN,,,,,same,same,failure,12,12,failure,failure,1110794.623,922236.895
SEC::LOW && DPT::DEV && CTR::FR,SEC::MED && DPT::MKG && CTR::FR,,,,,same,same,failure,12,12,failure,failure,1068424.698,899891.471
SEC::LOW && DPT::MKG,CTR::$,,,,,different,TN_FP,failure,80,4,success,failure,3553738.530,327326.312
SEC::LOW && DPT::MKG,CTR::EN,,,,,different,TN_FP,failure,40,2,success,failure,1810368.123,162147.052
SEC::LOW && DPT::MKG,CTR::FR,,,,,different,TN_FP,failure,40,2,success,failure,2045373.303,162319.060
SEC::LOW && DPT::MKG,DPT::$,,,,,different,TN_FP,failure,80,4,success,failure,3562048.046,318651.766
SEC::LOW && DPT::MKG,DPT::$ && CTR::$,,,,,different,TN_FP,failure,80,16,success,failure,4414497.819,1256030.319
SEC::LOW && DPT::MKG,DPT::$ && CTR::EN,,,,,different,TN_FP,failure,40,8,success,failure,1790719.056,632307.495
SEC::LOW && DPT::MKG,DPT::$ && CTR::FR,,,,,different,TN_FP,failure,40,8,success,failure,2024864.835,627902.468
SEC::LOW && DPT::MKG,DPT::DEV,,,,,different,TN_TN,failure,40,2,failure,failure,3403682.597,162452.666
SEC::LOW && DPT::MKG,DPT::DEV && CTR::$,,,,,different,TN_TN,failure,40,8,failure,failure,3503608.408,638009.030
SEC::LOW && DPT::MKG,DPT::DEV && CTR::EN,,,,,different,TN_TN,failure,20,4,failure,failure,1723620.015,331273.736
SEC::LOW && DPT::MKG,DPT::DEV && CTR::FR,,,,,different,TN_TN,failure,20,4,failure,failure,1681716.981,319960.045
SEC::LOW && DPT::MKG,DPT::MKG,,,,,different,TN_FP,failure,40,2,success,failure,1884185.826,164917.234
SEC::LOW && DPT::MKG,DPT::MKG && CTR::$,,,,,different,TN_FP,failure,40,8,success,failure,1916571.233,640364.914
SEC::LOW && DPT::MKG,DPT::MKG && CTR::EN,,,,,different,TN_FP,failure,20,4,success,failure,1012148.352,316904.479
SEC::LOW && DPT::MKG,DPT::MKG && CTR::FR,,,,,different,TN_FP,failure,20,4,success,failure,990253.518,316577.921
SEC::LOW && DPT::MKG,SEC::$,,,,,different,TN_FP,failure,80,5,success,failure,3642226.691,391559.182
SEC::LOW && DPT::MKG,SEC::$ && CTR::$,,,,,different,TN_FP,failure,80,20,success,failure,3474288.656,1574206.667
SEC::LOW && DPT::MKG,SEC::$ && CTR::EN,,,,,different,TN_FP,failure,40,10,success,failure,1810958.380,780203.166
SEC::LOW && DPT::MKG,SEC::$ && CTR::FR,,,,,different,TN_FP,failure,40,10,success,failure,1939839.478,781335.880
SEC::LOW && DPT::MKG,SEC::$ && DPT::$,,,,,different,TP_TP,success,80,20,success,success,3877456.277,1021377.424
SEC::LOW && DPT::MKG,SEC::$ && DPT::$ && CTR::$,,,,,same,same,success,80,80,success,success,3566950.882,3445183.297
SEC::LOW && DPT::MKG,SEC::$ && DPT::$ && CTR::EN,,,,,same,same,success,40,40,success,success,1771776.800,1838704.595
SEC::LOW && DPT::MKG,SEC::$ && DPT::$ && CTR::FR,,,,,same,same,success,40,40,success,success,1780336.396,1818596.021
SEC::LOW && DPT::MKG,SEC::$ && DPT::DEV,,,,,different,TN_TN,failure,40,10,failure,failure,3473117.018,782265.684
SEC::LOW && DPT::MKG,SEC::$ && DPT::DEV && CTR::$,,,,,same,same,failure,40,40,failure,failure,3707958.478,3230421.317
SEC::LOW && DPT::MKG,SEC::$ && DPT::DEV && CTR::EN,,,,,same,same,failure,20,20,failure,failure,2014101.340,1596627.729
SEC::LOW && DPT::MKG,SEC::$ && DPT::DEV && CTR::FR,,,,,same,same,failure,20,20,failure,failure,2272642.644,1613802.931
SEC::LOW && DPT::MKG,SEC::$ && DPT::MKG,,,,,different,TP_TP,success,40,10,success,success,1871286.245,535425.815
SEC::LOW && DPT::MKG,SEC::$ && DPT::MKG && CTR::$,,,,,same,same,success,40,40,success,success,1917360.709,1782482.661
SEC::LOW && DPT::MKG,SEC::$ && DPT::MKG && CTR::EN,,,,,same,same,success,20,20,success,success,1026181.670,1011588.397
SEC::LOW && DPT::MKG,SEC::$ && DPT::MKG && CTR::FR,,,,,same,same,success,20,20,success,success,986124.218,954309.005
SEC::LOW && DPT::MKG,SEC::HIG,,,,,different,TN_FP,failure,64,4,success,failure,2826637.440,317167.792
SEC::LOW && DPT::MKG,SEC::HIG && CTR::$,,,,,different,TN_FP,failure,64,16,success,failure,2838416.664,1288417.153
SEC::LOW && DPT::MKG,SEC::HIG && CTR::EN,,,,,different,TN_FP,failure,32,8,success,failure,1474737.554,634861.952
SEC::LOW && DPT::MKG,SEC::HIG && CTR::FR,,,,,different,TN_FP,failure,32,8,success,failure,1478831.733,635155.328
SEC::LOW && DPT::MKG,SEC::HIG && DPT::$,,,,,different,TP_TP,success,64,16,success,success,2886173.489,780797.165
SEC::LOW && DPT::MKG,SEC::HIG && DPT::$ && CTR::$,,,,,same,same,success,64,64,success,success,2890941.397,2830773.493
SEC::LOW && DPT::MKG,SEC::HIG && DPT::$ && CTR::EN,,,,,same,same,success,32,32,success,success,1449608.007,1422241.700
SEC::LOW && DPT::MKG,SEC::HIG && DPT::$ && CTR::FR,,,,,same,same,success,32,32,success,success,1633391.313,1398078.330
SEC::LOW && DPT::MKG,SEC::HIG && DPT::DEV,,,,,different,TN_TN,failure,32,8,failure,failure,2699090.894,638177.877
SEC::LOW && DPT::MKG,SEC::HIG && DPT::DEV && CTR::$,,,,,same,same,failure,32,32,failure,failure,2718076.812,2573338.900
SEC::LOW && DPT::MKG,SEC::HIG && DPT::DEV && CTR::EN,,,,,same,same,failure,16,16,failure,failure,1362639.165,1262009.449
SEC::LOW && DPT::MKG,SEC::HIG && DPT::DEV && CTR::FR,,,,,same,same,failure,16,16,failure,failure,1329486.374,1269752.152
SEC::LOW && DPT::MKG,SEC::HIG && DPT::MKG,,,,,different,TP_TP,success,32,8,success,success,1449707.894,465861.304
SEC::LOW && DPT::MKG,SEC::HIG && DPT::MKG && CTR::$,,,,,same,same,success,32,32,success,success,1622770.441,1392499.626
SEC::LOW && DPT::MKG,SEC::HIG && DPT::MKG && CTR::EN,,,,,same,same,success,16,16,success,success,801608.356,787403.482
SEC::LOW && DPT::MKG,SEC::HIG && DPT::MKG && CTR::FR,,,,,same,same,success,16,16,success,success,820597.400,827005.926
SEC::LOW && DPT::MKG,SEC::LOW,,,,,different,TN_FP,failure,32,2,success,failure,1764018.142,158759.839
SEC::LOW && DPT::MKG,SEC::LOW && CTR::$,,,,,different,TN_FP,failure,32,8,success,failure,1772083.475,636546.226
SEC::LOW && DPT::MKG,SEC::LOW && CTR::EN,,,,,different,TN_FP,failure,16,4,success,failure,962017.584,313829.826
SEC::LOW && DPT::MKG,SEC::LOW && CTR::FR,,,,,different,TN_FP,failure,16,4,success,failure,989956.290,313913.539
SEC::LOW && DPT::MKG,SEC::LOW && DPT::$,,,,,different,TP_TP,success,32,8,success,success,1844533.884,479379.150
SEC::LOW && DPT::MKG,SEC::LOW && DPT::$ && CTR::$,,,,,same,same,success,32,32,success,success,1838459.249,1375330.546
SEC::LOW && DPT::MKG,SEC::LOW && DPT::$ && CTR::EN,,,,,same,same,success,16,16,success,success,945563.656,843374.159
SEC::LOW && DPT::MKG,SEC::LOW && DPT::$ && CTR::FR,,,,,same,same,success,16,16,success,success,1110574.630,811735.453
SEC::LOW && DPT::MKG,SEC::LOW && DPT::DEV,,,,,different,TN_TN,failure,16,4,failure,failure,1608809.479,332431.714
SEC::LOW && DPT::MKG,SEC::LOW && DPT::DEV && CTR::$,,,,,same,same,failure,16,16,failure,failure,1593881.087,1269153.184
SEC::LOW && DPT::MKG,SEC::LOW && DPT::DEV && CTR::EN,,,,,same,same,failure,8,8,failure,failure,829223.331,739414.261
SEC::LOW && DPT::MKG,SEC::LOW && DPT::DEV && CTR::FR,,,,,same,same,failure,8,8,failure,failure,796032.538,659139.260
SEC::LOW && DPT::MKG,SEC::LOW && DPT::MKG,,,,,different,TP_TP,success,16,4,success,success,1030095.963,315765.572
SEC::LOW && DPT::MKG,SEC::LOW && DPT::MKG && CTR::$,,,,,same,same,success,16,16,success,success,1040697.282,845770.829
SEC::LOW && DPT::MKG,SEC::LOW && DPT::MKG && CTR::EN,,,,,same,same,success,8,8,success,success,613156.568,463346.101
SEC::LOW && DPT::MKG,SEC::LOW && DPT::MKG && CTR::FR,,,,,same,same,success,8,8,success,success,604970.343,463072.878
SEC::LOW && DPT::MKG,SEC::MED,,,,,different,TN_FP,failure,48,3,success,failure,2822499.388,236273.826
SEC::LOW && DPT::MKG,SEC::MED && CTR::$,,,,,different,TN_FP,failure,48,12,success,failure,2722399.641,956733.167
SEC::LOW && DPT::MKG,SEC::MED && CTR::EN,,,,,different,TN_FP,failure,24,6,success,failure,1443421.964,469850.998
SEC::LOW && DPT::MKG,SEC::MED && CTR::FR,,,,,different,TN_FP,failure,24,6,success,failure,1471895.718,474595.933
SEC::LOW && DPT::MKG,SEC::MED && DPT::$,,,,,different,TP_TP,success,48,12,success,success,2204729.266,635498.897
SEC::LOW && DPT::MKG,SEC::MED && DPT::$ && CTR::$,,,,,same,same,success,48,48,success,success,2338894.626,2077533.934
SEC::LOW && DPT::MKG,SEC::MED && DPT::$ && CTR::EN,,,,,same,same,success,24,24,success,success,1151844.127,1106672.386
SEC::LOW && DPT::MKG,SEC::MED && DPT::$ && CTR::FR,,,,,same,same,success,24,24,success,success,1141898.105,1086920.491
SEC::LOW && DPT::MKG,SEC::MED && DPT::DEV,,,,,different,TN_TN,failure,24,6,failure,failure,2429851.894,471432.289
SEC::LOW && DPT::MKG,SEC::MED && DPT::DEV && CTR::$,,,,,same,same,failure,24,24,failure,failure,2053791.870,1909260.039
SEC::LOW && DPT::MKG,SEC::MED && DPT::DEV && CTR::EN,,,,,same,same,failure,12,12,failure,failure,1248264.006,942015.746
SEC::LOW && DPT::MKG,SEC::MED && DPT::DEV && CTR::FR,,,,,same,same,failure,12,12,failure,failure,1061460.564,943693.873
SEC::LOW && DPT::MKG,SEC::MED && DPT::MKG,,,,,different,TP_TP,success,24,6,success,success,1219215.488,380824.271
SEC::LOW && DPT::MKG,SEC::MED && DPT::MKG && CTR::$,,,,,same,same,success,24,24,success,success,1214228.258,1118104.545
SEC::LOW && DPT::MKG,SEC::MED && DPT::MKG && CTR::EN,,,,,same,same,success,12,12,success,success,646060.507,636283.579
SEC::LOW && DPT::MKG,SEC::MED && DPT::MKG && CTR::FR,,,,,same,same,success,12,12,success,success,648804.921,648416.007
SEC::LOW && DPT::MKG && CTR::$,CTR::$,,,,,different,TN_FP,failure,80,4,success,failure,3303666.797,295763.042
SEC::LOW && DPT::MKG && CTR::$,CTR::EN,,,,,different,TN_TN,failure,40,2,failure,failure,3058278.650,152274.143
SEC::LOW && DPT::MKG && CTR::$,CTR::FR,,,,,different,TN_TN,failure,40,2,failure,failure,3123763.178,147514.100
SEC::LOW && DPT::MKG && CTR::$,DPT::$,,,,,different,TN_FP,failure,80,4,success,failure,3131090.172,295585.349
SEC::LOW && DPT::MKG && CTR::$,DPT::$ && CTR::$,,,,,different,TN_FP,failure,80,16,success,failure,3169398.283,1193602.440
SEC::LOW && DPT::MKG && CTR::$,DPT::$ && CTR::EN,,,,,different,TN_TN,failure,40,8,failure,failure,3061804.068,593787.607
SEC::LOW && DPT::MKG && CTR::$,DPT::$ && CTR::FR,,,,,different,TN_TN,failure,40,8,failure,failure,3031887.101,611716.362
SEC::LOW && DPT::MKG && CTR::$,DPT::DEV,,,,,different,TN_TN,failure,40,2,failure,failure,3220717.280,148631.521
SEC::LOW && DPT::MKG && CTR::$,DPT::DEV && CTR::$,,,,,different,TN_TN,failure,40,8,failure,failure,3084732.487,593328.441
SEC::LOW && DPT::MKG && CTR::$,DPT::DEV && CTR::EN,,,,,different,TN_TN,failure,20,4,failure,failure,1516816.929,296849.270
SEC::LOW && DPT::MKG && CTR::$,DPT::DEV && CTR::FR,,,,,different,TN_TN,failure,20,4,failure,failure,1510004.365,296274.041
SEC::LOW && DPT::MKG && CTR::$,DPT::MKG,,,,,different,TN_FP,failure,40,2,success,failure,1640931.051,147668.153
SEC::LOW && DPT::MKG && CTR::$,DPT::MKG && CTR::$,,,,,different,TN_FP,failure,40,8,success,failure,1673638.492,592324.723
SEC::LOW && DPT::MKG && CTR::$,DPT::MKG && CTR::EN,,,,,different,TN_TN,failure,20,4,failure,failure,1523347.659,295811.198
SEC::LOW && DPT::MKG && CTR::$,DPT::MKG && CTR::FR,,,,,different,TN_TN,failure,20,4,failure,failure,1699816.400,295082.390
SEC::LOW && DPT::MKG && CTR::$,SEC::$,,,,,different,TN_FP,failure,80,5,success,failure,3398068.737,375049.955
SEC::LOW && DPT::MKG && CTR::$,SEC::$ && CTR::$,,,,,different,TN_FP,failure,80,20,success,failure,3131762.288,1536792.333
SEC::LOW && DPT::MKG && CTR::$,SEC::$ && CTR::EN,,,,,different,TN_TN,failure,40,10,failure,failure,3032489.562,769512.262
SEC::LOW && DPT::MKG && CTR::$,SEC::$ && CTR::FR,,,,,different,TN_TN,failure,40,10,failure,failure,3084805.463,748191.875
SEC::LOW && DPT::MKG && CTR::$,SEC::$ && DPT::$,,,,,different,TN_FP,failure,80,20,success,failure,3191600.679,2232018.990
SEC::LOW && DPT::MKG && CTR::$,SEC::$ && DPT::$ && CTR::$,,,,,same,same,success,80,80,success,success,3473542.041,3271542.260
SEC::LOW && DPT::MKG && CTR::$,SEC::$ && DPT::$ && CTR::EN,,,,,same,same,failure,40,40,failure,failure,3111857.466,3354579.076
SEC::LOW && DPT::MKG && CTR::$,SEC::$ && DPT::$ && CTR::FR,,,,,same,same,failure,40,40,failure,failure,3056013.998,3093497.838
SEC::LOW && DPT::MKG && CTR::$,SEC::$ && DPT::DEV,,,,,different,TN_TN,failure,40,10,failure,failure,3040859.061,750953.350
SEC::LOW && DPT::MKG && CTR::$,SEC::$ && DPT::DEV && CTR::$,,,,,same,same,failure,40,40,failure,failure,3046013.038,3113459.511
SEC::LOW && DPT::MKG && CTR::$,SEC::$ && DPT::DEV && CTR::EN,,,,,same,same,failure,20,20,failure,failure,1534362.079,1525487.493
SEC::LOW && DPT::MKG && CTR::$,SEC::$ && DPT::DEV && CTR::FR,,,,,same,same,failure,20,20,failure,failure,1514328.822,1535360.913
SEC::LOW && DPT::MKG && CTR::$,SEC::$ && DPT::MKG,,,,,different,TN_FP,failure,40,10,success,failure,1730848.253,771117.083
SEC::LOW && DPT::MKG && CTR::$,SEC::$ && DPT::MKG && CTR::$,,,,,same,same,success,40,40,success,success,1686965.450,2507313.939
SEC::LOW && DPT::MKG && CTR::$,SEC::$ && DPT::MKG && CTR::EN,,,,,same,same,failure,20,20,failure,failure,1505672.711,1706145.106
SEC::LOW && DPT::MKG && CTR::$,SEC::$ && DPT::MKG && CTR::FR,,,,,same,same,failure,20,20,failure,failure,1515400.472,2229691.424
SEC::LOW && DPT::MKG && CTR::$,SEC::HIG,,,,,different,TN_FP,failure,64,4,success,failure,2544343.157,301161.769
SEC::LOW && DPT::MKG && CTR::$,SEC::HIG && CTR::$,,,,,different,TN_FP,failure,64,16,success,failure,2718635.074,1204991.262
SEC::LOW && DPT::MKG && CTR::$,SEC::HIG && CTR::EN,,,,,different,TN_TN,failure,32,8,failure,failure,2427874.771,605688.395
SEC::LOW && DPT::MKG && CTR::$,SEC::HIG && CTR::FR,,,,,different,TN_TN,failure,32,8,failure,failure,2430057.961,609608.684
SEC::LOW && DPT::MKG && CTR::$,SEC::HIG && DPT::$,,,,,different,TN_FP,failure,64,16,success,failure,2614814.067,1204395.971
SEC::LOW && DPT::MKG && CTR::$,SEC::HIG && DPT::$ && CTR::$,,,,,same,same,success,64,64,success,success,2500726.533,2402626.917
SEC::LOW && DPT::MKG && CTR::$,SEC::HIG && DPT::$ && CTR::EN,,,,,same,same,failure,32,32,failure,failure,2434625.803,2449188.289
SEC::LOW && DPT::MKG && CTR::$,SEC::HIG && DPT::$ && CTR::FR,,,,,same,same,failure,32,32,failure,failure,2430589.438,2426980.198
SEC::LOW && DPT::MKG && CTR::$,SEC::HIG && DPT::DEV,,,,,different,TN_TN,failure,32,8,failure,failure,2456562.797,590952.399
SEC::LOW && DPT::MKG && CTR::$,SEC::HIG && DPT::DEV && CTR::$,,,,,same,same,failure,32,32,failure,failure,2628182.868,2440560.506
SEC::LOW && DPT::MKG && CTR::$,SEC::HIG && DPT::DEV && CTR::EN,,,,,same,same,failure,16,16,failure,failure,1244439.101,1216231.881
SEC::LOW && DPT::MKG && CTR::$,SEC::HIG && DPT::DEV && CTR::FR,,,,,same,same,failure,16,16,failure,failure,1270749.143,1209302.068
SEC::LOW && DPT::MKG && CTR::$,SEC::HIG && DPT::MKG,,,,,different,TN_FP,failure,32,8,success,failure,1374943.275,592041.622
SEC::LOW && DPT::MKG && CTR::$,SEC::HIG && DPT::MKG && CTR::$,,,,,same,same,success,32,32,success,success,1332645.489,1451051.159
SEC::LOW && DPT::MKG && CTR::$,SEC::HIG && DPT::MKG && CTR::EN,,,,,same,same,failure,16,16,failure,failure,1231261.633,1200366.247
SEC::LOW && DPT::MKG && CTR::$,SEC::HIG && DPT::MKG && CTR::FR,,,,,same,same,failure,16,16,failure,failure,1216042.091,1192077.198
SEC::LOW && DPT::MKG && CTR::$,SEC::LOW,,,,,different,TN_FP,failure,32,2,success,failure,1421616.306,148020.554
SEC::LOW && DPT::MKG && CTR::$,SEC::LOW && CTR::$,,,,,different,TN_FP,failure,32,8,success,failure,1298695.833,612749.946
SEC::LOW && DPT::MKG && CTR::$,SEC::LOW && CTR::EN,,,,,different,TN_TN,failure,16,4,failure,failure,1209352.513,299631.143
SEC::LOW && DPT::MKG && CTR::$,SEC::LOW && CTR::FR,,,,,different,TN_TN,failure,16,4,failure,failure,1194999.505,305267.911
SEC::LOW && DPT::MKG && CTR::$,SEC::LOW && DPT::$,,,,,different,TN_FP,failure,32,8,success,failure,1304519.817,605615.764
SEC::LOW && DPT::MKG && CTR::$,SEC::LOW && DPT::$ && CTR::$,,,,,same,same,success,32,32,success,success,1431866.995,1314811.172
SEC::LOW && DPT::MKG && CTR::$,SEC::LOW && DPT::$ && CTR::EN,,,,,same,same,failure,16,16,failure,failure,1201905.835,1217541.238
SEC::LOW && DPT::MKG && CTR::$,SEC::LOW && DPT::$ && CTR::FR,,,,,same,same,failure,16,16,failure,failure,1204624.850,1213679.164
SEC::LOW && DPT::MKG && CTR::$,SEC::LOW && DPT::DEV,,,,,different,TN_TN,failure,16,4,failure,failure,1205121.842,302401.384
SEC::LOW && DPT::MKG && CTR::$,SEC::LOW && DPT::DEV && CTR::$,,,,,same,same,failure,16,16,failure,failure,1205223.147,1197015.496
SEC::LOW && DPT::MKG && CTR::$,SEC::LOW && DPT::DEV && CTR::EN,,,,,same,same,failure,8,8,failure,failure,599833.333,604244.367
SEC::LOW && DPT::MKG && CTR::$,SEC::LOW && DPT::DEV && CTR::FR,,,,,same,same,failure,8,8,failure,failure,602274.451,603251.955
SEC::LOW && DPT::MKG && CTR::$,SEC::LOW && DPT::MKG,,,,,different,TN_FP,failure,16,4,success,failure,738835.350,297837.063
SEC::LOW && DPT::MKG && CTR::$,SEC::LOW && DPT::MKG && CTR::$,,,,,same,same,success,16,16,success,success,726539.291,749966.675
SEC::LOW && DPT::MKG && CTR::$,SEC::LOW && DPT::MKG && CTR::EN,,,,,same,same,failure,8,8,failure,failure,593595.922,598660.547
SEC::LOW && DPT::MKG && CTR::$,SEC::LOW && DPT::MKG && CTR::FR,,,,,same,same,failure,8,8,failure,failure,593446.642,609075.288
SEC::LOW && DPT::MKG && CTR::$,SEC::MED,,,,,different,TN_FP,failure,48,3,success,failure,1896037.272,222737.785
SEC::LOW && DPT::MKG && CTR::$,SEC::MED && CTR::$,,,,,different,TN_FP,failure,48,12,success,failure,1955164.545,904738.177
SEC::LOW && DPT::MKG && CTR::$,SEC::MED && CTR::EN,,,,,different,TN_TN,failure,24,6,failure,failure,1806086.166,447943.319
SEC::LOW && DPT::MKG && CTR::$,SEC::MED && CTR::FR,,,,,different,TN_TN,failure,24,6,failure,failure,1813714.144,458951.628
SEC::LOW && DPT::MKG && CTR::$,SEC::MED && DPT::$,,,,,different,TN_FP,failure,48,12,success,failure,1996982.074,914786.431
SEC::LOW && DPT::MKG && CTR::$,SEC::MED && DPT::$ && CTR::$,,,,,same,same,success,48,48,success,success,1920222.026,1905338.579
SEC::LOW && DPT::MKG && CTR::$,SEC::MED && DPT::$ && CTR::EN,,,,,same,same,failure,24,24,failure,failure,1842859.899,1858134.515
SEC::LOW && DPT::MKG && CTR::$,SEC::MED && DPT::$ && CTR::FR,,,,,same,same,failure,24,24,failure,failure,1843198.269,1851012.025
SEC::LOW && DPT::MKG && CTR::$,SEC::MED && DPT::DEV,,,,,different,TN_TN,failure,24,6,failure,failure,1825463.498,452374.291
SEC::LOW && DPT::MKG && CTR::$,SEC::MED && DPT::DEV && CTR::$,,,,,same,same,failure,24,24,failure,failure,1815878.934,1838189.048
SEC::LOW && DPT::MKG && CTR::$,SEC::MED && DPT::DEV && CTR::EN,,,,,same,same,failure,12,12,failure,failure,900981.661,897950.796
SEC::LOW && DPT::MKG && CTR::$,SEC::MED && DPT::DEV && CTR::FR,,,,,same,same,failure,12,12,failure,failure,898134.886,895869.417
SEC::LOW && DPT::MKG && CTR::$,SEC::MED && DPT::MKG,,,,,different,TN_FP,failure,24,6,success,failure,1017201.461,449462.284
SEC::LOW && DPT::MKG && CTR::$,SEC::MED && DPT::MKG && CTR::$,,,,,same,same,success,24,24,success,success,999532.643,1028503.450
SEC::LOW && DPT::MKG && CTR::$,SEC::MED && DPT::MKG && CTR::EN,,,,,same,same,failure,12,12,failure,failure,913861.551,916800.689
SEC::LOW && DPT::MKG && CTR::$,SEC::MED && DPT::MKG && CTR::FR,,,,,same,same,failure,12,12,failure,failure,913195.922,914115.312
SEC::LOW && DPT::MKG && CTR::EN,CTR::$,,,,,different,TN_FP,failure,80,4,success,failure,3310247.892,299860.784
SEC::LOW && DPT::MKG && CTR::EN,CTR::EN,,,,,different,TN_FP,failure,40,2,success,failure,1764464.924,155144.127
SEC::LOW && DPT::MKG && CTR::EN,CTR::FR,,,,,different,TN_TN,failure,40,2,failure,failure,3171647.642,157219.760
SEC::LOW && DPT::MKG && CTR::EN,DPT::$,,,,,different,TN_FP,failure,80,4,success,failure,3287960.451,310633.226
SEC::LOW && DPT::MKG && CTR::EN,DPT::$ && CTR::$,,,,,different,TN_FP,failure,80,16,success,failure,3144539.163,1226239.523
SEC::LOW && DPT::MKG && CTR::EN,DPT::$ && CTR::EN,,,,,different,TN_FP,failure,40,8,success,failure,1635320.923,604386.087
SEC::LOW && DPT::MKG && CTR::EN,DPT::$ && CTR::FR,,,,,different,TN_TN,failure,40,8,failure,failure,3103330.326,614528.532
SEC::LOW && DPT::MKG && CTR::EN,DPT::DEV,,,,,different,TN_TN,failure,40,2,failure,failure,3314782.032,149945.144
SEC::LOW && DPT::MKG && CTR::EN,DPT::DEV && CTR::$,,,,,different,TN_TN,failure,40,8,failure,failure,3084890.994,619820.177
SEC::LOW && DPT::MKG && CTR::EN,DPT::DEV && CTR::EN,,,,,different,TN_TN,failure,20,4,failure,failure,1530589.984,301512.477
SEC::LOW && DPT::MKG && CTR::EN,DPT::DEV && CTR::FR,,,,,different,TN_TN,failure,20,4,failure,failure,1549163.188,303914.432
SEC::LOW && DPT::MKG && CTR::EN,DPT::MKG,,,,,different,TN_FP,failure,40,2,success,failure,1718571.691,151803.460
SEC::LOW && DPT::MKG && CTR::EN,DPT::MKG && CTR::$,,,,,different,TN_FP,failure,40,8,success,failure,1879544.500,604815.663
SEC::LOW && DPT::MKG && CTR::EN,DPT::MKG && CTR::EN,,,,,different,TN_FP,failure,20,4,success,failure,872135.894,300723.377
SEC::LOW && DPT::MKG && CTR::EN,DPT::MKG && CTR::FR,,,,,different,TN_TN,failure,20,4,failure,failure,1533518.752,301883.172
SEC::LOW && DPT::MKG && CTR::EN,SEC::$,,,,,different,TN_FP,failure,80,5,success,failure,3080706.730,372502.376
SEC::LOW && DPT::MKG && CTR::EN,SEC::$ && CTR::$,,,,,different,TN_FP,failure,80,20,success,failure,3415094.673,1527090.199
SEC::LOW && DPT::MKG && CTR::EN,SEC::$ && CTR::EN,,,,,different,TN_FP,failure,40,10,success,failure,1717242.633,746636.363
SEC::LOW && DPT::MKG && CTR::EN,SEC::$ && CTR::FR,,,,,different,TN_TN,failure,40,10,failure,failure,3061582.974,744613.233
SEC::LOW && DPT::MKG && CTR::EN,SEC::$ && DPT::$,,,,,different,TN_FP,failure,80,20,success,failure,3510569.941,1545322.272
SEC::LOW && DPT::MKG && CTR::EN,SEC::$ && DPT::$ && CTR::$,,,,,same,same,success,80,80,success,success,3557599.536,3545083.018
SEC::LOW && DPT::MKG && CTR::EN,SEC::$ && DPT::$ && CTR::EN,,,,,same,same,success,40,40,success,success,1683483.620,1661609.799
SEC::LOW && DPT::MKG && CTR::EN,SEC::$ && DPT::$ && CTR::FR,,,,,same,same,failure,40,40,failure,failure,3056027.243,3119862.341
SEC::LOW && DPT::MKG && CTR::EN,SEC::$ && DPT::DEV,,,,,different,TN_TN,failure,40,10,failure,failure,3146042.754,752213.730
SEC::LOW && DPT::MKG && CTR::EN,SEC::$ && DPT::DEV && CTR::$,,,,,same,same,failure,40,40,failure,failure,3116193.049,3038427.379
SEC::LOW && DPT::MKG && CTR::EN,SEC::$ && DPT::DEV && CTR::EN,,,,,same,same,failure,20,20,failure,failure,1628040.276,1526713.462
SEC::LOW && DPT::MKG && CTR::EN,SEC::$ && DPT::DEV && CTR::FR,,,,,same,same,failure,20,20,failure,failure,1605946.950,1530685.708
SEC::LOW && DPT::MKG && CTR::EN,SEC::$ && DPT::MKG,,,,,different,TN_FP,failure,40,10,success,failure,1684709.729,764167.637
SEC::LOW && DPT::MKG && CTR::EN,SEC::$ && DPT::MKG && CTR::$,,,,,same,same,success,40,40,success,success,1734250.420,1762251.833
SEC::LOW && DPT::MKG && CTR::EN,SEC::$ && DPT::MKG && CTR::EN,,,,,same,same,success,20,20,success,success,916136.878,897156.346
SEC::LOW && DPT::MKG && CTR::EN,SEC::$ && DPT::MKG && CTR::FR,,,,,same,same,failure,20,20,failure,failure,1521602.600,1549366.048
SEC::LOW && DPT::MKG && CTR::EN,SEC::HIG,,,,,different,TN_FP,failure,64,4,success,failure,2574981.971,299506.905
SEC::LOW && DPT::MKG && CTR::EN,SEC::HIG && CTR::$,,,,,different,TN_FP,failure,64,16,success,failure,2535383.791,1232904.691
SEC::LOW && DPT::MKG && CTR::EN,SEC::HIG && CTR::EN,,,,,different,TN_FP,failure,32,8,success,failure,1368796.059,615351.801
SEC::LOW && DPT::MKG && CTR::EN,SEC::HIG && CTR::FR,,,,,different,TN_TN,failure,32,8,failure,failure,2454237.666,607992.772
SEC::LOW && DPT::MKG && CTR::EN,SEC::HIG && DPT::$,,,,,different,TN_FP,failure,64,16,success,failure,2584272.529,1205108.708
SEC::LOW && DPT::MKG && CTR::EN,SEC::HIG && DPT::$ && CTR::$,,,,,same,same,success,64,64,success,success,2562564.570,2578810.318
SEC::LOW && DPT::MKG && CTR::EN,SEC::HIG && DPT::$ && CTR::EN,,,,,same,same,success,32,32,success,success,1504039.196,1357080.975
SEC::LOW && DPT::MKG && CTR::EN,SEC::HIG && DPT::$ && CTR::FR,,,,,same,same,failure,32,32,failure,failure,2479738.484,2487366.442
SEC::LOW && DPT::MKG && CTR::EN,SEC::HIG && DPT::DEV,,,,,different,TN_TN,failure,32,8,failure,failure,2453803.351,613038.863
SEC::LOW && DPT::MKG && CTR::EN,SEC::HIG && DPT::DEV && CTR::$,,,,,same,same,failure,32,32,failure,failure,2461557.100,2487487.354
SEC::LOW && DPT::MKG && CTR::EN,SEC::HIG && DPT::DEV && CTR::EN,,,,,same,same,failure,16,16,failure,failure,1258830.431,1235839.826
SEC::LOW && DPT::MKG && CTR::EN,SEC::HIG && DPT::DEV && CTR::FR,,,,,same,same,failure,16,16,failure,failure,1223442.227,1235922.502
SEC::LOW && DPT::MKG && CTR::EN,SEC::HIG && DPT::MKG,,,,,different,TN_FP,failure,32,8,success,failure,1355403.948,606336.600
SEC::LOW && DPT::MKG && CTR::EN,SEC::HIG && DPT::MKG && CTR::$,,,,,same,same,success,32,32,success,success,1314429.826,1374892.089
SEC::LOW && DPT::MKG && CTR::EN,SEC::HIG && DPT::MKG && CTR::EN,,,,,same,same,success,16,16,success,success,786416.280,758923.716
SEC::LOW && DPT::MKG && CTR::EN,SEC::HIG && DPT::MKG && CTR::FR,,,,,same,same,failure,16,16,failure,failure,1225028.782,1236315.108
SEC::LOW && DPT::MKG && CTR::EN,SEC::LOW,,,,,different,TN_FP,failure,32,2,success,failure,1423963.414,149252.500
SEC::LOW && DPT::MKG && CTR::EN,SEC::LOW && CTR::$,,,,,different,TN_FP,failure,32,8,success,failure,1480813.696,599661.640
SEC::LOW && DPT::MKG && CTR::EN,SEC::LOW && CTR::EN,,,,,different,TN_FP,failure,16,4,success,failure,717431.206,299166.160
SEC::LOW && DPT::MKG && CTR::EN,SEC::LOW && CTR::FR,,,,,different,TN_TN,failure,16,4,failure,failure,1219674.374,301060.003
SEC::LOW && DPT::MKG && CTR::EN,SEC::LOW && DPT::$,,,,,different,TN_FP,failure,32,8,success,failure,1455660.991,596733.628
SEC::LOW && DPT::MKG && CTR::EN,SEC::LOW && DPT::$ && CTR::$,,,,,same,same,success,32,32,success,success,1450460.962,1404282.783
SEC::LOW && DPT::MKG && CTR::EN,SEC::LOW && DPT::$ && CTR::EN,,,,,same,same,success,16,16,success,success,735251.978,708499.498
SEC::LOW && DPT::MKG && CTR::EN,SEC::LOW && DPT::$ && CTR::FR,,,,,same,same,failure,16,16,failure,failure,1277901.283,1202614.819
SEC::LOW && DPT::MKG && CTR::EN,SEC::LOW && DPT::DEV,,,,,different,TN_TN,failure,16,4,failure,failure,1213992.366,299182.201
SEC::LOW && DPT::MKG && CTR::EN,SEC::LOW && DPT::DEV && CTR::$,,,,,same,same,failure,16,16,failure,failure,1217672.138,1195257.900
SEC::LOW && DPT::MKG && CTR::EN,SEC::LOW && DPT::DEV && CTR::EN,,,,,same,same,failure,8,8,failure,failure,604935.613,614814.919
SEC::LOW && DPT::MKG && CTR::EN,SEC::LOW && DPT::DEV && CTR::FR,,,,,same,same,failure,8,8,failure,failure,605871.684,597107.520
SEC::LOW && DPT::MKG && CTR::EN,SEC::LOW && DPT::MKG,,,,,different,TN_FP,failure,16,4,success,failure,748878.233,296667.169
SEC::LOW && DPT::MKG && CTR::EN,SEC::LOW && DPT::MKG && CTR::$,,,,,same,same,success,16,16,success,success,756966.816,719869.851
SEC::LOW && DPT::MKG && CTR::EN,SEC::LOW && DPT::MKG && CTR::EN,,,,,same,same,success,8,8,success,success,456272.919,431546.068
SEC::LOW && DPT::MKG && CTR::EN,SEC::LOW && DPT::MKG && CTR::FR,,,,,same,same,failure,8,8,failure,failure,610389.809,596113.024
SEC::LOW && DPT::MKG && CTR::EN,SEC::MED,,,,,different,TN_FP,failure,48,3,success,failure,2168571.187,223939.224
SEC::LOW && DPT::MKG && CTR::EN,SEC::MED && CTR::$,,,,,different,TN_FP,failure,48,12,success,failure,2174059.607,909969.059
SEC::LOW && DPT::MKG && CTR::EN,SEC::MED && CTR::EN,,,,,different,TN_FP,failure,24,6,success,failure,1041318.152,446325.635
SEC::LOW && DPT::MKG && CTR::EN,SEC::MED && CTR::FR,,,,,different,TN_TN,failure,24,6,failure,failure,1830970.197,446969.472
SEC::LOW && DPT::MKG && CTR::EN,SEC::MED && DPT::$,,,,,different,TN_FP,failure,48,12,success,failure,1991593.902,1342177.254
SEC::LOW && DPT::MKG && CTR::EN,SEC::MED && DPT::$ && CTR::$,,,,,same,same,success,48,48,success,success,1946310.802,2121878.078
SEC::LOW && DPT::MKG && CTR::EN,SEC::MED && DPT::$ && CTR::EN,,,,,same,same,success,24,24,success,success,1052396.322,1208352.507
SEC::LOW && DPT::MKG && CTR::EN,SEC::MED && DPT::$ && CTR::FR,,,,,same,same,failure,24,24,failure,failure,1848034.711,1830722.542
SEC::LOW && DPT::MKG && CTR::EN,SEC::MED && DPT::DEV,,,,,different,TN_TN,failure,24,6,failure,failure,1833224.570,462464.352
SEC::LOW && DPT::MKG && CTR::EN,SEC::MED && DPT::DEV && CTR::$,,,,,same,same,failure,24,24,failure,failure,1853637.019,2020742.427
SEC::LOW && DPT::MKG && CTR::EN,SEC::MED && DPT::DEV && CTR::EN,,,,,same,same,failure,12,12,failure,failure,910310.009,903106.882
SEC::LOW && DPT::MKG && CTR::EN,SEC::MED && DPT::DEV && CTR::FR,,,,,same,same,failure,12,12,failure,failure,909491.649,900870.232
SEC::LOW && DPT::MKG && CTR::EN,SEC::MED && DPT::MKG,,,,,different,TN_FP,failure,24,6,success,failure,1054799.144,658565.309
SEC::LOW && DPT::MKG && CTR::EN,SEC::MED && DPT::MKG && CTR::$,,,,,same,same,success,24,24,success,success,1048685.186,1502753.594
SEC::LOW && DPT::MKG && CTR::EN,SEC::MED && DPT::MKG && CTR::EN,,,,,same,same,success,12,12,success,success,577312.559,874154.275
SEC::LOW && DPT::MKG && CTR::EN,SEC::MED && DPT::MKG && CTR::FR,,,,,same,same,failure,12,12,failure,failure,909672.684,1336178.477
SEC::LOW && DPT::MKG && CTR::FR,CTR::$,,,,,different,TN_FP,failure,80,4,success,failure,4454800.947,304015.607
SEC::LOW && DPT::MKG && CTR::FR,CTR::EN,,,,,different,TN_TN,failure,40,2,failure,failure,3379811.751,164172.481
SEC::LOW && DPT::MKG && CTR::FR,CTR::FR,,,,,different,TN_FP,failure,40,2,success,failure,1854926.714,152039.864
SEC::LOW && DPT::MKG && CTR::FR,DPT::$,,,,,different,TN_FP,failure,80,4,success,failure,3785421.719,304391.728
SEC::LOW && DPT::MKG && CTR::FR,DPT::$ && CTR::$,,,,,different,TN_FP,failure,80,16,success,failure,3382609.264,1230011.088
SEC::LOW && DPT::MKG && CTR::FR,DPT::$ && CTR::EN,,,,,different,TN_TN,failure,40,8,failure,failure,3389585.814,607740.213
SEC::LOW && DPT::MKG && CTR::FR,DPT::$ && CTR::FR,,,,,different,TN_FP,failure,40,8,success,failure,1888018.460,612100.603
SEC::LOW && DPT::MKG && CTR::FR,DPT::DEV,,,,,different,TN_TN,failure,40,2,failure,failure,3357932.767,150368.970
SEC::LOW && DPT::MKG && CTR::FR,DPT::DEV && CTR::$,,,,,different,TN_TN,failure,40,8,failure,failure,3490250.201,606013.670
SEC::LOW && DPT::MKG && CTR::FR,DPT::DEV && CTR::EN,,,,,different,TN_TN,failure,20,4,failure,failure,1685811.431,300871.760
SEC::LOW && DPT::MKG && CTR::FR,DPT::DEV && CTR::FR,,,,,different,TN_TN,failure,20,4,failure,failure,1700634.510,303450.477
SEC::LOW && DPT::MKG && CTR::FR,DPT::MKG,,,,,different,TN_FP,failure,40,2,success,failure,1793527.554,155386.296
SEC::LOW && DPT::MKG && CTR::FR,DPT::MKG && CTR::$,,,,,different,TN_FP,failure,40,8,success,failure,1900892.293,612112.946
SEC::LOW && DPT::MKG && CTR::FR,DPT::MKG && CTR::EN,,,,,different,TN_TN,failure,20,4,failure,failure,1687051.306,302033.374
SEC::LOW && DPT::MKG && CTR::FR,DPT::MKG && CTR::FR,,,,,different,TN_FP,failure,20,4,success,failure,975995.188,304413.855
SEC::LOW && DPT::MKG && CTR::FR,SEC::$,,,,,different,TN_FP,failure,80,5,success,failure,3912843.255,375730.046
SEC::LOW && DPT::MKG && CTR::FR,SEC::$ && CTR::$,,,,,different,TN_FP,failure,80,20,success,failure,3531310.254,1498200.465
SEC::LOW && DPT::MKG && CTR::FR,SEC::$ && CTR::EN,,,,,different,TN_TN,failure,40,10,failure,failure,3353415.649,762630.880
SEC::LOW && DPT::MKG && CTR::FR,SEC::$ && CTR::FR,,,,,different,TN_FP,failure,40,10,success,failure,1787890.285,743688.884
SEC::LOW && DPT::MKG && CTR::FR,SEC::$ && DPT::$,,,,,different,TN_FP,failure,80,20,success,failure,3525722.138,1516727.657
SEC::LOW && DPT::MKG && CTR::FR,SEC::$ && DPT::$ && CTR::$,,,,,same,same,success,80,80,success,success,3441801.754,3188837.617
SEC::LOW && DPT::MKG && CTR::FR,SEC::$ && DPT::$ && CTR::EN,,,,,same,same,failure,40,40,failure,failure,3385435.229,3087462.627
SEC::LOW && DPT::MKG && CTR::FR,SEC::$ && DPT::$ && CTR::FR,,,,,same,same,success,40,40,success,success,1911841.451,1749872.177
SEC::LOW && DPT::MKG && CTR::FR,SEC::$ && DPT::DEV,,,,,different,TN_TN,failure,40,10,failure,failure,3373760.010,747030.162
SEC::LOW && DPT::MKG && CTR::FR,SEC::$ && DPT::DEV && CTR::$,,,,,same,same,failure,40,40,failure,failure,3373144.996,3072924.973
SEC::LOW && DPT::MKG && CTR::FR,SEC::$ && DPT::DEV && CTR::EN,,,,,same,same,failure,20,20,failure,failure,1671329.816,1507642.119
SEC::LOW && DPT::MKG && CTR::FR,SEC::$ && DPT::DEV && CTR::FR,,,,,same,same,failure,20,20,failure,failure,1661555.998,1513681.523
SEC::LOW && DPT::MKG && CTR::FR,SEC::$ && DPT::MKG,,,,,different,TN_FP,failure,40,10,success,failure,1789840.829,744580.191
SEC::LOW && DPT::MKG && CTR::FR,SEC::$ && DPT::MKG && CTR::$,,,,,same,same,success,40,40,success,success,1933380.082,1670668.737
SEC::LOW && DPT::MKG && CTR::FR,SEC::$ && DPT::MKG && CTR::EN,,,,,same,same,failure,20,20,failure,failure,1694034.144,1512194.914
SEC::LOW && DPT::MKG && CTR::FR,SEC::$ && DPT::MKG && CTR::FR,,,,,same,same,success,20,20,success,success,1069919.711,875529.960
SEC::LOW && DPT::MKG && CTR::FR,SEC::HIG,,,,,different,TN_FP,failure,64,4,success,failure,2906407.518,305547.256
SEC::LOW && DPT::MKG && CTR::FR,SEC::HIG && CTR::$,,,,,different,TN_FP,failure,64,16,success,failure,2961038.838,1212540.132
SEC::LOW && DPT::MKG && CTR::FR,SEC::HIG && CTR::EN,,,,,different,TN_TN,failure,32,8,failure,failure,2705867.035,617412.927
SEC::LOW && DPT::MKG && CTR::FR,SEC::HIG && CTR::FR,,,,,different,TN_FP,failure,32,8,success,failure,1496209.204,601745.028
SEC::LOW && DPT::MKG && CTR::FR,SEC::HIG && DPT::$,,,,,different,TN_FP,failure,64,16,success,failure,2759989.750,1223669.383
SEC::LOW && DPT::MKG && CTR::FR,SEC::HIG && DPT::$ && CTR::$,,,,,same,same,success,64,64,success,success,2793246.777,2495736.036
SEC::LOW && DPT::MKG && CTR::FR,SEC::HIG && DPT::$ && CTR::EN,,,,,same,same,failure,32,32,failure,failure,2667370.109,2481068.103
SEC::LOW && DPT::MKG && CTR::FR,SEC::HIG && DPT::$ && CTR::FR,,,,,same,same,success,32,32,success,success,1456609.586,1411267.319
SEC::LOW && DPT::MKG && CTR::FR,SEC::HIG && DPT::DEV,,,,,different,TN_TN,failure,32,8,failure,failure,2756492.200,602823.461
SEC::LOW && DPT::MKG && CTR::FR,SEC::HIG && DPT::DEV && CTR::$,,,,,same,same,failure,32,32,failure,failure,2689619.719,2478442.458
SEC::LOW && DPT::MKG && CTR::FR,SEC::HIG && DPT::DEV && CTR::EN,,,,,same,same,failure,16,16,failure,failure,1356213.517,1232029.875
SEC::LOW && DPT::MKG && CTR::FR,SEC::HIG && DPT::DEV && CTR::FR,,,,,same,same,failure,16,16,failure,failure,1339712.220,1237240.484
SEC::LOW && DPT::MKG && CTR::FR,SEC::HIG && DPT::MKG,,,,,different,TN_FP,failure,32,8,success,failure,1432845.640,616040.137
SEC::LOW && DPT::MKG && CTR::FR,SEC::HIG && DPT::MKG && CTR::$,,,,,same,same,success,32,32,success,success,1525606.681,1374200.136
SEC::LOW && DPT::MKG && CTR::FR,SEC::HIG && DPT::MKG && CTR::EN,,,,,same,same,failure,16,16,failure,failure,1330654.515,1235469.397
SEC::LOW && DPT::MKG && CTR::FR,SEC::HIG && DPT::MKG && CTR::FR,,,,,same,same,success,16,16,success,success,842246.123,752354.699
SEC::LOW && DPT::MKG && CTR::FR,SEC::LOW,,,,,different,TN_FP,failure,32,2,success,failure,1518392.790,148882.582
SEC::LOW && DPT::MKG && CTR::FR,SEC::LOW && CTR::$,,,,,different,TN_FP,failure,32,8,success,failure,1428993.991,599070.652
SEC::LOW && DPT::MKG && CTR::FR,SEC::LOW && CTR::EN,,,,,different,TN_TN,failure,16,4,failure,failure,1343451.829,298257.176
SEC::LOW && DPT::MKG && CTR::FR,SEC::LOW && CTR::FR,,,,,different,TN_FP,failure,16,4,success,failure,829352.188,306237.274
SEC::LOW && DPT::MKG && CTR::FR,SEC::LOW && DPT::$,,,,,different,TN_FP,failure,32,8,success,failure,1608008.342,594558.328
SEC::LOW && DPT::MKG && CTR::FR,SEC::LOW && DPT::$ && CTR::$,,,,,same,same,success,32,32,success,success,1450878.796,1351590.776
SEC::LOW && DPT::MKG && CTR::FR,SEC::LOW && DPT::$ && CTR::EN,,,,,same,same,failure,16,16,failure,failure,1322411.989,1199078.116
SEC::LOW && DPT::MKG && CTR::FR,SEC::LOW && DPT::$ && CTR::FR,,,,,same,same,success,16,16,success,success,822908.180,721784.562
SEC::LOW && DPT::MKG && CTR::FR,SEC::LOW && DPT::DEV,,,,,different,TN_TN,failure,16,4,failure,failure,1322002.772,298100.597
SEC::LOW && DPT::MKG && CTR::FR,SEC::LOW && DPT::DEV && CTR::$,,,,,same,same,failure,16,16,failure,failure,1335199.190,1213034.148
SEC::LOW && DPT::MKG && CTR::FR,SEC::LOW && DPT::DEV && CTR::EN,,,,,same,same,failure,8,8,failure,failure,659701.675,717927.968
SEC::LOW && DPT::MKG && CTR::FR,SEC::LOW && DPT::DEV && CTR::FR,,,,,same,same,failure,8,8,failure,failure,664187.735,602611.409
SEC::LOW && DPT::MKG && CTR::FR,SEC::LOW && DPT::MKG,,,,,different,TN_FP,failure,16,4,success,failure,885733.534,294829.071
SEC::LOW && DPT::MKG && CTR::FR,SEC::LOW && DPT::MKG && CTR::$,,,,,same,same,success,16,16,success,success,885167.608,716060.034
SEC::LOW && DPT::MKG && CTR::FR,SEC::LOW && DPT::MKG && CTR::EN,,,,,same,same,failure,8,8,failure,failure,667415.850,591050.233
SEC::LOW && DPT::MKG && CTR::FR,SEC::LOW && DPT::MKG && CTR::FR,,,,,same,same,success,8,8,success,success,488969.044,426939.552
SEC::LOW && DPT::MKG && CTR::FR,SEC::MED,,,,,different,TN_FP,failure,48,3,success,failure,2164245.513,221424.497
SEC::LOW && DPT::MKG && CTR::FR,SEC::MED && CTR::$,,,,,different,TN_FP,failure,48,12,success,failure,2130888.103,900970.295
SEC::LOW && DPT::MKG && CTR::FR,SEC::MED && CTR::EN,,,,,different,TN_TN,failure,24,6,failure,failure,2016973.177,444667.009
SEC::LOW && DPT::MKG && CTR::FR,SEC::MED && CTR::FR,,,,,different,TN_FP,failure,24,6,success,failure,1135799.130,457219.309
SEC::LOW && DPT::MKG && CTR::FR,SEC::MED && DPT::$,,,,,different,TN_FP,failure,48,12,success,failure,2253106.314,917023.216
SEC::LOW && DPT::MKG && CTR::FR,SEC::MED && DPT::$ && CTR::$,,,,,same,same,success,48,48,success,success,2141929.354,2036385.770
SEC::LOW && DPT::MKG && CTR::FR,SEC::MED && DPT::$ && CTR::EN,,,,,same,same,failure,24,24,failure,failure,1994603.642,1847217.928
SEC::LOW && DPT::MKG && CTR::FR,SEC::MED && DPT::$ && CTR::FR,,,,,same,same,success,24,24,success,success,1245968.134,1060160.776
SEC::LOW && DPT::MKG && CTR::FR,SEC::MED && DPT::DEV,,,,,different,TN_TN,failure,24,6,failure,failure,2027228.934,444177.220
SEC::LOW && DPT::MKG && CTR::FR,SEC::MED && DPT::DEV && CTR::$,,,,,same,same,failure,24,24,failure,failure,2041304.437,1811421.198
SEC::LOW && DPT::MKG && CTR::FR,SEC::MED && DPT::DEV && CTR::EN,,,,,same,same,failure,12,12,failure,failure,1002836.240,1170632.629
SEC::LOW && DPT::MKG && CTR::FR,SEC::MED && DPT::DEV && CTR::FR,,,,,same,same,failure,12,12,failure,failure,1012274.929,936682.583
SEC::LOW && DPT::MKG && CTR::FR,SEC::MED && DPT::MKG,,,,,different,TN_FP,failure,24,6,success,failure,1156307.504,449678.790
SEC::LOW && DPT::MKG && CTR::FR,SEC::MED && DPT::MKG && CTR::$,,,,,same,same,success,24,24,success,success,1149777.866,1046163.511
SEC::LOW && DPT::MKG && CTR::FR,SEC::MED && DPT::MKG && CTR::EN,,,,,same,same,failure,12,12,failure,failure,1003615.492,902922.622
SEC::LOW && DPT::MKG && CTR::FR,SEC::MED && DPT::MKG && CTR::FR,,,,,same,same,success,12,12,success,success,650960.920,594119.564
SEC::MED,CTR::$,,,,,different,TN_FP,failure,80,4,success,failure,3154205.270,323729.986
SEC::MED,CTR::EN,,,,,different,TN_FP,failure,40,2,success,failure,1707093.576,152656.625
SEC::MED,CTR::FR,,,,,different,TN_FP,failure,40,2,success,failure,1762687.626,148208.598
SEC::MED,DPT::$,,,,,different,TN_FP,failure,80,4,success,failure,3778628.687,297263.432
SEC::MED,DPT::$ && CTR::$,,,,,different,TN_FP,failure,80,16,success,failure,3345416.029,1197357.493
SEC::MED,DPT::$ && CTR::EN,,,,,different,TN_FP,failure,40,8,success,failure,1718732.141,593491.196
SEC::MED,DPT::$ && CTR::FR,,,,,different,TN_FP,failure,40,8,success,failure,1618513.235,595169.564
SEC::MED,DPT::DEV,,,,,different,TN_FP,failure,40,2,success,failure,1687885.146,148069.557
SEC::MED,DPT::DEV && CTR::$,,,,,different,TN_FP,failure,40,8,success,failure,1830164.135,607861.035
SEC::MED,DPT::DEV && CTR::EN,,,,,different,TN_FP,failure,20,4,success,failure,925031.814,295261.597
SEC::MED,DPT::DEV && CTR::FR,,,,,different,TN_FP,failure,20,4,success,failure,890757.503,296604.781
SEC::MED,DPT::MKG,,,,,different,TN_FP,failure,40,2,success,failure,1821469.110,159133.956
SEC::MED,DPT::MKG && CTR::$,,,,,different,TN_FP,failure,40,8,success,failure,1652136.190,597658.112
SEC::MED,DPT::MKG && CTR::EN,,,,,different,TN_FP,failure,20,4,success,failure,928860.545,308206.273
SEC::MED,DPT::MKG && CTR::FR,,,,,different,TN_FP,failure,20,4,success,failure,910608.158,296834.918
SEC::MED,SEC::$,,,,,different,TP_TP,success,80,5,success,success,3318827.931,330194.813
SEC::MED,SEC::$ && CTR::$,,,,,different,TP_TP,success,80,20,success,success,3206285.450,1349204.821
SEC::MED,SEC::$ && CTR::EN,,,,,different,TP_TP,success,40,10,success,success,1595684.004,532584.436
SEC::MED,SEC::$ && CTR::FR,,,,,different,TP_TP,success,40,10,success,success,1627092.062,495654.003
SEC::MED,SEC::$ && DPT::$,,,,,different,TP_TP,success,80,20,success,success,3169104.627,1051411.104
SEC::MED,SEC::$ && DPT::$ && CTR::$,,,,,same,same,success,80,80,success,success,3156962.166,3193370.664
SEC::MED,SEC::$ && DPT::$ && CTR::EN,,,,,same,same,success,40,40,success,success,1574407.685,1597886.265
SEC::MED,SEC::$ && DPT::$ && CTR::FR,,,,,same,same,success,40,40,success,success,1641389.086,2339554.429
SEC::MED,SEC::$ && DPT::DEV,,,,,different,TP_TP,success,40,10,success,success,1637849.350,789372.966
SEC::MED,SEC::$ && DPT::DEV && CTR::$,,,,,same,same,success,40,40,success,success,1632101.524,2369393.809
SEC::MED,SEC::$ && DPT::DEV && CTR::EN,,,,,same,same,success,20,20,success,success,892323.120,1322148.635
SEC::MED,SEC::$ && DPT::DEV && CTR::FR,,,,,same,same,success,20,20,success,success,916422.364,1313894.712
SEC::MED,SEC::$ && DPT::MKG,,,,,different,TP_TP,success,40,10,success,success,1630500.636,750009.250
SEC::MED,SEC::$ && DPT::MKG && CTR::$,,,,,same,same,success,40,40,success,success,1652191.748,2489555.083
SEC::MED,SEC::$ && DPT::MKG && CTR::EN,,,,,same,same,success,20,20,success,success,913080.346,1271198.881
SEC::MED,SEC::$ && DPT::MKG && CTR::FR,,,,,same,same,success,20,20,success,success,870510.485,1330423.822
SEC::MED,SEC::HIG,,,,,different,TP_TP,success,64,4,success,success,2678951.683,280106.189
SEC::MED,SEC::HIG && CTR::$,,,,,different,TP_TP,success,64,16,success,success,2614850.416,737970.373
SEC::MED,SEC::HIG && CTR::EN,,,,,different,TP_TP,success,32,8,success,success,1375784.808,435818.707
SEC::MED,SEC::HIG && CTR::FR,,,,,different,TP_TP,success,32,8,success,success,1405192.219,430802.036
SEC::MED,SEC::HIG && DPT::$,,,,,different,TP_TP,success,64,16,success,success,2529984.538,768540.480
SEC::MED,SEC::HIG && DPT::$ && CTR::$,,,,,same,same,success,64,64,success,success,2589674.196,2455870.473
SEC::MED,SEC::HIG && DPT::$ && CTR::EN,,,,,same,same,success,32,32,success,success,1351277.579,1340219.747
SEC::MED,SEC::HIG && DPT::$ && CTR::FR,,,,,same,same,success,32,32,success,success,1349469.352,1331736.991
SEC::MED,SEC::HIG && DPT::DEV,,,,,different,TP_TP,success,32,8,success,success,1341074.721,430522.678
SEC::MED,SEC::HIG && DPT::DEV && CTR::$,,,,,same,same,success,32,32,success,success,1286684.398,1336780.015
SEC::MED,SEC::HIG && DPT::DEV && CTR::EN,,,,,same,same,success,16,16,success,success,758824.240,718544.775
SEC::MED,SEC::HIG && DPT::DEV && CTR::FR,,,,,same,same,success,16,16,success,success,721299.998,734514.871
SEC::MED,SEC::HIG && DPT::MKG,,,,,different,TP_TP,success,32,8,success,success,1384298.542,429319.335
SEC::MED,SEC::HIG && DPT::MKG && CTR::$,,,,,same,same,success,32,32,success,success,1346852.573,1309688.583
SEC::MED,SEC::HIG && DPT::MKG && CTR::EN,,,,,same,same,success,16,16,success,success,744986.669,747449.022
SEC::MED,SEC::HIG && DPT::MKG && CTR::FR,,,,,same,same,success,16,16,success,success,740556.730,739288.551
SEC::MED,SEC::LOW,,,,,different,TN_TN,failure,32,2,failure,failure,2472693.805,150018.837
SEC::MED,SEC::LOW && CTR::$,,,,,different,TN_TN,failure,32,8,failure,failure,2642485.913,629299.743
SEC::MED,SEC::LOW && CTR::EN,,,,,different,TN_TN,failure,16,4,failure,failure,1225340.041,298106.323
SEC::MED,SEC::LOW && CTR::FR,,,,,different,TN_TN,failure,16,4,failure,failure,1350035.785,299966.242
SEC::MED,SEC::LOW && DPT::$,,,,,different,TN_TN,failure,32,8,failure,failure,2465310.125,613248.441
SEC::MED,SEC::LOW && DPT::$ && CTR::$,,,,,same,same,failure,32,32,failure,failure,2519629.685,2485306.062
SEC::MED,SEC::LOW && DPT::$ && CTR::EN,,,,,same,same,failure,16,16,failure,failure,1207376.661,1219806.677
SEC::MED,SEC::LOW && DPT::$ && CTR::FR,,,,,same,same,failure,16,16,failure,failure,1223566.550,1206415.744
SEC::MED,SEC::LOW && DPT::DEV,,,,,different,TN_TN,failure,16,4,failure,failure,1247634.786,306696.622
SEC::MED,SEC::LOW && DPT::DEV && CTR::$,,,,,same,same,failure,16,16,failure,failure,1197140.045,1205400.229
SEC::MED,SEC::LOW && DPT::DEV && CTR::EN,,,,,same,same,failure,8,8,failure,failure,610361.671,618035.510
SEC::MED,SEC::LOW && DPT::DEV && CTR::FR,,,,,same,same,failure,8,8,failure,failure,595413.897,599037.951
SEC::MED,SEC::LOW && DPT::MKG,,,,,different,TN_TN,failure,16,4,failure,failure,1237343.612,297655.542
SEC::MED,SEC::LOW && DPT::MKG && CTR::$,,,,,same,same,failure,16,16,failure,failure,1220474.159,1222096.848
SEC::MED,SEC::LOW && DPT::MKG && CTR::EN,,,,,same,same,failure,8,8,failure,failure,608228.209,600131.647
SEC::MED,SEC::LOW && DPT::MKG && CTR::FR,,,,,same,same,failure,8,8,failure,failure,602968.468,600566.066
SEC::MED,SEC::MED,,,,,different,TP_TP,success,48,3,success,success,1978258.753,254262.293
SEC::MED,SEC::MED && CTR::$,,,,,different,TP_TP,success,48,12,success,success,2082341.823,585978.128
SEC::MED,SEC::MED && CTR::EN,,,,,different,TP_TP,success,24,6,success,success,1035626.691,373979.823
SEC::MED,SEC::MED && CTR::FR,,,,,different,TP_TP,success,24,6,success,success,1074985.068,360546.095
SEC::MED,SEC::MED && DPT::$,,,,,different,TP_TP,success,48,12,success,success,1934251.437,584975.392
SEC::MED,SEC::MED && DPT::$ && CTR::$,,,,,same,same,success,48,48,success,success,1870756.201,1904301.969
SEC::MED,SEC::MED && DPT::$ && CTR::EN,,,,,same,same,success,24,24,success,success,1009778.252,1037126.976
SEC::MED,SEC::MED && DPT::$ && CTR::FR,,,,,same,same,success,24,24,success,success,1022926.174,1007324.909
SEC::MED,SEC::MED && DPT::DEV,,,,,different,TP_TP,success,24,6,success,success,1114056.667,355997.091
SEC::MED,SEC::MED && DPT::DEV && CTR::$,,,,,same,same,success,24,24,success,success,1047672.827,1096448.914
SEC::MED,SEC::MED && DPT::DEV && CTR::EN,,,,,same,same,success,12,12,success,success,594971.643,585798.366
SEC::MED,SEC::MED && DPT::DEV && CTR::FR,,,,,same,same,success,12,12,success,success,584777.421,596815.807
SEC::MED,SEC::MED && DPT::MKG,,,,,different,TP_TP,success,24,6,success,success,1077842.873,357822.781
SEC::MED,SEC::MED && DPT::MKG && CTR::$,,,,,same,same,success,24,24,success,success,1050387.333,1021917.151
SEC::MED,SEC::MED && DPT::MKG && CTR::EN,,,,,same,same,success,12,12,success,success,613417.012,574724.845
SEC::MED,SEC::MED && DPT::MKG && CTR::FR,,,,,same,same,success,12,12,success,success,614888.312,584012.461
SEC::MED && CTR::$,CTR::$,,,,,different,TN_FP,failure,80,4,success,failure,3317892.115,307143.114
SEC::MED && CTR::$,CTR::EN,,,,,different,TN_TN,failure,40,2,failure,failure,3136340.911,155723.203
SEC::MED && CTR::$,CTR::FR,,,,,different,TN_TN,failure,40,2,failure,failure,3107345.117,155557.702
SEC::MED && CTR::$,DPT::$,,,,,different,TN_FP,failure,80,4,success,failure,3270430.880,310491.299
SEC::MED && CTR::$,DPT::$ && CTR::$,,,,,different,TN_FP,failure,80,16,success,failure,3108420.479,1253331.806
SEC::MED && CTR::$,DPT::$ && CTR::EN,,,,,different,TN_TN,failure,40,8,failure,failure,3086230.421,628881.595
SEC::MED && CTR::$,DPT::$ && CTR::FR,,,,,different,TN_TN,failure,40,8,failure,failure,3040238.442,621775.430
SEC::MED && CTR::$,DPT::DEV,,,,,different,TN_FP,failure,40,2,success,failure,1623502.620,155154.081
SEC::MED && CTR::$,DPT::DEV && CTR::$,,,,,different,TN_FP,failure,40,8,success,failure,1618277.874,616224.483
SEC::MED && CTR::$,DPT::DEV && CTR::EN,,,,,different,TN_TN,failure,20,4,failure,failure,1499643.707,307615.439
SEC::MED && CTR::$,DPT::DEV && CTR::FR,,,,,different,TN_TN,failure,20,4,failure,failure,1504228.627,307739.672
SEC::MED && CTR::$,DPT::MKG,,,,,different,TN_FP,failure,40,2,success,failure,1671311.558,156076.661
SEC::MED && CTR::$,DPT::MKG && CTR::$,,,,,different,TN_FP,failure,40,8,success,failure,1628546.822,620640.356
SEC::MED && CTR::$,DPT::MKG && CTR::EN,,,,,different,TN_TN,failure,20,4,failure,failure,1521529.198,307259.797
SEC::MED && CTR::$,DPT::MKG && CTR::FR,,,,,different,TN_TN,failure,20,4,failure,failure,1642234.235,313068.348
SEC::MED && CTR::$,SEC::$,,,,,different,TN_FP,failure,80,5,success,failure,3169387.087,530952.404
SEC::MED && CTR::$,SEC::$ && CTR::$,,,,,different,TP_TP,success,80,20,success,success,3528498.926,971626.828
SEC::MED && CTR::$,SEC::$ && CTR::EN,,,,,different,TN_TN,failure,40,10,failure,failure,3068918.734,834907.412
SEC::MED && CTR::$,SEC::$ && CTR::FR,,,,,different,TN_TN,failure,40,10,failure,failure,3052233.075,799378.725
SEC::MED && CTR::$,SEC::$ && DPT::$,,,,,different,TN_FP,failure,80,20,success,failure,3539045.930,1591833.602
SEC::MED && CTR::$,SEC::$ && DPT::$ && CTR::$,,,,,same,same,success,80,80,success,success,3071898.393,3300885.766
SEC::MED && CTR::$,SEC::$ && DPT::$ && CTR::EN,,,,,same,same,failure,40,40,failure,failure,3051002.752,3195284.514
SEC::MED && CTR::$,SEC::$ && DPT::$ && CTR::FR,,,,,same,same,failure,40,40,failure,failure,3047370.324,3168870.313
SEC::MED && CTR::$,SEC::$ && DPT::DEV,,,,,different,TN_FP,failure,40,10,success,failure,1610292.185,782852.195
SEC::MED && CTR::$,SEC::$ && DPT::DEV && CTR::$,,,,,same,same,success,40,40,success,success,1698789.620,1811017.010
SEC::MED && CTR::$,SEC::$ && DPT::DEV && CTR::EN,,,,,same,same,failure,20,20,failure,failure,1523547.554,1603385.400
SEC::MED && CTR::$,SEC::$ && DPT::DEV && CTR::FR,,,,,same,same,failure,20,20,failure,failure,1533803.056,1579394.293
SEC::MED && CTR::$,SEC::$ && DPT::MKG,,,,,different,TN_FP,failure,40,10,success,failure,1613931.857,778417.686
SEC::MED && CTR::$,SEC::$ && DPT::MKG && CTR::$,,,,,same,same,success,40,40,success,success,1691718.505,1716383.356
SEC::MED && CTR::$,SEC::$ && DPT::MKG && CTR::EN,,,,,same,same,failure,20,20,failure,failure,1526783.764,1594848.201
SEC::MED && CTR::$,SEC::$ && DPT::MKG && CTR::FR,,,,,same,same,failure,20,20,failure,failure,1532378.614,1604797.929
SEC::MED && CTR::$,SEC::HIG,,,,,different,TN_FP,failure,64,4,success,failure,2629240.868,310016.003
SEC::MED && CTR::$,SEC::HIG && CTR::$,,,,,different,TP_TP,success,64,16,success,success,3737989.889,812283.766
SEC::MED && CTR::$,SEC::HIG && CTR::EN,,,,,different,TN_TN,failure,32,8,failure,failure,2446648.550,622283.809
SEC::MED && CTR::$,SEC::HIG && CTR::FR,,,,,different,TN_TN,failure,32,8,failure,failure,3141965.701,620287.138
SEC::MED && CTR::$,SEC::HIG && DPT::$,,,,,different,TN_FP,failure,64,16,success,failure,2640040.586,1253964.619
SEC::MED && CTR::$,SEC::HIG && DPT::$ && CTR::$,,,,,same,same,success,64,64,success,success,2546517.074,2891087.030
SEC::MED && CTR::$,SEC::HIG && DPT::$ && CTR::EN,,,,,same,same,failure,32,32,failure,failure,2445452.016,2526443.481
SEC::MED && CTR::$,SEC::HIG && DPT::$ && CTR::FR,,,,,same,same,failure,32,32,failure,failure,2457864.539,2537484.070
SEC::MED && CTR::$,SEC::HIG && DPT::DEV,,,,,different,TN_FP,failure,32,8,success,failure,1507468.118,614504.000
SEC::MED && CTR::$,SEC::HIG && DPT::DEV && CTR::$,,,,,same,same,success,32,32,success,success,1339031.318,1545964.022
SEC::MED && CTR::$,SEC::HIG && DPT::DEV && CTR::EN,,,,,same,same,failure,16,16,failure,failure,1221021.937,1233961.748
SEC::MED && CTR::$,SEC::HIG && DPT::DEV && CTR::FR,,,,,same,same,failure,16,16,failure,failure,1215593.749,1249913.846
SEC::MED && CTR::$,SEC::HIG && DPT::MKG,,,,,different,TN_FP,failure,32,8,success,failure,1329277.467,626876.534
SEC::MED && CTR::$,SEC::HIG && DPT::MKG && CTR::$,,,,,same,same,success,32,32,success,success,1327528.842,1452242.579
SEC::MED && CTR::$,SEC::HIG && DPT::MKG && CTR::EN,,,,,same,same,failure,16,16,failure,failure,1194780.990,1270528.559
SEC::MED && CTR::$,SEC::HIG && DPT::MKG && CTR::FR,,,,,same,same,failure,16,16,failure,failure,1191623.883,1259734.512
SEC::MED && CTR::$,SEC::LOW,,,,,different,TN_TN,failure,32,2,failure,failure,2439280.780,168540.856
SEC::MED && CTR::$,SEC::LOW && CTR::$,,,,,different,TN_TN,failure,32,8,failure,failure,2430824.638,628784.547
SEC::MED && CTR::$,SEC::LOW && CTR::EN,,,,,different,TN_TN,failure,16,4,failure,failure,1226505.648,312701.785
SEC::MED && CTR::$,SEC::LOW && CTR::FR,,,,,different,TN_TN,failure,16,4,failure,failure,1216084.120,312466.404
SEC::MED && CTR::$,SEC::LOW && DPT::$,,,,,different,TN_TN,failure,32,8,failure,failure,2414204.624,631821.834
SEC::MED && CTR::$,SEC::LOW && DPT::$ && CTR::$,,,,,same,same,failure,32,32,failure,failure,2428525.852,2549785.941
SEC::MED && CTR::$,SEC::LOW && DPT::$ && CTR::EN,,,,,same,same,failure,16,16,failure,failure,1212211.280,1293340.413
SEC::MED && CTR::$,SEC::LOW && DPT::$ && CTR::FR,,,,,same,same,failure,16,16,failure,failure,1209429.903,1260265.337
SEC::MED && CTR::$,SEC::LOW && DPT::DEV,,,,,different,TN_TN,failure,16,4,failure,failure,1196468.981,314126.613
SEC::MED && CTR::$,SEC::LOW && DPT::DEV && CTR::$,,,,,same,same,failure,16,16,failure,failure,1213990.768,1251275.915
SEC::MED && CTR::$,SEC::LOW && DPT::DEV && CTR::EN,,,,,same,same,failure,8,8,failure,failure,592974.306,628935.335
SEC::MED && CTR::$,SEC::LOW && DPT::DEV && CTR::FR,,,,,same,same,failure,8,8,failure,failure,603078.294,637958.255
SEC::MED && CTR::$,SEC::LOW && DPT::MKG,,,,,different,TN_TN,failure,16,4,failure,failure,1209068.936,308433.018
SEC::MED && CTR::$,SEC::LOW && DPT::MKG && CTR::$,,,,,same,same,failure,16,16,failure,failure,1192912.235,1239308.738
SEC::MED && CTR::$,SEC::LOW && DPT::MKG && CTR::EN,,,,,same,same,failure,8,8,failure,failure,594910.118,617088.899
SEC::MED && CTR::$,SEC::LOW && DPT::MKG && CTR::FR,,,,,same,same,failure,8,8,failure,failure,592144.755,615615.716
SEC::MED && CTR::$,SEC::MED,,,,,different,TN_FP,failure,48,3,success,failure,2160531.346,235775.816
SEC::MED && CTR::$,SEC::MED && CTR::$,,,,,different,TP_TP,success,48,12,success,success,1880589.981,600586.004
SEC::MED && CTR::$,SEC::MED && CTR::EN,,,,,different,TN_TN,failure,24,6,failure,failure,1817593.546,468187.347
SEC::MED && CTR::$,SEC::MED && CTR::FR,,,,,different,TN_TN,failure,24,6,failure,failure,1809117.602,469727.947
SEC::MED && CTR::$,SEC::MED && DPT::$,,,,,different,TN_FP,failure,48,12,success,failure,2160726.933,959673.492
SEC::MED && CTR::$,SEC::MED && DPT::$ && CTR::$,,,,,same,same,success,48,48,success,success,1917147.404,2022351.410
SEC::MED && CTR::$,SEC::MED && DPT::$ && CTR::EN,,,,,same,same,failure,24,24,failure,failure,1829264.488,2056711.076
SEC::MED && CTR::$,SEC::MED && DPT::$ && CTR::FR,,,,,same,same,failure,24,24,failure,failure,1816567.185,1884519.738
SEC::MED && CTR::$,SEC::MED && DPT::DEV,,,,,different,TN_FP,failure,24,6,success,failure,1021833.960,474512.236
SEC::MED && CTR::$,SEC::MED && DPT::DEV && CTR::$,,,,,same,same,success,24,24,success,success,1177851.770,1186047.523
SEC::MED && CTR::$,SEC::MED && DPT::DEV && CTR::EN,,,,,same,same,failure,12,12,failure,failure,904426.919,941300.679
SEC::MED && CTR::$,SEC::MED && DPT::DEV && CTR::FR,,,,,same,same,failure,12,12,failure,failure,918434.017,947003.351
SEC::MED && CTR::$,SEC::MED && DPT::MKG,,,,,different,TN_FP,failure,24,6,success,failure,1078340.001,485755.340
SEC::MED && CTR::$,SEC::MED && DPT::MKG && CTR::$,,,,,same,same,success,24,24,success,success,1035851.924,1146957.501
SEC::MED && CTR::$,SEC::MED && DPT::MKG && CTR::EN,,,,,same,same,failure,12,12,failure,failure,917547.615,934464.160
SEC::MED && CTR::$,SEC::MED && DPT::MKG && CTR::FR,,,,,same,same,failure,12,12,failure,failure,929034.160,938133.429
SEC::MED && CTR::EN,CTR::$,,,,,different,TN_FP,failure,80,4,success,failure,3298643.691,319345.307
SEC::MED && CTR::EN,CTR::EN,,,,,different,TN_FP,failure,40,2,success,failure,1674254.092,165826.509
SEC::MED && CTR::EN,CTR::FR,,,,,different,TN_TN,failure,40,2,failure,failure,3150367.807,162018.180
SEC::MED && CTR::EN,DPT::$,,,,,different,TN_FP,failure,80,4,success,failure,3309901.462,332985.362
SEC::MED && CTR::EN,DPT::$ && CTR::$,,,,,different,TN_FP,failure,80,16,success,failure,3192657.367,1272499.110
SEC::MED && CTR::EN,DPT::$ && CTR::EN,,,,,different,TN_FP,failure,40,8,success,failure,1674985.543,638720.164
SEC::MED && CTR::EN,DPT::$ && CTR::FR,,,,,different,TN_TN,failure,40,8,failure,failure,3131086.760,631487.547
SEC::MED && CTR::EN,DPT::DEV,,,,,different,TN_FP,failure,40,2,success,failure,1701109.271,161377.234
SEC::MED && CTR::EN,DPT::DEV && CTR::$,,,,,different,TN_FP,failure,40,8,success,failure,1735887.185,637697.752
SEC::MED && CTR::EN,DPT::DEV && CTR::EN,,,,,different,TN_FP,failure,20,4,success,failure,914981.116,319320.541
SEC::MED && CTR::EN,DPT::DEV && CTR::FR,,,,,different,TN_TN,failure,20,4,failure,failure,1516775.231,320042.559
SEC::MED && CTR::EN,DPT::MKG,,,,,different,TN_FP,failure,40,2,success,failure,1690461.904,161257.153
SEC::MED && CTR::EN,DPT::MKG && CTR::$,,,,,different,TN_FP,failure,40,8,success,failure,1630918.104,634602.160
SEC::MED && CTR::EN,DPT::MKG && CTR::EN,,,,,different,TN_FP,failure,20,4,success,failure,882831.912,318535.333
SEC::MED && CTR::EN,DPT::MKG && CTR::FR,,,,,different,TN_TN,failure,20,4,failure,failure,1565067.200,318532.722
SEC::MED && CTR::EN,SEC::$,,,,,different,TN_FP,failure,80,5,success,failure,3215658.275,400385.388
SEC::MED && CTR::EN,SEC::$ && CTR::$,,,,,different,TP_TP,success,80,20,success,success,3148152.492,1325612.131
SEC::MED && CTR::EN,SEC::$ && CTR::EN,,,,,different,TP_TP,success,40,10,success,success,1834437.566,678704.169
SEC::MED && CTR::EN,SEC::$ && CTR::FR,,,,,different,TN_TN,failure,40,10,failure,failure,3057343.797,1145916.984
SEC::MED && CTR::EN,SEC::$ && DPT::$,,,,,different,TN_FP,failure,80,20,success,failure,3135704.697,1610354.813
SEC::MED && CTR::EN,SEC::$ && DPT::$ && CTR::$,,,,,same,same,success,80,80,success,success,3559755.837,3305365.890
SEC::MED && CTR::EN,SEC::$ && DPT::$ && CTR::EN,,,,,same,same,success,40,40,success,success,1667513.658,1805079.863
SEC::MED && CTR::EN,SEC::$ && DPT::$ && CTR::FR,,,,,same,same,failure,40,40,failure,failure,3065118.015,3260630.522
SEC::MED && CTR::EN,SEC::$ && DPT::DEV,,,,,different,TN_FP,failure,40,10,success,failure,1601339.667,1015520.898
SEC::MED && CTR::EN,SEC::$ && DPT::DEV && CTR::$,,,,,same,same,success,40,40,success,success,1701473.208,2326925.731
SEC::MED && CTR::EN,SEC::$ && DPT::DEV && CTR::EN,,,,,same,same,success,20,20,success,success,943886.650,1395364.600
SEC::MED && CTR::EN,SEC::$ && DPT::DEV && CTR::FR,,,,,same,same,failure,20,20,failure,failure,1537286.771,2313666.811
SEC::MED && CTR::EN,SEC::$ && DPT::MKG,,,,,different,TN_FP,failure,40,10,success,failure,1642898.536,869966.815
SEC::MED && CTR::EN,SEC::$ && DPT::MKG && CTR::$,,,,,same,same,success,40,40,success,success,1646762.705,1826226.454
SEC::MED && CTR::EN,SEC::$ && DPT::MKG && CTR::EN,,,,,same,same,success,20,20,success,success,961464.953,971418.919
SEC::MED && CTR::EN,SEC::$ && DPT::MKG && CTR::FR,,,,,same,same,failure,20,20,failure,failure,1550351.311,1627511.004
SEC::MED && CTR::EN,SEC::HIG,,,,,different,TN_FP,failure,64,4,success,failure,2505438.896,316639.893
SEC::MED && CTR::EN,SEC::HIG && CTR::$,,,,,different,TP_TP,success,64,16,success,success,2488057.674,775827.468
SEC::MED && CTR::EN,SEC::HIG && CTR::EN,,,,,different,TP_TP,success,32,8,success,success,1319330.028,459113.187
SEC::MED && CTR::EN,SEC::HIG && CTR::FR,,,,,different,TN_TN,failure,32,8,failure,failure,2443466.592,633399.740
SEC::MED && CTR::EN,SEC::HIG && DPT::$,,,,,different,TN_FP,failure,64,16,success,failure,2559932.738,1260354.900
SEC::MED && CTR::EN,SEC::HIG && DPT::$ && CTR::$,,,,,same,same,success,64,64,success,success,2812542.386,2602833.284
SEC::MED && CTR::EN,SEC::HIG && DPT::$ && CTR::EN,,,,,same,same,success,32,32,success,success,1482297.644,1411761.952
SEC::MED && CTR::EN,SEC::HIG && DPT::$ && CTR::FR,,,,,same,same,failure,32,32,failure,failure,2499939.506,2606276.001
SEC::MED && CTR::EN,SEC::HIG && DPT::DEV,,,,,different,TN_FP,failure,32,8,success,failure,1317020.116,648893.782
SEC::MED && CTR::EN,SEC::HIG && DPT::DEV && CTR::$,,,,,same,same,success,32,32,success,success,1315545.414,1392038.486
SEC::MED && CTR::EN,SEC::HIG && DPT::DEV && CTR::EN,,,,,same,same,success,16,16,success,success,799176.350,800227.376
SEC::MED && CTR::EN,SEC::HIG && DPT::DEV && CTR::FR,,,,,same,same,failure,16,16,failure,failure,1202062.414,1291749.263
SEC::MED && CTR::EN,SEC::HIG && DPT::MKG,,,,,different,TN_FP,failure,32,8,success,failure,1328184.302,629464.243
SEC::MED && CTR::EN,SEC::HIG && DPT::MKG && CTR::$,,,,,same,same,success,32,32,success,success,1312410.173,1425462.185
SEC::MED && CTR::EN,SEC::HIG && DPT::MKG && CTR::EN,,,,,same,same,success,16,16,success,success,720348.394,779321.873
SEC::MED && CTR::EN,SEC::HIG && DPT::MKG && CTR::FR,,,,,same,same,failure,16,16,failure,failure,1197834.072,1277233.079
SEC::MED && CTR::EN,SEC::LOW,,,,,different,TN_TN,failure,32,2,failure,failure,2554980.704,164384.499
SEC::MED && CTR::EN,SEC::LOW && CTR::$,,,,,different,TN_TN,failure,32,8,failure,failure,2430800.484,630572.341
SEC::MED && CTR::EN,SEC::LOW && CTR::EN,,,,,different,TN_TN,failure,16,4,failure,failure,1266851.747,317347.720
SEC::MED && CTR::EN,SEC::LOW && CTR::FR,,,,,different,TN_TN,failure,16,4,failure,failure,1230403.829,316291.373
SEC::MED && CTR::EN,SEC::LOW && DPT::$,,,,,different,TN_TN,failure,32,8,failure,failure,2588517.461,636302.740
SEC::MED && CTR::EN,SEC::LOW && DPT::$ && CTR::$,,,,,same,same,failure,32,32,failure,failure,2499763.506,2549355.067
SEC::MED && CTR::EN,SEC::LOW && DPT::$ && CTR::EN,,,,,same,same,failure,16,16,failure,failure,1210854.140,1311063.938
SEC::MED && CTR::EN,SEC::LOW && DPT::$ && CTR::FR,,,,,same,same,failure,16,16,failure,failure,1214061.465,1287993.904
SEC::MED && CTR::EN,SEC::LOW && DPT::DEV,,,,,different,TN_TN,failure,16,4,failure,failure,1200088.055,315794.416
SEC::MED && CTR::EN,SEC::LOW && DPT::DEV && CTR::$,,,,,same,same,failure,16,16,failure,failure,1208825.420,1288248.302
SEC::MED && CTR::EN,SEC::LOW && DPT::DEV && CTR::EN,,,,,same,same,failure,8,8,failure,failure,596126.223,630335.397
SEC::MED && CTR::EN,SEC::LOW && DPT::DEV && CTR::FR,,,,,same,same,failure,8,8,failure,failure,596528.137,629476.225
SEC::MED && CTR::EN,SEC::LOW && DPT::MKG,,,,,different,TN_TN,failure,16,4,failure,failure,1238638.962,332370.840
SEC::MED && CTR::EN,SEC::LOW && DPT::MKG && CTR::$,,,,,same,same,failure,16,16,failure,failure,1226436.048,1282398.950
SEC::MED && CTR::EN,SEC::LOW && DPT::MKG && CTR::EN,,,,,same,same,failure,8,8,failure,failure,615959.907,637399.377
SEC::MED && CTR::EN,SEC::LOW && DPT::MKG && CTR::FR,,,,,same,same,failure,8,8,failure,failure,605360.770,646949.405
SEC::MED && CTR::EN,SEC::MED,,,,,different,TN_FP,failure,48,3,success,failure,1964115.214,244571.465
SEC::MED && CTR::EN,SEC::MED && CTR::$,,,,,different,TP_TP,success,48,12,success,success,2119539.220,655554.872
SEC::MED && CTR::EN,SEC::MED && CTR::EN,,,,,different,TP_TP,success,24,6,success,success,1030278.400,387231.544
SEC::MED && CTR::EN,SEC::MED && CTR::FR,,,,,different,TN_TN,failure,24,6,failure,failure,1821535.525,475774.910
SEC::MED && CTR::EN,SEC::MED && DPT::$,,,,,different,TN_FP,failure,48,12,success,failure,1942599.090,964395.209
SEC::MED && CTR::EN,SEC::MED && DPT::$ && CTR::$,,,,,same,same,success,48,48,success,success,2003166.168,2139903.624
SEC::MED && CTR::EN,SEC::MED && DPT::$ && CTR::EN,,,,,same,same,success,24,24,success,success,1006874.279,1146694.322
SEC::MED && CTR::EN,SEC::MED && DPT::$ && CTR::FR,,,,,same,same,failure,24,24,failure,failure,1820206.296,1946724.924
SEC::MED && CTR::EN,SEC::MED && DPT::DEV,,,,,different,TN_FP,failure,24,6,success,failure,1027084.158,486900.464
SEC::MED && CTR::EN,SEC::MED && DPT::DEV && CTR::$,,,,,same,same,success,24,24,success,success,1047804.815,1113543.309
SEC::MED && CTR::EN,SEC::MED && DPT::DEV && CTR::EN,,,,,same,same,success,12,12,success,success,592257.717,640605.787
SEC::MED && CTR::EN,SEC::MED && DPT::DEV && CTR::FR,,,,,same,same,failure,12,12,failure,failure,906841.763,959365.559
SEC::MED && CTR::EN,SEC::MED && DPT::MKG,,,,,different,TN_FP,failure,24,6,success,failure,1058203.014,482442.376
SEC::MED && CTR::EN,SEC::MED && DPT::MKG && CTR::$,,,,,same,same,success,24,24,success,success,1040412.012,1118694.901
SEC::MED && CTR::EN,SEC::MED && DPT::MKG && CTR::EN,,,,,same,same,success,12,12,success,success,617031.848,643719.782
SEC::MED && CTR::EN,SEC::MED && DPT::MKG && CTR::FR,,,,,same,same,failure,12,12,failure,failure,906903.354,957134.936
SEC::MED && CTR::FR,CTR::$,,,,,different,TN_FP,failure,80,4,success,failure,3399002.192,317514.914
SEC::MED && CTR::FR,CTR::EN,,,,,different,TN_TN,failure,40,2,failure,failure,3358141.874,153154.003
SEC::MED && CTR::FR,CTR::FR,,,,,different,TN_FP,failure,40,2,success,failure,1870952.669,157315.970
SEC::MED && CTR::FR,DPT::$,,,,,different,TN_FP,failure,80,4,success,failure,4233447.503,300744.090
SEC::MED && CTR::FR,DPT::$ && CTR::$,,,,,different,TN_FP,failure,80,16,success,failure,3368909.050,1230642.778
SEC::MED && CTR::FR,DPT::$ && CTR::EN,,,,,different,TN_TN,failure,40,8,failure,failure,3439728.084,613925.902
SEC::MED && CTR::FR,DPT::$ && CTR::FR,,,,,different,TN_FP,failure,40,8,success,failure,1732136.825,610721.140
SEC::MED && CTR::FR,DPT::DEV,,,,,different,TN_FP,failure,40,2,success,failure,1768299.357,151411.550
SEC::MED && CTR::FR,DPT::DEV && CTR::$,,,,,different,TN_FP,failure,40,8,success,failure,1877694.700,614751.064
SEC::MED && CTR::FR,DPT::DEV && CTR::EN,,,,,different,TN_TN,failure,20,4,failure,failure,1650468.476,302058.085
SEC::MED && CTR::FR,DPT::DEV && CTR::FR,,,,,different,TN_FP,failure,20,4,success,failure,1007801.964,302724.580
SEC::MED && CTR::FR,DPT::MKG,,,,,different,TN_FP,failure,40,2,success,failure,1772751.975,150853.113
SEC::MED && CTR::FR,DPT::MKG && CTR::$,,,,,different,TN_FP,failure,40,8,success,failure,1749967.852,606551.088
SEC::MED && CTR::FR,DPT::MKG && CTR::EN,,,,,different,TN_TN,failure,20,4,failure,failure,1617180.541,300480.792
SEC::MED && CTR::FR,DPT::MKG && CTR::FR,,,,,different,TN_FP,failure,20,4,success,failure,1030531.715,302229.753
SEC::MED && CTR::FR,SEC::$,,,,,different,TN_FP,failure,80,5,success,failure,3341530.901,375999.516
SEC::MED && CTR::FR,SEC::$ && CTR::$,,,,,different,TP_TP,success,80,20,success,success,3355709.967,894199.846
SEC::MED && CTR::FR,SEC::$ && CTR::EN,,,,,different,TN_TN,failure,40,10,failure,failure,3298773.499,755431.175
SEC::MED && CTR::FR,SEC::$ && CTR::FR,,,,,different,TP_TP,success,40,10,success,success,1865307.971,523103.346
SEC::MED && CTR::FR,SEC::$ && DPT::$,,,,,different,TN_FP,failure,80,20,success,failure,3467986.445,1536686.700
SEC::MED && CTR::FR,SEC::$ && DPT::$ && CTR::$,,,,,same,same,success,80,80,success,success,3939537.121,3473092.668
SEC::MED && CTR::FR,SEC::$ && DPT::$ && CTR::EN,,,,,same,same,failure,40,40,failure,failure,3276720.553,3093980.784
SEC::MED && CTR::FR,SEC::$ && DPT::$ && CTR::FR,,,,,same,same,success,40,40,success,success,1776262.980,1657652.316
SEC::MED && CTR::FR,SEC::$ && DPT::DEV,,,,,different,TN_FP,failure,40,10,success,failure,1692040.755,745580.517
SEC::MED && CTR::FR,SEC::$ && DPT::DEV && CTR::$,,,,,same,same,success,40,40,success,success,1784982.842,1653293.139
SEC::MED && CTR::FR,SEC::$ && DPT::DEV && CTR::EN,,,,,same,same,failure,20,20,failure,failure,1650061.823,1506118.306
SEC::MED && CTR::FR,SEC::$ && DPT::DEV && CTR::FR,,,,,same,same,success,20,20,success,success,961963.432,923365.894
SEC::MED && CTR::FR,SEC::$ && DPT::MKG,,,,,different,TN_FP,failure,40,10,success,failure,1943168.558,762392.197
SEC::MED && CTR::FR,SEC::$ && DPT::MKG && CTR::$,,,,,same,same,success,40,40,success,success,1731648.409,1804347.229
SEC::MED && CTR::FR,SEC::$ && DPT::MKG && CTR::EN,,,,,same,same,failure,20,20,failure,failure,1726578.990,1513564.008
SEC::MED && CTR::FR,SEC::$ && DPT::MKG && CTR::FR,,,,,same,same,success,20,20,success,success,1049865.656,888488.051
SEC::MED && CTR::FR,SEC::HIG,,,,,different,TN_FP,failure,64,4,success,failure,3054963.387,310565.208
SEC::MED && CTR::FR,SEC::HIG && CTR::$,,,,,different,TP_TP,success,64,16,success,success,2690777.450,752540.468
SEC::MED && CTR::FR,SEC::HIG && CTR::EN,,,,,different,TN_TN,failure,32,8,failure,failure,2624072.664,613727.219
SEC::MED && CTR::FR,SEC::HIG && CTR::FR,,,,,different,TP_TP,success,32,8,success,success,1442083.208,444267.514
SEC::MED && CTR::FR,SEC::HIG && DPT::$,,,,,different,TN_FP,failure,64,16,success,failure,3646045.424,1207278.868
SEC::MED && CTR::FR,SEC::HIG && DPT::$ && CTR::$,,,,,same,same,success,64,64,success,success,2766564.292,2540420.107
SEC::MED && CTR::FR,SEC::HIG && DPT::$ && CTR::EN,,,,,same,same,failure,32,32,failure,failure,2606748.303,2505391.663
SEC::MED && CTR::FR,SEC::HIG && DPT::$ && CTR::FR,,,,,same,same,success,32,32,success,success,1422082.140,1436998.269
SEC::MED && CTR::FR,SEC::HIG && DPT::DEV,,,,,different,TN_FP,failure,32,8,success,failure,1398692.211,617688.074
SEC::MED && CTR::FR,SEC::HIG && DPT::DEV && CTR::$,,,,,same,same,success,32,32,success,success,1622933.847,1346650.509
SEC::MED && CTR::FR,SEC::HIG && DPT::DEV && CTR::EN,,,,,same,same,failure,16,16,failure,failure,1308344.752,1216609.721
SEC::MED && CTR::FR,SEC::HIG && DPT::DEV && CTR::FR,,,,,same,same,success,16,16,success,success,861781.030,748116.800
SEC::MED && CTR::FR,SEC::HIG && DPT::MKG,,,,,different,TN_FP,failure,32,8,success,failure,1512744.906,609669.507
SEC::MED && CTR::FR,SEC::HIG && DPT::MKG && CTR::$,,,,,same,same,success,32,32,success,success,1491709.815,1373890.485
SEC::MED && CTR::FR,SEC::HIG && DPT::MKG && CTR::EN,,,,,same,same,failure,16,16,failure,failure,1312610.183,1231714.909
SEC::MED && CTR::FR,SEC::HIG && DPT::MKG && CTR::FR,,,,,same,same,success,16,16,success,success,823509.248,774551.875
SEC::MED && CTR::FR,SEC::LOW,,,,,different,TN_TN,failure,32,2,failure,failure,2673640.230,152768.139
SEC::MED && CTR::FR,SEC::LOW && CTR::$,,,,,different,TN_TN,failure,32,8,failure,failure,2630501.212,604971.941
SEC::MED && CTR::FR,SEC::LOW && CTR::EN,,,,,different,TN_TN,failure,16,4,failure,failure,1300403.502,310499.865
SEC::MED && CTR::FR,SEC::LOW && CTR::FR,,,,,different,TN_TN,failure,16,4,failure,failure,1293584.255,299039.804
SEC::MED && CTR::FR,SEC::LOW && DPT::$,,,,,different,TN_TN,failure,32,8,failure,failure,2609675.884,604474.037
SEC::MED && CTR::FR,SEC::LOW && DPT::$ && CTR::$,,,,,same,same,failure,32,32,failure,failure,2598967.027,2462365.456
SEC::MED && CTR::FR,SEC::LOW && DPT::$ && CTR::EN,,,,,same,same,failure,16,16,failure,failure,1308844.915,1228151.505
SEC::MED && CTR::FR,SEC::LOW && DPT::$ && CTR::FR,,,,,same,same,failure,16,16,failure,failure,1304109.208,1207726.357
SEC::MED && CTR::FR,SEC::LOW && DPT::DEV,,,,,different,TN_TN,failure,16,4,failure,failure,1303128.042,301483.794
SEC::MED && CTR::FR,SEC::LOW && DPT::DEV && CTR::$,,,,,same,same,failure,16,16,failure,failure,1307723.076,1221116.038
SEC::MED && CTR::FR,SEC::LOW && DPT::DEV && CTR::EN,,,,,same,same,failure,8,8,failure,failure,650925.924,601715.673
SEC::MED && CTR::FR,SEC::LOW && DPT::DEV && CTR::FR,,,,,same,same,failure,8,8,failure,failure,649959.081,609065.078
SEC::MED && CTR::FR,SEC::LOW && DPT::MKG,,,,,different,TN_TN,failure,16,4,failure,failure,1320290.420,300864.651
SEC::MED && CTR::FR,SEC::LOW && DPT::MKG && CTR::$,,,,,same,same,failure,16,16,failure,failure,1292158.927,1227468.113
SEC::MED && CTR::FR,SEC::LOW && DPT::MKG && CTR::EN,,,,,same,same,failure,8,8,failure,failure,648800.838,604813.289
SEC::MED && CTR::FR,SEC::LOW && DPT::MKG && CTR::FR,,,,,same,same,failure,8,8,failure,failure,643295.777,617184.749
SEC::MED && CTR::FR,SEC::MED,,,,,different,TN_FP,failure,48,3,success,failure,2075546.320,237482.588
SEC::MED && CTR::FR,SEC::MED && CTR::$,,,,,different,TP_TP,success,48,12,success,success,2265230.902,618133.493
SEC::MED && CTR::FR,SEC::MED && CTR::EN,,,,,different,TN_TN,failure,24,6,failure,failure,1964769.927,457488.043
SEC::MED && CTR::FR,SEC::MED && CTR::FR,,,,,different,TP_TP,success,24,6,success,success,1103894.119,371364.156
SEC::MED && CTR::FR,SEC::MED && DPT::$,,,,,different,TN_FP,failure,48,12,success,failure,2086819.080,901036.144
SEC::MED && CTR::FR,SEC::MED && DPT::$ && CTR::$,,,,,same,same,success,48,48,success,success,2181889.314,1924744.414
SEC::MED && CTR::FR,SEC::MED && DPT::$ && CTR::EN,,,,,same,same,failure,24,24,failure,failure,2056171.177,1852555.296
SEC::MED && CTR::FR,SEC::MED && DPT::$ && CTR::FR,,,,,same,same,success,24,24,success,success,1128347.938,1084713.001
SEC::MED && CTR::FR,SEC::MED && DPT::DEV,,,,,different,TN_FP,failure,24,6,success,failure,1116195.769,451822.952
SEC::MED && CTR::FR,SEC::MED && DPT::DEV && CTR::$,,,,,same,same,success,24,24,success,success,1165013.108,1057601.556
SEC::MED && CTR::FR,SEC::MED && DPT::DEV && CTR::EN,,,,,same,same,failure,12,12,failure,failure,976376.884,923916.672
SEC::MED && CTR::FR,SEC::MED && DPT::DEV && CTR::FR,,,,,same,same,success,12,12,success,success,627116.348,588824.723
SEC::MED && CTR::FR,SEC::MED && DPT::MKG,,,,,different,TN_FP,failure,24,6,success,failure,1096965.653,462075.062
SEC::MED && CTR::FR,SEC::MED && DPT::MKG && CTR::$,,,,,same,same,success,24,24,success,success,1160567.339,1026845.976
SEC::MED && CTR::FR,SEC::MED && DPT::MKG && CTR::EN,,,,,same,same,failure,12,12,failure,failure,962308.064,913441.162
SEC::MED && CTR::FR,SEC::MED && DPT::MKG && CTR::FR,,,,,same,same,success,12,12,success,success,628824.051,590971.750
SEC::MED && DPT::$,CTR::$,,,,,different,TN_FP,failure,80,4,success,failure,3335796.720,296252.822
SEC::MED && DPT::$,CTR::EN,,,,,different,TN_FP,failure,40,2,success,failure,1794483.968,148147.617
SEC::MED && DPT::$,CTR::FR,,,,,different,TN_FP,failure,40,2,success,failure,1640204.814,147900.043
SEC::MED && DPT::$,DPT::$,,,,,different,TN_FP,failure,80,4,success,failure,3200721.593,296046.188
SEC::MED && DPT::$,DPT::$ && CTR::$,,,,,different,TN_FP,failure,80,16,success,failure,3080169.107,1210862.150
SEC::MED && DPT::$,DPT::$ && CTR::EN,,,,,different,TN_FP,failure,40,8,success,failure,1722209.109,591516.717
SEC::MED && DPT::$,DPT::$ && CTR::FR,,,,,different,TN_FP,failure,40,8,success,failure,1712319.282,591938.694
SEC::MED && DPT::$,DPT::DEV,,,,,different,TN_TN,failure,40,2,failure,failure,3041410.460,149096.302
SEC::MED && DPT::$,DPT::DEV && CTR::$,,,,,different,TN_TN,failure,40,8,failure,failure,3056093.221,593681.207
SEC::MED && DPT::$,DPT::DEV && CTR::EN,,,,,different,TN_TN,failure,20,4,failure,failure,1527313.157,298057.030
SEC::MED && DPT::$,DPT::DEV && CTR::FR,,,,,different,TN_TN,failure,20,4,failure,failure,1508847.695,298297.507
SEC::MED && DPT::$,DPT::MKG,,,,,different,TN_TN,failure,40,2,failure,failure,3069905.114,148355.483
SEC::MED && DPT::$,DPT::MKG && CTR::$,,,,,different,TN_TN,failure,40,8,failure,failure,3135463.595,591377.507
SEC::MED && DPT::$,DPT::MKG && CTR::EN,,,,,different,TN_TN,failure,20,4,failure,failure,1528742.163,295476.921
SEC::MED && DPT::$,DPT::MKG && CTR::FR,,,,,different,TN_TN,failure,20,4,failure,failure,1541429.316,296084.906
SEC::MED && DPT::$,SEC::$,,,,,different,TN_FP,failure,80,5,success,failure,3609001.779,372578.178
SEC::MED && DPT::$,SEC::$ && CTR::$,,,,,different,TN_FP,failure,80,20,success,failure,4073769.067,1538284.371
SEC::MED && DPT::$,SEC::$ && CTR::EN,,,,,different,TN_FP,failure,40,10,success,failure,1647289.879,749343.005
SEC::MED && DPT::$,SEC::$ && CTR::FR,,,,,different,TN_FP,failure,40,10,success,failure,1687246.302,751683.545
SEC::MED && DPT::$,SEC::$ && DPT::$,,,,,different,TP_TP,success,80,20,success,success,3287615.960,893625.598
SEC::MED && DPT::$,SEC::$ && DPT::$ && CTR::$,,,,,same,same,success,80,80,success,success,3083815.111,3355776.822
SEC::MED && DPT::$,SEC::$ && DPT::$ && CTR::EN,,,,,same,same,success,40,40,success,success,1702170.326,1608123.177
SEC::MED && DPT::$,SEC::$ && DPT::$ && CTR::FR,,,,,same,same,success,40,40,success,success,1693465.567,1638453.969
SEC::MED && DPT::$,SEC::$ && DPT::DEV,,,,,different,TN_TN,failure,40,10,failure,failure,4609598.058,760200.191
SEC::MED && DPT::$,SEC::$ && DPT::DEV && CTR::$,,,,,same,same,failure,40,40,failure,failure,3088953.579,3042293.512
SEC::MED && DPT::$,SEC::$ && DPT::DEV && CTR::EN,,,,,same,same,failure,20,20,failure,failure,1912477.004,1515164.214
SEC::MED && DPT::$,SEC::$ && DPT::DEV && CTR::FR,,,,,same,same,failure,20,20,failure,failure,1536386.907,1516844.851
SEC::MED && DPT::$,SEC::$ && DPT::MKG,,,,,different,TN_TN,failure,40,10,failure,failure,3084701.924,748371.448
SEC::MED && DPT::$,SEC::$ && DPT::MKG && CTR::$,,,,,same,same,failure,40,40,failure,failure,3058543.307,3054546.605
SEC::MED && DPT::$,SEC::$ && DPT::MKG && CTR::EN,,,,,same,same,failure,20,20,failure,failure,1530340.075,1499183.674
SEC::MED && DPT::$,SEC::$ && DPT::MKG && CTR::FR,,,,,same,same,failure,20,20,failure,failure,1517821.458,1507479.630
SEC::MED && DPT::$,SEC::HIG,,,,,different,TN_FP,failure,64,4,success,failure,2484932.367,425785.798
SEC::MED && DPT::$,SEC::HIG && CTR::$,,,,,different,TN_FP,failure,64,16,success,failure,2594940.709,1792733.379
SEC::MED && DPT::$,SEC::HIG && CTR::EN,,,,,different,TN_FP,failure,32,8,success,failure,1385804.963,888997.622
SEC::MED && DPT::$,SEC::HIG && CTR::FR,,,,,different,TN_FP,failure,32,8,success,failure,1305379.090,893286.698
SEC::MED && DPT::$,SEC::HIG && DPT::$,,,,,different,TP_TP,success,64,16,success,success,2549625.540,754752.347
SEC::MED && DPT::$,SEC::HIG && DPT::$ && CTR::$,,,,,same,same,success,64,64,success,success,2713389.440,2709803.473
SEC::MED && DPT::$,SEC::HIG && DPT::$ && CTR::EN,,,,,same,same,success,32,32,success,success,1383467.644,1333032.265
SEC::MED && DPT::$,SEC::HIG && DPT::$ && CTR::FR,,,,,same,same,success,32,32,success,success,1438759.668,1341195.427
SEC::MED && DPT::$,SEC::HIG && DPT::DEV,,,,,different,TN_TN,failure,32,8,failure,failure,2458713.456,885618.880
SEC::MED && DPT::$,SEC::HIG && DPT::DEV && CTR::$,,,,,same,same,failure,32,32,failure,failure,2455897.154,2430556.907
SEC::MED && DPT::$,SEC::HIG && DPT::DEV && CTR::EN,,,,,same,same,failure,16,16,failure,failure,1212937.462,1518504.860
SEC::MED && DPT::$,SEC::HIG && DPT::DEV && CTR::FR,,,,,same,same,failure,16,16,failure,failure,1204808.113,1205778.574
SEC::MED && DPT::$,SEC::HIG && DPT::MKG,,,,,different,TN_TN,failure,32,8,failure,failure,2501784.908,598008.925
SEC::MED && DPT::$,SEC::HIG && DPT::MKG && CTR::$,,,,,same,same,failure,32,32,failure,failure,2443851.148,2449429.762
SEC::MED && DPT::$,SEC::HIG && DPT::MKG && CTR::EN,,,,,same,same,failure,16,16,failure,failure,1217790.435,1215281.369
SEC::MED && DPT::$,SEC::HIG && DPT::MKG && CTR::FR,,,,,same,same,failure,16,16,failure,failure,1211686.736,1218416.935
SEC::MED && DPT::$,SEC::LOW,,,,,different,TN_TN,failure,32,2,failure,failure,2439895.919,149112.222
SEC::MED && DPT::$,SEC::LOW && CTR::$,,,,,different,TN_TN,failure,32,8,failure,failure,2455210.936,601972.995
SEC::MED && DPT::$,SEC::LOW && CTR::EN,,,,,different,TN_TN,failure,16,4,failure,failure,1211279.558,297794.473
SEC::MED && DPT::$,SEC::LOW && CTR::FR,,,,,different,TN_TN,failure,16,4,failure,failure,1207856.893,310514.463
SEC::MED && DPT::$,SEC::LOW && DPT::$,,,,,different,TN_TN,failure,32,8,failure,failure,2463701.387,596846.725
SEC::MED && DPT::$,SEC::LOW && DPT::$ && CTR::$,,,,,same,same,failure,32,32,failure,failure,2452438.657,2443112.763
SEC::MED && DPT::$,SEC::LOW && DPT::$ && CTR::EN,,,,,same,same,failure,16,16,failure,failure,1200726.793,1210431.316
SEC::MED && DPT::$,SEC::LOW && DPT::$ && CTR::FR,,,,,same,same,failure,16,16,failure,failure,1202890.512,1213295.789
SEC::MED && DPT::$,SEC::LOW && DPT::DEV,,,,,different,TN_TN,failure,16,4,failure,failure,1203710.765,299753.523
SEC::MED && DPT::$,SEC::LOW && DPT::DEV && CTR::$,,,,,same,same,failure,16,16,failure,failure,1216560.794,1208816.633
SEC::MED && DPT::$,SEC::LOW && DPT::DEV && CTR::EN,,,,,same,same,failure,8,8,failure,failure,597463.662,608929.194
SEC::MED && DPT::$,SEC::LOW && DPT::DEV && CTR::FR,,,,,same,same,failure,8,8,failure,failure,601170.751,597616.745
SEC::MED && DPT::$,SEC::LOW && DPT::MKG,,,,,different,TN_TN,failure,16,4,failure,failure,1205011.219,299497.282
SEC::MED && DPT::$,SEC::LOW && DPT::MKG && CTR::$,,,,,same,same,failure,16,16,failure,failure,1219175.218,1215942.589
SEC::MED && DPT::$,SEC::LOW && DPT::MKG && CTR::EN,,,,,same,same,failure,8,8,failure,failure,594319.635,593850.330
SEC::MED && DPT::$,SEC::LOW && DPT::MKG && CTR::FR,,,,,same,same,failure,8,8,failure,failure,592446.306,596627.038
SEC::MED && DPT::$,SEC::MED,,,,,different,TN_FP,failure,48,3,success,failure,1915249.369,222801.220
SEC::MED && DPT::$,SEC::MED && CTR::$,,,,,different,TN_FP,failure,48,12,success,failure,1978411.394,898831.443
SEC::MED && DPT::$,SEC::MED && CTR::EN,,,,,different,TN_FP,failure,24,6,success,failure,1116628.897,453679.274
SEC::MED && DPT::$,SEC::MED && CTR::FR,,,,,different,TN_FP,failure,24,6,success,failure,1005658.289,448425.028
SEC::MED && DPT::$,SEC::MED && DPT::$,,,,,different,TP_TP,success,48,12,success,success,1972059.731,609690.321
SEC::MED && DPT::$,SEC::MED && DPT::$ && CTR::$,,,,,same,same,success,48,48,success,success,1937348.356,1904181.934
SEC::MED && DPT::$,SEC::MED && DPT::$ && CTR::EN,,,,,same,same,success,24,24,success,success,1004604.502,1045554.093
SEC::MED && DPT::$,SEC::MED && DPT::$ && CTR::FR,,,,,same,same,success,24,24,success,success,1069225.344,1038197.088
SEC::MED && DPT::$,SEC::MED && DPT::DEV,,,,,different,TN_TN,failure,24,6,failure,failure,1816211.854,445711.247
SEC::MED && DPT::$,SEC::MED && DPT::DEV && CTR::$,,,,,same,same,failure,24,24,failure,failure,1845145.892,1841668.559
SEC::MED && DPT::$,SEC::MED && DPT::DEV && CTR::EN,,,,,same,same,failure,12,12,failure,failure,902095.781,931630.531
SEC::MED && DPT::$,SEC::MED && DPT::DEV && CTR::FR,,,,,same,same,failure,12,12,failure,failure,903161.019,945378.985
SEC::MED && DPT::$,SEC::MED && DPT::MKG,,,,,different,TN_TN,failure,24,6,failure,failure,1809049.910,450059.374
SEC::MED && DPT::$,SEC::MED && DPT::MKG && CTR::$,,,,,same,same,failure,24,24,failure,failure,1849490.241,1836330.637
SEC::MED && DPT::$,SEC::MED && DPT::MKG && CTR::EN,,,,,same,same,failure,12,12,failure,failure,914181.591,916419.529
SEC::MED && DPT::$,SEC::MED && DPT::MKG && CTR::FR,,,,,same,same,failure,12,12,failure,failure,917689.291,923302.595
SEC::MED && DPT::$ && CTR::$,CTR::$,,,,,different,TN_FP,failure,80,4,success,failure,3356925.262,309819.459
SEC::MED && DPT::$ && CTR::$,CTR::EN,,,,,different,TN_TN,failure,40,2,failure,failure,3061555.603,156225.760
SEC::MED && DPT::$ && CTR::$,CTR::FR,,,,,different,TN_TN,failure,40,2,failure,failure,3071084.867,168769.319
SEC::MED && DPT::$ && CTR::$,DPT::$,,,,,different,TN_FP,failure,80,4,success,failure,4353369.512,311888.334
SEC::MED && DPT::$ && CTR::$,DPT::$ && CTR::$,,,,,different,TN_FP,failure,80,16,success,failure,3444930.728,1255413.056
SEC::MED && DPT::$ && CTR::$,DPT::$ && CTR::EN,,,,,different,TN_TN,failure,40,8,failure,failure,3697572.867,617384.279
SEC::MED && DPT::$ && CTR::$,DPT::$ && CTR::FR,,,,,different,TN_TN,failure,40,8,failure,failure,3172974.912,631262.495
SEC::MED && DPT::$ && CTR::$,DPT::DEV,,,,,different,TN_TN,failure,40,2,failure,failure,3089078.253,156396.505
SEC::MED && DPT::$ && CTR::$,DPT::DEV && CTR::$,,,,,different,TN_TN,failure,40,8,failure,failure,3065017.030,621709.076
SEC::MED && DPT::$ && CTR::$,DPT::DEV && CTR::EN,,,,,different,TN_TN,failure,20,4,failure,failure,1536744.553,310020.987
SEC::MED && DPT::$ && CTR::$,DPT::DEV && CTR::FR,,,,,different,TN_TN,failure,20,4,failure,failure,1528109.982,313989.150
SEC::MED && DPT::$ && CTR::$,DPT::MKG,,,,,different,TN_TN,failure,40,2,failure,failure,3101086.803,156807.367
SEC::MED && DPT::$ && CTR::$,DPT::MKG && CTR::$,,,,,different,TN_TN,failure,40,8,failure,failure,3197971.044,622303.205
SEC::MED && DPT::$ && CTR::$,DPT::MKG && CTR::EN,,,,,different,TN_TN,failure,20,4,failure,failure,1547204.995,312974.036
SEC::MED && DPT::$ && CTR::$,DPT::MKG && CTR::FR,,,,,different,TN_TN,failure,20,4,failure,failure,1551555.204,310399.592
SEC::MED && DPT::$ && CTR::$,SEC::$,,,,,different,TN_FP,failure,80,5,success,failure,3171579.981,402452.811
SEC::MED && DPT::$ && CTR::$,SEC::$ && CTR::$,,,,,different,TN_FP,failure,80,20,success,failure,3115733.512,1564887.998
SEC::MED && DPT::$ && CTR::$,SEC::$ && CTR::EN,,,,,different,TN_TN,failure,40,10,failure,failure,3079959.468,778019.581
SEC::MED && DPT::$ && CTR::$,SEC::$ && CTR::FR,,,,,different,TN_TN,failure,40,10,failure,failure,3171747.490,795663.861
SEC::MED && DPT::$ && CTR::$,SEC::$ && DPT::$,,,,,different,TN_FP,failure,80,20,success,failure,3284782.590,1562786.201
SEC::MED && DPT::$ && CTR::$,SEC::$ && DPT::$ && CTR::$,,,,,same,same,success,80,80,success,success,3142888.663,3204074.612
SEC::MED && DPT::$ && CTR::$,SEC::$ && DPT::$ && CTR::EN,,,,,same,same,failure,40,40,failure,failure,3189330.672,3199875.555
SEC::MED && DPT::$ && CTR::$,SEC::$ && DPT::$ && CTR::FR,,,,,same,same,failure,40,40,failure,failure,3311795.194,3198758.927
SEC::MED && DPT::$ && CTR::$,SEC::$ && DPT::DEV,,,,,different,TN_TN,failure,40,10,failure,failure,3040682.640,768610.627
SEC::MED && DPT::$ && CTR::$,SEC::$ && DPT::DEV && CTR::$,,,,,same,same,failure,40,40,failure,failure,3128454.342,3170984.107
SEC::MED && DPT::$ && CTR::$,SEC::$ && DPT::DEV && CTR::EN,,,,,same,same,failure,20,20,failure,failure,1511940.758,1621685.040
SEC::MED && DPT::$ && CTR::$,SEC::$ && DPT::DEV && CTR::FR,,,,,same,same,failure,20,20,failure,failure,1517585.090,1615389.256
SEC::MED && DPT::$ && CTR::$,SEC::$ && DPT::MKG,,,,,different,TN_TN,failure,40,10,failure,failure,3079551.653,777241.285
SEC::MED && DPT::$ && CTR::$,SEC::$ && DPT::MKG && CTR::$,,,,,same,same,failure,40,40,failure,failure,3178353.811,3154739.126
SEC::MED && DPT::$ && CTR::$,SEC::$ && DPT::MKG && CTR::EN,,,,,same,same,failure,20,20,failure,failure,1528126.603,1571334.260
SEC::MED && DPT::$ && CTR::$,SEC::$ && DPT::MKG && CTR::FR,,,,,same,same,failure,20,20,failure,failure,1523426.266,1592731.025
SEC::MED && DPT::$ && CTR::$,SEC::HIG,,,,,different,TN_FP,failure,64,4,success,failure,2554435.973,312781.686
SEC::MED && DPT::$ && CTR::$,SEC::HIG && CTR::$,,,,,different,TN_FP,failure,64,16,success,failure,2893788.232,1250164.862
SEC::MED && DPT::$ && CTR::$,SEC::HIG && CTR::EN,,,,,different,TN_TN,failure,32,8,failure,failure,2462807.380,620770.886
SEC::MED && DPT::$ && CTR::$,SEC::HIG && CTR::FR,,,,,different,TN_TN,failure,32,8,failure,failure,2466856.505,620652.720
SEC::MED && DPT::$ && CTR::$,SEC::HIG && DPT::$,,,,,different,TN_FP,failure,64,16,success,failure,2503130.532,1248583.065
SEC::MED && DPT::$ && CTR::$,SEC::HIG && DPT::$ && CTR::$,,,,,same,same,success,64,64,success,success,2577000.378,2707472.572
SEC::MED && DPT::$ && CTR::$,SEC::HIG && DPT::$ && CTR::EN,,,,,same,same,failure,32,32,failure,failure,2749282.226,2520205.164
SEC::MED && DPT::$ && CTR::$,SEC::HIG && DPT::$ && CTR::FR,,,,,same,same,failure,32,32,failure,failure,2474813.831,2524387.124
SEC::MED && DPT::$ && CTR::$,SEC::HIG && DPT::DEV,,,,,different,TN_TN,failure,32,8,failure,failure,2494086.271,621164.779
SEC::MED && DPT::$ && CTR::$,SEC::HIG && DPT::DEV && CTR::$,,,,,same,same,failure,32,32,failure,failure,2576381.166,2514514.214
SEC::MED && DPT::$ && CTR::$,SEC::HIG && DPT::DEV && CTR::EN,,,,,same,same,failure,16,16,failure,failure,1237391.933,1243139.724
SEC::MED && DPT::$ && CTR::$,SEC::HIG && DPT::DEV && CTR::FR,,,,,same,same,failure,16,16,failure,failure,1278151.583,1239206.346
SEC::MED && DPT::$ && CTR::$,SEC::HIG && DPT::MKG,,,,,different,TN_TN,failure,32,8,failure,failure,2459586.163,623898.157
SEC::MED && DPT::$ && CTR::$,SEC::HIG && DPT::MKG && CTR::$,,,,,same,same,failure,32,32,failure,failure,2586399.273,2518993.637
SEC::MED && DPT::$ && CTR::$,SEC::HIG && DPT::MKG && CTR::EN,,,,,same,same,failure,16,16,failure,failure,1229727.707,1253788.103
SEC::MED && DPT::$ && CTR::$,SEC::HIG && DPT::MKG && CTR::FR,,,,,same,same,failure,16,16,failure,failure,1303180.521,1251463.347
SEC::MED && DPT::$ && CTR::$,SEC::LOW,,,,,different,TN_TN,failure,32,2,failure,failure,2456127.596,156592.769
SEC::MED && DPT::$ && CTR::$,SEC::LOW && CTR::$,,,,,different,TN_TN,failure,32,8,failure,failure,2493128.746,631694.841
SEC::MED && DPT::$ && CTR::$,SEC::LOW && CTR::EN,,,,,different,TN_TN,failure,16,4,failure,failure,1240907.988,322239.952
SEC::MED && DPT::$ && CTR::$,SEC::LOW && CTR::FR,,,,,different,TN_TN,failure,16,4,failure,failure,1223448.799,310292.682
SEC::MED && DPT::$ && CTR::$,SEC::LOW && DPT::$,,,,,different,TN_TN,failure,32,8,failure,failure,2425984.680,639686.707
SEC::MED && DPT::$ && CTR::$,SEC::LOW && DPT::$ && CTR::$,,,,,same,same,failure,32,32,failure,failure,2440295.604,2503363.198
SEC::MED && DPT::$ && CTR::$,SEC::LOW && DPT::$ && CTR::EN,,,,,same,same,failure,16,16,failure,failure,1209002.221,1237322.151
SEC::MED && DPT::$ && CTR::$,SEC::LOW && DPT::$ && CTR::FR,,,,,same,same,failure,16,16,failure,failure,1198421.774,1236104.588
SEC::MED && DPT::$ && CTR::$,SEC::LOW && DPT::DEV,,,,,different,TN_TN,failure,16,4,failure,failure,1228284.209,311663.909
SEC::MED && DPT::$ && CTR::$,SEC::LOW && DPT::DEV && CTR::$,,,,,same,same,failure,16,16,failure,failure,1408187.076,1267741.727
SEC::MED && DPT::$ && CTR::$,SEC::LOW && DPT::DEV && CTR::EN,,,,,same,same,failure,8,8,failure,failure,606251.030,622013.306
SEC::MED && DPT::$ && CTR::$,SEC::LOW && DPT::DEV && CTR::FR,,,,,same,same,failure,8,8,failure,failure,607670.208,634618.205
SEC::MED && DPT::$ && CTR::$,SEC::LOW && DPT::MKG,,,,,different,TN_TN,failure,16,4,failure,failure,1538862.446,322860.932
SEC::MED && DPT::$ && CTR::$,SEC::LOW && DPT::MKG && CTR::$,,,,,same,same,failure,16,16,failure,failure,1222597.633,1252314.379
SEC::MED && DPT::$ && CTR::$,SEC::LOW && DPT::MKG && CTR::EN,,,,,same,same,failure,8,8,failure,failure,598671.638,623057.725
SEC::MED && DPT::$ && CTR::$,SEC::LOW && DPT::MKG && CTR::FR,,,,,same,same,failure,8,8,failure,failure,603722.777,634103.880
SEC::MED && DPT::$ && CTR::$,SEC::MED,,,,,different,TN_FP,failure,48,3,success,failure,1919775.198,233038.938
SEC::MED && DPT::$ && CTR::$,SEC::MED && CTR::$,,,,,different,TN_FP,failure,48,12,success,failure,1911374.521,920703.635
SEC::MED && DPT::$ && CTR::$,SEC::MED && CTR::EN,,,,,different,TN_TN,failure,24,6,failure,failure,1848982.689,464668.432
SEC::MED && DPT::$ && CTR::$,SEC::MED && CTR::FR,,,,,different,TN_TN,failure,24,6,failure,failure,1824917.373,464571.134
SEC::MED && DPT::$ && CTR::$,SEC::MED && DPT::$,,,,,different,TN_FP,failure,48,12,success,failure,1915586.817,929525.122
SEC::MED && DPT::$ && CTR::$,SEC::MED && DPT::$ && CTR::$,,,,,same,same,success,48,48,success,success,1942742.619,2157729.120
SEC::MED && DPT::$ && CTR::$,SEC::MED && DPT::$ && CTR::EN,,,,,same,same,failure,24,24,failure,failure,1841643.433,1864848.394
SEC::MED && DPT::$ && CTR::$,SEC::MED && DPT::$ && CTR::FR,,,,,same,same,failure,24,24,failure,failure,1851060.086,1882918.043
SEC::MED && DPT::$ && CTR::$,SEC::MED && DPT::DEV,,,,,different,TN_TN,failure,24,6,failure,failure,1820704.110,462122.341
SEC::MED && DPT::$ && CTR::$,SEC::MED && DPT::DEV && CTR::$,,,,,same,same,failure,24,24,failure,failure,1829551.370,1891018.718
SEC::MED && DPT::$ && CTR::$,SEC::MED && DPT::DEV && CTR::EN,,,,,same,same,failure,12,12,failure,failure,903490.772,924536.594
SEC::MED && DPT::$ && CTR::$,SEC::MED && DPT::DEV && CTR::FR,,,,,same,same,failure,12,12,failure,failure,911282.328,921319.340
SEC::MED && DPT::$ && CTR::$,SEC::MED && DPT::MKG,,,,,different,TN_TN,failure,24,6,failure,failure,1844925.379,478984.445
SEC::MED && DPT::$ && CTR::$,SEC::MED && DPT::MKG && CTR::$,,,,,same,same,failure,24,24,failure,failure,1856840.103,1925608.430
SEC::MED && DPT::$ && CTR::$,SEC::MED && DPT::MKG && CTR::EN,,,,,same,same,failure,12,12,failure,failure,917001.791,933958.212
SEC::MED && DPT::$ && CTR::$,SEC::MED && DPT::MKG && CTR::FR,,,,,same,same,failure,12,12,failure,failure,926747.141,940171.582
SEC::MED && DPT::$ && CTR::EN,CTR::$,,,,,different,TN_FP,failure,80,4,success,failure,3205367.758,319661.640
SEC::MED && DPT::$ && CTR::EN,CTR::EN,,,,,different,TN_FP,failure,40,2,success,failure,1622121.715,172526.196
SEC::MED && DPT::$ && CTR::EN,CTR::FR,,,,,different,TN_TN,failure,40,2,failure,failure,3069418.180,161318.894
SEC::MED && DPT::$ && CTR::EN,DPT::$,,,,,different,TN_FP,failure,80,4,success,failure,3316171.363,319065.537
SEC::MED && DPT::$ && CTR::EN,DPT::$ && CTR::$,,,,,different,TN_FP,failure,80,16,success,failure,3229404.751,1276477.788
SEC::MED && DPT::$ && CTR::EN,DPT::$ && CTR::EN,,,,,different,TN_FP,failure,40,8,success,failure,1636407.891,646544.530
SEC::MED && DPT::$ && CTR::EN,DPT::$ && CTR::FR,,,,,different,TN_TN,failure,40,8,failure,failure,3105300.046,633867.091
SEC::MED && DPT::$ && CTR::EN,DPT::DEV,,,,,different,TN_TN,failure,40,2,failure,failure,3083804.025,161377.820
SEC::MED && DPT::$ && CTR::EN,DPT::DEV && CTR::$,,,,,different,TN_TN,failure,40,8,failure,failure,3093771.792,642440.653
SEC::MED && DPT::$ && CTR::EN,DPT::DEV && CTR::EN,,,,,different,TN_TN,failure,20,4,failure,failure,1507105.799,328511.705
SEC::MED && DPT::$ && CTR::EN,DPT::DEV && CTR::FR,,,,,different,TN_TN,failure,20,4,failure,failure,1517964.506,319134.541
SEC::MED && DPT::$ && CTR::EN,DPT::MKG,,,,,different,TN_TN,failure,40,2,failure,failure,3064199.787,162300.054
SEC::MED && DPT::$ && CTR::EN,DPT::MKG && CTR::$,,,,,different,TN_TN,failure,40,8,failure,failure,3189010.591,646551.208
SEC::MED && DPT::$ && CTR::EN,DPT::MKG && CTR::EN,,,,,different,TN_TN,failure,20,4,failure,failure,1532313.312,318840.530
SEC::MED && DPT::$ && CTR::EN,DPT::MKG && CTR::FR,,,,,different,TN_TN,failure,20,4,failure,failure,1535406.263,318382.817
SEC::MED && DPT::$ && CTR::EN,SEC::$,,,,,different,TN_FP,failure,80,5,success,failure,3543061.051,397192.634
SEC::MED && DPT::$ && CTR::EN,SEC::$ && CTR::$,,,,,different,TN_FP,failure,80,20,success,failure,3228086.342,1588985.745
SEC::MED && DPT::$ && CTR::EN,SEC::$ && CTR::EN,,,,,different,TN_FP,failure,40,10,success,failure,1649549.452,786159.894
SEC::MED && DPT::$ && CTR::EN,SEC::$ && CTR::FR,,,,,different,TN_TN,failure,40,10,failure,failure,3147548.443,787583.078
SEC::MED && DPT::$ && CTR::EN,SEC::$ && DPT::$,,,,,different,TN_FP,failure,80,20,success,failure,3194892.229,1618912.404
SEC::MED && DPT::$ && CTR::EN,SEC::$ && DPT::$ && CTR::$,,,,,same,same,success,80,80,success,success,3627685.740,3850126.218
SEC::MED && DPT::$ && CTR::EN,SEC::$ && DPT::$ && CTR::EN,,,,,same,same,success,40,40,success,success,1759037.545,1814347.431
SEC::MED && DPT::$ && CTR::EN,SEC::$ && DPT::$ && CTR::FR,,,,,same,same,failure,40,40,failure,failure,3149024.397,3400092.007
SEC::MED && DPT::$ && CTR::EN,SEC::$ && DPT::DEV,,,,,different,TN_TN,failure,40,10,failure,failure,3081756.734,802529.950
SEC::MED && DPT::$ && CTR::EN,SEC::$ && DPT::DEV && CTR::$,,,,,same,same,failure,40,40,failure,failure,3384022.920,3200151.679
SEC::MED && DPT::$ && CTR::EN,SEC::$ && DPT::DEV && CTR::EN,,,,,same,same,failure,20,20,failure,failure,1551320.755,1588102.939
SEC::MED && DPT::$ && CTR::EN,SEC::$ && DPT::DEV && CTR::FR,,,,,same,same,failure,20,20,failure,failure,1568465.809,1581528.266
SEC::MED && DPT::$ && CTR::EN,SEC::$ && DPT::MKG,,,,,different,TN_TN,failure,40,10,failure,failure,3080493.495,803140.175
SEC::MED && DPT::$ && CTR::EN,SEC::$ && DPT::MKG && CTR::$,,,,,same,same,failure,40,40,failure,failure,3178501.058,3226451.661
SEC::MED && DPT::$ && CTR::EN,SEC::$ && DPT::MKG && CTR::EN,,,,,same,same,failure,20,20,failure,failure,1529170.296,1607167.715
SEC::MED && DPT::$ && CTR::EN,SEC::$ && DPT::MKG && CTR::FR,,,,,same,same,failure,20,20,failure,failure,1529333.137,1605593.978
SEC::MED && DPT::$ && CTR::EN,SEC::HIG,,,,,different,TN_FP,failure,64,4,success,failure,2853535.058,318974.226
SEC::MED && DPT::$ && CTR::EN,SEC::HIG && CTR::$,,,,,different,TN_FP,failure,64,16,success,failure,2891299.098,1301220.844
SEC::MED && DPT::$ && CTR::EN,SEC::HIG && CTR::EN,,,,,different,TN_FP,failure,32,8,success,failure,1437660.301,649865.009
SEC::MED && DPT::$ && CTR::EN,SEC::HIG && CTR::FR,,,,,different,TN_TN,failure,32,8,failure,failure,2484835.269,635856.613
SEC::MED && DPT::$ && CTR::EN,SEC::HIG && DPT::$,,,,,different,TN_FP,failure,64,16,success,failure,2536409.093,1271815.117
SEC::MED && DPT::$ && CTR::EN,SEC::HIG && DPT::$ && CTR::$,,,,,same,same,success,64,64,success,success,2645927.879,2648678.313
SEC::MED && DPT::$ && CTR::EN,SEC::HIG && DPT::$ && CTR::EN,,,,,same,same,success,32,32,success,success,1443632.328,1385433.727
SEC::MED && DPT::$ && CTR::EN,SEC::HIG && DPT::$ && CTR::FR,,,,,same,same,failure,32,32,failure,failure,2435862.869,2552349.279
SEC::MED && DPT::$ && CTR::EN,SEC::HIG && DPT::DEV,,,,,different,TN_TN,failure,32,8,failure,failure,2466390.196,635437.958
SEC::MED && DPT::$ && CTR::EN,SEC::HIG && DPT::DEV && CTR::$,,,,,same,same,failure,32,32,failure,failure,2454803.893,2574735.936
SEC::MED && DPT::$ && CTR::EN,SEC::HIG && DPT::DEV && CTR::EN,,,,,same,same,failure,16,16,failure,failure,1213356.087,1269285.888
SEC::MED && DPT::$ && CTR::EN,SEC::HIG && DPT::DEV && CTR::FR,,,,,same,same,failure,16,16,failure,failure,1215711.140,1264165.969
SEC::MED && DPT::$ && CTR::EN,SEC::HIG && DPT::MKG,,,,,different,TN_TN,failure,32,8,failure,failure,2450669.478,636692.636
SEC::MED && DPT::$ && CTR::EN,SEC::HIG && DPT::MKG && CTR::$,,,,,same,same,failure,32,32,failure,failure,2455547.328,2568222.542
SEC::MED && DPT::$ && CTR::EN,SEC::HIG && DPT::MKG && CTR::EN,,,,,same,same,failure,16,16,failure,failure,1238588.187,1277121.966
SEC::MED && DPT::$ && CTR::EN,SEC::HIG && DPT::MKG && CTR::FR,,,,,same,same,failure,16,16,failure,failure,1213729.498,1266672.100
SEC::MED && DPT::$ && CTR::EN,SEC::LOW,,,,,different,TN_TN,failure,32,2,failure,failure,2428559.921,171839.087
SEC::MED && DPT::$ && CTR::EN,SEC::LOW && CTR::$,,,,,different,TN_TN,failure,32,8,failure,failure,2452992.089,649237.632
SEC::MED && DPT::$ && CTR::EN,SEC::LOW && CTR::EN,,,,,different,TN_TN,failure,16,4,failure,failure,1224593.922,318523.455
SEC::MED && DPT::$ && CTR::EN,SEC::LOW && CTR::FR,,,,,different,TN_TN,failure,16,4,failure,failure,1205951.528,317681.506
SEC::MED && DPT::$ && CTR::EN,SEC::LOW && DPT::$,,,,,different,TN_TN,failure,32,8,failure,failure,2480675.297,638458.944
SEC::MED && DPT::$ && CTR::EN,SEC::LOW && DPT::$ && CTR::$,,,,,same,same,failure,32,32,failure,failure,2472801.502,2578277.439
SEC::MED && DPT::$ && CTR::EN,SEC::LOW && DPT::$ && CTR::EN,,,,,same,same,failure,16,16,failure,failure,1244428.988,1283750.239
SEC::MED && DPT::$ && CTR::EN,SEC::LOW && DPT::$ && CTR::FR,,,,,same,same,failure,16,16,failure,failure,1242642.792,1295084.930
SEC::MED && DPT::$ && CTR::EN,SEC::LOW && DPT::DEV,,,,,different,TN_TN,failure,16,4,failure,failure,1222050.611,317621.162
SEC::MED && DPT::$ && CTR::EN,SEC::LOW && DPT::DEV && CTR::$,,,,,same,same,failure,16,16,failure,failure,1224444.437,1292110.125
SEC::MED && DPT::$ && CTR::EN,SEC::LOW && DPT::DEV && CTR::EN,,,,,same,same,failure,8,8,failure,failure,598212.717,645066.052
SEC::MED && DPT::$ && CTR::EN,SEC::LOW && DPT::DEV && CTR::FR,,,,,same,same,failure,8,8,failure,failure,596180.541,632925.309
SEC::MED && DPT::$ && CTR::EN,SEC::LOW && DPT::MKG,,,,,different,TN_TN,failure,16,4,failure,failure,1208761.204,319146.949
SEC::MED && DPT::$ && CTR::EN,SEC::LOW && DPT::MKG && CTR::$,,,,,same,same,failure,16,16,failure,failure,1207314.971,1283602.943
SEC::MED && DPT::$ && CTR::EN,SEC::LOW && DPT::MKG && CTR::EN,,,,,same,same,failure,8,8,failure,failure,601491.458,638978.439
SEC::MED && DPT::$ && CTR::EN,SEC::LOW && DPT::MKG && CTR::FR,,,,,same,same,failure,8,8,failure,failure,612328.390,633833.307
SEC::MED && DPT::$ && CTR::EN,SEC::MED,,,,,different,TN_FP,failure,48,3,success,failure,2141175.254,240783.089
SEC::MED && DPT::$ && CTR::EN,SEC::MED && CTR::$,,,,,different,TN_FP,failure,48,12,success,failure,1933368.961,963130.727
SEC::MED && DPT::$ && CTR::EN,SEC::MED && CTR::EN,,,,,different,TN_FP,failure,24,6,success,failure,1050367.241,477309.248
SEC::MED && DPT::$ && CTR::EN,SEC::MED && CTR::FR,,,,,different,TN_TN,failure,24,6,failure,failure,1868956.099,482724.310
SEC::MED && DPT::$ && CTR::EN,SEC::MED && DPT::$,,,,,different,TN_FP,failure,48,12,success,failure,2148872.507,942510.018
SEC::MED && DPT::$ && CTR::EN,SEC::MED && DPT::$ && CTR::$,,,,,same,same,success,48,48,success,success,1998166.255,2233266.174
SEC::MED && DPT::$ && CTR::EN,SEC::MED && DPT::$ && CTR::EN,,,,,same,same,success,24,24,success,success,1071115.830,1079701.315
SEC::MED && DPT::$ && CTR::EN,SEC::MED && DPT::$ && CTR::FR,,,,,same,same,failure,24,24,failure,failure,1882684.941,1912840.906
SEC::MED && DPT::$ && CTR::EN,SEC::MED && DPT::DEV,,,,,different,TN_TN,failure,24,6,failure,failure,1855469.962,474278.768
SEC::MED && DPT::$ && CTR::EN,SEC::MED && DPT::DEV && CTR::$,,,,,same,same,failure,24,24,failure,failure,1954155.827,1937546.257
SEC::MED && DPT::$ && CTR::EN,SEC::MED && DPT::DEV && CTR::EN,,,,,same,same,failure,12,12,failure,failure,1029440.944,958590.250
SEC::MED && DPT::$ && CTR::EN,SEC::MED && DPT::DEV && CTR::FR,,,,,same,same,failure,12,12,failure,failure,947479.659,962510.699
SEC::MED && DPT::$ && CTR::EN,SEC::MED && DPT::MKG,,,,,different,TN_TN,failure,24,6,failure,failure,1858582.441,478348.001
SEC::MED && DPT::$ && CTR::EN,SEC::MED && DPT::MKG && CTR::$,,,,,same,same,failure,24,24,failure,failure,1912365.840,1911811.014
SEC::MED && DPT::$ && CTR::EN,SEC::MED && DPT::MKG && CTR::EN,,,,,same,same,failure,12,12,failure,failure,902469.252,955330.531
SEC::MED && DPT::$ && CTR::EN,SEC::MED && DPT::MKG && CTR::FR,,,,,same,same,failure,12,12,failure,failure,925324.627,953070.552
SEC::MED && DPT::$ && CTR::FR,CTR::$,,,,,different,TN_FP,failure,80,4,success,failure,3373388.583,302638.819
SEC::MED && DPT::$ && CTR::FR,CTR::EN,,,,,different,TN_TN,failure,40,2,failure,failure,4297876.666,155571.649
SEC::MED && DPT::$ && CTR::FR,CTR::FR,,,,,different,TN_FP,failure,40,2,success,failure,1883264.188,151864.570
SEC::MED && DPT::$ && CTR::FR,DPT::$,,,,,different,TN_FP,failure,80,4,success,failure,3558051.159,308141.286
SEC::MED && DPT::$ && CTR::FR,DPT::$ && CTR::$,,,,,different,TN_FP,failure,80,16,success,failure,3644105.501,1232156.653
SEC::MED && DPT::$ && CTR::FR,DPT::$ && CTR::EN,,,,,different,TN_TN,failure,40,8,failure,failure,3331859.660,614999.145
SEC::MED && DPT::$ && CTR::FR,DPT::$ && CTR::FR,,,,,different,TN_FP,failure,40,8,success,failure,1985230.952,602507.574
SEC::MED && DPT::$ && CTR::FR,DPT::DEV,,,,,different,TN_TN,failure,40,2,failure,failure,3364987.856,151947.326
SEC::MED && DPT::$ && CTR::FR,DPT::DEV && CTR::$,,,,,different,TN_TN,failure,40,8,failure,failure,3305120.494,613971.802
SEC::MED && DPT::$ && CTR::FR,DPT::DEV && CTR::EN,,,,,different,TN_TN,failure,20,4,failure,failure,1637253.057,303686.405
SEC::MED && DPT::$ && CTR::FR,DPT::DEV && CTR::FR,,,,,different,TN_TN,failure,20,4,failure,failure,1624309.563,321264.838
SEC::MED && DPT::$ && CTR::FR,DPT::MKG,,,,,different,TN_TN,failure,40,2,failure,failure,3282945.004,152130.674
SEC::MED && DPT::$ && CTR::FR,DPT::MKG && CTR::$,,,,,different,TN_TN,failure,40,8,failure,failure,3297704.283,603977.736
SEC::MED && DPT::$ && CTR::FR,DPT::MKG && CTR::EN,,,,,different,TN_TN,failure,20,4,failure,failure,1669265.089,303390.916
SEC::MED && DPT::$ && CTR::FR,DPT::MKG && CTR::FR,,,,,different,TN_TN,failure,20,4,failure,failure,1669403.028,316025.735
SEC::MED && DPT::$ && CTR::FR,SEC::$,,,,,different,TN_FP,failure,80,5,success,failure,3806764.442,376638.504
SEC::MED && DPT::$ && CTR::FR,SEC::$ && CTR::$,,,,,different,TN_FP,failure,80,20,success,failure,3840403.907,1514817.604
SEC::MED && DPT::$ && CTR::FR,SEC::$ && CTR::EN,,,,,different,TN_TN,failure,40,10,failure,failure,3353636.513,752884.899
SEC::MED && DPT::$ && CTR::FR,SEC::$ && CTR::FR,,,,,different,TN_FP,failure,40,10,success,failure,1977671.642,755004.359
SEC::MED && DPT::$ && CTR::FR,SEC::$ && DPT::$,,,,,different,TN_FP,failure,80,20,success,failure,3931242.538,1504201.967
SEC::MED && DPT::$ && CTR::FR,SEC::$ && DPT::$ && CTR::$,,,,,same,same,success,80,80,success,success,3604635.825,4036474.617
SEC::MED && DPT::$ && CTR::FR,SEC::$ && DPT::$ && CTR::EN,,,,,same,same,failure,40,40,failure,failure,3483943.657,3075675.027
SEC::MED && DPT::$ && CTR::FR,SEC::$ && DPT::$ && CTR::FR,,,,,same,same,success,40,40,success,success,1803686.424,1598835.245
SEC::MED && DPT::$ && CTR::FR,SEC::$ && DPT::DEV,,,,,different,TN_TN,failure,40,10,failure,failure,3460721.678,764869.043
SEC::MED && DPT::$ && CTR::FR,SEC::$ && DPT::DEV && CTR::$,,,,,same,same,failure,40,40,failure,failure,3256422.323,3060572.453
SEC::MED && DPT::$ && CTR::FR,SEC::$ && DPT::DEV && CTR::EN,,,,,same,same,failure,20,20,failure,failure,1703509.778,1526913.137
SEC::MED && DPT::$ && CTR::FR,SEC::$ && DPT::DEV && CTR::FR,,,,,same,same,failure,20,20,failure,failure,1662176.016,1529783.281
SEC::MED && DPT::$ && CTR::FR,SEC::$ && DPT::MKG,,,,,different,TN_TN,failure,40,10,failure,failure,3281556.218,751544.825
SEC::MED && DPT::$ && CTR::FR,SEC::$ && DPT::MKG && CTR::$,,,,,same,same,failure,40,40,failure,failure,3547859.757,3076134.083
SEC::MED && DPT::$ && CTR::FR,SEC::$ && DPT::MKG && CTR::EN,,,,,same,same,failure,20,20,failure,failure,1690972.922,1527100.279
SEC::MED && DPT::$ && CTR::FR,SEC::$ && DPT::MKG && CTR::FR,,,,,same,same,failure,20,20,failure,failure,1845753.326,1518275.745
SEC::MED && DPT::$ && CTR::FR,SEC::HIG,,,,,different,TN_FP,failure,64,4,success,failure,2807921.112,440984.972
SEC::MED && DPT::$ && CTR::FR,SEC::HIG && CTR::$,,,,,different,TN_FP,failure,64,16,success,failure,2902693.928,1218374.155
SEC::MED && DPT::$ && CTR::FR,SEC::HIG && CTR::EN,,,,,different,TN_TN,failure,32,8,failure,failure,2654508.564,848113.038
SEC::MED && DPT::$ && CTR::FR,SEC::HIG && CTR::FR,,,,,different,TN_FP,failure,32,8,success,failure,1467197.305,599900.975
SEC::MED && DPT::$ && CTR::FR,SEC::HIG && DPT::$,,,,,different,TN_FP,failure,64,16,success,failure,2763181.362,1248643.658
SEC::MED && DPT::$ && CTR::FR,SEC::HIG && DPT::$ && CTR::$,,,,,same,same,success,64,64,success,success,2930861.257,2795668.379
SEC::MED && DPT::$ && CTR::FR,SEC::HIG && DPT::$ && CTR::EN,,,,,same,same,failure,32,32,failure,failure,2715836.420,2437642.397
SEC::MED && DPT::$ && CTR::FR,SEC::HIG && DPT::$ && CTR::FR,,,,,same,same,success,32,32,success,success,1622520.432,1337836.226
SEC::MED && DPT::$ && CTR::FR,SEC::HIG && DPT::DEV,,,,,different,TN_TN,failure,32,8,failure,failure,2647519.259,604108.206
SEC::MED && DPT::$ && CTR::FR,SEC::HIG && DPT::DEV && CTR::$,,,,,same,same,failure,32,32,failure,failure,2634306.545,2438800.484
SEC::MED && DPT::$ && CTR::FR,SEC::HIG && DPT::DEV && CTR::EN,,,,,same,same,failure,16,16,failure,failure,1328503.190,1207366.603
SEC::MED && DPT::$ && CTR::FR,SEC::HIG && DPT::DEV && CTR::FR,,,,,same,same,failure,16,16,failure,failure,1562069.802,1211098.208
SEC::MED && DPT::$ && CTR::FR,SEC::HIG && DPT::MKG,,,,,different,TN_TN,failure,32,8,failure,failure,2678645.514,597331.204
SEC::MED && DPT::$ && CTR::FR,SEC::HIG && DPT::MKG && CTR::$,,,,,same,same,failure,32,32,failure,failure,2653245.334,2487902.182
SEC::MED && DPT::$ && CTR::FR,SEC::HIG && DPT::MKG && CTR::EN,,,,,same,same,failure,16,16,failure,failure,1337641.676,1219103.458
SEC::MED && DPT::$ && CTR::FR,SEC::HIG && DPT::MKG && CTR::FR,,,,,same,same,failure,16,16,failure,failure,1397322.127,1234853.762
SEC::MED && DPT::$ && CTR::FR,SEC::LOW,,,,,different,TN_TN,failure,32,2,failure,failure,2636318.674,155125.261
SEC::MED && DPT::$ && CTR::FR,SEC::LOW && CTR::$,,,,,different,TN_TN,failure,32,8,failure,failure,2978131.961,621110.042
SEC::MED && DPT::$ && CTR::FR,SEC::LOW && CTR::EN,,,,,different,TN_TN,failure,16,4,failure,failure,1349530.837,303591.476
SEC::MED && DPT::$ && CTR::FR,SEC::LOW && CTR::FR,,,,,different,TN_TN,failure,16,4,failure,failure,1364527.277,302343.726
SEC::MED && DPT::$ && CTR::FR,SEC::LOW && DPT::$,,,,,different,TN_TN,failure,32,8,failure,failure,3812871.123,621566.894
SEC::MED && DPT::$ && CTR::FR,SEC::LOW && DPT::$ && CTR::$,,,,,same,same,failure,32,32,failure,failure,2648283.217,2487621.375
SEC::MED && DPT::$ && CTR::FR,SEC::LOW && DPT::$ && CTR::EN,,,,,same,same,failure,16,16,failure,failure,1819286.792,1226838.266
SEC::MED && DPT::$ && CTR::FR,SEC::LOW && DPT::$ && CTR::FR,,,,,same,same,failure,16,16,failure,failure,1302895.727,1229645.407
SEC::MED && DPT::$ && CTR::FR,SEC::LOW && DPT::DEV,,,,,different,TN_TN,failure,16,4,failure,failure,1338484.887,300575.334
SEC::MED && DPT::$ && CTR::FR,SEC::LOW && DPT::DEV && CTR::$,,,,,same,same,failure,16,16,failure,failure,1316255.681,1232714.719
SEC::MED && DPT::$ && CTR::FR,SEC::LOW && DPT::DEV && CTR::EN,,,,,same,same,failure,8,8,failure,failure,661773.246,600800.952
SEC::MED && DPT::$ && CTR::FR,SEC::LOW && DPT::DEV && CTR::FR,,,,,same,same,failure,8,8,failure,failure,668857.054,616645.693
SEC::MED && DPT::$ && CTR::FR,SEC::LOW && DPT::MKG,,,,,different,TN_TN,failure,16,4,failure,failure,1319044.809,308296.572
SEC::MED && DPT::$ && CTR::FR,SEC::LOW && DPT::MKG && CTR::$,,,,,same,same,failure,16,16,failure,failure,1907601.484,1226046.762
SEC::MED && DPT::$ && CTR::FR,SEC::LOW && DPT::MKG && CTR::EN,,,,,same,same,failure,8,8,failure,failure,643114.462,621125.647
SEC::MED && DPT::$ && CTR::FR,SEC::LOW && DPT::MKG && CTR::FR,,,,,same,same,failure,8,8,failure,failure,733423.233,603514.657
SEC::MED && DPT::$ && CTR::FR,SEC::MED,,,,,different,TN_FP,failure,48,3,success,failure,2189379.854,227230.327
SEC::MED && DPT::$ && CTR::FR,SEC::MED && CTR::$,,,,,different,TN_FP,failure,48,12,success,failure,2087628.664,919417.723
SEC::MED && DPT::$ && CTR::FR,SEC::MED && CTR::EN,,,,,different,TN_TN,failure,24,6,failure,failure,1963436.776,450352.939
SEC::MED && DPT::$ && CTR::FR,SEC::MED && CTR::FR,,,,,different,TN_FP,failure,24,6,success,failure,1152473.011,466588.694
SEC::MED && DPT::$ && CTR::FR,SEC::MED && DPT::$,,,,,different,TN_FP,failure,48,12,success,failure,2033980.964,1341820.164
SEC::MED && DPT::$ && CTR::FR,SEC::MED && DPT::$ && CTR::$,,,,,same,same,success,48,48,success,success,2184772.382,3035803.453
SEC::MED && DPT::$ && CTR::FR,SEC::MED && DPT::$ && CTR::EN,,,,,same,same,failure,24,24,failure,failure,1976607.211,2693400.962
SEC::MED && DPT::$ && CTR::FR,SEC::MED && DPT::$ && CTR::FR,,,,,same,same,success,24,24,success,success,1145808.896,1520482.906
SEC::MED && DPT::$ && CTR::FR,SEC::MED && DPT::DEV,,,,,different,TN_TN,failure,24,6,failure,failure,1958519.357,456276.992
SEC::MED && DPT::$ && CTR::FR,SEC::MED && DPT::DEV && CTR::$,,,,,same,same,failure,24,24,failure,failure,1969407.921,1849639.306
SEC::MED && DPT::$ && CTR::FR,SEC::MED && DPT::DEV && CTR::EN,,,,,same,same,failure,12,12,failure,failure,988018.135,924267.870
SEC::MED && DPT::$ && CTR::FR,SEC::MED && DPT::DEV && CTR::FR,,,,,same,same,failure,12,12,failure,failure,998678.466,907797.666
SEC::MED && DPT::$ && CTR::FR,SEC::MED && DPT::MKG,,,,,different,TN_TN,failure,24,6,failure,failure,1957677.147,452670.572
SEC::MED && DPT::$ && CTR::FR,SEC::MED && DPT::MKG && CTR::$,,,,,same,same,failure,24,24,failure,failure,1992137.371,2347732.513
SEC::MED && DPT::$ && CTR::FR,SEC::MED && DPT::MKG && CTR::EN,,,,,same,same,failure,12,12,failure,failure,964705.181,917380.782
SEC::MED && DPT::$ && CTR::FR,SEC::MED && DPT::MKG && CTR::FR,,,,,same,same,failure,12,12,failure,failure,983451.704,922026.366
SEC::MED && DPT::DEV,CTR::$,,,,,different,TN_FP,failure,80,4,success,failure,3575992.533,329786.346
SEC::MED && DPT::DEV,CTR::EN,,,,,different,TN_FP,failure,40,2,success,failure,1893431.664,162583.150
SEC::MED && DPT::DEV,CTR::FR,,,,,different,TN_FP,failure,40,2,success,failure,2039912.705,162312.853
SEC::MED && DPT::DEV,DPT::$,,,,,different,TN_FP,failure,80,4,success,failure,3602783.371,316962.993
SEC::MED && DPT::DEV,DPT::$ && CTR::$,,,,,different,TN_FP,failure,80,16,success,failure,3455321.729,1279559.553
SEC::MED && DPT::DEV,DPT::$ && CTR::EN,,,,,different,TN_FP,failure,40,8,success,failure,1936799.556,649386.772
SEC::MED && DPT::DEV,DPT::$ && CTR::FR,,,,,different,TN_FP,failure,40,8,success,failure,1850862.505,633703.359
SEC::MED && DPT::DEV,DPT::DEV,,,,,different,TN_FP,failure,40,2,success,failure,1839020.723,163588.250
SEC::MED && DPT::DEV,DPT::DEV && CTR::$,,,,,different,TN_FP,failure,40,8,success,failure,2034795.092,638609.316
SEC::MED && DPT::DEV,DPT::DEV && CTR::EN,,,,,different,TN_FP,failure,20,4,success,failure,996672.934,318163.691
SEC::MED && DPT::DEV,DPT::DEV && CTR::FR,,,,,different,TN_FP,failure,20,4,success,failure,1013316.203,318113.481
SEC::MED && DPT::DEV,DPT::MKG,,,,,different,TN_TN,failure,40,2,failure,failure,3335220.579,159265.137
SEC::MED && DPT::DEV,DPT::MKG && CTR::$,,,,,different,TN_TN,failure,40,8,failure,failure,3530419.424,636187.473
SEC::MED && DPT::DEV,DPT::MKG && CTR::EN,,,,,different,TN_TN,failure,20,4,failure,failure,1654652.864,314744.968
SEC::MED && DPT::DEV,DPT::MKG && CTR::FR,,,,,different,TN_TN,failure,20,4,failure,failure,1687638.342,316597.272
SEC::MED && DPT::DEV,SEC::$,,,,,different,TN_FP,failure,80,5,success,failure,3557386.431,391623.237
SEC::MED && DPT::DEV,SEC::$ && CTR::$,,,,,different,TN_FP,failure,80,20,success,failure,3390139.759,1605268.943
SEC::MED && DPT::DEV,SEC::$ && CTR::EN,,,,,different,TN_FP,failure,40,10,success,failure,1785701.304,779721.944
SEC::MED && DPT::DEV,SEC::$ && CTR::FR,,,,,different,TN_FP,failure,40,10,success,failure,1788500.384,783452.691
SEC::MED && DPT::DEV,SEC::$ && DPT::$,,,,,different,TP_TP,success,80,20,success,success,3487779.562,1014774.844
SEC::MED && DPT::DEV,SEC::$ && DPT::$ && CTR::$,,,,,same,same,success,80,80,success,success,3488307.117,3377831.908
SEC::MED && DPT::DEV,SEC::$ && DPT::$ && CTR::EN,,,,,same,same,success,40,40,success,success,2017639.562,1766163.415
SEC::MED && DPT::DEV,SEC::$ && DPT::$ && CTR::FR,,,,,same,same,success,40,40,success,success,1918450.253,1895113.383
SEC::MED && DPT::DEV,SEC::$ && DPT::DEV,,,,,different,TP_TP,success,40,10,success,success,1758617.386,575943.541
SEC::MED && DPT::DEV,SEC::$ && DPT::DEV && CTR::$,,,,,same,same,success,40,40,success,success,1824164.231,1788946.366
SEC::MED && DPT::DEV,SEC::$ && DPT::DEV && CTR::EN,,,,,same,same,success,20,20,success,success,976825.605,924298.292
SEC::MED && DPT::DEV,SEC::$ && DPT::DEV && CTR::FR,,,,,same,same,success,20,20,success,success,1002993.024,923971.941
SEC::MED && DPT::DEV,SEC::$ && DPT::MKG,,,,,different,TN_TN,failure,40,10,failure,failure,3383409.680,786363.997
SEC::MED && DPT::DEV,SEC::$ && DPT::MKG && CTR::$,,,,,same,same,failure,40,40,failure,failure,3351167.166,3221725.446
SEC::MED && DPT::DEV,SEC::$ && DPT::MKG && CTR::EN,,,,,same,same,failure,20,20,failure,failure,1685720.971,1607358.928
SEC::MED && DPT::DEV,SEC::$ && DPT::MKG && CTR::FR,,,,,same,same,failure,20,20,failure,failure,1675403.107,1605285.349
SEC::MED && DPT::DEV,SEC::HIG,,,,,different,TN_FP,failure,64,4,success,failure,3023688.844,321399.335
SEC::MED && DPT::DEV,SEC::HIG && CTR::$,,,,,different,TN_FP,failure,64,16,success,failure,3159673.116,1288162.781
SEC::MED && DPT::DEV,SEC::HIG && CTR::EN,,,,,different,TN_FP,failure,32,8,success,failure,1448997.752,635712.873
SEC::MED && DPT::DEV,SEC::HIG && CTR::FR,,,,,different,TN_FP,failure,32,8,success,failure,1443233.239,644859.115
SEC::MED && DPT::DEV,SEC::HIG && DPT::$,,,,,different,TP_TP,success,64,16,success,success,2777278.700,776150.809
SEC::MED && DPT::DEV,SEC::HIG && DPT::$ && CTR::$,,,,,same,same,success,64,64,success,success,2855385.173,2864450.737
SEC::MED && DPT::DEV,SEC::HIG && DPT::$ && CTR::EN,,,,,same,same,success,32,32,success,success,1465219.340,1405406.691
SEC::MED && DPT::DEV,SEC::HIG && DPT::$ && CTR::FR,,,,,same,same,success,32,32,success,success,1640537.353,1401613.361
SEC::MED && DPT::DEV,SEC::HIG && DPT::DEV,,,,,different,TP_TP,success,32,8,success,success,1496969.164,462130.231
SEC::MED && DPT::DEV,SEC::HIG && DPT::DEV && CTR::$,,,,,same,same,success,32,32,success,success,1511167.993,1464786.218
SEC::MED && DPT::DEV,SEC::HIG && DPT::DEV && CTR::EN,,,,,same,same,success,16,16,success,success,851529.020,788948.424
SEC::MED && DPT::DEV,SEC::HIG && DPT::DEV && CTR::FR,,,,,same,same,success,16,16,success,success,806742.657,855502.664
SEC::MED && DPT::DEV,SEC::HIG && DPT::MKG,,,,,different,TN_TN,failure,32,8,failure,failure,2762156.470,632887.674
SEC::MED && DPT::DEV,SEC::HIG && DPT::MKG && CTR::$,,,,,same,same,failure,32,32,failure,failure,2657840.784,2619505.537
SEC::MED && DPT::DEV,SEC::HIG && DPT::MKG && CTR::EN,,,,,same,same,failure,16,16,failure,failure,1351387.760,1279271.103
SEC::MED && DPT::DEV,SEC::HIG && DPT::MKG && CTR::FR,,,,,same,same,failure,16,16,failure,failure,1324985.221,1263153.390
SEC::MED && DPT::DEV,SEC::LOW,,,,,different,TN_TN,failure,32,2,failure,failure,2672456.099,161720.161
SEC::MED && DPT::DEV,SEC::LOW && CTR::$,,,,,different,TN_TN,failure,32,8,failure,failure,2687307.256,637016.628
SEC::MED && DPT::DEV,SEC::LOW && CTR::EN,,,,,different,TN_TN,failure,16,4,failure,failure,1330746.833,317458.037
SEC::MED && DPT::DEV,SEC::LOW && CTR::FR,,,,,different,TN_TN,failure,16,4,failure,failure,1341699.713,317077.518
SEC::MED && DPT::DEV,SEC::LOW && DPT::$,,,,,different,TN_TN,failure,32,8,failure,failure,2675596.364,635074.506
SEC::MED && DPT::DEV,SEC::LOW && DPT::$ && CTR::$,,,,,same,same,failure,32,32,failure,failure,2683091.699,2587241.944
SEC::MED && DPT::DEV,SEC::LOW && DPT::$ && CTR::EN,,,,,same,same,failure,16,16,failure,failure,1317246.480,1279658.980
SEC::MED && DPT::DEV,SEC::LOW && DPT::$ && CTR::FR,,,,,same,same,failure,16,16,failure,failure,1319042.809,1259915.011
SEC::MED && DPT::DEV,SEC::LOW && DPT::DEV,,,,,different,TN_TN,failure,16,4,failure,failure,1348669.547,318820.954
SEC::MED && DPT::DEV,SEC::LOW && DPT::DEV && CTR::$,,,,,same,same,failure,16,16,failure,failure,1321350.573,1275398.293
SEC::MED && DPT::DEV,SEC::LOW && DPT::DEV && CTR::EN,,,,,same,same,failure,8,8,failure,failure,666948.158,636735.466
SEC::MED && DPT::DEV,SEC::LOW && DPT::DEV && CTR::FR,,,,,same,same,failure,8,8,failure,failure,659596.779,634219.792
SEC::MED && DPT::DEV,SEC::LOW && DPT::MKG,,,,,different,TN_TN,failure,16,4,failure,failure,1325170.097,317097.601
SEC::MED && DPT::DEV,SEC::LOW && DPT::MKG && CTR::$,,,,,same,same,failure,16,16,failure,failure,1334779.552,1276545.019
SEC::MED && DPT::DEV,SEC::LOW && DPT::MKG && CTR::EN,,,,,same,same,failure,8,8,failure,failure,661988.650,633819.041
SEC::MED && DPT::DEV,SEC::LOW && DPT::MKG && CTR::FR,,,,,same,same,failure,8,8,failure,failure,667474.725,650225.020
SEC::MED && DPT::DEV,SEC::MED,,,,,different,TN_FP,failure,48,3,success,failure,2332168.956,238706.549
SEC::MED && DPT::DEV,SEC::MED && CTR::$,,,,,different,TN_FP,failure,48,12,success,failure,2368853.702,963644.050
SEC::MED && DPT::DEV,SEC::MED && CTR::EN,,,,,different,TN_FP,failure,24,6,success,failure,1168300.970,476078.610
SEC::MED && DPT::DEV,SEC::MED && CTR::FR,,,,,different,TN_FP,failure,24,6,success,failure,1109626.391,477084.285
SEC::MED && DPT::DEV,SEC::MED && DPT::$,,,,,different,TP_TP,success,48,12,success,success,2277723.981,649141.677
SEC::MED && DPT::DEV,SEC::MED && DPT::$ && CTR::$,,,,,same,same,success,48,48,success,success,2191408.569,2132083.530
SEC::MED && DPT::DEV,SEC::MED && DPT::$ && CTR::EN,,,,,same,same,success,24,24,success,success,1155245.582,1197328.319
SEC::MED && DPT::DEV,SEC::MED && DPT::$ && CTR::FR,,,,,same,same,success,24,24,success,success,1235265.504,1128738.636
SEC::MED && DPT::DEV,SEC::MED && DPT::DEV,,,,,different,TP_TP,success,24,6,success,success,1161793.439,384604.286
SEC::MED && DPT::DEV,SEC::MED && DPT::DEV && CTR::$,,,,,same,same,success,24,24,success,success,1234138.009,1138672.400
SEC::MED && DPT::DEV,SEC::MED && DPT::DEV && CTR::EN,,,,,same,same,success,12,12,success,success,655265.765,629725.647
SEC::MED && DPT::DEV,SEC::MED && DPT::DEV && CTR::FR,,,,,same,same,success,12,12,success,success,670320.934,616437.799
SEC::MED && DPT::DEV,SEC::MED && DPT::MKG,,,,,different,TN_TN,failure,24,6,failure,failure,2018177.701,475518.829
SEC::MED && DPT::DEV,SEC::MED && DPT::MKG && CTR::$,,,,,same,same,failure,24,24,failure,failure,2049211.724,1908848.352
SEC::MED && DPT::DEV,SEC::MED && DPT::MKG && CTR::EN,,,,,same,same,failure,12,12,failure,failure,999256.901,958079.017
SEC::MED && DPT::DEV,SEC::MED && DPT::MKG && CTR::FR,,,,,same,same,failure,12,12,failure,failure,1065551.498,944724.943
SEC::MED && DPT::DEV && CTR::$,CTR::$,,,,,different,TN_FP,failure,80,4,success,failure,3475895.836,298984.686
SEC::MED && DPT::DEV && CTR::$,CTR::EN,,,,,different,TN_TN,failure,40,2,failure,failure,3052228.768,153425.788
SEC::MED && DPT::DEV && CTR::$,CTR::FR,,,,,different,TN_TN,failure,40,2,failure,failure,3047323.206,149113.930
SEC::MED && DPT::DEV && CTR::$,DPT::$,,,,,different,TN_FP,failure,80,4,success,failure,3181826.891,301772.029
SEC::MED && DPT::DEV && CTR::$,DPT::$ && CTR::$,,,,,different,TN_FP,failure,80,16,success,failure,3403309.322,1230136.533
SEC::MED && DPT::DEV && CTR::$,DPT::$ && CTR::EN,,,,,different,TN_TN,failure,40,8,failure,failure,3323175.891,605987.020
SEC::MED && DPT::DEV && CTR::$,DPT::$ && CTR::FR,,,,,different,TN_TN,failure,40,8,failure,failure,3120177.052,603411.274
SEC::MED && DPT::DEV && CTR::$,DPT::DEV,,,,,different,TN_FP,failure,40,2,success,failure,1832004.292,159766.166
SEC::MED && DPT::DEV && CTR::$,DPT::DEV && CTR::$,,,,,different,TN_FP,failure,40,8,success,failure,1743756.646,602987.949
SEC::MED && DPT::DEV && CTR::$,DPT::DEV && CTR::EN,,,,,different,TN_TN,failure,20,4,failure,failure,1539035.961,299336.651
SEC::MED && DPT::DEV && CTR::$,DPT::DEV && CTR::FR,,,,,different,TN_TN,failure,20,4,failure,failure,1527459.066,299387.501
SEC::MED && DPT::DEV && CTR::$,DPT::MKG,,,,,different,TN_TN,failure,40,2,failure,failure,3093516.348,150341.463
SEC::MED && DPT::DEV && CTR::$,DPT::MKG && CTR::$,,,,,different,TN_TN,failure,40,8,failure,failure,3052723.371,611015.908
SEC::MED && DPT::DEV && CTR::$,DPT::MKG && CTR::EN,,,,,different,TN_TN,failure,20,4,failure,failure,1542365.151,300677.631
SEC::MED && DPT::DEV && CTR::$,DPT::MKG && CTR::FR,,,,,different,TN_TN,failure,20,4,failure,failure,1544798.425,299664.971
SEC::MED && DPT::DEV && CTR::$,SEC::$,,,,,different,TN_FP,failure,80,5,success,failure,3287329.939,368506.205
SEC::MED && DPT::DEV && CTR::$,SEC::$ && CTR::$,,,,,different,TN_FP,failure,80,20,success,failure,3178343.597,1509304.177
SEC::MED && DPT::DEV && CTR::$,SEC::$ && CTR::EN,,,,,different,TN_TN,failure,40,10,failure,failure,3096117.973,748991.881
SEC::MED && DPT::DEV && CTR::$,SEC::$ && CTR::FR,,,,,different,TN_TN,failure,40,10,failure,failure,3105873.897,737097.882
SEC::MED && DPT::DEV && CTR::$,SEC::$ && DPT::$,,,,,different,TN_FP,failure,80,20,success,failure,3310470.053,1526930.039
SEC::MED && DPT::DEV && CTR::$,SEC::$ && DPT::$ && CTR::$,,,,,same,same,success,80,80,success,success,3215373.396,3076137.274
SEC::MED && DPT::DEV && CTR::$,SEC::$ && DPT::$ && CTR::EN,,,,,same,same,failure,40,40,failure,failure,3115729.820,3056726.499
SEC::MED && DPT::DEV && CTR::$,SEC::$ && DPT::$ && CTR::FR,,,,,same,same,failure,40,40,failure,failure,3148290.786,3020632.551
SEC::MED && DPT::DEV && CTR::$,SEC::$ && DPT::DEV,,,,,different,TN_FP,failure,40,10,success,failure,1816093.637,740554.345
SEC::MED && DPT::DEV && CTR::$,SEC::$ && DPT::DEV && CTR::$,,,,,same,same,success,40,40,success,success,1718251.945,1602970.005
SEC::MED && DPT::DEV && CTR::$,SEC::$ && DPT::DEV && CTR::EN,,,,,same,same,failure,20,20,failure,failure,1556134.579,1499642.194
SEC::MED && DPT::DEV && CTR::$,SEC::$ && DPT::DEV && CTR::FR,,,,,same,same,failure,20,20,failure,failure,1570248.117,1504740.411
SEC::MED && DPT::DEV && CTR::$,SEC::$ && DPT::MKG,,,,,different,TN_TN,failure,40,10,failure,failure,3093539.305,750817.796
SEC::MED && DPT::DEV && CTR::$,SEC::$ && DPT::MKG && CTR::$,,,,,same,same,failure,40,40,failure,failure,3146728.220,3069961.329
SEC::MED && DPT::DEV && CTR::$,SEC::$ && DPT::MKG && CTR::EN,,,,,same,same,failure,20,20,failure,failure,1523960.543,1524310.841
SEC::MED && DPT::DEV && CTR::$,SEC::$ && DPT::MKG && CTR::FR,,,,,same,same,failure,20,20,failure,failure,1515293.457,1520826.806
SEC::MED && DPT::DEV && CTR::$,SEC::HIG,,,,,different,TN_FP,failure,64,4,success,failure,2584660.331,297311.763
SEC::MED && DPT::DEV && CTR::$,SEC::HIG && CTR::$,,,,,different,TN_FP,failure,64,16,success,failure,2519392.665,1197191.923
SEC::MED && DPT::DEV && CTR::$,SEC::HIG && CTR::EN,,,,,different,TN_TN,failure,32,8,failure,failure,2446450.524,595540.240
SEC::MED && DPT::DEV && CTR::$,SEC::HIG && CTR::FR,,,,,different,TN_TN,failure,32,8,failure,failure,2431412.171,589324.846
SEC::MED && DPT::DEV && CTR::$,SEC::HIG && DPT::$,,,,,different,TN_FP,failure,64,16,success,failure,3691295.772,1185757.314
SEC::MED && DPT::DEV && CTR::$,SEC::HIG && DPT::$ && CTR::$,,,,,same,same,success,64,64,success,success,2506307.225,2628329.573
SEC::MED && DPT::DEV && CTR::$,SEC::HIG && DPT::$ && CTR::EN,,,,,same,same,failure,32,32,failure,failure,2933293.505,2398520.033
SEC::MED && DPT::DEV && CTR::$,SEC::HIG && DPT::$ && CTR::FR,,,,,same,same,failure,32,32,failure,failure,2512217.932,2396494.389
SEC::MED && DPT::DEV && CTR::$,SEC::HIG && DPT::DEV,,,,,different,TN_FP,failure,32,8,success,failure,1551076.732,598080.259
SEC::MED && DPT::DEV && CTR::$,SEC::HIG && DPT::DEV && CTR::$,,,,,same,same,success,32,32,success,success,1415564.440,1354510.798
SEC::MED && DPT::DEV && CTR::$,SEC::HIG && DPT::DEV && CTR::EN,,,,,same,same,failure,16,16,failure,failure,1212126.316,1201017.138
SEC::MED && DPT::DEV && CTR::$,SEC::HIG && DPT::DEV && CTR::FR,,,,,same,same,failure,16,16,failure,failure,1239491.957,1185727.908
SEC::MED && DPT::DEV && CTR::$,SEC::HIG && DPT::MKG,,,,,different,TN_TN,failure,32,8,failure,failure,2472753.051,589562.471
SEC::MED && DPT::DEV && CTR::$,SEC::HIG && DPT::MKG && CTR::$,,,,,same,same,failure,32,32,failure,failure,2602015.751,2432061.740
SEC::MED && DPT::DEV && CTR::$,SEC::HIG && DPT::MKG && CTR::EN,,,,,same,same,failure,16,16,failure,failure,1250530.723,1189223.616
SEC::MED && DPT::DEV && CTR::$,SEC::HIG && DPT::MKG && CTR::FR,,,,,same,same,failure,16,16,failure,failure,1323764.782,1200344.657
SEC::MED && DPT::DEV && CTR::$,SEC::LOW,,,,,different,TN_TN,failure,32,2,failure,failure,2531867.565,151064.014
SEC::MED && DPT::DEV && CTR::$,SEC::LOW && CTR::$,,,,,different,TN_TN,failure,32,8,failure,failure,2481273.694,610063.372
SEC::MED && DPT::DEV && CTR::$,SEC::LOW && CTR::EN,,,,,different,TN_TN,failure,16,4,failure,failure,1231494.376,301944.718
SEC::MED && DPT::DEV && CTR::$,SEC::LOW && CTR::FR,,,,,different,TN_TN,failure,16,4,failure,failure,1220729.843,297004.747
SEC::MED && DPT::DEV && CTR::$,SEC::LOW && DPT::$,,,,,different,TN_TN,failure,32,8,failure,failure,2508259.607,613327.159
SEC::MED && DPT::DEV && CTR::$,SEC::LOW && DPT::$ && CTR::$,,,,,same,same,failure,32,32,failure,failure,2470629.001,2458892.177
SEC::MED && DPT::DEV && CTR::$,SEC::LOW && DPT::$ && CTR::EN,,,,,same,same,failure,16,16,failure,failure,1230136.373,1227989.380
SEC::MED && DPT::DEV && CTR::$,SEC::LOW && DPT::$ && CTR::FR,,,,,same,same,failure,16,16,failure,failure,1233222.722,1226797.355
SEC::MED && DPT::DEV && CTR::$,SEC::LOW && DPT::DEV,,,,,different,TN_TN,failure,16,4,failure,failure,1214560.697,302446.855
SEC::MED && DPT::DEV && CTR::$,SEC::LOW && DPT::DEV && CTR::$,,,,,same,same,failure,16,16,failure,failure,1237478.981,1232138.749
SEC::MED && DPT::DEV && CTR::$,SEC::LOW && DPT::DEV && CTR::EN,,,,,same,same,failure,8,8,failure,failure,616115.473,615669.988
SEC::MED && DPT::DEV && CTR::$,SEC::LOW && DPT::DEV && CTR::FR,,,,,same,same,failure,8,8,failure,failure,615348.109,602517.191
SEC::MED && DPT::DEV && CTR::$,SEC::LOW && DPT::MKG,,,,,different,TN_TN,failure,16,4,failure,failure,1242794.186,297122.107
SEC::MED && DPT::DEV && CTR::$,SEC::LOW && DPT::MKG && CTR::$,,,,,same,same,failure,16,16,failure,failure,1242504.107,1223431.040
SEC::MED && DPT::DEV && CTR::$,SEC::LOW && DPT::MKG && CTR::EN,,,,,same,same,failure,8,8,failure,failure,617377.706,598749.579
SEC::MED && DPT::DEV && CTR::$,SEC::LOW && DPT::MKG && CTR::FR,,,,,same,same,failure,8,8,failure,failure,606839.650,613508.633
SEC::MED && DPT::DEV && CTR::$,SEC::MED,,,,,different,TN_FP,failure,48,3,success,failure,1914821.521,229042.647
SEC::MED && DPT::DEV && CTR::$,SEC::MED && CTR::$,,,,,different,TN_FP,failure,48,12,success,failure,1912386.423,900390.066
SEC::MED && DPT::DEV && CTR::$,SEC::MED && CTR::EN,,,,,different,TN_TN,failure,24,6,failure,failure,1813291.982,446737.648
SEC::MED && DPT::DEV && CTR::$,SEC::MED && CTR::FR,,,,,different,TN_TN,failure,24,6,failure,failure,1819282.840,499011.325
SEC::MED && DPT::DEV && CTR::$,SEC::MED && DPT::$,,,,,different,TN_FP,failure,48,12,success,failure,1960012.353,897461.723
SEC::MED && DPT::DEV && CTR::$,SEC::MED && DPT::$ && CTR::$,,,,,same,same,success,48,48,success,success,2485522.703,2057934.580
SEC::MED && DPT::DEV && CTR::$,SEC::MED && DPT::$ && CTR::EN,,,,,same,same,failure,24,24,failure,failure,1825804.121,1838685.809
SEC::MED && DPT::DEV && CTR::$,SEC::MED && DPT::$ && CTR::FR,,,,,same,same,failure,24,24,failure,failure,1954763.913,1839741.174
SEC::MED && DPT::DEV && CTR::$,SEC::MED && DPT::DEV,,,,,different,TN_FP,failure,24,6,success,failure,1102906.316,443468.256
SEC::MED && DPT::DEV && CTR::$,SEC::MED && DPT::DEV && CTR::$,,,,,same,same,success,24,24,success,success,1006561.377,1117353.296
SEC::MED && DPT::DEV && CTR::$,SEC::MED && DPT::DEV && CTR::EN,,,,,same,same,failure,12,12,failure,failure,900448.782,887640.977
SEC::MED && DPT::DEV && CTR::$,SEC::MED && DPT::DEV && CTR::FR,,,,,same,same,failure,12,12,failure,failure,892977.282,886381.555
SEC::MED && DPT::DEV && CTR::$,SEC::MED && DPT::MKG,,,,,different,TN_TN,failure,24,6,failure,failure,1804634.984,440805.100
SEC::MED && DPT::DEV && CTR::$,SEC::MED && DPT::MKG && CTR::$,,,,,same,same,failure,24,24,failure,failure,1812279.167,1803145.124
SEC::MED && DPT::DEV && CTR::$,SEC::MED && DPT::MKG && CTR::EN,,,,,same,same,failure,12,12,failure,failure,904481.081,887069.525
SEC::MED && DPT::DEV && CTR::$,SEC::MED && DPT::MKG && CTR::FR,,,,,same,same,failure,12,12,failure,failure,898807.248,890476.787
SEC::MED && DPT::DEV && CTR::EN,CTR::$,,,,,different,TN_FP,failure,80,4,success,failure,3190621.833,300622.708
SEC::MED && DPT::DEV && CTR::EN,CTR::EN,,,,,different,TN_FP,failure,40,2,success,failure,1687068.073,150245.223
SEC::MED && DPT::DEV && CTR::EN,CTR::FR,,,,,different,TN_TN,failure,40,2,failure,failure,3114901.791,163338.231
SEC::MED && DPT::DEV && CTR::EN,DPT::$,,,,,different,TN_FP,failure,80,4,success,failure,3198830.982,299681.162
SEC::MED && DPT::DEV && CTR::EN,DPT::$ && CTR::$,,,,,different,TN_FP,failure,80,16,success,failure,3238757.930,1211104.053
SEC::MED && DPT::DEV && CTR::EN,DPT::$ && CTR::EN,,,,,different,TN_FP,failure,40,8,success,failure,1643008.713,600717.676
SEC::MED && DPT::DEV && CTR::EN,DPT::$ && CTR::FR,,,,,different,TN_TN,failure,40,8,failure,failure,3094219.842,600477.591
SEC::MED && DPT::DEV && CTR::EN,DPT::DEV,,,,,different,TN_FP,failure,40,2,success,failure,1688196.188,149935.712
SEC::MED && DPT::DEV && CTR::EN,DPT::DEV && CTR::$,,,,,different,TN_FP,failure,40,8,success,failure,1753488.491,612361.011
SEC::MED && DPT::DEV && CTR::EN,DPT::DEV && CTR::EN,,,,,different,TN_FP,failure,20,4,success,failure,886817.087,299695.679
SEC::MED && DPT::DEV && CTR::EN,DPT::DEV && CTR::FR,,,,,different,TN_TN,failure,20,4,failure,failure,1541294.904,301726.093
SEC::MED && DPT::DEV && CTR::EN,DPT::MKG,,,,,different,TN_TN,failure,40,2,failure,failure,3234116.002,149457.666
SEC::MED && DPT::DEV && CTR::EN,DPT::MKG && CTR::$,,,,,different,TN_TN,failure,40,8,failure,failure,3103311.185,608417.003
SEC::MED && DPT::DEV && CTR::EN,DPT::MKG && CTR::EN,,,,,different,TN_TN,failure,20,4,failure,failure,1524782.901,298942.987
SEC::MED && DPT::DEV && CTR::EN,DPT::MKG && CTR::FR,,,,,different,TN_TN,failure,20,4,failure,failure,1522516.225,300018.084
SEC::MED && DPT::DEV && CTR::EN,SEC::$,,,,,different,TN_FP,failure,80,5,success,failure,3261162.926,371447.388
SEC::MED && DPT::DEV && CTR::EN,SEC::$ && CTR::$,,,,,different,TN_FP,failure,80,20,success,failure,3260414.857,1500538.961
SEC::MED && DPT::DEV && CTR::EN,SEC::$ && CTR::EN,,,,,different,TN_FP,failure,40,10,success,failure,1737965.232,744081.917
SEC::MED && DPT::DEV && CTR::EN,SEC::$ && CTR::FR,,,,,different,TN_TN,failure,40,10,failure,failure,3116162.041,746911.469
SEC::MED && DPT::DEV && CTR::EN,SEC::$ && DPT::$,,,,,different,TN_FP,failure,80,20,success,failure,3220969.212,1499154.454
SEC::MED && DPT::DEV && CTR::EN,SEC::$ && DPT::$ && CTR::$,,,,,same,same,success,80,80,success,success,3160408.992,3227771.005
SEC::MED && DPT::DEV && CTR::EN,SEC::$ && DPT::$ && CTR::EN,,,,,same,same,success,40,40,success,success,1690217.981,1585072.079
SEC::MED && DPT::DEV && CTR::EN,SEC::$ && DPT::$ && CTR::FR,,,,,same,same,failure,40,40,failure,failure,3156243.738,3026439.253
SEC::MED && DPT::DEV && CTR::EN,SEC::$ && DPT::DEV,,,,,different,TN_FP,failure,40,10,success,failure,1628571.127,742350.023
SEC::MED && DPT::DEV && CTR::EN,SEC::$ && DPT::DEV && CTR::$,,,,,same,same,success,40,40,success,success,1651637.523,1672179.550
SEC::MED && DPT::DEV && CTR::EN,SEC::$ && DPT::DEV && CTR::EN,,,,,same,same,success,20,20,success,success,918083.314,863872.649
SEC::MED && DPT::DEV && CTR::EN,SEC::$ && DPT::DEV && CTR::FR,,,,,same,same,failure,20,20,failure,failure,1535414.699,1503634.046
SEC::MED && DPT::DEV && CTR::EN,SEC::$ && DPT::MKG,,,,,different,TN_TN,failure,40,10,failure,failure,3154816.687,745451.696
SEC::MED && DPT::DEV && CTR::EN,SEC::$ && DPT::MKG && CTR::$,,,,,same,same,failure,40,40,failure,failure,3109152.723,3019430.611
SEC::MED && DPT::DEV && CTR::EN,SEC::$ && DPT::MKG && CTR::EN,,,,,same,same,failure,20,20,failure,failure,1546769.498,1497547.089
SEC::MED && DPT::DEV && CTR::EN,SEC::$ && DPT::MKG && CTR::FR,,,,,same,same,failure,20,20,failure,failure,1590419.188,1501612.410
SEC::MED && DPT::DEV && CTR::EN,SEC::HIG,,,,,different,TN_FP,failure,64,4,success,failure,2592408.635,300372.524
SEC::MED && DPT::DEV && CTR::EN,SEC::HIG && CTR::$,,,,,different,TN_FP,failure,64,16,success,failure,2660853.485,1235918.273
SEC::MED && DPT::DEV && CTR::EN,SEC::HIG && CTR::EN,,,,,different,TN_FP,failure,32,8,success,failure,1419838.762,613522.941
SEC::MED && DPT::DEV && CTR::EN,SEC::HIG && CTR::FR,,,,,different,TN_TN,failure,32,8,failure,failure,2519581.084,612685.775
SEC::MED && DPT::DEV && CTR::EN,SEC::HIG && DPT::$,,,,,different,TN_FP,failure,64,16,success,failure,2654303.314,1222414.008
SEC::MED && DPT::DEV && CTR::EN,SEC::HIG && DPT::$ && CTR::$,,,,,same,same,success,64,64,success,success,2680121.362,2720050.524
SEC::MED && DPT::DEV && CTR::EN,SEC::HIG && DPT::$ && CTR::EN,,,,,same,same,success,32,32,success,success,1402527.055,1443418.908
SEC::MED && DPT::DEV && CTR::EN,SEC::HIG && DPT::$ && CTR::FR,,,,,same,same,failure,32,32,failure,failure,2450632.734,2459053.725
SEC::MED && DPT::DEV && CTR::EN,SEC::HIG && DPT::DEV,,,,,different,TN_FP,failure,32,8,success,failure,1503376.308,603602.232
SEC::MED && DPT::DEV && CTR::EN,SEC::HIG && DPT::DEV && CTR::$,,,,,same,same,success,32,32,success,success,1390597.373,1355826.837
SEC::MED && DPT::DEV && CTR::EN,SEC::HIG && DPT::DEV && CTR::EN,,,,,same,same,success,16,16,success,success,789776.789,718990.707
SEC::MED && DPT::DEV && CTR::EN,SEC::HIG && DPT::DEV && CTR::FR,,,,,same,same,failure,16,16,failure,failure,1240983.390,1193079.293
SEC::MED && DPT::DEV && CTR::EN,SEC::HIG && DPT::MKG,,,,,different,TN_TN,failure,32,8,failure,failure,2448764.950,592740.588
SEC::MED && DPT::DEV && CTR::EN,SEC::HIG && DPT::MKG && CTR::$,,,,,same,same,failure,32,32,failure,failure,2472305.822,2432354.167
SEC::MED && DPT::DEV && CTR::EN,SEC::HIG && DPT::MKG && CTR::EN,,,,,same,same,failure,16,16,failure,failure,1231337.797,1197514.092
SEC::MED && DPT::DEV && CTR::EN,SEC::HIG && DPT::MKG && CTR::FR,,,,,same,same,failure,16,16,failure,failure,1209979.244,1205349.759
SEC::MED && DPT::DEV && CTR::EN,SEC::LOW,,,,,different,TN_TN,failure,32,2,failure,failure,2498922.794,158767.398
SEC::MED && DPT::DEV && CTR::EN,SEC::LOW && CTR::$,,,,,different,TN_TN,failure,32,8,failure,failure,2451532.617,611323.770
SEC::MED && DPT::DEV && CTR::EN,SEC::LOW && CTR::EN,,,,,different,TN_TN,failure,16,4,failure,failure,1208359.606,297766.541
SEC::MED && DPT::DEV && CTR::EN,SEC::LOW && CTR::FR,,,,,different,TN_TN,failure,16,4,failure,failure,1226525.605,297949.558
SEC::MED && DPT::DEV && CTR::EN,SEC::LOW && DPT::$,,,,,different,TN_TN,failure,32,8,failure,failure,2486388.798,602734.034
SEC::MED && DPT::DEV && CTR::EN,SEC::LOW && DPT::$ && CTR::$,,,,,same,same,failure,32,32,failure,failure,2477832.173,2460576.130
SEC::MED && DPT::DEV && CTR::EN,SEC::LOW && DPT::$ && CTR::EN,,,,,same,same,failure,16,16,failure,failure,1221720.863,1232082.163
SEC::MED && DPT::DEV && CTR::EN,SEC::LOW && DPT::$ && CTR::FR,,,,,same,same,failure,16,16,failure,failure,1261453.000,1225042.789
SEC::MED && DPT::DEV && CTR::EN,SEC::LOW && DPT::DEV,,,,,different,TN_TN,failure,16,4,failure,failure,1238810.123,302086.850
SEC::MED && DPT::DEV && CTR::EN,SEC::LOW && DPT::DEV && CTR::$,,,,,same,same,failure,16,16,failure,failure,1216091.083,1233498.620
SEC::MED && DPT::DEV && CTR::EN,SEC::LOW && DPT::DEV && CTR::EN,,,,,same,same,failure,8,8,failure,failure,620622.958,603806.600
SEC::MED && DPT::DEV && CTR::EN,SEC::LOW && DPT::DEV && CTR::FR,,,,,same,same,failure,8,8,failure,failure,604409.556,611765.669
SEC::MED && DPT::DEV && CTR::EN,SEC::LOW && DPT::MKG,,,,,different,TN_TN,failure,16,4,failure,failure,1216552.127,303525.528
SEC::MED && DPT::DEV && CTR::EN,SEC::LOW && DPT::MKG && CTR::$,,,,,same,same,failure,16,16,failure,failure,1226296.435,1227961.248
SEC::MED && DPT::DEV && CTR::EN,SEC::LOW && DPT::MKG && CTR::EN,,,,,same,same,failure,8,8,failure,failure,606235.706,607620.238
SEC::MED && DPT::DEV && CTR::EN,SEC::LOW && DPT::MKG && CTR::FR,,,,,same,same,failure,8,8,failure,failure,617045.654,600917.185
SEC::MED && DPT::DEV && CTR::EN,SEC::MED,,,,,different,TN_FP,failure,48,3,success,failure,1878196.191,224394.353
SEC::MED && DPT::DEV && CTR::EN,SEC::MED && CTR::$,,,,,different,TN_FP,failure,48,12,success,failure,2238093.479,925933.385
SEC::MED && DPT::DEV && CTR::EN,SEC::MED && CTR::EN,,,,,different,TN_FP,failure,24,6,success,failure,1068268.585,449180.991
SEC::MED && DPT::DEV && CTR::EN,SEC::MED && CTR::FR,,,,,different,TN_TN,failure,24,6,failure,failure,2699878.757,472304.720
SEC::MED && DPT::DEV && CTR::EN,SEC::MED && DPT::$,,,,,different,TN_FP,failure,48,12,success,failure,2244601.791,923752.754
SEC::MED && DPT::DEV && CTR::EN,SEC::MED && DPT::$ && CTR::$,,,,,same,same,success,48,48,success,success,2237544.258,2052957.444
SEC::MED && DPT::DEV && CTR::EN,SEC::MED && DPT::$ && CTR::EN,,,,,same,same,success,24,24,success,success,1164597.543,1020259.266
SEC::MED && DPT::DEV && CTR::EN,SEC::MED && DPT::$ && CTR::FR,,,,,same,same,failure,24,24,failure,failure,1869254.789,1861780.168
SEC::MED && DPT::DEV && CTR::EN,SEC::MED && DPT::DEV,,,,,different,TN_FP,failure,24,6,success,failure,1050609.961,452928.646
SEC::MED && DPT::DEV && CTR::EN,SEC::MED && DPT::DEV && CTR::$,,,,,same,same,success,24,24,success,success,1101863.355,1078320.479
SEC::MED && DPT::DEV && CTR::EN,SEC::MED && DPT::DEV && CTR::EN,,,,,same,same,success,12,12,success,success,646387.867,598949.078
SEC::MED && DPT::DEV && CTR::EN,SEC::MED && DPT::DEV && CTR::FR,,,,,same,same,failure,12,12,failure,failure,917160.904,923743.146
SEC::MED && DPT::DEV && CTR::EN,SEC::MED && DPT::MKG,,,,,different,TN_TN,failure,24,6,failure,failure,1923252.696,451326.476
SEC::MED && DPT::DEV && CTR::EN,SEC::MED && DPT::MKG && CTR::$,,,,,same,same,failure,24,24,failure,failure,1954939.287,1857507.710
SEC::MED && DPT::DEV && CTR::EN,SEC::MED && DPT::MKG && CTR::EN,,,,,same,same,failure,12,12,failure,failure,950589.799,922435.017
SEC::MED && DPT::DEV && CTR::EN,SEC::MED && DPT::MKG && CTR::FR,,,,,same,same,failure,12,12,failure,failure,922601.515,922772.410
SEC::MED && DPT::DEV && CTR::FR,CTR::$,,,,,different,TN_FP,failure,80,4,success,failure,3371664.619,334638.448
SEC::MED && DPT::DEV && CTR::FR,CTR::EN,,,,,different,TN_TN,failure,40,2,failure,failure,3378003.359,150466.022
SEC::MED && DPT::DEV && CTR::FR,CTR::FR,,,,,different,TN_FP,failure,40,2,success,failure,1948964.450,153087.985
SEC::MED && DPT::DEV && CTR::FR,DPT::$,,,,,different,TN_FP,failure,80,4,success,failure,3520763.802,297722.513
SEC::MED && DPT::DEV && CTR::FR,DPT::$ && CTR::$,,,,,different,TN_FP,failure,80,16,success,failure,3513288.901,1218925.179
SEC::MED && DPT::DEV && CTR::FR,DPT::$ && CTR::EN,,,,,different,TN_TN,failure,40,8,failure,failure,3479451.295,603943.853
SEC::MED && DPT::DEV && CTR::FR,DPT::$ && CTR::FR,,,,,different,TN_FP,failure,40,8,success,failure,1896287.852,603023.041
SEC::MED && DPT::DEV && CTR::FR,DPT::DEV,,,,,different,TN_FP,failure,40,2,success,failure,1996729.229,153683.397
SEC::MED && DPT::DEV && CTR::FR,DPT::DEV && CTR::$,,,,,different,TN_FP,failure,40,8,success,failure,2387810.440,596130.707
SEC::MED && DPT::DEV && CTR::FR,DPT::DEV && CTR::EN,,,,,different,TN_TN,failure,20,4,failure,failure,1711091.404,321637.256
SEC::MED && DPT::DEV && CTR::FR,DPT::DEV && CTR::FR,,,,,different,TN_FP,failure,20,4,success,failure,980752.081,311703.343
SEC::MED && DPT::DEV && CTR::FR,DPT::MKG,,,,,different,TN_TN,failure,40,2,failure,failure,3403033.199,148984.383
SEC::MED && DPT::DEV && CTR::FR,DPT::MKG && CTR::$,,,,,different,TN_TN,failure,40,8,failure,failure,3477189.382,600472.321
SEC::MED && DPT::DEV && CTR::FR,DPT::MKG && CTR::EN,,,,,different,TN_TN,failure,20,4,failure,failure,1685122.754,301542.834
SEC::MED && DPT::DEV && CTR::FR,DPT::MKG && CTR::FR,,,,,different,TN_TN,failure,20,4,failure,failure,1784829.484,306410.459
SEC::MED && DPT::DEV && CTR::FR,SEC::$,,,,,different,TN_FP,failure,80,5,success,failure,3649046.423,381360.472
SEC::MED && DPT::DEV && CTR::FR,SEC::$ && CTR::$,,,,,different,TN_FP,failure,80,20,success,failure,3665955.496,1495293.671
SEC::MED && DPT::DEV && CTR::FR,SEC::$ && CTR::EN,,,,,different,TN_TN,failure,40,10,failure,failure,3400887.534,745817.322
SEC::MED && DPT::DEV && CTR::FR,SEC::$ && CTR::FR,,,,,different,TN_FP,failure,40,10,success,failure,1901252.399,744719.522
SEC::MED && DPT::DEV && CTR::FR,SEC::$ && DPT::$,,,,,different,TN_FP,failure,80,20,success,failure,3471878.635,1491246.735
SEC::MED && DPT::DEV && CTR::FR,SEC::$ && DPT::$ && CTR::$,,,,,same,same,success,80,80,success,success,3570979.995,3104249.906
SEC::MED && DPT::DEV && CTR::FR,SEC::$ && DPT::$ && CTR::EN,,,,,same,same,failure,40,40,failure,failure,3485893.910,3007479.805
SEC::MED && DPT::DEV && CTR::FR,SEC::$ && DPT::$ && CTR::FR,,,,,same,same,success,40,40,success,success,1852632.100,1607473.413
SEC::MED && DPT::DEV && CTR::FR,SEC::$ && DPT::DEV,,,,,different,TN_FP,failure,40,10,success,failure,1783758.174,746835.231
SEC::MED && DPT::DEV && CTR::FR,SEC::$ && DPT::DEV && CTR::$,,,,,same,same,success,40,40,success,success,1833184.200,1604115.594
SEC::MED && DPT::DEV && CTR::FR,SEC::$ && DPT::DEV && CTR::EN,,,,,same,same,failure,20,20,failure,failure,1677989.434,1511203.550
SEC::MED && DPT::DEV && CTR::FR,SEC::$ && DPT::DEV && CTR::FR,,,,,same,same,success,20,20,success,success,958771.461,861460.620
SEC::MED && DPT::DEV && CTR::FR,SEC::$ && DPT::MKG,,,,,different,TN_TN,failure,40,10,failure,failure,3467264.762,738697.010
SEC::MED && DPT::DEV && CTR::FR,SEC::$ && DPT::MKG && CTR::$,,,,,same,same,failure,40,40,failure,failure,3435957.496,3013482.980
SEC::MED && DPT::DEV && CTR::FR,SEC::$ && DPT::MKG && CTR::EN,,,,,same,same,failure,20,20,failure,failure,1683651.103,1495534.303
SEC::MED && DPT::DEV && CTR::FR,SEC::$ && DPT::MKG && CTR::FR,,,,,same,same,failure,20,20,failure,failure,1686287.793,1531962.378
SEC::MED && DPT::DEV && CTR::FR,SEC::HIG,,,,,different,TN_FP,failure,64,4,success,failure,2894925.080,297312.714
SEC::MED && DPT::DEV && CTR::FR,SEC::HIG && CTR::$,,,,,different,TN_FP,failure,64,16,success,failure,2992759.208,1221016.968
SEC::MED && DPT::DEV && CTR::FR,SEC::HIG && CTR::EN,,,,,different,TN_TN,failure,32,8,failure,failure,2773777.167,606090.208
SEC::MED && DPT::DEV && CTR::FR,SEC::HIG && CTR::FR,,,,,different,TN_FP,failure,32,8,success,failure,1588250.806,612280.440
SEC::MED && DPT::DEV && CTR::FR,SEC::HIG && DPT::$,,,,,different,TN_FP,failure,64,16,success,failure,3071559.212,1202067.588
SEC::MED && DPT::DEV && CTR::FR,SEC::HIG && DPT::$ && CTR::$,,,,,same,same,success,64,64,success,success,3089933.647,2716741.242
SEC::MED && DPT::DEV && CTR::FR,SEC::HIG && DPT::$ && CTR::EN,,,,,same,same,failure,32,32,failure,failure,2707541.731,2438177.360
SEC::MED && DPT::DEV && CTR::FR,SEC::HIG && DPT::$ && CTR::FR,,,,,same,same,success,32,32,success,success,1531420.843,1430990.725
SEC::MED && DPT::DEV && CTR::FR,SEC::HIG && DPT::DEV,,,,,different,TN_FP,failure,32,8,success,failure,1469699.128,606096.050
SEC::MED && DPT::DEV && CTR::FR,SEC::HIG && DPT::DEV && CTR::$,,,,,same,same,success,32,32,success,success,1521388.374,1332783.398
SEC::MED && DPT::DEV && CTR::FR,SEC::HIG && DPT::DEV && CTR::EN,,,,,same,same,failure,16,16,failure,failure,1363685.397,1221088.576
SEC::MED && DPT::DEV && CTR::FR,SEC::HIG && DPT::DEV && CTR::FR,,,,,same,same,success,16,16,success,success,905074.990,797608.203
SEC::MED && DPT::DEV && CTR::FR,SEC::HIG && DPT::MKG,,,,,different,TN_TN,failure,32,8,failure,failure,2708405.876,598772.206
SEC::MED && DPT::DEV && CTR::FR,SEC::HIG && DPT::MKG && CTR::$,,,,,same,same,failure,32,32,failure,failure,2743149.056,2409882.025
SEC::MED && DPT::DEV && CTR::FR,SEC::HIG && DPT::MKG && CTR::EN,,,,,same,same,failure,16,16,failure,failure,1355790.444,1190878.846
SEC::MED && DPT::DEV && CTR::FR,SEC::HIG && DPT::MKG && CTR::FR,,,,,same,same,failure,16,16,failure,failure,1414539.151,1189165.031
SEC::MED && DPT::DEV && CTR::FR,SEC::LOW,,,,,different,TN_TN,failure,32,2,failure,failure,2709593.725,148539.318
SEC::MED && DPT::DEV && CTR::FR,SEC::LOW && CTR::$,,,,,different,TN_TN,failure,32,8,failure,failure,2749381.497,596357.828
SEC::MED && DPT::DEV && CTR::FR,SEC::LOW && CTR::EN,,,,,different,TN_TN,failure,16,4,failure,failure,1366363.842,308692.580
SEC::MED && DPT::DEV && CTR::FR,SEC::LOW && CTR::FR,,,,,different,TN_TN,failure,16,4,failure,failure,1370623.332,297179.965
SEC::MED && DPT::DEV && CTR::FR,SEC::LOW && DPT::$,,,,,different,TN_TN,failure,32,8,failure,failure,2676552.723,611699.856
SEC::MED && DPT::DEV && CTR::FR,SEC::LOW && DPT::$ && CTR::$,,,,,same,same,failure,32,32,failure,failure,2671081.696,2523544.288
SEC::MED && DPT::DEV && CTR::FR,SEC::LOW && DPT::$ && CTR::EN,,,,,same,same,failure,16,16,failure,failure,1336096.488,1225675.566
SEC::MED && DPT::DEV && CTR::FR,SEC::LOW && DPT::$ && CTR::FR,,,,,same,same,failure,16,16,failure,failure,1344226.934,1222238.067
SEC::MED && DPT::DEV && CTR::FR,SEC::LOW && DPT::DEV,,,,,different,TN_TN,failure,16,4,failure,failure,1360141.956,298056.519
SEC::MED && DPT::DEV && CTR::FR,SEC::LOW && DPT::DEV && CTR::$,,,,,same,same,failure,16,16,failure,failure,1357251.555,1221416.316
SEC::MED && DPT::DEV && CTR::FR,SEC::LOW && DPT::DEV && CTR::EN,,,,,same,same,failure,8,8,failure,failure,668341.371,600288.145
SEC::MED && DPT::DEV && CTR::FR,SEC::LOW && DPT::DEV && CTR::FR,,,,,same,same,failure,8,8,failure,failure,672765.224,608657.319
SEC::MED && DPT::DEV && CTR::FR,SEC::LOW && DPT::MKG,,,,,different,TN_TN,failure,16,4,failure,failure,1353700.664,297813.068
SEC::MED && DPT::DEV && CTR::FR,SEC::LOW && DPT::MKG && CTR::$,,,,,same,same,failure,16,16,failure,failure,1327079.990,1221987.042
SEC::MED && DPT::DEV && CTR::FR,SEC::LOW && DPT::MKG && CTR::EN,,,,,same,same,failure,8,8,failure,failure,680391.174,611160.208
SEC::MED && DPT::DEV && CTR::FR,SEC::LOW && DPT::MKG && CTR::FR,,,,,same,same,failure,8,8,failure,failure,665701.995,604786.809
SEC::MED && DPT::DEV && CTR::FR,SEC::MED,,,,,different,TN_FP,failure,48,3,success,failure,2221905.013,225212.136
SEC::MED && DPT::DEV && CTR::FR,SEC::MED && CTR::$,,,,,different,TN_FP,failure,48,12,success,failure,2166123.186,899676.959
SEC::MED && DPT::DEV && CTR::FR,SEC::MED && CTR::EN,,,,,different,TN_TN,failure,24,6,failure,failure,1999915.687,453367.725
SEC::MED && DPT::DEV && CTR::FR,SEC::MED && CTR::FR,,,,,different,TN_FP,failure,24,6,success,failure,1162574.388,458900.959
SEC::MED && DPT::DEV && CTR::FR,SEC::MED && DPT::$,,,,,different,TN_FP,failure,48,12,success,failure,2094245.791,920673.659
SEC::MED && DPT::DEV && CTR::FR,SEC::MED && DPT::$ && CTR::$,,,,,same,same,success,48,48,success,success,2252447.523,2010928.960
SEC::MED && DPT::DEV && CTR::FR,SEC::MED && DPT::$ && CTR::EN,,,,,same,same,failure,24,24,failure,failure,2011929.893,1838479.868
SEC::MED && DPT::DEV && CTR::FR,SEC::MED && DPT::$ && CTR::FR,,,,,same,same,success,24,24,success,success,1170700.215,1043291.248
SEC::MED && DPT::DEV && CTR::FR,SEC::MED && DPT::DEV,,,,,different,TN_FP,failure,24,6,success,failure,1192986.414,460804.224
SEC::MED && DPT::DEV && CTR::FR,SEC::MED && DPT::DEV && CTR::$,,,,,same,same,success,24,24,success,success,1192499.346,1052856.701
SEC::MED && DPT::DEV && CTR::FR,SEC::MED && DPT::DEV && CTR::EN,,,,,same,same,failure,12,12,failure,failure,987816.257,918071.332
SEC::MED && DPT::DEV && CTR::FR,SEC::MED && DPT::DEV && CTR::FR,,,,,same,same,success,12,12,success,success,682461.467,572109.359
SEC::MED && DPT::DEV && CTR::FR,SEC::MED && DPT::MKG,,,,,different,TN_TN,failure,24,6,failure,failure,2011406.120,452712.736
SEC::MED && DPT::DEV && CTR::FR,SEC::MED && DPT::MKG && CTR::$,,,,,same,same,failure,24,24,failure,failure,2024214.761,1840700.153
SEC::MED && DPT::DEV && CTR::FR,SEC::MED && DPT::MKG && CTR::EN,,,,,same,same,failure,12,12,failure,failure,1012202.493,915217.184
SEC::MED && DPT::DEV && CTR::FR,SEC::MED && DPT::MKG && CTR::FR,,,,,same,same,failure,12,12,failure,failure,1013722.094,902985.885
SEC::MED && DPT::MKG,CTR::$,,,,,different,TN_FP,failure,80,4,success,failure,3167020.167,298483.285
SEC::MED && DPT::MKG,CTR::EN,,,,,different,TN_FP,failure,40,2,success,failure,1599579.060,149174.109
SEC::MED && DPT::MKG,CTR::FR,,,,,different,TN_FP,failure,40,2,success,failure,1589421.252,148886.443
SEC::MED && DPT::MKG,DPT::$,,,,,different,TN_FP,failure,80,4,success,failure,3285097.911,299985.328
SEC::MED && DPT::MKG,DPT::$ && CTR::$,,,,,different,TN_FP,failure,80,16,success,failure,3105094.771,1575580.645
SEC::MED && DPT::MKG,DPT::$ && CTR::EN,,,,,different,TN_FP,failure,40,8,success,failure,1754935.345,871882.228
SEC::MED && DPT::MKG,DPT::$ && CTR::FR,,,,,different,TN_FP,failure,40,8,success,failure,1764093.222,887068.799
SEC::MED && DPT::MKG,DPT::DEV,,,,,different,TN_TN,failure,40,2,failure,failure,3054299.346,151385.000
SEC::MED && DPT::MKG,DPT::DEV && CTR::$,,,,,different,TN_TN,failure,40,8,failure,failure,3123708.335,603455.847
SEC::MED && DPT::MKG,DPT::DEV && CTR::EN,,,,,different,TN_TN,failure,20,4,failure,failure,1503950.014,301380.094
SEC::MED && DPT::MKG,DPT::DEV && CTR::FR,,,,,different,TN_TN,failure,20,4,failure,failure,1500407.855,300300.709
SEC::MED && DPT::MKG,DPT::MKG,,,,,different,TN_FP,failure,40,2,success,failure,1634580.815,150177.565
SEC::MED && DPT::MKG,DPT::MKG && CTR::$,,,,,different,TN_FP,failure,40,8,success,failure,1679711.960,594441.373
SEC::MED && DPT::MKG,DPT::MKG && CTR::EN,,,,,different,TN_FP,failure,20,4,success,failure,934995.047,298804.022
SEC::MED && DPT::MKG,DPT::MKG && CTR::FR,,,,,different,TN_FP,failure,20,4,success,failure,891287.187,298669.750
SEC::MED && DPT::MKG,SEC::$,,,,,different,TN_FP,failure,80,5,success,failure,3352571.004,374702.829
SEC::MED && DPT::MKG,SEC::$ && CTR::$,,,,,different,TN_FP,failure,80,20,success,failure,3268643.628,1540066.860
SEC::MED && DPT::MKG,SEC::$ && CTR::EN,,,,,different,TN_FP,failure,40,10,success,failure,1791721.962,762231.325
SEC::MED && DPT::MKG,SEC::$ && CTR::FR,,,,,different,TN_FP,failure,40,10,success,failure,1675724.360,765238.907
SEC::MED && DPT::MKG,SEC::$ && DPT::$,,,,,different,TP_TP,success,80,20,success,success,3519141.143,861850.380
SEC::MED && DPT::MKG,SEC::$ && DPT::$ && CTR::$,,,,,same,same,success,80,80,success,success,3100411.491,3940976.947
SEC::MED && DPT::MKG,SEC::$ && DPT::$ && CTR::EN,,,,,same,same,success,40,40,success,success,1627333.596,1723209.394
SEC::MED && DPT::MKG,SEC::$ && DPT::$ && CTR::FR,,,,,same,same,success,40,40,success,success,1692862.040,1631995.715
SEC::MED && DPT::MKG,SEC::$ && DPT::DEV,,,,,different,TN_TN,failure,40,10,failure,failure,4101595.888,771748.647
SEC::MED && DPT::MKG,SEC::$ && DPT::DEV && CTR::$,,,,,same,same,failure,40,40,failure,failure,3113824.110,3073844.167
SEC::MED && DPT::MKG,SEC::$ && DPT::DEV && CTR::EN,,,,,same,same,failure,20,20,failure,failure,1567251.036,1515616.728
SEC::MED && DPT::MKG,SEC::$ && DPT::DEV && CTR::FR,,,,,same,same,failure,20,20,failure,failure,1648294.633,1548524.955
SEC::MED && DPT::MKG,SEC::$ && DPT::MKG,,,,,different,TP_TP,success,40,10,success,success,1685222.115,494441.048
SEC::MED && DPT::MKG,SEC::$ && DPT::MKG && CTR::$,,,,,same,same,success,40,40,success,success,1703652.396,1614168.271
SEC::MED && DPT::MKG,SEC::$ && DPT::MKG && CTR::EN,,,,,same,same,success,20,20,success,success,923953.441,948260.674
SEC::MED && DPT::MKG,SEC::$ && DPT::MKG && CTR::FR,,,,,same,same,success,20,20,success,success,919849.056,851104.068
SEC::MED && DPT::MKG,SEC::HIG,,,,,different,TN_FP,failure,64,4,success,failure,2722298.371,300297.678
SEC::MED && DPT::MKG,SEC::HIG && CTR::$,,,,,different,TN_FP,failure,64,16,success,failure,2792523.695,1232492.387
SEC::MED && DPT::MKG,SEC::HIG && CTR::EN,,,,,different,TN_FP,failure,32,8,success,failure,1349239.431,605590.466
SEC::MED && DPT::MKG,SEC::HIG && CTR::FR,,,,,different,TN_FP,failure,32,8,success,failure,1404000.725,597461.633
SEC::MED && DPT::MKG,SEC::HIG && DPT::$,,,,,different,TP_TP,success,64,16,success,success,2717593.866,732120.850
SEC::MED && DPT::MKG,SEC::HIG && DPT::$ && CTR::$,,,,,same,same,success,64,64,success,success,2562945.725,2616684.715
SEC::MED && DPT::MKG,SEC::HIG && DPT::$ && CTR::EN,,,,,same,same,success,32,32,success,success,1446430.737,1348791.160
SEC::MED && DPT::MKG,SEC::HIG && DPT::$ && CTR::FR,,,,,same,same,success,32,32,success,success,1312418.343,1434983.069
SEC::MED && DPT::MKG,SEC::HIG && DPT::DEV,,,,,different,TN_TN,failure,32,8,failure,failure,2473008.635,603365.242
SEC::MED && DPT::MKG,SEC::HIG && DPT::DEV && CTR::$,,,,,same,same,failure,32,32,failure,failure,2459878.607,2479175.428
SEC::MED && DPT::MKG,SEC::HIG && DPT::DEV && CTR::EN,,,,,same,same,failure,16,16,failure,failure,1214242.340,1247454.522
SEC::MED && DPT::MKG,SEC::HIG && DPT::DEV && CTR::FR,,,,,same,same,failure,16,16,failure,failure,1204058.392,1254596.384
SEC::MED && DPT::MKG,SEC::HIG && DPT::MKG,,,,,different,TP_TP,success,32,8,success,success,1489480.076,435167.556
SEC::MED && DPT::MKG,SEC::HIG && DPT::MKG && CTR::$,,,,,same,same,success,32,32,success,success,1333393.904,1321823.335
SEC::MED && DPT::MKG,SEC::HIG && DPT::MKG && CTR::EN,,,,,same,same,success,16,16,success,success,803814.245,752098.173
SEC::MED && DPT::MKG,SEC::HIG && DPT::MKG && CTR::FR,,,,,same,same,success,16,16,success,success,748943.882,773128.576
SEC::MED && DPT::MKG,SEC::LOW,,,,,different,TN_TN,failure,32,2,failure,failure,2436942.389,150163.589
SEC::MED && DPT::MKG,SEC::LOW && CTR::$,,,,,different,TN_TN,failure,32,8,failure,failure,2444411.810,590790.721
SEC::MED && DPT::MKG,SEC::LOW && CTR::EN,,,,,different,TN_TN,failure,16,4,failure,failure,1208874.316,294895.330
SEC::MED && DPT::MKG,SEC::LOW && CTR::FR,,,,,different,TN_TN,failure,16,4,failure,failure,1200010.900,295332.094
SEC::MED && DPT::MKG,SEC::LOW && DPT::$,,,,,different,TN_TN,failure,32,8,failure,failure,2443144.438,603796.611
SEC::MED && DPT::MKG,SEC::LOW && DPT::$ && CTR::$,,,,,same,same,failure,32,32,failure,failure,2575244.124,2484991.462
SEC::MED && DPT::MKG,SEC::LOW && DPT::$ && CTR::EN,,,,,same,same,failure,16,16,failure,failure,1200676.644,1226688.316
SEC::MED && DPT::MKG,SEC::LOW && DPT::$ && CTR::FR,,,,,same,same,failure,16,16,failure,failure,1210597.503,1225105.306
SEC::MED && DPT::MKG,SEC::LOW && DPT::DEV,,,,,different,TN_TN,failure,16,4,failure,failure,1200359.103,295606.169
SEC::MED && DPT::MKG,SEC::LOW && DPT::DEV && CTR::$,,,,,same,same,failure,16,16,failure,failure,1212260.066,1233418.930
SEC::MED && DPT::MKG,SEC::LOW && DPT::DEV && CTR::EN,,,,,same,same,failure,8,8,failure,failure,593273.532,597093.177
SEC::MED && DPT::MKG,SEC::LOW && DPT::DEV && CTR::FR,,,,,same,same,failure,8,8,failure,failure,595086.424,605723.285
SEC::MED && DPT::MKG,SEC::LOW && DPT::MKG,,,,,different,TN_TN,failure,16,4,failure,failure,1203911.527,299539.366
SEC::MED && DPT::MKG,SEC::LOW && DPT::MKG && CTR::$,,,,,same,same,failure,16,16,failure,failure,1228520.752,1229119.711
SEC::MED && DPT::MKG,SEC::LOW && DPT::MKG && CTR::EN,,,,,same,same,failure,8,8,failure,failure,603743.216,602659.463
SEC::MED && DPT::MKG,SEC::LOW && DPT::MKG && CTR::FR,,,,,same,same,failure,8,8,failure,failure,624725.228,616599.601
SEC::MED && DPT::MKG,SEC::MED,,,,,different,TN_FP,failure,48,3,success,failure,1946772.833,235911.927
SEC::MED && DPT::MKG,SEC::MED && CTR::$,,,,,different,TN_FP,failure,48,12,success,failure,2200740.769,1344760.971
SEC::MED && DPT::MKG,SEC::MED && CTR::EN,,,,,different,TN_FP,failure,24,6,success,failure,1020009.282,479191.604
SEC::MED && DPT::MKG,SEC::MED && CTR::FR,,,,,different,TN_FP,failure,24,6,success,failure,1024919.081,542747.503
SEC::MED && DPT::MKG,SEC::MED && DPT::$,,,,,different,TP_TP,success,48,12,success,success,1903848.483,571666.182
SEC::MED && DPT::MKG,SEC::MED && DPT::$ && CTR::$,,,,,same,same,success,48,48,success,success,1912470.832,1996143.471
SEC::MED && DPT::MKG,SEC::MED && DPT::$ && CTR::EN,,,,,same,same,success,24,24,success,success,1101468.765,1070709.113
SEC::MED && DPT::MKG,SEC::MED && DPT::$ && CTR::FR,,,,,same,same,success,24,24,success,success,1034006.818,1024920.559
SEC::MED && DPT::MKG,SEC::MED && DPT::DEV,,,,,different,TN_TN,failure,24,6,failure,failure,1824227.920,591460.397
SEC::MED && DPT::MKG,SEC::MED && DPT::DEV && CTR::$,,,,,same,same,failure,24,24,failure,failure,1828468.845,1843826.738
SEC::MED && DPT::MKG,SEC::MED && DPT::DEV && CTR::EN,,,,,same,same,failure,12,12,failure,failure,909748.520,904115.630
SEC::MED && DPT::MKG,SEC::MED && DPT::DEV && CTR::FR,,,,,same,same,failure,12,12,failure,failure,909043.208,928138.025
SEC::MED && DPT::MKG,SEC::MED && DPT::MKG,,,,,different,TP_TP,success,24,6,success,success,1053845.871,364027.319
SEC::MED && DPT::MKG,SEC::MED && DPT::MKG && CTR::$,,,,,same,same,success,24,24,success,success,1052345.637,1041096.471
SEC::MED && DPT::MKG,SEC::MED && DPT::MKG && CTR::EN,,,,,same,same,success,12,12,success,success,625053.449,569742.750
SEC::MED && DPT::MKG,SEC::MED && DPT::MKG && CTR::FR,,,,,same,same,success,12,12,success,success,590530.132,583080.318
SEC::MED && DPT::MKG && CTR::$,CTR::$,,,,,different,TN_FP,failure,80,4,success,failure,3033409.964,427906.075
SEC::MED && DPT::MKG && CTR::$,CTR::EN,,,,,different,TN_TN,failure,40,2,failure,failure,3060485.120,160554.079
SEC::MED && DPT::MKG && CTR::$,CTR::FR,,,,,different,TN_TN,failure,40,2,failure,failure,3164879.542,214649.815
SEC::MED && DPT::MKG && CTR::$,DPT::$,,,,,different,TN_FP,failure,80,4,success,failure,3250125.643,436214.991
SEC::MED && DPT::MKG && CTR::$,DPT::$ && CTR::$,,,,,different,TN_FP,failure,80,16,success,failure,3125998.421,1796667.454
SEC::MED && DPT::MKG && CTR::$,DPT::$ && CTR::EN,,,,,different,TN_TN,failure,40,8,failure,failure,3411351.923,889537.951
SEC::MED && DPT::MKG && CTR::$,DPT::$ && CTR::FR,,,,,different,TN_TN,failure,40,8,failure,failure,3144256.203,889283.483
SEC::MED && DPT::MKG && CTR::$,DPT::DEV,,,,,different,TN_TN,failure,40,2,failure,failure,3053937.948,213896.677
SEC::MED && DPT::MKG && CTR::$,DPT::DEV && CTR::$,,,,,different,TN_TN,failure,40,8,failure,failure,3311132.706,891425.947
SEC::MED && DPT::MKG && CTR::$,DPT::DEV && CTR::EN,,,,,different,TN_TN,failure,20,4,failure,failure,1513636.308,436776.759
SEC::MED && DPT::MKG && CTR::$,DPT::DEV && CTR::FR,,,,,different,TN_TN,failure,20,4,failure,failure,1540661.786,436962.898
SEC::MED && DPT::MKG && CTR::$,DPT::MKG,,,,,different,TN_FP,failure,40,2,success,failure,1705586.494,213637.505
SEC::MED && DPT::MKG && CTR::$,DPT::MKG && CTR::$,,,,,different,TN_FP,failure,40,8,success,failure,1690659.113,888628.375
SEC::MED && DPT::MKG && CTR::$,DPT::MKG && CTR::EN,,,,,different,TN_TN,failure,20,4,failure,failure,1511954.353,435607.661
SEC::MED && DPT::MKG && CTR::$,DPT::MKG && CTR::FR,,,,,different,TN_TN,failure,20,4,failure,failure,1530784.339,438434.433
SEC::MED && DPT::MKG && CTR::$,SEC::$,,,,,different,TN_FP,failure,80,5,success,failure,4028160.291,371354.363
SEC::MED && DPT::MKG && CTR::$,SEC::$ && CTR::$,,,,,different,TN_FP,failure,80,20,success,failure,3492208.885,1498126.616
SEC::MED && DPT::MKG && CTR::$,SEC::$ && CTR::EN,,,,,different,TN_TN,failure,40,10,failure,failure,3077248.478,749782.319
SEC::MED && DPT::MKG && CTR::$,SEC::$ && CTR::FR,,,,,different,TN_TN,failure,40,10,failure,failure,3111115.595,751037.132
SEC::MED && DPT::MKG && CTR::$,SEC::$ && DPT::$,,,,,different,TN_FP,failure,80,20,success,failure,3207470.427,1526371.877
SEC::MED && DPT::MKG && CTR::$,SEC::$ && DPT::$ && CTR::$,,,,,same,same,success,80,80,success,success,3096718.995,3414973.155
SEC::MED && DPT::MKG && CTR::$,SEC::$ && DPT::$ && CTR::EN,,,,,same,same,failure,40,40,failure,failure,3080368.490,3048218.415
SEC::MED && DPT::MKG && CTR::$,SEC::$ && DPT::$ && CTR::FR,,,,,same,same,failure,40,40,failure,failure,3063588.536,3074352.431
SEC::MED && DPT::MKG && CTR::$,SEC::$ && DPT::DEV,,,,,different,TN_TN,failure,40,10,failure,failure,3061098.610,738944.946
SEC::MED && DPT::MKG && CTR::$,SEC::$ && DPT::DEV && CTR::$,,,,,same,same,failure,40,40,failure,failure,3680076.502,3034111.038
SEC::MED && DPT::MKG && CTR::$,SEC::$ && DPT::DEV && CTR::EN,,,,,same,same,failure,20,20,failure,failure,1522537.604,1505903.899
SEC::MED && DPT::MKG && CTR::$,SEC::$ && DPT::DEV && CTR::FR,,,,,same,same,failure,20,20,failure,failure,1560490.805,1497538.097
SEC::MED && DPT::MKG && CTR::$,SEC::$ && DPT::MKG,,,,,different,TN_FP,failure,40,10,success,failure,1851114.989,750401.380
SEC::MED && DPT::MKG && CTR::$,SEC::$ && DPT::MKG && CTR::$,,,,,same,same,success,40,40,success,success,1593778.039,1759771.080
SEC::MED && DPT::MKG && CTR::$,SEC::$ && DPT::MKG && CTR::EN,,,,,same,same,failure,20,20,failure,failure,1503568.583,1501239.635
SEC::MED && DPT::MKG && CTR::$,SEC::$ && DPT::MKG && CTR::FR,,,,,same,same,failure,20,20,failure,failure,1506597.600,1522577.269
SEC::MED && DPT::MKG && CTR::$,SEC::HIG,,,,,different,TN_FP,failure,64,4,success,failure,2697709.303,298575.854
SEC::MED && DPT::MKG && CTR::$,SEC::HIG && CTR::$,,,,,different,TN_FP,failure,64,16,success,failure,2709692.911,1194930.230
SEC::MED && DPT::MKG && CTR::$,SEC::HIG && CTR::EN,,,,,different,TN_TN,failure,32,8,failure,failure,2443924.797,594152.522
SEC::MED && DPT::MKG && CTR::$,SEC::HIG && CTR::FR,,,,,different,TN_TN,failure,32,8,failure,failure,2451895.667,592002.118
SEC::MED && DPT::MKG && CTR::$,SEC::HIG && DPT::$,,,,,different,TN_FP,failure,64,16,success,failure,2550641.626,1199344.741
SEC::MED && DPT::MKG && CTR::$,SEC::HIG && DPT::$ && CTR::$,,,,,same,same,success,64,64,success,success,2627248.916,2825788.672
SEC::MED && DPT::MKG && CTR::$,SEC::HIG && DPT::$ && CTR::EN,,,,,same,same,failure,32,32,failure,failure,2475662.298,2422576.177
SEC::MED && DPT::MKG && CTR::$,SEC::HIG && DPT::$ && CTR::FR,,,,,same,same,failure,32,32,failure,failure,2465252.757,2422269.727
SEC::MED && DPT::MKG && CTR::$,SEC::HIG && DPT::DEV,,,,,different,TN_TN,failure,32,8,failure,failure,2476131.413,601118.182
SEC::MED && DPT::MKG && CTR::$,SEC::HIG && DPT::DEV && CTR::$,,,,,same,same,failure,32,32,failure,failure,2457145.075,2451047.081
SEC::MED && DPT::MKG && CTR::$,SEC::HIG && DPT::DEV && CTR::EN,,,,,same,same,failure,16,16,failure,failure,1206418.905,1205800.971
SEC::MED && DPT::MKG && CTR::$,SEC::HIG && DPT::DEV && CTR::FR,,,,,same,same,failure,16,16,failure,failure,1217456.794,1202974.509
SEC::MED && DPT::MKG && CTR::$,SEC::HIG && DPT::MKG,,,,,different,TN_FP,failure,32,8,success,failure,1308111.094,890759.597
SEC::MED && DPT::MKG && CTR::$,SEC::HIG && DPT::MKG && CTR::$,,,,,same,same,success,32,32,success,success,1369970.732,1332888.505
SEC::MED && DPT::MKG && CTR::$,SEC::HIG && DPT::MKG && CTR::EN,,,,,same,same,failure,16,16,failure,failure,1253441.112,1203001.119
SEC::MED && DPT::MKG && CTR::$,SEC::HIG && DPT::MKG && CTR::FR,,,,,same,same,failure,16,16,failure,failure,1237524.897,1201066.991
SEC::MED && DPT::MKG && CTR::$,SEC::LOW,,,,,different,TN_TN,failure,32,2,failure,failure,2512239.587,214832.207
SEC::MED && DPT::MKG && CTR::$,SEC::LOW && CTR::$,,,,,different,TN_TN,failure,32,8,failure,failure,2482928.117,881190.883
SEC::MED && DPT::MKG && CTR::$,SEC::LOW && CTR::EN,,,,,different,TN_TN,failure,16,4,failure,failure,1240801.012,436312.508
SEC::MED && DPT::MKG && CTR::$,SEC::LOW && CTR::FR,,,,,different,TN_TN,failure,16,4,failure,failure,1247564.414,439726.031
SEC::MED && DPT::MKG && CTR::$,SEC::LOW && DPT::$,,,,,different,TN_TN,failure,32,8,failure,failure,2446518.672,610789.353
SEC::MED && DPT::MKG && CTR::$,SEC::LOW && DPT::$ && CTR::$,,,,,same,same,failure,32,32,failure,failure,3433953.663,2429812.776
SEC::MED && DPT::MKG && CTR::$,SEC::LOW && DPT::$ && CTR::EN,,,,,same,same,failure,16,16,failure,failure,1203811.279,1205312.479
SEC::MED && DPT::MKG && CTR::$,SEC::LOW && DPT::$ && CTR::FR,,,,,same,same,failure,16,16,failure,failure,1209179.167,1219435.436
SEC::MED && DPT::MKG && CTR::$,SEC::LOW && DPT::DEV,,,,,different,TN_TN,failure,16,4,failure,failure,1221329.609,438779.145
SEC::MED && DPT::MKG && CTR::$,SEC::LOW && DPT::DEV && CTR::$,,,,,same,same,failure,16,16,failure,failure,1221052.208,1216941.433
SEC::MED && DPT::MKG && CTR::$,SEC::LOW && DPT::DEV && CTR::EN,,,,,same,same,failure,8,8,failure,failure,598086.480,658140.372
SEC::MED && DPT::MKG && CTR::$,SEC::LOW && DPT::DEV && CTR::FR,,,,,same,same,failure,8,8,failure,failure,595039.490,608080.853
SEC::MED && DPT::MKG && CTR::$,SEC::LOW && DPT::MKG,,,,,different,TN_TN,failure,16,4,failure,failure,1213683.106,297455.587
SEC::MED && DPT::MKG && CTR::$,SEC::LOW && DPT::MKG && CTR::$,,,,,same,same,failure,16,16,failure,failure,1236633.259,1216904.754
SEC::MED && DPT::MKG && CTR::$,SEC::LOW && DPT::MKG && CTR::EN,,,,,same,same,failure,8,8,failure,failure,617406.250,609535.591
SEC::MED && DPT::MKG && CTR::$,SEC::LOW && DPT::MKG && CTR::FR,,,,,same,same,failure,8,8,failure,failure,601224.261,596087.235
SEC::MED && DPT::MKG && CTR::$,SEC::MED,,,,,different,TN_FP,failure,48,3,success,failure,2013895.409,228392.527
SEC::MED && DPT::MKG && CTR::$,SEC::MED && CTR::$,,,,,different,TN_FP,failure,48,12,success,failure,1941183.685,898342.075
SEC::MED && DPT::MKG && CTR::$,SEC::MED && CTR::EN,,,,,different,TN_TN,failure,24,6,failure,failure,1833174.296,446577.383
SEC::MED && DPT::MKG && CTR::$,SEC::MED && CTR::FR,,,,,different,TN_TN,failure,24,6,failure,failure,1839200.470,448730.551
SEC::MED && DPT::MKG && CTR::$,SEC::MED && DPT::$,,,,,different,TN_FP,failure,48,12,success,failure,2060576.441,908705.029
SEC::MED && DPT::MKG && CTR::$,SEC::MED && DPT::$ && CTR::$,,,,,same,same,success,48,48,success,success,2157599.833,2020268.067
SEC::MED && DPT::MKG && CTR::$,SEC::MED && DPT::$ && CTR::EN,,,,,same,same,failure,24,24,failure,failure,1837160.914,1843270.729
SEC::MED && DPT::MKG && CTR::$,SEC::MED && DPT::$ && CTR::FR,,,,,same,same,failure,24,24,failure,failure,1876162.471,1842026.631
SEC::MED && DPT::MKG && CTR::$,SEC::MED && DPT::DEV,,,,,different,TN_TN,failure,24,6,failure,failure,1819546.609,445039.072
SEC::MED && DPT::MKG && CTR::$,SEC::MED && DPT::DEV && CTR::$,,,,,same,same,failure,24,24,failure,failure,1822085.447,1814598.552
SEC::MED && DPT::MKG && CTR::$,SEC::MED && DPT::DEV && CTR::EN,,,,,same,same,failure,12,12,failure,failure,901247.450,894427.562
SEC::MED && DPT::MKG && CTR::$,SEC::MED && DPT::DEV && CTR::FR,,,,,same,same,failure,12,12,failure,failure,910311.561,898415.873
SEC::MED && DPT::MKG && CTR::$,SEC::MED && DPT::MKG,,,,,different,TN_FP,failure,24,6,success,failure,1017485.884,442261.537
SEC::MED && DPT::MKG && CTR::$,SEC::MED && DPT::MKG && CTR::$,,,,,same,same,success,24,24,success,success,1016914.828,1118919.984
SEC::MED && DPT::MKG && CTR::$,SEC::MED && DPT::MKG && CTR::EN,,,,,same,same,failure,12,12,failure,failure,892194.779,892203.330
SEC::MED && DPT::MKG && CTR::$,SEC::MED && DPT::MKG && CTR::FR,,,,,same,same,failure,12,12,failure,failure,894946.526,896138.181
SEC::MED && DPT::MKG && CTR::EN,CTR::$,,,,,different,TN_FP,failure,80,4,success,failure,3103293.032,301679.175
SEC::MED && DPT::MKG && CTR::EN,CTR::EN,,,,,different,TN_FP,failure,40,2,success,failure,1618139.721,151130.649
SEC::MED && DPT::MKG && CTR::EN,CTR::FR,,,,,different,TN_TN,failure,40,2,failure,failure,3103536.758,151273.877
SEC::MED && DPT::MKG && CTR::EN,DPT::$,,,,,different,TN_FP,failure,80,4,success,failure,3090524.115,297297.997
SEC::MED && DPT::MKG && CTR::EN,DPT::$ && CTR::$,,,,,different,TN_FP,failure,80,16,success,failure,3106156.663,1222016.602
SEC::MED && DPT::MKG && CTR::EN,DPT::$ && CTR::EN,,,,,different,TN_FP,failure,40,8,success,failure,1766768.917,607183.770
SEC::MED && DPT::MKG && CTR::EN,DPT::$ && CTR::FR,,,,,different,TN_TN,failure,40,8,failure,failure,3108632.492,597139.008
SEC::MED && DPT::MKG && CTR::EN,DPT::DEV,,,,,different,TN_TN,failure,40,2,failure,failure,3064106.728,149829.713
SEC::MED && DPT::MKG && CTR::EN,DPT::DEV && CTR::$,,,,,different,TN_TN,failure,40,8,failure,failure,3092459.200,606153.933
SEC::MED && DPT::MKG && CTR::EN,DPT::DEV && CTR::EN,,,,,different,TN_TN,failure,20,4,failure,failure,1531825.427,299514.800
SEC::MED && DPT::MKG && CTR::EN,DPT::DEV && CTR::FR,,,,,different,TN_TN,failure,20,4,failure,failure,1523772.055,306814.052
SEC::MED && DPT::MKG && CTR::EN,DPT::MKG,,,,,different,TN_FP,failure,40,2,success,failure,1691368.885,158092.036
SEC::MED && DPT::MKG && CTR::EN,DPT::MKG && CTR::$,,,,,different,TN_FP,failure,40,8,success,failure,1664128.013,605772.643
SEC::MED && DPT::MKG && CTR::EN,DPT::MKG && CTR::EN,,,,,different,TN_FP,failure,20,4,success,failure,900529.669,299351.664
SEC::MED && DPT::MKG && CTR::EN,DPT::MKG && CTR::FR,,,,,different,TN_TN,failure,20,4,failure,failure,1511561.055,312451.962
SEC::MED && DPT::MKG && CTR::EN,SEC::$,,,,,different,TN_FP,failure,80,5,success,failure,3082979.909,369217.454
SEC::MED && DPT::MKG && CTR::EN,SEC::$ && CTR::$,,,,,different,TN_FP,failure,80,20,success,failure,3198345.646,1519798.056
SEC::MED && DPT::MKG && CTR::EN,SEC::$ && CTR::EN,,,,,different,TN_FP,failure,40,10,success,failure,1579797.681,744885.324
SEC::MED && DPT::MKG && CTR::EN,SEC::$ && CTR::FR,,,,,different,TN_TN,failure,40,10,failure,failure,3103676.440,747031.955
SEC::MED && DPT::MKG && CTR::EN,SEC::$ && DPT::$,,,,,different,TN_FP,failure,80,20,success,failure,3307823.384,1492162.248
SEC::MED && DPT::MKG && CTR::EN,SEC::$ && DPT::$ && CTR::$,,,,,same,same,success,80,80,success,success,3036447.842,3051882.333
SEC::MED && DPT::MKG && CTR::EN,SEC::$ && DPT::$ && CTR::EN,,,,,same,same,success,40,40,success,success,1792365.565,1718375.026
SEC::MED && DPT::MKG && CTR::EN,SEC::$ && DPT::$ && CTR::FR,,,,,same,same,failure,40,40,failure,failure,3211443.034,3014294.883
SEC::MED && DPT::MKG && CTR::EN,SEC::$ && DPT::DEV,,,,,different,TN_TN,failure,40,10,failure,failure,3141702.743,740080.015
SEC::MED && DPT::MKG && CTR::EN,SEC::$ && DPT::DEV && CTR::$,,,,,same,same,failure,40,40,failure,failure,3178934.210,3062916.666
SEC::MED && DPT::MKG && CTR::EN,SEC::$ && DPT::DEV && CTR::EN,,,,,same,same,failure,20,20,failure,failure,1509372.249,1494564.399
SEC::MED && DPT::MKG && CTR::EN,SEC::$ && DPT::DEV && CTR::FR,,,,,same,same,failure,20,20,failure,failure,1531962.408,1496272.057
SEC::MED && DPT::MKG && CTR::EN,SEC::$ && DPT::MKG,,,,,different,TN_FP,failure,40,10,success,failure,1672939.050,739071.959
SEC::MED && DPT::MKG && CTR::EN,SEC::$ && DPT::MKG && CTR::$,,,,,same,same,success,40,40,success,success,1709191.300,1725333.870
SEC::MED && DPT::MKG && CTR::EN,SEC::$ && DPT::MKG && CTR::EN,,,,,same,same,success,20,20,success,success,933126.226,852501.610
SEC::MED && DPT::MKG && CTR::EN,SEC::$ && DPT::MKG && CTR::FR,,,,,same,same,failure,20,20,failure,failure,1557059.745,1493044.693
SEC::MED && DPT::MKG && CTR::EN,SEC::HIG,,,,,different,TN_FP,failure,64,4,success,failure,2783803.845,297650.698
SEC::MED && DPT::MKG && CTR::EN,SEC::HIG && CTR::$,,,,,different,TN_FP,failure,64,16,success,failure,2575876.465,1221572.935
SEC::MED && DPT::MKG && CTR::EN,SEC::HIG && CTR::EN,,,,,different,TN_FP,failure,32,8,success,failure,1393629.630,609041.584
SEC::MED && DPT::MKG && CTR::EN,SEC::HIG && CTR::FR,,,,,different,TN_TN,failure,32,8,failure,failure,2571710.871,603695.667
SEC::MED && DPT::MKG && CTR::EN,SEC::HIG && DPT::$,,,,,different,TN_FP,failure,64,16,success,failure,2556849.294,1216565.783
SEC::MED && DPT::MKG && CTR::EN,SEC::HIG && DPT::$ && CTR::$,,,,,same,same,success,64,64,success,success,2547059.381,2501923.723
SEC::MED && DPT::MKG && CTR::EN,SEC::HIG && DPT::$ && CTR::EN,,,,,same,same,success,32,32,success,success,1350719.843,1324900.777
SEC::MED && DPT::MKG && CTR::EN,SEC::HIG && DPT::$ && CTR::FR,,,,,same,same,failure,32,32,failure,failure,2442031.946,2444772.151
SEC::MED && DPT::MKG && CTR::EN,SEC::HIG && DPT::DEV,,,,,different,TN_TN,failure,32,8,failure,failure,2490936.975,608822.669
SEC::MED && DPT::MKG && CTR::EN,SEC::HIG && DPT::DEV && CTR::$,,,,,same,same,failure,32,32,failure,failure,2463869.162,2402606.308
SEC::MED && DPT::MKG && CTR::EN,SEC::HIG && DPT::DEV && CTR::EN,,,,,same,same,failure,16,16,failure,failure,1239460.248,1222352.498
SEC::MED && DPT::MKG && CTR::EN,SEC::HIG && DPT::DEV && CTR::FR,,,,,same,same,failure,16,16,failure,failure,1235757.141,1189262.644
SEC::MED && DPT::MKG && CTR::EN,SEC::HIG && DPT::MKG,,,,,different,TN_FP,failure,32,8,success,failure,1332400.921,591562.789
SEC::MED && DPT::MKG && CTR::EN,SEC::HIG && DPT::MKG && CTR::$,,,,,same,same,success,32,32,success,success,1309449.735,1324696.704
SEC::MED && DPT::MKG && CTR::EN,SEC::HIG && DPT::MKG && CTR::EN,,,,,same,same,success,16,16,success,success,779921.092,729574.159
SEC::MED && DPT::MKG && CTR::EN,SEC::HIG && DPT::MKG && CTR::FR,,,,,same,same,failure,16,16,failure,failure,1201532.069,1199138.308
SEC::MED && DPT::MKG && CTR::EN,SEC::LOW,,,,,different,TN_TN,failure,32,2,failure,failure,2473364.939,149370.867
SEC::MED && DPT::MKG && CTR::EN,SEC::LOW && CTR::$,,,,,different,TN_TN,failure,32,8,failure,failure,2449050.907,615638.735
SEC::MED && DPT::MKG && CTR::EN,SEC::LOW && CTR::EN,,,,,different,TN_TN,failure,16,4,failure,failure,1217162.046,300856.176
SEC::MED && DPT::MKG && CTR::EN,SEC::LOW && CTR::FR,,,,,different,TN_TN,failure,16,4,failure,failure,1210010.692,302270.739
SEC::MED && DPT::MKG && CTR::EN,SEC::LOW && DPT::$,,,,,different,TN_TN,failure,32,8,failure,failure,2462602.721,601995.027
SEC::MED && DPT::MKG && CTR::EN,SEC::LOW && DPT::$ && CTR::$,,,,,same,same,failure,32,32,failure,failure,2494561.317,2490175.737
SEC::MED && DPT::MKG && CTR::EN,SEC::LOW && DPT::$ && CTR::EN,,,,,same,same,failure,16,16,failure,failure,1231488.925,1242709.627
SEC::MED && DPT::MKG && CTR::EN,SEC::LOW && DPT::$ && CTR::FR,,,,,same,same,failure,16,16,failure,failure,1222340.510,1223669.608
SEC::MED && DPT::MKG && CTR::EN,SEC::LOW && DPT::DEV,,,,,different,TN_TN,failure,16,4,failure,failure,1221842.997,301590.649
SEC::MED && DPT::MKG && CTR::EN,SEC::LOW && DPT::DEV && CTR::$,,,,,same,same,failure,16,16,failure,failure,1275884.440,1232006.806
SEC::MED && DPT::MKG && CTR::EN,SEC::LOW && DPT::DEV && CTR::EN,,,,,same,same,failure,8,8,failure,failure,615377.815,605287.583
SEC::MED && DPT::MKG && CTR::EN,SEC::LOW && DPT::DEV && CTR::FR,,,,,same,same,failure,8,8,failure,failure,603970.603,609954.902
SEC::MED && DPT::MKG && CTR::EN,SEC::LOW && DPT::MKG,,,,,different,TN_TN,failure,16,4,failure,failure,1380831.895,303832.073
SEC::MED && DPT::MKG && CTR::EN,SEC::LOW && DPT::MKG && CTR::$,,,,,same,same,failure,16,16,failure,failure,1220343.955,1217313.175
SEC::MED && DPT::MKG && CTR::EN,SEC::LOW && DPT::MKG && CTR::EN,,,,,same,same,failure,8,8,failure,failure,608169.704,612845.515
SEC::MED && DPT::MKG && CTR::EN,SEC::LOW && DPT::MKG && CTR::FR,,,,,same,same,failure,8,8,failure,failure,605067.375,614553.704
SEC::MED && DPT::MKG && CTR::EN,SEC::MED,,,,,different,TN_FP,failure,48,3,success,failure,2119968.666,225464.991
SEC::MED && DPT::MKG && CTR::EN,SEC::MED && CTR::$,,,,,different,TN_FP,failure,48,12,success,failure,2135525.361,921768.041
SEC::MED && DPT::MKG && CTR::EN,SEC::MED && CTR::EN,,,,,different,TN_FP,failure,24,6,success,failure,1059372.448,453246.672
SEC::MED && DPT::MKG && CTR::EN,SEC::MED && CTR::FR,,,,,different,TN_TN,failure,24,6,failure,failure,1826022.592,455812.615
SEC::MED && DPT::MKG && CTR::EN,SEC::MED && DPT::$,,,,,different,TN_FP,failure,48,12,success,failure,2029976.849,908761.885
SEC::MED && DPT::MKG && CTR::EN,SEC::MED && DPT::$ && CTR::$,,,,,same,same,success,48,48,success,success,2008998.624,2014616.622
SEC::MED && DPT::MKG && CTR::EN,SEC::MED && DPT::$ && CTR::EN,,,,,same,same,success,24,24,success,success,1168508.855,1025621.054
SEC::MED && DPT::MKG && CTR::EN,SEC::MED && DPT::$ && CTR::FR,,,,,same,same,failure,24,24,failure,failure,1857824.734,1838156.697
SEC::MED && DPT::MKG && CTR::EN,SEC::MED && DPT::DEV,,,,,different,TN_TN,failure,24,6,failure,failure,1979241.286,452951.539
SEC::MED && DPT::MKG && CTR::EN,SEC::MED && DPT::DEV && CTR::$,,,,,same,same,failure,24,24,failure,failure,1886911.474,1846758.708
SEC::MED && DPT::MKG && CTR::EN,SEC::MED && DPT::DEV && CTR::EN,,,,,same,same,failure,12,12,failure,failure,966229.515,910894.780
SEC::MED && DPT::MKG && CTR::EN,SEC::MED && DPT::DEV && CTR::FR,,,,,same,same,failure,12,12,failure,failure,976978.767,911501.965
SEC::MED && DPT::MKG && CTR::EN,SEC::MED && DPT::MKG,,,,,different,TN_FP,failure,24,6,success,failure,1084890.718,467163.171
SEC::MED && DPT::MKG && CTR::EN,SEC::MED && DPT::MKG && CTR::$,,,,,same,same,success,24,24,success,success,1193583.639,1042632.052
SEC::MED && DPT::MKG && CTR::EN,SEC::MED && DPT::MKG && CTR::EN,,,,,same,same,success,12,12,success,success,606813.475,592999.108
SEC::MED && DPT::MKG && CTR::EN,SEC::MED && DPT::MKG && CTR::FR,,,,,same,same,failure,12,12,failure,failure,973846.152,918791.748
SEC::MED && DPT::MKG && CTR::FR,CTR::$,,,,,different,TN_FP,failure,80,4,success,failure,3174471.785,300737.834
SEC::MED && DPT::MKG && CTR::FR,CTR::EN,,,,,different,TN_TN,failure,40,2,failure,failure,3140508.823,170906.764
SEC::MED && DPT::MKG && CTR::FR,CTR::FR,,,,,different,TN_FP,failure,40,2,success,failure,1723755.594,161660.199
SEC::MED && DPT::MKG && CTR::FR,DPT::$,,,,,different,TN_FP,failure,80,4,success,failure,3290366.124,303390.415
SEC::MED && DPT::MKG && CTR::FR,DPT::$ && CTR::$,,,,,different,TN_FP,failure,80,16,success,failure,3161631.985,1214449.328
SEC::MED && DPT::MKG && CTR::FR,DPT::$ && CTR::EN,,,,,different,TN_TN,failure,40,8,failure,failure,3076942.258,623539.890
SEC::MED && DPT::MKG && CTR::FR,DPT::$ && CTR::FR,,,,,different,TN_FP,failure,40,8,success,failure,1658223.818,603857.480
SEC::MED && DPT::MKG && CTR::FR,DPT::DEV,,,,,different,TN_TN,failure,40,2,failure,failure,3054766.438,150563.925
SEC::MED && DPT::MKG && CTR::FR,DPT::DEV && CTR::$,,,,,different,TN_TN,failure,40,8,failure,failure,3044674.032,623685.197
SEC::MED && DPT::MKG && CTR::FR,DPT::DEV && CTR::EN,,,,,different,TN_TN,failure,20,4,failure,failure,1503229.472,296515.840
SEC::MED && DPT::MKG && CTR::FR,DPT::DEV && CTR::FR,,,,,different,TN_TN,failure,20,4,failure,failure,1550866.698,302884.591
SEC::MED && DPT::MKG && CTR::FR,DPT::MKG,,,,,different,TN_FP,failure,40,2,success,failure,1626867.286,150486.109
SEC::MED && DPT::MKG && CTR::FR,DPT::MKG && CTR::$,,,,,different,TN_FP,failure,40,8,success,failure,1833600.116,619401.682
SEC::MED && DPT::MKG && CTR::FR,DPT::MKG && CTR::EN,,,,,different,TN_TN,failure,20,4,failure,failure,1525600.921,302705.871
SEC::MED && DPT::MKG && CTR::FR,DPT::MKG && CTR::FR,,,,,different,TN_FP,failure,20,4,success,failure,888838.143,301120.336
SEC::MED && DPT::MKG && CTR::FR,SEC::$,,,,,different,TN_FP,failure,80,5,success,failure,3132733.905,481256.522
SEC::MED && DPT::MKG && CTR::FR,SEC::$ && CTR::$,,,,,different,TN_FP,failure,80,20,success,failure,3132266.803,1521699.833
SEC::MED && DPT::MKG && CTR::FR,SEC::$ && CTR::EN,,,,,different,TN_TN,failure,40,10,failure,failure,3116129.049,740995.522
SEC::MED && DPT::MKG && CTR::FR,SEC::$ && CTR::FR,,,,,different,TN_FP,failure,40,10,success,failure,1649750.144,743129.890
SEC::MED && DPT::MKG && CTR::FR,SEC::$ && DPT::$,,,,,different,TN_FP,failure,80,20,success,failure,3550076.566,1497667.825
SEC::MED && DPT::MKG && CTR::FR,SEC::$ && DPT::$ && CTR::$,,,,,same,same,success,80,80,success,success,3589851.678,3191320.188
SEC::MED && DPT::MKG && CTR::FR,SEC::$ && DPT::$ && CTR::EN,,,,,same,same,failure,40,40,failure,failure,3092280.720,3009202.556
SEC::MED && DPT::MKG && CTR::FR,SEC::$ && DPT::$ && CTR::FR,,,,,same,same,success,40,40,success,success,1708886.022,1721859.988
SEC::MED && DPT::MKG && CTR::FR,SEC::$ && DPT::DEV,,,,,different,TN_TN,failure,40,10,failure,failure,3065826.925,739087.899
SEC::MED && DPT::MKG && CTR::FR,SEC::$ && DPT::DEV && CTR::$,,,,,same,same,failure,40,40,failure,failure,3113616.019,3047324.192
SEC::MED && DPT::MKG && CTR::FR,SEC::$ && DPT::DEV && CTR::EN,,,,,same,same,failure,20,20,failure,failure,1554221.035,1494259.823
SEC::MED && DPT::MKG && CTR::FR,SEC::$ && DPT::DEV && CTR::FR,,,,,same,same,failure,20,20,failure,failure,1550259.479,1495434.035
SEC::MED && DPT::MKG && CTR::FR,SEC::$ && DPT::MKG,,,,,different,TN_FP,failure,40,10,success,failure,1668138.751,742960.007
SEC::MED && DPT::MKG && CTR::FR,SEC::$ && DPT::MKG && CTR::$,,,,,same,same,success,40,40,success,success,1763288.994,1616164.400
SEC::MED && DPT::MKG && CTR::FR,SEC::$ && DPT::MKG && CTR::EN,,,,,same,same,failure,20,20,failure,failure,1579776.150,1492574.205
SEC::MED && DPT::MKG && CTR::FR,SEC::$ && DPT::MKG && CTR::FR,,,,,same,same,success,20,20,success,success,868958.493,926141.951
SEC::MED && DPT::MKG && CTR::FR,SEC::HIG,,,,,different,TN_FP,failure,64,4,success,failure,2815021.426,300570.029
SEC::MED && DPT::MKG && CTR::FR,SEC::HIG && CTR::$,,,,,different,TN_FP,failure,64,16,success,failure,2653110.912,1213255.759
SEC::MED && DPT::MKG && CTR::FR,SEC::HIG && CTR::EN,,,,,different,TN_TN,failure,32,8,failure,failure,2484697.191,605547.771
SEC::MED && DPT::MKG && CTR::FR,SEC::HIG && CTR::FR,,,,,different,TN_FP,failure,32,8,success,failure,1469663.376,613354.284
SEC::MED && DPT::MKG && CTR::FR,SEC::HIG && DPT::$,,,,,different,TN_FP,failure,64,16,success,failure,2568554.376,1199446.677
SEC::MED && DPT::MKG && CTR::FR,SEC::HIG && DPT::$ && CTR::$,,,,,same,same,success,64,64,success,success,2464947.425,2793447.453
SEC::MED && DPT::MKG && CTR::FR,SEC::HIG && DPT::$ && CTR::EN,,,,,same,same,failure,32,32,failure,failure,2440711.750,2797622.595
SEC::MED && DPT::MKG && CTR::FR,SEC::HIG && DPT::$ && CTR::FR,,,,,same,same,success,32,32,success,success,1349945.996,1509572.100
SEC::MED && DPT::MKG && CTR::FR,SEC::HIG && DPT::DEV,,,,,different,TN_TN,failure,32,8,failure,failure,2479927.047,607302.102
SEC::MED && DPT::MKG && CTR::FR,SEC::HIG && DPT::DEV && CTR::$,,,,,same,same,failure,32,32,failure,failure,2431779.635,2407473.553
SEC::MED && DPT::MKG && CTR::FR,SEC::HIG && DPT::DEV && CTR::EN,,,,,same,same,failure,16,16,failure,failure,1202585.309,1217559.988
SEC::MED && DPT::MKG && CTR::FR,SEC::HIG && DPT::DEV && CTR::FR,,,,,same,same,failure,16,16,failure,failure,1203614.189,1267276.724
SEC::MED && DPT::MKG && CTR::FR,SEC::HIG && DPT::MKG,,,,,different,TN_FP,failure,32,8,success,failure,1438281.897,590685.439
SEC::MED && DPT::MKG && CTR::FR,SEC::HIG && DPT::MKG && CTR::$,,,,,same,same,success,32,32,success,success,1383420.501,1310615.722
SEC::MED && DPT::MKG && CTR::FR,SEC::HIG && DPT::MKG && CTR::EN,,,,,same,same,failure,16,16,failure,failure,1201653.556,1190363.565
SEC::MED && DPT::MKG && CTR::FR,SEC::HIG && DPT::MKG && CTR::FR,,,,,same,same,success,16,16,success,success,763944.519,792336.495
SEC::MED && DPT::MKG && CTR::FR,SEC::LOW,,,,,different,TN_TN,failure,32,2,failure,failure,2441807.390,148514.916
SEC::MED && DPT::MKG && CTR::FR,SEC::LOW && CTR::$,,,,,different,TN_TN,failure,32,8,failure,failure,2471646.250,607706.765
SEC::MED && DPT::MKG && CTR::FR,SEC::LOW && CTR::EN,,,,,different,TN_TN,failure,16,4,failure,failure,1201550.097,298235.996
SEC::MED && DPT::MKG && CTR::FR,SEC::LOW && CTR::FR,,,,,different,TN_TN,failure,16,4,failure,failure,1212122.468,297518.806
SEC::MED && DPT::MKG && CTR::FR,SEC::LOW && DPT::$,,,,,different,TN_TN,failure,32,8,failure,failure,2961310.458,615133.096
SEC::MED && DPT::MKG && CTR::FR,SEC::LOW && DPT::$ && CTR::$,,,,,same,same,failure,32,32,failure,failure,2469967.311,2488767.720
SEC::MED && DPT::MKG && CTR::FR,SEC::LOW && DPT::$ && CTR::EN,,,,,same,same,failure,16,16,failure,failure,1231255.893,1218426.859
SEC::MED && DPT::MKG && CTR::FR,SEC::LOW && DPT::$ && CTR::FR,,,,,same,same,failure,16,16,failure,failure,1206498.865,1216177.059
SEC::MED && DPT::MKG && CTR::FR,SEC::LOW && DPT::DEV,,,,,different,TN_TN,failure,16,4,failure,failure,1213026.334,307011.356
SEC::MED && DPT::MKG && CTR::FR,SEC::LOW && DPT::DEV && CTR::$,,,,,same,same,failure,16,16,failure,failure,1774215.739,1237392.914
SEC::MED && DPT::MKG && CTR::FR,SEC::LOW && DPT::DEV && CTR::EN,,,,,same,same,failure,8,8,failure,failure,597899.986,603307.149
SEC::MED && DPT::MKG && CTR::FR,SEC::LOW && DPT::DEV && CTR::FR,,,,,same,same,failure,8,8,failure,failure,602966.720,612941.450
SEC::MED && DPT::MKG && CTR::FR,SEC::LOW && DPT::MKG,,,,,different,TN_TN,failure,16,4,failure,failure,1823621.618,301819.388
SEC::MED && DPT::MKG && CTR::FR,SEC::LOW && DPT::MKG && CTR::$,,,,,same,same,failure,16,16,failure,failure,1213116.192,1236005.512
SEC::MED && DPT::MKG && CTR::FR,SEC::LOW && DPT::MKG && CTR::EN,,,,,same,same,failure,8,8,failure,failure,906738.610,601703.671
SEC::MED && DPT::MKG && CTR::FR,SEC::LOW && DPT::MKG && CTR::FR,,,,,same,same,failure,8,8,failure,failure,630524.837,609114.882
SEC::MED && DPT::MKG && CTR::FR,SEC::MED,,,,,different,TN_FP,failure,48,3,success,failure,1984969.185,225666.439
SEC::MED && DPT::MKG && CTR::FR,SEC::MED && CTR::$,,,,,different,TN_FP,failure,48,12,success,failure,1980792.882,914434.785
SEC::MED && DPT::MKG && CTR::FR,SEC::MED && CTR::EN,,,,,different,TN_TN,failure,24,6,failure,failure,1995119.495,456205.713
SEC::MED && DPT::MKG && CTR::FR,SEC::MED && CTR::FR,,,,,different,TN_FP,failure,24,6,success,failure,1089292.791,452214.857
SEC::MED && DPT::MKG && CTR::FR,SEC::MED && DPT::$,,,,,different,TN_FP,failure,48,12,success,failure,1989446.659,917312.784
SEC::MED && DPT::MKG && CTR::FR,SEC::MED && DPT::$ && CTR::$,,,,,same,same,success,48,48,success,success,2035754.586,2022584.322
SEC::MED && DPT::MKG && CTR::FR,SEC::MED && DPT::$ && CTR::EN,,,,,same,same,failure,24,24,failure,failure,1849996.396,1843601.134
SEC::MED && DPT::MKG && CTR::FR,SEC::MED && DPT::$ && CTR::FR,,,,,same,same,success,24,24,success,success,1055847.676,1123390.680
SEC::MED && DPT::MKG && CTR::FR,SEC::MED && DPT::DEV,,,,,different,TN_TN,failure,24,6,failure,failure,1875217.313,467668.795
SEC::MED && DPT::MKG && CTR::FR,SEC::MED && DPT::DEV && CTR::$,,,,,same,same,failure,24,24,failure,failure,1956635.739,1840762.771
SEC::MED && DPT::MKG && CTR::FR,SEC::MED && DPT::DEV && CTR::EN,,,,,same,same,failure,12,12,failure,failure,939171.235,913517.851
SEC::MED && DPT::MKG && CTR::FR,SEC::MED && DPT::DEV && CTR::FR,,,,,same,same,failure,12,12,failure,failure,963253.437,913015.028
SEC::MED && DPT::MKG && CTR::FR,SEC::MED && DPT::MKG,,,,,different,TN_FP,failure,24,6,success,failure,1109559.762,459689.933
SEC::MED && DPT::MKG && CTR::FR,SEC::MED && DPT::MKG && CTR::$,,,,,same,same,success,24,24,success,success,1071710.095,1033146.635
SEC::MED && DPT::MKG && CTR::FR,SEC::MED && DPT::MKG && CTR::EN,,,,,same,same,failure,12,12,failure,failure,1161591.665,926638.998
SEC::MED && DPT::MKG && CTR::FR,SEC::MED && DPT::MKG && CTR::FR,,,,,same,same,success,12,12,success,success,574842.105,593598.818
