variant,baseline_ref,enc_ap,user_ap,y_relation,user_rights,decryption_result,iterations,total_ns,mean_ns
lp-covercrypt,089a548,"CTR::EN","CTR::EN",different,2,success,2000,388632657,194316.329
lp-covercrypt,089a548,"CTR::EN","CTR::FR",different,2,failure,2000,295157531,147578.766
lp-covercrypt,089a548,"CTR::EN","CTR::$",different,4,success,2000,473050054,236525.027
lp-covercrypt,089a548,"CTR::EN","DPT::DEV",different,2,failure,2000,306525505,153262.753
lp-covercrypt,089a548,"CTR::EN","DPT::DEV && CTR::EN",different,4,success,2000,485684673,242842.337
lp-covercrypt,089a548,"CTR::EN","DPT::DEV && CTR::FR",different,4,failure,2000,456070354,228035.177
lp-covercrypt,089a548,"CTR::EN","DPT::DEV && CTR::$",different,8,success,2000,603342770,301671.385
lp-covercrypt,089a548,"CTR::EN","DPT::MKG",different,2,failure,2000,296259038,148129.519
lp-covercrypt,089a548,"CTR::EN","DPT::MKG && CTR::EN",different,4,success,2000,462173722,231086.861
lp-covercrypt,089a548,"CTR::EN","DPT::MKG && CTR::FR",different,4,failure,2000,446706219,223353.109
lp-covercrypt,089a548,"CTR::EN","DPT::MKG && CTR::$",different,8,success,2000,616650683,308325.341
lp-covercrypt,089a548,"CTR::EN","DPT::$",different,4,failure,2000,445858569,222929.285
lp-covercrypt,089a548,"CTR::EN","DPT::$ && CTR::EN",different,8,success,2000,601756154,300878.077
lp-covercrypt,089a548,"CTR::EN","DPT::$ && CTR::FR",different,8,failure,2000,763184764,381592.382
lp-covercrypt,089a548,"CTR::EN","DPT::$ && CTR::$",different,16,success,2000,1184667239,592333.620
lp-covercrypt,089a548,"CTR::EN","SEC::LOW",different,2,failure,2000,398143979,199071.989
lp-covercrypt,089a548,"CTR::EN","SEC::LOW && CTR::EN",different,4,success,2000,629618687,314809.344
lp-covercrypt,089a548,"CTR::EN","SEC::LOW && CTR::FR",different,4,failure,2000,597774716,298887.358
lp-covercrypt,089a548,"CTR::EN","SEC::LOW && CTR::$",different,8,success,2000,820026505,410013.253
lp-covercrypt,089a548,"CTR::EN","SEC::LOW && DPT::DEV",different,4,failure,2000,601044529,300522.264
lp-covercrypt,089a548,"CTR::EN","SEC::LOW && DPT::DEV && CTR::EN",same,8,success,2000,825540026,412770.013
lp-covercrypt,089a548,"CTR::EN","SEC::LOW && DPT::DEV && CTR::FR",same,8,failure,2000,991864831,495932.416
lp-covercrypt,089a548,"CTR::EN","SEC::LOW && DPT::DEV && CTR::$",same,16,success,2000,1204453002,602226.501
lp-covercrypt,089a548,"CTR::EN","SEC::LOW && DPT::MKG",different,4,failure,2000,599327349,299663.675
lp-covercrypt,089a548,"CTR::EN","SEC::LOW && DPT::MKG && CTR::EN",same,8,success,2000,811606150,405803.075
lp-covercrypt,089a548,"CTR::EN","SEC::LOW && DPT::MKG && CTR::FR",same,8,failure,2000,999997996,499998.998
lp-covercrypt,089a548,"CTR::EN","SEC::LOW && DPT::MKG && CTR::$",same,16,success,2000,1290232714,645116.357
lp-covercrypt,089a548,"CTR::EN","SEC::LOW && DPT::$",different,8,failure,2000,1002256433,501128.216
lp-covercrypt,089a548,"CTR::EN","SEC::LOW && DPT::$ && CTR::EN",same,16,success,2000,1086243431,543121.716
lp-covercrypt,089a548,"CTR::EN","SEC::LOW && DPT::$ && CTR::FR",same,16,failure,2000,1336391506,668195.753
lp-covercrypt,089a548,"CTR::EN","SEC::LOW && DPT::$ && CTR::$",same,32,success,2000,1594581155,797290.578
lp-covercrypt,089a548,"CTR::EN","SEC::MED",different,3,failure,2000,368031555,184015.777
lp-covercrypt,089a548,"CTR::EN","SEC::MED && CTR::EN",different,6,success,2000,540689598,270344.799
lp-covercrypt,089a548,"CTR::EN","SEC::MED && CTR::FR",different,6,failure,2000,601259562,300629.781
lp-covercrypt,089a548,"CTR::EN","SEC::MED && CTR::$",different,12,success,2000,762231065,381115.532
lp-covercrypt,089a548,"CTR::EN","SEC::MED && DPT::DEV",different,6,failure,2000,621201859,310600.930
lp-covercrypt,089a548,"CTR::EN","SEC::MED && DPT::DEV && CTR::EN",same,12,success,2000,771392109,385696.055
lp-covercrypt,089a548,"CTR::EN","SEC::MED && DPT::DEV && CTR::FR",same,12,failure,2000,1046991043,523495.521
lp-covercrypt,089a548,"CTR::EN","SEC::MED && DPT::DEV && CTR::$",same,24,success,2000,1485285193,742642.596
lp-covercrypt,089a548,"CTR::EN","SEC::MED && DPT::MKG",different,6,failure,2000,826160530,413080.265
lp-covercrypt,089a548,"CTR::EN","SEC::MED && DPT::MKG && CTR::EN",same,12,success,2000,1063781658,531890.829
lp-covercrypt,089a548,"CTR::EN","SEC::MED && DPT::MKG && CTR::FR",same,12,failure,2000,1555891904,777945.952
lp-covercrypt,089a548,"CTR::EN","SEC::MED && DPT::MKG && CTR::$",same,24,success,2000,1794735565,897367.782
lp-covercrypt,089a548,"CTR::EN","SEC::MED && DPT::$",different,12,failure,2000,1381516750,690758.375
lp-covercrypt,089a548,"CTR::EN","SEC::MED && DPT::$ && CTR::EN",same,24,success,2000,1399094421,699547.211
lp-covercrypt,089a548,"CTR::EN","SEC::MED && DPT::$ && CTR::FR",same,24,failure,2000,2485198401,1242599.201
lp-covercrypt,089a548,"CTR::EN","SEC::MED && DPT::$ && CTR::$",same,48,success,2000,3597035448,1798517.724
lp-covercrypt,089a548,"CTR::EN","SEC::HIG",different,4,failure,2000,742006508,371003.254
lp-covercrypt,089a548,"CTR::EN","SEC::HIG && CTR::EN",different,8,success,2000,934598473,467299.236
lp-covercrypt,089a548,"CTR::EN","SEC::HIG && CTR::FR",different,8,failure,2000,1375910293,687955.147
lp-covercrypt,089a548,"CTR::EN","SEC::HIG && CTR::$",different,16,success,2000,1343012566,671506.283
lp-covercrypt,089a548,"CTR::EN","SEC::HIG && DPT::DEV",different,8,failure,2000,1041614057,520807.029
lp-covercrypt,089a548,"CTR::EN","SEC::HIG && DPT::DEV && CTR::EN",same,16,success,2000,1245122228,622561.114
lp-covercrypt,089a548,"CTR::EN","SEC::HIG && DPT::DEV && CTR::FR",same,16,failure,2000,1668557136,834278.568
lp-covercrypt,089a548,"CTR::EN","SEC::HIG && DPT::DEV && CTR::$",same,32,success,2000,1579213559,789606.779
lp-covercrypt,089a548,"CTR::EN","SEC::HIG && DPT::MKG",different,8,failure,2000,744805489,372402.744
lp-covercrypt,089a548,"CTR::EN","SEC::HIG && DPT::MKG && CTR::EN",same,16,success,2000,947347447,473673.724
lp-covercrypt,089a548,"CTR::EN","SEC::HIG && DPT::MKG && CTR::FR",same,16,failure,2000,1324529837,662264.919
lp-covercrypt,089a548,"CTR::EN","SEC::HIG && DPT::MKG && CTR::$",same,32,success,2000,1455478844,727739.422
lp-covercrypt,089a548,"CTR::EN","SEC::HIG && DPT::$",different,16,failure,2000,1321940149,660970.074
lp-covercrypt,089a548,"CTR::EN","SEC::HIG && DPT::$ && CTR::EN",same,32,success,2000,1504217386,752108.693
lp-covercrypt,089a548,"CTR::EN","SEC::HIG && DPT::$ && CTR::FR",same,32,failure,2000,2530332210,1265166.105
lp-covercrypt,089a548,"CTR::EN","SEC::HIG && DPT::$ && CTR::$",same,64,success,2000,3022294398,1511147.199
lp-covercrypt,089a548,"CTR::EN","SEC::$",different,5,failure,2000,519884964,259942.482
lp-covercrypt,089a548,"CTR::EN","SEC::$ && CTR::EN",different,10,success,2000,679598096,339799.048
lp-covercrypt,089a548,"CTR::EN","SEC::$ && CTR::FR",different,10,failure,2000,922200097,461100.048
lp-covercrypt,089a548,"CTR::EN","SEC::$ && CTR::$",different,20,success,2000,1127574948,563787.474
lp-covercrypt,089a548,"CTR::EN","SEC::$ && DPT::DEV",different,10,failure,2000,931926481,465963.241
lp-covercrypt,089a548,"CTR::EN","SEC::$ && DPT::DEV && CTR::EN",same,20,success,2000,1472096695,736048.348
lp-covercrypt,089a548,"CTR::EN","SEC::$ && DPT::DEV && CTR::FR",same,20,failure,2000,2150845929,1075422.965
lp-covercrypt,089a548,"CTR::EN","SEC::$ && DPT::DEV && CTR::$",same,40,success,2000,1976018145,988009.073
lp-covercrypt,089a548,"CTR::EN","SEC::$ && DPT::MKG",different,10,failure,2000,913277480,456638.740
lp-covercrypt,089a548,"CTR::EN","SEC::$ && DPT::MKG && CTR::EN",same,20,success,2000,1125104695,562552.348
lp-covercrypt,089a548,"CTR::EN","SEC::$ && DPT::MKG && CTR::FR",same,20,failure,2000,1981544692,990772.346
lp-covercrypt,089a548,"CTR::EN","SEC::$ && DPT::MKG && CTR::$",same,40,success,2000,1821268684,910634.342
lp-covercrypt,089a548,"CTR::EN","SEC::$ && DPT::$",different,20,failure,2000,1627203407,813601.703
lp-covercrypt,089a548,"CTR::EN","SEC::$ && DPT::$ && CTR::EN",same,40,success,2000,1843052476,921526.238
lp-covercrypt,089a548,"CTR::EN","SEC::$ && DPT::$ && CTR::FR",same,40,failure,2000,3139343153,1569671.576
lp-covercrypt,089a548,"CTR::EN","SEC::$ && DPT::$ && CTR::$",same,80,success,2000,3250586126,1625293.063
lp-covercrypt,089a548,"DPT::$ && CTR::EN","CTR::EN",different,2,failure,2000,294341822,147170.911
lp-covercrypt,089a548,"DPT::$ && CTR::EN","CTR::FR",different,2,failure,2000,294944152,147472.076
lp-covercrypt,089a548,"DPT::$ && CTR::EN","CTR::$",different,4,failure,2000,443119401,221559.701
lp-covercrypt,089a548,"DPT::$ && CTR::EN","DPT::DEV",different,2,failure,2000,294360016,147180.008
lp-covercrypt,089a548,"DPT::$ && CTR::EN","DPT::DEV && CTR::EN",different,4,failure,2000,441618877,220809.438
lp-covercrypt,089a548,"DPT::$ && CTR::EN","DPT::DEV && CTR::FR",different,4,failure,2000,440301826,220150.913
lp-covercrypt,089a548,"DPT::$ && CTR::EN","DPT::DEV && CTR::$",different,8,failure,2000,740528396,370264.198
lp-covercrypt,089a548,"DPT::$ && CTR::EN","DPT::MKG",different,2,failure,2000,292984105,146492.052
lp-covercrypt,089a548,"DPT::$ && CTR::EN","DPT::MKG && CTR::EN",different,4,failure,2000,440241793,220120.897
lp-covercrypt,089a548,"DPT::$ && CTR::EN","DPT::MKG && CTR::FR",different,4,failure,2000,445400199,222700.100
lp-covercrypt,089a548,"DPT::$ && CTR::EN","DPT::MKG && CTR::$",different,8,failure,2000,746650409,373325.204
lp-covercrypt,089a548,"DPT::$ && CTR::EN","DPT::$",different,4,failure,2000,446987277,223493.639
lp-covercrypt,089a548,"DPT::$ && CTR::EN","DPT::$ && CTR::EN",different,8,success,2000,609275268,304637.634
lp-covercrypt,089a548,"DPT::$ && CTR::EN","DPT::$ && CTR::FR",different,8,failure,2000,737540190,368770.095
lp-covercrypt,089a548,"DPT::$ && CTR::EN","DPT::$ && CTR::$",different,16,success,2000,901038283,450519.142
lp-covercrypt,089a548,"DPT::$ && CTR::EN","SEC::LOW",different,2,failure,2000,298705216,149352.608
lp-covercrypt,089a548,"DPT::$ && CTR::EN","SEC::LOW && CTR::EN",different,4,failure,2000,444763915,222381.957
lp-covercrypt,089a548,"DPT::$ && CTR::EN","SEC::LOW && CTR::FR",different,4,failure,2000,443632042,221816.021
lp-covercrypt,089a548,"DPT::$ && CTR::EN","SEC::LOW && CTR::$",different,8,failure,2000,739386845,369693.422
lp-covercrypt,089a548,"DPT::$ && CTR::EN","SEC::LOW && DPT::DEV",different,4,failure,2000,443125282,221562.641
lp-covercrypt,089a548,"DPT::$ && CTR::EN","SEC::LOW && DPT::DEV && CTR::EN",same,8,failure,2000,739648005,369824.003
lp-covercrypt,089a548,"DPT::$ && CTR::EN","SEC::LOW && DPT::DEV && CTR::FR",same,8,failure,2000,739073186,369536.593
lp-covercrypt,089a548,"DPT::$ && CTR::EN","SEC::LOW && DPT::DEV && CTR::$",same,16,failure,2000,1332223878,666111.939
lp-covercrypt,089a548,"DPT::$ && CTR::EN","SEC::LOW && DPT::MKG",different,4,failure,2000,441358268,220679.134
lp-covercrypt,089a548,"DPT::$ && CTR::EN","SEC::LOW && DPT::MKG && CTR::EN",same,8,failure,2000,736875765,368437.883
lp-covercrypt,089a548,"DPT::$ && CTR::EN","SEC::LOW && DPT::MKG && CTR::FR",same,8,failure,2000,737141813,368570.906
lp-covercrypt,089a548,"DPT::$ && CTR::EN","SEC::LOW && DPT::MKG && CTR::$",same,16,failure,2000,1333401037,666700.519
lp-covercrypt,089a548,"DPT::$ && CTR::EN","SEC::LOW && DPT::$",different,8,failure,2000,740212774,370106.387
lp-covercrypt,089a548,"DPT::$ && CTR::EN","SEC::LOW && DPT::$ && CTR::EN",same,16,success,2000,885132898,442566.449
lp-covercrypt,089a548,"DPT::$ && CTR::EN","SEC::LOW && DPT::$ && CTR::FR",same,16,failure,2000,1337956442,668978.221
lp-covercrypt,089a548,"DPT::$ && CTR::EN","SEC::LOW && DPT::$ && CTR::$",same,32,success,2000,1468049674,734024.837
lp-covercrypt,089a548,"DPT::$ && CTR::EN","SEC::MED",different,3,failure,2000,372399257,186199.628
lp-covercrypt,089a548,"DPT::$ && CTR::EN","SEC::MED && CTR::EN",different,6,failure,2000,595418637,297709.318
lp-covercrypt,089a548,"DPT::$ && CTR::EN","SEC::MED && CTR::FR",different,6,failure,2000,592983889,296491.944
lp-covercrypt,089a548,"DPT::$ && CTR::EN","SEC::MED && CTR::$",different,12,failure,2000,1045357198,522678.599
lp-covercrypt,089a548,"DPT::$ && CTR::EN","SEC::MED && DPT::DEV",different,6,failure,2000,596557563,298278.781
lp-covercrypt,089a548,"DPT::$ && CTR::EN","SEC::MED && DPT::DEV && CTR::EN",same,12,failure,2000,1041655225,520827.612
lp-covercrypt,089a548,"DPT::$ && CTR::EN","SEC::MED && DPT::DEV && CTR::FR",same,12,failure,2000,1042185319,521092.660
lp-covercrypt,089a548,"DPT::$ && CTR::EN","SEC::MED && DPT::DEV && CTR::$",same,24,failure,2000,1925468697,962734.348
lp-covercrypt,089a548,"DPT::$ && CTR::EN","SEC::MED && DPT::MKG",different,6,failure,2000,600881523,300440.762
lp-covercrypt,089a548,"DPT::$ && CTR::EN","SEC::MED && DPT::MKG && CTR::EN",same,12,failure,2000,1039677134,519838.567
lp-covercrypt,089a548,"DPT::$ && CTR::EN","SEC::MED && DPT::MKG && CTR::FR",same,12,failure,2000,1074789887,537394.944
lp-covercrypt,089a548,"DPT::$ && CTR::EN","SEC::MED && DPT::MKG && CTR::$",same,24,failure,2000,1924292632,962146.316
lp-covercrypt,089a548,"DPT::$ && CTR::EN","SEC::MED && DPT::$",different,12,failure,2000,1029070299,514535.149
lp-covercrypt,089a548,"DPT::$ && CTR::EN","SEC::MED && DPT::$ && CTR::EN",same,24,success,2000,1186010138,593005.069
lp-covercrypt,089a548,"DPT::$ && CTR::EN","SEC::MED && DPT::$ && CTR::FR",same,24,failure,2000,1927977373,963988.686
lp-covercrypt,089a548,"DPT::$ && CTR::EN","SEC::MED && DPT::$ && CTR::$",same,48,success,2000,2272786278,1136393.139
lp-covercrypt,089a548,"DPT::$ && CTR::EN","SEC::HIG",different,4,failure,2000,442809850,221404.925
lp-covercrypt,089a548,"DPT::$ && CTR::EN","SEC::HIG && CTR::EN",different,8,failure,2000,743454906,371727.453
lp-covercrypt,089a548,"DPT::$ && CTR::EN","SEC::HIG && CTR::FR",different,8,failure,2000,741559781,370779.890
lp-covercrypt,089a548,"DPT::$ && CTR::EN","SEC::HIG && CTR::$",different,16,failure,2000,1329000382,664500.191
lp-covercrypt,089a548,"DPT::$ && CTR::EN","SEC::HIG && DPT::DEV",different,8,failure,2000,735632172,367816.086
lp-covercrypt,089a548,"DPT::$ && CTR::EN","SEC::HIG && DPT::DEV && CTR::EN",same,16,failure,2000,1326673167,663336.583
lp-covercrypt,089a548,"DPT::$ && CTR::EN","SEC::HIG && DPT::DEV && CTR::FR",same,16,failure,2000,1325657892,662828.946
lp-covercrypt,089a548,"DPT::$ && CTR::EN","SEC::HIG && DPT::DEV && CTR::$",same,32,failure,2000,2511374971,1255687.485
lp-covercrypt,089a548,"DPT::$ && CTR::EN","SEC::HIG && DPT::MKG",different,8,failure,2000,740970716,370485.358
lp-covercrypt,089a548,"DPT::$ && CTR::EN","SEC::HIG && DPT::MKG && CTR::EN",same,16,failure,2000,1326283225,663141.613
lp-covercrypt,089a548,"DPT::$ && CTR::EN","SEC::HIG && DPT::MKG && CTR::FR",same,16,failure,2000,1329138812,664569.406
lp-covercrypt,089a548,"DPT::$ && CTR::EN","SEC::HIG && DPT::MKG && CTR::$",same,32,failure,2000,2522889880,1261444.940
lp-covercrypt,089a548,"DPT::$ && CTR::EN","SEC::HIG && DPT::$",different,16,failure,2000,1335771623,667885.811
lp-covercrypt,089a548,"DPT::$ && CTR::EN","SEC::HIG && DPT::$ && CTR::EN",same,32,success,2000,1489570201,744785.100
lp-covercrypt,089a548,"DPT::$ && CTR::EN","SEC::HIG && DPT::$ && CTR::FR",same,32,failure,2000,2499262451,1249631.225
lp-covercrypt,089a548,"DPT::$ && CTR::EN","SEC::HIG && DPT::$ && CTR::$",same,64,success,2000,2612399417,1306199.708
lp-covercrypt,089a548,"DPT::$ && CTR::EN","SEC::$",different,5,failure,2000,522417835,261208.918
lp-covercrypt,089a548,"DPT::$ && CTR::EN","SEC::$ && CTR::EN",different,10,failure,2000,930031526,465015.763
lp-covercrypt,089a548,"DPT::$ && CTR::EN","SEC::$ && CTR::FR",different,10,failure,2000,922807306,461403.653
lp-covercrypt,089a548,"DPT::$ && CTR::EN","SEC::$ && CTR::$",different,20,failure,2000,1660755692,830377.846
lp-covercrypt,089a548,"DPT::$ && CTR::EN","SEC::$ && DPT::DEV",different,10,failure,2000,921689789,460844.894
lp-covercrypt,089a548,"DPT::$ && CTR::EN","SEC::$ && DPT::DEV && CTR::EN",same,20,failure,2000,1641133657,820566.828
lp-covercrypt,089a548,"DPT::$ && CTR::EN","SEC::$ && DPT::DEV && CTR::FR",same,20,failure,2000,1661256621,830628.311
lp-covercrypt,089a548,"DPT::$ && CTR::EN","SEC::$ && DPT::DEV && CTR::$",same,40,failure,2000,3142732831,1571366.415
lp-covercrypt,089a548,"DPT::$ && CTR::EN","SEC::$ && DPT::MKG",different,10,failure,2000,897220461,448610.231
lp-covercrypt,089a548,"DPT::$ && CTR::EN","SEC::$ && DPT::MKG && CTR::EN",same,20,failure,2000,1661528803,830764.402
lp-covercrypt,089a548,"DPT::$ && CTR::EN","SEC::$ && DPT::MKG && CTR::FR",same,20,failure,2000,1622402801,811201.400
lp-covercrypt,089a548,"DPT::$ && CTR::EN","SEC::$ && DPT::MKG && CTR::$",same,40,failure,2000,3096866908,1548433.454
lp-covercrypt,089a548,"DPT::$ && CTR::EN","SEC::$ && DPT::$",different,20,failure,2000,1630452430,815226.215
lp-covercrypt,089a548,"DPT::$ && CTR::EN","SEC::$ && DPT::$ && CTR::EN",same,40,success,2000,1744557313,872278.657
lp-covercrypt,089a548,"DPT::$ && CTR::EN","SEC::$ && DPT::$ && CTR::FR",same,40,failure,2000,3093259321,1546629.660
lp-covercrypt,089a548,"DPT::$ && CTR::EN","SEC::$ && DPT::$ && CTR::$",same,80,success,2000,3175199209,1587599.604
lp-covercrypt,089a548,"SEC::LOW && DPT::MKG && CTR::EN","CTR::EN",different,2,failure,2000,293684789,146842.394
lp-covercrypt,089a548,"SEC::LOW && DPT::MKG && CTR::EN","CTR::FR",different,2,failure,2000,293082209,146541.104
lp-covercrypt,089a548,"SEC::LOW && DPT::MKG && CTR::EN","CTR::$",different,4,failure,2000,440333725,220166.862
lp-covercrypt,089a548,"SEC::LOW && DPT::MKG && CTR::EN","DPT::DEV",different,2,failure,2000,293151509,146575.755
lp-covercrypt,089a548,"SEC::LOW && DPT::MKG && CTR::EN","DPT::DEV && CTR::EN",different,4,failure,2000,439948894,219974.447
lp-covercrypt,089a548,"SEC::LOW && DPT::MKG && CTR::EN","DPT::DEV && CTR::FR",different,4,failure,2000,440323517,220161.758
lp-covercrypt,089a548,"SEC::LOW && DPT::MKG && CTR::EN","DPT::DEV && CTR::$",different,8,failure,2000,736301598,368150.799
lp-covercrypt,089a548,"SEC::LOW && DPT::MKG && CTR::EN","DPT::MKG",different,2,failure,2000,294483778,147241.889
lp-covercrypt,089a548,"SEC::LOW && DPT::MKG && CTR::EN","DPT::MKG && CTR::EN",different,4,failure,2000,446120992,223060.496
lp-covercrypt,089a548,"SEC::LOW && DPT::MKG && CTR::EN","DPT::MKG && CTR::FR",different,4,failure,2000,447649949,223824.975
lp-covercrypt,089a548,"SEC::LOW && DPT::MKG && CTR::EN","DPT::MKG && CTR::$",different,8,failure,2000,743083008,371541.504
lp-covercrypt,089a548,"SEC::LOW && DPT::MKG && CTR::EN","DPT::$",different,4,failure,2000,445955331,222977.666
lp-covercrypt,089a548,"SEC::LOW && DPT::MKG && CTR::EN","DPT::$ && CTR::EN",different,8,failure,2000,747750452,373875.226
lp-covercrypt,089a548,"SEC::LOW && DPT::MKG && CTR::EN","DPT::$ && CTR::FR",different,8,failure,2000,745090403,372545.202
lp-covercrypt,089a548,"SEC::LOW && DPT::MKG && CTR::EN","DPT::$ && CTR::$",different,16,failure,2000,1381758143,690879.071
lp-covercrypt,089a548,"SEC::LOW && DPT::MKG && CTR::EN","SEC::LOW",different,2,failure,2000,304586468,152293.234
lp-covercrypt,089a548,"SEC::LOW && DPT::MKG && CTR::EN","SEC::LOW && CTR::EN",different,4,failure,2000,452784100,226392.050
lp-covercrypt,089a548,"SEC::LOW && DPT::MKG && CTR::EN","SEC::LOW && CTR::FR",different,4,failure,2000,451523946,225761.973
lp-covercrypt,089a548,"SEC::LOW && DPT::MKG && CTR::EN","SEC::LOW && CTR::$",different,8,failure,2000,751455492,375727.746
lp-covercrypt,089a548,"SEC::LOW && DPT::MKG && CTR::EN","SEC::LOW && DPT::DEV",different,4,failure,2000,454188223,227094.111
lp-covercrypt,089a548,"SEC::LOW && DPT::MKG && CTR::EN","SEC::LOW && DPT::DEV && CTR::EN",same,8,failure,2000,760093525,380046.763
lp-covercrypt,089a548,"SEC::LOW && DPT::MKG && CTR::EN","SEC::LOW && DPT::DEV && CTR::FR",same,8,failure,2000,782304648,391152.324
lp-covercrypt,089a548,"SEC::LOW && DPT::MKG && CTR::EN","SEC::LOW && DPT::DEV && CTR::$",same,16,failure,2000,1376018226,688009.113
lp-covercrypt,089a548,"SEC::LOW && DPT::MKG && CTR::EN","SEC::LOW && DPT::MKG",different,4,failure,2000,499548067,249774.033
lp-covercrypt,089a548,"SEC::LOW && DPT::MKG && CTR::EN","SEC::LOW && DPT::MKG && CTR::EN",same,8,success,2000,774807515,387403.758
lp-covercrypt,089a548,"SEC::LOW && DPT::MKG && CTR::EN","SEC::LOW && DPT::MKG && CTR::FR",same,8,failure,2000,751211455,375605.727
lp-covercrypt,089a548,"SEC::LOW && DPT::MKG && CTR::EN","SEC::LOW && DPT::MKG && CTR::$",same,16,success,2000,899970329,449985.165
lp-covercrypt,089a548,"SEC::LOW && DPT::MKG && CTR::EN","SEC::LOW && DPT::$",different,8,failure,2000,744917539,372458.769
lp-covercrypt,089a548,"SEC::LOW && DPT::MKG && CTR::EN","SEC::LOW && DPT::$ && CTR::EN",same,16,success,2000,910564622,455282.311
lp-covercrypt,089a548,"SEC::LOW && DPT::MKG && CTR::EN","SEC::LOW && DPT::$ && CTR::FR",same,16,failure,2000,1326615419,663307.709
lp-covercrypt,089a548,"SEC::LOW && DPT::MKG && CTR::EN","SEC::LOW && DPT::$ && CTR::$",same,32,success,2000,1599535468,799767.734
lp-covercrypt,089a548,"SEC::LOW && DPT::MKG && CTR::EN","SEC::MED",different,3,failure,2000,367328898,183664.449
lp-covercrypt,089a548,"SEC::LOW && DPT::MKG && CTR::EN","SEC::MED && CTR::EN",different,6,failure,2000,590141077,295070.539
lp-covercrypt,089a548,"SEC::LOW && DPT::MKG && CTR::EN","SEC::MED && CTR::FR",different,6,failure,2000,588803729,294401.865
lp-covercrypt,089a548,"SEC::LOW && DPT::MKG && CTR::EN","SEC::MED && CTR::$",different,12,failure,2000,1035067288,517533.644
lp-covercrypt,089a548,"SEC::LOW && DPT::MKG && CTR::EN","SEC::MED && DPT::DEV",different,6,failure,2000,591842409,295921.204
lp-covercrypt,089a548,"SEC::LOW && DPT::MKG && CTR::EN","SEC::MED && DPT::DEV && CTR::EN",same,12,failure,2000,1042142198,521071.099
lp-covercrypt,089a548,"SEC::LOW && DPT::MKG && CTR::EN","SEC::MED && DPT::DEV && CTR::FR",same,12,failure,2000,1044062470,522031.235
lp-covercrypt,089a548,"SEC::LOW && DPT::MKG && CTR::EN","SEC::MED && DPT::DEV && CTR::$",same,24,failure,2000,1949706492,974853.246
lp-covercrypt,089a548,"SEC::LOW && DPT::MKG && CTR::EN","SEC::MED && DPT::MKG",different,6,failure,2000,593854312,296927.156
lp-covercrypt,089a548,"SEC::LOW && DPT::MKG && CTR::EN","SEC::MED && DPT::MKG && CTR::EN",same,12,success,2000,743343186,371671.593
lp-covercrypt,089a548,"SEC::LOW && DPT::MKG && CTR::EN","SEC::MED && DPT::MKG && CTR::FR",same,12,failure,2000,1069171789,534585.895
lp-covercrypt,089a548,"SEC::LOW && DPT::MKG && CTR::EN","SEC::MED && DPT::MKG && CTR::$",same,24,success,2000,1262541893,631270.946
lp-covercrypt,089a548,"SEC::LOW && DPT::MKG && CTR::EN","SEC::MED && DPT::$",different,12,failure,2000,1065651746,532825.873
lp-covercrypt,089a548,"SEC::LOW && DPT::MKG && CTR::EN","SEC::MED && DPT::$ && CTR::EN",same,24,success,2000,1175319095,587659.547
lp-covercrypt,089a548,"SEC::LOW && DPT::MKG && CTR::EN","SEC::MED && DPT::$ && CTR::FR",same,24,failure,2000,1935507418,967753.709
lp-covercrypt,089a548,"SEC::LOW && DPT::MKG && CTR::EN","SEC::MED && DPT::$ && CTR::$",same,48,success,2000,2249180059,1124590.029
lp-covercrypt,089a548,"SEC::LOW && DPT::MKG && CTR::EN","SEC::HIG",different,4,failure,2000,441575475,220787.737
lp-covercrypt,089a548,"SEC::LOW && DPT::MKG && CTR::EN","SEC::HIG && CTR::EN",different,8,failure,2000,736754727,368377.363
lp-covercrypt,089a548,"SEC::LOW && DPT::MKG && CTR::EN","SEC::HIG && CTR::FR",different,8,failure,2000,776793750,388396.875
lp-covercrypt,089a548,"SEC::LOW && DPT::MKG && CTR::EN","SEC::HIG && CTR::$",different,16,failure,2000,1352588167,676294.083
lp-covercrypt,089a548,"SEC::LOW && DPT::MKG && CTR::EN","SEC::HIG && DPT::DEV",different,8,failure,2000,749118569,374559.285
lp-covercrypt,089a548,"SEC::LOW && DPT::MKG && CTR::EN","SEC::HIG && DPT::DEV && CTR::EN",same,16,failure,2000,1334602100,667301.050
lp-covercrypt,089a548,"SEC::LOW && DPT::MKG && CTR::EN","SEC::HIG && DPT::DEV && CTR::FR",same,16,failure,2000,1331728740,665864.370
lp-covercrypt,089a548,"SEC::LOW && DPT::MKG && CTR::EN","SEC::HIG && DPT::DEV && CTR::$",same,32,failure,2000,2567568266,1283784.133
lp-covercrypt,089a548,"SEC::LOW && DPT::MKG && CTR::EN","SEC::HIG && DPT::MKG",different,8,failure,2000,750951968,375475.984
lp-covercrypt,089a548,"SEC::LOW && DPT::MKG && CTR::EN","SEC::HIG && DPT::MKG && CTR::EN",same,16,success,2000,919077890,459538.945
lp-covercrypt,089a548,"SEC::LOW && DPT::MKG && CTR::EN","SEC::HIG && DPT::MKG && CTR::FR",same,16,failure,2000,1324875455,662437.728
lp-covercrypt,089a548,"SEC::LOW && DPT::MKG && CTR::EN","SEC::HIG && DPT::MKG && CTR::$",same,32,success,2000,1430613252,715306.626
lp-covercrypt,089a548,"SEC::LOW && DPT::MKG && CTR::EN","SEC::HIG && DPT::$",different,16,failure,2000,1349011859,674505.929
lp-covercrypt,089a548,"SEC::LOW && DPT::MKG && CTR::EN","SEC::HIG && DPT::$ && CTR::EN",same,32,success,2000,1617523309,808761.654
lp-covercrypt,089a548,"SEC::LOW && DPT::MKG && CTR::EN","SEC::HIG && DPT::$ && CTR::FR",same,32,failure,2000,2532754394,1266377.197
lp-covercrypt,089a548,"SEC::LOW && DPT::MKG && CTR::EN","SEC::HIG && DPT::$ && CTR::$",same,64,success,2000,2616163278,1308081.639
lp-covercrypt,089a548,"SEC::LOW && DPT::MKG && CTR::EN","SEC::$",different,5,failure,2000,517431862,258715.931
lp-covercrypt,089a548,"SEC::LOW && DPT::MKG && CTR::EN","SEC::$ && CTR::EN",different,10,failure,2000,916333622,458166.811
lp-covercrypt,089a548,"SEC::LOW && DPT::MKG && CTR::EN","SEC::$ && CTR::FR",different,10,failure,2000,906239488,453119.744
lp-covercrypt,089a548,"SEC::LOW && DPT::MKG && CTR::EN","SEC::$ && CTR::$",different,20,failure,2000,1652617266,826308.633
lp-covercrypt,089a548,"SEC::LOW && DPT::MKG && CTR::EN","SEC::$ && DPT::DEV",different,10,failure,2000,885098904,442549.452
lp-covercrypt,089a548,"SEC::LOW && DPT::MKG && CTR::EN","SEC::$ && DPT::DEV && CTR::EN",same,20,failure,2000,1618345561,809172.780
lp-covercrypt,089a548,"SEC::LOW && DPT::MKG && CTR::EN","SEC::$ && DPT::DEV && CTR::FR",same,20,failure,2000,1617731690,808865.845
lp-covercrypt,089a548,"SEC::LOW && DPT::MKG && CTR::EN","SEC::$ && DPT::DEV && CTR::$",same,40,failure,2000,3138400815,1569200.407
lp-covercrypt,089a548,"SEC::LOW && DPT::MKG && CTR::EN","SEC::$ && DPT::MKG",different,10,failure,2000,894527339,447263.670
lp-covercrypt,089a548,"SEC::LOW && DPT::MKG && CTR::EN","SEC::$ && DPT::MKG && CTR::EN",same,20,success,2000,1118643375,559321.688
lp-covercrypt,089a548,"SEC::LOW && DPT::MKG && CTR::EN","SEC::$ && DPT::MKG && CTR::FR",same,20,failure,2000,1640208902,820104.451
lp-covercrypt,089a548,"SEC::LOW && DPT::MKG && CTR::EN","SEC::$ && DPT::MKG && CTR::$",same,40,success,2000,1784178693,892089.346
lp-covercrypt,089a548,"SEC::LOW && DPT::MKG && CTR::EN","SEC::$ && DPT::$",different,20,failure,2000,1585020181,792510.091
lp-covercrypt,089a548,"SEC::LOW && DPT::MKG && CTR::EN","SEC::$ && DPT::$ && CTR::EN",same,40,success,2000,1721905173,860952.586
lp-covercrypt,089a548,"SEC::LOW && DPT::MKG && CTR::EN","SEC::$ && DPT::$ && CTR::FR",same,40,failure,2000,3054069490,1527034.745
lp-covercrypt,089a548,"SEC::LOW && DPT::MKG && CTR::EN","SEC::$ && DPT::$ && CTR::$",same,80,success,2000,3103023135,1551511.567
lp-covercrypt,089a548,"SEC::MED && DPT::DEV && CTR::EN","CTR::EN",different,2,failure,2000,287613010,143806.505
lp-covercrypt,089a548,"SEC::MED && DPT::DEV && CTR::EN","CTR::FR",different,2,failure,2000,288528607,144264.304
lp-covercrypt,089a548,"SEC::MED && DPT::DEV && CTR::EN","CTR::$",different,4,failure,2000,440878317,220439.158
lp-covercrypt,089a548,"SEC::MED && DPT::DEV && CTR::EN","DPT::DEV",different,2,failure,2000,294094388,147047.194
lp-covercrypt,089a548,"SEC::MED && DPT::DEV && CTR::EN","DPT::DEV && CTR::EN",different,4,failure,2000,434440552,217220.276
lp-covercrypt,089a548,"SEC::MED && DPT::DEV && CTR::EN","DPT::DEV && CTR::FR",different,4,failure,2000,437017115,218508.557
lp-covercrypt,089a548,"SEC::MED && DPT::DEV && CTR::EN","DPT::DEV && CTR::$",different,8,failure,2000,738170012,369085.006
lp-covercrypt,089a548,"SEC::MED && DPT::DEV && CTR::EN","DPT::MKG",different,2,failure,2000,291845429,145922.715
lp-covercrypt,089a548,"SEC::MED && DPT::DEV && CTR::EN","DPT::MKG && CTR::EN",different,4,failure,2000,436279771,218139.886
lp-covercrypt,089a548,"SEC::MED && DPT::DEV && CTR::EN","DPT::MKG && CTR::FR",different,4,failure,2000,431516537,215758.269
lp-covercrypt,089a548,"SEC::MED && DPT::DEV && CTR::EN","DPT::MKG && CTR::$",different,8,failure,2000,723381212,361690.606
lp-covercrypt,089a548,"SEC::MED && DPT::DEV && CTR::EN","DPT::$",different,4,failure,2000,436077462,218038.731
lp-covercrypt,089a548,"SEC::MED && DPT::DEV && CTR::EN","DPT::$ && CTR::EN",different,8,failure,2000,726130298,363065.149
lp-covercrypt,089a548,"SEC::MED && DPT::DEV && CTR::EN","DPT::$ && CTR::FR",different,8,failure,2000,727710633,363855.317
lp-covercrypt,089a548,"SEC::MED && DPT::DEV && CTR::EN","DPT::$ && CTR::$",different,16,failure,2000,1303172936,651586.468
lp-covercrypt,089a548,"SEC::MED && DPT::DEV && CTR::EN","SEC::LOW",different,2,failure,2000,296193445,148096.723
lp-covercrypt,089a548,"SEC::MED && DPT::DEV && CTR::EN","SEC::LOW && CTR::EN",different,4,failure,2000,452929022,226464.511
lp-covercrypt,089a548,"SEC::MED && DPT::DEV && CTR::EN","SEC::LOW && CTR::FR",different,4,failure,2000,433692929,216846.465
lp-covercrypt,089a548,"SEC::MED && DPT::DEV && CTR::EN","SEC::LOW && CTR::$",different,8,failure,2000,720993233,360496.617
lp-covercrypt,089a548,"SEC::MED && DPT::DEV && CTR::EN","SEC::LOW && DPT::DEV",different,4,failure,2000,432598837,216299.418
lp-covercrypt,089a548,"SEC::MED && DPT::DEV && CTR::EN","SEC::LOW && DPT::DEV && CTR::EN",same,8,failure,2000,724263297,362131.649
lp-covercrypt,089a548,"SEC::MED && DPT::DEV && CTR::EN","SEC::LOW && DPT::DEV && CTR::FR",same,8,failure,2000,726949887,363474.943
lp-covercrypt,089a548,"SEC::MED && DPT::DEV && CTR::EN","SEC::LOW && DPT::DEV && CTR::$",same,16,failure,2000,1304396892,652198.446
lp-covercrypt,089a548,"SEC::MED && DPT::DEV && CTR::EN","SEC::LOW && DPT::MKG",different,4,failure,2000,438716723,219358.361
lp-covercrypt,089a548,"SEC::MED && DPT::DEV && CTR::EN","SEC::LOW && DPT::MKG && CTR::EN",same,8,failure,2000,727239239,363619.619
lp-covercrypt,089a548,"SEC::MED && DPT::DEV && CTR::EN","SEC::LOW && DPT::MKG && CTR::FR",same,8,failure,2000,731931861,365965.931
lp-covercrypt,089a548,"SEC::MED && DPT::DEV && CTR::EN","SEC::LOW && DPT::MKG && CTR::$",same,16,failure,2000,1313712856,656856.428
lp-covercrypt,089a548,"SEC::MED && DPT::DEV && CTR::EN","SEC::LOW && DPT::$",different,8,failure,2000,727418916,363709.458
lp-covercrypt,089a548,"SEC::MED && DPT::DEV && CTR::EN","SEC::LOW && DPT::$ && CTR::EN",same,16,failure,2000,1302051983,651025.992
lp-covercrypt,089a548,"SEC::MED && DPT::DEV && CTR::EN","SEC::LOW && DPT::$ && CTR::FR",same,16,failure,2000,1304505546,652252.773
lp-covercrypt,089a548,"SEC::MED && DPT::DEV && CTR::EN","SEC::LOW && DPT::$ && CTR::$",same,32,failure,2000,2449053762,1224526.881
lp-covercrypt,089a548,"SEC::MED && DPT::DEV && CTR::EN","SEC::MED",different,3,failure,2000,359751193,179875.597
lp-covercrypt,089a548,"SEC::MED && DPT::DEV && CTR::EN","SEC::MED && CTR::EN",different,6,failure,2000,575447646,287723.823
lp-covercrypt,089a548,"SEC::MED && DPT::DEV && CTR::EN","SEC::MED && CTR::FR",different,6,failure,2000,576472669,288236.334
lp-covercrypt,089a548,"SEC::MED && DPT::DEV && CTR::EN","SEC::MED && CTR::$",different,12,failure,2000,1019214422,509607.211
lp-covercrypt,089a548,"SEC::MED && DPT::DEV && CTR::EN","SEC::MED && DPT::DEV",different,6,failure,2000,583535657,291767.829
lp-covercrypt,089a548,"SEC::MED && DPT::DEV && CTR::EN","SEC::MED && DPT::DEV && CTR::EN",same,12,success,2000,724627059,362313.530
lp-covercrypt,089a548,"SEC::MED && DPT::DEV && CTR::EN","SEC::MED && DPT::DEV && CTR::FR",same,12,failure,2000,1031597649,515798.824
lp-covercrypt,089a548,"SEC::MED && DPT::DEV && CTR::EN","SEC::MED && DPT::DEV && CTR::$",same,24,success,2000,1141650972,570825.486
lp-covercrypt,089a548,"SEC::MED && DPT::DEV && CTR::EN","SEC::MED && DPT::MKG",different,6,failure,2000,578280860,289140.430
lp-covercrypt,089a548,"SEC::MED && DPT::DEV && CTR::EN","SEC::MED && DPT::MKG && CTR::EN",same,12,failure,2000,1019264315,509632.157
lp-covercrypt,089a548,"SEC::MED && DPT::DEV && CTR::EN","SEC::MED && DPT::MKG && CTR::FR",same,12,failure,2000,1005729457,502864.729
lp-covercrypt,089a548,"SEC::MED && DPT::DEV && CTR::EN","SEC::MED && DPT::MKG && CTR::$",same,24,failure,2000,1876151822,938075.911
lp-covercrypt,089a548,"SEC::MED && DPT::DEV && CTR::EN","SEC::MED && DPT::$",different,12,failure,2000,1017601115,508800.557
lp-covercrypt,089a548,"SEC::MED && DPT::DEV && CTR::EN","SEC::MED && DPT::$ && CTR::EN",same,24,success,2000,1183939093,591969.547
lp-covercrypt,089a548,"SEC::MED && DPT::DEV && CTR::EN","SEC::MED && DPT::$ && CTR::FR",same,24,failure,2000,1890671767,945335.883
lp-covercrypt,089a548,"SEC::MED && DPT::DEV && CTR::EN","SEC::MED && DPT::$ && CTR::$",same,48,success,2000,2079629053,1039814.527
lp-covercrypt,089a548,"SEC::MED && DPT::DEV && CTR::EN","SEC::HIG",different,4,failure,2000,453641468,226820.734
lp-covercrypt,089a548,"SEC::MED && DPT::DEV && CTR::EN","SEC::HIG && CTR::EN",different,8,failure,2000,723381412,361690.706
lp-covercrypt,089a548,"SEC::MED && DPT::DEV && CTR::EN","SEC::HIG && CTR::FR",different,8,failure,2000,731527482,365763.741
lp-covercrypt,089a548,"SEC::MED && DPT::DEV && CTR::EN","SEC::HIG && CTR::$",different,16,failure,2000,1306734167,653367.083
lp-covercrypt,089a548,"SEC::MED && DPT::DEV && CTR::EN","SEC::HIG && DPT::DEV",different,8,failure,2000,721042465,360521.232
lp-covercrypt,089a548,"SEC::MED && DPT::DEV && CTR::EN","SEC::HIG && DPT::DEV && CTR::EN",same,16,success,2000,950080013,475040.007
lp-covercrypt,089a548,"SEC::MED && DPT::DEV && CTR::EN","SEC::HIG && DPT::DEV && CTR::FR",same,16,failure,2000,1300201403,650100.701
lp-covercrypt,089a548,"SEC::MED && DPT::DEV && CTR::EN","SEC::HIG && DPT::DEV && CTR::$",same,32,success,2000,1414486883,707243.441
lp-covercrypt,089a548,"SEC::MED && DPT::DEV && CTR::EN","SEC::HIG && DPT::MKG",different,8,failure,2000,717695076,358847.538
lp-covercrypt,089a548,"SEC::MED && DPT::DEV && CTR::EN","SEC::HIG && DPT::MKG && CTR::EN",same,16,failure,2000,1292934031,646467.015
lp-covercrypt,089a548,"SEC::MED && DPT::DEV && CTR::EN","SEC::HIG && DPT::MKG && CTR::FR",same,16,failure,2000,1306930054,653465.027
lp-covercrypt,089a548,"SEC::MED && DPT::DEV && CTR::EN","SEC::HIG && DPT::MKG && CTR::$",same,32,failure,2000,2469431456,1234715.728
lp-covercrypt,089a548,"SEC::MED && DPT::DEV && CTR::EN","SEC::HIG && DPT::$",different,16,failure,2000,1310513686,655256.843
lp-covercrypt,089a548,"SEC::MED && DPT::DEV && CTR::EN","SEC::HIG && DPT::$ && CTR::EN",same,32,success,2000,1453643211,726821.605
lp-covercrypt,089a548,"SEC::MED && DPT::DEV && CTR::EN","SEC::HIG && DPT::$ && CTR::FR",same,32,failure,2000,2478519382,1239259.691
lp-covercrypt,089a548,"SEC::MED && DPT::DEV && CTR::EN","SEC::HIG && DPT::$ && CTR::$",same,64,success,2000,2545610409,1272805.204
lp-covercrypt,089a548,"SEC::MED && DPT::DEV && CTR::EN","SEC::$",different,5,failure,2000,477022214,238511.107
lp-covercrypt,089a548,"SEC::MED && DPT::DEV && CTR::EN","SEC::$ && CTR::EN",different,10,failure,2000,839534005,419767.003
lp-covercrypt,089a548,"SEC::MED && DPT::DEV && CTR::EN","SEC::$ && CTR::FR",different,10,failure,2000,816299143,408149.572
lp-covercrypt,089a548,"SEC::MED && DPT::DEV && CTR::EN","SEC::$ && CTR::$",different,20,failure,2000,1498319393,749159.696
lp-covercrypt,089a548,"SEC::MED && DPT::DEV && CTR::EN","SEC::$ && DPT::DEV",different,10,failure,2000,815389366,407694.683
lp-covercrypt,089a548,"SEC::MED && DPT::DEV && CTR::EN","SEC::$ && DPT::DEV && CTR::EN",same,20,success,2000,940226691,470113.345
lp-covercrypt,089a548,"SEC::MED && DPT::DEV && CTR::EN","SEC::$ && DPT::DEV && CTR::FR",same,20,failure,2000,1504929021,752464.510
lp-covercrypt,089a548,"SEC::MED && DPT::DEV && CTR::EN","SEC::$ && DPT::DEV && CTR::$",same,40,success,2000,1627177979,813588.990
lp-covercrypt,089a548,"SEC::MED && DPT::DEV && CTR::EN","SEC::$ && DPT::MKG",different,10,failure,2000,823518214,411759.107
lp-covercrypt,089a548,"SEC::MED && DPT::DEV && CTR::EN","SEC::$ && DPT::MKG && CTR::EN",same,20,failure,2000,1504216243,752108.122
lp-covercrypt,089a548,"SEC::MED && DPT::DEV && CTR::EN","SEC::$ && DPT::MKG && CTR::FR",same,20,failure,2000,1539210404,769605.202
lp-covercrypt,089a548,"SEC::MED && DPT::DEV && CTR::EN","SEC::$ && DPT::MKG && CTR::$",same,40,failure,2000,2879900182,1439950.091
lp-covercrypt,089a548,"SEC::MED && DPT::DEV && CTR::EN","SEC::$ && DPT::$",different,20,failure,2000,1548507192,774253.596
lp-covercrypt,089a548,"SEC::MED && DPT::DEV && CTR::EN","SEC::$ && DPT::$ && CTR::EN",same,40,success,2000,1688433429,844216.715
lp-covercrypt,089a548,"SEC::MED && DPT::DEV && CTR::EN","SEC::$ && DPT::$ && CTR::FR",same,40,failure,2000,2997581163,1498790.582
lp-covercrypt,089a548,"SEC::MED && DPT::DEV && CTR::EN","SEC::$ && DPT::$ && CTR::$",same,80,success,2000,2913394559,1456697.279
lp-covercrypt,089a548,"CTR::FR","CTR::EN",different,2,failure,2000,294642235,147321.117
lp-covercrypt,089a548,"CTR::FR","CTR::FR",different,2,success,2000,386326812,193163.406
lp-covercrypt,089a548,"CTR::FR","CTR::$",different,4,success,2000,462021346,231010.673
lp-covercrypt,089a548,"CTR::FR","DPT::DEV",different,2,failure,2000,295665164,147832.582
lp-covercrypt,089a548,"CTR::FR","DPT::DEV && CTR::EN",different,4,failure,2000,442496993,221248.497
lp-covercrypt,089a548,"CTR::FR","DPT::DEV && CTR::FR",different,4,success,2000,487607219,243803.609
lp-covercrypt,089a548,"CTR::FR","DPT::DEV && CTR::$",different,8,success,2000,655701351,327850.676
lp-covercrypt,089a548,"CTR::FR","DPT::MKG",different,2,failure,2000,296850076,148425.038
lp-covercrypt,089a548,"CTR::FR","DPT::MKG && CTR::EN",different,4,failure,2000,456157216,228078.608
lp-covercrypt,089a548,"CTR::FR","DPT::MKG && CTR::FR",different,4,success,2000,465315685,232657.842
lp-covercrypt,089a548,"CTR::FR","DPT::MKG && CTR::$",different,8,success,2000,605659797,302829.899
lp-covercrypt,089a548,"CTR::FR","DPT::$",different,4,failure,2000,442643519,221321.759
lp-covercrypt,089a548,"CTR::FR","DPT::$ && CTR::EN",different,8,failure,2000,739806672,369903.336
lp-covercrypt,089a548,"CTR::FR","DPT::$ && CTR::FR",different,8,success,2000,619695414,309847.707
lp-covercrypt,089a548,"CTR::FR","DPT::$ && CTR::$",different,16,success,2000,921948876,460974.438
lp-covercrypt,089a548,"CTR::FR","SEC::LOW",different,2,failure,2000,297969046,148984.523
lp-covercrypt,089a548,"CTR::FR","SEC::LOW && CTR::EN",different,4,failure,2000,469005677,234502.839
lp-covercrypt,089a548,"CTR::FR","SEC::LOW && CTR::FR",different,4,success,2000,463815933,231907.967
lp-covercrypt,089a548,"CTR::FR","SEC::LOW && CTR::$",different,8,success,2000,607173866,303586.933
lp-covercrypt,089a548,"CTR::FR","SEC::LOW && DPT::DEV",different,4,failure,2000,446168621,223084.310
lp-covercrypt,089a548,"CTR::FR","SEC::LOW && DPT::DEV && CTR::EN",same,8,failure,2000,764290858,382145.429
lp-covercrypt,089a548,"CTR::FR","SEC::LOW && DPT::DEV && CTR::FR",same,8,success,2000,642420921,321210.460
lp-covercrypt,089a548,"CTR::FR","SEC::LOW && DPT::DEV && CTR::$",same,16,success,2000,911290473,455645.236
lp-covercrypt,089a548,"CTR::FR","SEC::LOW && DPT::MKG",different,4,failure,2000,443503151,221751.576
lp-covercrypt,089a548,"CTR::FR","SEC::LOW && DPT::MKG && CTR::EN",same,8,failure,2000,749502590,374751.295
lp-covercrypt,089a548,"CTR::FR","SEC::LOW && DPT::MKG && CTR::FR",same,8,success,2000,652400991,326200.496
lp-covercrypt,089a548,"CTR::FR","SEC::LOW && DPT::MKG && CTR::$",same,16,success,2000,957246044,478623.022
lp-covercrypt,089a548,"CTR::FR","SEC::LOW && DPT::$",different,8,failure,2000,740933466,370466.733
lp-covercrypt,089a548,"CTR::FR","SEC::LOW && DPT::$ && CTR::EN",same,16,failure,2000,1342043087,671021.544
lp-covercrypt,089a548,"CTR::FR","SEC::LOW && DPT::$ && CTR::FR",same,16,success,2000,923434592,461717.296
lp-covercrypt,089a548,"CTR::FR","SEC::LOW && DPT::$ && CTR::$",same,32,success,2000,1581169809,790584.904
lp-covercrypt,089a548,"CTR::FR","SEC::MED",different,3,failure,2000,368586396,184293.198
lp-covercrypt,089a548,"CTR::FR","SEC::MED && CTR::EN",different,6,failure,2000,591730648,295865.324
lp-covercrypt,089a548,"CTR::FR","SEC::MED && CTR::FR",different,6,success,2000,535773437,267886.719
lp-covercrypt,089a548,"CTR::FR","SEC::MED && CTR::$",different,12,success,2000,793773320,396886.660
lp-covercrypt,089a548,"CTR::FR","SEC::MED && DPT::DEV",different,6,failure,2000,592010153,296005.077
lp-covercrypt,089a548,"CTR::FR","SEC::MED && DPT::DEV && CTR::EN",same,12,failure,2000,1031903583,515951.791
lp-covercrypt,089a548,"CTR::FR","SEC::MED && DPT::DEV && CTR::FR",same,12,success,2000,771764186,385882.093
lp-covercrypt,089a548,"CTR::FR","SEC::MED && DPT::DEV && CTR::$",same,24,success,2000,1205262020,602631.010
lp-covercrypt,089a548,"CTR::FR","SEC::MED && DPT::MKG",different,6,failure,2000,599659060,299829.530
lp-covercrypt,089a548,"CTR::FR","SEC::MED && DPT::MKG && CTR::EN",same,12,failure,2000,1042284615,521142.307
lp-covercrypt,089a548,"CTR::FR","SEC::MED && DPT::MKG && CTR::FR",same,12,success,2000,752142692,376071.346
lp-covercrypt,089a548,"CTR::FR","SEC::MED && DPT::MKG && CTR::$",same,24,success,2000,1614138600,807069.300
lp-covercrypt,089a548,"CTR::FR","SEC::MED && DPT::$",different,12,failure,2000,1462789387,731394.694
lp-covercrypt,089a548,"CTR::FR","SEC::MED && DPT::$ && CTR::EN",same,24,failure,2000,2893890224,1446945.112
lp-covercrypt,089a548,"CTR::FR","SEC::MED && DPT::$ && CTR::FR",same,24,success,2000,1618244091,809122.046
lp-covercrypt,089a548,"CTR::FR","SEC::MED && DPT::$ && CTR::$",same,48,success,2000,2778436241,1389218.120
lp-covercrypt,089a548,"CTR::FR","SEC::HIG",different,4,failure,2000,599460978,299730.489
lp-covercrypt,089a548,"CTR::FR","SEC::HIG && CTR::EN",different,8,failure,2000,1114820023,557410.012
lp-covercrypt,089a548,"CTR::FR","SEC::HIG && CTR::FR",different,8,success,2000,873723817,436861.909
lp-covercrypt,089a548,"CTR::FR","SEC::HIG && CTR::$",different,16,success,2000,1291249350,645624.675
lp-covercrypt,089a548,"CTR::FR","SEC::HIG && DPT::DEV",different,8,failure,2000,1237846631,618923.316
lp-covercrypt,089a548,"CTR::FR","SEC::HIG && DPT::DEV && CTR::EN",same,16,failure,2000,2210673290,1105336.645
lp-covercrypt,089a548,"CTR::FR","SEC::HIG && DPT::DEV && CTR::FR",same,16,success,2000,1368521534,684260.767
lp-covercrypt,089a548,"CTR::FR","SEC::HIG && DPT::DEV && CTR::$",same,32,success,2000,2080170940,1040085.470
lp-covercrypt,089a548,"CTR::FR","SEC::HIG && DPT::MKG",different,8,failure,2000,1071739135,535869.568
lp-covercrypt,089a548,"CTR::FR","SEC::HIG && DPT::MKG && CTR::EN",same,16,failure,2000,1649388560,824694.280
lp-covercrypt,089a548,"CTR::FR","SEC::HIG && DPT::MKG && CTR::FR",same,16,success,2000,893645776,446822.888
lp-covercrypt,089a548,"CTR::FR","SEC::HIG && DPT::MKG && CTR::$",same,32,success,2000,1447278342,723639.171
lp-covercrypt,089a548,"CTR::FR","SEC::HIG && DPT::$",different,16,failure,2000,1322316796,661158.398
lp-covercrypt,089a548,"CTR::FR","SEC::HIG && DPT::$ && CTR::EN",same,32,failure,2000,2499622647,1249811.323
lp-covercrypt,089a548,"CTR::FR","SEC::HIG && DPT::$ && CTR::FR",same,32,success,2000,1463686630,731843.315
lp-covercrypt,089a548,"CTR::FR","SEC::HIG && DPT::$ && CTR::$",same,64,success,2000,2615525472,1307762.736
lp-covercrypt,089a548,"CTR::FR","SEC::$",different,5,failure,2000,521779678,260889.839
lp-covercrypt,089a548,"CTR::FR","SEC::$ && CTR::EN",different,10,failure,2000,1025617261,512808.631
lp-covercrypt,089a548,"CTR::FR","SEC::$ && CTR::FR",different,10,success,2000,703839406,351919.703
lp-covercrypt,089a548,"CTR::FR","SEC::$ && CTR::$",different,20,success,2000,1066502321,533251.160
lp-covercrypt,089a548,"CTR::FR","SEC::$ && DPT::DEV",different,10,failure,2000,884983207,442491.604
lp-covercrypt,089a548,"CTR::FR","SEC::$ && DPT::DEV && CTR::EN",same,20,failure,2000,1660679570,830339.785
lp-covercrypt,089a548,"CTR::FR","SEC::$ && DPT::DEV && CTR::FR",same,20,success,2000,1191687157,595843.578
lp-covercrypt,089a548,"CTR::FR","SEC::$ && DPT::DEV && CTR::$",same,40,success,2000,1859294782,929647.391
lp-covercrypt,089a548,"CTR::FR","SEC::$ && DPT::MKG",different,10,failure,2000,895201223,447600.611
lp-covercrypt,089a548,"CTR::FR","SEC::$ && DPT::MKG && CTR::EN",same,20,failure,2000,1692850864,846425.432
lp-covercrypt,089a548,"CTR::FR","SEC::$ && DPT::MKG && CTR::FR",same,20,success,2000,1080154660,540077.330
lp-covercrypt,089a548,"CTR::FR","SEC::$ && DPT::MKG && CTR::$",same,40,success,2000,1952249612,976124.806
lp-covercrypt,089a548,"CTR::FR","SEC::$ && DPT::$",different,20,failure,2000,1734667713,867333.856
lp-covercrypt,089a548,"CTR::FR","SEC::$ && DPT::$ && CTR::EN",same,40,failure,2000,3193544220,1596772.110
lp-covercrypt,089a548,"CTR::FR","SEC::$ && DPT::$ && CTR::FR",same,40,success,2000,1744421869,872210.934
lp-covercrypt,089a548,"CTR::FR","SEC::$ && DPT::$ && CTR::$",same,80,success,2000,3170878695,1585439.347
lp-covercrypt,089a548,"DPT::$ && CTR::FR","CTR::EN",different,2,failure,2000,295835773,147917.886
lp-covercrypt,089a548,"DPT::$ && CTR::FR","CTR::FR",different,2,failure,2000,295535310,147767.655
lp-covercrypt,089a548,"DPT::$ && CTR::FR","CTR::$",different,4,failure,2000,441821216,220910.608
lp-covercrypt,089a548,"DPT::$ && CTR::FR","DPT::DEV",different,2,failure,2000,297691204,148845.602
lp-covercrypt,089a548,"DPT::$ && CTR::FR","DPT::DEV && CTR::EN",different,4,failure,2000,441522206,220761.103
lp-covercrypt,089a548,"DPT::$ && CTR::FR","DPT::DEV && CTR::FR",different,4,failure,2000,439657397,219828.698
lp-covercrypt,089a548,"DPT::$ && CTR::FR","DPT::DEV && CTR::$",different,8,failure,2000,742051774,371025.887
lp-covercrypt,089a548,"DPT::$ && CTR::FR","DPT::MKG",different,2,failure,2000,297577151,148788.576
lp-covercrypt,089a548,"DPT::$ && CTR::FR","DPT::MKG && CTR::EN",different,4,failure,2000,446536631,223268.315
lp-covercrypt,089a548,"DPT::$ && CTR::FR","DPT::MKG && CTR::FR",different,4,failure,2000,445192580,222596.290
lp-covercrypt,089a548,"DPT::$ && CTR::FR","DPT::MKG && CTR::$",different,8,failure,2000,734183875,367091.938
lp-covercrypt,089a548,"DPT::$ && CTR::FR","DPT::$",different,4,failure,2000,444903748,222451.874
lp-covercrypt,089a548,"DPT::$ && CTR::FR","DPT::$ && CTR::EN",different,8,failure,2000,743366590,371683.295
lp-covercrypt,089a548,"DPT::$ && CTR::FR","DPT::$ && CTR::FR",different,8,success,2000,606480065,303240.032
lp-covercrypt,089a548,"DPT::$ && CTR::FR","DPT::$ && CTR::$",different,16,success,2000,888499383,444249.692
lp-covercrypt,089a548,"DPT::$ && CTR::FR","SEC::LOW",different,2,failure,2000,292897803,146448.902
lp-covercrypt,089a548,"DPT::$ && CTR::FR","SEC::LOW && CTR::EN",different,4,failure,2000,438986518,219493.259
lp-covercrypt,089a548,"DPT::$ && CTR::FR","SEC::LOW && CTR::FR",different,4,failure,2000,439472490,219736.245
lp-covercrypt,089a548,"DPT::$ && CTR::FR","SEC::LOW && CTR::$",different,8,failure,2000,738611090,369305.545
lp-covercrypt,089a548,"DPT::$ && CTR::FR","SEC::LOW && DPT::DEV",different,4,failure,2000,445119723,222559.861
lp-covercrypt,089a548,"DPT::$ && CTR::FR","SEC::LOW && DPT::DEV && CTR::EN",same,8,failure,2000,748447971,374223.986
lp-covercrypt,089a548,"DPT::$ && CTR::FR","SEC::LOW && DPT::DEV && CTR::FR",same,8,failure,2000,745940968,372970.484
lp-covercrypt,089a548,"DPT::$ && CTR::FR","SEC::LOW && DPT::DEV && CTR::$",same,16,failure,2000,1340657598,670328.799
lp-covercrypt,089a548,"DPT::$ && CTR::FR","SEC::LOW && DPT::MKG",different,4,failure,2000,451699145,225849.573
lp-covercrypt,089a548,"DPT::$ && CTR::FR","SEC::LOW && DPT::MKG && CTR::EN",same,8,failure,2000,741730981,370865.491
lp-covercrypt,089a548,"DPT::$ && CTR::FR","SEC::LOW && DPT::MKG && CTR::FR",same,8,failure,2000,741382388,370691.194
lp-covercrypt,089a548,"DPT::$ && CTR::FR","SEC::LOW && DPT::MKG && CTR::$",same,16,failure,2000,1326236327,663118.164
lp-covercrypt,089a548,"DPT::$ && CTR::FR","SEC::LOW && DPT::$",different,8,failure,2000,738429680,369214.840
lp-covercrypt,089a548,"DPT::$ && CTR::FR","SEC::LOW && DPT::$ && CTR::EN",same,16,failure,2000,1332283741,666141.870
lp-covercrypt,089a548,"DPT::$ && CTR::FR","SEC::LOW && DPT::$ && CTR::FR",same,16,success,2000,896328267,448164.133
lp-covercrypt,089a548,"DPT::$ && CTR::FR","SEC::LOW && DPT::$ && CTR::$",same,32,success,2000,1483779138,741889.569
lp-covercrypt,089a548,"DPT::$ && CTR::FR","SEC::MED",different,3,failure,2000,367990729,183995.364
lp-covercrypt,089a548,"DPT::$ && CTR::FR","SEC::MED && CTR::EN",different,6,failure,2000,588769264,294384.632
lp-covercrypt,089a548,"DPT::$ && CTR::FR","SEC::MED && CTR::FR",different,6,failure,2000,586640691,293320.345
lp-covercrypt,089a548,"DPT::$ && CTR::FR","SEC::MED && CTR::$",different,12,failure,2000,1033768401,516884.200
lp-covercrypt,089a548,"DPT::$ && CTR::FR","SEC::MED && DPT::DEV",different,6,failure,2000,594089543,297044.771
lp-covercrypt,089a548,"DPT::$ && CTR::FR","SEC::MED && DPT::DEV && CTR::EN",same,12,failure,2000,1042435668,521217.834
lp-covercrypt,089a548,"DPT::$ && CTR::FR","SEC::MED && DPT::DEV && CTR::FR",same,12,failure,2000,1040892243,520446.122
lp-covercrypt,089a548,"DPT::$ && CTR::FR","SEC::MED && DPT::DEV && CTR::$",same,24,failure,2000,1913625362,956812.681
lp-covercrypt,089a548,"DPT::$ && CTR::FR","SEC::MED && DPT::MKG",different,6,failure,2000,590095221,295047.611
lp-covercrypt,089a548,"DPT::$ && CTR::FR","SEC::MED && DPT::MKG && CTR::EN",same,12,failure,2000,1030259459,515129.730
lp-covercrypt,089a548,"DPT::$ && CTR::FR","SEC::MED && DPT::MKG && CTR::FR",same,12,failure,2000,1031272579,515636.290
lp-covercrypt,089a548,"DPT::$ && CTR::FR","SEC::MED && DPT::MKG && CTR::$",same,24,failure,2000,1927529663,963764.831
lp-covercrypt,089a548,"DPT::$ && CTR::FR","SEC::MED && DPT::$",different,12,failure,2000,1033826199,516913.100
lp-covercrypt,089a548,"DPT::$ && CTR::FR","SEC::MED && DPT::$ && CTR::EN",same,24,failure,2000,1958480068,979240.034
lp-covercrypt,089a548,"DPT::$ && CTR::FR","SEC::MED && DPT::$ && CTR::FR",same,24,success,2000,1177299950,588649.975
lp-covercrypt,089a548,"DPT::$ && CTR::FR","SEC::MED && DPT::$ && CTR::$",same,48,success,2000,2055442105,1027721.052
lp-covercrypt,089a548,"DPT::$ && CTR::FR","SEC::HIG",different,4,failure,2000,439561317,219780.658
lp-covercrypt,089a548,"DPT::$ && CTR::FR","SEC::HIG && CTR::EN",different,8,failure,2000,733409322,366704.661
lp-covercrypt,089a548,"DPT::$ && CTR::FR","SEC::HIG && CTR::FR",different,8,failure,2000,735021837,367510.919
lp-covercrypt,089a548,"DPT::$ && CTR::FR","SEC::HIG && CTR::$",different,16,failure,2000,1334537638,667268.819
lp-covercrypt,089a548,"DPT::$ && CTR::FR","SEC::HIG && DPT::DEV",different,8,failure,2000,734945624,367472.812
lp-covercrypt,089a548,"DPT::$ && CTR::FR","SEC::HIG && DPT::DEV && CTR::EN",same,16,failure,2000,1337743582,668871.791
lp-covercrypt,089a548,"DPT::$ && CTR::FR","SEC::HIG && DPT::DEV && CTR::FR",same,16,failure,2000,1341552397,670776.199
lp-covercrypt,089a548,"DPT::$ && CTR::FR","SEC::HIG && DPT::DEV && CTR::$",same,32,failure,2000,2501881764,1250940.882
lp-covercrypt,089a548,"DPT::$ && CTR::FR","SEC::HIG && DPT::MKG",different,8,failure,2000,735459648,367729.824
lp-covercrypt,089a548,"DPT::$ && CTR::FR","SEC::HIG && DPT::MKG && CTR::EN",same,16,failure,2000,1319666694,659833.347
lp-covercrypt,089a548,"DPT::$ && CTR::FR","SEC::HIG && DPT::MKG && CTR::FR",same,16,failure,2000,1319556858,659778.429
lp-covercrypt,089a548,"DPT::$ && CTR::FR","SEC::HIG && DPT::MKG && CTR::$",same,32,failure,2000,2521897799,1260948.900
lp-covercrypt,089a548,"DPT::$ && CTR::FR","SEC::HIG && DPT::$",different,16,failure,2000,1333666795,666833.397
lp-covercrypt,089a548,"DPT::$ && CTR::FR","SEC::HIG && DPT::$ && CTR::EN",same,32,failure,2000,2517197964,1258598.982
lp-covercrypt,089a548,"DPT::$ && CTR::FR","SEC::HIG && DPT::$ && CTR::FR",same,32,success,2000,1558096819,779048.409
lp-covercrypt,089a548,"DPT::$ && CTR::FR","SEC::HIG && DPT::$ && CTR::$",same,64,success,2000,2741076273,1370538.137
lp-covercrypt,089a548,"DPT::$ && CTR::FR","SEC::$",different,5,failure,2000,512470546,256235.273
lp-covercrypt,089a548,"DPT::$ && CTR::FR","SEC::$ && CTR::EN",different,10,failure,2000,879811968,439905.984
lp-covercrypt,089a548,"DPT::$ && CTR::FR","SEC::$ && CTR::FR",different,10,failure,2000,877680709,438840.355
lp-covercrypt,089a548,"DPT::$ && CTR::FR","SEC::$ && CTR::$",different,20,failure,2000,1630375577,815187.789
lp-covercrypt,089a548,"DPT::$ && CTR::FR","SEC::$ && DPT::DEV",different,10,failure,2000,921283337,460641.669
lp-covercrypt,089a548,"DPT::$ && CTR::FR","SEC::$ && DPT::DEV && CTR::EN",same,20,failure,2000,1693363967,846681.983
lp-covercrypt,089a548,"DPT::$ && CTR::FR","SEC::$ && DPT::DEV && CTR::FR",same,20,failure,2000,1666708648,833354.324
lp-covercrypt,089a548,"DPT::$ && CTR::FR","SEC::$ && DPT::DEV && CTR::$",same,40,failure,2000,3864406941,1932203.471
lp-covercrypt,089a548,"DPT::$ && CTR::FR","SEC::$ && DPT::MKG",different,10,failure,2000,1210292887,605146.444
lp-covercrypt,089a548,"DPT::$ && CTR::FR","SEC::$ && DPT::MKG && CTR::EN",same,20,failure,2000,2228628810,1114314.405
lp-covercrypt,089a548,"DPT::$ && CTR::FR","SEC::$ && DPT::MKG && CTR::FR",same,20,failure,2000,1865921622,932960.811
lp-covercrypt,089a548,"DPT::$ && CTR::FR","SEC::$ && DPT::MKG && CTR::$",same,40,failure,2000,3121546260,1560773.130
lp-covercrypt,089a548,"DPT::$ && CTR::FR","SEC::$ && DPT::$",different,20,failure,2000,1620239214,810119.607
lp-covercrypt,089a548,"DPT::$ && CTR::FR","SEC::$ && DPT::$ && CTR::EN",same,40,failure,2000,3144592509,1572296.255
lp-covercrypt,089a548,"DPT::$ && CTR::FR","SEC::$ && DPT::$ && CTR::FR",same,40,success,2000,1812027991,906013.995
lp-covercrypt,089a548,"DPT::$ && CTR::FR","SEC::$ && DPT::$ && CTR::$",same,80,success,2000,3159577507,1579788.754
lp-covercrypt,089a548,"SEC::LOW && DPT::MKG && CTR::FR","CTR::EN",different,2,failure,2000,301067017,150533.508
lp-covercrypt,089a548,"SEC::LOW && DPT::MKG && CTR::FR","CTR::FR",different,2,failure,2000,303801446,151900.723
lp-covercrypt,089a548,"SEC::LOW && DPT::MKG && CTR::FR","CTR::$",different,4,failure,2000,443811870,221905.935
lp-covercrypt,089a548,"SEC::LOW && DPT::MKG && CTR::FR","DPT::DEV",different,2,failure,2000,293086788,146543.394
lp-covercrypt,089a548,"SEC::LOW && DPT::MKG && CTR::FR","DPT::DEV && CTR::EN",different,4,failure,2000,439066949,219533.475
lp-covercrypt,089a548,"SEC::LOW && DPT::MKG && CTR::FR","DPT::DEV && CTR::FR",different,4,failure,2000,445212748,222606.374
lp-covercrypt,089a548,"SEC::LOW && DPT::MKG && CTR::FR","DPT::DEV && CTR::$",different,8,failure,2000,733705448,366852.724
lp-covercrypt,089a548,"SEC::LOW && DPT::MKG && CTR::FR","DPT::MKG",different,2,failure,2000,292552425,146276.212
lp-covercrypt,089a548,"SEC::LOW && DPT::MKG && CTR::FR","DPT::MKG && CTR::EN",different,4,failure,2000,438714468,219357.234
lp-covercrypt,089a548,"SEC::LOW && DPT::MKG && CTR::FR","DPT::MKG && CTR::FR",different,4,failure,2000,438412392,219206.196
lp-covercrypt,089a548,"SEC::LOW && DPT::MKG && CTR::FR","DPT::MKG && CTR::$",different,8,failure,2000,731789204,365894.602
lp-covercrypt,089a548,"SEC::LOW && DPT::MKG && CTR::FR","DPT::$",different,4,failure,2000,439350191,219675.095
lp-covercrypt,089a548,"SEC::LOW && DPT::MKG && CTR::FR","DPT::$ && CTR::EN",different,8,failure,2000,737401340,368700.670
lp-covercrypt,089a548,"SEC::LOW && DPT::MKG && CTR::FR","DPT::$ && CTR::FR",different,8,failure,2000,738120279,369060.139
lp-covercrypt,089a548,"SEC::LOW && DPT::MKG && CTR::FR","DPT::$ && CTR::$",different,16,failure,2000,1337542685,668771.343
lp-covercrypt,089a548,"SEC::LOW && DPT::MKG && CTR::FR","SEC::LOW",different,2,failure,2000,294998613,147499.307
lp-covercrypt,089a548,"SEC::LOW && DPT::MKG && CTR::FR","SEC::LOW && CTR::EN",different,4,failure,2000,449237187,224618.593
lp-covercrypt,089a548,"SEC::LOW && DPT::MKG && CTR::FR","SEC::LOW && CTR::FR",different,4,failure,2000,447754826,223877.413
lp-covercrypt,089a548,"SEC::LOW && DPT::MKG && CTR::FR","SEC::LOW && CTR::$",different,8,failure,2000,743273555,371636.778
lp-covercrypt,089a548,"SEC::LOW && DPT::MKG && CTR::FR","SEC::LOW && DPT::DEV",different,4,failure,2000,467339442,233669.721
lp-covercrypt,089a548,"SEC::LOW && DPT::MKG && CTR::FR","SEC::LOW && DPT::DEV && CTR::EN",same,8,failure,2000,772706594,386353.297
lp-covercrypt,089a548,"SEC::LOW && DPT::MKG && CTR::FR","SEC::LOW && DPT::DEV && CTR::FR",same,8,failure,2000,748317256,374158.628
lp-covercrypt,089a548,"SEC::LOW && DPT::MKG && CTR::FR","SEC::LOW && DPT::DEV && CTR::$",same,16,failure,2000,1354666095,677333.047
lp-covercrypt,089a548,"SEC::LOW && DPT::MKG && CTR::FR","SEC::LOW && DPT::MKG",different,4,failure,2000,452347050,226173.525
lp-covercrypt,089a548,"SEC::LOW && DPT::MKG && CTR::FR","SEC::LOW && DPT::MKG && CTR::EN",same,8,failure,2000,752970996,376485.498
lp-covercrypt,089a548,"SEC::LOW && DPT::MKG && CTR::FR","SEC::LOW && DPT::MKG && CTR::FR",same,8,success,2000,614254097,307127.048
lp-covercrypt,089a548,"SEC::LOW && DPT::MKG && CTR::FR","SEC::LOW && DPT::MKG && CTR::$",same,16,success,2000,957762412,478881.206
lp-covercrypt,089a548,"SEC::LOW && DPT::MKG && CTR::FR","SEC::LOW && DPT::$",different,8,failure,2000,761393814,380696.907
lp-covercrypt,089a548,"SEC::LOW && DPT::MKG && CTR::FR","SEC::LOW && DPT::$ && CTR::EN",same,16,failure,2000,1379040114,689520.057
lp-covercrypt,089a548,"SEC::LOW && DPT::MKG && CTR::FR","SEC::LOW && DPT::$ && CTR::FR",same,16,success,2000,949610392,474805.196
lp-covercrypt,089a548,"SEC::LOW && DPT::MKG && CTR::FR","SEC::LOW && DPT::$ && CTR::$",same,32,success,2000,1460188307,730094.154
lp-covercrypt,089a548,"SEC::LOW && DPT::MKG && CTR::FR","SEC::MED",different,3,failure,2000,368242751,184121.375
lp-covercrypt,089a548,"SEC::LOW && DPT::MKG && CTR::FR","SEC::MED && CTR::EN",different,6,failure,2000,588451829,294225.915
lp-covercrypt,089a548,"SEC::LOW && DPT::MKG && CTR::FR","SEC::MED && CTR::FR",different,6,failure,2000,587972659,293986.329
lp-covercrypt,089a548,"SEC::LOW && DPT::MKG && CTR::FR","SEC::MED && CTR::$",different,12,failure,2000,1035993204,517996.602
lp-covercrypt,089a548,"SEC::LOW && DPT::MKG && CTR::FR","SEC::MED && DPT::DEV",different,6,failure,2000,587922796,293961.398
lp-covercrypt,089a548,"SEC::LOW && DPT::MKG && CTR::FR","SEC::MED && DPT::DEV && CTR::EN",same,12,failure,2000,1025845379,512922.689
lp-covercrypt,089a548,"SEC::LOW && DPT::MKG && CTR::FR","SEC::MED && DPT::DEV && CTR::FR",same,12,failure,2000,1030796677,515398.339
lp-covercrypt,089a548,"SEC::LOW && DPT::MKG && CTR::FR","SEC::MED && DPT::DEV && CTR::$",same,24,failure,2000,1929942970,964971.485
lp-covercrypt,089a548,"SEC::LOW && DPT::MKG && CTR::FR","SEC::MED && DPT::MKG",different,6,failure,2000,598731019,299365.509
lp-covercrypt,089a548,"SEC::LOW && DPT::MKG && CTR::FR","SEC::MED && DPT::MKG && CTR::EN",same,12,failure,2000,1050053107,525026.554
lp-covercrypt,089a548,"SEC::LOW && DPT::MKG && CTR::FR","SEC::MED && DPT::MKG && CTR::FR",same,12,success,2000,787633894,393816.947
lp-covercrypt,089a548,"SEC::LOW && DPT::MKG && CTR::FR","SEC::MED && DPT::MKG && CTR::$",same,24,success,2000,1278947555,639473.777
lp-covercrypt,089a548,"SEC::LOW && DPT::MKG && CTR::FR","SEC::MED && DPT::$",different,12,failure,2000,1037038846,518519.423
lp-covercrypt,089a548,"SEC::LOW && DPT::MKG && CTR::FR","SEC::MED && DPT::$ && CTR::EN",same,24,failure,2000,2054291727,1027145.863
lp-covercrypt,089a548,"SEC::LOW && DPT::MKG && CTR::FR","SEC::MED && DPT::$ && CTR::FR",same,24,success,2000,1176812886,588406.443
lp-covercrypt,089a548,"SEC::LOW && DPT::MKG && CTR::FR","SEC::MED && DPT::$ && CTR::$",same,48,success,2000,2049683073,1024841.537
lp-covercrypt,089a548,"SEC::LOW && DPT::MKG && CTR::FR","SEC::HIG",different,4,failure,2000,441538286,220769.143
lp-covercrypt,089a548,"SEC::LOW && DPT::MKG && CTR::FR","SEC::HIG && CTR::EN",different,8,failure,2000,737704349,368852.175
lp-covercrypt,089a548,"SEC::LOW && DPT::MKG && CTR::FR","SEC::HIG && CTR::FR",different,8,failure,2000,735858737,367929.368
lp-covercrypt,089a548,"SEC::LOW && DPT::MKG && CTR::FR","SEC::HIG && CTR::$",different,16,failure,2000,1319635265,659817.632
lp-covercrypt,089a548,"SEC::LOW && DPT::MKG && CTR::FR","SEC::HIG && DPT::DEV",different,8,failure,2000,734794732,367397.366
lp-covercrypt,089a548,"SEC::LOW && DPT::MKG && CTR::FR","SEC::HIG && DPT::DEV && CTR::EN",same,16,failure,2000,1335421998,667710.999
lp-covercrypt,089a548,"SEC::LOW && DPT::MKG && CTR::FR","SEC::HIG && DPT::DEV && CTR::FR",same,16,failure,2000,1367712687,683856.343
lp-covercrypt,089a548,"SEC::LOW && DPT::MKG && CTR::FR","SEC::HIG && DPT::DEV && CTR::$",same,32,failure,2000,2516348510,1258174.255
lp-covercrypt,089a548,"SEC::LOW && DPT::MKG && CTR::FR","SEC::HIG && DPT::MKG",different,8,failure,2000,736790234,368395.117
lp-covercrypt,089a548,"SEC::LOW && DPT::MKG && CTR::FR","SEC::HIG && DPT::MKG && CTR::EN",same,16,failure,2000,1331973940,665986.970
lp-covercrypt,089a548,"SEC::LOW && DPT::MKG && CTR::FR","SEC::HIG && DPT::MKG && CTR::FR",same,16,success,2000,953639510,476819.755
lp-covercrypt,089a548,"SEC::LOW && DPT::MKG && CTR::FR","SEC::HIG && DPT::MKG && CTR::$",same,32,success,2000,1531541027,765770.514
lp-covercrypt,089a548,"SEC::LOW && DPT::MKG && CTR::FR","SEC::HIG && DPT::$",different,16,failure,2000,1347765260,673882.630
lp-covercrypt,089a548,"SEC::LOW && DPT::MKG && CTR::FR","SEC::HIG && DPT::$ && CTR::EN",same,32,failure,2000,2509559706,1254779.853
lp-covercrypt,089a548,"SEC::LOW && DPT::MKG && CTR::FR","SEC::HIG && DPT::$ && CTR::FR",same,32,success,2000,1537175837,768587.919
lp-covercrypt,089a548,"SEC::LOW && DPT::MKG && CTR::FR","SEC::HIG && DPT::$ && CTR::$",same,64,success,2000,2593840716,1296920.358
lp-covercrypt,089a548,"SEC::LOW && DPT::MKG && CTR::FR","SEC::$",different,5,failure,2000,522004861,261002.430
lp-covercrypt,089a548,"SEC::LOW && DPT::MKG && CTR::FR","SEC::$ && CTR::EN",different,10,failure,2000,884919117,442459.558
lp-covercrypt,089a548,"SEC::LOW && DPT::MKG && CTR::FR","SEC::$ && CTR::FR",different,10,failure,2000,886036243,443018.122
lp-covercrypt,089a548,"SEC::LOW && DPT::MKG && CTR::FR","SEC::$ && CTR::$",different,20,failure,2000,1624129792,812064.896
lp-covercrypt,089a548,"SEC::LOW && DPT::MKG && CTR::FR","SEC::$ && DPT::DEV",different,10,failure,2000,901934614,450967.307
lp-covercrypt,089a548,"SEC::LOW && DPT::MKG && CTR::FR","SEC::$ && DPT::DEV && CTR::EN",same,20,failure,2000,1655831125,827915.562
lp-covercrypt,089a548,"SEC::LOW && DPT::MKG && CTR::FR","SEC::$ && DPT::DEV && CTR::FR",same,20,failure,2000,1639855298,819927.649
lp-covercrypt,089a548,"SEC::LOW && DPT::MKG && CTR::FR","SEC::$ && DPT::DEV && CTR::$",same,40,failure,2000,3087728386,1543864.193
lp-covercrypt,089a548,"SEC::LOW && DPT::MKG && CTR::FR","SEC::$ && DPT::MKG",different,10,failure,2000,881630989,440815.494
lp-covercrypt,089a548,"SEC::LOW && DPT::MKG && CTR::FR","SEC::$ && DPT::MKG && CTR::EN",same,20,failure,2000,1647615635,823807.818
lp-covercrypt,089a548,"SEC::LOW && DPT::MKG && CTR::FR","SEC::$ && DPT::MKG && CTR::FR",same,20,success,2000,1030095992,515047.996
lp-covercrypt,089a548,"SEC::LOW && DPT::MKG && CTR::FR","SEC::$ && DPT::MKG && CTR::$",same,40,success,2000,1787130550,893565.275
lp-covercrypt,089a548,"SEC::LOW && DPT::MKG && CTR::FR","SEC::$ && DPT::$",different,20,failure,2000,1666092292,833046.146
lp-covercrypt,089a548,"SEC::LOW && DPT::MKG && CTR::FR","SEC::$ && DPT::$ && CTR::EN",same,40,failure,2000,3101813907,1550906.954
lp-covercrypt,089a548,"SEC::LOW && DPT::MKG && CTR::FR","SEC::$ && DPT::$ && CTR::FR",same,40,success,2000,1765896410,882948.205
lp-covercrypt,089a548,"SEC::LOW && DPT::MKG && CTR::FR","SEC::$ && DPT::$ && CTR::$",same,80,success,2000,3094756830,1547378.415
lp-covercrypt,089a548,"SEC::MED && DPT::DEV && CTR::FR","CTR::EN",different,2,failure,2000,290709709,145354.854
lp-covercrypt,089a548,"SEC::MED && DPT::DEV && CTR::FR","CTR::FR",different,2,failure,2000,306550171,153275.085
lp-covercrypt,089a548,"SEC::MED && DPT::DEV && CTR::FR","CTR::$",different,4,failure,2000,430613253,215306.627
lp-covercrypt,089a548,"SEC::MED && DPT::DEV && CTR::FR","DPT::DEV",different,2,failure,2000,290819365,145409.682
lp-covercrypt,089a548,"SEC::MED && DPT::DEV && CTR::FR","DPT::DEV && CTR::EN",different,4,failure,2000,430956737,215478.369
lp-covercrypt,089a548,"SEC::MED && DPT::DEV && CTR::FR","DPT::DEV && CTR::FR",different,4,failure,2000,432082629,216041.315
lp-covercrypt,089a548,"SEC::MED && DPT::DEV && CTR::FR","DPT::DEV && CTR::$",different,8,failure,2000,728959786,364479.893
lp-covercrypt,089a548,"SEC::MED && DPT::DEV && CTR::FR","DPT::MKG",different,2,failure,2000,291032464,145516.232
lp-covercrypt,089a548,"SEC::MED && DPT::DEV && CTR::FR","DPT::MKG && CTR::EN",different,4,failure,2000,445927158,222963.579
lp-covercrypt,089a548,"SEC::MED && DPT::DEV && CTR::FR","DPT::MKG && CTR::FR",different,4,failure,2000,442510058,221255.029
lp-covercrypt,089a548,"SEC::MED && DPT::DEV && CTR::FR","DPT::MKG && CTR::$",different,8,failure,2000,737126545,368563.273
lp-covercrypt,089a548,"SEC::MED && DPT::DEV && CTR::FR","DPT::$",different,4,failure,2000,435225033,217612.516
lp-covercrypt,089a548,"SEC::MED && DPT::DEV && CTR::FR","DPT::$ && CTR::EN",different,8,failure,2000,725518001,362759.001
lp-covercrypt,089a548,"SEC::MED && DPT::DEV && CTR::FR","DPT::$ && CTR::FR",different,8,failure,2000,721546210,360773.105
lp-covercrypt,089a548,"SEC::MED && DPT::DEV && CTR::FR","DPT::$ && CTR::$",different,16,failure,2000,1296860616,648430.308
lp-covercrypt,089a548,"SEC::MED && DPT::DEV && CTR::FR","SEC::LOW",different,2,failure,2000,287750238,143875.119
lp-covercrypt,089a548,"SEC::MED && DPT::DEV && CTR::FR","SEC::LOW && CTR::EN",different,4,failure,2000,436156360,218078.180
lp-covercrypt,089a548,"SEC::MED && DPT::DEV && CTR::FR","SEC::LOW && CTR::FR",different,4,failure,2000,434534187,217267.093
lp-covercrypt,089a548,"SEC::MED && DPT::DEV && CTR::FR","SEC::LOW && CTR::$",different,8,failure,2000,727459372,363729.686
lp-covercrypt,089a548,"SEC::MED && DPT::DEV && CTR::FR","SEC::LOW && DPT::DEV",different,4,failure,2000,436929310,218464.655
lp-covercrypt,089a548,"SEC::MED && DPT::DEV && CTR::FR","SEC::LOW && DPT::DEV && CTR::EN",same,8,failure,2000,726742257,363371.128
lp-covercrypt,089a548,"SEC::MED && DPT::DEV && CTR::FR","SEC::LOW && DPT::DEV && CTR::FR",same,8,failure,2000,727834546,363917.273
lp-covercrypt,089a548,"SEC::MED && DPT::DEV && CTR::FR","SEC::LOW && DPT::DEV && CTR::$",same,16,failure,2000,1318010387,659005.194
lp-covercrypt,089a548,"SEC::MED && DPT::DEV && CTR::FR","SEC::LOW && DPT::MKG",different,4,failure,2000,438715841,219357.921
lp-covercrypt,089a548,"SEC::MED && DPT::DEV && CTR::FR","SEC::LOW && DPT::MKG && CTR::EN",same,8,failure,2000,725799388,362899.694
lp-covercrypt,089a548,"SEC::MED && DPT::DEV && CTR::FR","SEC::LOW && DPT::MKG && CTR::FR",same,8,failure,2000,730521476,365260.738
lp-covercrypt,089a548,"SEC::MED && DPT::DEV && CTR::FR","SEC::LOW && DPT::MKG && CTR::$",same,16,failure,2000,1305804432,652902.216
lp-covercrypt,089a548,"SEC::MED && DPT::DEV && CTR::FR","SEC::LOW && DPT::$",different,8,failure,2000,729061427,364530.714
lp-covercrypt,089a548,"SEC::MED && DPT::DEV && CTR::FR","SEC::LOW && DPT::$ && CTR::EN",same,16,failure,2000,1308037822,654018.911
lp-covercrypt,089a548,"SEC::MED && DPT::DEV && CTR::FR","SEC::LOW && DPT::$ && CTR::FR",same,16,failure,2000,1311305210,655652.605
lp-covercrypt,089a548,"SEC::MED && DPT::DEV && CTR::FR","SEC::LOW && DPT::$ && CTR::$",same,32,failure,2000,2465664570,1232832.285
lp-covercrypt,089a548,"SEC::MED && DPT::DEV && CTR::FR","SEC::MED",different,3,failure,2000,365424876,182712.438
lp-covercrypt,089a548,"SEC::MED && DPT::DEV && CTR::FR","SEC::MED && CTR::EN",different,6,failure,2000,581400782,290700.391
lp-covercrypt,089a548,"SEC::MED && DPT::DEV && CTR::FR","SEC::MED && CTR::FR",different,6,failure,2000,583007366,291503.683
lp-covercrypt,089a548,"SEC::MED && DPT::DEV && CTR::FR","SEC::MED && CTR::$",different,12,failure,2000,1009860856,504930.428
lp-covercrypt,089a548,"SEC::MED && DPT::DEV && CTR::FR","SEC::MED && DPT::DEV",different,6,failure,2000,580763366,290381.683
lp-covercrypt,089a548,"SEC::MED && DPT::DEV && CTR::FR","SEC::MED && DPT::DEV && CTR::EN",same,12,failure,2000,1017831377,508915.688
lp-covercrypt,089a548,"SEC::MED && DPT::DEV && CTR::FR","SEC::MED && DPT::DEV && CTR::FR",same,12,success,2000,741103375,370551.688
lp-covercrypt,089a548,"SEC::MED && DPT::DEV && CTR::FR","SEC::MED && DPT::DEV && CTR::$",same,24,success,2000,1187040010,593520.005
lp-covercrypt,089a548,"SEC::MED && DPT::DEV && CTR::FR","SEC::MED && DPT::MKG",different,6,failure,2000,582124209,291062.105
lp-covercrypt,089a548,"SEC::MED && DPT::DEV && CTR::FR","SEC::MED && DPT::MKG && CTR::EN",same,12,failure,2000,1065840129,532920.064
lp-covercrypt,089a548,"SEC::MED && DPT::DEV && CTR::FR","SEC::MED && DPT::MKG && CTR::FR",same,12,failure,2000,1044468662,522234.331
lp-covercrypt,089a548,"SEC::MED && DPT::DEV && CTR::FR","SEC::MED && DPT::MKG && CTR::$",same,24,failure,2000,1879631278,939815.639
lp-covercrypt,089a548,"SEC::MED && DPT::DEV && CTR::FR","SEC::MED && DPT::$",different,12,failure,2000,1009588676,504794.338
lp-covercrypt,089a548,"SEC::MED && DPT::DEV && CTR::FR","SEC::MED && DPT::$ && CTR::EN",same,24,failure,2000,1873398968,936699.484
lp-covercrypt,089a548,"SEC::MED && DPT::DEV && CTR::FR","SEC::MED && DPT::$ && CTR::FR",same,24,success,2000,1147911255,573955.627
lp-covercrypt,089a548,"SEC::MED && DPT::DEV && CTR::FR","SEC::MED && DPT::$ && CTR::$",same,48,success,2000,2017719858,1008859.929
lp-covercrypt,089a548,"SEC::MED && DPT::DEV && CTR::FR","SEC::HIG",different,4,failure,2000,435963759,217981.880
lp-covercrypt,089a548,"SEC::MED && DPT::DEV && CTR::FR","SEC::HIG && CTR::EN",different,8,failure,2000,723375121,361687.561
lp-covercrypt,089a548,"SEC::MED && DPT::DEV && CTR::FR","SEC::HIG && CTR::FR",different,8,failure,2000,746921287,373460.644
lp-covercrypt,089a548,"SEC::MED && DPT::DEV && CTR::FR","SEC::HIG && CTR::$",different,16,failure,2000,1310406736,655203.368
lp-covercrypt,089a548,"SEC::MED && DPT::DEV && CTR::FR","SEC::HIG && DPT::DEV",different,8,failure,2000,750902886,375451.443
lp-covercrypt,089a548,"SEC::MED && DPT::DEV && CTR::FR","SEC::HIG && DPT::DEV && CTR::EN",same,16,failure,2000,1311045774,655522.887
lp-covercrypt,089a548,"SEC::MED && DPT::DEV && CTR::FR","SEC::HIG && DPT::DEV && CTR::FR",same,16,success,2000,884806726,442403.363
lp-covercrypt,089a548,"SEC::MED && DPT::DEV && CTR::FR","SEC::HIG && DPT::DEV && CTR::$",same,32,success,2000,1457378036,728689.018
lp-covercrypt,089a548,"SEC::MED && DPT::DEV && CTR::FR","SEC::HIG && DPT::MKG",different,8,failure,2000,730675114,365337.557
lp-covercrypt,089a548,"SEC::MED && DPT::DEV && CTR::FR","SEC::HIG && DPT::MKG && CTR::EN",same,16,failure,2000,1310017155,655008.578
lp-covercrypt,089a548,"SEC::MED && DPT::DEV && CTR::FR","SEC::HIG && DPT::MKG && CTR::FR",same,16,failure,2000,1297658703,648829.351
lp-covercrypt,089a548,"SEC::MED && DPT::DEV && CTR::FR","SEC::HIG && DPT::MKG && CTR::$",same,32,failure,2000,2444234573,1222117.286
lp-covercrypt,089a548,"SEC::MED && DPT::DEV && CTR::FR","SEC::HIG && DPT::$",different,16,failure,2000,1300798463,650399.231
lp-covercrypt,089a548,"SEC::MED && DPT::DEV && CTR::FR","SEC::HIG && DPT::$ && CTR::EN",same,32,failure,2000,2465966065,1232983.032
lp-covercrypt,089a548,"SEC::MED && DPT::DEV && CTR::FR","SEC::HIG && DPT::$ && CTR::FR",same,32,success,2000,1564205898,782102.949
lp-covercrypt,089a548,"SEC::MED && DPT::DEV && CTR::FR","SEC::HIG && DPT::$ && CTR::$",same,64,success,2000,2741514605,1370757.302
lp-covercrypt,089a548,"SEC::MED && DPT::DEV && CTR::FR","SEC::$",different,5,failure,2000,508975411,254487.706
lp-covercrypt,089a548,"SEC::MED && DPT::DEV && CTR::FR","SEC::$ && CTR::EN",different,10,failure,2000,856934915,428467.458
lp-covercrypt,089a548,"SEC::MED && DPT::DEV && CTR::FR","SEC::$ && CTR::FR",different,10,failure,2000,864910356,432455.178
lp-covercrypt,089a548,"SEC::MED && DPT::DEV && CTR::FR","SEC::$ && CTR::$",different,20,failure,2000,1526384345,763192.172
lp-covercrypt,089a548,"SEC::MED && DPT::DEV && CTR::FR","SEC::$ && DPT::DEV",different,10,failure,2000,818794464,409397.232
lp-covercrypt,089a548,"SEC::MED && DPT::DEV && CTR::FR","SEC::$ && DPT::DEV && CTR::EN",same,20,failure,2000,1499281788,749640.894
lp-covercrypt,089a548,"SEC::MED && DPT::DEV && CTR::FR","SEC::$ && DPT::DEV && CTR::FR",same,20,success,2000,958461865,479230.932
lp-covercrypt,089a548,"SEC::MED && DPT::DEV && CTR::FR","SEC::$ && DPT::DEV && CTR::$",same,40,success,2000,1566820183,783410.091
lp-covercrypt,089a548,"SEC::MED && DPT::DEV && CTR::FR","SEC::$ && DPT::MKG",different,10,failure,2000,826755186,413377.593
lp-covercrypt,089a548,"SEC::MED && DPT::DEV && CTR::FR","SEC::$ && DPT::MKG && CTR::EN",same,20,failure,2000,1517900642,758950.321
lp-covercrypt,089a548,"SEC::MED && DPT::DEV && CTR::FR","SEC::$ && DPT::MKG && CTR::FR",same,20,failure,2000,1504343392,752171.696
lp-covercrypt,089a548,"SEC::MED && DPT::DEV && CTR::FR","SEC::$ && DPT::MKG && CTR::$",same,40,failure,2000,2867698195,1433849.097
lp-covercrypt,089a548,"SEC::MED && DPT::DEV && CTR::FR","SEC::$ && DPT::$",different,20,failure,2000,1542441554,771220.777
lp-covercrypt,089a548,"SEC::MED && DPT::DEV && CTR::FR","SEC::$ && DPT::$ && CTR::EN",same,40,failure,2000,2917760730,1458880.365
lp-covercrypt,089a548,"SEC::MED && DPT::DEV && CTR::FR","SEC::$ && DPT::$ && CTR::FR",same,40,success,2000,1653791890,826895.945
lp-covercrypt,089a548,"SEC::MED && DPT::DEV && CTR::FR","SEC::$ && DPT::$ && CTR::$",same,80,success,2000,3268772990,1634386.495
lp-covercrypt,089a548,"CTR::$","CTR::EN",different,2,failure,2000,297187199,148593.600
lp-covercrypt,089a548,"CTR::$","CTR::FR",different,2,failure,2000,296903567,148451.783
lp-covercrypt,089a548,"CTR::$","CTR::$",different,4,success,2000,466148698,233074.349
lp-covercrypt,089a548,"CTR::$","DPT::DEV",different,2,failure,2000,297441296,148720.648
lp-covercrypt,089a548,"CTR::$","DPT::DEV && CTR::EN",different,4,failure,2000,442578016,221289.008
lp-covercrypt,089a548,"CTR::$","DPT::DEV && CTR::FR",different,4,failure,2000,442644490,221322.245
lp-covercrypt,089a548,"CTR::$","DPT::DEV && CTR::$",different,8,success,2000,648263591,324131.796
lp-covercrypt,089a548,"CTR::$","DPT::MKG",different,2,failure,2000,298804032,149402.016
lp-covercrypt,089a548,"CTR::$","DPT::MKG && CTR::EN",different,4,failure,2000,452111989,226055.995
lp-covercrypt,089a548,"CTR::$","DPT::MKG && CTR::FR",different,4,failure,2000,447333996,223666.998
lp-covercrypt,089a548,"CTR::$","DPT::MKG && CTR::$",different,8,success,2000,607650270,303825.135
lp-covercrypt,089a548,"CTR::$","DPT::$",different,4,failure,2000,442782699,221391.350
lp-covercrypt,089a548,"CTR::$","DPT::$ && CTR::EN",different,8,failure,2000,739191799,369595.899
lp-covercrypt,089a548,"CTR::$","DPT::$ && CTR::FR",different,8,failure,2000,750872369,375436.184
lp-covercrypt,089a548,"CTR::$","DPT::$ && CTR::$",different,16,success,2000,888043106,444021.553
lp-covercrypt,089a548,"CTR::$","SEC::LOW",different,2,failure,2000,296892776,148446.388
lp-covercrypt,089a548,"CTR::$","SEC::LOW && CTR::EN",different,4,failure,2000,455561148,227780.574
lp-covercrypt,089a548,"CTR::$","SEC::LOW && CTR::FR",different,4,failure,2000,452847419,226423.709
lp-covercrypt,089a548,"CTR::$","SEC::LOW && CTR::$",different,8,success,2000,600041869,300020.934
lp-covercrypt,089a548,"CTR::$","SEC::LOW && DPT::DEV",different,4,failure,2000,445299651,222649.826
lp-covercrypt,089a548,"CTR::$","SEC::LOW && DPT::DEV && CTR::EN",same,8,failure,2000,743041019,371520.509
lp-covercrypt,089a548,"CTR::$","SEC::LOW && DPT::DEV && CTR::FR",same,8,failure,2000,757955475,378977.737
lp-covercrypt,089a548,"CTR::$","SEC::LOW && DPT::DEV && CTR::$",same,16,success,2000,891229794,445614.897
lp-covercrypt,089a548,"CTR::$","SEC::LOW && DPT::MKG",different,4,failure,2000,442227228,221113.614
lp-covercrypt,089a548,"CTR::$","SEC::LOW && DPT::MKG && CTR::EN",same,8,failure,2000,740183329,370091.665
lp-covercrypt,089a548,"CTR::$","SEC::LOW && DPT::MKG && CTR::FR",same,8,failure,2000,779950542,389975.271
lp-covercrypt,089a548,"CTR::$","SEC::LOW && DPT::MKG && CTR::$",same,16,success,2000,916660155,458330.078
lp-covercrypt,089a548,"CTR::$","SEC::LOW && DPT::$",different,8,failure,2000,741152307,370576.154
lp-covercrypt,089a548,"CTR::$","SEC::LOW && DPT::$ && CTR::EN",same,16,failure,2000,1356600974,678300.487
lp-covercrypt,089a548,"CTR::$","SEC::LOW && DPT::$ && CTR::FR",same,16,failure,2000,1345258498,672629.249
lp-covercrypt,089a548,"CTR::$","SEC::LOW && DPT::$ && CTR::$",same,32,success,2000,1495514060,747757.030
lp-covercrypt,089a548,"CTR::$","SEC::MED",different,3,failure,2000,370950661,185475.331
lp-covercrypt,089a548,"CTR::$","SEC::MED && CTR::EN",different,6,failure,2000,591976229,295988.115
lp-covercrypt,089a548,"CTR::$","SEC::MED && CTR::FR",different,6,failure,2000,601551270,300775.635
lp-covercrypt,089a548,"CTR::$","SEC::MED && CTR::$",different,12,success,2000,741539152,370769.576
lp-covercrypt,089a548,"CTR::$","SEC::MED && DPT::DEV",different,6,failure,2000,592129417,296064.709
lp-covercrypt,089a548,"CTR::$","SEC::MED && DPT::DEV && CTR::EN",same,12,failure,2000,1034394465,517197.232
lp-covercrypt,089a548,"CTR::$","SEC::MED && DPT::DEV && CTR::FR",same,12,failure,2000,1054357702,527178.851
lp-covercrypt,089a548,"CTR::$","SEC::MED && DPT::DEV && CTR::$",same,24,success,2000,1263719091,631859.546
lp-covercrypt,089a548,"CTR::$","SEC::MED && DPT::MKG",different,6,failure,2000,593028994,296514.497
lp-covercrypt,089a548,"CTR::$","SEC::MED && DPT::MKG && CTR::EN",same,12,failure,2000,1043658453,521829.226
lp-covercrypt,089a548,"CTR::$","SEC::MED && DPT::MKG && CTR::FR",same,12,failure,2000,1534173305,767086.652
lp-covercrypt,089a548,"CTR::$","SEC::MED && DPT::MKG && CTR::$",same,24,success,2000,1832814892,916407.446
lp-covercrypt,089a548,"CTR::$","SEC::MED && DPT::$",different,12,failure,2000,1625953361,812976.681
lp-covercrypt,089a548,"CTR::$","SEC::MED && DPT::$ && CTR::EN",same,24,failure,2000,2682177494,1341088.747
lp-covercrypt,089a548,"CTR::$","SEC::MED && DPT::$ && CTR::FR",same,24,failure,2000,2377547575,1188773.788
lp-covercrypt,089a548,"CTR::$","SEC::MED && DPT::$ && CTR::$",same,48,success,2000,3117577956,1558788.978
lp-covercrypt,089a548,"CTR::$","SEC::HIG",different,4,failure,2000,672593147,336296.573
lp-covercrypt,089a548,"CTR::$","SEC::HIG && CTR::EN",different,8,failure,2000,1106219261,553109.630
lp-covercrypt,089a548,"CTR::$","SEC::HIG && CTR::FR",different,8,failure,2000,1362005372,681002.686
lp-covercrypt,089a548,"CTR::$","SEC::HIG && CTR::$",different,16,success,2000,1570593060,785296.530
lp-covercrypt,089a548,"CTR::$","SEC::HIG && DPT::DEV",different,8,failure,2000,1114964735,557482.368
lp-covercrypt,089a548,"CTR::$","SEC::HIG && DPT::DEV && CTR::EN",same,16,failure,2000,1858200449,929100.225
lp-covercrypt,089a548,"CTR::$","SEC::HIG && DPT::DEV && CTR::FR",same,16,failure,2000,1924208043,962104.022
lp-covercrypt,089a548,"CTR::$","SEC::HIG && DPT::DEV && CTR::$",same,32,success,2000,1721834962,860917.481
lp-covercrypt,089a548,"CTR::$","SEC::HIG && DPT::MKG",different,8,failure,2000,739303759,369651.879
lp-covercrypt,089a548,"CTR::$","SEC::HIG && DPT::MKG && CTR::EN",same,16,failure,2000,1326078902,663039.451
lp-covercrypt,089a548,"CTR::$","SEC::HIG && DPT::MKG && CTR::FR",same,16,failure,2000,1321555307,660777.654
lp-covercrypt,089a548,"CTR::$","SEC::HIG && DPT::MKG && CTR::$",same,32,success,2000,1470811064,735405.532
lp-covercrypt,089a548,"CTR::$","SEC::HIG && DPT::$",different,16,failure,2000,1318981980,659490.990
lp-covercrypt,089a548,"CTR::$","SEC::HIG && DPT::$ && CTR::EN",same,32,failure,2000,2513700604,1256850.302
lp-covercrypt,089a548,"CTR::$","SEC::HIG && DPT::$ && CTR::FR",same,32,failure,2000,2809290666,1404645.333
lp-covercrypt,089a548,"CTR::$","SEC::HIG && DPT::$ && CTR::$",same,64,success,2000,2738817878,1369408.939
lp-covercrypt,089a548,"CTR::$","SEC::$",different,5,failure,2000,514730275,257365.138
lp-covercrypt,089a548,"CTR::$","SEC::$ && CTR::EN",different,10,failure,2000,924949143,462474.572
lp-covercrypt,089a548,"CTR::$","SEC::$ && CTR::FR",different,10,failure,2000,966096375,483048.188
lp-covercrypt,089a548,"CTR::$","SEC::$ && CTR::$",different,20,success,2000,1055131242,527565.621
lp-covercrypt,089a548,"CTR::$","SEC::$ && DPT::DEV",different,10,failure,2000,909208177,454604.089
lp-covercrypt,089a548,"CTR::$","SEC::$ && DPT::DEV && CTR::EN",same,20,failure,2000,1649809249,824904.625
lp-covercrypt,089a548,"CTR::$","SEC::$ && DPT::DEV && CTR::FR",same,20,failure,2000,1881809113,940904.556
lp-covercrypt,089a548,"CTR::$","SEC::$ && DPT::DEV && CTR::$",same,40,success,2000,1904699650,952349.825
lp-covercrypt,089a548,"CTR::$","SEC::$ && DPT::MKG",different,10,failure,2000,986146073,493073.036
lp-covercrypt,089a548,"CTR::$","SEC::$ && DPT::MKG && CTR::EN",same,20,failure,2000,1681939367,840969.684
lp-covercrypt,089a548,"CTR::$","SEC::$ && DPT::MKG && CTR::FR",same,20,failure,2000,1663912423,831956.211
lp-covercrypt,089a548,"CTR::$","SEC::$ && DPT::MKG && CTR::$",same,40,success,2000,1920803046,960401.523
lp-covercrypt,089a548,"CTR::$","SEC::$ && DPT::$",different,20,failure,2000,1621384692,810692.346
lp-covercrypt,089a548,"CTR::$","SEC::$ && DPT::$ && CTR::EN",same,40,failure,2000,3110640503,1555320.252
lp-covercrypt,089a548,"CTR::$","SEC::$ && DPT::$ && CTR::FR",same,40,failure,2000,3106872205,1553436.103
lp-covercrypt,089a548,"CTR::$","SEC::$ && DPT::$ && CTR::$",same,80,success,2000,3281441754,1640720.877
lp-covercrypt,089a548,"DPT::$ && CTR::$","CTR::EN",different,2,failure,2000,293057984,146528.992
lp-covercrypt,089a548,"DPT::$ && CTR::$","CTR::FR",different,2,failure,2000,293377964,146688.982
lp-covercrypt,089a548,"DPT::$ && CTR::$","CTR::$",different,4,failure,2000,443291524,221645.762
lp-covercrypt,089a548,"DPT::$ && CTR::$","DPT::DEV",different,2,failure,2000,297861023,148930.511
lp-covercrypt,089a548,"DPT::$ && CTR::$","DPT::DEV && CTR::EN",different,4,failure,2000,462465159,231232.579
lp-covercrypt,089a548,"DPT::$ && CTR::$","DPT::DEV && CTR::FR",different,4,failure,2000,443349472,221674.736
lp-covercrypt,089a548,"DPT::$ && CTR::$","DPT::DEV && CTR::$",different,8,failure,2000,741351410,370675.705
lp-covercrypt,089a548,"DPT::$ && CTR::$","DPT::MKG",different,2,failure,2000,294859744,147429.872
lp-covercrypt,089a548,"DPT::$ && CTR::$","DPT::MKG && CTR::EN",different,4,failure,2000,442431571,221215.785
lp-covercrypt,089a548,"DPT::$ && CTR::$","DPT::MKG && CTR::FR",different,4,failure,2000,443471041,221735.521
lp-covercrypt,089a548,"DPT::$ && CTR::$","DPT::MKG && CTR::$",different,8,failure,2000,740134948,370067.474
lp-covercrypt,089a548,"DPT::$ && CTR::$","DPT::$",different,4,failure,2000,444021453,222010.726
lp-covercrypt,089a548,"DPT::$ && CTR::$","DPT::$ && CTR::EN",different,8,failure,2000,737074157,368537.079
lp-covercrypt,089a548,"DPT::$ && CTR::$","DPT::$ && CTR::FR",different,8,failure,2000,772871053,386435.526
lp-covercrypt,089a548,"DPT::$ && CTR::$","DPT::$ && CTR::$",different,16,success,2000,928599350,464299.675
lp-covercrypt,089a548,"DPT::$ && CTR::$","SEC::LOW",different,2,failure,2000,294233829,147116.915
lp-covercrypt,089a548,"DPT::$ && CTR::$","SEC::LOW && CTR::EN",different,4,failure,2000,442011052,221005.526
lp-covercrypt,089a548,"DPT::$ && CTR::$","SEC::LOW && CTR::FR",different,4,failure,2000,441334333,220667.166
lp-covercrypt,089a548,"DPT::$ && CTR::$","SEC::LOW && CTR::$",different,8,failure,2000,745766141,372883.070
lp-covercrypt,089a548,"DPT::$ && CTR::$","SEC::LOW && DPT::DEV",different,4,failure,2000,446413239,223206.620
lp-covercrypt,089a548,"DPT::$ && CTR::$","SEC::LOW && DPT::DEV && CTR::EN",same,8,failure,2000,742458637,371229.318
lp-covercrypt,089a548,"DPT::$ && CTR::$","SEC::LOW && DPT::DEV && CTR::FR",same,8,failure,2000,742356044,371178.022
lp-covercrypt,089a548,"DPT::$ && CTR::$","SEC::LOW && DPT::DEV && CTR::$",same,16,failure,2000,1323193811,661596.905
lp-covercrypt,089a548,"DPT::$ && CTR::$","SEC::LOW && DPT::MKG",different,4,failure,2000,442694404,221347.202
lp-covercrypt,089a548,"DPT::$ && CTR::$","SEC::LOW && DPT::MKG && CTR::EN",same,8,failure,2000,738167027,369083.514
lp-covercrypt,089a548,"DPT::$ && CTR::$","SEC::LOW && DPT::MKG && CTR::FR",same,8,failure,2000,737131234,368565.617
lp-covercrypt,089a548,"DPT::$ && CTR::$","SEC::LOW && DPT::MKG && CTR::$",same,16,failure,2000,1333991885,666995.943
lp-covercrypt,089a548,"DPT::$ && CTR::$","SEC::LOW && DPT::$",different,8,failure,2000,738581534,369290.767
lp-covercrypt,089a548,"DPT::$ && CTR::$","SEC::LOW && DPT::$ && CTR::EN",same,16,failure,2000,1331293233,665646.617
lp-covercrypt,089a548,"DPT::$ && CTR::$","SEC::LOW && DPT::$ && CTR::FR",same,16,failure,2000,1325989515,662994.757
lp-covercrypt,089a548,"DPT::$ && CTR::$","SEC::LOW && DPT::$ && CTR::$",same,32,success,2000,1474186365,737093.182
lp-covercrypt,089a548,"DPT::$ && CTR::$","SEC::MED",different,3,failure,2000,367114345,183557.172
lp-covercrypt,089a548,"DPT::$ && CTR::$","SEC::MED && CTR::EN",different,6,failure,2000,589919942,294959.971
lp-covercrypt,089a548,"DPT::$ && CTR::$","SEC::MED && CTR::FR",different,6,failure,2000,589709056,294854.528
lp-covercrypt,089a548,"DPT::$ && CTR::$","SEC::MED && CTR::$",different,12,failure,2000,1031368028,515684.014
lp-covercrypt,089a548,"DPT::$ && CTR::$","SEC::MED && DPT::DEV",different,6,failure,2000,589364511,294682.256
lp-covercrypt,089a548,"DPT::$ && CTR::$","SEC::MED && DPT::DEV && CTR::EN",same,12,failure,2000,1040784131,520392.066
lp-covercrypt,089a548,"DPT::$ && CTR::$","SEC::MED && DPT::DEV && CTR::FR",same,12,failure,2000,1030193967,515096.983
lp-covercrypt,089a548,"DPT::$ && CTR::$","SEC::MED && DPT::DEV && CTR::$",same,24,failure,2000,1946851245,973425.623
lp-covercrypt,089a548,"DPT::$ && CTR::$","SEC::MED && DPT::MKG",different,6,failure,2000,588775807,294387.904
lp-covercrypt,089a548,"DPT::$ && CTR::$","SEC::MED && DPT::MKG && CTR::EN",same,12,failure,2000,1031574906,515787.453
lp-covercrypt,089a548,"DPT::$ && CTR::$","SEC::MED && DPT::MKG && CTR::FR",same,12,failure,2000,1026757410,513378.705
lp-covercrypt,089a548,"DPT::$ && CTR::$","SEC::MED && DPT::MKG && CTR::$",same,24,failure,2000,1912249682,956124.841
lp-covercrypt,089a548,"DPT::$ && CTR::$","SEC::MED && DPT::$",different,12,failure,2000,1038729055,519364.528
lp-covercrypt,089a548,"DPT::$ && CTR::$","SEC::MED && DPT::$ && CTR::EN",same,24,failure,2000,1926730585,963365.292
lp-covercrypt,089a548,"DPT::$ && CTR::$","SEC::MED && DPT::$ && CTR::FR",same,24,failure,2000,1917348686,958674.343
lp-covercrypt,089a548,"DPT::$ && CTR::$","SEC::MED && DPT::$ && CTR::$",same,48,success,2000,2163966970,1081983.485
lp-covercrypt,089a548,"DPT::$ && CTR::$","SEC::HIG",different,4,failure,2000,445798647,222899.323
lp-covercrypt,089a548,"DPT::$ && CTR::$","SEC::HIG && CTR::EN",different,8,failure,2000,740493250,370246.625
lp-covercrypt,089a548,"DPT::$ && CTR::$","SEC::HIG && CTR::FR",different,8,failure,2000,734217679,367108.840
lp-covercrypt,089a548,"DPT::$ && CTR::$","SEC::HIG && CTR::$",different,16,failure,2000,1324567467,662283.733
lp-covercrypt,089a548,"DPT::$ && CTR::$","SEC::HIG && DPT::DEV",different,8,failure,2000,734307788,367153.894
lp-covercrypt,089a548,"DPT::$ && CTR::$","SEC::HIG && DPT::DEV && CTR::EN",same,16,failure,2000,1343573077,671786.539
lp-covercrypt,089a548,"DPT::$ && CTR::$","SEC::HIG && DPT::DEV && CTR::FR",same,16,failure,2000,1331784815,665892.407
lp-covercrypt,089a548,"DPT::$ && CTR::$","SEC::HIG && DPT::DEV && CTR::$",same,32,failure,2000,2526055628,1263027.814
lp-covercrypt,089a548,"DPT::$ && CTR::$","SEC::HIG && DPT::MKG",different,8,failure,2000,741226475,370613.237
lp-covercrypt,089a548,"DPT::$ && CTR::$","SEC::HIG && DPT::MKG && CTR::EN",same,16,failure,2000,1336069773,668034.887
lp-covercrypt,089a548,"DPT::$ && CTR::$","SEC::HIG && DPT::MKG && CTR::FR",same,16,failure,2000,1327172694,663586.347
lp-covercrypt,089a548,"DPT::$ && CTR::$","SEC::HIG && DPT::MKG && CTR::$",same,32,failure,2000,2581319379,1290659.690
lp-covercrypt,089a548,"DPT::$ && CTR::$","SEC::HIG && DPT::$",different,16,failure,2000,1323029191,661514.596
lp-covercrypt,089a548,"DPT::$ && CTR::$","SEC::HIG && DPT::$ && CTR::EN",same,32,failure,2000,2557543030,1278771.515
lp-covercrypt,089a548,"DPT::$ && CTR::$","SEC::HIG && DPT::$ && CTR::FR",same,32,failure,2000,2604120969,1302060.485
lp-covercrypt,089a548,"DPT::$ && CTR::$","SEC::HIG && DPT::$ && CTR::$",same,64,success,2000,2926073021,1463036.511
lp-covercrypt,089a548,"DPT::$ && CTR::$","SEC::$",different,5,failure,2000,522595077,261297.538
lp-covercrypt,089a548,"DPT::$ && CTR::$","SEC::$ && CTR::EN",different,10,failure,2000,901560502,450780.251
lp-covercrypt,089a548,"DPT::$ && CTR::$","SEC::$ && CTR::FR",different,10,failure,2000,918731520,459365.760
lp-covercrypt,089a548,"DPT::$ && CTR::$","SEC::$ && CTR::$",different,20,failure,2000,1651533303,825766.652
lp-covercrypt,089a548,"DPT::$ && CTR::$","SEC::$ && DPT::DEV",different,10,failure,2000,896860466,448430.233
lp-covercrypt,089a548,"DPT::$ && CTR::$","SEC::$ && DPT::DEV && CTR::EN",same,20,failure,2000,1787976326,893988.163
lp-covercrypt,089a548,"DPT::$ && CTR::$","SEC::$ && DPT::DEV && CTR::FR",same,20,failure,2000,2182332450,1091166.225
lp-covercrypt,089a548,"DPT::$ && CTR::$","SEC::$ && DPT::DEV && CTR::$",same,40,failure,2000,3093089322,1546544.661
lp-covercrypt,089a548,"DPT::$ && CTR::$","SEC::$ && DPT::MKG",different,10,failure,2000,881063184,440531.592
lp-covercrypt,089a548,"DPT::$ && CTR::$","SEC::$ && DPT::MKG && CTR::EN",same,20,failure,2000,1635391996,817695.998
lp-covercrypt,089a548,"DPT::$ && CTR::$","SEC::$ && DPT::MKG && CTR::FR",same,20,failure,2000,1619368460,809684.230
lp-covercrypt,089a548,"DPT::$ && CTR::$","SEC::$ && DPT::MKG && CTR::$",same,40,failure,2000,3086431493,1543215.746
lp-covercrypt,089a548,"DPT::$ && CTR::$","SEC::$ && DPT::$",different,20,failure,2000,1639909911,819954.956
lp-covercrypt,089a548,"DPT::$ && CTR::$","SEC::$ && DPT::$ && CTR::EN",same,40,failure,2000,3086602213,1543301.106
lp-covercrypt,089a548,"DPT::$ && CTR::$","SEC::$ && DPT::$ && CTR::FR",same,40,failure,2000,3088253501,1544126.751
lp-covercrypt,089a548,"DPT::$ && CTR::$","SEC::$ && DPT::$ && CTR::$",same,80,success,2000,3259952906,1629976.453
lp-covercrypt,089a548,"SEC::LOW && DPT::MKG && CTR::$","CTR::EN",different,2,failure,2000,302415045,151207.522
lp-covercrypt,089a548,"SEC::LOW && DPT::MKG && CTR::$","CTR::FR",different,2,failure,2000,301997041,150998.521
lp-covercrypt,089a548,"SEC::LOW && DPT::MKG && CTR::$","CTR::$",different,4,failure,2000,446303454,223151.727
lp-covercrypt,089a548,"SEC::LOW && DPT::MKG && CTR::$","DPT::DEV",different,2,failure,2000,310921060,155460.530
lp-covercrypt,089a548,"SEC::LOW && DPT::MKG && CTR::$","DPT::DEV && CTR::EN",different,4,failure,2000,449854154,224927.077
lp-covercrypt,089a548,"SEC::LOW && DPT::MKG && CTR::$","DPT::DEV && CTR::FR",different,4,failure,2000,446933656,223466.828
lp-covercrypt,089a548,"SEC::LOW && DPT::MKG && CTR::$","DPT::DEV && CTR::$",different,8,failure,2000,747993619,373996.809
lp-covercrypt,089a548,"SEC::LOW && DPT::MKG && CTR::$","DPT::MKG",different,2,failure,2000,297920725,148960.362
lp-covercrypt,089a548,"SEC::LOW && DPT::MKG && CTR::$","DPT::MKG && CTR::EN",different,4,failure,2000,448043387,224021.693
lp-covercrypt,089a548,"SEC::LOW && DPT::MKG && CTR::$","DPT::MKG && CTR::FR",different,4,failure,2000,446808431,223404.215
lp-covercrypt,089a548,"SEC::LOW && DPT::MKG && CTR::$","DPT::MKG && CTR::$",different,8,failure,2000,753670648,376835.324
lp-covercrypt,089a548,"SEC::LOW && DPT::MKG && CTR::$","DPT::$",different,4,failure,2000,450504784,225252.392
lp-covercrypt,089a548,"SEC::LOW && DPT::MKG && CTR::$","DPT::$ && CTR::EN",different,8,failure,2000,762191070,381095.535
lp-covercrypt,089a548,"SEC::LOW && DPT::MKG && CTR::$","DPT::$ && CTR::FR",different,8,failure,2000,745384746,372692.373
lp-covercrypt,089a548,"SEC::LOW && DPT::MKG && CTR::$","DPT::$ && CTR::$",different,16,failure,2000,1397193595,698596.797
lp-covercrypt,089a548,"SEC::LOW && DPT::MKG && CTR::$","SEC::LOW",different,2,failure,2000,296317778,148158.889
lp-covercrypt,089a548,"SEC::LOW && DPT::MKG && CTR::$","SEC::LOW && CTR::EN",different,4,failure,2000,447036900,223518.450
lp-covercrypt,089a548,"SEC::LOW && DPT::MKG && CTR::$","SEC::LOW && CTR::FR",different,4,failure,2000,441086497,220543.248
lp-covercrypt,089a548,"SEC::LOW && DPT::MKG && CTR::$","SEC::LOW && CTR::$",different,8,failure,2000,752744780,376372.390
lp-covercrypt,089a548,"SEC::LOW && DPT::MKG && CTR::$","SEC::LOW && DPT::DEV",different,4,failure,2000,445663403,222831.701
lp-covercrypt,089a548,"SEC::LOW && DPT::MKG && CTR::$","SEC::LOW && DPT::DEV && CTR::EN",same,8,failure,2000,733297443,366648.721
lp-covercrypt,089a548,"SEC::LOW && DPT::MKG && CTR::$","SEC::LOW && DPT::DEV && CTR::FR",same,8,failure,2000,735734153,367867.077
lp-covercrypt,089a548,"SEC::LOW && DPT::MKG && CTR::$","SEC::LOW && DPT::DEV && CTR::$",same,16,failure,2000,1359318722,679659.361
lp-covercrypt,089a548,"SEC::LOW && DPT::MKG && CTR::$","SEC::LOW && DPT::MKG",different,4,failure,2000,439852924,219926.462
lp-covercrypt,089a548,"SEC::LOW && DPT::MKG && CTR::$","SEC::LOW && DPT::MKG && CTR::EN",same,8,failure,2000,736060585,368030.292
lp-covercrypt,089a548,"SEC::LOW && DPT::MKG && CTR::$","SEC::LOW && DPT::MKG && CTR::FR",same,8,failure,2000,734476324,367238.162
lp-covercrypt,089a548,"SEC::LOW && DPT::MKG && CTR::$","SEC::LOW && DPT::MKG && CTR::$",same,16,success,2000,961459047,480729.524
lp-covercrypt,089a548,"SEC::LOW && DPT::MKG && CTR::$","SEC::LOW && DPT::$",different,8,failure,2000,740278978,370139.489
lp-covercrypt,089a548,"SEC::LOW && DPT::MKG && CTR::$","SEC::LOW && DPT::$ && CTR::EN",same,16,failure,2000,1339919624,669959.812
lp-covercrypt,089a548,"SEC::LOW && DPT::MKG && CTR::$","SEC::LOW && DPT::$ && CTR::FR",same,16,failure,2000,1337383467,668691.733
lp-covercrypt,089a548,"SEC::LOW && DPT::MKG && CTR::$","SEC::LOW && DPT::$ && CTR::$",same,32,success,2000,1501541736,750770.868
lp-covercrypt,089a548,"SEC::LOW && DPT::MKG && CTR::$","SEC::MED",different,3,failure,2000,373271514,186635.757
lp-covercrypt,089a548,"SEC::LOW && DPT::MKG && CTR::$","SEC::MED && CTR::EN",different,6,failure,2000,597233120,298616.560
lp-covercrypt,089a548,"SEC::LOW && DPT::MKG && CTR::$","SEC::MED && CTR::FR",different,6,failure,2000,616909097,308454.548
lp-covercrypt,089a548,"SEC::LOW && DPT::MKG && CTR::$","SEC::MED && CTR::$",different,12,failure,2000,1048530380,524265.190
lp-covercrypt,089a548,"SEC::LOW && DPT::MKG && CTR::$","SEC::MED && DPT::DEV",different,6,failure,2000,592866599,296433.300
lp-covercrypt,089a548,"SEC::LOW && DPT::MKG && CTR::$","SEC::MED && DPT::DEV && CTR::EN",same,12,failure,2000,1037216689,518608.345
lp-covercrypt,089a548,"SEC::LOW && DPT::MKG && CTR::$","SEC::MED && DPT::DEV && CTR::FR",same,12,failure,2000,1037332426,518666.213
lp-covercrypt,089a548,"SEC::LOW && DPT::MKG && CTR::$","SEC::MED && DPT::DEV && CTR::$",same,24,failure,2000,1923057384,961528.692
lp-covercrypt,089a548,"SEC::LOW && DPT::MKG && CTR::$","SEC::MED && DPT::MKG",different,6,failure,2000,592631198,296315.599
lp-covercrypt,089a548,"SEC::LOW && DPT::MKG && CTR::$","SEC::MED && DPT::MKG && CTR::EN",same,12,failure,2000,1030004019,515002.009
lp-covercrypt,089a548,"SEC::LOW && DPT::MKG && CTR::$","SEC::MED && DPT::MKG && CTR::FR",same,12,failure,2000,1029046143,514523.072
lp-covercrypt,089a548,"SEC::LOW && DPT::MKG && CTR::$","SEC::MED && DPT::MKG && CTR::$",same,24,success,2000,1179996488,589998.244
lp-covercrypt,089a548,"SEC::LOW && DPT::MKG && CTR::$","SEC::MED && DPT::$",different,12,failure,2000,1055273529,527636.765
lp-covercrypt,089a548,"SEC::LOW && DPT::MKG && CTR::$","SEC::MED && DPT::$ && CTR::EN",same,24,failure,2000,1952024319,976012.159
lp-covercrypt,089a548,"SEC::LOW && DPT::MKG && CTR::$","SEC::MED && DPT::$ && CTR::FR",same,24,failure,2000,1952795896,976397.948
lp-covercrypt,089a548,"SEC::LOW && DPT::MKG && CTR::$","SEC::MED && DPT::$ && CTR::$",same,48,success,2000,2057424404,1028712.202
lp-covercrypt,089a548,"SEC::LOW && DPT::MKG && CTR::$","SEC::HIG",different,4,failure,2000,444823637,222411.818
lp-covercrypt,089a548,"SEC::LOW && DPT::MKG && CTR::$","SEC::HIG && CTR::EN",different,8,failure,2000,757429578,378714.789
lp-covercrypt,089a548,"SEC::LOW && DPT::MKG && CTR::$","SEC::HIG && CTR::FR",different,8,failure,2000,747898491,373949.246
lp-covercrypt,089a548,"SEC::LOW && DPT::MKG && CTR::$","SEC::HIG && CTR::$",different,16,failure,2000,1351277849,675638.924
lp-covercrypt,089a548,"SEC::LOW && DPT::MKG && CTR::$","SEC::HIG && DPT::DEV",different,8,failure,2000,734115617,367057.808
lp-covercrypt,089a548,"SEC::LOW && DPT::MKG && CTR::$","SEC::HIG && DPT::DEV && CTR::EN",same,16,failure,2000,1323109312,661554.656
lp-covercrypt,089a548,"SEC::LOW && DPT::MKG && CTR::$","SEC::HIG && DPT::DEV && CTR::FR",same,16,failure,2000,1449398008,724699.004
lp-covercrypt,089a548,"SEC::LOW && DPT::MKG && CTR::$","SEC::HIG && DPT::DEV && CTR::$",same,32,failure,2000,3115555442,1557777.721
lp-covercrypt,089a548,"SEC::LOW && DPT::MKG && CTR::$","SEC::HIG && DPT::MKG",different,8,failure,2000,919639173,459819.586
lp-covercrypt,089a548,"SEC::LOW && DPT::MKG && CTR::$","SEC::HIG && DPT::MKG && CTR::EN",same,16,failure,2000,1648538326,824269.163
lp-covercrypt,089a548,"SEC::LOW && DPT::MKG && CTR::$","SEC::HIG && DPT::MKG && CTR::FR",same,16,failure,2000,1624780542,812390.271
lp-covercrypt,089a548,"SEC::LOW && DPT::MKG && CTR::$","SEC::HIG && DPT::MKG && CTR::$",same,32,success,2000,1570453778,785226.889
lp-covercrypt,089a548,"SEC::LOW && DPT::MKG && CTR::$","SEC::HIG && DPT::$",different,16,failure,2000,1361440471,680720.235
lp-covercrypt,089a548,"SEC::LOW && DPT::MKG && CTR::$","SEC::HIG && DPT::$ && CTR::EN",same,32,failure,2000,2509583210,1254791.605
lp-covercrypt,089a548,"SEC::LOW && DPT::MKG && CTR::$","SEC::HIG && DPT::$ && CTR::FR",same,32,failure,2000,2495733812,1247866.906
lp-covercrypt,089a548,"SEC::LOW && DPT::MKG && CTR::$","SEC::HIG && DPT::$ && CTR::$",same,64,success,2000,2600927689,1300463.844
lp-covercrypt,089a548,"SEC::LOW && DPT::MKG && CTR::$","SEC::$",different,5,failure,2000,514317161,257158.581
lp-covercrypt,089a548,"SEC::LOW && DPT::MKG && CTR::$","SEC::$ && CTR::EN",different,10,failure,2000,884055307,442027.654
lp-covercrypt,089a548,"SEC::LOW && DPT::MKG && CTR::$","SEC::$ && CTR::FR",different,10,failure,2000,886029871,443014.936
lp-covercrypt,089a548,"SEC::LOW && DPT::MKG && CTR::$","SEC::$ && CTR::$",different,20,failure,2000,1662478193,831239.096
lp-covercrypt,089a548,"SEC::LOW && DPT::MKG && CTR::$","SEC::$ && DPT::DEV",different,10,failure,2000,909062304,454531.152
lp-covercrypt,089a548,"SEC::LOW && DPT::MKG && CTR::$","SEC::$ && DPT::DEV && CTR::EN",same,20,failure,2000,1646948173,823474.086
lp-covercrypt,089a548,"SEC::LOW && DPT::MKG && CTR::$","SEC::$ && DPT::DEV && CTR::FR",same,20,failure,2000,1593831349,796915.674
lp-covercrypt,089a548,"SEC::LOW && DPT::MKG && CTR::$","SEC::$ && DPT::DEV && CTR::$",same,40,failure,2000,3042264828,1521132.414
lp-covercrypt,089a548,"SEC::LOW && DPT::MKG && CTR::$","SEC::$ && DPT::MKG",different,10,failure,2000,883145510,441572.755
lp-covercrypt,089a548,"SEC::LOW && DPT::MKG && CTR::$","SEC::$ && DPT::MKG && CTR::EN",same,20,failure,2000,1597668657,798834.328
lp-covercrypt,089a548,"SEC::LOW && DPT::MKG && CTR::$","SEC::$ && DPT::MKG && CTR::FR",same,20,failure,2000,1602763263,801381.632
lp-covercrypt,089a548,"SEC::LOW && DPT::MKG && CTR::$","SEC::$ && DPT::MKG && CTR::$",same,40,success,2000,1719851501,859925.750
lp-covercrypt,089a548,"SEC::LOW && DPT::MKG && CTR::$","SEC::$ && DPT::$",different,20,failure,2000,1594874756,797437.378
lp-covercrypt,089a548,"SEC::LOW && DPT::MKG && CTR::$","SEC::$ && DPT::$ && CTR::EN",same,40,failure,2000,3051034758,1525517.379
lp-covercrypt,089a548,"SEC::LOW && DPT::MKG && CTR::$","SEC::$ && DPT::$ && CTR::FR",same,40,failure,2000,3052152083,1526076.042
lp-covercrypt,089a548,"SEC::LOW && DPT::MKG && CTR::$","SEC::$ && DPT::$ && CTR::$",same,80,success,2000,3173888912,1586944.456
lp-covercrypt,089a548,"SEC::MED && DPT::DEV && CTR::$","CTR::EN",different,2,failure,2000,288128717,144064.359
lp-covercrypt,089a548,"SEC::MED && DPT::DEV && CTR::$","CTR::FR",different,2,failure,2000,288543204,144271.602
lp-covercrypt,089a548,"SEC::MED && DPT::DEV && CTR::$","CTR::$",different,4,failure,2000,435420249,217710.125
lp-covercrypt,089a548,"SEC::MED && DPT::DEV && CTR::$","DPT::DEV",different,2,failure,2000,287840036,143920.018
lp-covercrypt,089a548,"SEC::MED && DPT::DEV && CTR::$","DPT::DEV && CTR::EN",different,4,failure,2000,434291222,217145.611
lp-covercrypt,089a548,"SEC::MED && DPT::DEV && CTR::$","DPT::DEV && CTR::FR",different,4,failure,2000,435258436,217629.218
lp-covercrypt,089a548,"SEC::MED && DPT::DEV && CTR::$","DPT::DEV && CTR::$",different,8,failure,2000,746864290,373432.145
lp-covercrypt,089a548,"SEC::MED && DPT::DEV && CTR::$","DPT::MKG",different,2,failure,2000,290395900,145197.950
lp-covercrypt,089a548,"SEC::MED && DPT::DEV && CTR::$","DPT::MKG && CTR::EN",different,4,failure,2000,447739828,223869.914
lp-covercrypt,089a548,"SEC::MED && DPT::DEV && CTR::$","DPT::MKG && CTR::FR",different,4,failure,2000,434669050,217334.525
lp-covercrypt,089a548,"SEC::MED && DPT::DEV && CTR::$","DPT::MKG && CTR::$",different,8,failure,2000,719805545,359902.773
lp-covercrypt,089a548,"SEC::MED && DPT::DEV && CTR::$","DPT::$",different,4,failure,2000,430081986,215040.993
lp-covercrypt,089a548,"SEC::MED && DPT::DEV && CTR::$","DPT::$ && CTR::EN",different,8,failure,2000,723696013,361848.007
lp-covercrypt,089a548,"SEC::MED && DPT::DEV && CTR::$","DPT::$ && CTR::FR",different,8,failure,2000,728937605,364468.802
lp-covercrypt,089a548,"SEC::MED && DPT::DEV && CTR::$","DPT::$ && CTR::$",different,16,failure,2000,1298887888,649443.944
lp-covercrypt,089a548,"SEC::MED && DPT::DEV && CTR::$","SEC::LOW",different,2,failure,2000,286843887,143421.943
lp-covercrypt,089a548,"SEC::MED && DPT::DEV && CTR::$","SEC::LOW && CTR::EN",different,4,failure,2000,431183853,215591.927
lp-covercrypt,089a548,"SEC::MED && DPT::DEV && CTR::$","SEC::LOW && CTR::FR",different,4,failure,2000,431241802,215620.901
lp-covercrypt,089a548,"SEC::MED && DPT::DEV && CTR::$","SEC::LOW && CTR::$",different,8,failure,2000,720401483,360200.742
lp-covercrypt,089a548,"SEC::MED && DPT::DEV && CTR::$","SEC::LOW && DPT::DEV",different,4,failure,2000,431094966,215547.483
lp-covercrypt,089a548,"SEC::MED && DPT::DEV && CTR::$","SEC::LOW && DPT::DEV && CTR::EN",same,8,failure,2000,722909758,361454.879
lp-covercrypt,089a548,"SEC::MED && DPT::DEV && CTR::$","SEC::LOW && DPT::DEV && CTR::FR",same,8,failure,2000,726206632,363103.316
lp-covercrypt,089a548,"SEC::MED && DPT::DEV && CTR::$","SEC::LOW && DPT::DEV && CTR::$",same,16,failure,2000,1309146671,654573.336
lp-covercrypt,089a548,"SEC::MED && DPT::DEV && CTR::$","SEC::LOW && DPT::MKG",different,4,failure,2000,439337658,219668.829
lp-covercrypt,089a548,"SEC::MED && DPT::DEV && CTR::$","SEC::LOW && DPT::MKG && CTR::EN",same,8,failure,2000,734812975,367406.487
lp-covercrypt,089a548,"SEC::MED && DPT::DEV && CTR::$","SEC::LOW && DPT::MKG && CTR::FR",same,8,failure,2000,719983318,359991.659
lp-covercrypt,089a548,"SEC::MED && DPT::DEV && CTR::$","SEC::LOW && DPT::MKG && CTR::$",same,16,failure,2000,1308090240,654045.120
lp-covercrypt,089a548,"SEC::MED && DPT::DEV && CTR::$","SEC::LOW && DPT::$",different,8,failure,2000,723444982,361722.491
lp-covercrypt,089a548,"SEC::MED && DPT::DEV && CTR::$","SEC::LOW && DPT::$ && CTR::EN",same,16,failure,2000,1296550675,648275.338
lp-covercrypt,089a548,"SEC::MED && DPT::DEV && CTR::$","SEC::LOW && DPT::$ && CTR::FR",same,16,failure,2000,1309178561,654589.280
lp-covercrypt,089a548,"SEC::MED && DPT::DEV && CTR::$","SEC::LOW && DPT::$ && CTR::$",same,32,failure,2000,2466856445,1233428.222
lp-covercrypt,089a548,"SEC::MED && DPT::DEV && CTR::$","SEC::MED",different,3,failure,2000,361618426,180809.213
lp-covercrypt,089a548,"SEC::MED && DPT::DEV && CTR::$","SEC::MED && CTR::EN",different,6,failure,2000,584716372,292358.186
lp-covercrypt,089a548,"SEC::MED && DPT::DEV && CTR::$","SEC::MED && CTR::FR",different,6,failure,2000,583432022,291716.011
lp-covercrypt,089a548,"SEC::MED && DPT::DEV && CTR::$","SEC::MED && CTR::$",different,12,failure,2000,1034241047,517120.524
lp-covercrypt,089a548,"SEC::MED && DPT::DEV && CTR::$","SEC::MED && DPT::DEV",different,6,failure,2000,583032663,291516.331
lp-covercrypt,089a548,"SEC::MED && DPT::DEV && CTR::$","SEC::MED && DPT::DEV && CTR::EN",same,12,failure,2000,1035323618,517661.809
lp-covercrypt,089a548,"SEC::MED && DPT::DEV && CTR::$","SEC::MED && DPT::DEV && CTR::FR",same,12,failure,2000,1010912118,505456.059
lp-covercrypt,089a548,"SEC::MED && DPT::DEV && CTR::$","SEC::MED && DPT::DEV && CTR::$",same,24,success,2000,1181923102,590961.551
lp-covercrypt,089a548,"SEC::MED && DPT::DEV && CTR::$","SEC::MED && DPT::MKG",different,6,failure,2000,577438991,288719.496
lp-covercrypt,089a548,"SEC::MED && DPT::DEV && CTR::$","SEC::MED && DPT::MKG && CTR::EN",same,12,failure,2000,1014765907,507382.954
lp-covercrypt,089a548,"SEC::MED && DPT::DEV && CTR::$","SEC::MED && DPT::MKG && CTR::FR",same,12,failure,2000,1013128466,506564.233
lp-covercrypt,089a548,"SEC::MED && DPT::DEV && CTR::$","SEC::MED && DPT::MKG && CTR::$",same,24,failure,2000,1884330563,942165.282
lp-covercrypt,089a548,"SEC::MED && DPT::DEV && CTR::$","SEC::MED && DPT::$",different,12,failure,2000,1009228170,504614.085
lp-covercrypt,089a548,"SEC::MED && DPT::DEV && CTR::$","SEC::MED && DPT::$ && CTR::EN",same,24,failure,2000,1873251161,936625.581
lp-covercrypt,089a548,"SEC::MED && DPT::DEV && CTR::$","SEC::MED && DPT::$ && CTR::FR",same,24,failure,2000,2221070192,1110535.096
lp-covercrypt,089a548,"SEC::MED && DPT::DEV && CTR::$","SEC::MED && DPT::$ && CTR::$",same,48,success,2000,2123490948,1061745.474
lp-covercrypt,089a548,"SEC::MED && DPT::DEV && CTR::$","SEC::HIG",different,4,failure,2000,436674051,218337.025
lp-covercrypt,089a548,"SEC::MED && DPT::DEV && CTR::$","SEC::HIG && CTR::EN",different,8,failure,2000,728040331,364020.166
lp-covercrypt,089a548,"SEC::MED && DPT::DEV && CTR::$","SEC::HIG && CTR::FR",different,8,failure,2000,728492359,364246.180
lp-covercrypt,089a548,"SEC::MED && DPT::DEV && CTR::$","SEC::HIG && CTR::$",different,16,failure,2000,1310163769,655081.885
lp-covercrypt,089a548,"SEC::MED && DPT::DEV && CTR::$","SEC::HIG && DPT::DEV",different,8,failure,2000,732583664,366291.832
lp-covercrypt,089a548,"SEC::MED && DPT::DEV && CTR::$","SEC::HIG && DPT::DEV && CTR::EN",same,16,failure,2000,1293880937,646940.468
lp-covercrypt,089a548,"SEC::MED && DPT::DEV && CTR::$","SEC::HIG && DPT::DEV && CTR::FR",same,16,failure,2000,1284709904,642354.952
lp-covercrypt,089a548,"SEC::MED && DPT::DEV && CTR::$","SEC::HIG && DPT::DEV && CTR::$",same,32,success,2000,1382921675,691460.838
lp-covercrypt,089a548,"SEC::MED && DPT::DEV && CTR::$","SEC::HIG && DPT::MKG",different,8,failure,2000,683837058,341918.529
lp-covercrypt,089a548,"SEC::MED && DPT::DEV && CTR::$","SEC::HIG && DPT::MKG && CTR::EN",same,16,failure,2000,1225865547,612932.774
lp-covercrypt,089a548,"SEC::MED && DPT::DEV && CTR::$","SEC::HIG && DPT::MKG && CTR::FR",same,16,failure,2000,1228060364,614030.182
lp-covercrypt,089a548,"SEC::MED && DPT::DEV && CTR::$","SEC::HIG && DPT::MKG && CTR::$",same,32,failure,2000,2325638406,1162819.203
lp-covercrypt,089a548,"SEC::MED && DPT::DEV && CTR::$","SEC::HIG && DPT::$",different,16,failure,2000,1230254519,615127.260
lp-covercrypt,089a548,"SEC::MED && DPT::DEV && CTR::$","SEC::HIG && DPT::$ && CTR::EN",same,32,failure,2000,2343438454,1171719.227
lp-covercrypt,089a548,"SEC::MED && DPT::DEV && CTR::$","SEC::HIG && DPT::$ && CTR::FR",same,32,failure,2000,2354218755,1177109.377
lp-covercrypt,089a548,"SEC::MED && DPT::DEV && CTR::$","SEC::HIG && DPT::$ && CTR::$",same,64,success,2000,2472616891,1236308.445
lp-covercrypt,089a548,"SEC::MED && DPT::DEV && CTR::$","SEC::$",different,5,failure,2000,478073476,239036.738
lp-covercrypt,089a548,"SEC::MED && DPT::DEV && CTR::$","SEC::$ && CTR::EN",different,10,failure,2000,862349211,431174.606
lp-covercrypt,089a548,"SEC::MED && DPT::DEV && CTR::$","SEC::$ && CTR::FR",different,10,failure,2000,827572209,413786.105
lp-covercrypt,089a548,"SEC::MED && DPT::DEV && CTR::$","SEC::$ && CTR::$",different,20,failure,2000,1525106678,762553.339
lp-covercrypt,089a548,"SEC::MED && DPT::DEV && CTR::$","SEC::$ && DPT::DEV",different,10,failure,2000,837384694,418692.347
lp-covercrypt,089a548,"SEC::MED && DPT::DEV && CTR::$","SEC::$ && DPT::DEV && CTR::EN",same,20,failure,2000,1553699262,776849.631
lp-covercrypt,089a548,"SEC::MED && DPT::DEV && CTR::$","SEC::$ && DPT::DEV && CTR::FR",same,20,failure,2000,1511327502,755663.751
lp-covercrypt,089a548,"SEC::MED && DPT::DEV && CTR::$","SEC::$ && DPT::DEV && CTR::$",same,40,success,2000,1488652159,744326.079
lp-covercrypt,089a548,"SEC::MED && DPT::DEV && CTR::$","SEC::$ && DPT::MKG",different,10,failure,2000,715358423,357679.211
lp-covercrypt,089a548,"SEC::MED && DPT::DEV && CTR::$","SEC::$ && DPT::MKG && CTR::EN",same,20,failure,2000,1275325872,637662.936
lp-covercrypt,089a548,"SEC::MED && DPT::DEV && CTR::$","SEC::$ && DPT::MKG && CTR::FR",same,20,failure,2000,1277865446,638932.723
lp-covercrypt,089a548,"SEC::MED && DPT::DEV && CTR::$","SEC::$ && DPT::MKG && CTR::$",same,40,failure,2000,2440247775,1220123.887
lp-covercrypt,089a548,"SEC::MED && DPT::DEV && CTR::$","SEC::$ && DPT::$",different,20,failure,2000,1326427607,663213.804
lp-covercrypt,089a548,"SEC::MED && DPT::DEV && CTR::$","SEC::$ && DPT::$ && CTR::EN",same,40,failure,2000,2663661412,1331830.706
lp-covercrypt,089a548,"SEC::MED && DPT::DEV && CTR::$","SEC::$ && DPT::$ && CTR::FR",same,40,failure,2000,2506371827,1253185.914
lp-covercrypt,089a548,"SEC::MED && DPT::DEV && CTR::$","SEC::$ && DPT::$ && CTR::$",same,80,success,2000,2669511596,1334755.798
lp-covercrypt,089a548,"DPT::DEV","CTR::EN",different,2,failure,2000,294313439,147156.720
lp-covercrypt,089a548,"DPT::DEV","CTR::FR",different,2,failure,2000,293890875,146945.438
lp-covercrypt,089a548,"DPT::DEV","CTR::$",different,4,failure,2000,441091638,220545.819
lp-covercrypt,089a548,"DPT::DEV","DPT::DEV",different,2,success,2000,387388364,193694.182
lp-covercrypt,089a548,"DPT::DEV","DPT::DEV && CTR::EN",different,4,success,2000,467663650,233831.825
lp-covercrypt,089a548,"DPT::DEV","DPT::DEV && CTR::FR",different,4,success,2000,468817855,234408.927
lp-covercrypt,089a548,"DPT::DEV","DPT::DEV && CTR::$",different,8,success,2000,613935930,306967.965
lp-covercrypt,089a548,"DPT::DEV","DPT::MKG",different,2,failure,2000,290978132,145489.066
lp-covercrypt,089a548,"DPT::DEV","DPT::MKG && CTR::EN",different,4,failure,2000,442126439,221063.220
lp-covercrypt,089a548,"DPT::DEV","DPT::MKG && CTR::FR",different,4,failure,2000,445378659,222689.329
lp-covercrypt,089a548,"DPT::DEV","DPT::MKG && CTR::$",different,8,failure,2000,736668516,368334.258
lp-covercrypt,089a548,"DPT::DEV","DPT::$",different,4,success,2000,466041588,233020.794
lp-covercrypt,089a548,"DPT::DEV","DPT::$ && CTR::EN",different,8,success,2000,628528592,314264.296
lp-covercrypt,089a548,"DPT::DEV","DPT::$ && CTR::FR",different,8,success,2000,600737273,300368.637
lp-covercrypt,089a548,"DPT::DEV","DPT::$ && CTR::$",different,16,success,2000,890840764,445420.382
lp-covercrypt,089a548,"DPT::DEV","SEC::LOW",different,2,failure,2000,296181853,148090.927
lp-covercrypt,089a548,"DPT::DEV","SEC::LOW && CTR::EN",different,4,failure,2000,466562625,233281.312
lp-covercrypt,089a548,"DPT::DEV","SEC::LOW && CTR::FR",different,4,failure,2000,448412419,224206.209
lp-covercrypt,089a548,"DPT::DEV","SEC::LOW && CTR::$",different,8,failure,2000,756050071,378025.035
lp-covercrypt,089a548,"DPT::DEV","SEC::LOW && DPT::DEV",different,4,success,2000,474423189,237211.595
lp-covercrypt,089a548,"DPT::DEV","SEC::LOW && DPT::DEV && CTR::EN",same,8,success,2000,610947585,305473.792
lp-covercrypt,089a548,"DPT::DEV","SEC::LOW && DPT::DEV && CTR::FR",same,8,success,2000,622675473,311337.736
lp-covercrypt,089a548,"DPT::DEV","SEC::LOW && DPT::DEV && CTR::$",same,16,success,2000,883629828,441814.914
lp-covercrypt,089a548,"DPT::DEV","SEC::LOW && DPT::MKG",different,4,failure,2000,442994176,221497.088
lp-covercrypt,089a548,"DPT::DEV","SEC::LOW && DPT::MKG && CTR::EN",same,8,failure,2000,737632615,368816.307
lp-covercrypt,089a548,"DPT::DEV","SEC::LOW && DPT::MKG && CTR::FR",same,8,failure,2000,772483226,386241.613
lp-covercrypt,089a548,"DPT::DEV","SEC::LOW && DPT::MKG && CTR::$",same,16,failure,2000,1354214307,677107.154
lp-covercrypt,089a548,"DPT::DEV","SEC::LOW && DPT::$",different,8,success,2000,598143718,299071.859
lp-covercrypt,089a548,"DPT::DEV","SEC::LOW && DPT::$ && CTR::EN",same,16,success,2000,954740164,477370.082
lp-covercrypt,089a548,"DPT::DEV","SEC::LOW && DPT::$ && CTR::FR",same,16,success,2000,952767894,476383.947
lp-covercrypt,089a548,"DPT::DEV","SEC::LOW && DPT::$ && CTR::$",same,32,success,2000,1527346570,763673.285
lp-covercrypt,089a548,"DPT::DEV","SEC::MED",different,3,failure,2000,370682588,185341.294
lp-covercrypt,089a548,"DPT::DEV","SEC::MED && CTR::EN",different,6,failure,2000,597893198,298946.599
lp-covercrypt,089a548,"DPT::DEV","SEC::MED && CTR::FR",different,6,failure,2000,596448808,298224.404
lp-covercrypt,089a548,"DPT::DEV","SEC::MED && CTR::$",different,12,failure,2000,1061176952,530588.476
lp-covercrypt,089a548,"DPT::DEV","SEC::MED && DPT::DEV",different,6,success,2000,552870577,276435.289
lp-covercrypt,089a548,"DPT::DEV","SEC::MED && DPT::DEV && CTR::EN",same,12,success,2000,740606473,370303.236
lp-covercrypt,089a548,"DPT::DEV","SEC::MED && DPT::DEV && CTR::FR",same,12,success,2000,773092438,386546.219
lp-covercrypt,089a548,"DPT::DEV","SEC::MED && DPT::DEV && CTR::$",same,24,success,2000,1283377034,641688.517
lp-covercrypt,089a548,"DPT::DEV","SEC::MED && DPT::MKG",different,6,failure,2000,619433312,309716.656
lp-covercrypt,089a548,"DPT::DEV","SEC::MED && DPT::MKG && CTR::EN",same,12,failure,2000,1046895074,523447.537
lp-covercrypt,089a548,"DPT::DEV","SEC::MED && DPT::MKG && CTR::FR",same,12,failure,2000,1085663293,542831.647
lp-covercrypt,089a548,"DPT::DEV","SEC::MED && DPT::MKG && CTR::$",same,24,failure,2000,2720749175,1360374.587
lp-covercrypt,089a548,"DPT::DEV","SEC::MED && DPT::$",different,12,success,2000,1118832199,559416.100
lp-covercrypt,089a548,"DPT::DEV","SEC::MED && DPT::$ && CTR::EN",same,24,success,2000,1931725043,965862.522
lp-covercrypt,089a548,"DPT::DEV","SEC::MED && DPT::$ && CTR::FR",same,24,success,2000,1690031065,845015.532
lp-covercrypt,089a548,"DPT::DEV","SEC::MED && DPT::$ && CTR::$",same,48,success,2000,2459982431,1229991.215
lp-covercrypt,089a548,"DPT::DEV","SEC::HIG",different,4,failure,2000,637581844,318790.922
lp-covercrypt,089a548,"DPT::DEV","SEC::HIG && CTR::EN",different,8,failure,2000,1088091548,544045.774
lp-covercrypt,089a548,"DPT::DEV","SEC::HIG && CTR::FR",different,8,failure,2000,1121957031,560978.515
lp-covercrypt,089a548,"DPT::DEV","SEC::HIG && CTR::$",different,16,failure,2000,2214613551,1107306.775
lp-covercrypt,089a548,"DPT::DEV","SEC::HIG && DPT::DEV",different,8,success,2000,1186158256,593079.128
lp-covercrypt,089a548,"DPT::DEV","SEC::HIG && DPT::DEV && CTR::EN",same,16,success,2000,1362159340,681079.670
lp-covercrypt,089a548,"DPT::DEV","SEC::HIG && DPT::DEV && CTR::FR",same,16,success,2000,1441815675,720907.838
lp-covercrypt,089a548,"DPT::DEV","SEC::HIG && DPT::DEV && CTR::$",same,32,success,2000,2157845218,1078922.609
lp-covercrypt,089a548,"DPT::DEV","SEC::HIG && DPT::MKG",different,8,failure,2000,1023248899,511624.449
lp-covercrypt,089a548,"DPT::DEV","SEC::HIG && DPT::MKG && CTR::EN",same,16,failure,2000,1545913497,772956.748
lp-covercrypt,089a548,"DPT::DEV","SEC::HIG && DPT::MKG && CTR::FR",same,16,failure,2000,1335015966,667507.983
lp-covercrypt,089a548,"DPT::DEV","SEC::HIG && DPT::MKG && CTR::$",same,32,failure,2000,2498437794,1249218.897
lp-covercrypt,089a548,"DPT::DEV","SEC::HIG && DPT::$",different,16,success,2000,890604491,445302.246
lp-covercrypt,089a548,"DPT::DEV","SEC::HIG && DPT::$ && CTR::EN",same,32,success,2000,1451291269,725645.635
lp-covercrypt,089a548,"DPT::DEV","SEC::HIG && DPT::$ && CTR::FR",same,32,success,2000,1448225148,724112.574
lp-covercrypt,089a548,"DPT::DEV","SEC::HIG && DPT::$ && CTR::$",same,64,success,2000,2615855841,1307927.921
lp-covercrypt,089a548,"DPT::DEV","SEC::$",different,5,failure,2000,532688460,266344.230
lp-covercrypt,089a548,"DPT::DEV","SEC::$ && CTR::EN",different,10,failure,2000,1006607664,503303.832
lp-covercrypt,089a548,"DPT::DEV","SEC::$ && CTR::FR",different,10,failure,2000,916840504,458420.252
lp-covercrypt,089a548,"DPT::DEV","SEC::$ && CTR::$",different,20,failure,2000,1624039532,812019.766
lp-covercrypt,089a548,"DPT::DEV","SEC::$ && DPT::DEV",different,10,success,2000,704624710,352312.355
lp-covercrypt,089a548,"DPT::DEV","SEC::$ && DPT::DEV && CTR::EN",same,20,success,2000,1155715714,577857.857
lp-covercrypt,089a548,"DPT::DEV","SEC::$ && DPT::DEV && CTR::FR",same,20,success,2000,1250287336,625143.668
lp-covercrypt,089a548,"DPT::DEV","SEC::$ && DPT::DEV && CTR::$",same,40,success,2000,1952282854,976141.427
lp-covercrypt,089a548,"DPT::DEV","SEC::$ && DPT::MKG",different,10,failure,2000,901524935,450762.468
lp-covercrypt,089a548,"DPT::DEV","SEC::$ && DPT::MKG && CTR::EN",same,20,failure,2000,1717500522,858750.261
lp-covercrypt,089a548,"DPT::DEV","SEC::$ && DPT::MKG && CTR::FR",same,20,failure,2000,1712777833,856388.917
lp-covercrypt,089a548,"DPT::DEV","SEC::$ && DPT::MKG && CTR::$",same,40,failure,2000,3274505233,1637252.617
lp-covercrypt,089a548,"DPT::DEV","SEC::$ && DPT::$",different,20,success,2000,1084913576,542456.788
lp-covercrypt,089a548,"DPT::DEV","SEC::$ && DPT::$ && CTR::EN",same,40,success,2000,1802534684,901267.342
lp-covercrypt,089a548,"DPT::DEV","SEC::$ && DPT::$ && CTR::FR",same,40,success,2000,1943083488,971541.744
lp-covercrypt,089a548,"DPT::DEV","SEC::$ && DPT::$ && CTR::$",same,80,success,2000,3373277124,1686638.562
lp-covercrypt,089a548,"SEC::LOW","CTR::EN",different,2,failure,2000,294872197,147436.098
lp-covercrypt,089a548,"SEC::LOW","CTR::FR",different,2,failure,2000,298131200,149065.600
lp-covercrypt,089a548,"SEC::LOW","CTR::$",different,4,failure,2000,443630991,221815.495
lp-covercrypt,089a548,"SEC::LOW","DPT::DEV",different,2,failure,2000,294723949,147361.975
lp-covercrypt,089a548,"SEC::LOW","DPT::DEV && CTR::EN",different,4,failure,2000,443041585,221520.793
lp-covercrypt,089a548,"SEC::LOW","DPT::DEV && CTR::FR",different,4,failure,2000,445625361,222812.680
lp-covercrypt,089a548,"SEC::LOW","DPT::DEV && CTR::$",different,8,failure,2000,737949028,368974.514
lp-covercrypt,089a548,"SEC::LOW","DPT::MKG",different,2,failure,2000,294787808,147393.904
lp-covercrypt,089a548,"SEC::LOW","DPT::MKG && CTR::EN",different,4,failure,2000,440908554,220454.277
lp-covercrypt,089a548,"SEC::LOW","DPT::MKG && CTR::FR",different,4,failure,2000,439072159,219536.079
lp-covercrypt,089a548,"SEC::LOW","DPT::MKG && CTR::$",different,8,failure,2000,753432400,376716.200
lp-covercrypt,089a548,"SEC::LOW","DPT::$",different,4,failure,2000,444678626,222339.313
lp-covercrypt,089a548,"SEC::LOW","DPT::$ && CTR::EN",different,8,failure,2000,741499498,370749.749
lp-covercrypt,089a548,"SEC::LOW","DPT::$ && CTR::FR",different,8,failure,2000,732250479,366125.240
lp-covercrypt,089a548,"SEC::LOW","DPT::$ && CTR::$",different,16,failure,2000,1317127081,658563.541
lp-covercrypt,089a548,"SEC::LOW","SEC::LOW",different,2,success,2000,391236282,195618.141
lp-covercrypt,089a548,"SEC::LOW","SEC::LOW && CTR::EN",different,4,success,2000,466219911,233109.956
lp-covercrypt,089a548,"SEC::LOW","SEC::LOW && CTR::FR",different,4,success,2000,464993492,232496.746
lp-covercrypt,089a548,"SEC::LOW","SEC::LOW && CTR::$",different,8,success,2000,618762604,309381.302
lp-covercrypt,089a548,"SEC::LOW","SEC::LOW && DPT::DEV",different,4,success,2000,463520479,231760.239
lp-covercrypt,089a548,"SEC::LOW","SEC::LOW && DPT::DEV && CTR::EN",same,8,success,2000,603767517,301883.758
lp-covercrypt,089a548,"SEC::LOW","SEC::LOW && DPT::DEV && CTR::FR",same,8,success,2000,626215784,313107.892
lp-covercrypt,089a548,"SEC::LOW","SEC::LOW && DPT::DEV && CTR::$",same,16,success,2000,924540567,462270.284
lp-covercrypt,089a548,"SEC::LOW","SEC::LOW && DPT::MKG",different,4,success,2000,463094349,231547.174
lp-covercrypt,089a548,"SEC::LOW","SEC::LOW && DPT::MKG && CTR::EN",same,8,success,2000,610720248,305360.124
lp-covercrypt,089a548,"SEC::LOW","SEC::LOW && DPT::MKG && CTR::FR",same,8,success,2000,602884481,301442.241
lp-covercrypt,089a548,"SEC::LOW","SEC::LOW && DPT::MKG && CTR::$",same,16,success,2000,893858024,446929.012
lp-covercrypt,089a548,"SEC::LOW","SEC::LOW && DPT::$",different,8,success,2000,610050642,305025.321
lp-covercrypt,089a548,"SEC::LOW","SEC::LOW && DPT::$ && CTR::EN",same,16,success,2000,908931748,454465.874
lp-covercrypt,089a548,"SEC::LOW","SEC::LOW && DPT::$ && CTR::FR",same,16,success,2000,904314688,452157.344
lp-covercrypt,089a548,"SEC::LOW","SEC::LOW && DPT::$ && CTR::$",same,32,success,2000,1575853167,787926.583
lp-covercrypt,089a548,"SEC::LOW","SEC::MED",different,3,success,2000,426104315,213052.158
lp-covercrypt,089a548,"SEC::LOW","SEC::MED && CTR::EN",different,6,success,2000,542880608,271440.304
lp-covercrypt,089a548,"SEC::LOW","SEC::MED && CTR::FR",different,6,success,2000,551960369,275980.184
lp-covercrypt,089a548,"SEC::LOW","SEC::MED && CTR::$",different,12,success,2000,738984981,369492.491
lp-covercrypt,089a548,"SEC::LOW","SEC::MED && DPT::DEV",different,6,success,2000,545500803,272750.401
lp-covercrypt,089a548,"SEC::LOW","SEC::MED && DPT::DEV && CTR::EN",same,12,success,2000,767868399,383934.199
lp-covercrypt,089a548,"SEC::LOW","SEC::MED && DPT::DEV && CTR::FR",same,12,success,2000,762916961,381458.481
lp-covercrypt,089a548,"SEC::LOW","SEC::MED && DPT::DEV && CTR::$",same,24,success,2000,1172268552,586134.276
lp-covercrypt,089a548,"SEC::LOW","SEC::MED && DPT::MKG",different,6,success,2000,542693447,271346.724
lp-covercrypt,089a548,"SEC::LOW","SEC::MED && DPT::MKG && CTR::EN",same,12,success,2000,751156621,375578.311
lp-covercrypt,089a548,"SEC::LOW","SEC::MED && DPT::MKG && CTR::FR",same,12,success,2000,772312966,386156.483
lp-covercrypt,089a548,"SEC::LOW","SEC::MED && DPT::MKG && CTR::$",same,24,success,2000,1202940485,601470.243
lp-covercrypt,089a548,"SEC::LOW","SEC::MED && DPT::$",different,12,success,2000,735103690,367551.845
lp-covercrypt,089a548,"SEC::LOW","SEC::MED && DPT::$ && CTR::EN",same,24,success,2000,1216609004,608304.502
lp-covercrypt,089a548,"SEC::LOW","SEC::MED && DPT::$ && CTR::FR",same,24,success,2000,1186131446,593065.723
lp-covercrypt,089a548,"SEC::LOW","SEC::MED && DPT::$ && CTR::$",same,48,success,2000,2259141605,1129570.802
lp-covercrypt,089a548,"SEC::LOW","SEC::HIG",different,4,success,2000,483027740,241513.870
lp-covercrypt,089a548,"SEC::LOW","SEC::HIG && CTR::EN",different,8,success,2000,631485138,315742.569
lp-covercrypt,089a548,"SEC::LOW","SEC::HIG && CTR::FR",different,8,success,2000,615637451,307818.726
lp-covercrypt,089a548,"SEC::LOW","SEC::HIG && CTR::$",different,16,success,2000,942805758,471402.879
lp-covercrypt,089a548,"SEC::LOW","SEC::HIG && DPT::DEV",different,8,success,2000,606617683,303308.841
lp-covercrypt,089a548,"SEC::LOW","SEC::HIG && DPT::DEV && CTR::EN",same,16,success,2000,886755482,443377.741
lp-covercrypt,089a548,"SEC::LOW","SEC::HIG && DPT::DEV && CTR::FR",same,16,success,2000,906076042,453038.021
lp-covercrypt,089a548,"SEC::LOW","SEC::HIG && DPT::DEV && CTR::$",same,32,success,2000,1446785548,723392.774
lp-covercrypt,089a548,"SEC::LOW","SEC::HIG && DPT::MKG",different,8,success,2000,601272266,300636.133
lp-covercrypt,089a548,"SEC::LOW","SEC::HIG && DPT::MKG && CTR::EN",same,16,success,2000,885890970,442945.485
lp-covercrypt,089a548,"SEC::LOW","SEC::HIG && DPT::MKG && CTR::FR",same,16,success,2000,907552452,453776.226
lp-covercrypt,089a548,"SEC::LOW","SEC::HIG && DPT::MKG && CTR::$",same,32,success,2000,1466265938,733132.969
lp-covercrypt,089a548,"SEC::LOW","SEC::HIG && DPT::$",different,16,success,2000,896954562,448477.281
lp-covercrypt,089a548,"SEC::LOW","SEC::HIG && DPT::$ && CTR::EN",same,32,success,2000,1548039144,774019.572
lp-covercrypt,089a548,"SEC::LOW","SEC::HIG && DPT::$ && CTR::FR",same,32,success,2000,1553251452,776625.726
lp-covercrypt,089a548,"SEC::LOW","SEC::HIG && DPT::$ && CTR::$",same,64,success,2000,2834360110,1417180.055
lp-covercrypt,089a548,"SEC::LOW","SEC::$",different,5,success,2000,505408089,252704.044
lp-covercrypt,089a548,"SEC::LOW","SEC::$ && CTR::EN",different,10,success,2000,681962611,340981.306
lp-covercrypt,089a548,"SEC::LOW","SEC::$ && CTR::FR",different,10,success,2000,686046792,343023.396
lp-covercrypt,089a548,"SEC::LOW","SEC::$ && CTR::$",different,20,success,2000,1035028204,517514.102
lp-covercrypt,089a548,"SEC::LOW","SEC::$ && DPT::DEV",different,10,success,2000,682305555,341152.778
lp-covercrypt,089a548,"SEC::LOW","SEC::$ && DPT::DEV && CTR::EN",same,20,success,2000,1119887268,559943.634
lp-covercrypt,089a548,"SEC::LOW","SEC::$ && DPT::DEV && CTR::FR",same,20,success,2000,1028845486,514422.743
lp-covercrypt,089a548,"SEC::LOW","SEC::$ && DPT::DEV && CTR::$",same,40,success,2000,1771341203,885670.601
lp-covercrypt,089a548,"SEC::LOW","SEC::$ && DPT::MKG",different,10,success,2000,699150201,349575.101
lp-covercrypt,089a548,"SEC::LOW","SEC::$ && DPT::MKG && CTR::EN",same,20,success,2000,1044933253,522466.627
lp-covercrypt,089a548,"SEC::LOW","SEC::$ && DPT::MKG && CTR::FR",same,20,success,2000,1027385638,513692.819
lp-covercrypt,089a548,"SEC::LOW","SEC::$ && DPT::MKG && CTR::$",same,40,success,2000,1781877917,890938.958
lp-covercrypt,089a548,"SEC::LOW","SEC::$ && DPT::$",different,20,success,2000,1026655078,513327.539
lp-covercrypt,089a548,"SEC::LOW","SEC::$ && DPT::$ && CTR::EN",same,40,success,2000,1856637938,928318.969
lp-covercrypt,089a548,"SEC::LOW","SEC::$ && DPT::$ && CTR::FR",same,40,success,2000,1835851889,917925.944
lp-covercrypt,089a548,"SEC::LOW","SEC::$ && DPT::$ && CTR::$",same,80,success,2000,3593655339,1796827.670
lp-covercrypt,089a548,"SEC::LOW && DPT::$","CTR::EN",different,2,failure,2000,297838731,148919.366
lp-covercrypt,089a548,"SEC::LOW && DPT::$","CTR::FR",different,2,failure,2000,297565168,148782.584
lp-covercrypt,089a548,"SEC::LOW && DPT::$","CTR::$",different,4,failure,2000,447552487,223776.244
lp-covercrypt,089a548,"SEC::LOW && DPT::$","DPT::DEV",different,2,failure,2000,298750401,149375.201
lp-covercrypt,089a548,"SEC::LOW && DPT::$","DPT::DEV && CTR::EN",different,4,failure,2000,472818389,236409.195
lp-covercrypt,089a548,"SEC::LOW && DPT::$","DPT::DEV && CTR::FR",different,4,failure,2000,446597215,223298.608
lp-covercrypt,089a548,"SEC::LOW && DPT::$","DPT::DEV && CTR::$",different,8,failure,2000,739205344,369602.672
lp-covercrypt,089a548,"SEC::LOW && DPT::$","DPT::MKG",different,2,failure,2000,294938401,147469.201
lp-covercrypt,089a548,"SEC::LOW && DPT::$","DPT::MKG && CTR::EN",different,4,failure,2000,442993044,221496.522
lp-covercrypt,089a548,"SEC::LOW && DPT::$","DPT::MKG && CTR::FR",different,4,failure,2000,467894363,233947.182
lp-covercrypt,089a548,"SEC::LOW && DPT::$","DPT::MKG && CTR::$",different,8,failure,2000,742797072,371398.536
lp-covercrypt,089a548,"SEC::LOW && DPT::$","DPT::$",different,4,failure,2000,443892401,221946.201
lp-covercrypt,089a548,"SEC::LOW && DPT::$","DPT::$ && CTR::EN",different,8,failure,2000,741864502,370932.251
lp-covercrypt,089a548,"SEC::LOW && DPT::$","DPT::$ && CTR::FR",different,8,failure,2000,766103008,383051.504
lp-covercrypt,089a548,"SEC::LOW && DPT::$","DPT::$ && CTR::$",different,16,failure,2000,1335417710,667708.855
lp-covercrypt,089a548,"SEC::LOW && DPT::$","SEC::LOW",different,2,failure,2000,295734344,147867.172
lp-covercrypt,089a548,"SEC::LOW && DPT::$","SEC::LOW && CTR::EN",different,4,failure,2000,455066100,227533.050
lp-covercrypt,089a548,"SEC::LOW && DPT::$","SEC::LOW && CTR::FR",different,4,failure,2000,439405916,219702.958
lp-covercrypt,089a548,"SEC::LOW && DPT::$","SEC::LOW && CTR::$",different,8,failure,2000,731120770,365560.385
lp-covercrypt,089a548,"SEC::LOW && DPT::$","SEC::LOW && DPT::DEV",different,4,failure,2000,438187259,219093.630
lp-covercrypt,089a548,"SEC::LOW && DPT::$","SEC::LOW && DPT::DEV && CTR::EN",same,8,failure,2000,732414136,366207.068
lp-covercrypt,089a548,"SEC::LOW && DPT::$","SEC::LOW && DPT::DEV && CTR::FR",same,8,failure,2000,732807814,366403.907
lp-covercrypt,089a548,"SEC::LOW && DPT::$","SEC::LOW && DPT::DEV && CTR::$",same,16,failure,2000,1319505843,659752.922
lp-covercrypt,089a548,"SEC::LOW && DPT::$","SEC::LOW && DPT::MKG",different,4,failure,2000,440274545,220137.272
lp-covercrypt,089a548,"SEC::LOW && DPT::$","SEC::LOW && DPT::MKG && CTR::EN",same,8,failure,2000,772572022,386286.011
lp-covercrypt,089a548,"SEC::LOW && DPT::$","SEC::LOW && DPT::MKG && CTR::FR",same,8,failure,2000,732145181,366072.590
lp-covercrypt,089a548,"SEC::LOW && DPT::$","SEC::LOW && DPT::MKG && CTR::$",same,16,failure,2000,1319666484,659833.242
lp-covercrypt,089a548,"SEC::LOW && DPT::$","SEC::LOW && DPT::$",different,8,success,2000,601980985,300990.492
lp-covercrypt,089a548,"SEC::LOW && DPT::$","SEC::LOW && DPT::$ && CTR::EN",same,16,success,2000,903828637,451914.318
lp-covercrypt,089a548,"SEC::LOW && DPT::$","SEC::LOW && DPT::$ && CTR::FR",same,16,success,2000,882923033,441461.517
lp-covercrypt,089a548,"SEC::LOW && DPT::$","SEC::LOW && DPT::$ && CTR::$",same,32,success,2000,1572457446,786228.723
lp-covercrypt,089a548,"SEC::LOW && DPT::$","SEC::MED",different,3,failure,2000,372801542,186400.771
lp-covercrypt,089a548,"SEC::LOW && DPT::$","SEC::MED && CTR::EN",different,6,failure,2000,587163893,293581.947
lp-covercrypt,089a548,"SEC::LOW && DPT::$","SEC::MED && CTR::FR",different,6,failure,2000,586134662,293067.331
lp-covercrypt,089a548,"SEC::LOW && DPT::$","SEC::MED && CTR::$",different,12,failure,2000,1025664049,512832.024
lp-covercrypt,089a548,"SEC::LOW && DPT::$","SEC::MED && DPT::DEV",different,6,failure,2000,587153803,293576.901
lp-covercrypt,089a548,"SEC::LOW && DPT::$","SEC::MED && DPT::DEV && CTR::EN",same,12,failure,2000,1027807230,513903.615
lp-covercrypt,089a548,"SEC::LOW && DPT::$","SEC::MED && DPT::DEV && CTR::FR",same,12,failure,2000,1026100037,513050.019
lp-covercrypt,089a548,"SEC::LOW && DPT::$","SEC::MED && DPT::DEV && CTR::$",same,24,failure,2000,1917462199,958731.100
lp-covercrypt,089a548,"SEC::LOW && DPT::$","SEC::MED && DPT::MKG",different,6,failure,2000,586110497,293055.248
lp-covercrypt,089a548,"SEC::LOW && DPT::$","SEC::MED && DPT::MKG && CTR::EN",same,12,failure,2000,1033390642,516695.321
lp-covercrypt,089a548,"SEC::LOW && DPT::$","SEC::MED && DPT::MKG && CTR::FR",same,12,failure,2000,1075654118,537827.059
lp-covercrypt,089a548,"SEC::LOW && DPT::$","SEC::MED && DPT::MKG && CTR::$",same,24,failure,2000,1975360411,987680.206
lp-covercrypt,089a548,"SEC::LOW && DPT::$","SEC::MED && DPT::$",different,12,success,2000,795523984,397761.992
lp-covercrypt,089a548,"SEC::LOW && DPT::$","SEC::MED && DPT::$ && CTR::EN",same,24,success,2000,1207434585,603717.292
lp-covercrypt,089a548,"SEC::LOW && DPT::$","SEC::MED && DPT::$ && CTR::FR",same,24,success,2000,1219490619,609745.309
lp-covercrypt,089a548,"SEC::LOW && DPT::$","SEC::MED && DPT::$ && CTR::$",same,48,success,2000,2274317120,1137158.560
lp-covercrypt,089a548,"SEC::LOW && DPT::$","SEC::HIG",different,4,failure,2000,448076399,224038.199
lp-covercrypt,089a548,"SEC::LOW && DPT::$","SEC::HIG && CTR::EN",different,8,failure,2000,741609564,370804.782
lp-covercrypt,089a548,"SEC::LOW && DPT::$","SEC::HIG && CTR::FR",different,8,failure,2000,743834919,371917.459
lp-covercrypt,089a548,"SEC::LOW && DPT::$","SEC::HIG && CTR::$",different,16,failure,2000,1342397432,671198.716
lp-covercrypt,089a548,"SEC::LOW && DPT::$","SEC::HIG && DPT::DEV",different,8,failure,2000,738173769,369086.884
lp-covercrypt,089a548,"SEC::LOW && DPT::$","SEC::HIG && DPT::DEV && CTR::EN",same,16,failure,2000,1343373824,671686.912
lp-covercrypt,089a548,"SEC::LOW && DPT::$","SEC::HIG && DPT::DEV && CTR::FR",same,16,failure,2000,1330065800,665032.900
lp-covercrypt,089a548,"SEC::LOW && DPT::$","SEC::HIG && DPT::DEV && CTR::$",same,32,failure,2000,2509694780,1254847.390
lp-covercrypt,089a548,"SEC::LOW && DPT::$","SEC::HIG && DPT::MKG",different,8,failure,2000,750539254,375269.627
lp-covercrypt,089a548,"SEC::LOW && DPT::$","SEC::HIG && DPT::MKG && CTR::EN",same,16,failure,2000,1356841515,678420.757
lp-covercrypt,089a548,"SEC::LOW && DPT::$","SEC::HIG && DPT::MKG && CTR::FR",same,16,failure,2000,1330322101,665161.051
lp-covercrypt,089a548,"SEC::LOW && DPT::$","SEC::HIG && DPT::MKG && CTR::$",same,32,failure,2000,2535117666,1267558.833
lp-covercrypt,089a548,"SEC::LOW && DPT::$","SEC::HIG && DPT::$",different,16,success,2000,941456337,470728.169
lp-covercrypt,089a548,"SEC::LOW && DPT::$","SEC::HIG && DPT::$ && CTR::EN",same,32,success,2000,1567844113,783922.056
lp-covercrypt,089a548,"SEC::LOW && DPT::$","SEC::HIG && DPT::$ && CTR::FR",same,32,success,2000,1507671465,753835.733
lp-covercrypt,089a548,"SEC::LOW && DPT::$","SEC::HIG && DPT::$ && CTR::$",same,64,success,2000,2730116756,1365058.378
lp-covercrypt,089a548,"SEC::LOW && DPT::$","SEC::$",different,5,failure,2000,512437494,256218.747
lp-covercrypt,089a548,"SEC::LOW && DPT::$","SEC::$ && CTR::EN",different,10,failure,2000,886253169,443126.584
lp-covercrypt,089a548,"SEC::LOW && DPT::$","SEC::$ && CTR::FR",different,10,failure,2000,901115347,450557.673
lp-covercrypt,089a548,"SEC::LOW && DPT::$","SEC::$ && CTR::$",different,20,failure,2000,1638213438,819106.719
lp-covercrypt,089a548,"SEC::LOW && DPT::$","SEC::$ && DPT::DEV",different,10,failure,2000,896110759,448055.379
lp-covercrypt,089a548,"SEC::LOW && DPT::$","SEC::$ && DPT::DEV && CTR::EN",same,20,failure,2000,1625084512,812542.256
lp-covercrypt,089a548,"SEC::LOW && DPT::$","SEC::$ && DPT::DEV && CTR::FR",same,20,failure,2000,1616230865,808115.432
lp-covercrypt,089a548,"SEC::LOW && DPT::$","SEC::$ && DPT::DEV && CTR::$",same,40,failure,2000,3115538771,1557769.386
lp-covercrypt,089a548,"SEC::LOW && DPT::$","SEC::$ && DPT::MKG",different,10,failure,2000,898052152,449026.076
lp-covercrypt,089a548,"SEC::LOW && DPT::$","SEC::$ && DPT::MKG && CTR::EN",same,20,failure,2000,1624220341,812110.171
lp-covercrypt,089a548,"SEC::LOW && DPT::$","SEC::$ && DPT::MKG && CTR::FR",same,20,failure,2000,1616449384,808224.692
lp-covercrypt,089a548,"SEC::LOW && DPT::$","SEC::$ && DPT::MKG && CTR::$",same,40,failure,2000,3137626933,1568813.467
lp-covercrypt,089a548,"SEC::LOW && DPT::$","SEC::$ && DPT::$",different,20,success,2000,1046394494,523197.247
lp-covercrypt,089a548,"SEC::LOW && DPT::$","SEC::$ && DPT::$ && CTR::EN",same,40,success,2000,1837957759,918978.880
lp-covercrypt,089a548,"SEC::LOW && DPT::$","SEC::$ && DPT::$ && CTR::FR",same,40,success,2000,1759174061,879587.030
lp-covercrypt,089a548,"SEC::LOW && DPT::$","SEC::$ && DPT::$ && CTR::$",same,80,success,2000,3678710561,1839355.281
lp-covercrypt,089a548,"SEC::MED && DPT::MKG","CTR::EN",different,2,failure,2000,297189864,148594.932
lp-covercrypt,089a548,"SEC::MED && DPT::MKG","CTR::FR",different,2,failure,2000,295179092,147589.546
lp-covercrypt,089a548,"SEC::MED && DPT::MKG","CTR::$",different,4,failure,2000,441112758,220556.379
lp-covercrypt,089a548,"SEC::MED && DPT::MKG","DPT::DEV",different,2,failure,2000,293939547,146969.774
lp-covercrypt,089a548,"SEC::MED && DPT::MKG","DPT::DEV && CTR::EN",different,4,failure,2000,440089477,220044.739
lp-covercrypt,089a548,"SEC::MED && DPT::MKG","DPT::DEV && CTR::FR",different,4,failure,2000,439706359,219853.179
lp-covercrypt,089a548,"SEC::MED && DPT::MKG","DPT::DEV && CTR::$",different,8,failure,2000,731574090,365787.045
lp-covercrypt,089a548,"SEC::MED && DPT::MKG","DPT::MKG",different,2,failure,2000,292484999,146242.500
lp-covercrypt,089a548,"SEC::MED && DPT::MKG","DPT::MKG && CTR::EN",different,4,failure,2000,437190881,218595.440
lp-covercrypt,089a548,"SEC::MED && DPT::MKG","DPT::MKG && CTR::FR",different,4,failure,2000,438986228,219493.114
lp-covercrypt,089a548,"SEC::MED && DPT::MKG","DPT::MKG && CTR::$",different,8,failure,2000,733925661,366962.830
lp-covercrypt,089a548,"SEC::MED && DPT::MKG","DPT::$",different,4,failure,2000,442581111,221290.555
lp-covercrypt,089a548,"SEC::MED && DPT::MKG","DPT::$ && CTR::EN",different,8,failure,2000,759887208,379943.604
lp-covercrypt,089a548,"SEC::MED && DPT::MKG","DPT::$ && CTR::FR",different,8,failure,2000,732578705,366289.352
lp-covercrypt,089a548,"SEC::MED && DPT::MKG","DPT::$ && CTR::$",different,16,failure,2000,1327678392,663839.196
lp-covercrypt,089a548,"SEC::MED && DPT::MKG","SEC::LOW",different,2,failure,2000,294370115,147185.057
lp-covercrypt,089a548,"SEC::MED && DPT::MKG","SEC::LOW && CTR::EN",different,4,failure,2000,447931307,223965.653
lp-covercrypt,089a548,"SEC::MED && DPT::MKG","SEC::LOW && CTR::FR",different,4,failure,2000,445254126,222627.063
lp-covercrypt,089a548,"SEC::MED && DPT::MKG","SEC::LOW && CTR::$",different,8,failure,2000,738180071,369090.035
lp-covercrypt,089a548,"SEC::MED && DPT::MKG","SEC::LOW && DPT::DEV",different,4,failure,2000,440557696,220278.848
lp-covercrypt,089a548,"SEC::MED && DPT::MKG","SEC::LOW && DPT::DEV && CTR::EN",same,8,failure,2000,752447022,376223.511
lp-covercrypt,089a548,"SEC::MED && DPT::MKG","SEC::LOW && DPT::DEV && CTR::FR",same,8,failure,2000,768328953,384164.476
lp-covercrypt,089a548,"SEC::MED && DPT::MKG","SEC::LOW && DPT::DEV && CTR::$",same,16,failure,2000,1317059133,658529.566
lp-covercrypt,089a548,"SEC::MED && DPT::MKG","SEC::LOW && DPT::MKG",different,4,failure,2000,434362956,217181.478
lp-covercrypt,089a548,"SEC::MED && DPT::MKG","SEC::LOW && DPT::MKG && CTR::EN",same,8,failure,2000,722548430,361274.215
lp-covercrypt,089a548,"SEC::MED && DPT::MKG","SEC::LOW && DPT::MKG && CTR::FR",same,8,failure,2000,720881934,360440.967
lp-covercrypt,089a548,"SEC::MED && DPT::MKG","SEC::LOW && DPT::MKG && CTR::$",same,16,failure,2000,1303608083,651804.042
lp-covercrypt,089a548,"SEC::MED && DPT::MKG","SEC::LOW && DPT::$",different,8,failure,2000,717768835,358884.417
lp-covercrypt,089a548,"SEC::MED && DPT::MKG","SEC::LOW && DPT::$ && CTR::EN",same,16,failure,2000,1309577330,654788.665
lp-covercrypt,089a548,"SEC::MED && DPT::MKG","SEC::LOW && DPT::$ && CTR::FR",same,16,failure,2000,1336442371,668221.186
lp-covercrypt,089a548,"SEC::MED && DPT::MKG","SEC::LOW && DPT::$ && CTR::$",same,32,failure,2000,2525303948,1262651.974
lp-covercrypt,089a548,"SEC::MED && DPT::MKG","SEC::MED",different,3,failure,2000,377088724,188544.362
lp-covercrypt,089a548,"SEC::MED && DPT::MKG","SEC::MED && CTR::EN",different,6,failure,2000,577192028,288596.014
lp-covercrypt,089a548,"SEC::MED && DPT::MKG","SEC::MED && CTR::FR",different,6,failure,2000,580949356,290474.678
lp-covercrypt,089a548,"SEC::MED && DPT::MKG","SEC::MED && CTR::$",different,12,failure,2000,1016790614,508395.307
lp-covercrypt,089a548,"SEC::MED && DPT::MKG","SEC::MED && DPT::DEV",different,6,failure,2000,581775275,290887.638
lp-covercrypt,089a548,"SEC::MED && DPT::MKG","SEC::MED && DPT::DEV && CTR::EN",same,12,failure,2000,1009420571,504710.285
lp-covercrypt,089a548,"SEC::MED && DPT::MKG","SEC::MED && DPT::DEV && CTR::FR",same,12,failure,2000,1010899043,505449.521
lp-covercrypt,089a548,"SEC::MED && DPT::MKG","SEC::MED && DPT::DEV && CTR::$",same,24,failure,2000,1897106587,948553.294
lp-covercrypt,089a548,"SEC::MED && DPT::MKG","SEC::MED && DPT::MKG",different,6,success,2000,517894130,258947.065
lp-covercrypt,089a548,"SEC::MED && DPT::MKG","SEC::MED && DPT::MKG && CTR::EN",same,12,success,2000,744695102,372347.551
lp-covercrypt,089a548,"SEC::MED && DPT::MKG","SEC::MED && DPT::MKG && CTR::FR",same,12,success,2000,778320795,389160.398
lp-covercrypt,089a548,"SEC::MED && DPT::MKG","SEC::MED && DPT::MKG && CTR::$",same,24,success,2000,1289325793,644662.897
lp-covercrypt,089a548,"SEC::MED && DPT::MKG","SEC::MED && DPT::$",different,12,success,2000,773404834,386702.417
lp-covercrypt,089a548,"SEC::MED && DPT::MKG","SEC::MED && DPT::$ && CTR::EN",same,24,success,2000,1147929218,573964.609
lp-covercrypt,089a548,"SEC::MED && DPT::MKG","SEC::MED && DPT::$ && CTR::FR",same,24,success,2000,1158250819,579125.409
lp-covercrypt,089a548,"SEC::MED && DPT::MKG","SEC::MED && DPT::$ && CTR::$",same,48,success,2000,1982635869,991317.934
lp-covercrypt,089a548,"SEC::MED && DPT::MKG","SEC::HIG",different,4,failure,2000,436263211,218131.606
lp-covercrypt,089a548,"SEC::MED && DPT::MKG","SEC::HIG && CTR::EN",different,8,failure,2000,734180559,367090.280
lp-covercrypt,089a548,"SEC::MED && DPT::MKG","SEC::HIG && CTR::FR",different,8,failure,2000,726756173,363378.086
lp-covercrypt,089a548,"SEC::MED && DPT::MKG","SEC::HIG && CTR::$",different,16,failure,2000,1306969759,653484.880
lp-covercrypt,089a548,"SEC::MED && DPT::MKG","SEC::HIG && DPT::DEV",different,8,failure,2000,734343985,367171.992
lp-covercrypt,089a548,"SEC::MED && DPT::MKG","SEC::HIG && DPT::DEV && CTR::EN",same,16,failure,2000,1303767882,651883.941
lp-covercrypt,089a548,"SEC::MED && DPT::MKG","SEC::HIG && DPT::DEV && CTR::FR",same,16,failure,2000,1292109024,646054.512
lp-covercrypt,089a548,"SEC::MED && DPT::MKG","SEC::HIG && DPT::DEV && CTR::$",same,32,failure,2000,2465937992,1232968.996
lp-covercrypt,089a548,"SEC::MED && DPT::MKG","SEC::HIG && DPT::MKG",different,8,success,2000,616501443,308250.721
lp-covercrypt,089a548,"SEC::MED && DPT::MKG","SEC::HIG && DPT::MKG && CTR::EN",same,16,success,2000,875695926,437847.963
lp-covercrypt,089a548,"SEC::MED && DPT::MKG","SEC::HIG && DPT::MKG && CTR::FR",same,16,success,2000,883962833,441981.416
lp-covercrypt,089a548,"SEC::MED && DPT::MKG","SEC::HIG && DPT::MKG && CTR::$",same,32,success,2000,1450024183,725012.091
lp-covercrypt,089a548,"SEC::MED && DPT::MKG","SEC::HIG && DPT::$",different,16,success,2000,890883104,445441.552
lp-covercrypt,089a548,"SEC::MED && DPT::MKG","SEC::HIG && DPT::$ && CTR::EN",same,32,success,2000,1536355358,768177.679
lp-covercrypt,089a548,"SEC::MED && DPT::MKG","SEC::HIG && DPT::$ && CTR::FR",same,32,success,2000,1465875265,732937.632
lp-covercrypt,089a548,"SEC::MED && DPT::MKG","SEC::HIG && DPT::$ && CTR::$",same,64,success,2000,2531899711,1265949.856
lp-covercrypt,089a548,"SEC::MED && DPT::MKG","SEC::$",different,5,failure,2000,505216089,252608.044
lp-covercrypt,089a548,"SEC::MED && DPT::MKG","SEC::$ && CTR::EN",different,10,failure,2000,867804745,433902.372
lp-covercrypt,089a548,"SEC::MED && DPT::MKG","SEC::$ && CTR::FR",different,10,failure,2000,871553086,435776.543
lp-covercrypt,089a548,"SEC::MED && DPT::MKG","SEC::$ && CTR::$",different,20,failure,2000,1608502278,804251.139
lp-covercrypt,089a548,"SEC::MED && DPT::MKG","SEC::$ && DPT::DEV",different,10,failure,2000,866233217,433116.608
lp-covercrypt,089a548,"SEC::MED && DPT::MKG","SEC::$ && DPT::DEV && CTR::EN",same,20,failure,2000,1591216203,795608.101
lp-covercrypt,089a548,"SEC::MED && DPT::MKG","SEC::$ && DPT::DEV && CTR::FR",same,20,failure,2000,1589231952,794615.976
lp-covercrypt,089a548,"SEC::MED && DPT::MKG","SEC::$ && DPT::DEV && CTR::$",same,40,failure,2000,3047140533,1523570.266
lp-covercrypt,089a548,"SEC::MED && DPT::MKG","SEC::$ && DPT::MKG",different,10,success,2000,667775760,333887.880
lp-covercrypt,089a548,"SEC::MED && DPT::MKG","SEC::$ && DPT::MKG && CTR::EN",same,20,success,2000,1014944031,507472.015
lp-covercrypt,089a548,"SEC::MED && DPT::MKG","SEC::$ && DPT::MKG && CTR::FR",same,20,success,2000,1007802235,503901.117
lp-covercrypt,089a548,"SEC::MED && DPT::MKG","SEC::$ && DPT::MKG && CTR::$",same,40,success,2000,1740578109,870289.054
lp-covercrypt,089a548,"SEC::MED && DPT::MKG","SEC::$ && DPT::$",different,20,success,2000,1086356282,543178.141
lp-covercrypt,089a548,"SEC::MED && DPT::MKG","SEC::$ && DPT::$ && CTR::EN",same,40,success,2000,1783385315,891692.657
lp-covercrypt,089a548,"SEC::MED && DPT::MKG","SEC::$ && DPT::$ && CTR::FR",same,40,success,2000,1759623493,879811.747
lp-covercrypt,089a548,"SEC::MED && DPT::MKG","SEC::$ && DPT::$ && CTR::$",same,80,success,2000,3196011979,1598005.989
lp-covercrypt,089a548,"DPT::DEV && CTR::EN","CTR::EN",different,2,failure,2000,298388302,149194.151
lp-covercrypt,089a548,"DPT::DEV && CTR::EN","CTR::FR",different,2,failure,2000,293998207,146999.103
lp-covercrypt,089a548,"DPT::DEV && CTR::EN","CTR::$",different,4,failure,2000,442465805,221232.902
lp-covercrypt,089a548,"DPT::DEV && CTR::EN","DPT::DEV",different,2,failure,2000,294364815,147182.408
lp-covercrypt,089a548,"DPT::DEV && CTR::EN","DPT::DEV && CTR::EN",different,4,success,2000,460907246,230453.623
lp-covercrypt,089a548,"DPT::DEV && CTR::EN","DPT::DEV && CTR::FR",different,4,failure,2000,444366911,222183.456
lp-covercrypt,089a548,"DPT::DEV && CTR::EN","DPT::DEV && CTR::$",different,8,success,2000,634841173,317420.586
lp-covercrypt,089a548,"DPT::DEV && CTR::EN","DPT::MKG",different,2,failure,2000,293815925,146907.962
lp-covercrypt,089a548,"DPT::DEV && CTR::EN","DPT::MKG && CTR::EN",different,4,failure,2000,442416532,221208.266
lp-covercrypt,089a548,"DPT::DEV && CTR::EN","DPT::MKG && CTR::FR",different,4,failure,2000,442491363,221245.682
lp-covercrypt,089a548,"DPT::DEV && CTR::EN","DPT::MKG && CTR::$",different,8,failure,2000,740022527,370011.264
lp-covercrypt,089a548,"DPT::DEV && CTR::EN","DPT::$",different,4,failure,2000,440289032,220144.516
lp-covercrypt,089a548,"DPT::DEV && CTR::EN","DPT::$ && CTR::EN",different,8,success,2000,592654111,296327.056
lp-covercrypt,089a548,"DPT::DEV && CTR::EN","DPT::$ && CTR::FR",different,8,failure,2000,738893990,369446.995
lp-covercrypt,089a548,"DPT::DEV && CTR::EN","DPT::$ && CTR::$",different,16,success,2000,926185472,463092.736
lp-covercrypt,089a548,"DPT::DEV && CTR::EN","SEC::LOW",different,2,failure,2000,301473118,150736.559
lp-covercrypt,089a548,"DPT::DEV && CTR::EN","SEC::LOW && CTR::EN",different,4,failure,2000,464872765,232436.383
lp-covercrypt,089a548,"DPT::DEV && CTR::EN","SEC::LOW && CTR::FR",different,4,failure,2000,448394415,224197.207
lp-covercrypt,089a548,"DPT::DEV && CTR::EN","SEC::LOW && CTR::$",different,8,failure,2000,751053669,375526.834
lp-covercrypt,089a548,"DPT::DEV && CTR::EN","SEC::LOW && DPT::DEV",different,4,failure,2000,447038833,223519.416
lp-covercrypt,089a548,"DPT::DEV && CTR::EN","SEC::LOW && DPT::DEV && CTR::EN",same,8,success,2000,630547319,315273.660
lp-covercrypt,089a548,"DPT::DEV && CTR::EN","SEC::LOW && DPT::DEV && CTR::FR",same,8,failure,2000,757519337,378759.669
lp-covercrypt,089a548,"DPT::DEV && CTR::EN","SEC::LOW && DPT::DEV && CTR::$",same,16,success,2000,887663154,443831.577
lp-covercrypt,089a548,"DPT::DEV && CTR::EN","SEC::LOW && DPT::MKG",different,4,failure,2000,441491377,220745.688
lp-covercrypt,089a548,"DPT::DEV && CTR::EN","SEC::LOW && DPT::MKG && CTR::EN",same,8,failure,2000,738380117,369190.058
lp-covercrypt,089a548,"DPT::DEV && CTR::EN","SEC::LOW && DPT::MKG && CTR::FR",same,8,failure,2000,777076180,388538.090
lp-covercrypt,089a548,"DPT::DEV && CTR::EN","SEC::LOW && DPT::MKG && CTR::$",same,16,failure,2000,1356625320,678312.660
lp-covercrypt,089a548,"DPT::DEV && CTR::EN","SEC::LOW && DPT::$",different,8,failure,2000,745020673,372510.336
lp-covercrypt,089a548,"DPT::DEV && CTR::EN","SEC::LOW && DPT::$ && CTR::EN",same,16,success,2000,914579603,457289.802
lp-covercrypt,089a548,"DPT::DEV && CTR::EN","SEC::LOW && DPT::$ && CTR::FR",same,16,failure,2000,1344729386,672364.693
lp-covercrypt,089a548,"DPT::DEV && CTR::EN","SEC::LOW && DPT::$ && CTR::$",same,32,success,2000,1856198614,928099.307
lp-covercrypt,089a548,"DPT::DEV && CTR::EN","SEC::MED",different,3,failure,2000,498043586,249021.793
lp-covercrypt,089a548,"DPT::DEV && CTR::EN","SEC::MED && CTR::EN",different,6,failure,2000,736241235,368120.617
lp-covercrypt,089a548,"DPT::DEV && CTR::EN","SEC::MED && CTR::FR",different,6,failure,2000,590170552,295085.276
lp-covercrypt,089a548,"DPT::DEV && CTR::EN","SEC::MED && CTR::$",different,12,failure,2000,1029779489,514889.744
lp-covercrypt,089a548,"DPT::DEV && CTR::EN","SEC::MED && DPT::DEV",different,6,failure,2000,592223743,296111.872
lp-covercrypt,089a548,"DPT::DEV && CTR::EN","SEC::MED && DPT::DEV && CTR::EN",same,12,success,2000,772124172,386062.086
lp-covercrypt,089a548,"DPT::DEV && CTR::EN","SEC::MED && DPT::DEV && CTR::FR",same,12,failure,2000,1066897323,533448.662
lp-covercrypt,089a548,"DPT::DEV && CTR::EN","SEC::MED && DPT::DEV && CTR::$",same,24,success,2000,1201087189,600543.595
lp-covercrypt,089a548,"DPT::DEV && CTR::EN","SEC::MED && DPT::MKG",different,6,failure,2000,595428014,297714.007
lp-covercrypt,089a548,"DPT::DEV && CTR::EN","SEC::MED && DPT::MKG && CTR::EN",same,12,failure,2000,1238100116,619050.058
lp-covercrypt,089a548,"DPT::DEV && CTR::EN","SEC::MED && DPT::MKG && CTR::FR",same,12,failure,2000,1506622076,753311.038
lp-covercrypt,089a548,"DPT::DEV && CTR::EN","SEC::MED && DPT::MKG && CTR::$",same,24,failure,2000,3023530006,1511765.003
lp-covercrypt,089a548,"DPT::DEV && CTR::EN","SEC::MED && DPT::$",different,12,failure,2000,1485096640,742548.320
lp-covercrypt,089a548,"DPT::DEV && CTR::EN","SEC::MED && DPT::$ && CTR::EN",same,24,success,2000,1514326067,757163.034
lp-covercrypt,089a548,"DPT::DEV && CTR::EN","SEC::MED && DPT::$ && CTR::FR",same,24,failure,2000,2318528830,1159264.415
lp-covercrypt,089a548,"DPT::DEV && CTR::EN","SEC::MED && DPT::$ && CTR::$",same,48,success,2000,3354534347,1677267.174
lp-covercrypt,089a548,"DPT::DEV && CTR::EN","SEC::HIG",different,4,failure,2000,785403390,392701.695
lp-covercrypt,089a548,"DPT::DEV && CTR::EN","SEC::HIG && CTR::EN",different,8,failure,2000,1250584694,625292.347
lp-covercrypt,089a548,"DPT::DEV && CTR::EN","SEC::HIG && CTR::FR",different,8,failure,2000,1367871405,683935.703
lp-covercrypt,089a548,"DPT::DEV && CTR::EN","SEC::HIG && CTR::$",different,16,failure,2000,2007948870,1003974.435
lp-covercrypt,089a548,"DPT::DEV && CTR::EN","SEC::HIG && DPT::DEV",different,8,failure,2000,1067086046,533543.023
lp-covercrypt,089a548,"DPT::DEV && CTR::EN","SEC::HIG && DPT::DEV && CTR::EN",same,16,success,2000,1252048740,626024.370
lp-covercrypt,089a548,"DPT::DEV && CTR::EN","SEC::HIG && DPT::DEV && CTR::FR",same,16,failure,2000,1695580965,847790.483
lp-covercrypt,089a548,"DPT::DEV && CTR::EN","SEC::HIG && DPT::DEV && CTR::$",same,32,success,2000,1641021115,820510.557
lp-covercrypt,089a548,"DPT::DEV && CTR::EN","SEC::HIG && DPT::MKG",different,8,failure,2000,740622332,370311.166
lp-covercrypt,089a548,"DPT::DEV && CTR::EN","SEC::HIG && DPT::MKG && CTR::EN",same,16,failure,2000,1326391689,663195.845
lp-covercrypt,089a548,"DPT::DEV && CTR::EN","SEC::HIG && DPT::MKG && CTR::FR",same,16,failure,2000,1325112389,662556.194
lp-covercrypt,089a548,"DPT::DEV && CTR::EN","SEC::HIG && DPT::MKG && CTR::$",same,32,failure,2000,2491701779,1245850.890
lp-covercrypt,089a548,"DPT::DEV && CTR::EN","SEC::HIG && DPT::$",different,16,failure,2000,1342402591,671201.296
lp-covercrypt,089a548,"DPT::DEV && CTR::EN","SEC::HIG && DPT::$ && CTR::EN",same,32,success,2000,1604588166,802294.083
lp-covercrypt,089a548,"DPT::DEV && CTR::EN","SEC::HIG && DPT::$ && CTR::FR",same,32,failure,2000,2897223396,1448611.698
lp-covercrypt,089a548,"DPT::DEV && CTR::EN","SEC::HIG && DPT::$ && CTR::$",same,64,success,2000,2630577114,1315288.557
lp-covercrypt,089a548,"DPT::DEV && CTR::EN","SEC::$",different,5,failure,2000,555235343,277617.671
lp-covercrypt,089a548,"DPT::DEV && CTR::EN","SEC::$ && CTR::EN",different,10,failure,2000,998971400,499485.700
lp-covercrypt,089a548,"DPT::DEV && CTR::EN","SEC::$ && CTR::FR",different,10,failure,2000,898505541,449252.770
lp-covercrypt,089a548,"DPT::DEV && CTR::EN","SEC::$ && CTR::$",different,20,failure,2000,1669341297,834670.649
lp-covercrypt,089a548,"DPT::DEV && CTR::EN","SEC::$ && DPT::DEV",different,10,failure,2000,902877061,451438.530
lp-covercrypt,089a548,"DPT::DEV && CTR::EN","SEC::$ && DPT::DEV && CTR::EN",same,20,success,2000,1095284780,547642.390
lp-covercrypt,089a548,"DPT::DEV && CTR::EN","SEC::$ && DPT::DEV && CTR::FR",same,20,failure,2000,1777937506,888968.753
lp-covercrypt,089a548,"DPT::DEV && CTR::EN","SEC::$ && DPT::DEV && CTR::$",same,40,success,2000,1835598794,917799.397
lp-covercrypt,089a548,"DPT::DEV && CTR::EN","SEC::$ && DPT::MKG",different,10,failure,2000,1006384315,503192.157
lp-covercrypt,089a548,"DPT::DEV && CTR::EN","SEC::$ && DPT::MKG && CTR::EN",same,20,failure,2000,1696474411,848237.206
lp-covercrypt,089a548,"DPT::DEV && CTR::EN","SEC::$ && DPT::MKG && CTR::FR",same,20,failure,2000,1659196357,829598.179
lp-covercrypt,089a548,"DPT::DEV && CTR::EN","SEC::$ && DPT::MKG && CTR::$",same,40,failure,2000,3101817904,1550908.952
lp-covercrypt,089a548,"DPT::DEV && CTR::EN","SEC::$ && DPT::$",different,20,failure,2000,1660822517,830411.258
lp-covercrypt,089a548,"DPT::DEV && CTR::EN","SEC::$ && DPT::$ && CTR::EN",same,40,success,2000,1934357992,967178.996
lp-covercrypt,089a548,"DPT::DEV && CTR::EN","SEC::$ && DPT::$ && CTR::FR",same,40,failure,2000,3091839928,1545919.964
lp-covercrypt,089a548,"DPT::DEV && CTR::EN","SEC::$ && DPT::$ && CTR::$",same,80,success,2000,3460140127,1730070.063
lp-covercrypt,089a548,"SEC::LOW && CTR::EN","CTR::EN",different,2,failure,2000,292105747,146052.873
lp-covercrypt,089a548,"SEC::LOW && CTR::EN","CTR::FR",different,2,failure,2000,295973482,147986.741
lp-covercrypt,089a548,"SEC::LOW && CTR::EN","CTR::$",different,4,failure,2000,441617955,220808.978
lp-covercrypt,089a548,"SEC::LOW && CTR::EN","DPT::DEV",different,2,failure,2000,293146209,146573.104
lp-covercrypt,089a548,"SEC::LOW && CTR::EN","DPT::DEV && CTR::EN",different,4,failure,2000,446262226,223131.113
lp-covercrypt,089a548,"SEC::LOW && CTR::EN","DPT::DEV && CTR::FR",different,4,failure,2000,441107628,220553.814
lp-covercrypt,089a548,"SEC::LOW && CTR::EN","DPT::DEV && CTR::$",different,8,failure,2000,735675874,367837.937
lp-covercrypt,089a548,"SEC::LOW && CTR::EN","DPT::MKG",different,2,failure,2000,294719169,147359.584
lp-covercrypt,089a548,"SEC::LOW && CTR::EN","DPT::MKG && CTR::EN",different,4,failure,2000,442175881,221087.940
lp-covercrypt,089a548,"SEC::LOW && CTR::EN","DPT::MKG && CTR::FR",different,4,failure,2000,442637928,221318.964
lp-covercrypt,089a548,"SEC::LOW && CTR::EN","DPT::MKG && CTR::$",different,8,failure,2000,742309016,371154.508
lp-covercrypt,089a548,"SEC::LOW && CTR::EN","DPT::$",different,4,failure,2000,444416474,222208.237
lp-covercrypt,089a548,"SEC::LOW && CTR::EN","DPT::$ && CTR::EN",different,8,failure,2000,739216635,369608.318
lp-covercrypt,089a548,"SEC::LOW && CTR::EN","DPT::$ && CTR::FR",different,8,failure,2000,738923025,369461.513
lp-covercrypt,089a548,"SEC::LOW && CTR::EN","DPT::$ && CTR::$",different,16,failure,2000,1332636292,666318.146
lp-covercrypt,089a548,"SEC::LOW && CTR::EN","SEC::LOW",different,2,failure,2000,297110886,148555.443
lp-covercrypt,089a548,"SEC::LOW && CTR::EN","SEC::LOW && CTR::EN",different,4,success,2000,473776156,236888.078
lp-covercrypt,089a548,"SEC::LOW && CTR::EN","SEC::LOW && CTR::FR",different,4,failure,2000,442837883,221418.941
lp-covercrypt,089a548,"SEC::LOW && CTR::EN","SEC::LOW && CTR::$",different,8,success,2000,613215168,306607.584
lp-covercrypt,089a548,"SEC::LOW && CTR::EN","SEC::LOW && DPT::DEV",different,4,failure,2000,441354180,220677.090
lp-covercrypt,089a548,"SEC::LOW && CTR::EN","SEC::LOW && DPT::DEV && CTR::EN",same,8,success,2000,601138516,300569.258
lp-covercrypt,089a548,"SEC::LOW && CTR::EN","SEC::LOW && DPT::DEV && CTR::FR",same,8,failure,2000,739261329,369630.665
lp-covercrypt,089a548,"SEC::LOW && CTR::EN","SEC::LOW && DPT::DEV && CTR::$",same,16,success,2000,898821504,449410.752
lp-covercrypt,089a548,"SEC::LOW && CTR::EN","SEC::LOW && DPT::MKG",different,4,failure,2000,441033268,220516.634
lp-covercrypt,089a548,"SEC::LOW && CTR::EN","SEC::LOW && DPT::MKG && CTR::EN",same,8,success,2000,626022081,313011.041
lp-covercrypt,089a548,"SEC::LOW && CTR::EN","SEC::LOW && DPT::MKG && CTR::FR",same,8,failure,2000,734363703,367181.851
lp-covercrypt,089a548,"SEC::LOW && CTR::EN","SEC::LOW && DPT::MKG && CTR::$",same,16,success,2000,905611210,452805.605
lp-covercrypt,089a548,"SEC::LOW && CTR::EN","SEC::LOW && DPT::$",different,8,failure,2000,737541814,368770.907
lp-covercrypt,089a548,"SEC::LOW && CTR::EN","SEC::LOW && DPT::$ && CTR::EN",same,16,success,2000,888270704,444135.352
lp-covercrypt,089a548,"SEC::LOW && CTR::EN","SEC::LOW && DPT::$ && CTR::FR",same,16,failure,2000,1326930450,663465.225
lp-covercrypt,089a548,"SEC::LOW && CTR::EN","SEC::LOW && DPT::$ && CTR::$",same,32,success,2000,1563515354,781757.677
lp-covercrypt,089a548,"SEC::LOW && CTR::EN","SEC::MED",different,3,failure,2000,369316505,184658.253
lp-covercrypt,089a548,"SEC::LOW && CTR::EN","SEC::MED && CTR::EN",different,6,success,2000,538658058,269329.029
lp-covercrypt,089a548,"SEC::LOW && CTR::EN","SEC::MED && CTR::FR",different,6,failure,2000,591992169,295996.084
lp-covercrypt,089a548,"SEC::LOW && CTR::EN","SEC::MED && CTR::$",different,12,success,2000,778383873,389191.937
lp-covercrypt,089a548,"SEC::LOW && CTR::EN","SEC::MED && DPT::DEV",different,6,failure,2000,588736583,294368.291
lp-covercrypt,089a548,"SEC::LOW && CTR::EN","SEC::MED && DPT::DEV && CTR::EN",same,12,success,2000,746534873,373267.437
lp-covercrypt,089a548,"SEC::LOW && CTR::EN","SEC::MED && DPT::DEV && CTR::FR",same,12,failure,2000,1034286292,517143.146
lp-covercrypt,089a548,"SEC::LOW && CTR::EN","SEC::MED && DPT::DEV && CTR::$",same,24,success,2000,1173009012,586504.506
lp-covercrypt,089a548,"SEC::LOW && CTR::EN","SEC::MED && DPT::MKG",different,6,failure,2000,610008002,305004.001
lp-covercrypt,089a548,"SEC::LOW && CTR::EN","SEC::MED && DPT::MKG && CTR::EN",same,12,success,2000,763022098,381511.049
lp-covercrypt,089a548,"SEC::LOW && CTR::EN","SEC::MED && DPT::MKG && CTR::FR",same,12,failure,2000,1036697155,518348.578
lp-covercrypt,089a548,"SEC::LOW && CTR::EN","SEC::MED && DPT::MKG && CTR::$",same,24,success,2000,1175309086,587654.543
lp-covercrypt,089a548,"SEC::LOW && CTR::EN","SEC::MED && DPT::$",different,12,failure,2000,1025022666,512511.333
lp-covercrypt,089a548,"SEC::LOW && CTR::EN","SEC::MED && DPT::$ && CTR::EN",same,24,success,2000,1181966694,590983.347
lp-covercrypt,089a548,"SEC::LOW && CTR::EN","SEC::MED && DPT::$ && CTR::FR",same,24,failure,2000,1909112828,954556.414
lp-covercrypt,089a548,"SEC::LOW && CTR::EN","SEC::MED && DPT::$ && CTR::$",same,48,success,2000,2022785670,1011392.835
lp-covercrypt,089a548,"SEC::LOW && CTR::EN","SEC::HIG",different,4,failure,2000,442280818,221140.409
lp-covercrypt,089a548,"SEC::LOW && CTR::EN","SEC::HIG && CTR::EN",different,8,success,2000,604154693,302077.346
lp-covercrypt,089a548,"SEC::LOW && CTR::EN","SEC::HIG && CTR::FR",different,8,failure,2000,738100632,369050.316
lp-covercrypt,089a548,"SEC::LOW && CTR::EN","SEC::HIG && CTR::$",different,16,success,2000,953460523,476730.262
lp-covercrypt,089a548,"SEC::LOW && CTR::EN","SEC::HIG && DPT::DEV",different,8,failure,2000,739237304,369618.652
lp-covercrypt,089a548,"SEC::LOW && CTR::EN","SEC::HIG && DPT::DEV && CTR::EN",same,16,success,2000,906081642,453040.821
lp-covercrypt,089a548,"SEC::LOW && CTR::EN","SEC::HIG && DPT::DEV && CTR::FR",same,16,failure,2000,1324730012,662365.006
lp-covercrypt,089a548,"SEC::LOW && CTR::EN","SEC::HIG && DPT::DEV && CTR::$",same,32,success,2000,1508660039,754330.020
lp-covercrypt,089a548,"SEC::LOW && CTR::EN","SEC::HIG && DPT::MKG",different,8,failure,2000,736293993,368146.997
lp-covercrypt,089a548,"SEC::LOW && CTR::EN","SEC::HIG && DPT::MKG && CTR::EN",same,16,success,2000,916312022,458156.011
lp-covercrypt,089a548,"SEC::LOW && CTR::EN","SEC::HIG && DPT::MKG && CTR::FR",same,16,failure,2000,1325122318,662561.159
lp-covercrypt,089a548,"SEC::LOW && CTR::EN","SEC::HIG && DPT::MKG && CTR::$",same,32,success,2000,1485854381,742927.191
lp-covercrypt,089a548,"SEC::LOW && CTR::EN","SEC::HIG && DPT::$",different,16,failure,2000,1329604986,664802.493
lp-covercrypt,089a548,"SEC::LOW && CTR::EN","SEC::HIG && DPT::$ && CTR::EN",same,32,success,2000,1548563838,774281.919
lp-covercrypt,089a548,"SEC::LOW && CTR::EN","SEC::HIG && DPT::$ && CTR::FR",same,32,failure,2000,2517878621,1258939.310
lp-covercrypt,089a548,"SEC::LOW && CTR::EN","SEC::HIG && DPT::$ && CTR::$",same,64,success,2000,2685735758,1342867.879
lp-covercrypt,089a548,"SEC::LOW && CTR::EN","SEC::$",different,5,failure,2000,511521215,255760.608
lp-covercrypt,089a548,"SEC::LOW && CTR::EN","SEC::$ && CTR::EN",different,10,success,2000,686981806,343490.903
lp-covercrypt,089a548,"SEC::LOW && CTR::EN","SEC::$ && CTR::FR",different,10,failure,2000,895157391,447578.695
lp-covercrypt,089a548,"SEC::LOW && CTR::EN","SEC::$ && CTR::$",different,20,success,2000,1134315643,567157.821
lp-covercrypt,089a548,"SEC::LOW && CTR::EN","SEC::$ && DPT::DEV",different,10,failure,2000,919015263,459507.632
lp-covercrypt,089a548,"SEC::LOW && CTR::EN","SEC::$ && DPT::DEV && CTR::EN",same,20,success,2000,1088984883,544492.441
lp-covercrypt,089a548,"SEC::LOW && CTR::EN","SEC::$ && DPT::DEV && CTR::FR",same,20,failure,2000,1692624751,846312.375
lp-covercrypt,089a548,"SEC::LOW && CTR::EN","SEC::$ && DPT::DEV && CTR::$",same,40,success,2000,1879921773,939960.887
lp-covercrypt,089a548,"SEC::LOW && CTR::EN","SEC::$ && DPT::MKG",different,10,failure,2000,902985946,451492.973
lp-covercrypt,089a548,"SEC::LOW && CTR::EN","SEC::$ && DPT::MKG && CTR::EN",same,20,success,2000,1110186101,555093.051
lp-covercrypt,089a548,"SEC::LOW && CTR::EN","SEC::$ && DPT::MKG && CTR::FR",same,20,failure,2000,1649049034,824524.517
lp-covercrypt,089a548,"SEC::LOW && CTR::EN","SEC::$ && DPT::MKG && CTR::$",same,40,success,2000,1799652799,899826.400
lp-covercrypt,089a548,"SEC::LOW && CTR::EN","SEC::$ && DPT::$",different,20,failure,2000,1648526172,824263.086
lp-covercrypt,089a548,"SEC::LOW && CTR::EN","SEC::$ && DPT::$ && CTR::EN",same,40,success,2000,1773203125,886601.562
lp-covercrypt,089a548,"SEC::LOW && CTR::EN","SEC::$ && DPT::$ && CTR::FR",same,40,failure,2000,3080026569,1540013.285
lp-covercrypt,089a548,"SEC::LOW && CTR::EN","SEC::$ && DPT::$ && CTR::$",same,80,success,2000,3267619987,1633809.994
lp-covercrypt,089a548,"SEC::LOW && DPT::$ && CTR::EN","CTR::EN",different,2,failure,2000,293028268,146514.134
lp-covercrypt,089a548,"SEC::LOW && DPT::$ && CTR::EN","CTR::FR",different,2,failure,2000,292535253,146267.627
lp-covercrypt,089a548,"SEC::LOW && DPT::$ && CTR::EN","CTR::$",different,4,failure,2000,439558432,219779.216
lp-covercrypt,089a548,"SEC::LOW && DPT::$ && CTR::EN","DPT::DEV",different,2,failure,2000,292704260,146352.130
lp-covercrypt,089a548,"SEC::LOW && DPT::$ && CTR::EN","DPT::DEV && CTR::EN",different,4,failure,2000,438970459,219485.229
lp-covercrypt,089a548,"SEC::LOW && DPT::$ && CTR::EN","DPT::DEV && CTR::FR",different,4,failure,2000,438904475,219452.237
lp-covercrypt,089a548,"SEC::LOW && DPT::$ && CTR::EN","DPT::DEV && CTR::$",different,8,failure,2000,733748218,366874.109
lp-covercrypt,089a548,"SEC::LOW && DPT::$ && CTR::EN","DPT::MKG",different,2,failure,2000,292817132,146408.566
lp-covercrypt,089a548,"SEC::LOW && DPT::$ && CTR::EN","DPT::MKG && CTR::EN",different,4,failure,2000,439104049,219552.024
lp-covercrypt,089a548,"SEC::LOW && DPT::$ && CTR::EN","DPT::MKG && CTR::FR",different,4,failure,2000,443199662,221599.831
lp-covercrypt,089a548,"SEC::LOW && DPT::$ && CTR::EN","DPT::MKG && CTR::$",different,8,failure,2000,749263651,374631.825
lp-covercrypt,089a548,"SEC::LOW && DPT::$ && CTR::EN","DPT::$",different,4,failure,2000,442100450,221050.225
lp-covercrypt,089a548,"SEC::LOW && DPT::$ && CTR::EN","DPT::$ && CTR::EN",different,8,failure,2000,737481941,368740.970
lp-covercrypt,089a548,"SEC::LOW && DPT::$ && CTR::EN","DPT::$ && CTR::FR",different,8,failure,2000,734509777,367254.889
lp-covercrypt,089a548,"SEC::LOW && DPT::$ && CTR::EN","DPT::$ && CTR::$",different,16,failure,2000,1320993924,660496.962
lp-covercrypt,089a548,"SEC::LOW && DPT::$ && CTR::EN","SEC::LOW",different,2,failure,2000,292311824,146155.912
lp-covercrypt,089a548,"SEC::LOW && DPT::$ && CTR::EN","SEC::LOW && CTR::EN",different,4,failure,2000,438659695,219329.848
lp-covercrypt,089a548,"SEC::LOW && DPT::$ && CTR::EN","SEC::LOW && CTR::FR",different,4,failure,2000,439101624,219550.812
lp-covercrypt,089a548,"SEC::LOW && DPT::$ && CTR::EN","SEC::LOW && CTR::$",different,8,failure,2000,732535523,366267.762
lp-covercrypt,089a548,"SEC::LOW && DPT::$ && CTR::EN","SEC::LOW && DPT::DEV",different,4,failure,2000,440118272,220059.136
lp-covercrypt,089a548,"SEC::LOW && DPT::$ && CTR::EN","SEC::LOW && DPT::DEV && CTR::EN",same,8,failure,2000,741499217,370749.608
lp-covercrypt,089a548,"SEC::LOW && DPT::$ && CTR::EN","SEC::LOW && DPT::DEV && CTR::FR",same,8,failure,2000,741229451,370614.726
lp-covercrypt,089a548,"SEC::LOW && DPT::$ && CTR::EN","SEC::LOW && DPT::DEV && CTR::$",same,16,failure,2000,1328792021,664396.010
lp-covercrypt,089a548,"SEC::LOW && DPT::$ && CTR::EN","SEC::LOW && DPT::MKG",different,4,failure,2000,461264196,230632.098
lp-covercrypt,089a548,"SEC::LOW && DPT::$ && CTR::EN","SEC::LOW && DPT::MKG && CTR::EN",same,8,failure,2000,748976452,374488.226
lp-covercrypt,089a548,"SEC::LOW && DPT::$ && CTR::EN","SEC::LOW && DPT::MKG && CTR::FR",same,8,failure,2000,774038642,387019.321
lp-covercrypt,089a548,"SEC::LOW && DPT::$ && CTR::EN","SEC::LOW && DPT::MKG && CTR::$",same,16,failure,2000,1354261416,677130.708
lp-covercrypt,089a548,"SEC::LOW && DPT::$ && CTR::EN","SEC::LOW && DPT::$",different,8,failure,2000,751513341,375756.671
lp-covercrypt,089a548,"SEC::LOW && DPT::$ && CTR::EN","SEC::LOW && DPT::$ && CTR::EN",same,16,success,2000,925155370,462577.685
lp-covercrypt,089a548,"SEC::LOW && DPT::$ && CTR::EN","SEC::LOW && DPT::$ && CTR::FR",same,16,failure,2000,1417338803,708669.402
lp-covercrypt,089a548,"SEC::LOW && DPT::$ && CTR::EN","SEC::LOW && DPT::$ && CTR::$",same,32,success,2000,1572092562,786046.281
lp-covercrypt,089a548,"SEC::LOW && DPT::$ && CTR::EN","SEC::MED",different,3,failure,2000,372961122,186480.561
lp-covercrypt,089a548,"SEC::LOW && DPT::$ && CTR::EN","SEC::MED && CTR::EN",different,6,failure,2000,623211509,311605.754
lp-covercrypt,089a548,"SEC::LOW && DPT::$ && CTR::EN","SEC::MED && CTR::FR",different,6,failure,2000,602585851,301292.926
lp-covercrypt,089a548,"SEC::LOW && DPT::$ && CTR::EN","SEC::MED && CTR::$",different,12,failure,2000,1039762164,519881.082
lp-covercrypt,089a548,"SEC::LOW && DPT::$ && CTR::EN","SEC::MED && DPT::DEV",different,6,failure,2000,596622334,298311.167
lp-covercrypt,089a548,"SEC::LOW && DPT::$ && CTR::EN","SEC::MED && DPT::DEV && CTR::EN",same,12,failure,2000,1036736468,518368.234
lp-covercrypt,089a548,"SEC::LOW && DPT::$ && CTR::EN","SEC::MED && DPT::DEV && CTR::FR",same,12,failure,2000,1026740518,513370.259
lp-covercrypt,089a548,"SEC::LOW && DPT::$ && CTR::EN","SEC::MED && DPT::DEV && CTR::$",same,24,failure,2000,1913762620,956881.310
lp-covercrypt,089a548,"SEC::LOW && DPT::$ && CTR::EN","SEC::MED && DPT::MKG",different,6,failure,2000,587368326,293684.163
lp-covercrypt,089a548,"SEC::LOW && DPT::$ && CTR::EN","SEC::MED && DPT::MKG && CTR::EN",same,12,failure,2000,1039082679,519541.340
lp-covercrypt,089a548,"SEC::LOW && DPT::$ && CTR::EN","SEC::MED && DPT::MKG && CTR::FR",same,12,failure,2000,1042988786,521494.393
lp-covercrypt,089a548,"SEC::LOW && DPT::$ && CTR::EN","SEC::MED && DPT::MKG && CTR::$",same,24,failure,2000,1927601618,963800.809
lp-covercrypt,089a548,"SEC::LOW && DPT::$ && CTR::EN","SEC::MED && DPT::$",different,12,failure,2000,1030142409,515071.204
lp-covercrypt,089a548,"SEC::LOW && DPT::$ && CTR::EN","SEC::MED && DPT::$ && CTR::EN",same,24,success,2000,1184361115,592180.557
lp-covercrypt,089a548,"SEC::LOW && DPT::$ && CTR::EN","SEC::MED && DPT::$ && CTR::FR",same,24,failure,2000,1939353041,969676.520
lp-covercrypt,089a548,"SEC::LOW && DPT::$ && CTR::EN","SEC::MED && DPT::$ && CTR::$",same,48,success,2000,2308617680,1154308.840
lp-covercrypt,089a548,"SEC::LOW && DPT::$ && CTR::EN","SEC::HIG",different,4,failure,2000,444309123,222154.562
lp-covercrypt,089a548,"SEC::LOW && DPT::$ && CTR::EN","SEC::HIG && CTR::EN",different,8,failure,2000,737539389,368769.694
lp-covercrypt,089a548,"SEC::LOW && DPT::$ && CTR::EN","SEC::HIG && CTR::FR",different,8,failure,2000,737025716,368512.858
lp-covercrypt,089a548,"SEC::LOW && DPT::$ && CTR::EN","SEC::HIG && CTR::$",different,16,failure,2000,1326745452,663372.726
lp-covercrypt,089a548,"SEC::LOW && DPT::$ && CTR::EN","SEC::HIG && DPT::DEV",different,8,failure,2000,735100334,367550.167
lp-covercrypt,089a548,"SEC::LOW && DPT::$ && CTR::EN","SEC::HIG && DPT::DEV && CTR::EN",same,16,failure,2000,1321269161,660634.581
lp-covercrypt,089a548,"SEC::LOW && DPT::$ && CTR::EN","SEC::HIG && DPT::DEV && CTR::FR",same,16,failure,2000,1321488040,660744.020
lp-covercrypt,089a548,"SEC::LOW && DPT::$ && CTR::EN","SEC::HIG && DPT::DEV && CTR::$",same,32,failure,2000,2535435633,1267717.816
lp-covercrypt,089a548,"SEC::LOW && DPT::$ && CTR::EN","SEC::HIG && DPT::MKG",different,8,failure,2000,743958430,371979.215
lp-covercrypt,089a548,"SEC::LOW && DPT::$ && CTR::EN","SEC::HIG && DPT::MKG && CTR::EN",same,16,failure,2000,1323366985,661683.493
lp-covercrypt,089a548,"SEC::LOW && DPT::$ && CTR::EN","SEC::HIG && DPT::MKG && CTR::FR",same,16,failure,2000,1331979550,665989.775
lp-covercrypt,089a548,"SEC::LOW && DPT::$ && CTR::EN","SEC::HIG && DPT::MKG && CTR::$",same,32,failure,2000,2521609639,1260804.819
lp-covercrypt,089a548,"SEC::LOW && DPT::$ && CTR::EN","SEC::HIG && DPT::$",different,16,failure,2000,1343240002,671620.001
lp-covercrypt,089a548,"SEC::LOW && DPT::$ && CTR::EN","SEC::HIG && DPT::$ && CTR::EN",same,32,success,2000,1547332920,773666.460
lp-covercrypt,089a548,"SEC::LOW && DPT::$ && CTR::EN","SEC::HIG && DPT::$ && CTR::FR",same,32,failure,2000,2504878265,1252439.133
lp-covercrypt,089a548,"SEC::LOW && DPT::$ && CTR::EN","SEC::HIG && DPT::$ && CTR::$",same,64,success,2000,2912053854,1456026.927
lp-covercrypt,089a548,"SEC::LOW && DPT::$ && CTR::EN","SEC::$",different,5,failure,2000,530694560,265347.280
lp-covercrypt,089a548,"SEC::LOW && DPT::$ && CTR::EN","SEC::$ && CTR::EN",different,10,failure,2000,898546419,449273.209
lp-covercrypt,089a548,"SEC::LOW && DPT::$ && CTR::EN","SEC::$ && CTR::FR",different,10,failure,2000,889904368,444952.184
lp-covercrypt,089a548,"SEC::LOW && DPT::$ && CTR::EN","SEC::$ && CTR::$",different,20,failure,2000,1634982969,817491.485
lp-covercrypt,089a548,"SEC::LOW && DPT::$ && CTR::EN","SEC::$ && DPT::DEV",different,10,failure,2000,886611201,443305.601
lp-covercrypt,089a548,"SEC::LOW && DPT::$ && CTR::EN","SEC::$ && DPT::DEV && CTR::EN",same,20,failure,2000,1842582273,921291.137
lp-covercrypt,089a548,"SEC::LOW && DPT::$ && CTR::EN","SEC::$ && DPT::DEV && CTR::FR",same,20,failure,2000,1725282078,862641.039
lp-covercrypt,089a548,"SEC::LOW && DPT::$ && CTR::EN","SEC::$ && DPT::DEV && CTR::$",same,40,failure,2000,3106626955,1553313.478
lp-covercrypt,089a548,"SEC::LOW && DPT::$ && CTR::EN","SEC::$ && DPT::MKG",different,10,failure,2000,880205415,440102.708
lp-covercrypt,089a548,"SEC::LOW && DPT::$ && CTR::EN","SEC::$ && DPT::MKG && CTR::EN",same,20,failure,2000,1640961884,820480.942
lp-covercrypt,089a548,"SEC::LOW && DPT::$ && CTR::EN","SEC::$ && DPT::MKG && CTR::FR",same,20,failure,2000,1634739473,817369.736
lp-covercrypt,089a548,"SEC::LOW && DPT::$ && CTR::EN","SEC::$ && DPT::MKG && CTR::$",same,40,failure,2000,3118978223,1559489.112
lp-covercrypt,089a548,"SEC::LOW && DPT::$ && CTR::EN","SEC::$ && DPT::$",different,20,failure,2000,1658575382,829287.691
lp-covercrypt,089a548,"SEC::LOW && DPT::$ && CTR::EN","SEC::$ && DPT::$ && CTR::EN",same,40,success,2000,1727408676,863704.338
lp-covercrypt,089a548,"SEC::LOW && DPT::$ && CTR::EN","SEC::$ && DPT::$ && CTR::FR",same,40,failure,2000,3025665942,1512832.971
lp-covercrypt,089a548,"SEC::LOW && DPT::$ && CTR::EN","SEC::$ && DPT::$ && CTR::$",same,80,success,2000,3081680041,1540840.021
lp-covercrypt,089a548,"SEC::MED && DPT::MKG && CTR::EN","CTR::EN",different,2,failure,2000,289715484,144857.742
lp-covercrypt,089a548,"SEC::MED && DPT::MKG && CTR::EN","CTR::FR",different,2,failure,2000,286801017,143400.508
lp-covercrypt,089a548,"SEC::MED && DPT::MKG && CTR::EN","CTR::$",different,4,failure,2000,431210243,215605.122
lp-covercrypt,089a548,"SEC::MED && DPT::MKG && CTR::EN","DPT::DEV",different,2,failure,2000,292157835,146078.918
lp-covercrypt,089a548,"SEC::MED && DPT::MKG && CTR::EN","DPT::DEV && CTR::EN",different,4,failure,2000,437621629,218810.815
lp-covercrypt,089a548,"SEC::MED && DPT::MKG && CTR::EN","DPT::DEV && CTR::FR",different,4,failure,2000,434835753,217417.877
lp-covercrypt,089a548,"SEC::MED && DPT::MKG && CTR::EN","DPT::DEV && CTR::$",different,8,failure,2000,726297162,363148.581
lp-covercrypt,089a548,"SEC::MED && DPT::MKG && CTR::EN","DPT::MKG",different,2,failure,2000,288973161,144486.581
lp-covercrypt,089a548,"SEC::MED && DPT::MKG && CTR::EN","DPT::MKG && CTR::EN",different,4,failure,2000,436579454,218289.727
lp-covercrypt,089a548,"SEC::MED && DPT::MKG && CTR::EN","DPT::MKG && CTR::FR",different,4,failure,2000,438435075,219217.538
lp-covercrypt,089a548,"SEC::MED && DPT::MKG && CTR::EN","DPT::MKG && CTR::$",different,8,failure,2000,727918073,363959.036
lp-covercrypt,089a548,"SEC::MED && DPT::MKG && CTR::EN","DPT::$",different,4,failure,2000,435057169,217528.584
lp-covercrypt,089a548,"SEC::MED && DPT::MKG && CTR::EN","DPT::$ && CTR::EN",different,8,failure,2000,724823638,362411.819
lp-covercrypt,089a548,"SEC::MED && DPT::MKG && CTR::EN","DPT::$ && CTR::FR",different,8,failure,2000,723967632,361983.816
lp-covercrypt,089a548,"SEC::MED && DPT::MKG && CTR::EN","DPT::$ && CTR::$",different,16,failure,2000,1303806194,651903.097
lp-covercrypt,089a548,"SEC::MED && DPT::MKG && CTR::EN","SEC::LOW",different,2,failure,2000,288632392,144316.196
lp-covercrypt,089a548,"SEC::MED && DPT::MKG && CTR::EN","SEC::LOW && CTR::EN",different,4,failure,2000,436648934,218324.467
lp-covercrypt,089a548,"SEC::MED && DPT::MKG && CTR::EN","SEC::LOW && CTR::FR",different,4,failure,2000,437507424,218753.712
lp-covercrypt,089a548,"SEC::MED && DPT::MKG && CTR::EN","SEC::LOW && CTR::$",different,8,failure,2000,728375911,364187.955
lp-covercrypt,089a548,"SEC::MED && DPT::MKG && CTR::EN","SEC::LOW && DPT::DEV",different,4,failure,2000,434620900,217310.450
lp-covercrypt,089a548,"SEC::MED && DPT::MKG && CTR::EN","SEC::LOW && DPT::DEV && CTR::EN",same,8,failure,2000,814693662,407346.831
lp-covercrypt,089a548,"SEC::MED && DPT::MKG && CTR::EN","SEC::LOW && DPT::DEV && CTR::FR",same,8,failure,2000,737303337,368651.669
lp-covercrypt,089a548,"SEC::MED && DPT::MKG && CTR::EN","SEC::LOW && DPT::DEV && CTR::$",same,16,failure,2000,1305287443,652643.721
lp-covercrypt,089a548,"SEC::MED && DPT::MKG && CTR::EN","SEC::LOW && DPT::MKG",different,4,failure,2000,442333778,221166.889
lp-covercrypt,089a548,"SEC::MED && DPT::MKG && CTR::EN","SEC::LOW && DPT::MKG && CTR::EN",same,8,failure,2000,734365305,367182.653
lp-covercrypt,089a548,"SEC::MED && DPT::MKG && CTR::EN","SEC::LOW && DPT::MKG && CTR::FR",same,8,failure,2000,720252393,360126.197
lp-covercrypt,089a548,"SEC::MED && DPT::MKG && CTR::EN","SEC::LOW && DPT::MKG && CTR::$",same,16,failure,2000,1309672377,654836.189
lp-covercrypt,089a548,"SEC::MED && DPT::MKG && CTR::EN","SEC::LOW && DPT::$",different,8,failure,2000,722879190,361439.595
lp-covercrypt,089a548,"SEC::MED && DPT::MKG && CTR::EN","SEC::LOW && DPT::$ && CTR::EN",same,16,failure,2000,1310383923,655191.961
lp-covercrypt,089a548,"SEC::MED && DPT::MKG && CTR::EN","SEC::LOW && DPT::$ && CTR::FR",same,16,failure,2000,1306599454,653299.727
lp-covercrypt,089a548,"SEC::MED && DPT::MKG && CTR::EN","SEC::LOW && DPT::$ && CTR::$",same,32,failure,2000,2470110710,1235055.355
lp-covercrypt,089a548,"SEC::MED && DPT::MKG && CTR::EN","SEC::MED",different,3,failure,2000,363593601,181796.801
lp-covercrypt,089a548,"SEC::MED && DPT::MKG && CTR::EN","SEC::MED && CTR::EN",different,6,failure,2000,578004152,289002.076
lp-covercrypt,089a548,"SEC::MED && DPT::MKG && CTR::EN","SEC::MED && CTR::FR",different,6,failure,2000,574807005,287403.503
lp-covercrypt,089a548,"SEC::MED && DPT::MKG && CTR::EN","SEC::MED && CTR::$",different,12,failure,2000,1008067923,504033.961
lp-covercrypt,089a548,"SEC::MED && DPT::MKG && CTR::EN","SEC::MED && DPT::DEV",different,6,failure,2000,576942570,288471.285
lp-covercrypt,089a548,"SEC::MED && DPT::MKG && CTR::EN","SEC::MED && DPT::DEV && CTR::EN",same,12,failure,2000,1008822849,504411.425
lp-covercrypt,089a548,"SEC::MED && DPT::MKG && CTR::EN","SEC::MED && DPT::DEV && CTR::FR",same,12,failure,2000,1025893770,512946.885
lp-covercrypt,089a548,"SEC::MED && DPT::MKG && CTR::EN","SEC::MED && DPT::DEV && CTR::$",same,24,failure,2000,1900762815,950381.407
lp-covercrypt,089a548,"SEC::MED && DPT::MKG && CTR::EN","SEC::MED && DPT::MKG",different,6,failure,2000,587042645,293521.323
lp-covercrypt,089a548,"SEC::MED && DPT::MKG && CTR::EN","SEC::MED && DPT::MKG && CTR::EN",same,12,success,2000,771366580,385683.290
lp-covercrypt,089a548,"SEC::MED && DPT::MKG && CTR::EN","SEC::MED && DPT::MKG && CTR::FR",same,12,failure,2000,1022354761,511177.381
lp-covercrypt,089a548,"SEC::MED && DPT::MKG && CTR::EN","SEC::MED && DPT::MKG && CTR::$",same,24,success,2000,1147220489,573610.245
lp-covercrypt,089a548,"SEC::MED && DPT::MKG && CTR::EN","SEC::MED && DPT::$",different,12,failure,2000,1008895616,504447.808
lp-covercrypt,089a548,"SEC::MED && DPT::MKG && CTR::EN","SEC::MED && DPT::$ && CTR::EN",same,24,success,2000,1173584631,586792.316
lp-covercrypt,089a548,"SEC::MED && DPT::MKG && CTR::EN","SEC::MED && DPT::$ && CTR::FR",same,24,failure,2000,1892153206,946076.603
lp-covercrypt,089a548,"SEC::MED && DPT::MKG && CTR::EN","SEC::MED && DPT::$ && CTR::$",same,48,success,2000,2007068668,1003534.334
lp-covercrypt,089a548,"SEC::MED && DPT::MKG && CTR::EN","SEC::HIG",different,4,failure,2000,440743955,220371.978
lp-covercrypt,089a548,"SEC::MED && DPT::MKG && CTR::EN","SEC::HIG && CTR::EN",different,8,failure,2000,760840146,380420.073
lp-covercrypt,089a548,"SEC::MED && DPT::MKG && CTR::EN","SEC::HIG && CTR::FR",different,8,failure,2000,726599659,363299.829
lp-covercrypt,089a548,"SEC::MED && DPT::MKG && CTR::EN","SEC::HIG && CTR::$",different,16,failure,2000,1313391935,656695.968
lp-covercrypt,089a548,"SEC::MED && DPT::MKG && CTR::EN","SEC::HIG && DPT::DEV",different,8,failure,2000,719092257,359546.128
lp-covercrypt,089a548,"SEC::MED && DPT::MKG && CTR::EN","SEC::HIG && DPT::DEV && CTR::EN",same,16,failure,2000,1298006596,649003.298
lp-covercrypt,089a548,"SEC::MED && DPT::MKG && CTR::EN","SEC::HIG && DPT::DEV && CTR::FR",same,16,failure,2000,1303432764,651716.382
lp-covercrypt,089a548,"SEC::MED && DPT::MKG && CTR::EN","SEC::HIG && DPT::DEV && CTR::$",same,32,failure,2000,2457398305,1228699.153
lp-covercrypt,089a548,"SEC::MED && DPT::MKG && CTR::EN","SEC::HIG && DPT::MKG",different,8,failure,2000,721401359,360700.680
lp-covercrypt,089a548,"SEC::MED && DPT::MKG && CTR::EN","SEC::HIG && DPT::MKG && CTR::EN",same,16,success,2000,868879771,434439.885
lp-covercrypt,089a548,"SEC::MED && DPT::MKG && CTR::EN","SEC::HIG && DPT::MKG && CTR::FR",same,16,failure,2000,1293182697,646591.348
lp-covercrypt,089a548,"SEC::MED && DPT::MKG && CTR::EN","SEC::HIG && DPT::MKG && CTR::$",same,32,success,2000,1548435367,774217.684
lp-covercrypt,089a548,"SEC::MED && DPT::MKG && CTR::EN","SEC::HIG && DPT::$",different,16,failure,2000,1306148268,653074.134
lp-covercrypt,089a548,"SEC::MED && DPT::MKG && CTR::EN","SEC::HIG && DPT::$ && CTR::EN",same,32,success,2000,1422740255,711370.127
lp-covercrypt,089a548,"SEC::MED && DPT::MKG && CTR::EN","SEC::HIG && DPT::$ && CTR::FR",same,32,failure,2000,2480689332,1240344.666
lp-covercrypt,089a548,"SEC::MED && DPT::MKG && CTR::EN","SEC::HIG && DPT::$ && CTR::$",same,64,success,2000,2654922851,1327461.425
lp-covercrypt,089a548,"SEC::MED && DPT::MKG && CTR::EN","SEC::$",different,5,failure,2000,497972592,248986.296
lp-covercrypt,089a548,"SEC::MED && DPT::MKG && CTR::EN","SEC::$ && CTR::EN",different,10,failure,2000,863774846,431887.423
lp-covercrypt,089a548,"SEC::MED && DPT::MKG && CTR::EN","SEC::$ && CTR::FR",different,10,failure,2000,844712890,422356.445
lp-covercrypt,089a548,"SEC::MED && DPT::MKG && CTR::EN","SEC::$ && CTR::$",different,20,failure,2000,1501723748,750861.874
lp-covercrypt,089a548,"SEC::MED && DPT::MKG && CTR::EN","SEC::$ && DPT::DEV",different,10,failure,2000,817886751,408943.376
lp-covercrypt,089a548,"SEC::MED && DPT::MKG && CTR::EN","SEC::$ && DPT::DEV && CTR::EN",same,20,failure,2000,1498671343,749335.672
lp-covercrypt,089a548,"SEC::MED && DPT::MKG && CTR::EN","SEC::$ && DPT::DEV && CTR::FR",same,20,failure,2000,1501538541,750769.270
lp-covercrypt,089a548,"SEC::MED && DPT::MKG && CTR::EN","SEC::$ && DPT::DEV && CTR::$",same,40,failure,2000,2899053319,1449526.660
lp-covercrypt,089a548,"SEC::MED && DPT::MKG && CTR::EN","SEC::$ && DPT::MKG",different,10,failure,2000,823593325,411796.662
lp-covercrypt,089a548,"SEC::MED && DPT::MKG && CTR::EN","SEC::$ && DPT::MKG && CTR::EN",same,20,success,2000,961420564,480710.282
lp-covercrypt,089a548,"SEC::MED && DPT::MKG && CTR::EN","SEC::$ && DPT::MKG && CTR::FR",same,20,failure,2000,1502609579,751304.789
lp-covercrypt,089a548,"SEC::MED && DPT::MKG && CTR::EN","SEC::$ && DPT::MKG && CTR::$",same,40,success,2000,1768658070,884329.035
lp-covercrypt,089a548,"SEC::MED && DPT::MKG && CTR::EN","SEC::$ && DPT::$",different,20,failure,2000,1512175232,756087.616
lp-covercrypt,089a548,"SEC::MED && DPT::MKG && CTR::EN","SEC::$ && DPT::$ && CTR::EN",same,40,success,2000,1618957730,809478.865
lp-covercrypt,089a548,"SEC::MED && DPT::MKG && CTR::EN","SEC::$ && DPT::$ && CTR::FR",same,40,failure,2000,2909125471,1454562.735
lp-covercrypt,089a548,"SEC::MED && DPT::MKG && CTR::EN","SEC::$ && DPT::$ && CTR::$",same,80,success,2000,2977237051,1488618.525
lp-covercrypt,089a548,"DPT::DEV && CTR::FR","CTR::EN",different,2,failure,2000,312416125,156208.062
lp-covercrypt,089a548,"DPT::DEV && CTR::FR","CTR::FR",different,2,failure,2000,304569727,152284.864
lp-covercrypt,089a548,"DPT::DEV && CTR::FR","CTR::$",different,4,failure,2000,446812278,223406.139
lp-covercrypt,089a548,"DPT::DEV && CTR::FR","DPT::DEV",different,2,failure,2000,296960764,148480.382
lp-covercrypt,089a548,"DPT::DEV && CTR::FR","DPT::DEV && CTR::EN",different,4,failure,2000,446538845,223269.422
lp-covercrypt,089a548,"DPT::DEV && CTR::FR","DPT::DEV && CTR::FR",different,4,success,2000,469423441,234711.720
lp-covercrypt,089a548,"DPT::DEV && CTR::FR","DPT::DEV && CTR::$",different,8,success,2000,621459783,310729.892
lp-covercrypt,089a548,"DPT::DEV && CTR::FR","DPT::MKG",different,2,failure,2000,297664875,148832.438
lp-covercrypt,089a548,"DPT::DEV && CTR::FR","DPT::MKG && CTR::EN",different,4,failure,2000,446059726,223029.863
lp-covercrypt,089a548,"DPT::DEV && CTR::FR","DPT::MKG && CTR::FR",different,4,failure,2000,444066528,222033.264
lp-covercrypt,089a548,"DPT::DEV && CTR::FR","DPT::MKG && CTR::$",different,8,failure,2000,737119843,368559.921
lp-covercrypt,089a548,"DPT::DEV && CTR::FR","DPT::$",different,4,failure,2000,441810215,220905.108
lp-covercrypt,089a548,"DPT::DEV && CTR::FR","DPT::$ && CTR::EN",different,8,failure,2000,744405008,372202.504
lp-covercrypt,089a548,"DPT::DEV && CTR::FR","DPT::$ && CTR::FR",different,8,success,2000,606839229,303419.615
lp-covercrypt,089a548,"DPT::DEV && CTR::FR","DPT::$ && CTR::$",different,16,success,2000,927566543,463783.271
lp-covercrypt,089a548,"DPT::DEV && CTR::FR","SEC::LOW",different,2,failure,2000,301244650,150622.325
lp-covercrypt,089a548,"DPT::DEV && CTR::FR","SEC::LOW && CTR::EN",different,4,failure,2000,457119882,228559.941
lp-covercrypt,089a548,"DPT::DEV && CTR::FR","SEC::LOW && CTR::FR",different,4,failure,2000,449768624,224884.312
lp-covercrypt,089a548,"DPT::DEV && CTR::FR","SEC::LOW && CTR::$",different,8,failure,2000,757554973,378777.486
lp-covercrypt,089a548,"DPT::DEV && CTR::FR","SEC::LOW && DPT::DEV",different,4,failure,2000,451633932,225816.966
lp-covercrypt,089a548,"DPT::DEV && CTR::FR","SEC::LOW && DPT::DEV && CTR::EN",same,8,failure,2000,761204379,380602.189
lp-covercrypt,089a548,"DPT::DEV && CTR::FR","SEC::LOW && DPT::DEV && CTR::FR",same,8,success,2000,610638154,305319.077
lp-covercrypt,089a548,"DPT::DEV && CTR::FR","SEC::LOW && DPT::DEV && CTR::$",same,16,success,2000,954740775,477370.388
lp-covercrypt,089a548,"DPT::DEV && CTR::FR","SEC::LOW && DPT::MKG",different,4,failure,2000,443253172,221626.586
lp-covercrypt,089a548,"DPT::DEV && CTR::FR","SEC::LOW && DPT::MKG && CTR::EN",same,8,failure,2000,742311722,371155.861
lp-covercrypt,089a548,"DPT::DEV && CTR::FR","SEC::LOW && DPT::MKG && CTR::FR",same,8,failure,2000,786859051,393429.525
lp-covercrypt,089a548,"DPT::DEV && CTR::FR","SEC::LOW && DPT::MKG && CTR::$",same,16,failure,2000,1365082473,682541.236
lp-covercrypt,089a548,"DPT::DEV && CTR::FR","SEC::LOW && DPT::$",different,8,failure,2000,750804502,375402.251
lp-covercrypt,089a548,"DPT::DEV && CTR::FR","SEC::LOW && DPT::$ && CTR::EN",same,16,failure,2000,1382843859,691421.929
lp-covercrypt,089a548,"DPT::DEV && CTR::FR","SEC::LOW && DPT::$ && CTR::FR",same,16,success,2000,950452101,475226.051
lp-covercrypt,089a548,"DPT::DEV && CTR::FR","SEC::LOW && DPT::$ && CTR::$",same,32,success,2000,1593740198,796870.099
lp-covercrypt,089a548,"DPT::DEV && CTR::FR","SEC::MED",different,3,failure,2000,373628734,186814.367
lp-covercrypt,089a548,"DPT::DEV && CTR::FR","SEC::MED && CTR::EN",different,6,failure,2000,608908671,304454.335
lp-covercrypt,089a548,"DPT::DEV && CTR::FR","SEC::MED && CTR::FR",different,6,failure,2000,618729382,309364.691
lp-covercrypt,089a548,"DPT::DEV && CTR::FR","SEC::MED && CTR::$",different,12,failure,2000,1038051255,519025.628
lp-covercrypt,089a548,"DPT::DEV && CTR::FR","SEC::MED && DPT::DEV",different,6,failure,2000,591671077,295835.539
lp-covercrypt,089a548,"DPT::DEV && CTR::FR","SEC::MED && DPT::DEV && CTR::EN",same,12,failure,2000,1055506296,527753.148
lp-covercrypt,089a548,"DPT::DEV && CTR::FR","SEC::MED && DPT::DEV && CTR::FR",same,12,success,2000,779619661,389809.830
lp-covercrypt,089a548,"DPT::DEV && CTR::FR","SEC::MED && DPT::DEV && CTR::$",same,24,success,2000,1207988504,603994.252
lp-covercrypt,089a548,"DPT::DEV && CTR::FR","SEC::MED && DPT::MKG",different,6,failure,2000,595161874,297580.937
lp-covercrypt,089a548,"DPT::DEV && CTR::FR","SEC::MED && DPT::MKG && CTR::EN",same,12,failure,2000,1126224225,563112.113
lp-covercrypt,089a548,"DPT::DEV && CTR::FR","SEC::MED && DPT::MKG && CTR::FR",same,12,failure,2000,1567175179,783587.590
lp-covercrypt,089a548,"DPT::DEV && CTR::FR","SEC::MED && DPT::MKG && CTR::$",same,24,failure,2000,2927391103,1463695.552
lp-covercrypt,089a548,"DPT::DEV && CTR::FR","SEC::MED && DPT::$",different,12,failure,2000,1568224497,784112.248
lp-covercrypt,089a548,"DPT::DEV && CTR::FR","SEC::MED && DPT::$ && CTR::EN",same,24,failure,2000,2510950165,1255475.083
lp-covercrypt,089a548,"DPT::DEV && CTR::FR","SEC::MED && DPT::$ && CTR::FR",same,24,success,2000,1481764319,740882.159
lp-covercrypt,089a548,"DPT::DEV && CTR::FR","SEC::MED && DPT::$ && CTR::$",same,48,success,2000,3101674816,1550837.408
lp-covercrypt,089a548,"DPT::DEV && CTR::FR","SEC::HIG",different,4,failure,2000,1113401383,556700.691
lp-covercrypt,089a548,"DPT::DEV && CTR::FR","SEC::HIG && CTR::EN",different,8,failure,2000,1207526528,603763.264
lp-covercrypt,089a548,"DPT::DEV && CTR::FR","SEC::HIG && CTR::FR",different,8,failure,2000,1199001457,599500.728
lp-covercrypt,089a548,"DPT::DEV && CTR::FR","SEC::HIG && CTR::$",different,16,failure,2000,2058498408,1029249.204
lp-covercrypt,089a548,"DPT::DEV && CTR::FR","SEC::HIG && DPT::DEV",different,8,failure,2000,1083346447,541673.223
lp-covercrypt,089a548,"DPT::DEV && CTR::FR","SEC::HIG && DPT::DEV && CTR::EN",same,16,failure,2000,1887843321,943921.660
lp-covercrypt,089a548,"DPT::DEV && CTR::FR","SEC::HIG && DPT::DEV && CTR::FR",same,16,success,2000,1122718549,561359.275
lp-covercrypt,089a548,"DPT::DEV && CTR::FR","SEC::HIG && DPT::DEV && CTR::$",same,32,success,2000,1536777911,768388.956
lp-covercrypt,089a548,"DPT::DEV && CTR::FR","SEC::HIG && DPT::MKG",different,8,failure,2000,740774117,370387.058
lp-covercrypt,089a548,"DPT::DEV && CTR::FR","SEC::HIG && DPT::MKG && CTR::EN",same,16,failure,2000,1338090483,669045.242
lp-covercrypt,089a548,"DPT::DEV && CTR::FR","SEC::HIG && DPT::MKG && CTR::FR",same,16,failure,2000,1327714730,663857.365
lp-covercrypt,089a548,"DPT::DEV && CTR::FR","SEC::HIG && DPT::MKG && CTR::$",same,32,failure,2000,2501663205,1250831.603
lp-covercrypt,089a548,"DPT::DEV && CTR::FR","SEC::HIG && DPT::$",different,16,failure,2000,1323558755,661779.377
lp-covercrypt,089a548,"DPT::DEV && CTR::FR","SEC::HIG && DPT::$ && CTR::EN",same,32,failure,2000,2522326603,1261163.302
lp-covercrypt,089a548,"DPT::DEV && CTR::FR","SEC::HIG && DPT::$ && CTR::FR",same,32,success,2000,1622072242,811036.121
lp-covercrypt,089a548,"DPT::DEV && CTR::FR","SEC::HIG && DPT::$ && CTR::$",same,64,success,2000,2611425611,1305712.806
lp-covercrypt,089a548,"DPT::DEV && CTR::FR","SEC::$",different,5,failure,2000,521401949,260700.975
lp-covercrypt,089a548,"DPT::DEV && CTR::FR","SEC::$ && CTR::EN",different,10,failure,2000,939432490,469716.245
lp-covercrypt,089a548,"DPT::DEV && CTR::FR","SEC::$ && CTR::FR",different,10,failure,2000,961220960,480610.480
lp-covercrypt,089a548,"DPT::DEV && CTR::FR","SEC::$ && CTR::$",different,20,failure,2000,1689033564,844516.782
lp-covercrypt,089a548,"DPT::DEV && CTR::FR","SEC::$ && DPT::DEV",different,10,failure,2000,920226214,460113.107
lp-covercrypt,089a548,"DPT::DEV && CTR::FR","SEC::$ && DPT::DEV && CTR::EN",same,20,failure,2000,1710768534,855384.267
lp-covercrypt,089a548,"DPT::DEV && CTR::FR","SEC::$ && DPT::DEV && CTR::FR",same,20,success,2000,1264804247,632402.123
lp-covercrypt,089a548,"DPT::DEV && CTR::FR","SEC::$ && DPT::DEV && CTR::$",same,40,success,2000,1875024316,937512.158
lp-covercrypt,089a548,"DPT::DEV && CTR::FR","SEC::$ && DPT::MKG",different,10,failure,2000,959660783,479830.392
lp-covercrypt,089a548,"DPT::DEV && CTR::FR","SEC::$ && DPT::MKG && CTR::EN",same,20,failure,2000,1745384555,872692.277
lp-covercrypt,089a548,"DPT::DEV && CTR::FR","SEC::$ && DPT::MKG && CTR::FR",same,20,failure,2000,1680702918,840351.459
lp-covercrypt,089a548,"DPT::DEV && CTR::FR","SEC::$ && DPT::MKG && CTR::$",same,40,failure,2000,3130759161,1565379.580
lp-covercrypt,089a548,"DPT::DEV && CTR::FR","SEC::$ && DPT::$",different,20,failure,2000,1657084897,828542.449
lp-covercrypt,089a548,"DPT::DEV && CTR::FR","SEC::$ && DPT::$ && CTR::EN",same,40,failure,2000,3137545971,1568772.985
lp-covercrypt,089a548,"DPT::DEV && CTR::FR","SEC::$ && DPT::$ && CTR::FR",same,40,success,2000,1747367484,873683.742
lp-covercrypt,089a548,"DPT::DEV && CTR::FR","SEC::$ && DPT::$ && CTR::$",same,80,success,2000,3160554880,1580277.440
lp-covercrypt,089a548,"SEC::LOW && CTR::FR","CTR::EN",different,2,failure,2000,294166924,147083.462
lp-covercrypt,089a548,"SEC::LOW && CTR::FR","CTR::FR",different,2,failure,2000,293401287,146700.644
lp-covercrypt,089a548,"SEC::LOW && CTR::FR","CTR::$",different,4,failure,2000,440032020,220016.010
lp-covercrypt,089a548,"SEC::LOW && CTR::FR","DPT::DEV",different,2,failure,2000,294060484,147030.242
lp-covercrypt,089a548,"SEC::LOW && CTR::FR","DPT::DEV && CTR::EN",different,4,failure,2000,446171105,223085.552
lp-covercrypt,089a548,"SEC::LOW && CTR::FR","DPT::DEV && CTR::FR",different,4,failure,2000,443474146,221737.073
lp-covercrypt,089a548,"SEC::LOW && CTR::FR","DPT::DEV && CTR::$",different,8,failure,2000,766557229,383278.615
lp-covercrypt,089a548,"SEC::LOW && CTR::FR","DPT::MKG",different,2,failure,2000,294588514,147294.257
lp-covercrypt,089a548,"SEC::LOW && CTR::FR","DPT::MKG && CTR::EN",different,4,failure,2000,446892137,223446.068
lp-covercrypt,089a548,"SEC::LOW && CTR::FR","DPT::MKG && CTR::FR",different,4,failure,2000,446515271,223257.636
lp-covercrypt,089a548,"SEC::LOW && CTR::FR","DPT::MKG && CTR::$",different,8,failure,2000,744746678,372373.339
lp-covercrypt,089a548,"SEC::LOW && CTR::FR","DPT::$",different,4,failure,2000,447927981,223963.991
lp-covercrypt,089a548,"SEC::LOW && CTR::FR","DPT::$ && CTR::EN",different,8,failure,2000,740156038,370078.019
lp-covercrypt,089a548,"SEC::LOW && CTR::FR","DPT::$ && CTR::FR",different,8,failure,2000,741034235,370517.117
lp-covercrypt,089a548,"SEC::LOW && CTR::FR","DPT::$ && CTR::$",different,16,failure,2000,1340927124,670463.562
lp-covercrypt,089a548,"SEC::LOW && CTR::FR","SEC::LOW",different,2,failure,2000,295620410,147810.205
lp-covercrypt,089a548,"SEC::LOW && CTR::FR","SEC::LOW && CTR::EN",different,4,failure,2000,442998665,221499.332
lp-covercrypt,089a548,"SEC::LOW && CTR::FR","SEC::LOW && CTR::FR",different,4,success,2000,463807737,231903.869
lp-covercrypt,089a548,"SEC::LOW && CTR::FR","SEC::LOW && CTR::$",different,8,success,2000,603026146,301513.073
lp-covercrypt,089a548,"SEC::LOW && CTR::FR","SEC::LOW && DPT::DEV",different,4,failure,2000,442838824,221419.412
lp-covercrypt,089a548,"SEC::LOW && CTR::FR","SEC::LOW && DPT::DEV && CTR::EN",same,8,failure,2000,739441767,369720.883
lp-covercrypt,089a548,"SEC::LOW && CTR::FR","SEC::LOW && DPT::DEV && CTR::FR",same,8,success,2000,614032832,307016.416
lp-covercrypt,089a548,"SEC::LOW && CTR::FR","SEC::LOW && DPT::DEV && CTR::$",same,16,success,2000,919638472,459819.236
lp-covercrypt,089a548,"SEC::LOW && CTR::FR","SEC::LOW && DPT::MKG",different,4,failure,2000,447109616,223554.808
lp-covercrypt,089a548,"SEC::LOW && CTR::FR","SEC::LOW && DPT::MKG && CTR::EN",same,8,failure,2000,748015590,374007.795
lp-covercrypt,089a548,"SEC::LOW && CTR::FR","SEC::LOW && DPT::MKG && CTR::FR",same,8,success,2000,603768018,301884.009
lp-covercrypt,089a548,"SEC::LOW && CTR::FR","SEC::LOW && DPT::MKG && CTR::$",same,16,success,2000,905598626,452799.313
lp-covercrypt,089a548,"SEC::LOW && CTR::FR","SEC::LOW && DPT::$",different,8,failure,2000,742282356,371141.178
lp-covercrypt,089a548,"SEC::LOW && CTR::FR","SEC::LOW && DPT::$ && CTR::EN",same,16,failure,2000,1330307294,665153.647
lp-covercrypt,089a548,"SEC::LOW && CTR::FR","SEC::LOW && DPT::$ && CTR::FR",same,16,success,2000,964281341,482140.671
lp-covercrypt,089a548,"SEC::LOW && CTR::FR","SEC::LOW && DPT::$ && CTR::$",same,32,success,2000,1450273810,725136.905
lp-covercrypt,089a548,"SEC::LOW && CTR::FR","SEC::MED",different,3,failure,2000,369244200,184622.100
lp-covercrypt,089a548,"SEC::LOW && CTR::FR","SEC::MED && CTR::EN",different,6,failure,2000,593589936,296794.968
lp-covercrypt,089a548,"SEC::LOW && CTR::FR","SEC::MED && CTR::FR",different,6,success,2000,534446708,267223.354
lp-covercrypt,089a548,"SEC::LOW && CTR::FR","SEC::MED && CTR::$",different,12,success,2000,740907147,370453.573
lp-covercrypt,089a548,"SEC::LOW && CTR::FR","SEC::MED && DPT::DEV",different,6,failure,2000,592665202,296332.601
lp-covercrypt,089a548,"SEC::LOW && CTR::FR","SEC::MED && DPT::DEV && CTR::EN",same,12,failure,2000,1035242766,517621.383
lp-covercrypt,089a548,"SEC::LOW && CTR::FR","SEC::MED && DPT::DEV && CTR::FR",same,12,success,2000,749157271,374578.635
lp-covercrypt,089a548,"SEC::LOW && CTR::FR","SEC::MED && DPT::DEV && CTR::$",same,24,success,2000,1200056566,600028.283
lp-covercrypt,089a548,"SEC::LOW && CTR::FR","SEC::MED && DPT::MKG",different,6,failure,2000,594811167,297405.584
lp-covercrypt,089a548,"SEC::LOW && CTR::FR","SEC::MED && DPT::MKG && CTR::EN",same,12,failure,2000,1069783245,534891.623
lp-covercrypt,089a548,"SEC::LOW && CTR::FR","SEC::MED && DPT::MKG && CTR::FR",same,12,success,2000,764007046,382003.523
lp-covercrypt,089a548,"SEC::LOW && CTR::FR","SEC::MED && DPT::MKG && CTR::$",same,24,success,2000,1306410539,653205.270
lp-covercrypt,089a548,"SEC::LOW && CTR::FR","SEC::MED && DPT::$",different,12,failure,2000,1028397125,514198.562
lp-covercrypt,089a548,"SEC::LOW && CTR::FR","SEC::MED && DPT::$ && CTR::EN",same,24,failure,2000,1912485634,956242.817
lp-covercrypt,089a548,"SEC::LOW && CTR::FR","SEC::MED && DPT::$ && CTR::FR",same,24,success,2000,1199480585,599740.292
lp-covercrypt,089a548,"SEC::LOW && CTR::FR","SEC::MED && DPT::$ && CTR::$",same,48,success,2000,2076741788,1038370.894
lp-covercrypt,089a548,"SEC::LOW && CTR::FR","SEC::HIG",different,4,failure,2000,443172941,221586.470
lp-covercrypt,089a548,"SEC::LOW && CTR::FR","SEC::HIG && CTR::EN",different,8,failure,2000,736290036,368145.018
lp-covercrypt,089a548,"SEC::LOW && CTR::FR","SEC::HIG && CTR::FR",different,8,success,2000,630970283,315485.142
lp-covercrypt,089a548,"SEC::LOW && CTR::FR","SEC::HIG && CTR::$",different,16,success,2000,925096820,462548.410
lp-covercrypt,089a548,"SEC::LOW && CTR::FR","SEC::HIG && DPT::DEV",different,8,failure,2000,745818790,372909.395
lp-covercrypt,089a548,"SEC::LOW && CTR::FR","SEC::HIG && DPT::DEV && CTR::EN",same,16,failure,2000,1334959070,667479.535
lp-covercrypt,089a548,"SEC::LOW && CTR::FR","SEC::HIG && DPT::DEV && CTR::FR",same,16,success,2000,960684774,480342.387
lp-covercrypt,089a548,"SEC::LOW && CTR::FR","SEC::HIG && DPT::DEV && CTR::$",same,32,success,2000,1503077638,751538.819
lp-covercrypt,089a548,"SEC::LOW && CTR::FR","SEC::HIG && DPT::MKG",different,8,failure,2000,736043033,368021.517
lp-covercrypt,089a548,"SEC::LOW && CTR::FR","SEC::HIG && DPT::MKG && CTR::EN",same,16,failure,2000,1330864298,665432.149
lp-covercrypt,089a548,"SEC::LOW && CTR::FR","SEC::HIG && DPT::MKG && CTR::FR",same,16,success,2000,941033533,470516.767
lp-covercrypt,089a548,"SEC::LOW && CTR::FR","SEC::HIG && DPT::MKG && CTR::$",same,32,success,2000,1554153483,777076.742
lp-covercrypt,089a548,"SEC::LOW && CTR::FR","SEC::HIG && DPT::$",different,16,failure,2000,1330987038,665493.519
lp-covercrypt,089a548,"SEC::LOW && CTR::FR","SEC::HIG && DPT::$ && CTR::EN",same,32,failure,2000,2513916518,1256958.259
lp-covercrypt,089a548,"SEC::LOW && CTR::FR","SEC::HIG && DPT::$ && CTR::FR",same,32,success,2000,1468803548,734401.774
lp-covercrypt,089a548,"SEC::LOW && CTR::FR","SEC::HIG && DPT::$ && CTR::$",same,64,success,2000,2792219926,1396109.963
lp-covercrypt,089a548,"SEC::LOW && CTR::FR","SEC::$",different,5,failure,2000,513438733,256719.367
lp-covercrypt,089a548,"SEC::LOW && CTR::FR","SEC::$ && CTR::EN",different,10,failure,2000,883604151,441802.075
lp-covercrypt,089a548,"SEC::LOW && CTR::FR","SEC::$ && CTR::FR",different,10,success,2000,688416707,344208.354
lp-covercrypt,089a548,"SEC::LOW && CTR::FR","SEC::$ && CTR::$",different,20,success,2000,1081242851,540621.426
lp-covercrypt,089a548,"SEC::LOW && CTR::FR","SEC::$ && DPT::DEV",different,10,failure,2000,949664693,474832.346
lp-covercrypt,089a548,"SEC::LOW && CTR::FR","SEC::$ && DPT::DEV && CTR::EN",same,20,failure,2000,1694962565,847481.282
lp-covercrypt,089a548,"SEC::LOW && CTR::FR","SEC::$ && DPT::DEV && CTR::FR",same,20,success,2000,1075280708,537640.354
lp-covercrypt,089a548,"SEC::LOW && CTR::FR","SEC::$ && DPT::DEV && CTR::$",same,40,success,2000,1811782801,905891.400
lp-covercrypt,089a548,"SEC::LOW && CTR::FR","SEC::$ && DPT::MKG",different,10,failure,2000,905501394,452750.697
lp-covercrypt,089a548,"SEC::LOW && CTR::FR","SEC::$ && DPT::MKG && CTR::EN",same,20,failure,2000,1665415373,832707.686
lp-covercrypt,089a548,"SEC::LOW && CTR::FR","SEC::$ && DPT::MKG && CTR::FR",same,20,success,2000,1056420381,528210.191
lp-covercrypt,089a548,"SEC::LOW && CTR::FR","SEC::$ && DPT::MKG && CTR::$",same,40,success,2000,1841414884,920707.442
lp-covercrypt,089a548,"SEC::LOW && CTR::FR","SEC::$ && DPT::$",different,20,failure,2000,1661105338,830552.669
lp-covercrypt,089a548,"SEC::LOW && CTR::FR","SEC::$ && DPT::$ && CTR::EN",same,40,failure,2000,3148318858,1574159.429
lp-covercrypt,089a548,"SEC::LOW && CTR::FR","SEC::$ && DPT::$ && CTR::FR",same,40,success,2000,1752391377,876195.689
lp-covercrypt,089a548,"SEC::LOW && CTR::FR","SEC::$ && DPT::$ && CTR::$",same,80,success,2000,3327054502,1663527.251
lp-covercrypt,089a548,"SEC::LOW && DPT::$ && CTR::FR","CTR::EN",different,2,failure,2000,293627292,146813.646
lp-covercrypt,089a548,"SEC::LOW && DPT::$ && CTR::FR","CTR::FR",different,2,failure,2000,293780660,146890.330
lp-covercrypt,089a548,"SEC::LOW && DPT::$ && CTR::FR","CTR::$",different,4,failure,2000,440527930,220263.965
lp-covercrypt,089a548,"SEC::LOW && DPT::$ && CTR::FR","DPT::DEV",different,2,failure,2000,292663924,146331.962
lp-covercrypt,089a548,"SEC::LOW && DPT::$ && CTR::FR","DPT::DEV && CTR::EN",different,4,failure,2000,441768007,220884.003
lp-covercrypt,089a548,"SEC::LOW && DPT::$ && CTR::FR","DPT::DEV && CTR::FR",different,4,failure,2000,441389306,220694.653
lp-covercrypt,089a548,"SEC::LOW && DPT::$ && CTR::FR","DPT::DEV && CTR::$",different,8,failure,2000,736252876,368126.438
lp-covercrypt,089a548,"SEC::LOW && DPT::$ && CTR::FR","DPT::MKG",different,2,failure,2000,294626135,147313.068
lp-covercrypt,089a548,"SEC::LOW && DPT::$ && CTR::FR","DPT::MKG && CTR::EN",different,4,failure,2000,439648450,219824.225
lp-covercrypt,089a548,"SEC::LOW && DPT::$ && CTR::FR","DPT::MKG && CTR::FR",different,4,failure,2000,440794250,220397.125
lp-covercrypt,089a548,"SEC::LOW && DPT::$ && CTR::FR","DPT::MKG && CTR::$",different,8,failure,2000,741998614,370999.307
lp-covercrypt,089a548,"SEC::LOW && DPT::$ && CTR::FR","DPT::$",different,4,failure,2000,459917249,229958.625
lp-covercrypt,089a548,"SEC::LOW && DPT::$ && CTR::FR","DPT::$ && CTR::EN",different,8,failure,2000,740930630,370465.315
lp-covercrypt,089a548,"SEC::LOW && DPT::$ && CTR::FR","DPT::$ && CTR::FR",different,8,failure,2000,735691122,367845.561
lp-covercrypt,089a548,"SEC::LOW && DPT::$ && CTR::FR","DPT::$ && CTR::$",different,16,failure,2000,1323130772,661565.386
lp-covercrypt,089a548,"SEC::LOW && DPT::$ && CTR::FR","SEC::LOW",different,2,failure,2000,293522384,146761.192
lp-covercrypt,089a548,"SEC::LOW && DPT::$ && CTR::FR","SEC::LOW && CTR::EN",different,4,failure,2000,440581010,220290.505
lp-covercrypt,089a548,"SEC::LOW && DPT::$ && CTR::FR","SEC::LOW && CTR::FR",different,4,failure,2000,440544572,220272.286
lp-covercrypt,089a548,"SEC::LOW && DPT::$ && CTR::FR","SEC::LOW && CTR::$",different,8,failure,2000,735357687,367678.844
lp-covercrypt,089a548,"SEC::LOW && DPT::$ && CTR::FR","SEC::LOW && DPT::DEV",different,4,failure,2000,440836459,220418.229
lp-covercrypt,089a548,"SEC::LOW && DPT::$ && CTR::FR","SEC::LOW && DPT::DEV && CTR::EN",same,8,failure,2000,742265875,371132.938
lp-covercrypt,089a548,"SEC::LOW && DPT::$ && CTR::FR","SEC::LOW && DPT::DEV && CTR::FR",same,8,failure,2000,740829961,370414.981
lp-covercrypt,089a548,"SEC::LOW && DPT::$ && CTR::FR","SEC::LOW && DPT::DEV && CTR::$",same,16,failure,2000,1335755232,667877.616
lp-covercrypt,089a548,"SEC::LOW && DPT::$ && CTR::FR","SEC::LOW && DPT::MKG",different,4,failure,2000,448715649,224357.824
lp-covercrypt,089a548,"SEC::LOW && DPT::$ && CTR::FR","SEC::LOW && DPT::MKG && CTR::EN",same,8,failure,2000,749403243,374701.622
lp-covercrypt,089a548,"SEC::LOW && DPT::$ && CTR::FR","SEC::LOW && DPT::MKG && CTR::FR",same,8,failure,2000,785543373,392771.687
lp-covercrypt,089a548,"SEC::LOW && DPT::$ && CTR::FR","SEC::LOW && DPT::MKG && CTR::$",same,16,failure,2000,1366017998,683008.999
lp-covercrypt,089a548,"SEC::LOW && DPT::$ && CTR::FR","SEC::LOW && DPT::$",different,8,failure,2000,788426942,394213.471
lp-covercrypt,089a548,"SEC::LOW && DPT::$ && CTR::FR","SEC::LOW && DPT::$ && CTR::EN",same,16,failure,2000,1354714556,677357.278
lp-covercrypt,089a548,"SEC::LOW && DPT::$ && CTR::FR","SEC::LOW && DPT::$ && CTR::FR",same,16,success,2000,907868194,453934.097
lp-covercrypt,089a548,"SEC::LOW && DPT::$ && CTR::FR","SEC::LOW && DPT::$ && CTR::$",same,32,success,2000,1557201320,778600.660
lp-covercrypt,089a548,"SEC::LOW && DPT::$ && CTR::FR","SEC::MED",different,3,failure,2000,375131723,187565.861
lp-covercrypt,089a548,"SEC::LOW && DPT::$ && CTR::FR","SEC::MED && CTR::EN",different,6,failure,2000,598003705,299001.852
lp-covercrypt,089a548,"SEC::LOW && DPT::$ && CTR::FR","SEC::MED && CTR::FR",different,6,failure,2000,623316816,311658.408
lp-covercrypt,089a548,"SEC::LOW && DPT::$ && CTR::FR","SEC::MED && CTR::$",different,12,failure,2000,1041497659,520748.829
lp-covercrypt,089a548,"SEC::LOW && DPT::$ && CTR::FR","SEC::MED && DPT::DEV",different,6,failure,2000,591125554,295562.777
lp-covercrypt,089a548,"SEC::LOW && DPT::$ && CTR::FR","SEC::MED && DPT::DEV && CTR::EN",same,12,failure,2000,1043174675,521587.338
lp-covercrypt,089a548,"SEC::LOW && DPT::$ && CTR::FR","SEC::MED && DPT::DEV && CTR::FR",same,12,failure,2000,1031863397,515931.698
lp-covercrypt,089a548,"SEC::LOW && DPT::$ && CTR::FR","SEC::MED && DPT::DEV && CTR::$",same,24,failure,2000,1930162322,965081.161
lp-covercrypt,089a548,"SEC::LOW && DPT::$ && CTR::FR","SEC::MED && DPT::MKG",different,6,failure,2000,592949686,296474.843
lp-covercrypt,089a548,"SEC::LOW && DPT::$ && CTR::FR","SEC::MED && DPT::MKG && CTR::EN",same,12,failure,2000,1067246858,533623.429
lp-covercrypt,089a548,"SEC::LOW && DPT::$ && CTR::FR","SEC::MED && DPT::MKG && CTR::FR",same,12,failure,2000,1037471457,518735.729
lp-covercrypt,089a548,"SEC::LOW && DPT::$ && CTR::FR","SEC::MED && DPT::MKG && CTR::$",same,24,failure,2000,1954073303,977036.652
lp-covercrypt,089a548,"SEC::LOW && DPT::$ && CTR::FR","SEC::MED && DPT::$",different,12,failure,2000,1043636401,521818.200
lp-covercrypt,089a548,"SEC::LOW && DPT::$ && CTR::FR","SEC::MED && DPT::$ && CTR::EN",same,24,failure,2000,1935225589,967612.794
lp-covercrypt,089a548,"SEC::LOW && DPT::$ && CTR::FR","SEC::MED && DPT::$ && CTR::FR",same,24,success,2000,1176358544,588179.272
lp-covercrypt,089a548,"SEC::LOW && DPT::$ && CTR::FR","SEC::MED && DPT::$ && CTR::$",same,48,success,2000,2287017914,1143508.957
lp-covercrypt,089a548,"SEC::LOW && DPT::$ && CTR::FR","SEC::HIG",different,4,failure,2000,456089580,228044.790
lp-covercrypt,089a548,"SEC::LOW && DPT::$ && CTR::FR","SEC::HIG && CTR::EN",different,8,failure,2000,742638074,371319.037
lp-covercrypt,089a548,"SEC::LOW && DPT::$ && CTR::FR","SEC::HIG && CTR::FR",different,8,failure,2000,749673089,374836.545
lp-covercrypt,089a548,"SEC::LOW && DPT::$ && CTR::FR","SEC::HIG && CTR::$",different,16,failure,2000,1335795057,667897.529
lp-covercrypt,089a548,"SEC::LOW && DPT::$ && CTR::FR","SEC::HIG && DPT::DEV",different,8,failure,2000,739231383,369615.692
lp-covercrypt,089a548,"SEC::LOW && DPT::$ && CTR::FR","SEC::HIG && DPT::DEV && CTR::EN",same,16,failure,2000,1333029620,666514.810
lp-covercrypt,089a548,"SEC::LOW && DPT::$ && CTR::FR","SEC::HIG && DPT::DEV && CTR::FR",same,16,failure,2000,1325731911,662865.956
lp-covercrypt,089a548,"SEC::LOW && DPT::$ && CTR::FR","SEC::HIG && DPT::DEV && CTR::$",same,32,failure,2000,2560212899,1280106.450
lp-covercrypt,089a548,"SEC::LOW && DPT::$ && CTR::FR","SEC::HIG && DPT::MKG",different,8,failure,2000,750943051,375471.525
lp-covercrypt,089a548,"SEC::LOW && DPT::$ && CTR::FR","SEC::HIG && DPT::MKG && CTR::EN",same,16,failure,2000,1327474019,663737.010
lp-covercrypt,089a548,"SEC::LOW && DPT::$ && CTR::FR","SEC::HIG && DPT::MKG && CTR::FR",same,16,failure,2000,1332160189,666080.095
lp-covercrypt,089a548,"SEC::LOW && DPT::$ && CTR::FR","SEC::HIG && DPT::MKG && CTR::$",same,32,failure,2000,2540383734,1270191.867
lp-covercrypt,089a548,"SEC::LOW && DPT::$ && CTR::FR","SEC::HIG && DPT::$",different,16,failure,2000,1364186412,682093.206
lp-covercrypt,089a548,"SEC::LOW && DPT::$ && CTR::FR","SEC::HIG && DPT::$ && CTR::EN",same,32,failure,2000,2523783807,1261891.904
lp-covercrypt,089a548,"SEC::LOW && DPT::$ && CTR::FR","SEC::HIG && DPT::$ && CTR::FR",same,32,success,2000,1482902905,741451.453
lp-covercrypt,089a548,"SEC::LOW && DPT::$ && CTR::FR","SEC::HIG && DPT::$ && CTR::$",same,64,success,2000,2690945160,1345472.580
lp-covercrypt,089a548,"SEC::LOW && DPT::$ && CTR::FR","SEC::$",different,5,failure,2000,528475158,264237.579
lp-covercrypt,089a548,"SEC::LOW && DPT::$ && CTR::FR","SEC::$ && CTR::EN",different,10,failure,2000,916578401,458289.200
lp-covercrypt,089a548,"SEC::LOW && DPT::$ && CTR::FR","SEC::$ && CTR::FR",different,10,failure,2000,900857804,450428.902
lp-covercrypt,089a548,"SEC::LOW && DPT::$ && CTR::FR","SEC::$ && CTR::$",different,20,failure,2000,1644083199,822041.600
lp-covercrypt,089a548,"SEC::LOW && DPT::$ && CTR::FR","SEC::$ && DPT::DEV",different,10,failure,2000,893839589,446919.795
lp-covercrypt,089a548,"SEC::LOW && DPT::$ && CTR::FR","SEC::$ && DPT::DEV && CTR::EN",same,20,failure,2000,1650323735,825161.868
lp-covercrypt,089a548,"SEC::LOW && DPT::$ && CTR::FR","SEC::$ && DPT::DEV && CTR::FR",same,20,failure,2000,1667990153,833995.076
lp-covercrypt,089a548,"SEC::LOW && DPT::$ && CTR::FR","SEC::$ && DPT::DEV && CTR::$",same,40,failure,2000,3111693919,1555846.960
lp-covercrypt,089a548,"SEC::LOW && DPT::$ && CTR::FR","SEC::$ && DPT::MKG",different,10,failure,2000,882398489,441199.244
lp-covercrypt,089a548,"SEC::LOW && DPT::$ && CTR::FR","SEC::$ && DPT::MKG && CTR::EN",same,20,failure,2000,1621040978,810520.489
lp-covercrypt,089a548,"SEC::LOW && DPT::$ && CTR::FR","SEC::$ && DPT::MKG && CTR::FR",same,20,failure,2000,1645171450,822585.725
lp-covercrypt,089a548,"SEC::LOW && DPT::$ && CTR::FR","SEC::$ && DPT::MKG && CTR::$",same,40,failure,2000,3112993808,1556496.904
lp-covercrypt,089a548,"SEC::LOW && DPT::$ && CTR::FR","SEC::$ && DPT::$",different,20,failure,2000,1701481403,850740.701
lp-covercrypt,089a548,"SEC::LOW && DPT::$ && CTR::FR","SEC::$ && DPT::$ && CTR::EN",same,40,failure,2000,3050798925,1525399.462
lp-covercrypt,089a548,"SEC::LOW && DPT::$ && CTR::FR","SEC::$ && DPT::$ && CTR::FR",same,40,success,2000,1732282118,866141.059
lp-covercrypt,089a548,"SEC::LOW && DPT::$ && CTR::FR","SEC::$ && DPT::$ && CTR::$",same,80,success,2000,3487987622,1743993.811
lp-covercrypt,089a548,"SEC::MED && DPT::MKG && CTR::FR","CTR::EN",different,2,failure,2000,289894519,144947.259
lp-covercrypt,089a548,"SEC::MED && DPT::MKG && CTR::FR","CTR::FR",different,2,failure,2000,289759666,144879.833
lp-covercrypt,089a548,"SEC::MED && DPT::MKG && CTR::FR","CTR::$",different,4,failure,2000,431321080,215660.540
lp-covercrypt,089a548,"SEC::MED && DPT::MKG && CTR::FR","DPT::DEV",different,2,failure,2000,287575340,143787.670
lp-covercrypt,089a548,"SEC::MED && DPT::MKG && CTR::FR","DPT::DEV && CTR::EN",different,4,failure,2000,438158435,219079.217
lp-covercrypt,089a548,"SEC::MED && DPT::MKG && CTR::FR","DPT::DEV && CTR::FR",different,4,failure,2000,435326724,217663.362
lp-covercrypt,089a548,"SEC::MED && DPT::MKG && CTR::FR","DPT::DEV && CTR::$",different,8,failure,2000,724388842,362194.421
lp-covercrypt,089a548,"SEC::MED && DPT::MKG && CTR::FR","DPT::MKG",different,2,failure,2000,288398203,144199.101
lp-covercrypt,089a548,"SEC::MED && DPT::MKG && CTR::FR","DPT::MKG && CTR::EN",different,4,failure,2000,437505141,218752.571
lp-covercrypt,089a548,"SEC::MED && DPT::MKG && CTR::FR","DPT::MKG && CTR::FR",different,4,failure,2000,440679103,220339.552
lp-covercrypt,089a548,"SEC::MED && DPT::MKG && CTR::FR","DPT::MKG && CTR::$",different,8,failure,2000,723974715,361987.357
lp-covercrypt,089a548,"SEC::MED && DPT::MKG && CTR::FR","DPT::$",different,4,failure,2000,438558206,219279.103
lp-covercrypt,089a548,"SEC::MED && DPT::MKG && CTR::FR","DPT::$ && CTR::EN",different,8,failure,2000,724920420,362460.210
lp-covercrypt,089a548,"SEC::MED && DPT::MKG && CTR::FR","DPT::$ && CTR::FR",different,8,failure,2000,727097423,363548.711
lp-covercrypt,089a548,"SEC::MED && DPT::MKG && CTR::FR","DPT::$ && CTR::$",different,16,failure,2000,1313502001,656751.000
lp-covercrypt,089a548,"SEC::MED && DPT::MKG && CTR::FR","SEC::LOW",different,2,failure,2000,291349619,145674.810
lp-covercrypt,089a548,"SEC::MED && DPT::MKG && CTR::FR","SEC::LOW && CTR::EN",different,4,failure,2000,438328505,219164.253
lp-covercrypt,089a548,"SEC::MED && DPT::MKG && CTR::FR","SEC::LOW && CTR::FR",different,4,failure,2000,440683231,220341.616
lp-covercrypt,089a548,"SEC::MED && DPT::MKG && CTR::FR","SEC::LOW && CTR::$",different,8,failure,2000,725156191,362578.095
lp-covercrypt,089a548,"SEC::MED && DPT::MKG && CTR::FR","SEC::LOW && DPT::DEV",different,4,failure,2000,433399959,216699.979
lp-covercrypt,089a548,"SEC::MED && DPT::MKG && CTR::FR","SEC::LOW && DPT::DEV && CTR::EN",same,8,failure,2000,730100686,365050.343
lp-covercrypt,089a548,"SEC::MED && DPT::MKG && CTR::FR","SEC::LOW && DPT::DEV && CTR::FR",same,8,failure,2000,748028785,374014.393
lp-covercrypt,089a548,"SEC::MED && DPT::MKG && CTR::FR","SEC::LOW && DPT::DEV && CTR::$",same,16,failure,2000,1299794640,649897.320
lp-covercrypt,089a548,"SEC::MED && DPT::MKG && CTR::FR","SEC::LOW && DPT::MKG",different,4,failure,2000,437733929,218866.965
lp-covercrypt,089a548,"SEC::MED && DPT::MKG && CTR::FR","SEC::LOW && DPT::MKG && CTR::EN",same,8,failure,2000,733775860,366887.930
lp-covercrypt,089a548,"SEC::MED && DPT::MKG && CTR::FR","SEC::LOW && DPT::MKG && CTR::FR",same,8,failure,2000,723488263,361744.132
lp-covercrypt,089a548,"SEC::MED && DPT::MKG && CTR::FR","SEC::LOW && DPT::MKG && CTR::$",same,16,failure,2000,1311992320,655996.160
lp-covercrypt,089a548,"SEC::MED && DPT::MKG && CTR::FR","SEC::LOW && DPT::$",different,8,failure,2000,723332601,361666.301
lp-covercrypt,089a548,"SEC::MED && DPT::MKG && CTR::FR","SEC::LOW && DPT::$ && CTR::EN",same,16,failure,2000,1316735446,658367.723
lp-covercrypt,089a548,"SEC::MED && DPT::MKG && CTR::FR","SEC::LOW && DPT::$ && CTR::FR",same,16,failure,2000,1312277945,656138.973
lp-covercrypt,089a548,"SEC::MED && DPT::MKG && CTR::FR","SEC::LOW && DPT::$ && CTR::$",same,32,failure,2000,2483555088,1241777.544
lp-covercrypt,089a548,"SEC::MED && DPT::MKG && CTR::FR","SEC::MED",different,3,failure,2000,363273470,181636.735
lp-covercrypt,089a548,"SEC::MED && DPT::MKG && CTR::FR","SEC::MED && CTR::EN",different,6,failure,2000,577923660,288961.830
lp-covercrypt,089a548,"SEC::MED && DPT::MKG && CTR::FR","SEC::MED && CTR::FR",different,6,failure,2000,576792027,288396.014
lp-covercrypt,089a548,"SEC::MED && DPT::MKG && CTR::FR","SEC::MED && CTR::$",different,12,failure,2000,1010716721,505358.361
lp-covercrypt,089a548,"SEC::MED && DPT::MKG && CTR::FR","SEC::MED && DPT::DEV",different,6,failure,2000,582453437,291226.719
lp-covercrypt,089a548,"SEC::MED && DPT::MKG && CTR::FR","SEC::MED && DPT::DEV && CTR::EN",same,12,failure,2000,1012282970,506141.485
lp-covercrypt,089a548,"SEC::MED && DPT::MKG && CTR::FR","SEC::MED && DPT::DEV && CTR::FR",same,12,failure,2000,1043983542,521991.771
lp-covercrypt,089a548,"SEC::MED && DPT::MKG && CTR::FR","SEC::MED && DPT::DEV && CTR::$",same,24,failure,2000,1898910190,949455.095
lp-covercrypt,089a548,"SEC::MED && DPT::MKG && CTR::FR","SEC::MED && DPT::MKG",different,6,failure,2000,586856085,293428.042
lp-covercrypt,089a548,"SEC::MED && DPT::MKG && CTR::FR","SEC::MED && DPT::MKG && CTR::EN",same,12,failure,2000,1012142727,506071.363
lp-covercrypt,089a548,"SEC::MED && DPT::MKG && CTR::FR","SEC::MED && DPT::MKG && CTR::FR",same,12,success,2000,735805758,367902.879
lp-covercrypt,089a548,"SEC::MED && DPT::MKG && CTR::FR","SEC::MED && DPT::MKG && CTR::$",same,24,success,2000,1230263787,615131.894
lp-covercrypt,089a548,"SEC::MED && DPT::MKG && CTR::FR","SEC::MED && DPT::$",different,12,failure,2000,1009960844,504980.422
lp-covercrypt,089a548,"SEC::MED && DPT::MKG && CTR::FR","SEC::MED && DPT::$ && CTR::EN",same,24,failure,2000,1885757229,942878.615
lp-covercrypt,089a548,"SEC::MED && DPT::MKG && CTR::FR","SEC::MED && DPT::$ && CTR::FR",same,24,success,2000,1232583879,616291.939
lp-covercrypt,089a548,"SEC::MED && DPT::MKG && CTR::FR","SEC::MED && DPT::$ && CTR::$",same,48,success,2000,2218500261,1109250.130
lp-covercrypt,089a548,"SEC::MED && DPT::MKG && CTR::FR","SEC::HIG",different,4,failure,2000,436336668,218168.334
lp-covercrypt,089a548,"SEC::MED && DPT::MKG && CTR::FR","SEC::HIG && CTR::EN",different,8,failure,2000,729344698,364672.349
lp-covercrypt,089a548,"SEC::MED && DPT::MKG && CTR::FR","SEC::HIG && CTR::FR",different,8,failure,2000,728440472,364220.236
lp-covercrypt,089a548,"SEC::MED && DPT::MKG && CTR::FR","SEC::HIG && CTR::$",different,16,failure,2000,1326596052,663298.026
lp-covercrypt,089a548,"SEC::MED && DPT::MKG && CTR::FR","SEC::HIG && DPT::DEV",different,8,failure,2000,727877937,363938.969
lp-covercrypt,089a548,"SEC::MED && DPT::MKG && CTR::FR","SEC::HIG && DPT::DEV && CTR::EN",same,16,failure,2000,1310455186,655227.593
lp-covercrypt,089a548,"SEC::MED && DPT::MKG && CTR::FR","SEC::HIG && DPT::DEV && CTR::FR",same,16,failure,2000,1309446534,654723.267
lp-covercrypt,089a548,"SEC::MED && DPT::MKG && CTR::FR","SEC::HIG && DPT::DEV && CTR::$",same,32,failure,2000,2461232376,1230616.188
lp-covercrypt,089a548,"SEC::MED && DPT::MKG && CTR::FR","SEC::HIG && DPT::MKG",different,8,failure,2000,724168078,362084.039
lp-covercrypt,089a548,"SEC::MED && DPT::MKG && CTR::FR","SEC::HIG && DPT::MKG && CTR::EN",same,16,failure,2000,1302303926,651151.963
lp-covercrypt,089a548,"SEC::MED && DPT::MKG && CTR::FR","SEC::HIG && DPT::MKG && CTR::FR",same,16,success,2000,871883465,435941.732
lp-covercrypt,089a548,"SEC::MED && DPT::MKG && CTR::FR","SEC::HIG && DPT::MKG && CTR::$",same,32,success,2000,1538972227,769486.113
lp-covercrypt,089a548,"SEC::MED && DPT::MKG && CTR::FR","SEC::HIG && DPT::$",different,16,failure,2000,1311263883,655631.941
lp-covercrypt,089a548,"SEC::MED && DPT::MKG && CTR::FR","SEC::HIG && DPT::$ && CTR::EN",same,32,failure,2000,2478913141,1239456.570
lp-covercrypt,089a548,"SEC::MED && DPT::MKG && CTR::FR","SEC::HIG && DPT::$ && CTR::FR",same,32,success,2000,1460034629,730017.314
lp-covercrypt,089a548,"SEC::MED && DPT::MKG && CTR::FR","SEC::HIG && DPT::$ && CTR::$",same,64,success,2000,2609336112,1304668.056
lp-covercrypt,089a548,"SEC::MED && DPT::MKG && CTR::FR","SEC::$",different,5,failure,2000,500365149,250182.574
lp-covercrypt,089a548,"SEC::MED && DPT::MKG && CTR::FR","SEC::$ && CTR::EN",different,10,failure,2000,867354750,433677.375
lp-covercrypt,089a548,"SEC::MED && DPT::MKG && CTR::FR","SEC::$ && CTR::FR",different,10,failure,2000,841109722,420554.861
lp-covercrypt,089a548,"SEC::MED && DPT::MKG && CTR::FR","SEC::$ && CTR::$",different,20,failure,2000,1505689757,752844.878
lp-covercrypt,089a548,"SEC::MED && DPT::MKG && CTR::FR","SEC::$ && DPT::DEV",different,10,failure,2000,819550581,409775.291
lp-covercrypt,089a548,"SEC::MED && DPT::MKG && CTR::FR","SEC::$ && DPT::DEV && CTR::EN",same,20,failure,2000,1502864307,751432.154
lp-covercrypt,089a548,"SEC::MED && DPT::MKG && CTR::FR","SEC::$ && DPT::DEV && CTR::FR",same,20,failure,2000,1505793321,752896.660
lp-covercrypt,089a548,"SEC::MED && DPT::MKG && CTR::FR","SEC::$ && DPT::DEV && CTR::$",same,40,failure,2000,2890318424,1445159.212
lp-covercrypt,089a548,"SEC::MED && DPT::MKG && CTR::FR","SEC::$ && DPT::MKG",different,10,failure,2000,829280332,414640.166
lp-covercrypt,089a548,"SEC::MED && DPT::MKG && CTR::FR","SEC::$ && DPT::MKG && CTR::EN",same,20,failure,2000,1506145683,753072.841
lp-covercrypt,089a548,"SEC::MED && DPT::MKG && CTR::FR","SEC::$ && DPT::MKG && CTR::FR",same,20,success,2000,1029404495,514702.247
lp-covercrypt,089a548,"SEC::MED && DPT::MKG && CTR::FR","SEC::$ && DPT::MKG && CTR::$",same,40,success,2000,1665425732,832712.866
lp-covercrypt,089a548,"SEC::MED && DPT::MKG && CTR::FR","SEC::$ && DPT::$",different,20,failure,2000,1514377703,757188.851
lp-covercrypt,089a548,"SEC::MED && DPT::MKG && CTR::FR","SEC::$ && DPT::$ && CTR::EN",same,40,failure,2000,2927922670,1463961.335
lp-covercrypt,089a548,"SEC::MED && DPT::MKG && CTR::FR","SEC::$ && DPT::$ && CTR::FR",same,40,success,2000,1819604583,909802.292
lp-covercrypt,089a548,"SEC::MED && DPT::MKG && CTR::FR","SEC::$ && DPT::$ && CTR::$",same,80,success,2000,3317465716,1658732.858
lp-covercrypt,089a548,"DPT::DEV && CTR::$","CTR::EN",different,2,failure,2000,294392317,147196.158
lp-covercrypt,089a548,"DPT::DEV && CTR::$","CTR::FR",different,2,failure,2000,293026113,146513.057
lp-covercrypt,089a548,"DPT::DEV && CTR::$","CTR::$",different,4,failure,2000,439236017,219618.008
lp-covercrypt,089a548,"DPT::DEV && CTR::$","DPT::DEV",different,2,failure,2000,292192019,146096.009
lp-covercrypt,089a548,"DPT::DEV && CTR::$","DPT::DEV && CTR::EN",different,4,failure,2000,441849729,220924.864
lp-covercrypt,089a548,"DPT::DEV && CTR::$","DPT::DEV && CTR::FR",different,4,failure,2000,440143229,220071.614
lp-covercrypt,089a548,"DPT::DEV && CTR::$","DPT::DEV && CTR::$",different,8,success,2000,626226244,313113.122
lp-covercrypt,089a548,"DPT::DEV && CTR::$","DPT::MKG",different,2,failure,2000,292238937,146119.468
lp-covercrypt,089a548,"DPT::DEV && CTR::$","DPT::MKG && CTR::EN",different,4,failure,2000,438847248,219423.624
lp-covercrypt,089a548,"DPT::DEV && CTR::$","DPT::MKG && CTR::FR",different,4,failure,2000,444266032,222133.016
lp-covercrypt,089a548,"DPT::DEV && CTR::$","DPT::MKG && CTR::$",different,8,failure,2000,743080633,371540.317
lp-covercrypt,089a548,"DPT::DEV && CTR::$","DPT::$",different,4,failure,2000,442322466,221161.233
lp-covercrypt,089a548,"DPT::DEV && CTR::$","DPT::$ && CTR::EN",different,8,failure,2000,733421004,366710.502
lp-covercrypt,089a548,"DPT::DEV && CTR::$","DPT::$ && CTR::FR",different,8,failure,2000,735088523,367544.262
lp-covercrypt,089a548,"DPT::DEV && CTR::$","DPT::$ && CTR::$",different,16,success,2000,906414547,453207.274
lp-covercrypt,089a548,"DPT::DEV && CTR::$","SEC::LOW",different,2,failure,2000,294750939,147375.470
lp-covercrypt,089a548,"DPT::DEV && CTR::$","SEC::LOW && CTR::EN",different,4,failure,2000,451269408,225634.704
lp-covercrypt,089a548,"DPT::DEV && CTR::$","SEC::LOW && CTR::FR",different,4,failure,2000,442439286,221219.643
lp-covercrypt,089a548,"DPT::DEV && CTR::$","SEC::LOW && CTR::$",different,8,failure,2000,740490535,370245.268
lp-covercrypt,089a548,"DPT::DEV && CTR::$","SEC::LOW && DPT::DEV",different,4,failure,2000,445930925,222965.462
lp-covercrypt,089a548,"DPT::DEV && CTR::$","SEC::LOW && DPT::DEV && CTR::EN",same,8,failure,2000,759713152,379856.576
lp-covercrypt,089a548,"DPT::DEV && CTR::$","SEC::LOW && DPT::DEV && CTR::FR",same,8,failure,2000,745298444,372649.222
lp-covercrypt,089a548,"DPT::DEV && CTR::$","SEC::LOW && DPT::DEV && CTR::$",same,16,success,2000,902345795,451172.898
lp-covercrypt,089a548,"DPT::DEV && CTR::$","SEC::LOW && DPT::MKG",different,4,failure,2000,449572576,224786.288
lp-covercrypt,089a548,"DPT::DEV && CTR::$","SEC::LOW && DPT::MKG && CTR::EN",same,8,failure,2000,770311982,385155.991
lp-covercrypt,089a548,"DPT::DEV && CTR::$","SEC::LOW && DPT::MKG && CTR::FR",same,8,failure,2000,764358735,382179.367
lp-covercrypt,089a548,"DPT::DEV && CTR::$","SEC::LOW && DPT::MKG && CTR::$",same,16,failure,2000,1352507636,676253.818
lp-covercrypt,089a548,"DPT::DEV && CTR::$","SEC::LOW && DPT::$",different,8,failure,2000,744236472,372118.236
lp-covercrypt,089a548,"DPT::DEV && CTR::$","SEC::LOW && DPT::$ && CTR::EN",same,16,failure,2000,1343616869,671808.434
lp-covercrypt,089a548,"DPT::DEV && CTR::$","SEC::LOW && DPT::$ && CTR::FR",same,16,failure,2000,1366849167,683424.583
lp-covercrypt,089a548,"DPT::DEV && CTR::$","SEC::LOW && DPT::$ && CTR::$",same,32,success,2000,1488019262,744009.631
lp-covercrypt,089a548,"DPT::DEV && CTR::$","SEC::MED",different,3,failure,2000,377402313,188701.157
lp-covercrypt,089a548,"DPT::DEV && CTR::$","SEC::MED && CTR::EN",different,6,failure,2000,617456964,308728.482
lp-covercrypt,089a548,"DPT::DEV && CTR::$","SEC::MED && CTR::FR",different,6,failure,2000,628326323,314163.161
lp-covercrypt,089a548,"DPT::DEV && CTR::$","SEC::MED && CTR::$",different,12,failure,2000,1116662249,558331.125
lp-covercrypt,089a548,"DPT::DEV && CTR::$","SEC::MED && DPT::DEV",different,6,failure,2000,678959107,339479.553
lp-covercrypt,089a548,"DPT::DEV && CTR::$","SEC::MED && DPT::DEV && CTR::EN",same,12,failure,2000,1199521513,599760.757
lp-covercrypt,089a548,"DPT::DEV && CTR::$","SEC::MED && DPT::DEV && CTR::FR",same,12,failure,2000,1058598546,529299.273
lp-covercrypt,089a548,"DPT::DEV && CTR::$","SEC::MED && DPT::DEV && CTR::$",same,24,success,2000,1216787018,608393.509
lp-covercrypt,089a548,"DPT::DEV && CTR::$","SEC::MED && DPT::MKG",different,6,failure,2000,616144743,308072.372
lp-covercrypt,089a548,"DPT::DEV && CTR::$","SEC::MED && DPT::MKG && CTR::EN",same,12,failure,2000,1569875955,784937.978
lp-covercrypt,089a548,"DPT::DEV && CTR::$","SEC::MED && DPT::MKG && CTR::FR",same,12,failure,2000,1471488915,735744.458
lp-covercrypt,089a548,"DPT::DEV && CTR::$","SEC::MED && DPT::MKG && CTR::$",same,24,failure,2000,2890084084,1445042.042
lp-covercrypt,089a548,"DPT::DEV && CTR::$","SEC::MED && DPT::$",different,12,failure,2000,1386638617,693319.309
lp-covercrypt,089a548,"DPT::DEV && CTR::$","SEC::MED && DPT::$ && CTR::EN",same,24,failure,2000,2293299736,1146649.868
lp-covercrypt,089a548,"DPT::DEV && CTR::$","SEC::MED && DPT::$ && CTR::FR",same,24,failure,2000,2839024269,1419512.134
lp-covercrypt,089a548,"DPT::DEV && CTR::$","SEC::MED && DPT::$ && CTR::$",same,48,success,2000,3442143550,1721071.775
lp-covercrypt,089a548,"DPT::DEV && CTR::$","SEC::HIG",different,4,failure,2000,672236878,336118.439
lp-covercrypt,089a548,"DPT::DEV && CTR::$","SEC::HIG && CTR::EN",different,8,failure,2000,1121251557,560625.779
lp-covercrypt,089a548,"DPT::DEV && CTR::$","SEC::HIG && CTR::FR",different,8,failure,2000,1091196612,545598.306
lp-covercrypt,089a548,"DPT::DEV && CTR::$","SEC::HIG && CTR::$",different,16,failure,2000,1938934015,969467.007
lp-covercrypt,089a548,"DPT::DEV && CTR::$","SEC::HIG && DPT::DEV",different,8,failure,2000,1043441655,521720.828
lp-covercrypt,089a548,"DPT::DEV && CTR::$","SEC::HIG && DPT::DEV && CTR::EN",same,16,failure,2000,1655564084,827782.042
lp-covercrypt,089a548,"DPT::DEV && CTR::$","SEC::HIG && DPT::DEV && CTR::FR",same,16,failure,2000,1352278456,676139.228
lp-covercrypt,089a548,"DPT::DEV && CTR::$","SEC::HIG && DPT::DEV && CTR::$",same,32,success,2000,1491419931,745709.966
lp-covercrypt,089a548,"DPT::DEV && CTR::$","SEC::HIG && DPT::MKG",different,8,failure,2000,741044434,370522.217
lp-covercrypt,089a548,"DPT::DEV && CTR::$","SEC::HIG && DPT::MKG && CTR::EN",same,16,failure,2000,1329887375,664943.688
lp-covercrypt,089a548,"DPT::DEV && CTR::$","SEC::HIG && DPT::MKG && CTR::FR",same,16,failure,2000,1338059394,669029.697
lp-covercrypt,089a548,"DPT::DEV && CTR::$","SEC::HIG && DPT::MKG && CTR::$",same,32,failure,2000,2519386278,1259693.139
lp-covercrypt,089a548,"DPT::DEV && CTR::$","SEC::HIG && DPT::$",different,16,failure,2000,1333878653,666939.326
lp-covercrypt,089a548,"DPT::DEV && CTR::$","SEC::HIG && DPT::$ && CTR::EN",same,32,failure,2000,2743574038,1371787.019
lp-covercrypt,089a548,"DPT::DEV && CTR::$","SEC::HIG && DPT::$ && CTR::FR",same,32,failure,2000,2503755690,1251877.845
lp-covercrypt,089a548,"DPT::DEV && CTR::$","SEC::HIG && DPT::$ && CTR::$",same,64,success,2000,3341654077,1670827.039
lp-covercrypt,089a548,"DPT::DEV && CTR::$","SEC::$",different,5,failure,2000,644942030,322471.015
lp-covercrypt,089a548,"DPT::DEV && CTR::$","SEC::$ && CTR::EN",different,10,failure,2000,896192052,448096.026
lp-covercrypt,089a548,"DPT::DEV && CTR::$","SEC::$ && CTR::FR",different,10,failure,2000,894688482,447344.241
lp-covercrypt,089a548,"DPT::DEV && CTR::$","SEC::$ && CTR::$",different,20,failure,2000,1765748042,882874.021
lp-covercrypt,089a548,"DPT::DEV && CTR::$","SEC::$ && DPT::DEV",different,10,failure,2000,924649882,462324.941
lp-covercrypt,089a548,"DPT::DEV && CTR::$","SEC::$ && DPT::DEV && CTR::EN",same,20,failure,2000,1709874336,854937.168
lp-covercrypt,089a548,"DPT::DEV && CTR::$","SEC::$ && DPT::DEV && CTR::FR",same,20,failure,2000,1703950565,851975.282
lp-covercrypt,089a548,"DPT::DEV && CTR::$","SEC::$ && DPT::DEV && CTR::$",same,40,success,2000,1772372047,886186.024
lp-covercrypt,089a548,"DPT::DEV && CTR::$","SEC::$ && DPT::MKG",different,10,failure,2000,899979366,449989.683
lp-covercrypt,089a548,"DPT::DEV && CTR::$","SEC::$ && DPT::MKG && CTR::EN",same,20,failure,2000,1614658645,807329.323
lp-covercrypt,089a548,"DPT::DEV && CTR::$","SEC::$ && DPT::MKG && CTR::FR",same,20,failure,2000,1613741115,806870.557
lp-covercrypt,089a548,"DPT::DEV && CTR::$","SEC::$ && DPT::MKG && CTR::$",same,40,failure,2000,3123906287,1561953.144
lp-covercrypt,089a548,"DPT::DEV && CTR::$","SEC::$ && DPT::$",different,20,failure,2000,1620848937,810424.468
lp-covercrypt,089a548,"DPT::DEV && CTR::$","SEC::$ && DPT::$ && CTR::EN",same,40,failure,2000,3105705085,1552852.542
lp-covercrypt,089a548,"DPT::DEV && CTR::$","SEC::$ && DPT::$ && CTR::FR",same,40,failure,2000,3099547736,1549773.868
lp-covercrypt,089a548,"DPT::DEV && CTR::$","SEC::$ && DPT::$ && CTR::$",same,80,success,2000,3272150736,1636075.368
lp-covercrypt,089a548,"SEC::LOW && CTR::$","CTR::EN",different,2,failure,2000,295755784,147877.892
lp-covercrypt,089a548,"SEC::LOW && CTR::$","CTR::FR",different,2,failure,2000,293603436,146801.718
lp-covercrypt,089a548,"SEC::LOW && CTR::$","CTR::$",different,4,failure,2000,442066406,221033.203
lp-covercrypt,089a548,"SEC::LOW && CTR::$","DPT::DEV",different,2,failure,2000,293334432,146667.216
lp-covercrypt,089a548,"SEC::LOW && CTR::$","DPT::DEV && CTR::EN",different,4,failure,2000,459145983,229572.992
lp-covercrypt,089a548,"SEC::LOW && CTR::$","DPT::DEV && CTR::FR",different,4,failure,2000,439353487,219676.744
lp-covercrypt,089a548,"SEC::LOW && CTR::$","DPT::DEV && CTR::$",different,8,failure,2000,733952431,366976.215
lp-covercrypt,089a548,"SEC::LOW && CTR::$","DPT::MKG",different,2,failure,2000,293578450,146789.225
lp-covercrypt,089a548,"SEC::LOW && CTR::$","DPT::MKG && CTR::EN",different,4,failure,2000,439684147,219842.073
lp-covercrypt,089a548,"SEC::LOW && CTR::$","DPT::MKG && CTR::FR",different,4,failure,2000,440671329,220335.665
lp-covercrypt,089a548,"SEC::LOW && CTR::$","DPT::MKG && CTR::$",different,8,failure,2000,743290698,371645.349
lp-covercrypt,089a548,"SEC::LOW && CTR::$","DPT::$",different,4,failure,2000,441710468,220855.234
lp-covercrypt,089a548,"SEC::LOW && CTR::$","DPT::$ && CTR::EN",different,8,failure,2000,733546159,366773.079
lp-covercrypt,089a548,"SEC::LOW && CTR::$","DPT::$ && CTR::FR",different,8,failure,2000,734996559,367498.280
lp-covercrypt,089a548,"SEC::LOW && CTR::$","DPT::$ && CTR::$",different,16,failure,2000,1321428419,660714.209
lp-covercrypt,089a548,"SEC::LOW && CTR::$","SEC::LOW",different,2,failure,2000,294389031,147194.516
lp-covercrypt,089a548,"SEC::LOW && CTR::$","SEC::LOW && CTR::EN",different,4,failure,2000,439981456,219990.728
lp-covercrypt,089a548,"SEC::LOW && CTR::$","SEC::LOW && CTR::FR",different,4,failure,2000,444346052,222173.026
lp-covercrypt,089a548,"SEC::LOW && CTR::$","SEC::LOW && CTR::$",different,8,success,2000,616869593,308434.796
lp-covercrypt,089a548,"SEC::LOW && CTR::$","SEC::LOW && DPT::DEV",different,4,failure,2000,444400844,222200.422
lp-covercrypt,089a548,"SEC::LOW && CTR::$","SEC::LOW && DPT::DEV && CTR::EN",same,8,failure,2000,732857527,366428.764
lp-covercrypt,089a548,"SEC::LOW && CTR::$","SEC::LOW && DPT::DEV && CTR::FR",same,8,failure,2000,732400610,366200.305
lp-covercrypt,089a548,"SEC::LOW && CTR::$","SEC::LOW && DPT::DEV && CTR::$",same,16,success,2000,896211899,448105.949
lp-covercrypt,089a548,"SEC::LOW && CTR::$","SEC::LOW && DPT::MKG",different,4,failure,2000,440459753,220229.877
lp-covercrypt,089a548,"SEC::LOW && CTR::$","SEC::LOW && DPT::MKG && CTR::EN",same,8,failure,2000,733919970,366959.985
lp-covercrypt,089a548,"SEC::LOW && CTR::$","SEC::LOW && DPT::MKG && CTR::FR",same,8,failure,2000,733913679,366956.840
lp-covercrypt,089a548,"SEC::LOW && CTR::$","SEC::LOW && DPT::MKG && CTR::$",same,16,success,2000,892520956,446260.478
lp-covercrypt,089a548,"SEC::LOW && CTR::$","SEC::LOW && DPT::$",different,8,failure,2000,734098696,367049.348
lp-covercrypt,089a548,"SEC::LOW && CTR::$","SEC::LOW && DPT::$ && CTR::EN",same,16,failure,2000,1320015368,660007.684
lp-covercrypt,089a548,"SEC::LOW && CTR::$","SEC::LOW && DPT::$ && CTR::FR",same,16,failure,2000,1320181981,660090.990
lp-covercrypt,089a548,"SEC::LOW && CTR::$","SEC::LOW && DPT::$ && CTR::$",same,32,success,2000,1477193686,738596.843
lp-covercrypt,089a548,"SEC::LOW && CTR::$","SEC::MED",different,3,failure,2000,369338327,184669.163
lp-covercrypt,089a548,"SEC::LOW && CTR::$","SEC::MED && CTR::EN",different,6,failure,2000,588353323,294176.661
lp-covercrypt,089a548,"SEC::LOW && CTR::$","SEC::MED && CTR::FR",different,6,failure,2000,594342969,297171.485
lp-covercrypt,089a548,"SEC::LOW && CTR::$","SEC::MED && CTR::$",different,12,success,2000,777539750,388769.875
lp-covercrypt,089a548,"SEC::LOW && CTR::$","SEC::MED && DPT::DEV",different,6,failure,2000,587235837,293617.919
lp-covercrypt,089a548,"SEC::LOW && CTR::$","SEC::MED && DPT::DEV && CTR::EN",same,12,failure,2000,1034890275,517445.138
lp-covercrypt,089a548,"SEC::LOW && CTR::$","SEC::MED && DPT::DEV && CTR::FR",same,12,failure,2000,1036353520,518176.760
lp-covercrypt,089a548,"SEC::LOW && CTR::$","SEC::MED && DPT::DEV && CTR::$",same,24,success,2000,1205175799,602587.900
lp-covercrypt,089a548,"SEC::LOW && CTR::$","SEC::MED && DPT::MKG",different,6,failure,2000,590405162,295202.581
lp-covercrypt,089a548,"SEC::LOW && CTR::$","SEC::MED && DPT::MKG && CTR::EN",same,12,failure,2000,1032745261,516372.631
lp-covercrypt,089a548,"SEC::LOW && CTR::$","SEC::MED && DPT::MKG && CTR::FR",same,12,failure,2000,1031029413,515514.706
lp-covercrypt,089a548,"SEC::LOW && CTR::$","SEC::MED && DPT::MKG && CTR::$",same,24,success,2000,1178160304,589080.152
lp-covercrypt,089a548,"SEC::LOW && CTR::$","SEC::MED && DPT::$",different,12,failure,2000,1025709875,512854.938
lp-covercrypt,089a548,"SEC::LOW && CTR::$","SEC::MED && DPT::$ && CTR::EN",same,24,failure,2000,1913151503,956575.752
lp-covercrypt,089a548,"SEC::LOW && CTR::$","SEC::MED && DPT::$ && CTR::FR",same,24,failure,2000,1910545836,955272.918
lp-covercrypt,089a548,"SEC::LOW && CTR::$","SEC::MED && DPT::$ && CTR::$",same,48,success,2000,2066624741,1033312.370
lp-covercrypt,089a548,"SEC::LOW && CTR::$","SEC::HIG",different,4,failure,2000,442209223,221104.611
lp-covercrypt,089a548,"SEC::LOW && CTR::$","SEC::HIG && CTR::EN",different,8,failure,2000,737187319,368593.660
lp-covercrypt,089a548,"SEC::LOW && CTR::$","SEC::HIG && CTR::FR",different,8,failure,2000,734535615,367267.807
lp-covercrypt,089a548,"SEC::LOW && CTR::$","SEC::HIG && CTR::$",different,16,success,2000,889619294,444809.647
lp-covercrypt,089a548,"SEC::LOW && CTR::$","SEC::HIG && DPT::DEV",different,8,failure,2000,733691451,366845.726
lp-covercrypt,089a548,"SEC::LOW && CTR::$","SEC::HIG && DPT::DEV && CTR::EN",same,16,failure,2000,1320033042,660016.521
lp-covercrypt,089a548,"SEC::LOW && CTR::$","SEC::HIG && DPT::DEV && CTR::FR",same,16,failure,2000,1322108806,661054.403
lp-covercrypt,089a548,"SEC::LOW && CTR::$","SEC::HIG && DPT::DEV && CTR::$",same,32,success,2000,1439164081,719582.041
lp-covercrypt,089a548,"SEC::LOW && CTR::$","SEC::HIG && DPT::MKG",different,8,failure,2000,732578153,366289.077
lp-covercrypt,089a548,"SEC::LOW && CTR::$","SEC::HIG && DPT::MKG && CTR::EN",same,16,failure,2000,1324313732,662156.866
lp-covercrypt,089a548,"SEC::LOW && CTR::$","SEC::HIG && DPT::MKG && CTR::FR",same,16,failure,2000,1339246642,669623.321
lp-covercrypt,089a548,"SEC::LOW && CTR::$","SEC::HIG && DPT::MKG && CTR::$",same,32,success,2000,1585913777,792956.889
lp-covercrypt,089a548,"SEC::LOW && CTR::$","SEC::HIG && DPT::$",different,16,failure,2000,1328417068,664208.534
lp-covercrypt,089a548,"SEC::LOW && CTR::$","SEC::HIG && DPT::$ && CTR::EN",same,32,failure,2000,2520517901,1260258.951
lp-covercrypt,089a548,"SEC::LOW && CTR::$","SEC::HIG && DPT::$ && CTR::FR",same,32,failure,2000,2599273196,1299636.598
lp-covercrypt,089a548,"SEC::LOW && CTR::$","SEC::HIG && DPT::$ && CTR::$",same,64,success,2000,2656557337,1328278.668
lp-covercrypt,089a548,"SEC::LOW && CTR::$","SEC::$",different,5,failure,2000,521246298,260623.149
lp-covercrypt,089a548,"SEC::LOW && CTR::$","SEC::$ && CTR::EN",different,10,failure,2000,901455565,450727.782
lp-covercrypt,089a548,"SEC::LOW && CTR::$","SEC::$ && CTR::FR",different,10,failure,2000,915847701,457923.851
lp-covercrypt,089a548,"SEC::LOW && CTR::$","SEC::$ && CTR::$",different,20,success,2000,1086233111,543116.556
lp-covercrypt,089a548,"SEC::LOW && CTR::$","SEC::$ && DPT::DEV",different,10,failure,2000,908903225,454451.612
lp-covercrypt,089a548,"SEC::LOW && CTR::$","SEC::$ && DPT::DEV && CTR::EN",same,20,failure,2000,1652901169,826450.584
lp-covercrypt,089a548,"SEC::LOW && CTR::$","SEC::$ && DPT::DEV && CTR::FR",same,20,failure,2000,1661278242,830639.121
lp-covercrypt,089a548,"SEC::LOW && CTR::$","SEC::$ && DPT::DEV && CTR::$",same,40,success,2000,1775976508,887988.254
lp-covercrypt,089a548,"SEC::LOW && CTR::$","SEC::$ && DPT::MKG",different,10,failure,2000,894503775,447251.888
lp-covercrypt,089a548,"SEC::LOW && CTR::$","SEC::$ && DPT::MKG && CTR::EN",same,20,failure,2000,1633907522,816953.761
lp-covercrypt,089a548,"SEC::LOW && CTR::$","SEC::$ && DPT::MKG && CTR::FR",same,20,failure,2000,1623983927,811991.963
lp-covercrypt,089a548,"SEC::LOW && CTR::$","SEC::$ && DPT::MKG && CTR::$",same,40,success,2000,1731276081,865638.041
lp-covercrypt,089a548,"SEC::LOW && CTR::$","SEC::$ && DPT::$",different,20,failure,2000,1630449505,815224.752
lp-covercrypt,089a548,"SEC::LOW && CTR::$","SEC::$ && DPT::$ && CTR::EN",same,40,failure,2000,3124611349,1562305.674
lp-covercrypt,089a548,"SEC::LOW && CTR::$","SEC::$ && DPT::$ && CTR::FR",same,40,failure,2000,3174634270,1587317.135
lp-covercrypt,089a548,"SEC::LOW && CTR::$","SEC::$ && DPT::$ && CTR::$",same,80,success,2000,3411514868,1705757.434
lp-covercrypt,089a548,"SEC::LOW && DPT::$ && CTR::$","CTR::EN",different,2,failure,2000,294146305,147073.152
lp-covercrypt,089a548,"SEC::LOW && DPT::$ && CTR::$","CTR::FR",different,2,failure,2000,294261251,147130.625
lp-covercrypt,089a548,"SEC::LOW && DPT::$ && CTR::$","CTR::$",different,4,failure,2000,439962159,219981.079
lp-covercrypt,089a548,"SEC::LOW && DPT::$ && CTR::$","DPT::DEV",different,2,failure,2000,292580328,146290.164
lp-covercrypt,089a548,"SEC::LOW && DPT::$ && CTR::$","DPT::DEV && CTR::EN",different,4,failure,2000,439707271,219853.636
lp-covercrypt,089a548,"SEC::LOW && DPT::$ && CTR::$","DPT::DEV && CTR::FR",different,4,failure,2000,439281112,219640.556
lp-covercrypt,089a548,"SEC::LOW && DPT::$ && CTR::$","DPT::DEV && CTR::$",different,8,failure,2000,739959288,369979.644
lp-covercrypt,089a548,"SEC::LOW && DPT::$ && CTR::$","DPT::MKG",different,2,failure,2000,295345785,147672.892
lp-covercrypt,089a548,"SEC::LOW && DPT::$ && CTR::$","DPT::MKG && CTR::EN",different,4,failure,2000,444136759,222068.380
lp-covercrypt,089a548,"SEC::LOW && DPT::$ && CTR::$","DPT::MKG && CTR::FR",different,4,failure,2000,467529518,233764.759
lp-covercrypt,089a548,"SEC::LOW && DPT::$ && CTR::$","DPT::MKG && CTR::$",different,8,failure,2000,740026545,370013.273
lp-covercrypt,089a548,"SEC::LOW && DPT::$ && CTR::$","DPT::$",different,4,failure,2000,446724564,223362.282
lp-covercrypt,089a548,"SEC::LOW && DPT::$ && CTR::$","DPT::$ && CTR::EN",different,8,failure,2000,744907630,372453.815
lp-covercrypt,089a548,"SEC::LOW && DPT::$ && CTR::$","DPT::$ && CTR::FR",different,8,failure,2000,741284394,370642.197
lp-covercrypt,089a548,"SEC::LOW && DPT::$ && CTR::$","DPT::$ && CTR::$",different,16,failure,2000,1335427398,667713.699
lp-covercrypt,089a548,"SEC::LOW && DPT::$ && CTR::$","SEC::LOW",different,2,failure,2000,297157954,148578.977
lp-covercrypt,089a548,"SEC::LOW && DPT::$ && CTR::$","SEC::LOW && CTR::EN",different,4,failure,2000,446450800,223225.400
lp-covercrypt,089a548,"SEC::LOW && DPT::$ && CTR::$","SEC::LOW && CTR::FR",different,4,failure,2000,446666234,223333.117
lp-covercrypt,089a548,"SEC::LOW && DPT::$ && CTR::$","SEC::LOW && CTR::$",different,8,failure,2000,760412344,380206.172
lp-covercrypt,089a548,"SEC::LOW && DPT::$ && CTR::$","SEC::LOW && DPT::DEV",different,4,failure,2000,452502251,226251.125
lp-covercrypt,089a548,"SEC::LOW && DPT::$ && CTR::$","SEC::LOW && DPT::DEV && CTR::EN",same,8,failure,2000,772907571,386453.785
lp-covercrypt,089a548,"SEC::LOW && DPT::$ && CTR::$","SEC::LOW && DPT::DEV && CTR::FR",same,8,failure,2000,749908882,374954.441
lp-covercrypt,089a548,"SEC::LOW && DPT::$ && CTR::$","SEC::LOW && DPT::DEV && CTR::$",same,16,failure,2000,1325378769,662689.385
lp-covercrypt,089a548,"SEC::LOW && DPT::$ && CTR::$","SEC::LOW && DPT::MKG",different,4,failure,2000,442260841,221130.421
lp-covercrypt,089a548,"SEC::LOW && DPT::$ && CTR::$","SEC::LOW && DPT::MKG && CTR::EN",same,8,failure,2000,734984126,367492.063
lp-covercrypt,089a548,"SEC::LOW && DPT::$ && CTR::$","SEC::LOW && DPT::MKG && CTR::FR",same,8,failure,2000,742476500,371238.250
lp-covercrypt,089a548,"SEC::LOW && DPT::$ && CTR::$","SEC::LOW && DPT::MKG && CTR::$",same,16,failure,2000,1334740990,667370.495
lp-covercrypt,089a548,"SEC::LOW && DPT::$ && CTR::$","SEC::LOW && DPT::$",different,8,failure,2000,741735931,370867.965
lp-covercrypt,089a548,"SEC::LOW && DPT::$ && CTR::$","SEC::LOW && DPT::$ && CTR::EN",same,16,failure,2000,1331221999,665611.000
lp-covercrypt,089a548,"SEC::LOW && DPT::$ && CTR::$","SEC::LOW && DPT::$ && CTR::FR",same,16,failure,2000,1328704777,664352.389
lp-covercrypt,089a548,"SEC::LOW && DPT::$ && CTR::$","SEC::LOW && DPT::$ && CTR::$",same,32,success,2000,1610863447,805431.723
lp-covercrypt,089a548,"SEC::LOW && DPT::$ && CTR::$","SEC::MED",different,3,failure,2000,370482923,185241.462
lp-covercrypt,089a548,"SEC::LOW && DPT::$ && CTR::$","SEC::MED && CTR::EN",different,6,failure,2000,587410275,293705.138
lp-covercrypt,089a548,"SEC::LOW && DPT::$ && CTR::$","SEC::MED && CTR::FR",different,6,failure,2000,586719760,293359.880
lp-covercrypt,089a548,"SEC::LOW && DPT::$ && CTR::$","SEC::MED && CTR::$",different,12,failure,2000,1026932729,513466.365
lp-covercrypt,089a548,"SEC::LOW && DPT::$ && CTR::$","SEC::MED && DPT::DEV",different,6,failure,2000,588098977,294049.488
lp-covercrypt,089a548,"SEC::LOW && DPT::$ && CTR::$","SEC::MED && DPT::DEV && CTR::EN",same,12,failure,2000,1028373642,514186.821
lp-covercrypt,089a548,"SEC::LOW && DPT::$ && CTR::$","SEC::MED && DPT::DEV && CTR::FR",same,12,failure,2000,1087978616,543989.308
lp-covercrypt,089a548,"SEC::LOW && DPT::$ && CTR::$","SEC::MED && DPT::DEV && CTR::$",same,24,failure,2000,1919366702,959683.351
lp-covercrypt,089a548,"SEC::LOW && DPT::$ && CTR::$","SEC::MED && DPT::MKG",different,6,failure,2000,592016686,296008.343
lp-covercrypt,089a548,"SEC::LOW && DPT::$ && CTR::$","SEC::MED && DPT::MKG && CTR::EN",same,12,failure,2000,1027182066,513591.033
lp-covercrypt,089a548,"SEC::LOW && DPT::$ && CTR::$","SEC::MED && DPT::MKG && CTR::FR",same,12,failure,2000,1026422572,513211.286
lp-covercrypt,089a548,"SEC::LOW && DPT::$ && CTR::$","SEC::MED && DPT::MKG && CTR::$",same,24,failure,2000,1908651733,954325.867
lp-covercrypt,089a548,"SEC::LOW && DPT::$ && CTR::$","SEC::MED && DPT::$",different,12,failure,2000,1031974736,515987.368
lp-covercrypt,089a548,"SEC::LOW && DPT::$ && CTR::$","SEC::MED && DPT::$ && CTR::EN",same,24,failure,2000,1919335283,959667.642
lp-covercrypt,089a548,"SEC::LOW && DPT::$ && CTR::$","SEC::MED && DPT::$ && CTR::FR",same,24,failure,2000,1934528281,967264.140
lp-covercrypt,089a548,"SEC::LOW && DPT::$ && CTR::$","SEC::MED && DPT::$ && CTR::$",same,48,success,2000,2069006428,1034503.214
lp-covercrypt,089a548,"SEC::LOW && DPT::$ && CTR::$","SEC::HIG",different,4,failure,2000,449014389,224507.195
lp-covercrypt,089a548,"SEC::LOW && DPT::$ && CTR::$","SEC::HIG && CTR::EN",different,8,failure,2000,740414242,370207.121
lp-covercrypt,089a548,"SEC::LOW && DPT::$ && CTR::$","SEC::HIG && CTR::FR",different,8,failure,2000,739635832,369817.916
lp-covercrypt,089a548,"SEC::LOW && DPT::$ && CTR::$","SEC::HIG && CTR::$",different,16,failure,2000,1327698450,663849.225
lp-covercrypt,089a548,"SEC::LOW && DPT::$ && CTR::$","SEC::HIG && DPT::DEV",different,8,failure,2000,759354549,379677.274
lp-covercrypt,089a548,"SEC::LOW && DPT::$ && CTR::$","SEC::HIG && DPT::DEV && CTR::EN",same,16,failure,2000,1502069867,751034.934
lp-covercrypt,089a548,"SEC::LOW && DPT::$ && CTR::$","SEC::HIG && DPT::DEV && CTR::FR",same,16,failure,2000,1331983889,665991.944
lp-covercrypt,089a548,"SEC::LOW && DPT::$ && CTR::$","SEC::HIG && DPT::DEV && CTR::$",same,32,failure,2000,2508170751,1254085.376
lp-covercrypt,089a548,"SEC::LOW && DPT::$ && CTR::$","SEC::HIG && DPT::MKG",different,8,failure,2000,746915526,373457.763
lp-covercrypt,089a548,"SEC::LOW && DPT::$ && CTR::$","SEC::HIG && DPT::MKG && CTR::EN",same,16,failure,2000,1338501584,669250.792
lp-covercrypt,089a548,"SEC::LOW && DPT::$ && CTR::$","SEC::HIG && DPT::MKG && CTR::FR",same,16,failure,2000,1337691835,668845.917
lp-covercrypt,089a548,"SEC::LOW && DPT::$ && CTR::$","SEC::HIG && DPT::MKG && CTR::$",same,32,failure,2000,2541850375,1270925.188
lp-covercrypt,089a548,"SEC::LOW && DPT::$ && CTR::$","SEC::HIG && DPT::$",different,16,failure,2000,1346012222,673006.111
lp-covercrypt,089a548,"SEC::LOW && DPT::$ && CTR::$","SEC::HIG && DPT::$ && CTR::EN",same,32,failure,2000,2638349493,1319174.746
lp-covercrypt,089a548,"SEC::LOW && DPT::$ && CTR::$","SEC::HIG && DPT::$ && CTR::FR",same,32,failure,2000,2530958295,1265479.147
lp-covercrypt,089a548,"SEC::LOW && DPT::$ && CTR::$","SEC::HIG && DPT::$ && CTR::$",same,64,success,2000,2750609655,1375304.827
lp-covercrypt,089a548,"SEC::LOW && DPT::$ && CTR::$","SEC::$",different,5,failure,2000,524237969,262118.984
lp-covercrypt,089a548,"SEC::LOW && DPT::$ && CTR::$","SEC::$ && CTR::EN",different,10,failure,2000,911275404,455637.702
lp-covercrypt,089a548,"SEC::LOW && DPT::$ && CTR::$","SEC::$ && CTR::FR",different,10,failure,2000,882420370,441210.185
lp-covercrypt,089a548,"SEC::LOW && DPT::$ && CTR::$","SEC::$ && CTR::$",different,20,failure,2000,1626624561,813312.280
lp-covercrypt,089a548,"SEC::LOW && DPT::$ && CTR::$","SEC::$ && DPT::DEV",different,10,failure,2000,881918298,440959.149
lp-covercrypt,089a548,"SEC::LOW && DPT::$ && CTR::$","SEC::$ && DPT::DEV && CTR::EN",same,20,failure,2000,1630705616,815352.808
lp-covercrypt,089a548,"SEC::LOW && DPT::$ && CTR::$","SEC::$ && DPT::DEV && CTR::FR",same,20,failure,2000,1609849645,804924.823
lp-covercrypt,089a548,"SEC::LOW && DPT::$ && CTR::$","SEC::$ && DPT::DEV && CTR::$",same,40,failure,2000,3053083541,1526541.771
lp-covercrypt,089a548,"SEC::LOW && DPT::$ && CTR::$","SEC::$ && DPT::MKG",different,10,failure,2000,872689236,436344.618
lp-covercrypt,089a548,"SEC::LOW && DPT::$ && CTR::$","SEC::$ && DPT::MKG && CTR::EN",same,20,failure,2000,1617208779,808604.390
lp-covercrypt,089a548,"SEC::LOW && DPT::$ && CTR::$","SEC::$ && DPT::MKG && CTR::FR",same,20,failure,2000,1647188443,823594.221
lp-covercrypt,089a548,"SEC::LOW && DPT::$ && CTR::$","SEC::$ && DPT::MKG && CTR::$",same,40,failure,2000,3065467300,1532733.650
lp-covercrypt,089a548,"SEC::LOW && DPT::$ && CTR::$","SEC::$ && DPT::$",different,20,failure,2000,1594850651,797425.326
lp-covercrypt,089a548,"SEC::LOW && DPT::$ && CTR::$","SEC::$ && DPT::$ && CTR::EN",same,40,failure,2000,3038408995,1519204.498
lp-covercrypt,089a548,"SEC::LOW && DPT::$ && CTR::$","SEC::$ && DPT::$ && CTR::FR",same,40,failure,2000,3028650501,1514325.251
lp-covercrypt,089a548,"SEC::LOW && DPT::$ && CTR::$","SEC::$ && DPT::$ && CTR::$",same,80,success,2000,3292401472,1646200.736
lp-covercrypt,089a548,"SEC::MED && DPT::MKG && CTR::$","CTR::EN",different,2,failure,2000,288235999,144118.000
lp-covercrypt,089a548,"SEC::MED && DPT::MKG && CTR::$","CTR::FR",different,2,failure,2000,291493689,145746.845
lp-covercrypt,089a548,"SEC::MED && DPT::MKG && CTR::$","CTR::$",different,4,failure,2000,435358373,217679.187
lp-covercrypt,089a548,"SEC::MED && DPT::MKG && CTR::$","DPT::DEV",different,2,failure,2000,295611473,147805.736
lp-covercrypt,089a548,"SEC::MED && DPT::MKG && CTR::$","DPT::DEV && CTR::EN",different,4,failure,2000,432078752,216039.376
lp-covercrypt,089a548,"SEC::MED && DPT::MKG && CTR::$","DPT::DEV && CTR::FR",different,4,failure,2000,431982732,215991.366
lp-covercrypt,089a548,"SEC::MED && DPT::MKG && CTR::$","DPT::DEV && CTR::$",different,8,failure,2000,718228517,359114.258
lp-covercrypt,089a548,"SEC::MED && DPT::MKG && CTR::$","DPT::MKG",different,2,failure,2000,286774998,143387.499
lp-covercrypt,089a548,"SEC::MED && DPT::MKG && CTR::$","DPT::MKG && CTR::EN",different,4,failure,2000,430592494,215296.247
lp-covercrypt,089a548,"SEC::MED && DPT::MKG && CTR::$","DPT::MKG && CTR::FR",different,4,failure,2000,431147344,215573.672
lp-covercrypt,089a548,"SEC::MED && DPT::MKG && CTR::$","DPT::MKG && CTR::$",different,8,failure,2000,720451988,360225.994
lp-covercrypt,089a548,"SEC::MED && DPT::MKG && CTR::$","DPT::$",different,4,failure,2000,431081611,215540.805
lp-covercrypt,089a548,"SEC::MED && DPT::MKG && CTR::$","DPT::$ && CTR::EN",different,8,failure,2000,718739655,359369.828
lp-covercrypt,089a548,"SEC::MED && DPT::MKG && CTR::$","DPT::$ && CTR::FR",different,8,failure,2000,717626267,358813.133
lp-covercrypt,089a548,"SEC::MED && DPT::MKG && CTR::$","DPT::$ && CTR::$",different,16,failure,2000,1300491957,650245.978
lp-covercrypt,089a548,"SEC::MED && DPT::MKG && CTR::$","SEC::LOW",different,2,failure,2000,287893015,143946.508
lp-covercrypt,089a548,"SEC::MED && DPT::MKG && CTR::$","SEC::LOW && CTR::EN",different,4,failure,2000,430166575,215083.288
lp-covercrypt,089a548,"SEC::MED && DPT::MKG && CTR::$","SEC::LOW && CTR::FR",different,4,failure,2000,432032134,216016.067
lp-covercrypt,089a548,"SEC::MED && DPT::MKG && CTR::$","SEC::LOW && CTR::$",different,8,failure,2000,722814729,361407.365
lp-covercrypt,089a548,"SEC::MED && DPT::MKG && CTR::$","SEC::LOW && DPT::DEV",different,4,failure,2000,434100284,217050.142
lp-covercrypt,089a548,"SEC::MED && DPT::MKG && CTR::$","SEC::LOW && DPT::DEV && CTR::EN",same,8,failure,2000,724182946,362091.473
lp-covercrypt,089a548,"SEC::MED && DPT::MKG && CTR::$","SEC::LOW && DPT::DEV && CTR::FR",same,8,failure,2000,724973289,362486.644
lp-covercrypt,089a548,"SEC::MED && DPT::MKG && CTR::$","SEC::LOW && DPT::DEV && CTR::$",same,16,failure,2000,1305181033,652590.517
lp-covercrypt,089a548,"SEC::MED && DPT::MKG && CTR::$","SEC::LOW && DPT::MKG",different,4,failure,2000,432520480,216260.240
lp-covercrypt,089a548,"SEC::MED && DPT::MKG && CTR::$","SEC::LOW && DPT::MKG && CTR::EN",same,8,failure,2000,719199919,359599.959
lp-covercrypt,089a548,"SEC::MED && DPT::MKG && CTR::$","SEC::LOW && DPT::MKG && CTR::FR",same,8,failure,2000,721381231,360690.616
lp-covercrypt,089a548,"SEC::MED && DPT::MKG && CTR::$","SEC::LOW && DPT::MKG && CTR::$",same,16,failure,2000,1310402497,655201.248
lp-covercrypt,089a548,"SEC::MED && DPT::MKG && CTR::$","SEC::LOW && DPT::$",different,8,failure,2000,726544807,363272.404
lp-covercrypt,089a548,"SEC::MED && DPT::MKG && CTR::$","SEC::LOW && DPT::$ && CTR::EN",same,16,failure,2000,1301371658,650685.829
lp-covercrypt,089a548,"SEC::MED && DPT::MKG && CTR::$","SEC::LOW && DPT::$ && CTR::FR",same,16,failure,2000,1309524961,654762.480
lp-covercrypt,089a548,"SEC::MED && DPT::MKG && CTR::$","SEC::LOW && DPT::$ && CTR::$",same,32,failure,2000,2484176674,1242088.337
lp-covercrypt,089a548,"SEC::MED && DPT::MKG && CTR::$","SEC::MED",different,3,failure,2000,359401677,179700.839
lp-covercrypt,089a548,"SEC::MED && DPT::MKG && CTR::$","SEC::MED && CTR::EN",different,6,failure,2000,575385299,287692.649
lp-covercrypt,089a548,"SEC::MED && DPT::MKG && CTR::$","SEC::MED && CTR::FR",different,6,failure,2000,579601828,289800.914
lp-covercrypt,089a548,"SEC::MED && DPT::MKG && CTR::$","SEC::MED && CTR::$",different,12,failure,2000,1012558236,506279.118
lp-covercrypt,089a548,"SEC::MED && DPT::MKG && CTR::$","SEC::MED && DPT::DEV",different,6,failure,2000,574346350,287173.175
lp-covercrypt,089a548,"SEC::MED && DPT::MKG && CTR::$","SEC::MED && DPT::DEV && CTR::EN",same,12,failure,2000,1015773918,507886.959
lp-covercrypt,089a548,"SEC::MED && DPT::MKG && CTR::$","SEC::MED && DPT::DEV && CTR::FR",same,12,failure,2000,1110723750,555361.875
lp-covercrypt,089a548,"SEC::MED && DPT::MKG && CTR::$","SEC::MED && DPT::DEV && CTR::$",same,24,failure,2000,1915410711,957705.355
lp-covercrypt,089a548,"SEC::MED && DPT::MKG && CTR::$","SEC::MED && DPT::MKG",different,6,failure,2000,577729295,288864.648
lp-covercrypt,089a548,"SEC::MED && DPT::MKG && CTR::$","SEC::MED && DPT::MKG && CTR::EN",same,12,failure,2000,1019754955,509877.477
lp-covercrypt,089a548,"SEC::MED && DPT::MKG && CTR::$","SEC::MED && DPT::MKG && CTR::FR",same,12,failure,2000,1008091207,504045.604
lp-covercrypt,089a548,"SEC::MED && DPT::MKG && CTR::$","SEC::MED && DPT::MKG && CTR::$",same,24,success,2000,1180034349,590017.174
lp-covercrypt,089a548,"SEC::MED && DPT::MKG && CTR::$","SEC::MED && DPT::$",different,12,failure,2000,1016012506,508006.253
lp-covercrypt,089a548,"SEC::MED && DPT::MKG && CTR::$","SEC::MED && DPT::$ && CTR::EN",same,24,failure,2000,1891978378,945989.189
lp-covercrypt,089a548,"SEC::MED && DPT::MKG && CTR::$","SEC::MED && DPT::$ && CTR::FR",same,24,failure,2000,1885256831,942628.416
lp-covercrypt,089a548,"SEC::MED && DPT::MKG && CTR::$","SEC::MED && DPT::$ && CTR::$",same,48,success,2000,1999065146,999532.573
lp-covercrypt,089a548,"SEC::MED && DPT::MKG && CTR::$","SEC::HIG",different,4,failure,2000,441812540,220906.270
lp-covercrypt,089a548,"SEC::MED && DPT::MKG && CTR::$","SEC::HIG && CTR::EN",different,8,failure,2000,734563157,367281.579
lp-covercrypt,089a548,"SEC::MED && DPT::MKG && CTR::$","SEC::HIG && CTR::FR",different,8,failure,2000,735286854,367643.427
lp-covercrypt,089a548,"SEC::MED && DPT::MKG && CTR::$","SEC::HIG && CTR::$",different,16,failure,2000,1361409704,680704.852
lp-covercrypt,089a548,"SEC::MED && DPT::MKG && CTR::$","SEC::HIG && DPT::DEV",different,8,failure,2000,736656473,368328.236
lp-covercrypt,089a548,"SEC::MED && DPT::MKG && CTR::$","SEC::HIG && DPT::DEV && CTR::EN",same,16,failure,2000,1324664328,662332.164
lp-covercrypt,089a548,"SEC::MED && DPT::MKG && CTR::$","SEC::HIG && DPT::DEV && CTR::FR",same,16,failure,2000,1318115054,659057.527
lp-covercrypt,089a548,"SEC::MED && DPT::MKG && CTR::$","SEC::HIG && DPT::DEV && CTR::$",same,32,failure,2000,2428795383,1214397.691
lp-covercrypt,089a548,"SEC::MED && DPT::MKG && CTR::$","SEC::HIG && DPT::MKG",different,8,failure,2000,687247985,343623.992
lp-covercrypt,089a548,"SEC::MED && DPT::MKG && CTR::$","SEC::HIG && DPT::MKG && CTR::EN",same,16,failure,2000,1234224968,617112.484
lp-covercrypt,089a548,"SEC::MED && DPT::MKG && CTR::$","SEC::HIG && DPT::MKG && CTR::FR",same,16,failure,2000,1235627418,617813.709
lp-covercrypt,089a548,"SEC::MED && DPT::MKG && CTR::$","SEC::HIG && DPT::MKG && CTR::$",same,32,success,2000,1404437704,702218.852
lp-covercrypt,089a548,"SEC::MED && DPT::MKG && CTR::$","SEC::HIG && DPT::$",different,16,failure,2000,1246419862,623209.931
lp-covercrypt,089a548,"SEC::MED && DPT::MKG && CTR::$","SEC::HIG && DPT::$ && CTR::EN",same,32,failure,2000,2373733811,1186866.906
lp-covercrypt,089a548,"SEC::MED && DPT::MKG && CTR::$","SEC::HIG && DPT::$ && CTR::FR",same,32,failure,2000,2344247592,1172123.796
lp-covercrypt,089a548,"SEC::MED && DPT::MKG && CTR::$","SEC::HIG && DPT::$ && CTR::$",same,64,success,2000,2456117862,1228058.931
lp-covercrypt,089a548,"SEC::MED && DPT::MKG && CTR::$","SEC::$",different,5,failure,2000,477887607,238943.804
lp-covercrypt,089a548,"SEC::MED && DPT::MKG && CTR::$","SEC::$ && CTR::EN",different,10,failure,2000,830560924,415280.462
lp-covercrypt,089a548,"SEC::MED && DPT::MKG && CTR::$","SEC::$ && CTR::FR",different,10,failure,2000,830551978,415275.989
lp-covercrypt,089a548,"SEC::MED && DPT::MKG && CTR::$","SEC::$ && CTR::$",different,20,failure,2000,1562670439,781335.220
lp-covercrypt,089a548,"SEC::MED && DPT::MKG && CTR::$","SEC::$ && DPT::DEV",different,10,failure,2000,820471820,410235.910
lp-covercrypt,089a548,"SEC::MED && DPT::MKG && CTR::$","SEC::$ && DPT::DEV && CTR::EN",same,20,failure,2000,1529038634,764519.317
lp-covercrypt,089a548,"SEC::MED && DPT::MKG && CTR::$","SEC::$ && DPT::DEV && CTR::FR",same,20,failure,2000,1515593204,757796.602
lp-covercrypt,089a548,"SEC::MED && DPT::MKG && CTR::$","SEC::$ && DPT::DEV && CTR::$",same,40,failure,2000,2818715124,1409357.562
lp-covercrypt,089a548,"SEC::MED && DPT::MKG && CTR::$","SEC::$ && DPT::MKG",different,10,failure,2000,738763065,369381.532
lp-covercrypt,089a548,"SEC::MED && DPT::MKG && CTR::$","SEC::$ && DPT::MKG && CTR::EN",same,20,failure,2000,1285446416,642723.208
lp-covercrypt,089a548,"SEC::MED && DPT::MKG && CTR::$","SEC::$ && DPT::MKG && CTR::FR",same,20,failure,2000,1285930224,642965.112
lp-covercrypt,089a548,"SEC::MED && DPT::MKG && CTR::$","SEC::$ && DPT::MKG && CTR::$",same,40,success,2000,1393333635,696666.818
lp-covercrypt,089a548,"SEC::MED && DPT::MKG && CTR::$","SEC::$ && DPT::$",different,20,failure,2000,1277004180,638502.090
lp-covercrypt,089a548,"SEC::MED && DPT::MKG && CTR::$","SEC::$ && DPT::$ && CTR::EN",same,40,failure,2000,2528787683,1264393.842
lp-covercrypt,089a548,"SEC::MED && DPT::MKG && CTR::$","SEC::$ && DPT::$ && CTR::FR",same,40,failure,2000,2583532781,1291766.390
lp-covercrypt,089a548,"SEC::MED && DPT::MKG && CTR::$","SEC::$ && DPT::$ && CTR::$",same,80,success,2000,2559425061,1279712.531
lp-covercrypt,089a548,"DPT::MKG","CTR::EN",different,2,failure,2000,296196370,148098.185
lp-covercrypt,089a548,"DPT::MKG","CTR::FR",different,2,failure,2000,293581315,146790.658
lp-covercrypt,089a548,"DPT::MKG","CTR::$",different,4,failure,2000,441366924,220683.462
lp-covercrypt,089a548,"DPT::MKG","DPT::DEV",different,2,failure,2000,293497599,146748.799
lp-covercrypt,089a548,"DPT::MKG","DPT::DEV && CTR::EN",different,4,failure,2000,443657821,221828.910
lp-covercrypt,089a548,"DPT::MKG","DPT::DEV && CTR::FR",different,4,failure,2000,441069776,220534.888
lp-covercrypt,089a548,"DPT::MKG","DPT::DEV && CTR::$",different,8,failure,2000,742029972,371014.986
lp-covercrypt,089a548,"DPT::MKG","DPT::MKG",different,2,success,2000,386990687,193495.343
lp-covercrypt,089a548,"DPT::MKG","DPT::MKG && CTR::EN",different,4,success,2000,463486766,231743.383
lp-covercrypt,089a548,"DPT::MKG","DPT::MKG && CTR::FR",different,4,success,2000,456703802,228351.901
lp-covercrypt,089a548,"DPT::MKG","DPT::MKG && CTR::$",different,8,success,2000,612273552,306136.776
lp-covercrypt,089a548,"DPT::MKG","DPT::$",different,4,success,2000,460178700,230089.350
lp-covercrypt,089a548,"DPT::MKG","DPT::$ && CTR::EN",different,8,success,2000,596424713,298212.356
lp-covercrypt,089a548,"DPT::MKG","DPT::$ && CTR::FR",different,8,success,2000,608700831,304350.416
lp-covercrypt,089a548,"DPT::MKG","DPT::$ && CTR::$",different,16,success,2000,957196071,478598.035
lp-covercrypt,089a548,"DPT::MKG","SEC::LOW",different,2,failure,2000,296261623,148130.812
lp-covercrypt,089a548,"DPT::MKG","SEC::LOW && CTR::EN",different,4,failure,2000,462506477,231253.239
lp-covercrypt,089a548,"DPT::MKG","SEC::LOW && CTR::FR",different,4,failure,2000,443810848,221905.424
lp-covercrypt,089a548,"DPT::MKG","SEC::LOW && CTR::$",different,8,failure,2000,750947149,375473.574
lp-covercrypt,089a548,"DPT::MKG","SEC::LOW && DPT::DEV",different,4,failure,2000,444846410,222423.205
lp-covercrypt,089a548,"DPT::MKG","SEC::LOW && DPT::DEV && CTR::EN",same,8,failure,2000,764578468,382289.234
lp-covercrypt,089a548,"DPT::MKG","SEC::LOW && DPT::DEV && CTR::FR",same,8,failure,2000,746854151,373427.075
lp-covercrypt,089a548,"DPT::MKG","SEC::LOW && DPT::DEV && CTR::$",same,16,failure,2000,1346875150,673437.575
lp-covercrypt,089a548,"DPT::MKG","SEC::LOW && DPT::MKG",different,4,success,2000,467477070,233738.535
lp-covercrypt,089a548,"DPT::MKG","SEC::LOW && DPT::MKG && CTR::EN",same,8,success,2000,627064075,313532.037
lp-covercrypt,089a548,"DPT::MKG","SEC::LOW && DPT::MKG && CTR::FR",same,8,success,2000,657121275,328560.638
lp-covercrypt,089a548,"DPT::MKG","SEC::LOW && DPT::MKG && CTR::$",same,16,success,2000,899390140,449695.070
lp-covercrypt,089a548,"DPT::MKG","SEC::LOW && DPT::$",different,8,success,2000,626842990,313421.495
lp-covercrypt,089a548,"DPT::MKG","SEC::LOW && DPT::$ && CTR::EN",same,16,success,2000,914817309,457408.655
lp-covercrypt,089a548,"DPT::MKG","SEC::LOW && DPT::$ && CTR::FR",same,16,success,2000,886916443,443458.221
lp-covercrypt,089a548,"DPT::MKG","SEC::LOW && DPT::$ && CTR::$",same,32,success,2000,1541017212,770508.606
lp-covercrypt,089a548,"DPT::MKG","SEC::MED",different,3,failure,2000,379000050,189500.025
lp-covercrypt,089a548,"DPT::MKG","SEC::MED && CTR::EN",different,6,failure,2000,606743760,303371.880
lp-covercrypt,089a548,"DPT::MKG","SEC::MED && CTR::FR",different,6,failure,2000,601076398,300538.199
lp-covercrypt,089a548,"DPT::MKG","SEC::MED && CTR::$",different,12,failure,2000,1054687129,527343.564
lp-covercrypt,089a548,"DPT::MKG","SEC::MED && DPT::DEV",different,6,failure,2000,606527374,303263.687
lp-covercrypt,089a548,"DPT::MKG","SEC::MED && DPT::DEV && CTR::EN",same,12,failure,2000,1045995175,522997.588
lp-covercrypt,089a548,"DPT::MKG","SEC::MED && DPT::DEV && CTR::FR",same,12,failure,2000,1044344019,522172.009
lp-covercrypt,089a548,"DPT::MKG","SEC::MED && DPT::DEV && CTR::$",same,24,failure,2000,1985845549,992922.775
lp-covercrypt,089a548,"DPT::MKG","SEC::MED && DPT::MKG",different,6,success,2000,543290467,271645.233
lp-covercrypt,089a548,"DPT::MKG","SEC::MED && DPT::MKG && CTR::EN",same,12,success,2000,799239383,399619.692
lp-covercrypt,089a548,"DPT::MKG","SEC::MED && DPT::MKG && CTR::FR",same,12,success,2000,1080481463,540240.731
lp-covercrypt,089a548,"DPT::MKG","SEC::MED && DPT::MKG && CTR::$",same,24,success,2000,1742076169,871038.084
lp-covercrypt,089a548,"DPT::MKG","SEC::MED && DPT::$",different,12,success,2000,1117740502,558870.251
lp-covercrypt,089a548,"DPT::MKG","SEC::MED && DPT::$ && CTR::EN",same,24,success,2000,1910141628,955070.814
lp-covercrypt,089a548,"DPT::MKG","SEC::MED && DPT::$ && CTR::FR",same,24,success,2000,1629443338,814721.669
lp-covercrypt,089a548,"DPT::MKG","SEC::MED && DPT::$ && CTR::$",same,48,success,2000,2553517781,1276758.890
lp-covercrypt,089a548,"DPT::MKG","SEC::HIG",different,4,failure,2000,613191093,306595.546
lp-covercrypt,089a548,"DPT::MKG","SEC::HIG && CTR::EN",different,8,failure,2000,1049778552,524889.276
lp-covercrypt,089a548,"DPT::MKG","SEC::HIG && CTR::FR",different,8,failure,2000,1121210080,560605.040
lp-covercrypt,089a548,"DPT::MKG","SEC::HIG && CTR::$",different,16,failure,2000,2049588636,1024794.318
lp-covercrypt,089a548,"DPT::MKG","SEC::HIG && DPT::DEV",different,8,failure,2000,1091051971,545525.985
lp-covercrypt,089a548,"DPT::MKG","SEC::HIG && DPT::DEV && CTR::EN",same,16,failure,2000,2158358761,1079179.380
lp-covercrypt,089a548,"DPT::MKG","SEC::HIG && DPT::DEV && CTR::FR",same,16,failure,2000,1966653881,983326.941
lp-covercrypt,089a548,"DPT::MKG","SEC::HIG && DPT::DEV && CTR::$",same,32,failure,2000,3341754044,1670877.022
lp-covercrypt,089a548,"DPT::MKG","SEC::HIG && DPT::MKG",different,8,success,2000,622547283,311273.642
lp-covercrypt,089a548,"DPT::MKG","SEC::HIG && DPT::MKG && CTR::EN",same,16,success,2000,922943070,461471.535
lp-covercrypt,089a548,"DPT::MKG","SEC::HIG && DPT::MKG && CTR::FR",same,16,success,2000,932951865,466475.932
lp-covercrypt,089a548,"DPT::MKG","SEC::HIG && DPT::MKG && CTR::$",same,32,success,2000,1472864235,736432.118
lp-covercrypt,089a548,"DPT::MKG","SEC::HIG && DPT::$",different,16,success,2000,935692295,467846.148
lp-covercrypt,089a548,"DPT::MKG","SEC::HIG && DPT::$ && CTR::EN",same,32,success,2000,1487368031,743684.015
lp-covercrypt,089a548,"DPT::MKG","SEC::HIG && DPT::$ && CTR::FR",same,32,success,2000,1508416693,754208.346
lp-covercrypt,089a548,"DPT::MKG","SEC::HIG && DPT::$ && CTR::$",same,64,success,2000,2640042519,1320021.259
lp-covercrypt,089a548,"DPT::MKG","SEC::$",different,5,failure,2000,522864212,261432.106
lp-covercrypt,089a548,"DPT::MKG","SEC::$ && CTR::EN",different,10,failure,2000,959907196,479953.598
lp-covercrypt,089a548,"DPT::MKG","SEC::$ && CTR::FR",different,10,failure,2000,967776115,483888.057
lp-covercrypt,089a548,"DPT::MKG","SEC::$ && CTR::$",different,20,failure,2000,1633920085,816960.042
lp-covercrypt,089a548,"DPT::MKG","SEC::$ && DPT::DEV",different,10,failure,2000,884777060,442388.530
lp-covercrypt,089a548,"DPT::MKG","SEC::$ && DPT::DEV && CTR::EN",same,20,failure,2000,1720345608,860172.804
lp-covercrypt,089a548,"DPT::MKG","SEC::$ && DPT::DEV && CTR::FR",same,20,failure,2000,1710192703,855096.351
lp-covercrypt,089a548,"DPT::MKG","SEC::$ && DPT::DEV && CTR::$",same,40,failure,2000,3232494932,1616247.466
lp-covercrypt,089a548,"DPT::MKG","SEC::$ && DPT::MKG",different,10,success,2000,695676355,347838.177
lp-covercrypt,089a548,"DPT::MKG","SEC::$ && DPT::MKG && CTR::EN",same,20,success,2000,1099241943,549620.971
lp-covercrypt,089a548,"DPT::MKG","SEC::$ && DPT::MKG && CTR::FR",same,20,success,2000,1059286988,529643.494
lp-covercrypt,089a548,"DPT::MKG","SEC::$ && DPT::MKG && CTR::$",same,40,success,2000,1835165761,917582.880
lp-covercrypt,089a548,"DPT::MKG","SEC::$ && DPT::$",different,20,success,2000,1176961856,588480.928
lp-covercrypt,089a548,"DPT::MKG","SEC::$ && DPT::$ && CTR::EN",same,40,success,2000,1976355128,988177.564
lp-covercrypt,089a548,"DPT::MKG","SEC::$ && DPT::$ && CTR::FR",same,40,success,2000,1769184638,884592.319
lp-covercrypt,089a548,"DPT::MKG","SEC::$ && DPT::$ && CTR::$",same,80,success,2000,3148893607,1574446.803
lp-covercrypt,089a548,"SEC::LOW && DPT::DEV","CTR::EN",different,2,failure,2000,293761574,146880.787
lp-covercrypt,089a548,"SEC::LOW && DPT::DEV","CTR::FR",different,2,failure,2000,293208967,146604.484
lp-covercrypt,089a548,"SEC::LOW && DPT::DEV","CTR::$",different,4,failure,2000,440630693,220315.347
lp-covercrypt,089a548,"SEC::LOW && DPT::DEV","DPT::DEV",different,2,failure,2000,297065460,148532.730
lp-covercrypt,089a548,"SEC::LOW && DPT::DEV","DPT::DEV && CTR::EN",different,4,failure,2000,439904681,219952.340
lp-covercrypt,089a548,"SEC::LOW && DPT::DEV","DPT::DEV && CTR::FR",different,4,failure,2000,440698100,220349.050
lp-covercrypt,089a548,"SEC::LOW && DPT::DEV","DPT::DEV && CTR::$",different,8,failure,2000,735672197,367836.099
lp-covercrypt,089a548,"SEC::LOW && DPT::DEV","DPT::MKG",different,2,failure,2000,293727680,146863.840
lp-covercrypt,089a548,"SEC::LOW && DPT::DEV","DPT::MKG && CTR::EN",different,4,failure,2000,441058125,220529.062
lp-covercrypt,089a548,"SEC::LOW && DPT::DEV","DPT::MKG && CTR::FR",different,4,failure,2000,441753268,220876.634
lp-covercrypt,089a548,"SEC::LOW && DPT::DEV","DPT::MKG && CTR::$",different,8,failure,2000,742896508,371448.254
lp-covercrypt,089a548,"SEC::LOW && DPT::DEV","DPT::$",different,4,failure,2000,443369380,221684.690
lp-covercrypt,089a548,"SEC::LOW && DPT::DEV","DPT::$ && CTR::EN",different,8,failure,2000,734848683,367424.341
lp-covercrypt,089a548,"SEC::LOW && DPT::DEV","DPT::$ && CTR::FR",different,8,failure,2000,741958468,370979.234
lp-covercrypt,089a548,"SEC::LOW && DPT::DEV","DPT::$ && CTR::$",different,16,failure,2000,1328038378,664019.189
lp-covercrypt,089a548,"SEC::LOW && DPT::DEV","SEC::LOW",different,2,failure,2000,294615154,147307.577
lp-covercrypt,089a548,"SEC::LOW && DPT::DEV","SEC::LOW && CTR::EN",different,4,failure,2000,443402302,221701.151
lp-covercrypt,089a548,"SEC::LOW && DPT::DEV","SEC::LOW && CTR::FR",different,4,failure,2000,440477726,220238.863
lp-covercrypt,089a548,"SEC::LOW && DPT::DEV","SEC::LOW && CTR::$",different,8,failure,2000,738214255,369107.128
lp-covercrypt,089a548,"SEC::LOW && DPT::DEV","SEC::LOW && DPT::DEV",different,4,success,2000,460774208,230387.104
lp-covercrypt,089a548,"SEC::LOW && DPT::DEV","SEC::LOW && DPT::DEV && CTR::EN",same,8,success,2000,600385984,300192.992
lp-covercrypt,089a548,"SEC::LOW && DPT::DEV","SEC::LOW && DPT::DEV && CTR::FR",same,8,success,2000,593643277,296821.639
lp-covercrypt,089a548,"SEC::LOW && DPT::DEV","SEC::LOW && DPT::DEV && CTR::$",same,16,success,2000,895322121,447661.061
lp-covercrypt,089a548,"SEC::LOW && DPT::DEV","SEC::LOW && DPT::MKG",different,4,failure,2000,441572549,220786.274
lp-covercrypt,089a548,"SEC::LOW && DPT::DEV","SEC::LOW && DPT::MKG && CTR::EN",same,8,failure,2000,735448868,367724.434
lp-covercrypt,089a548,"SEC::LOW && DPT::DEV","SEC::LOW && DPT::MKG && CTR::FR",same,8,failure,2000,736265630,368132.815
lp-covercrypt,089a548,"SEC::LOW && DPT::DEV","SEC::LOW && DPT::MKG && CTR::$",same,16,failure,2000,1327160812,663580.406
lp-covercrypt,089a548,"SEC::LOW && DPT::DEV","SEC::LOW && DPT::$",different,8,success,2000,605195977,302597.988
lp-covercrypt,089a548,"SEC::LOW && DPT::DEV","SEC::LOW && DPT::$ && CTR::EN",same,16,success,2000,943723750,471861.875
lp-covercrypt,089a548,"SEC::LOW && DPT::DEV","SEC::LOW && DPT::$ && CTR::FR",same,16,success,2000,893085796,446542.898
lp-covercrypt,089a548,"SEC::LOW && DPT::DEV","SEC::LOW && DPT::$ && CTR::$",same,32,success,2000,1471233877,735616.939
lp-covercrypt,089a548,"SEC::LOW && DPT::DEV","SEC::MED",different,3,failure,2000,366560165,183280.082
lp-covercrypt,089a548,"SEC::LOW && DPT::DEV","SEC::MED && CTR::EN",different,6,failure,2000,588131067,294065.534
lp-covercrypt,089a548,"SEC::LOW && DPT::DEV","SEC::MED && CTR::FR",different,6,failure,2000,587948024,293974.012
lp-covercrypt,089a548,"SEC::LOW && DPT::DEV","SEC::MED && CTR::$",different,12,failure,2000,1030640824,515320.412
lp-covercrypt,089a548,"SEC::LOW && DPT::DEV","SEC::MED && DPT::DEV",different,6,success,2000,524831653,262415.827
lp-covercrypt,089a548,"SEC::LOW && DPT::DEV","SEC::MED && DPT::DEV && CTR::EN",same,12,success,2000,748152076,374076.038
lp-covercrypt,089a548,"SEC::LOW && DPT::DEV","SEC::MED && DPT::DEV && CTR::FR",same,12,success,2000,745078100,372539.050
lp-covercrypt,089a548,"SEC::LOW && DPT::DEV","SEC::MED && DPT::DEV && CTR::$",same,24,success,2000,1213539466,606769.733
lp-covercrypt,089a548,"SEC::LOW && DPT::DEV","SEC::MED && DPT::MKG",different,6,failure,2000,588268004,294134.002
lp-covercrypt,089a548,"SEC::LOW && DPT::DEV","SEC::MED && DPT::MKG && CTR::EN",same,12,failure,2000,1029405938,514702.969
lp-covercrypt,089a548,"SEC::LOW && DPT::DEV","SEC::MED && DPT::MKG && CTR::FR",same,12,failure,2000,1034048136,517024.068
lp-covercrypt,089a548,"SEC::LOW && DPT::DEV","SEC::MED && DPT::MKG && CTR::$",same,24,failure,2000,1911987490,955993.745
lp-covercrypt,089a548,"SEC::LOW && DPT::DEV","SEC::MED && DPT::$",different,12,success,2000,779307857,389653.928
lp-covercrypt,089a548,"SEC::LOW && DPT::DEV","SEC::MED && DPT::$ && CTR::EN",same,24,success,2000,1138395996,569197.998
lp-covercrypt,089a548,"SEC::LOW && DPT::DEV","SEC::MED && DPT::$ && CTR::FR",same,24,success,2000,1255619067,627809.534
lp-covercrypt,089a548,"SEC::LOW && DPT::DEV","SEC::MED && DPT::$ && CTR::$",same,48,success,2000,2042328047,1021164.024
lp-covercrypt,089a548,"SEC::LOW && DPT::DEV","SEC::HIG",different,4,failure,2000,441111305,220555.652
lp-covercrypt,089a548,"SEC::LOW && DPT::DEV","SEC::HIG && CTR::EN",different,8,failure,2000,741171512,370585.756
lp-covercrypt,089a548,"SEC::LOW && DPT::DEV","SEC::HIG && CTR::FR",different,8,failure,2000,743192022,371596.011
lp-covercrypt,089a548,"SEC::LOW && DPT::DEV","SEC::HIG && CTR::$",different,16,failure,2000,1333478262,666739.131
lp-covercrypt,089a548,"SEC::LOW && DPT::DEV","SEC::HIG && DPT::DEV",different,8,success,2000,613378154,306689.077
lp-covercrypt,089a548,"SEC::LOW && DPT::DEV","SEC::HIG && DPT::DEV && CTR::EN",same,16,success,2000,892644748,446322.374
lp-covercrypt,089a548,"SEC::LOW && DPT::DEV","SEC::HIG && DPT::DEV && CTR::FR",same,16,success,2000,905985132,452992.566
lp-covercrypt,089a548,"SEC::LOW && DPT::DEV","SEC::HIG && DPT::DEV && CTR::$",same,32,success,2000,1500577148,750288.574
lp-covercrypt,089a548,"SEC::LOW && DPT::DEV","SEC::HIG && DPT::MKG",different,8,failure,2000,735723473,367861.736
lp-covercrypt,089a548,"SEC::LOW && DPT::DEV","SEC::HIG && DPT::MKG && CTR::EN",same,16,failure,2000,1328360502,664180.251
lp-covercrypt,089a548,"SEC::LOW && DPT::DEV","SEC::HIG && DPT::MKG && CTR::FR",same,16,failure,2000,1323792704,661896.352
lp-covercrypt,089a548,"SEC::LOW && DPT::DEV","SEC::HIG && DPT::MKG && CTR::$",same,32,failure,2000,2507059977,1253529.988
lp-covercrypt,089a548,"SEC::LOW && DPT::DEV","SEC::HIG && DPT::$",different,16,success,2000,891780988,445890.494
lp-covercrypt,089a548,"SEC::LOW && DPT::DEV","SEC::HIG && DPT::$ && CTR::EN",same,32,success,2000,1473062717,736531.358
lp-covercrypt,089a548,"SEC::LOW && DPT::DEV","SEC::HIG && DPT::$ && CTR::FR",same,32,success,2000,1477014499,738507.250
lp-covercrypt,089a548,"SEC::LOW && DPT::DEV","SEC::HIG && DPT::$ && CTR::$",same,64,success,2000,2671720720,1335860.360
lp-covercrypt,089a548,"SEC::LOW && DPT::DEV","SEC::$",different,5,failure,2000,514355272,257177.636
lp-covercrypt,089a548,"SEC::LOW && DPT::DEV","SEC::$ && CTR::EN",different,10,failure,2000,882099247,441049.623
lp-covercrypt,089a548,"SEC::LOW && DPT::DEV","SEC::$ && CTR::FR",different,10,failure,2000,881726598,440863.299
lp-covercrypt,089a548,"SEC::LOW && DPT::DEV","SEC::$ && CTR::$",different,20,failure,2000,1616821062,808410.531
lp-covercrypt,089a548,"SEC::LOW && DPT::DEV","SEC::$ && DPT::DEV",different,10,success,2000,672562549,336281.274
lp-covercrypt,089a548,"SEC::LOW && DPT::DEV","SEC::$ && DPT::DEV && CTR::EN",same,20,success,2000,1029030744,514515.372
lp-covercrypt,089a548,"SEC::LOW && DPT::DEV","SEC::$ && DPT::DEV && CTR::FR",same,20,success,2000,1055260424,527630.212
lp-covercrypt,089a548,"SEC::LOW && DPT::DEV","SEC::$ && DPT::DEV && CTR::$",same,40,success,2000,1859309119,929654.559
lp-covercrypt,089a548,"SEC::LOW && DPT::DEV","SEC::$ && DPT::MKG",different,10,failure,2000,891144404,445572.202
lp-covercrypt,089a548,"SEC::LOW && DPT::DEV","SEC::$ && DPT::MKG && CTR::EN",same,20,failure,2000,1629856823,814928.412
lp-covercrypt,089a548,"SEC::LOW && DPT::DEV","SEC::$ && DPT::MKG && CTR::FR",same,20,failure,2000,1689289724,844644.862
lp-covercrypt,089a548,"SEC::LOW && DPT::DEV","SEC::$ && DPT::MKG && CTR::$",same,40,failure,2000,3156526654,1578263.327
lp-covercrypt,089a548,"SEC::LOW && DPT::DEV","SEC::$ && DPT::$",different,20,success,2000,1082495631,541247.816
lp-covercrypt,089a548,"SEC::LOW && DPT::DEV","SEC::$ && DPT::$ && CTR::EN",same,40,success,2000,1818688194,909344.097
lp-covercrypt,089a548,"SEC::LOW && DPT::DEV","SEC::$ && DPT::$ && CTR::FR",same,40,success,2000,1840557274,920278.637
lp-covercrypt,089a548,"SEC::LOW && DPT::DEV","SEC::$ && DPT::$ && CTR::$",same,80,success,2000,3187850249,1593925.124
lp-covercrypt,089a548,"SEC::MED","CTR::EN",different,2,failure,2000,296991391,148495.696
lp-covercrypt,089a548,"SEC::MED","CTR::FR",different,2,failure,2000,296604917,148302.459
lp-covercrypt,089a548,"SEC::MED","CTR::$",different,4,failure,2000,446251085,223125.543
lp-covercrypt,089a548,"SEC::MED","DPT::DEV",different,2,failure,2000,298603776,149301.888
lp-covercrypt,089a548,"SEC::MED","DPT::DEV && CTR::EN",different,4,failure,2000,468630975,234315.487
lp-covercrypt,089a548,"SEC::MED","DPT::DEV && CTR::FR",different,4,failure,2000,446125150,223062.575
lp-covercrypt,089a548,"SEC::MED","DPT::DEV && CTR::$",different,8,failure,2000,739018714,369509.357
lp-covercrypt,089a548,"SEC::MED","DPT::MKG",different,2,failure,2000,295644325,147822.163
lp-covercrypt,089a548,"SEC::MED","DPT::MKG && CTR::EN",different,4,failure,2000,443743262,221871.631
lp-covercrypt,089a548,"SEC::MED","DPT::MKG && CTR::FR",different,4,failure,2000,443061623,221530.812
lp-covercrypt,089a548,"SEC::MED","DPT::MKG && CTR::$",different,8,failure,2000,741698311,370849.155
lp-covercrypt,089a548,"SEC::MED","DPT::$",different,4,failure,2000,445250128,222625.064
lp-covercrypt,089a548,"SEC::MED","DPT::$ && CTR::EN",different,8,failure,2000,739918743,369959.372
lp-covercrypt,089a548,"SEC::MED","DPT::$ && CTR::FR",different,8,failure,2000,737878014,368939.007
lp-covercrypt,089a548,"SEC::MED","DPT::$ && CTR::$",different,16,failure,2000,1341867157,670933.578
lp-covercrypt,089a548,"SEC::MED","SEC::LOW",different,2,failure,2000,297433380,148716.690
lp-covercrypt,089a548,"SEC::MED","SEC::LOW && CTR::EN",different,4,failure,2000,443308786,221654.393
lp-covercrypt,089a548,"SEC::MED","SEC::LOW && CTR::FR",different,4,failure,2000,442962046,221481.023
lp-covercrypt,089a548,"SEC::MED","SEC::LOW && CTR::$",different,8,failure,2000,739783750,369891.875
lp-covercrypt,089a548,"SEC::MED","SEC::LOW && DPT::DEV",different,4,failure,2000,444672975,222336.487
lp-covercrypt,089a548,"SEC::MED","SEC::LOW && DPT::DEV && CTR::EN",same,8,failure,2000,744048499,372024.249
lp-covercrypt,089a548,"SEC::MED","SEC::LOW && DPT::DEV && CTR::FR",same,8,failure,2000,740791239,370395.619
lp-covercrypt,089a548,"SEC::MED","SEC::LOW && DPT::DEV && CTR::$",same,16,failure,2000,1341384391,670692.196
lp-covercrypt,089a548,"SEC::MED","SEC::LOW && DPT::MKG",different,4,failure,2000,445532618,222766.309
lp-covercrypt,089a548,"SEC::MED","SEC::LOW && DPT::MKG && CTR::EN",same,8,failure,2000,741514406,370757.203
lp-covercrypt,089a548,"SEC::MED","SEC::LOW && DPT::MKG && CTR::FR",same,8,failure,2000,742439591,371219.796
lp-covercrypt,089a548,"SEC::MED","SEC::LOW && DPT::MKG && CTR::$",same,16,failure,2000,1335962541,667981.270
lp-covercrypt,089a548,"SEC::MED","SEC::LOW && DPT::$",different,8,failure,2000,739562815,369781.407
lp-covercrypt,089a548,"SEC::MED","SEC::LOW && DPT::$ && CTR::EN",same,16,failure,2000,1334667542,667333.771
lp-covercrypt,089a548,"SEC::MED","SEC::LOW && DPT::$ && CTR::FR",same,16,failure,2000,1332379090,666189.545
lp-covercrypt,089a548,"SEC::MED","SEC::LOW && DPT::$ && CTR::$",same,32,failure,2000,2668866305,1334433.153
lp-covercrypt,089a548,"SEC::MED","SEC::MED",different,3,success,2000,444171084,222085.542
lp-covercrypt,089a548,"SEC::MED","SEC::MED && CTR::EN",different,6,success,2000,561565987,280782.993
lp-covercrypt,089a548,"SEC::MED","SEC::MED && CTR::FR",different,6,success,2000,534547167,267273.584
lp-covercrypt,089a548,"SEC::MED","SEC::MED && CTR::$",different,12,success,2000,902643924,451321.962
lp-covercrypt,089a548,"SEC::MED","SEC::MED && DPT::DEV",different,6,success,2000,692773840,346386.920
lp-covercrypt,089a548,"SEC::MED","SEC::MED && DPT::DEV && CTR::EN",same,12,success,2000,978513507,489256.753
lp-covercrypt,089a548,"SEC::MED","SEC::MED && DPT::DEV && CTR::FR",same,12,success,2000,975774739,487887.369
lp-covercrypt,089a548,"SEC::MED","SEC::MED && DPT::DEV && CTR::$",same,24,success,2000,1461992062,730996.031
lp-covercrypt,089a548,"SEC::MED","SEC::MED && DPT::MKG",different,6,success,2000,612520926,306260.463
lp-covercrypt,089a548,"SEC::MED","SEC::MED && DPT::MKG && CTR::EN",same,12,success,2000,764299936,382149.968
lp-covercrypt,089a548,"SEC::MED","SEC::MED && DPT::MKG && CTR::FR",same,12,success,2000,818746374,409373.187
lp-covercrypt,089a548,"SEC::MED","SEC::MED && DPT::MKG && CTR::$",same,24,success,2000,1211141007,605570.503
lp-covercrypt,089a548,"SEC::MED","SEC::MED && DPT::$",different,12,success,2000,753194835,376597.417
lp-covercrypt,089a548,"SEC::MED","SEC::MED && DPT::$ && CTR::EN",same,24,success,2000,1228943721,614471.860
lp-covercrypt,089a548,"SEC::MED","SEC::MED && DPT::$ && CTR::FR",same,24,success,2000,1175075538,587537.769
lp-covercrypt,089a548,"SEC::MED","SEC::MED && DPT::$ && CTR::$",same,48,success,2000,2112109609,1056054.805
lp-covercrypt,089a548,"SEC::MED","SEC::HIG",different,4,success,2000,468124775,234062.388
lp-covercrypt,089a548,"SEC::MED","SEC::HIG && CTR::EN",different,8,success,2000,604542832,302271.416
lp-covercrypt,089a548,"SEC::MED","SEC::HIG && CTR::FR",different,8,success,2000,602726514,301363.257
lp-covercrypt,089a548,"SEC::MED","SEC::HIG && CTR::$",different,16,success,2000,877770117,438885.058
lp-covercrypt,089a548,"SEC::MED","SEC::HIG && DPT::DEV",different,8,success,2000,617617346,308808.673
lp-covercrypt,089a548,"SEC::MED","SEC::HIG && DPT::DEV && CTR::EN",same,16,success,2000,936727446,468363.723
lp-covercrypt,089a548,"SEC::MED","SEC::HIG && DPT::DEV && CTR::FR",same,16,success,2000,935843929,467921.965
lp-covercrypt,089a548,"SEC::MED","SEC::HIG && DPT::DEV && CTR::$",same,32,success,2000,1488697514,744348.757
lp-covercrypt,089a548,"SEC::MED","SEC::HIG && DPT::MKG",different,8,success,2000,600200576,300100.288
lp-covercrypt,089a548,"SEC::MED","SEC::HIG && DPT::MKG && CTR::EN",same,16,success,2000,922250602,461125.301
lp-covercrypt,089a548,"SEC::MED","SEC::HIG && DPT::MKG && CTR::FR",same,16,success,2000,929135356,464567.678
lp-covercrypt,089a548,"SEC::MED","SEC::HIG && DPT::MKG && CTR::$",same,32,success,2000,1443287436,721643.718
lp-covercrypt,089a548,"SEC::MED","SEC::HIG && DPT::$",different,16,success,2000,933377884,466688.942
lp-covercrypt,089a548,"SEC::MED","SEC::HIG && DPT::$ && CTR::EN",same,32,success,2000,1464936775,732468.387
lp-covercrypt,089a548,"SEC::MED","SEC::HIG && DPT::$ && CTR::FR",same,32,success,2000,1483103451,741551.725
lp-covercrypt,089a548,"SEC::MED","SEC::HIG && DPT::$ && CTR::$",same,64,success,2000,2611907074,1305953.537
lp-covercrypt,089a548,"SEC::MED","SEC::$",different,5,success,2000,498189589,249094.794
lp-covercrypt,089a548,"SEC::MED","SEC::$ && CTR::EN",different,10,success,2000,694024617,347012.308
lp-covercrypt,089a548,"SEC::MED","SEC::$ && CTR::FR",different,10,success,2000,720162635,360081.318
lp-covercrypt,089a548,"SEC::MED","SEC::$ && CTR::$",different,20,success,2000,1139910587,569955.294
lp-covercrypt,089a548,"SEC::MED","SEC::$ && DPT::DEV",different,10,success,2000,694686288,347343.144
lp-covercrypt,089a548,"SEC::MED","SEC::$ && DPT::DEV && CTR::EN",same,20,success,2000,1090113831,545056.916
lp-covercrypt,089a548,"SEC::MED","SEC::$ && DPT::DEV && CTR::FR",same,20,success,2000,1036220751,518110.376
lp-covercrypt,089a548,"SEC::MED","SEC::$ && DPT::DEV && CTR::$",same,40,success,2000,1811321666,905660.833
lp-covercrypt,089a548,"SEC::MED","SEC::$ && DPT::MKG",different,10,success,2000,677457450,338728.725
lp-covercrypt,089a548,"SEC::MED","SEC::$ && DPT::MKG && CTR::EN",same,20,success,2000,1114736958,557368.479
lp-covercrypt,089a548,"SEC::MED","SEC::$ && DPT::MKG && CTR::FR",same,20,success,2000,1061072557,530536.279
lp-covercrypt,089a548,"SEC::MED","SEC::$ && DPT::MKG && CTR::$",same,40,success,2000,1872173800,936086.900
lp-covercrypt,089a548,"SEC::MED","SEC::$ && DPT::$",different,20,success,2000,1033435506,516717.753
lp-covercrypt,089a548,"SEC::MED","SEC::$ && DPT::$ && CTR::EN",same,40,success,2000,1974057007,987028.503
lp-covercrypt,089a548,"SEC::MED","SEC::$ && DPT::$ && CTR::FR",same,40,success,2000,1757527051,878763.525
lp-covercrypt,089a548,"SEC::MED","SEC::$ && DPT::$ && CTR::$",same,80,success,2000,3311691144,1655845.572
lp-covercrypt,089a548,"SEC::MED && DPT::$","CTR::EN",different,2,failure,2000,300884223,150442.111
lp-covercrypt,089a548,"SEC::MED && DPT::$","CTR::FR",different,2,failure,2000,302237843,151118.921
lp-covercrypt,089a548,"SEC::MED && DPT::$","CTR::$",different,4,failure,2000,451343477,225671.739
lp-covercrypt,089a548,"SEC::MED && DPT::$","DPT::DEV",different,2,failure,2000,299559508,149779.754
lp-covercrypt,089a548,"SEC::MED && DPT::$","DPT::DEV && CTR::EN",different,4,failure,2000,460444559,230222.280
lp-covercrypt,089a548,"SEC::MED && DPT::$","DPT::DEV && CTR::FR",different,4,failure,2000,477184038,238592.019
lp-covercrypt,089a548,"SEC::MED && DPT::$","DPT::DEV && CTR::$",different,8,failure,2000,751672330,375836.165
lp-covercrypt,089a548,"SEC::MED && DPT::$","DPT::MKG",different,2,failure,2000,299059020,149529.510
lp-covercrypt,089a548,"SEC::MED && DPT::$","DPT::MKG && CTR::EN",different,4,failure,2000,447050976,223525.488
lp-covercrypt,089a548,"SEC::MED && DPT::$","DPT::MKG && CTR::FR",different,4,failure,2000,445218268,222609.134
lp-covercrypt,089a548,"SEC::MED && DPT::$","DPT::MKG && CTR::$",different,8,failure,2000,738838005,369419.003
lp-covercrypt,089a548,"SEC::MED && DPT::$","DPT::$",different,4,failure,2000,446613175,223306.587
lp-covercrypt,089a548,"SEC::MED && DPT::$","DPT::$ && CTR::EN",different,8,failure,2000,745835301,372917.650
lp-covercrypt,089a548,"SEC::MED && DPT::$","DPT::$ && CTR::FR",different,8,failure,2000,741243889,370621.944
lp-covercrypt,089a548,"SEC::MED && DPT::$","DPT::$ && CTR::$",different,16,failure,2000,1338273426,669136.713
lp-covercrypt,089a548,"SEC::MED && DPT::$","SEC::LOW",different,2,failure,2000,295711130,147855.565
lp-covercrypt,089a548,"SEC::MED && DPT::$","SEC::LOW && CTR::EN",different,4,failure,2000,443279612,221639.806
lp-covercrypt,089a548,"SEC::MED && DPT::$","SEC::LOW && CTR::FR",different,4,failure,2000,447609954,223804.977
lp-covercrypt,089a548,"SEC::MED && DPT::$","SEC::LOW && CTR::$",different,8,failure,2000,758163796,379081.898
lp-covercrypt,089a548,"SEC::MED && DPT::$","SEC::LOW && DPT::DEV",different,4,failure,2000,440259817,220129.908
lp-covercrypt,089a548,"SEC::MED && DPT::$","SEC::LOW && DPT::DEV && CTR::EN",same,8,failure,2000,734664877,367332.438
lp-covercrypt,089a548,"SEC::MED && DPT::$","SEC::LOW && DPT::DEV && CTR::FR",same,8,failure,2000,736513815,368256.907
lp-covercrypt,089a548,"SEC::MED && DPT::$","SEC::LOW && DPT::DEV && CTR::$",same,16,failure,2000,1330982801,665491.400
lp-covercrypt,089a548,"SEC::MED && DPT::$","SEC::LOW && DPT::MKG",different,4,failure,2000,440281628,220140.814
lp-covercrypt,089a548,"SEC::MED && DPT::$","SEC::LOW && DPT::MKG && CTR::EN",same,8,failure,2000,739573495,369786.747
lp-covercrypt,089a548,"SEC::MED && DPT::$","SEC::LOW && DPT::MKG && CTR::FR",same,8,failure,2000,745397680,372698.840
lp-covercrypt,089a548,"SEC::MED && DPT::$","SEC::LOW && DPT::MKG && CTR::$",same,16,failure,2000,1334849744,667424.872
lp-covercrypt,089a548,"SEC::MED && DPT::$","SEC::LOW && DPT::$",different,8,failure,2000,722678584,361339.292
lp-covercrypt,089a548,"SEC::MED && DPT::$","SEC::LOW && DPT::$ && CTR::EN",same,16,failure,2000,1308527751,654263.875
lp-covercrypt,089a548,"SEC::MED && DPT::$","SEC::LOW && DPT::$ && CTR::FR",same,16,failure,2000,1308586211,654293.105
lp-covercrypt,089a548,"SEC::MED && DPT::$","SEC::LOW && DPT::$ && CTR::$",same,32,failure,2000,2494094497,1247047.248
lp-covercrypt,089a548,"SEC::MED && DPT::$","SEC::MED",different,3,failure,2000,368618225,184309.112
lp-covercrypt,089a548,"SEC::MED && DPT::$","SEC::MED && CTR::EN",different,6,failure,2000,583210076,291605.038
lp-covercrypt,089a548,"SEC::MED && DPT::$","SEC::MED && CTR::FR",different,6,failure,2000,611959132,305979.566
lp-covercrypt,089a548,"SEC::MED && DPT::$","SEC::MED && CTR::$",different,12,failure,2000,1013187817,506593.909
lp-covercrypt,089a548,"SEC::MED && DPT::$","SEC::MED && DPT::DEV",different,6,failure,2000,585626579,292813.290
lp-covercrypt,089a548,"SEC::MED && DPT::$","SEC::MED && DPT::DEV && CTR::EN",same,12,failure,2000,1088951951,544475.975
lp-covercrypt,089a548,"SEC::MED && DPT::$","SEC::MED && DPT::DEV && CTR::FR",same,12,failure,2000,1027441103,513720.552
lp-covercrypt,089a548,"SEC::MED && DPT::$","SEC::MED && DPT::DEV && CTR::$",same,24,failure,2000,1888615210,944307.605
lp-covercrypt,089a548,"SEC::MED && DPT::$","SEC::MED && DPT::MKG",different,6,failure,2000,583106853,291553.427
lp-covercrypt,089a548,"SEC::MED && DPT::$","SEC::MED && DPT::MKG && CTR::EN",same,12,failure,2000,1018351482,509175.741
lp-covercrypt,089a548,"SEC::MED && DPT::$","SEC::MED && DPT::MKG && CTR::FR",same,12,failure,2000,1007479680,503739.840
lp-covercrypt,089a548,"SEC::MED && DPT::$","SEC::MED && DPT::MKG && CTR::$",same,24,failure,2000,1877552028,938776.014
lp-covercrypt,089a548,"SEC::MED && DPT::$","SEC::MED && DPT::$",different,12,success,2000,740068433,370034.216
lp-covercrypt,089a548,"SEC::MED && DPT::$","SEC::MED && DPT::$ && CTR::EN",same,24,success,2000,1184634748,592317.374
lp-covercrypt,089a548,"SEC::MED && DPT::$","SEC::MED && DPT::$ && CTR::FR",same,24,success,2000,1201085726,600542.863
lp-covercrypt,089a548,"SEC::MED && DPT::$","SEC::MED && DPT::$ && CTR::$",same,48,success,2000,2041993038,1020996.519
lp-covercrypt,089a548,"SEC::MED && DPT::$","SEC::HIG",different,4,failure,2000,435086012,217543.006
lp-covercrypt,089a548,"SEC::MED && DPT::$","SEC::HIG && CTR::EN",different,8,failure,2000,722085342,361042.671
lp-covercrypt,089a548,"SEC::MED && DPT::$","SEC::HIG && CTR::FR",different,8,failure,2000,719305888,359652.944
lp-covercrypt,089a548,"SEC::MED && DPT::$","SEC::HIG && CTR::$",different,16,failure,2000,1295929409,647964.704
lp-covercrypt,089a548,"SEC::MED && DPT::$","SEC::HIG && DPT::DEV",different,8,failure,2000,719913337,359956.669
lp-covercrypt,089a548,"SEC::MED && DPT::$","SEC::HIG && DPT::DEV && CTR::EN",same,16,failure,2000,1296395975,648197.988
lp-covercrypt,089a548,"SEC::MED && DPT::$","SEC::HIG && DPT::DEV && CTR::FR",same,16,failure,2000,1297432880,648716.440
lp-covercrypt,089a548,"SEC::MED && DPT::$","SEC::HIG && DPT::DEV && CTR::$",same,32,failure,2000,2464135151,1232067.576
lp-covercrypt,089a548,"SEC::MED && DPT::$","SEC::HIG && DPT::MKG",different,8,failure,2000,726006917,363003.459
lp-covercrypt,089a548,"SEC::MED && DPT::$","SEC::HIG && DPT::MKG && CTR::EN",same,16,failure,2000,1303886986,651943.493
lp-covercrypt,089a548,"SEC::MED && DPT::$","SEC::HIG && DPT::MKG && CTR::FR",same,16,failure,2000,1308339688,654169.844
lp-covercrypt,089a548,"SEC::MED && DPT::$","SEC::HIG && DPT::MKG && CTR::$",same,32,failure,2000,2477457871,1238728.935
lp-covercrypt,089a548,"SEC::MED && DPT::$","SEC::HIG && DPT::$",different,16,success,2000,913778379,456889.189
lp-covercrypt,089a548,"SEC::MED && DPT::$","SEC::HIG && DPT::$ && CTR::EN",same,32,success,2000,1467005406,733502.703
lp-covercrypt,089a548,"SEC::MED && DPT::$","SEC::HIG && DPT::$ && CTR::FR",same,32,success,2000,1518098372,759049.186
lp-covercrypt,089a548,"SEC::MED && DPT::$","SEC::HIG && DPT::$ && CTR::$",same,64,success,2000,2776104728,1388052.364
lp-covercrypt,089a548,"SEC::MED && DPT::$","SEC::$",different,5,failure,2000,504759323,252379.661
lp-covercrypt,089a548,"SEC::MED && DPT::$","SEC::$ && CTR::EN",different,10,failure,2000,874711069,437355.535
lp-covercrypt,089a548,"SEC::MED && DPT::$","SEC::$ && CTR::FR",different,10,failure,2000,865173158,432586.579
lp-covercrypt,089a548,"SEC::MED && DPT::$","SEC::$ && CTR::$",different,20,failure,2000,1597384253,798692.127
lp-covercrypt,089a548,"SEC::MED && DPT::$","SEC::$ && DPT::DEV",different,10,failure,2000,877285608,438642.804
lp-covercrypt,089a548,"SEC::MED && DPT::$","SEC::$ && DPT::DEV && CTR::EN",same,20,failure,2000,1634477921,817238.961
lp-covercrypt,089a548,"SEC::MED && DPT::$","SEC::$ && DPT::DEV && CTR::FR",same,20,failure,2000,1595613712,797806.856
lp-covercrypt,089a548,"SEC::MED && DPT::$","SEC::$ && DPT::DEV && CTR::$",same,40,failure,2000,3039471598,1519735.799
lp-covercrypt,089a548,"SEC::MED && DPT::$","SEC::$ && DPT::MKG",different,10,failure,2000,874397351,437198.676
lp-covercrypt,089a548,"SEC::MED && DPT::$","SEC::$ && DPT::MKG && CTR::EN",same,20,failure,2000,1606930840,803465.420
lp-covercrypt,089a548,"SEC::MED && DPT::$","SEC::$ && DPT::MKG && CTR::FR",same,20,failure,2000,1598821800,799410.900
lp-covercrypt,089a548,"SEC::MED && DPT::$","SEC::$ && DPT::MKG && CTR::$",same,40,failure,2000,3086630647,1543315.323
lp-covercrypt,089a548,"SEC::MED && DPT::$","SEC::$ && DPT::$",different,20,success,2000,1047710963,523855.481
lp-covercrypt,089a548,"SEC::MED && DPT::$","SEC::$ && DPT::$ && CTR::EN",same,40,success,2000,1827225298,913612.649
lp-covercrypt,089a548,"SEC::MED && DPT::$","SEC::$ && DPT::$ && CTR::FR",same,40,success,2000,1729822495,864911.248
lp-covercrypt,089a548,"SEC::MED && DPT::$","SEC::$ && DPT::$ && CTR::$",same,80,success,2000,3416961696,1708480.848
lp-covercrypt,089a548,"DPT::MKG && CTR::EN","CTR::EN",different,2,failure,2000,302977820,151488.910
lp-covercrypt,089a548,"DPT::MKG && CTR::EN","CTR::FR",different,2,failure,2000,292776425,146388.212
lp-covercrypt,089a548,"DPT::MKG && CTR::EN","CTR::$",different,4,failure,2000,440328226,220164.113
lp-covercrypt,089a548,"DPT::MKG && CTR::EN","DPT::DEV",different,2,failure,2000,292998211,146499.106
lp-covercrypt,089a548,"DPT::MKG && CTR::EN","DPT::DEV && CTR::EN",different,4,failure,2000,444209336,222104.668
lp-covercrypt,089a548,"DPT::MKG && CTR::EN","DPT::DEV && CTR::FR",different,4,failure,2000,439991604,219995.802
lp-covercrypt,089a548,"DPT::MKG && CTR::EN","DPT::DEV && CTR::$",different,8,failure,2000,746067376,373033.688
lp-covercrypt,089a548,"DPT::MKG && CTR::EN","DPT::MKG",different,2,failure,2000,293073152,146536.576
lp-covercrypt,089a548,"DPT::MKG && CTR::EN","DPT::MKG && CTR::EN",different,4,success,2000,466914625,233457.312
lp-covercrypt,089a548,"DPT::MKG && CTR::EN","DPT::MKG && CTR::FR",different,4,failure,2000,440807605,220403.802
lp-covercrypt,089a548,"DPT::MKG && CTR::EN","DPT::MKG && CTR::$",different,8,success,2000,631797304,315898.652
lp-covercrypt,089a548,"DPT::MKG && CTR::EN","DPT::$",different,4,failure,2000,441453016,220726.508
lp-covercrypt,089a548,"DPT::MKG && CTR::EN","DPT::$ && CTR::EN",different,8,success,2000,602835098,301417.549
lp-covercrypt,089a548,"DPT::MKG && CTR::EN","DPT::$ && CTR::FR",different,8,failure,2000,736745761,368372.881
lp-covercrypt,089a548,"DPT::MKG && CTR::EN","DPT::$ && CTR::$",different,16,success,2000,940857243,470428.622
lp-covercrypt,089a548,"DPT::MKG && CTR::EN","SEC::LOW",different,2,failure,2000,295767636,147883.818
lp-covercrypt,089a548,"DPT::MKG && CTR::EN","SEC::LOW && CTR::EN",different,4,failure,2000,465463273,232731.636
lp-covercrypt,089a548,"DPT::MKG && CTR::EN","SEC::LOW && CTR::FR",different,4,failure,2000,443614189,221807.095
lp-covercrypt,089a548,"DPT::MKG && CTR::EN","SEC::LOW && CTR::$",different,8,failure,2000,740472311,370236.155
lp-covercrypt,089a548,"DPT::MKG && CTR::EN","SEC::LOW && DPT::DEV",different,4,failure,2000,444774976,222387.488
lp-covercrypt,089a548,"DPT::MKG && CTR::EN","SEC::LOW && DPT::DEV && CTR::EN",same,8,failure,2000,773473362,386736.681
lp-covercrypt,089a548,"DPT::MKG && CTR::EN","SEC::LOW && DPT::DEV && CTR::FR",same,8,failure,2000,742309407,371154.704
lp-covercrypt,089a548,"DPT::MKG && CTR::EN","SEC::LOW && DPT::DEV && CTR::$",same,16,failure,2000,1337438210,668719.105
lp-covercrypt,089a548,"DPT::MKG && CTR::EN","SEC::LOW && DPT::MKG",different,4,failure,2000,445663894,222831.947
lp-covercrypt,089a548,"DPT::MKG && CTR::EN","SEC::LOW && DPT::MKG && CTR::EN",same,8,success,2000,636260165,318130.083
lp-covercrypt,089a548,"DPT::MKG && CTR::EN","SEC::LOW && DPT::MKG && CTR::FR",same,8,failure,2000,767579036,383789.518
lp-covercrypt,089a548,"DPT::MKG && CTR::EN","SEC::LOW && DPT::MKG && CTR::$",same,16,success,2000,969781176,484890.588
lp-covercrypt,089a548,"DPT::MKG && CTR::EN","SEC::LOW && DPT::$",different,8,failure,2000,743531439,371765.720
lp-covercrypt,089a548,"DPT::MKG && CTR::EN","SEC::LOW && DPT::$ && CTR::EN",same,16,success,2000,932336780,466168.390
lp-covercrypt,089a548,"DPT::MKG && CTR::EN","SEC::LOW && DPT::$ && CTR::FR",same,16,failure,2000,1352886246,676443.123
lp-covercrypt,089a548,"DPT::MKG && CTR::EN","SEC::LOW && DPT::$ && CTR::$",same,32,success,2000,1550215016,775107.508
lp-covercrypt,089a548,"DPT::MKG && CTR::EN","SEC::MED",different,3,failure,2000,372945963,186472.981
lp-covercrypt,089a548,"DPT::MKG && CTR::EN","SEC::MED && CTR::EN",different,6,failure,2000,602412936,301206.468
lp-covercrypt,089a548,"DPT::MKG && CTR::EN","SEC::MED && CTR::FR",different,6,failure,2000,604171224,302085.612
lp-covercrypt,089a548,"DPT::MKG && CTR::EN","SEC::MED && CTR::$",different,12,failure,2000,1051336334,525668.167
lp-covercrypt,089a548,"DPT::MKG && CTR::EN","SEC::MED && DPT::DEV",different,6,failure,2000,593030116,296515.058
lp-covercrypt,089a548,"DPT::MKG && CTR::EN","SEC::MED && DPT::DEV && CTR::EN",same,12,failure,2000,1042165782,521082.891
lp-covercrypt,089a548,"DPT::MKG && CTR::EN","SEC::MED && DPT::DEV && CTR::FR",same,12,failure,2000,1065380106,532690.053
lp-covercrypt,089a548,"DPT::MKG && CTR::EN","SEC::MED && DPT::DEV && CTR::$",same,24,failure,2000,2145111192,1072555.596
lp-covercrypt,089a548,"DPT::MKG && CTR::EN","SEC::MED && DPT::MKG",different,6,failure,2000,752749790,376374.895
lp-covercrypt,089a548,"DPT::MKG && CTR::EN","SEC::MED && DPT::MKG && CTR::EN",same,12,success,2000,1093367895,546683.948
lp-covercrypt,089a548,"DPT::MKG && CTR::EN","SEC::MED && DPT::MKG && CTR::FR",same,12,failure,2000,1469370121,734685.061
lp-covercrypt,089a548,"DPT::MKG && CTR::EN","SEC::MED && DPT::MKG && CTR::$",same,24,success,2000,2211728649,1105864.325
lp-covercrypt,089a548,"DPT::MKG && CTR::EN","SEC::MED && DPT::$",different,12,failure,2000,1482672222,741336.111
lp-covercrypt,089a548,"DPT::MKG && CTR::EN","SEC::MED && DPT::$ && CTR::EN",same,24,success,2000,1419913693,709956.846
lp-covercrypt,089a548,"DPT::MKG && CTR::EN","SEC::MED && DPT::$ && CTR::FR",same,24,failure,2000,2372658474,1186329.237
lp-covercrypt,089a548,"DPT::MKG && CTR::EN","SEC::MED && DPT::$ && CTR::$",same,48,success,2000,3220512847,1610256.424
lp-covercrypt,089a548,"DPT::MKG && CTR::EN","SEC::HIG",different,4,failure,2000,649000222,324500.111
lp-covercrypt,089a548,"DPT::MKG && CTR::EN","SEC::HIG && CTR::EN",different,8,failure,2000,1230255511,615127.755
lp-covercrypt,089a548,"DPT::MKG && CTR::EN","SEC::HIG && CTR::FR",different,8,failure,2000,1243347349,621673.674
lp-covercrypt,089a548,"DPT::MKG && CTR::EN","SEC::HIG && CTR::$",different,16,failure,2000,2014814468,1007407.234
lp-covercrypt,089a548,"DPT::MKG && CTR::EN","SEC::HIG && DPT::DEV",different,8,failure,2000,1047078407,523539.204
lp-covercrypt,089a548,"DPT::MKG && CTR::EN","SEC::HIG && DPT::DEV && CTR::EN",same,16,failure,2000,1928190152,964095.076
lp-covercrypt,089a548,"DPT::MKG && CTR::EN","SEC::HIG && DPT::DEV && CTR::FR",same,16,failure,2000,1653211531,826605.765
lp-covercrypt,089a548,"DPT::MKG && CTR::EN","SEC::HIG && DPT::DEV && CTR::$",same,32,failure,2000,2509211463,1254605.731
lp-covercrypt,089a548,"DPT::MKG && CTR::EN","SEC::HIG && DPT::MKG",different,8,failure,2000,735400478,367700.239
lp-covercrypt,089a548,"DPT::MKG && CTR::EN","SEC::HIG && DPT::MKG && CTR::EN",same,16,success,2000,951349032,475674.516
lp-covercrypt,089a548,"DPT::MKG && CTR::EN","SEC::HIG && DPT::MKG && CTR::FR",same,16,failure,2000,1324511662,662255.831
lp-covercrypt,089a548,"DPT::MKG && CTR::EN","SEC::HIG && DPT::MKG && CTR::$",same,32,success,2000,1489824017,744912.008
lp-covercrypt,089a548,"DPT::MKG && CTR::EN","SEC::HIG && DPT::$",different,16,failure,2000,1338049406,669024.703
lp-covercrypt,089a548,"DPT::MKG && CTR::EN","SEC::HIG && DPT::$ && CTR::EN",same,32,success,2000,1471548627,735774.314
lp-covercrypt,089a548,"DPT::MKG && CTR::EN","SEC::HIG && DPT::$ && CTR::FR",same,32,failure,2000,2638133248,1319066.624
lp-covercrypt,089a548,"DPT::MKG && CTR::EN","SEC::HIG && DPT::$ && CTR::$",same,64,success,2000,2809880343,1404940.171
lp-covercrypt,089a548,"DPT::MKG && CTR::EN","SEC::$",different,5,failure,2000,529939364,264969.682
lp-covercrypt,089a548,"DPT::MKG && CTR::EN","SEC::$ && CTR::EN",different,10,failure,2000,942387844,471193.922
lp-covercrypt,089a548,"DPT::MKG && CTR::EN","SEC::$ && CTR::FR",different,10,failure,2000,1011735593,505867.796
lp-covercrypt,089a548,"DPT::MKG && CTR::EN","SEC::$ && CTR::$",different,20,failure,2000,1689102163,844551.081
lp-covercrypt,089a548,"DPT::MKG && CTR::EN","SEC::$ && DPT::DEV",different,10,failure,2000,893760922,446880.461
lp-covercrypt,089a548,"DPT::MKG && CTR::EN","SEC::$ && DPT::DEV && CTR::EN",same,20,failure,2000,1706827110,853413.555
lp-covercrypt,089a548,"DPT::MKG && CTR::EN","SEC::$ && DPT::DEV && CTR::FR",same,20,failure,2000,1683313555,841656.777
lp-covercrypt,089a548,"DPT::MKG && CTR::EN","SEC::$ && DPT::DEV && CTR::$",same,40,failure,2000,3456987183,1728493.592
lp-covercrypt,089a548,"DPT::MKG && CTR::EN","SEC::$ && DPT::MKG",different,10,failure,2000,931209106,465604.553
lp-covercrypt,089a548,"DPT::MKG && CTR::EN","SEC::$ && DPT::MKG && CTR::EN",same,20,success,2000,1103113355,551556.677
lp-covercrypt,089a548,"DPT::MKG && CTR::EN","SEC::$ && DPT::MKG && CTR::FR",same,20,failure,2000,1614913954,807456.977
lp-covercrypt,089a548,"DPT::MKG && CTR::EN","SEC::$ && DPT::MKG && CTR::$",same,40,success,2000,1786016230,893008.115
lp-covercrypt,089a548,"DPT::MKG && CTR::EN","SEC::$ && DPT::$",different,20,failure,2000,1623252876,811626.438
lp-covercrypt,089a548,"DPT::MKG && CTR::EN","SEC::$ && DPT::$ && CTR::EN",same,40,success,2000,1764486936,882243.468
lp-covercrypt,089a548,"DPT::MKG && CTR::EN","SEC::$ && DPT::$ && CTR::FR",same,40,failure,2000,3092726161,1546363.080
lp-covercrypt,089a548,"DPT::MKG && CTR::EN","SEC::$ && DPT::$ && CTR::$",same,80,success,2000,3203772205,1601886.103
lp-covercrypt,089a548,"SEC::LOW && DPT::DEV && CTR::EN","CTR::EN",different,2,failure,2000,296832153,148416.076
lp-covercrypt,089a548,"SEC::LOW && DPT::DEV && CTR::EN","CTR::FR",different,2,failure,2000,296502625,148251.312
lp-covercrypt,089a548,"SEC::LOW && DPT::DEV && CTR::EN","CTR::$",different,4,failure,2000,445324167,222662.084
lp-covercrypt,089a548,"SEC::LOW && DPT::DEV && CTR::EN","DPT::DEV",different,2,failure,2000,297440103,148720.052
lp-covercrypt,089a548,"SEC::LOW && DPT::DEV && CTR::EN","DPT::DEV && CTR::EN",different,4,failure,2000,443484727,221742.364
lp-covercrypt,089a548,"SEC::LOW && DPT::DEV && CTR::EN","DPT::DEV && CTR::FR",different,4,failure,2000,439988398,219994.199
lp-covercrypt,089a548,"SEC::LOW && DPT::DEV && CTR::EN","DPT::DEV && CTR::$",different,8,failure,2000,738640925,369320.463
lp-covercrypt,089a548,"SEC::LOW && DPT::DEV && CTR::EN","DPT::MKG",different,2,failure,2000,293076748,146538.374
lp-covercrypt,089a548,"SEC::LOW && DPT::DEV && CTR::EN","DPT::MKG && CTR::EN",different,4,failure,2000,440344396,220172.198
lp-covercrypt,089a548,"SEC::LOW && DPT::DEV && CTR::EN","DPT::MKG && CTR::FR",different,4,failure,2000,440651933,220325.967
lp-covercrypt,089a548,"SEC::LOW && DPT::DEV && CTR::EN","DPT::MKG && CTR::$",different,8,failure,2000,734511850,367255.925
lp-covercrypt,089a548,"SEC::LOW && DPT::DEV && CTR::EN","DPT::$",different,4,failure,2000,442400382,221200.191
lp-covercrypt,089a548,"SEC::LOW && DPT::DEV && CTR::EN","DPT::$ && CTR::EN",different,8,failure,2000,736128102,368064.051
lp-covercrypt,089a548,"SEC::LOW && DPT::DEV && CTR::EN","DPT::$ && CTR::FR",different,8,failure,2000,734230934,367115.467
lp-covercrypt,089a548,"SEC::LOW && DPT::DEV && CTR::EN","DPT::$ && CTR::$",different,16,failure,2000,1323662650,661831.325
lp-covercrypt,089a548,"SEC::LOW && DPT::DEV && CTR::EN","SEC::LOW",different,2,failure,2000,293510572,146755.286
lp-covercrypt,089a548,"SEC::LOW && DPT::DEV && CTR::EN","SEC::LOW && CTR::EN",different,4,failure,2000,439671404,219835.702
lp-covercrypt,089a548,"SEC::LOW && DPT::DEV && CTR::EN","SEC::LOW && CTR::FR",different,4,failure,2000,440422081,220211.041
lp-covercrypt,089a548,"SEC::LOW && DPT::DEV && CTR::EN","SEC::LOW && CTR::$",different,8,failure,2000,742260455,371130.227
lp-covercrypt,089a548,"SEC::LOW && DPT::DEV && CTR::EN","SEC::LOW && DPT::DEV",different,4,failure,2000,439774897,219887.448
lp-covercrypt,089a548,"SEC::LOW && DPT::DEV && CTR::EN","SEC::LOW && DPT::DEV && CTR::EN",same,8,success,2000,603619620,301809.810
lp-covercrypt,089a548,"SEC::LOW && DPT::DEV && CTR::EN","SEC::LOW && DPT::DEV && CTR::FR",same,8,failure,2000,733041603,366520.802
lp-covercrypt,089a548,"SEC::LOW && DPT::DEV && CTR::EN","SEC::LOW && DPT::DEV && CTR::$",same,16,success,2000,889734009,444867.004
lp-covercrypt,089a548,"SEC::LOW && DPT::DEV && CTR::EN","SEC::LOW && DPT::MKG",different,4,failure,2000,439907015,219953.508
lp-covercrypt,089a548,"SEC::LOW && DPT::DEV && CTR::EN","SEC::LOW && DPT::MKG && CTR::EN",same,8,failure,2000,735531824,367765.912
lp-covercrypt,089a548,"SEC::LOW && DPT::DEV && CTR::EN","SEC::LOW && DPT::MKG && CTR::FR",same,8,failure,2000,734666270,367333.135
lp-covercrypt,089a548,"SEC::LOW && DPT::DEV && CTR::EN","SEC::LOW && DPT::MKG && CTR::$",same,16,failure,2000,1323939809,661969.904
lp-covercrypt,089a548,"SEC::LOW && DPT::DEV && CTR::EN","SEC::LOW && DPT::$",different,8,failure,2000,735027087,367513.544
lp-covercrypt,089a548,"SEC::LOW && DPT::DEV && CTR::EN","SEC::LOW && DPT::$ && CTR::EN",same,16,success,2000,915893627,457946.813
lp-covercrypt,089a548,"SEC::LOW && DPT::DEV && CTR::EN","SEC::LOW && DPT::$ && CTR::FR",same,16,failure,2000,1324614466,662307.233
lp-covercrypt,089a548,"SEC::LOW && DPT::DEV && CTR::EN","SEC::LOW && DPT::$ && CTR::$",same,32,success,2000,1482250831,741125.416
lp-covercrypt,089a548,"SEC::LOW && DPT::DEV && CTR::EN","SEC::MED",different,3,failure,2000,367446077,183723.038
lp-covercrypt,089a548,"SEC::LOW && DPT::DEV && CTR::EN","SEC::MED && CTR::EN",different,6,failure,2000,589245356,294622.678
lp-covercrypt,089a548,"SEC::LOW && DPT::DEV && CTR::EN","SEC::MED && CTR::FR",different,6,failure,2000,587099993,293549.997
lp-covercrypt,089a548,"SEC::LOW && DPT::DEV && CTR::EN","SEC::MED && CTR::$",different,12,failure,2000,1030627540,515313.770
lp-covercrypt,089a548,"SEC::LOW && DPT::DEV && CTR::EN","SEC::MED && DPT::DEV",different,6,failure,2000,586752711,293376.356
lp-covercrypt,089a548,"SEC::LOW && DPT::DEV && CTR::EN","SEC::MED && DPT::DEV && CTR::EN",same,12,success,2000,736607922,368303.961
lp-covercrypt,089a548,"SEC::LOW && DPT::DEV && CTR::EN","SEC::MED && DPT::DEV && CTR::FR",same,12,failure,2000,1033221315,516610.657
lp-covercrypt,089a548,"SEC::LOW && DPT::DEV && CTR::EN","SEC::MED && DPT::DEV && CTR::$",same,24,success,2000,1170494074,585247.037
lp-covercrypt,089a548,"SEC::LOW && DPT::DEV && CTR::EN","SEC::MED && DPT::MKG",different,6,failure,2000,593731141,296865.570
lp-covercrypt,089a548,"SEC::LOW && DPT::DEV && CTR::EN","SEC::MED && DPT::MKG && CTR::EN",same,12,failure,2000,1051583156,525791.578
lp-covercrypt,089a548,"SEC::LOW && DPT::DEV && CTR::EN","SEC::MED && DPT::MKG && CTR::FR",same,12,failure,2000,1033484719,516742.360
lp-covercrypt,089a548,"SEC::LOW && DPT::DEV && CTR::EN","SEC::MED && DPT::MKG && CTR::$",same,24,failure,2000,1925226072,962613.036
lp-covercrypt,089a548,"SEC::LOW && DPT::DEV && CTR::EN","SEC::MED && DPT::$",different,12,failure,2000,1034589561,517294.780
lp-covercrypt,089a548,"SEC::LOW && DPT::DEV && CTR::EN","SEC::MED && DPT::$ && CTR::EN",same,24,success,2000,1249682071,624841.035
lp-covercrypt,089a548,"SEC::LOW && DPT::DEV && CTR::EN","SEC::MED && DPT::$ && CTR::FR",same,24,failure,2000,1911594232,955797.116
lp-covercrypt,089a548,"SEC::LOW && DPT::DEV && CTR::EN","SEC::MED && DPT::$ && CTR::$",same,48,success,2000,2197827785,1098913.893
lp-covercrypt,089a548,"SEC::LOW && DPT::DEV && CTR::EN","SEC::HIG",different,4,failure,2000,440555953,220277.976
lp-covercrypt,089a548,"SEC::LOW && DPT::DEV && CTR::EN","SEC::HIG && CTR::EN",different,8,failure,2000,736122031,368061.015
lp-covercrypt,089a548,"SEC::LOW && DPT::DEV && CTR::EN","SEC::HIG && CTR::FR",different,8,failure,2000,736951767,368475.883
lp-covercrypt,089a548,"SEC::LOW && DPT::DEV && CTR::EN","SEC::HIG && CTR::$",different,16,failure,2000,1324397398,662198.699
lp-covercrypt,089a548,"SEC::LOW && DPT::DEV && CTR::EN","SEC::HIG && DPT::DEV",different,8,failure,2000,739239719,369619.860
lp-covercrypt,089a548,"SEC::LOW && DPT::DEV && CTR::EN","SEC::HIG && DPT::DEV && CTR::EN",same,16,success,2000,902027428,451013.714
lp-covercrypt,089a548,"SEC::LOW && DPT::DEV && CTR::EN","SEC::HIG && DPT::DEV && CTR::FR",same,16,failure,2000,1336451839,668225.919
lp-covercrypt,089a548,"SEC::LOW && DPT::DEV && CTR::EN","SEC::HIG && DPT::DEV && CTR::$",same,32,success,2000,1452716824,726358.412
lp-covercrypt,089a548,"SEC::LOW && DPT::DEV && CTR::EN","SEC::HIG && DPT::MKG",different,8,failure,2000,734862659,367431.329
lp-covercrypt,089a548,"SEC::LOW && DPT::DEV && CTR::EN","SEC::HIG && DPT::MKG && CTR::EN",same,16,failure,2000,1323541122,661770.561
lp-covercrypt,089a548,"SEC::LOW && DPT::DEV && CTR::EN","SEC::HIG && DPT::MKG && CTR::FR",same,16,failure,2000,1320706405,660353.203
lp-covercrypt,089a548,"SEC::LOW && DPT::DEV && CTR::EN","SEC::HIG && DPT::MKG && CTR::$",same,32,failure,2000,2495975055,1247987.528
lp-covercrypt,089a548,"SEC::LOW && DPT::DEV && CTR::EN","SEC::HIG && DPT::$",different,16,failure,2000,1328261045,664130.522
lp-covercrypt,089a548,"SEC::LOW && DPT::DEV && CTR::EN","SEC::HIG && DPT::$ && CTR::EN",same,32,success,2000,1481427257,740713.628
lp-covercrypt,089a548,"SEC::LOW && DPT::DEV && CTR::EN","SEC::HIG && DPT::$ && CTR::FR",same,32,failure,2000,2515339107,1257669.553
lp-covercrypt,089a548,"SEC::LOW && DPT::DEV && CTR::EN","SEC::HIG && DPT::$ && CTR::$",same,64,success,2000,2871487923,1435743.961
lp-covercrypt,089a548,"SEC::LOW && DPT::DEV && CTR::EN","SEC::$",different,5,failure,2000,530784829,265392.415
lp-covercrypt,089a548,"SEC::LOW && DPT::DEV && CTR::EN","SEC::$ && CTR::EN",different,10,failure,2000,938281141,469140.570
lp-covercrypt,089a548,"SEC::LOW && DPT::DEV && CTR::EN","SEC::$ && CTR::FR",different,10,failure,2000,902447907,451223.954
lp-covercrypt,089a548,"SEC::LOW && DPT::DEV && CTR::EN","SEC::$ && CTR::$",different,20,failure,2000,1644048634,822024.317
lp-covercrypt,089a548,"SEC::LOW && DPT::DEV && CTR::EN","SEC::$ && DPT::DEV",different,10,failure,2000,912413309,456206.655
lp-covercrypt,089a548,"SEC::LOW && DPT::DEV && CTR::EN","SEC::$ && DPT::DEV && CTR::EN",same,20,success,2000,1059701184,529850.592
lp-covercrypt,089a548,"SEC::LOW && DPT::DEV && CTR::EN","SEC::$ && DPT::DEV && CTR::FR",same,20,failure,2000,1644040649,822020.324
lp-covercrypt,089a548,"SEC::LOW && DPT::DEV && CTR::EN","SEC::$ && DPT::DEV && CTR::$",same,40,success,2000,1951771756,975885.878
lp-covercrypt,089a548,"SEC::LOW && DPT::DEV && CTR::EN","SEC::$ && DPT::MKG",different,10,failure,2000,897347149,448673.574
lp-covercrypt,089a548,"SEC::LOW && DPT::DEV && CTR::EN","SEC::$ && DPT::MKG && CTR::EN",same,20,failure,2000,1660707151,830353.576
lp-covercrypt,089a548,"SEC::LOW && DPT::DEV && CTR::EN","SEC::$ && DPT::MKG && CTR::FR",same,20,failure,2000,1666744416,833372.208
lp-covercrypt,089a548,"SEC::LOW && DPT::DEV && CTR::EN","SEC::$ && DPT::MKG && CTR::$",same,40,failure,2000,3118851645,1559425.823
lp-covercrypt,089a548,"SEC::LOW && DPT::DEV && CTR::EN","SEC::$ && DPT::$",different,20,failure,2000,1628246072,814123.036
lp-covercrypt,089a548,"SEC::LOW && DPT::DEV && CTR::EN","SEC::$ && DPT::$ && CTR::EN",same,40,success,2000,1841992497,920996.248
lp-covercrypt,089a548,"SEC::LOW && DPT::DEV && CTR::EN","SEC::$ && DPT::$ && CTR::FR",same,40,failure,2000,3120746329,1560373.164
lp-covercrypt,089a548,"SEC::LOW && DPT::DEV && CTR::EN","SEC::$ && DPT::$ && CTR::$",same,80,success,2000,3405700742,1702850.371
lp-covercrypt,089a548,"SEC::MED && CTR::EN","CTR::EN",different,2,failure,2000,296309603,148154.802
lp-covercrypt,089a548,"SEC::MED && CTR::EN","CTR::FR",different,2,failure,2000,294909988,147454.994
lp-covercrypt,089a548,"SEC::MED && CTR::EN","CTR::$",different,4,failure,2000,444899290,222449.645
lp-covercrypt,089a548,"SEC::MED && CTR::EN","DPT::DEV",different,2,failure,2000,296771128,148385.564
lp-covercrypt,089a548,"SEC::MED && CTR::EN","DPT::DEV && CTR::EN",different,4,failure,2000,445090378,222545.189
lp-covercrypt,089a548,"SEC::MED && CTR::EN","DPT::DEV && CTR::FR",different,4,failure,2000,445050423,222525.212
lp-covercrypt,089a548,"SEC::MED && CTR::EN","DPT::DEV && CTR::$",different,8,failure,2000,738556908,369278.454
lp-covercrypt,089a548,"SEC::MED && CTR::EN","DPT::MKG",different,2,failure,2000,293901326,146950.663
lp-covercrypt,089a548,"SEC::MED && CTR::EN","DPT::MKG && CTR::EN",different,4,failure,2000,442671451,221335.726
lp-covercrypt,089a548,"SEC::MED && CTR::EN","DPT::MKG && CTR::FR",different,4,failure,2000,443442968,221721.484
lp-covercrypt,089a548,"SEC::MED && CTR::EN","DPT::MKG && CTR::$",different,8,failure,2000,744342731,372171.366
lp-covercrypt,089a548,"SEC::MED && CTR::EN","DPT::$",different,4,failure,2000,441086859,220543.429
lp-covercrypt,089a548,"SEC::MED && CTR::EN","DPT::$ && CTR::EN",different,8,failure,2000,734848702,367424.351
lp-covercrypt,089a548,"SEC::MED && CTR::EN","DPT::$ && CTR::FR",different,8,failure,2000,734382337,367191.169
lp-covercrypt,089a548,"SEC::MED && CTR::EN","DPT::$ && CTR::$",different,16,failure,2000,1338106433,669053.216
lp-covercrypt,089a548,"SEC::MED && CTR::EN","SEC::LOW",different,2,failure,2000,296650653,148325.326
lp-covercrypt,089a548,"SEC::MED && CTR::EN","SEC::LOW && CTR::EN",different,4,failure,2000,540461210,270230.605
lp-covercrypt,089a548,"SEC::MED && CTR::EN","SEC::LOW && CTR::FR",different,4,failure,2000,573661625,286830.812
lp-covercrypt,089a548,"SEC::MED && CTR::EN","SEC::LOW && CTR::$",different,8,failure,2000,765867195,382933.597
lp-covercrypt,089a548,"SEC::MED && CTR::EN","SEC::LOW && DPT::DEV",different,4,failure,2000,445713877,222856.938
lp-covercrypt,089a548,"SEC::MED && CTR::EN","SEC::LOW && DPT::DEV && CTR::EN",same,8,failure,2000,742454619,371227.309
lp-covercrypt,089a548,"SEC::MED && CTR::EN","SEC::LOW && DPT::DEV && CTR::FR",same,8,failure,2000,740914761,370457.381
lp-covercrypt,089a548,"SEC::MED && CTR::EN","SEC::LOW && DPT::DEV && CTR::$",same,16,failure,2000,1370000508,685000.254
lp-covercrypt,089a548,"SEC::MED && CTR::EN","SEC::LOW && DPT::MKG",different,4,failure,2000,446468924,223234.462
lp-covercrypt,089a548,"SEC::MED && CTR::EN","SEC::LOW && DPT::MKG && CTR::EN",same,8,failure,2000,770978052,385489.026
lp-covercrypt,089a548,"SEC::MED && CTR::EN","SEC::LOW && DPT::MKG && CTR::FR",same,8,failure,2000,757214034,378607.017
lp-covercrypt,089a548,"SEC::MED && CTR::EN","SEC::LOW && DPT::MKG && CTR::$",same,16,failure,2000,1370664844,685332.422
lp-covercrypt,089a548,"SEC::MED && CTR::EN","SEC::LOW && DPT::$",different,8,failure,2000,753259907,376629.954
lp-covercrypt,089a548,"SEC::MED && CTR::EN","SEC::LOW && DPT::$ && CTR::EN",same,16,failure,2000,1325603811,662801.905
lp-covercrypt,089a548,"SEC::MED && CTR::EN","SEC::LOW && DPT::$ && CTR::FR",same,16,failure,2000,1336412235,668206.118
lp-covercrypt,089a548,"SEC::MED && CTR::EN","SEC::LOW && DPT::$ && CTR::$",same,32,failure,2000,2530120724,1265060.362
lp-covercrypt,089a548,"SEC::MED && CTR::EN","SEC::MED",different,3,failure,2000,370364040,185182.020
lp-covercrypt,089a548,"SEC::MED && CTR::EN","SEC::MED && CTR::EN",different,6,success,2000,533012739,266506.369
lp-covercrypt,089a548,"SEC::MED && CTR::EN","SEC::MED && CTR::FR",different,6,failure,2000,591026908,295513.454
lp-covercrypt,089a548,"SEC::MED && CTR::EN","SEC::MED && CTR::$",different,12,success,2000,755778381,377889.191
lp-covercrypt,089a548,"SEC::MED && CTR::EN","SEC::MED && DPT::DEV",different,6,failure,2000,589203729,294601.865
lp-covercrypt,089a548,"SEC::MED && CTR::EN","SEC::MED && DPT::DEV && CTR::EN",same,12,success,2000,755809570,377904.785
lp-covercrypt,089a548,"SEC::MED && CTR::EN","SEC::MED && DPT::DEV && CTR::FR",same,12,failure,2000,1032396427,516198.214
lp-covercrypt,089a548,"SEC::MED && CTR::EN","SEC::MED && DPT::DEV && CTR::$",same,24,success,2000,1235523503,617761.752
lp-covercrypt,089a548,"SEC::MED && CTR::EN","SEC::MED && DPT::MKG",different,6,failure,2000,587596514,293798.257
lp-covercrypt,089a548,"SEC::MED && CTR::EN","SEC::MED && DPT::MKG && CTR::EN",same,12,success,2000,765458599,382729.300
lp-covercrypt,089a548,"SEC::MED && CTR::EN","SEC::MED && DPT::MKG && CTR::FR",same,12,failure,2000,1031411350,515705.675
lp-covercrypt,089a548,"SEC::MED && CTR::EN","SEC::MED && DPT::MKG && CTR::$",same,24,success,2000,1195088237,597544.118
lp-covercrypt,089a548,"SEC::MED && CTR::EN","SEC::MED && DPT::$",different,12,failure,2000,1048124990,524062.495
lp-covercrypt,089a548,"SEC::MED && CTR::EN","SEC::MED && DPT::$ && CTR::EN",same,24,success,2000,1244188807,622094.404
lp-covercrypt,089a548,"SEC::MED && CTR::EN","SEC::MED && DPT::$ && CTR::FR",same,24,failure,2000,1910549573,955274.787
lp-covercrypt,089a548,"SEC::MED && CTR::EN","SEC::MED && DPT::$ && CTR::$",same,48,success,2000,2018820883,1009410.441
lp-covercrypt,089a548,"SEC::MED && CTR::EN","SEC::HIG",different,4,failure,2000,445945943,222972.972
lp-covercrypt,089a548,"SEC::MED && CTR::EN","SEC::HIG && CTR::EN",different,8,success,2000,612146554,306073.277
lp-covercrypt,089a548,"SEC::MED && CTR::EN","SEC::HIG && CTR::FR",different,8,failure,2000,736954763,368477.382
lp-covercrypt,089a548,"SEC::MED && CTR::EN","SEC::HIG && CTR::$",different,16,success,2000,890644015,445322.008
lp-covercrypt,089a548,"SEC::MED && CTR::EN","SEC::HIG && DPT::DEV",different,8,failure,2000,748120326,374060.163
lp-covercrypt,089a548,"SEC::MED && CTR::EN","SEC::HIG && DPT::DEV && CTR::EN",same,16,success,2000,893448156,446724.078
lp-covercrypt,089a548,"SEC::MED && CTR::EN","SEC::HIG && DPT::DEV && CTR::FR",same,16,failure,2000,1344774911,672387.456
lp-covercrypt,089a548,"SEC::MED && CTR::EN","SEC::HIG && DPT::DEV && CTR::$",same,32,success,2000,1483492000,741746.000
lp-covercrypt,089a548,"SEC::MED && CTR::EN","SEC::HIG && DPT::MKG",different,8,failure,2000,741585048,370792.524
lp-covercrypt,089a548,"SEC::MED && CTR::EN","SEC::HIG && DPT::MKG && CTR::EN",same,16,success,2000,882835629,441417.814
lp-covercrypt,089a548,"SEC::MED && CTR::EN","SEC::HIG && DPT::MKG && CTR::FR",same,16,failure,2000,1329072227,664536.113
lp-covercrypt,089a548,"SEC::MED && CTR::EN","SEC::HIG && DPT::MKG && CTR::$",same,32,success,2000,1527022712,763511.356
lp-covercrypt,089a548,"SEC::MED && CTR::EN","SEC::HIG && DPT::$",different,16,failure,2000,1336351782,668175.891
lp-covercrypt,089a548,"SEC::MED && CTR::EN","SEC::HIG && DPT::$ && CTR::EN",same,32,success,2000,1494779613,747389.806
lp-covercrypt,089a548,"SEC::MED && CTR::EN","SEC::HIG && DPT::$ && CTR::FR",same,32,failure,2000,2568794496,1284397.248
lp-covercrypt,089a548,"SEC::MED && CTR::EN","SEC::HIG && DPT::$ && CTR::$",same,64,success,2000,2877894139,1438947.069
lp-covercrypt,089a548,"SEC::MED && CTR::EN","SEC::$",different,5,failure,2000,522559050,261279.525
lp-covercrypt,089a548,"SEC::MED && CTR::EN","SEC::$ && CTR::EN",different,10,success,2000,671065821,335532.910
lp-covercrypt,089a548,"SEC::MED && CTR::EN","SEC::$ && CTR::FR",different,10,failure,2000,899654707,449827.354
lp-covercrypt,089a548,"SEC::MED && CTR::EN","SEC::$ && CTR::$",different,20,success,2000,1053112675,526556.338
lp-covercrypt,089a548,"SEC::MED && CTR::EN","SEC::$ && DPT::DEV",different,10,failure,2000,908985049,454492.524
lp-covercrypt,089a548,"SEC::MED && CTR::EN","SEC::$ && DPT::DEV && CTR::EN",same,20,success,2000,1063329340,531664.670
lp-covercrypt,089a548,"SEC::MED && CTR::EN","SEC::$ && DPT::DEV && CTR::FR",same,20,failure,2000,1637495291,818747.645
lp-covercrypt,089a548,"SEC::MED && CTR::EN","SEC::$ && DPT::DEV && CTR::$",same,40,success,2000,1785590621,892795.311
lp-covercrypt,089a548,"SEC::MED && CTR::EN","SEC::$ && DPT::MKG",different,10,failure,2000,887711915,443855.958
lp-covercrypt,089a548,"SEC::MED && CTR::EN","SEC::$ && DPT::MKG && CTR::EN",same,20,success,2000,1075796124,537898.062
lp-covercrypt,089a548,"SEC::MED && CTR::EN","SEC::$ && DPT::MKG && CTR::FR",same,20,failure,2000,1646097177,823048.588
lp-covercrypt,089a548,"SEC::MED && CTR::EN","SEC::$ && DPT::MKG && CTR::$",same,40,success,2000,1725117499,862558.750
lp-covercrypt,089a548,"SEC::MED && CTR::EN","SEC::$ && DPT::$",different,20,failure,2000,1619961873,809980.936
lp-covercrypt,089a548,"SEC::MED && CTR::EN","SEC::$ && DPT::$ && CTR::EN",same,40,success,2000,1879471899,939735.949
lp-covercrypt,089a548,"SEC::MED && CTR::EN","SEC::$ && DPT::$ && CTR::FR",same,40,failure,2000,3178083119,1589041.559
lp-covercrypt,089a548,"SEC::MED && CTR::EN","SEC::$ && DPT::$ && CTR::$",same,80,success,2000,3219522258,1609761.129
lp-covercrypt,089a548,"SEC::MED && DPT::$ && CTR::EN","CTR::EN",different,2,failure,2000,301269176,150634.588
lp-covercrypt,089a548,"SEC::MED && DPT::$ && CTR::EN","CTR::FR",different,2,failure,2000,294268855,147134.427
lp-covercrypt,089a548,"SEC::MED && DPT::$ && CTR::EN","CTR::$",different,4,failure,2000,436734755,218367.378
lp-covercrypt,089a548,"SEC::MED && DPT::$ && CTR::EN","DPT::DEV",different,2,failure,2000,290374850,145187.425
lp-covercrypt,089a548,"SEC::MED && DPT::$ && CTR::EN","DPT::DEV && CTR::EN",different,4,failure,2000,432887238,216443.619
lp-covercrypt,089a548,"SEC::MED && DPT::$ && CTR::EN","DPT::DEV && CTR::FR",different,4,failure,2000,460621571,230310.785
lp-covercrypt,089a548,"SEC::MED && DPT::$ && CTR::EN","DPT::DEV && CTR::$",different,8,failure,2000,735015045,367507.523
lp-covercrypt,089a548,"SEC::MED && DPT::$ && CTR::EN","DPT::MKG",different,2,failure,2000,291245464,145622.732
lp-covercrypt,089a548,"SEC::MED && DPT::$ && CTR::EN","DPT::MKG && CTR::EN",different,4,failure,2000,436007501,218003.750
lp-covercrypt,089a548,"SEC::MED && DPT::$ && CTR::EN","DPT::MKG && CTR::FR",different,4,failure,2000,438057156,219028.578
lp-covercrypt,089a548,"SEC::MED && DPT::$ && CTR::EN","DPT::MKG && CTR::$",different,8,failure,2000,731528995,365764.497
lp-covercrypt,089a548,"SEC::MED && DPT::$ && CTR::EN","DPT::$",different,4,failure,2000,436961450,218480.725
lp-covercrypt,089a548,"SEC::MED && DPT::$ && CTR::EN","DPT::$ && CTR::EN",different,8,failure,2000,730654946,365327.473
lp-covercrypt,089a548,"SEC::MED && DPT::$ && CTR::EN","DPT::$ && CTR::FR",different,8,failure,2000,725010268,362505.134
lp-covercrypt,089a548,"SEC::MED && DPT::$ && CTR::EN","DPT::$ && CTR::$",different,16,failure,2000,1297904193,648952.096
lp-covercrypt,089a548,"SEC::MED && DPT::$ && CTR::EN","SEC::LOW",different,2,failure,2000,288079235,144039.617
lp-covercrypt,089a548,"SEC::MED && DPT::$ && CTR::EN","SEC::LOW && CTR::EN",different,4,failure,2000,434009674,217004.837
lp-covercrypt,089a548,"SEC::MED && DPT::$ && CTR::EN","SEC::LOW && CTR::FR",different,4,failure,2000,434973451,217486.726
lp-covercrypt,089a548,"SEC::MED && DPT::$ && CTR::EN","SEC::LOW && CTR::$",different,8,failure,2000,718468758,359234.379
lp-covercrypt,089a548,"SEC::MED && DPT::$ && CTR::EN","SEC::LOW && DPT::DEV",different,4,failure,2000,430622320,215311.160
lp-covercrypt,089a548,"SEC::MED && DPT::$ && CTR::EN","SEC::LOW && DPT::DEV && CTR::EN",same,8,failure,2000,719022316,359511.158
lp-covercrypt,089a548,"SEC::MED && DPT::$ && CTR::EN","SEC::LOW && DPT::DEV && CTR::FR",same,8,failure,2000,722617891,361308.945
lp-covercrypt,089a548,"SEC::MED && DPT::$ && CTR::EN","SEC::LOW && DPT::DEV && CTR::$",same,16,failure,2000,1298041191,649020.596
lp-covercrypt,089a548,"SEC::MED && DPT::$ && CTR::EN","SEC::LOW && DPT::MKG",different,4,failure,2000,437496604,218748.302
lp-covercrypt,089a548,"SEC::MED && DPT::$ && CTR::EN","SEC::LOW && DPT::MKG && CTR::EN",same,8,failure,2000,753176480,376588.240
lp-covercrypt,089a548,"SEC::MED && DPT::$ && CTR::EN","SEC::LOW && DPT::MKG && CTR::FR",same,8,failure,2000,726204669,363102.334
lp-covercrypt,089a548,"SEC::MED && DPT::$ && CTR::EN","SEC::LOW && DPT::MKG && CTR::$",same,16,failure,2000,1317378492,658689.246
lp-covercrypt,089a548,"SEC::MED && DPT::$ && CTR::EN","SEC::LOW && DPT::$",different,8,failure,2000,727278472,363639.236
lp-covercrypt,089a548,"SEC::MED && DPT::$ && CTR::EN","SEC::LOW && DPT::$ && CTR::EN",same,16,failure,2000,1304694441,652347.221
lp-covercrypt,089a548,"SEC::MED && DPT::$ && CTR::EN","SEC::LOW && DPT::$ && CTR::FR",same,16,failure,2000,1296038694,648019.347
lp-covercrypt,089a548,"SEC::MED && DPT::$ && CTR::EN","SEC::LOW && DPT::$ && CTR::$",same,32,failure,2000,2449816924,1224908.462
lp-covercrypt,089a548,"SEC::MED && DPT::$ && CTR::EN","SEC::MED",different,3,failure,2000,359536170,179768.085
lp-covercrypt,089a548,"SEC::MED && DPT::$ && CTR::EN","SEC::MED && CTR::EN",different,6,failure,2000,575539228,287769.614
lp-covercrypt,089a548,"SEC::MED && DPT::$ && CTR::EN","SEC::MED && CTR::FR",different,6,failure,2000,575240087,287620.044
lp-covercrypt,089a548,"SEC::MED && DPT::$ && CTR::EN","SEC::MED && CTR::$",different,12,failure,2000,1012728064,506364.032
lp-covercrypt,089a548,"SEC::MED && DPT::$ && CTR::EN","SEC::MED && DPT::DEV",different,6,failure,2000,575356204,287678.102
lp-covercrypt,089a548,"SEC::MED && DPT::$ && CTR::EN","SEC::MED && DPT::DEV && CTR::EN",same,12,failure,2000,1007306375,503653.188
lp-covercrypt,089a548,"SEC::MED && DPT::$ && CTR::EN","SEC::MED && DPT::DEV && CTR::FR",same,12,failure,2000,1009033785,504516.893
lp-covercrypt,089a548,"SEC::MED && DPT::$ && CTR::EN","SEC::MED && DPT::DEV && CTR::$",same,24,failure,2000,1881226881,940613.441
lp-covercrypt,089a548,"SEC::MED && DPT::$ && CTR::EN","SEC::MED && DPT::MKG",different,6,failure,2000,580707663,290353.831
lp-covercrypt,089a548,"SEC::MED && DPT::$ && CTR::EN","SEC::MED && DPT::MKG && CTR::EN",same,12,failure,2000,1008947653,504473.827
lp-covercrypt,089a548,"SEC::MED && DPT::$ && CTR::EN","SEC::MED && DPT::MKG && CTR::FR",same,12,failure,2000,1011109929,505554.965
lp-covercrypt,089a548,"SEC::MED && DPT::$ && CTR::EN","SEC::MED && DPT::MKG && CTR::$",same,24,failure,2000,1907802219,953901.110
lp-covercrypt,089a548,"SEC::MED && DPT::$ && CTR::EN","SEC::MED && DPT::$",different,12,failure,2000,1011953512,505976.756
lp-covercrypt,089a548,"SEC::MED && DPT::$ && CTR::EN","SEC::MED && DPT::$ && CTR::EN",same,24,success,2000,1215735786,607867.893
lp-covercrypt,089a548,"SEC::MED && DPT::$ && CTR::EN","SEC::MED && DPT::$ && CTR::FR",same,24,failure,2000,1907691913,953845.956
lp-covercrypt,089a548,"SEC::MED && DPT::$ && CTR::EN","SEC::MED && DPT::$ && CTR::$",same,48,success,2000,1975195503,987597.752
lp-covercrypt,089a548,"SEC::MED && DPT::$ && CTR::EN","SEC::HIG",different,4,failure,2000,434015965,217007.983
lp-covercrypt,089a548,"SEC::MED && DPT::$ && CTR::EN","SEC::HIG && CTR::EN",different,8,failure,2000,722796124,361398.062
lp-covercrypt,089a548,"SEC::MED && DPT::$ && CTR::EN","SEC::HIG && CTR::FR",different,8,failure,2000,718221955,359110.977
lp-covercrypt,089a548,"SEC::MED && DPT::$ && CTR::EN","SEC::HIG && CTR::$",different,16,failure,2000,1304393606,652196.803
lp-covercrypt,089a548,"SEC::MED && DPT::$ && CTR::EN","SEC::HIG && DPT::DEV",different,8,failure,2000,737988121,368994.061
lp-covercrypt,089a548,"SEC::MED && DPT::$ && CTR::EN","SEC::HIG && DPT::DEV && CTR::EN",same,16,failure,2000,1339890139,669945.069
lp-covercrypt,089a548,"SEC::MED && DPT::$ && CTR::EN","SEC::HIG && DPT::DEV && CTR::FR",same,16,failure,2000,1304968684,652484.342
lp-covercrypt,089a548,"SEC::MED && DPT::$ && CTR::EN","SEC::HIG && DPT::DEV && CTR::$",same,32,failure,2000,2457668832,1228834.416
lp-covercrypt,089a548,"SEC::MED && DPT::$ && CTR::EN","SEC::HIG && DPT::MKG",different,8,failure,2000,718471202,359235.601
lp-covercrypt,089a548,"SEC::MED && DPT::$ && CTR::EN","SEC::HIG && DPT::MKG && CTR::EN",same,16,failure,2000,1305046270,652523.135
lp-covercrypt,089a548,"SEC::MED && DPT::$ && CTR::EN","SEC::HIG && DPT::MKG && CTR::FR",same,16,failure,2000,1302869036,651434.518
lp-covercrypt,089a548,"SEC::MED && DPT::$ && CTR::EN","SEC::HIG && DPT::MKG && CTR::$",same,32,failure,2000,2471429383,1235714.691
lp-covercrypt,089a548,"SEC::MED && DPT::$ && CTR::EN","SEC::HIG && DPT::$",different,16,failure,2000,1316144928,658072.464
lp-covercrypt,089a548,"SEC::MED && DPT::$ && CTR::EN","SEC::HIG && DPT::$ && CTR::EN",same,32,success,2000,1754597937,877298.968
lp-covercrypt,089a548,"SEC::MED && DPT::$ && CTR::EN","SEC::HIG && DPT::$ && CTR::FR",same,32,failure,2000,2660248801,1330124.400
lp-covercrypt,089a548,"SEC::MED && DPT::$ && CTR::EN","SEC::HIG && DPT::$ && CTR::$",same,64,success,2000,2714699767,1357349.883
lp-covercrypt,089a548,"SEC::MED && DPT::$ && CTR::EN","SEC::$",different,5,failure,2000,504532016,252266.008
lp-covercrypt,089a548,"SEC::MED && DPT::$ && CTR::EN","SEC::$ && CTR::EN",different,10,failure,2000,869953776,434976.888
lp-covercrypt,089a548,"SEC::MED && DPT::$ && CTR::EN","SEC::$ && CTR::FR",different,10,failure,2000,854854373,427427.187
lp-covercrypt,089a548,"SEC::MED && DPT::$ && CTR::EN","SEC::$ && CTR::$",different,20,failure,2000,1520525716,760262.858
lp-covercrypt,089a548,"SEC::MED && DPT::$ && CTR::EN","SEC::$ && DPT::DEV",different,10,failure,2000,828979278,414489.639
lp-covercrypt,089a548,"SEC::MED && DPT::$ && CTR::EN","SEC::$ && DPT::DEV && CTR::EN",same,20,failure,2000,1505477799,752738.900
lp-covercrypt,089a548,"SEC::MED && DPT::$ && CTR::EN","SEC::$ && DPT::DEV && CTR::FR",same,20,failure,2000,1514183229,757091.615
lp-covercrypt,089a548,"SEC::MED && DPT::$ && CTR::EN","SEC::$ && DPT::DEV && CTR::$",same,40,failure,2000,2920513442,1460256.721
lp-covercrypt,089a548,"SEC::MED && DPT::$ && CTR::EN","SEC::$ && DPT::MKG",different,10,failure,2000,838312354,419156.177
lp-covercrypt,089a548,"SEC::MED && DPT::$ && CTR::EN","SEC::$ && DPT::MKG && CTR::EN",same,20,failure,2000,1513810840,756905.420
lp-covercrypt,089a548,"SEC::MED && DPT::$ && CTR::EN","SEC::$ && DPT::MKG && CTR::FR",same,20,failure,2000,1517061138,758530.569
lp-covercrypt,089a548,"SEC::MED && DPT::$ && CTR::EN","SEC::$ && DPT::MKG && CTR::$",same,40,failure,2000,2953878557,1476939.279
lp-covercrypt,089a548,"SEC::MED && DPT::$ && CTR::EN","SEC::$ && DPT::$",different,20,failure,2000,1549388856,774694.428
lp-covercrypt,089a548,"SEC::MED && DPT::$ && CTR::EN","SEC::$ && DPT::$ && CTR::EN",same,40,success,2000,1620196754,810098.377
lp-covercrypt,089a548,"SEC::MED && DPT::$ && CTR::EN","SEC::$ && DPT::$ && CTR::FR",same,40,failure,2000,2901331181,1450665.590
lp-covercrypt,089a548,"SEC::MED && DPT::$ && CTR::EN","SEC::$ && DPT::$ && CTR::$",same,80,success,2000,2961583189,1480791.594
lp-covercrypt,089a548,"DPT::MKG && CTR::FR","CTR::EN",different,2,failure,2000,293589741,146794.870
lp-covercrypt,089a548,"DPT::MKG && CTR::FR","CTR::FR",different,2,failure,2000,291470817,145735.408
lp-covercrypt,089a548,"DPT::MKG && CTR::FR","CTR::$",different,4,failure,2000,439486016,219743.008
lp-covercrypt,089a548,"DPT::MKG && CTR::FR","DPT::DEV",different,2,failure,2000,292776425,146388.212
lp-covercrypt,089a548,"DPT::MKG && CTR::FR","DPT::DEV && CTR::EN",different,4,failure,2000,444095181,222047.590
lp-covercrypt,089a548,"DPT::MKG && CTR::FR","DPT::DEV && CTR::FR",different,4,failure,2000,439755812,219877.906
lp-covercrypt,089a548,"DPT::MKG && CTR::FR","DPT::DEV && CTR::$",different,8,failure,2000,751907911,375953.955
lp-covercrypt,089a548,"DPT::MKG && CTR::FR","DPT::MKG",different,2,failure,2000,292337131,146168.565
lp-covercrypt,089a548,"DPT::MKG && CTR::FR","DPT::MKG && CTR::EN",different,4,failure,2000,439978019,219989.009
lp-covercrypt,089a548,"DPT::MKG && CTR::FR","DPT::MKG && CTR::FR",different,4,success,2000,466945563,233472.782
lp-covercrypt,089a548,"DPT::MKG && CTR::FR","DPT::MKG && CTR::$",different,8,success,2000,627182357,313591.178
lp-covercrypt,089a548,"DPT::MKG && CTR::FR","DPT::$",different,4,failure,2000,439194860,219597.430
lp-covercrypt,089a548,"DPT::MKG && CTR::FR","DPT::$ && CTR::EN",different,8,failure,2000,732743954,366371.977
lp-covercrypt,089a548,"DPT::MKG && CTR::FR","DPT::$ && CTR::FR",different,8,success,2000,594107066,297053.533
lp-covercrypt,089a548,"DPT::MKG && CTR::FR","DPT::$ && CTR::$",different,16,success,2000,902788826,451394.413
lp-covercrypt,089a548,"DPT::MKG && CTR::FR","SEC::LOW",different,2,failure,2000,296093928,148046.964
lp-covercrypt,089a548,"DPT::MKG && CTR::FR","SEC::LOW && CTR::EN",different,4,failure,2000,467181576,233590.788
lp-covercrypt,089a548,"DPT::MKG && CTR::FR","SEC::LOW && CTR::FR",different,4,failure,2000,443105936,221552.968
lp-covercrypt,089a548,"DPT::MKG && CTR::FR","SEC::LOW && CTR::$",different,8,failure,2000,746965911,373482.955
lp-covercrypt,089a548,"DPT::MKG && CTR::FR","SEC::LOW && DPT::DEV",different,4,failure,2000,446608847,223304.424
lp-covercrypt,089a548,"DPT::MKG && CTR::FR","SEC::LOW && DPT::DEV && CTR::EN",same,8,failure,2000,765265887,382632.943
lp-covercrypt,089a548,"DPT::MKG && CTR::FR","SEC::LOW && DPT::DEV && CTR::FR",same,8,failure,2000,749528779,374764.389
lp-covercrypt,089a548,"DPT::MKG && CTR::FR","SEC::LOW && DPT::DEV && CTR::$",same,16,failure,2000,1339464280,669732.140
lp-covercrypt,089a548,"DPT::MKG && CTR::FR","SEC::LOW && DPT::MKG",different,4,failure,2000,449389883,224694.941
lp-covercrypt,089a548,"DPT::MKG && CTR::FR","SEC::LOW && DPT::MKG && CTR::EN",same,8,failure,2000,759200701,379600.351
lp-covercrypt,089a548,"DPT::MKG && CTR::FR","SEC::LOW && DPT::MKG && CTR::FR",same,8,success,2000,636232664,318116.332
lp-covercrypt,089a548,"DPT::MKG && CTR::FR","SEC::LOW && DPT::MKG && CTR::$",same,16,success,2000,946797215,473398.607
lp-covercrypt,089a548,"DPT::MKG && CTR::FR","SEC::LOW && DPT::$",different,8,failure,2000,744594483,372297.242
lp-covercrypt,089a548,"DPT::MKG && CTR::FR","SEC::LOW && DPT::$ && CTR::EN",same,16,failure,2000,1347691241,673845.620
lp-covercrypt,089a548,"DPT::MKG && CTR::FR","SEC::LOW && DPT::$ && CTR::FR",same,16,success,2000,897738663,448869.331
lp-covercrypt,089a548,"DPT::MKG && CTR::FR","SEC::LOW && DPT::$ && CTR::$",same,32,success,2000,1623552629,811776.314
lp-covercrypt,089a548,"DPT::MKG && CTR::FR","SEC::MED",different,3,failure,2000,379153798,189576.899
lp-covercrypt,089a548,"DPT::MKG && CTR::FR","SEC::MED && CTR::EN",different,6,failure,2000,601974764,300987.382
lp-covercrypt,089a548,"DPT::MKG && CTR::FR","SEC::MED && CTR::FR",different,6,failure,2000,619956694,309978.347
lp-covercrypt,089a548,"DPT::MKG && CTR::FR","SEC::MED && CTR::$",different,12,failure,2000,1047234720,523617.360
lp-covercrypt,089a548,"DPT::MKG && CTR::FR","SEC::MED && DPT::DEV",different,6,failure,2000,592879142,296439.571
lp-covercrypt,089a548,"DPT::MKG && CTR::FR","SEC::MED && DPT::DEV && CTR::EN",same,12,failure,2000,1044240444,522120.222
lp-covercrypt,089a548,"DPT::MKG && CTR::FR","SEC::MED && DPT::DEV && CTR::FR",same,12,failure,2000,1052970619,526485.309
lp-covercrypt,089a548,"DPT::MKG && CTR::FR","SEC::MED && DPT::DEV && CTR::$",same,24,failure,2000,2023069763,1011534.882
lp-covercrypt,089a548,"DPT::MKG && CTR::FR","SEC::MED && DPT::MKG",different,6,failure,2000,640920807,320460.404
lp-covercrypt,089a548,"DPT::MKG && CTR::FR","SEC::MED && DPT::MKG && CTR::EN",same,12,failure,2000,1541611357,770805.679
lp-covercrypt,089a548,"DPT::MKG && CTR::FR","SEC::MED && DPT::MKG && CTR::FR",same,12,success,2000,1019294562,509647.281
lp-covercrypt,089a548,"DPT::MKG && CTR::FR","SEC::MED && DPT::MKG && CTR::$",same,24,success,2000,1783744548,891872.274
lp-covercrypt,089a548,"DPT::MKG && CTR::FR","SEC::MED && DPT::$",different,12,failure,2000,1790057761,895028.880
lp-covercrypt,089a548,"DPT::MKG && CTR::FR","SEC::MED && DPT::$ && CTR::EN",same,24,failure,2000,2354248552,1177124.276
lp-covercrypt,089a548,"DPT::MKG && CTR::FR","SEC::MED && DPT::$ && CTR::FR",same,24,success,2000,1430508436,715254.218
lp-covercrypt,089a548,"DPT::MKG && CTR::FR","SEC::MED && DPT::$ && CTR::$",same,48,success,2000,3108762691,1554381.346
lp-covercrypt,089a548,"DPT::MKG && CTR::FR","SEC::HIG",different,4,failure,2000,689944643,344972.322
lp-covercrypt,089a548,"DPT::MKG && CTR::FR","SEC::HIG && CTR::EN",different,8,failure,2000,1143373963,571686.981
lp-covercrypt,089a548,"DPT::MKG && CTR::FR","SEC::HIG && CTR::FR",different,8,failure,2000,1262672327,631336.164
lp-covercrypt,089a548,"DPT::MKG && CTR::FR","SEC::HIG && CTR::$",different,16,failure,2000,2043847957,1021923.978
lp-covercrypt,089a548,"DPT::MKG && CTR::FR","SEC::HIG && DPT::DEV",different,8,failure,2000,1124166646,562083.323
lp-covercrypt,089a548,"DPT::MKG && CTR::FR","SEC::HIG && DPT::DEV && CTR::EN",same,16,failure,2000,1989916916,994958.458
lp-covercrypt,089a548,"DPT::MKG && CTR::FR","SEC::HIG && DPT::DEV && CTR::FR",same,16,failure,2000,1715220685,857610.343
lp-covercrypt,089a548,"DPT::MKG && CTR::FR","SEC::HIG && DPT::DEV && CTR::$",same,32,failure,2000,2587597416,1293798.708
lp-covercrypt,089a548,"DPT::MKG && CTR::FR","SEC::HIG && DPT::MKG",different,8,failure,2000,732128209,366064.105
lp-covercrypt,089a548,"DPT::MKG && CTR::FR","SEC::HIG && DPT::MKG && CTR::EN",same,16,failure,2000,1327408807,663704.404
lp-covercrypt,089a548,"DPT::MKG && CTR::FR","SEC::HIG && DPT::MKG && CTR::FR",same,16,success,2000,890192228,445096.114
lp-covercrypt,089a548,"DPT::MKG && CTR::FR","SEC::HIG && DPT::MKG && CTR::$",same,32,success,2000,1487457047,743728.524
lp-covercrypt,089a548,"DPT::MKG && CTR::FR","SEC::HIG && DPT::$",different,16,failure,2000,1326288124,663144.062
lp-covercrypt,089a548,"DPT::MKG && CTR::FR","SEC::HIG && DPT::$ && CTR::EN",same,32,failure,2000,2524248258,1262124.129
lp-covercrypt,089a548,"DPT::MKG && CTR::FR","SEC::HIG && DPT::$ && CTR::FR",same,32,success,2000,1647610936,823805.468
lp-covercrypt,089a548,"DPT::MKG && CTR::FR","SEC::HIG && DPT::$ && CTR::$",same,64,success,2000,2609085852,1304542.926
lp-covercrypt,089a548,"DPT::MKG && CTR::FR","SEC::$",different,5,failure,2000,511948237,255974.119
lp-covercrypt,089a548,"DPT::MKG && CTR::FR","SEC::$ && CTR::EN",different,10,failure,2000,883472163,441736.081
lp-covercrypt,089a548,"DPT::MKG && CTR::FR","SEC::$ && CTR::FR",different,10,failure,2000,975576016,487788.008
lp-covercrypt,089a548,"DPT::MKG && CTR::FR","SEC::$ && CTR::$",different,20,failure,2000,1686780117,843390.059
lp-covercrypt,089a548,"DPT::MKG && CTR::FR","SEC::$ && DPT::DEV",different,10,failure,2000,932009837,466004.919
lp-covercrypt,089a548,"DPT::MKG && CTR::FR","SEC::$ && DPT::DEV && CTR::EN",same,20,failure,2000,1668945374,834472.687
lp-covercrypt,089a548,"DPT::MKG && CTR::FR","SEC::$ && DPT::DEV && CTR::FR",same,20,failure,2000,1740537673,870268.836
lp-covercrypt,089a548,"DPT::MKG && CTR::FR","SEC::$ && DPT::DEV && CTR::$",same,40,failure,2000,3244130607,1622065.303
lp-covercrypt,089a548,"DPT::MKG && CTR::FR","SEC::$ && DPT::MKG",different,10,failure,2000,917939705,458969.852
lp-covercrypt,089a548,"DPT::MKG && CTR::FR","SEC::$ && DPT::MKG && CTR::EN",same,20,failure,2000,1655612194,827806.097
lp-covercrypt,089a548,"DPT::MKG && CTR::FR","SEC::$ && DPT::MKG && CTR::FR",same,20,success,2000,1062412049,531206.025
lp-covercrypt,089a548,"DPT::MKG && CTR::FR","SEC::$ && DPT::MKG && CTR::$",same,40,success,2000,1816807276,908403.638
lp-covercrypt,089a548,"DPT::MKG && CTR::FR","SEC::$ && DPT::$",different,20,failure,2000,1614073758,807036.879
lp-covercrypt,089a548,"DPT::MKG && CTR::FR","SEC::$ && DPT::$ && CTR::EN",same,40,failure,2000,3117130917,1558565.458
lp-covercrypt,089a548,"DPT::MKG && CTR::FR","SEC::$ && DPT::$ && CTR::FR",same,40,success,2000,1712651045,856325.522
lp-covercrypt,089a548,"DPT::MKG && CTR::FR","SEC::$ && DPT::$ && CTR::$",same,80,success,2000,3588287439,1794143.719
lp-covercrypt,089a548,"SEC::LOW && DPT::DEV && CTR::FR","CTR::EN",different,2,failure,2000,296525237,148262.619
lp-covercrypt,089a548,"SEC::LOW && DPT::DEV && CTR::FR","CTR::FR",different,2,failure,2000,293195381,146597.690
lp-covercrypt,089a548,"SEC::LOW && DPT::DEV && CTR::FR","CTR::$",different,4,failure,2000,441774408,220887.204
lp-covercrypt,089a548,"SEC::LOW && DPT::DEV && CTR::FR","DPT::DEV",different,2,failure,2000,294368321,147184.160
lp-covercrypt,089a548,"SEC::LOW && DPT::DEV && CTR::FR","DPT::DEV && CTR::EN",different,4,failure,2000,444657255,222328.628
lp-covercrypt,089a548,"SEC::LOW && DPT::DEV && CTR::FR","DPT::DEV && CTR::FR",different,4,failure,2000,441394656,220697.328
lp-covercrypt,089a548,"SEC::LOW && DPT::DEV && CTR::FR","DPT::DEV && CTR::$",different,8,failure,2000,756233745,378116.872
lp-covercrypt,089a548,"SEC::LOW && DPT::DEV && CTR::FR","DPT::MKG",different,2,failure,2000,295424512,147712.256
lp-covercrypt,089a548,"SEC::LOW && DPT::DEV && CTR::FR","DPT::MKG && CTR::EN",different,4,failure,2000,440074029,220037.014
lp-covercrypt,089a548,"SEC::LOW && DPT::DEV && CTR::FR","DPT::MKG && CTR::FR",different,4,failure,2000,438630681,219315.340
lp-covercrypt,089a548,"SEC::LOW && DPT::DEV && CTR::FR","DPT::MKG && CTR::$",different,8,failure,2000,732309359,366154.680
lp-covercrypt,089a548,"SEC::LOW && DPT::DEV && CTR::FR","DPT::$",different,4,failure,2000,438706794,219353.397
lp-covercrypt,089a548,"SEC::LOW && DPT::DEV && CTR::FR","DPT::$ && CTR::EN",different,8,failure,2000,736225915,368112.958
lp-covercrypt,089a548,"SEC::LOW && DPT::DEV && CTR::FR","DPT::$ && CTR::FR",different,8,failure,2000,733123186,366561.593
lp-covercrypt,089a548,"SEC::LOW && DPT::DEV && CTR::FR","DPT::$ && CTR::$",different,16,failure,2000,1327118202,663559.101
lp-covercrypt,089a548,"SEC::LOW && DPT::DEV && CTR::FR","SEC::LOW",different,2,failure,2000,292222086,146111.043
lp-covercrypt,089a548,"SEC::LOW && DPT::DEV && CTR::FR","SEC::LOW && CTR::EN",different,4,failure,2000,439549706,219774.853
lp-covercrypt,089a548,"SEC::LOW && DPT::DEV && CTR::FR","SEC::LOW && CTR::FR",different,4,failure,2000,438322102,219161.051
lp-covercrypt,089a548,"SEC::LOW && DPT::DEV && CTR::FR","SEC::LOW && CTR::$",different,8,failure,2000,742747258,371373.629
lp-covercrypt,089a548,"SEC::LOW && DPT::DEV && CTR::FR","SEC::LOW && DPT::DEV",different,4,failure,2000,439433187,219716.593
lp-covercrypt,089a548,"SEC::LOW && DPT::DEV && CTR::FR","SEC::LOW && DPT::DEV && CTR::EN",same,8,failure,2000,733665022,366832.511
lp-covercrypt,089a548,"SEC::LOW && DPT::DEV && CTR::FR","SEC::LOW && DPT::DEV && CTR::FR",same,8,success,2000,598904465,299452.232
lp-covercrypt,089a548,"SEC::LOW && DPT::DEV && CTR::FR","SEC::LOW && DPT::DEV && CTR::$",same,16,success,2000,890760915,445380.458
lp-covercrypt,089a548,"SEC::LOW && DPT::DEV && CTR::FR","SEC::LOW && DPT::MKG",different,4,failure,2000,438511067,219255.533
lp-covercrypt,089a548,"SEC::LOW && DPT::DEV && CTR::FR","SEC::LOW && DPT::MKG && CTR::EN",same,8,failure,2000,733636439,366818.220
lp-covercrypt,089a548,"SEC::LOW && DPT::DEV && CTR::FR","SEC::LOW && DPT::MKG && CTR::FR",same,8,failure,2000,733179442,366589.721
lp-covercrypt,089a548,"SEC::LOW && DPT::DEV && CTR::FR","SEC::LOW && DPT::MKG && CTR::$",same,16,failure,2000,1319591123,659795.561
lp-covercrypt,089a548,"SEC::LOW && DPT::DEV && CTR::FR","SEC::LOW && DPT::$",different,8,failure,2000,732284101,366142.051
lp-covercrypt,089a548,"SEC::LOW && DPT::DEV && CTR::FR","SEC::LOW && DPT::$ && CTR::EN",same,16,failure,2000,1321727941,660863.971
lp-covercrypt,089a548,"SEC::LOW && DPT::DEV && CTR::FR","SEC::LOW && DPT::$ && CTR::FR",same,16,success,2000,880482785,440241.393
lp-covercrypt,089a548,"SEC::LOW && DPT::DEV && CTR::FR","SEC::LOW && DPT::$ && CTR::$",same,32,success,2000,1584298557,792149.279
lp-covercrypt,089a548,"SEC::LOW && DPT::DEV && CTR::FR","SEC::MED",different,3,failure,2000,368015014,184007.507
lp-covercrypt,089a548,"SEC::LOW && DPT::DEV && CTR::FR","SEC::MED && CTR::EN",different,6,failure,2000,586735078,293367.539
lp-covercrypt,089a548,"SEC::LOW && DPT::DEV && CTR::FR","SEC::MED && CTR::FR",different,6,failure,2000,585114739,292557.369
lp-covercrypt,089a548,"SEC::LOW && DPT::DEV && CTR::FR","SEC::MED && CTR::$",different,12,failure,2000,1026358832,513179.416
lp-covercrypt,089a548,"SEC::LOW && DPT::DEV && CTR::FR","SEC::MED && DPT::DEV",different,6,failure,2000,585465376,292732.688
lp-covercrypt,089a548,"SEC::LOW && DPT::DEV && CTR::FR","SEC::MED && DPT::DEV && CTR::EN",same,12,failure,2000,1024796432,512398.216
lp-covercrypt,089a548,"SEC::LOW && DPT::DEV && CTR::FR","SEC::MED && DPT::DEV && CTR::FR",same,12,success,2000,787996485,393998.242
lp-covercrypt,089a548,"SEC::LOW && DPT::DEV && CTR::FR","SEC::MED && DPT::DEV && CTR::$",same,24,success,2000,1224437418,612218.709
lp-covercrypt,089a548,"SEC::LOW && DPT::DEV && CTR::FR","SEC::MED && DPT::MKG",different,6,failure,2000,589279722,294639.861
lp-covercrypt,089a548,"SEC::LOW && DPT::DEV && CTR::FR","SEC::MED && DPT::MKG && CTR::EN",same,12,failure,2000,1044576835,522288.417
lp-covercrypt,089a548,"SEC::LOW && DPT::DEV && CTR::FR","SEC::MED && DPT::MKG && CTR::FR",same,12,failure,2000,1025520479,512760.240
lp-covercrypt,089a548,"SEC::LOW && DPT::DEV && CTR::FR","SEC::MED && DPT::MKG && CTR::$",same,24,failure,2000,1927407324,963703.662
lp-covercrypt,089a548,"SEC::LOW && DPT::DEV && CTR::FR","SEC::MED && DPT::$",different,12,failure,2000,1035132039,517566.019
lp-covercrypt,089a548,"SEC::LOW && DPT::DEV && CTR::FR","SEC::MED && DPT::$ && CTR::EN",same,24,failure,2000,1916833961,958416.980
lp-covercrypt,089a548,"SEC::LOW && DPT::DEV && CTR::FR","SEC::MED && DPT::$ && CTR::FR",same,24,success,2000,1173980304,586990.152
lp-covercrypt,089a548,"SEC::LOW && DPT::DEV && CTR::FR","SEC::MED && DPT::$ && CTR::$",same,48,success,2000,2050561320,1025280.660
lp-covercrypt,089a548,"SEC::LOW && DPT::DEV && CTR::FR","SEC::HIG",different,4,failure,2000,439095924,219547.962
lp-covercrypt,089a548,"SEC::LOW && DPT::DEV && CTR::FR","SEC::HIG && CTR::EN",different,8,failure,2000,732758943,366379.471
lp-covercrypt,089a548,"SEC::LOW && DPT::DEV && CTR::FR","SEC::HIG && CTR::FR",different,8,failure,2000,735611373,367805.687
lp-covercrypt,089a548,"SEC::LOW && DPT::DEV && CTR::FR","SEC::HIG && CTR::$",different,16,failure,2000,1324112955,662056.478
lp-covercrypt,089a548,"SEC::LOW && DPT::DEV && CTR::FR","SEC::HIG && DPT::DEV",different,8,failure,2000,737426588,368713.294
lp-covercrypt,089a548,"SEC::LOW && DPT::DEV && CTR::FR","SEC::HIG && DPT::DEV && CTR::EN",same,16,failure,2000,1335763738,667881.869
lp-covercrypt,089a548,"SEC::LOW && DPT::DEV && CTR::FR","SEC::HIG && DPT::DEV && CTR::FR",same,16,success,2000,969005322,484502.661
lp-covercrypt,089a548,"SEC::LOW && DPT::DEV && CTR::FR","SEC::HIG && DPT::DEV && CTR::$",same,32,success,2000,1456474632,728237.316
lp-covercrypt,089a548,"SEC::LOW && DPT::DEV && CTR::FR","SEC::HIG && DPT::MKG",different,8,failure,2000,735567470,367783.735
lp-covercrypt,089a548,"SEC::LOW && DPT::DEV && CTR::FR","SEC::HIG && DPT::MKG && CTR::EN",same,16,failure,2000,1321471019,660735.510
lp-covercrypt,089a548,"SEC::LOW && DPT::DEV && CTR::FR","SEC::HIG && DPT::MKG && CTR::FR",same,16,failure,2000,1320204293,660102.147
lp-covercrypt,089a548,"SEC::LOW && DPT::DEV && CTR::FR","SEC::HIG && DPT::MKG && CTR::$",same,32,failure,2000,2497189934,1248594.967
lp-covercrypt,089a548,"SEC::LOW && DPT::DEV && CTR::FR","SEC::HIG && DPT::$",different,16,failure,2000,1321304978,660652.489
lp-covercrypt,089a548,"SEC::LOW && DPT::DEV && CTR::FR","SEC::HIG && DPT::$ && CTR::EN",same,32,failure,2000,2530579393,1265289.697
lp-covercrypt,089a548,"SEC::LOW && DPT::DEV && CTR::FR","SEC::HIG && DPT::$ && CTR::FR",same,32,success,2000,1495579653,747789.826
lp-covercrypt,089a548,"SEC::LOW && DPT::DEV && CTR::FR","SEC::HIG && DPT::$ && CTR::$",same,64,success,2000,2707949736,1353974.868
lp-covercrypt,089a548,"SEC::LOW && DPT::DEV && CTR::FR","SEC::$",different,5,failure,2000,591316982,295658.491
lp-covercrypt,089a548,"SEC::LOW && DPT::DEV && CTR::FR","SEC::$ && CTR::EN",different,10,failure,2000,922333587,461166.794
lp-covercrypt,089a548,"SEC::LOW && DPT::DEV && CTR::FR","SEC::$ && CTR::FR",different,10,failure,2000,928449909,464224.954
lp-covercrypt,089a548,"SEC::LOW && DPT::DEV && CTR::FR","SEC::$ && CTR::$",different,20,failure,2000,1657669824,828834.912
lp-covercrypt,089a548,"SEC::LOW && DPT::DEV && CTR::FR","SEC::$ && DPT::DEV",different,10,failure,2000,911256529,455628.264
lp-covercrypt,089a548,"SEC::LOW && DPT::DEV && CTR::FR","SEC::$ && DPT::DEV && CTR::EN",same,20,failure,2000,1654194565,827097.282
lp-covercrypt,089a548,"SEC::LOW && DPT::DEV && CTR::FR","SEC::$ && DPT::DEV && CTR::FR",same,20,success,2000,1102284580,551142.290
lp-covercrypt,089a548,"SEC::LOW && DPT::DEV && CTR::FR","SEC::$ && DPT::DEV && CTR::$",same,40,success,2000,1996383957,998191.978
lp-covercrypt,089a548,"SEC::LOW && DPT::DEV && CTR::FR","SEC::$ && DPT::MKG",different,10,failure,2000,907452864,453726.432
lp-covercrypt,089a548,"SEC::LOW && DPT::DEV && CTR::FR","SEC::$ && DPT::MKG && CTR::EN",same,20,failure,2000,1648655836,824327.918
lp-covercrypt,089a548,"SEC::LOW && DPT::DEV && CTR::FR","SEC::$ && DPT::MKG && CTR::FR",same,20,failure,2000,1642527170,821263.585
lp-covercrypt,089a548,"SEC::LOW && DPT::DEV && CTR::FR","SEC::$ && DPT::MKG && CTR::$",same,40,failure,2000,3142192066,1571096.033
lp-covercrypt,089a548,"SEC::LOW && DPT::DEV && CTR::FR","SEC::$ && DPT::$",different,20,failure,2000,1631379981,815689.990
lp-covercrypt,089a548,"SEC::LOW && DPT::DEV && CTR::FR","SEC::$ && DPT::$ && CTR::EN",same,40,failure,2000,3101911290,1550955.645
lp-covercrypt,089a548,"SEC::LOW && DPT::DEV && CTR::FR","SEC::$ && DPT::$ && CTR::FR",same,40,success,2000,1823717147,911858.574
lp-covercrypt,089a548,"SEC::LOW && DPT::DEV && CTR::FR","SEC::$ && DPT::$ && CTR::$",same,80,success,2000,3569114355,1784557.177
lp-covercrypt,089a548,"SEC::MED && CTR::FR","CTR::EN",different,2,failure,2000,296678675,148339.337
lp-covercrypt,089a548,"SEC::MED && CTR::FR","CTR::FR",different,2,failure,2000,298207573,149103.786
lp-covercrypt,089a548,"SEC::MED && CTR::FR","CTR::$",different,4,failure,2000,443903372,221951.686
lp-covercrypt,089a548,"SEC::MED && CTR::FR","DPT::DEV",different,2,failure,2000,294603873,147301.937
lp-covercrypt,089a548,"SEC::MED && CTR::FR","DPT::DEV && CTR::EN",different,4,failure,2000,442927552,221463.776
lp-covercrypt,089a548,"SEC::MED && CTR::FR","DPT::DEV && CTR::FR",different,4,failure,2000,440498565,220249.283
lp-covercrypt,089a548,"SEC::MED && CTR::FR","DPT::DEV && CTR::$",different,8,failure,2000,737577561,368788.780
lp-covercrypt,089a548,"SEC::MED && CTR::FR","DPT::MKG",different,2,failure,2000,293815544,146907.772
lp-covercrypt,089a548,"SEC::MED && CTR::FR","DPT::MKG && CTR::EN",different,4,failure,2000,440300533,220150.266
lp-covercrypt,089a548,"SEC::MED && CTR::FR","DPT::MKG && CTR::FR",different,4,failure,2000,440960972,220480.486
lp-covercrypt,089a548,"SEC::MED && CTR::FR","DPT::MKG && CTR::$",different,8,failure,2000,735370020,367685.010
lp-covercrypt,089a548,"SEC::MED && CTR::FR","DPT::$",different,4,failure,2000,444236226,222118.113
lp-covercrypt,089a548,"SEC::MED && CTR::FR","DPT::$ && CTR::EN",different,8,failure,2000,734267903,367133.952
lp-covercrypt,089a548,"SEC::MED && CTR::FR","DPT::$ && CTR::FR",different,8,failure,2000,731855919,365927.959
lp-covercrypt,089a548,"SEC::MED && CTR::FR","DPT::$ && CTR::$",different,16,failure,2000,1329795223,664897.611
lp-covercrypt,089a548,"SEC::MED && CTR::FR","SEC::LOW",different,2,failure,2000,338513126,169256.563
lp-covercrypt,089a548,"SEC::MED && CTR::FR","SEC::LOW && CTR::EN",different,4,failure,2000,512230315,256115.158
lp-covercrypt,089a548,"SEC::MED && CTR::FR","SEC::LOW && CTR::FR",different,4,failure,2000,445828001,222914.000
lp-covercrypt,089a548,"SEC::MED && CTR::FR","SEC::LOW && CTR::$",different,8,failure,2000,743235874,371617.937
lp-covercrypt,089a548,"SEC::MED && CTR::FR","SEC::LOW && DPT::DEV",different,4,failure,2000,445541995,222770.997
lp-covercrypt,089a548,"SEC::MED && CTR::FR","SEC::LOW && DPT::DEV && CTR::EN",same,8,failure,2000,742061973,371030.986
lp-covercrypt,089a548,"SEC::MED && CTR::FR","SEC::LOW && DPT::DEV && CTR::FR",same,8,failure,2000,743426822,371713.411
lp-covercrypt,089a548,"SEC::MED && CTR::FR","SEC::LOW && DPT::DEV && CTR::$",same,16,failure,2000,1338121572,669060.786
lp-covercrypt,089a548,"SEC::MED && CTR::FR","SEC::LOW && DPT::MKG",different,4,failure,2000,447374353,223687.177
lp-covercrypt,089a548,"SEC::MED && CTR::FR","SEC::LOW && DPT::MKG && CTR::EN",same,8,failure,2000,747568231,373784.116
lp-covercrypt,089a548,"SEC::MED && CTR::FR","SEC::LOW && DPT::MKG && CTR::FR",same,8,failure,2000,790806705,395403.352
lp-covercrypt,089a548,"SEC::MED && CTR::FR","SEC::LOW && DPT::MKG && CTR::$",same,16,failure,2000,1393703810,696851.905
lp-covercrypt,089a548,"SEC::MED && CTR::FR","SEC::LOW && DPT::$",different,8,failure,2000,746947967,373473.983
lp-covercrypt,089a548,"SEC::MED && CTR::FR","SEC::LOW && DPT::$ && CTR::EN",same,16,failure,2000,1324773533,662386.767
lp-covercrypt,089a548,"SEC::MED && CTR::FR","SEC::LOW && DPT::$ && CTR::FR",same,16,failure,2000,1325863438,662931.719
lp-covercrypt,089a548,"SEC::MED && CTR::FR","SEC::LOW && DPT::$ && CTR::$",same,32,failure,2000,2539764282,1269882.141
lp-covercrypt,089a548,"SEC::MED && CTR::FR","SEC::MED",different,3,failure,2000,373756423,186878.212
lp-covercrypt,089a548,"SEC::MED && CTR::FR","SEC::MED && CTR::EN",different,6,failure,2000,597962508,298981.254
lp-covercrypt,089a548,"SEC::MED && CTR::FR","SEC::MED && CTR::FR",different,6,success,2000,531075274,265537.637
lp-covercrypt,089a548,"SEC::MED && CTR::FR","SEC::MED && CTR::$",different,12,success,2000,792500352,396250.176
lp-covercrypt,089a548,"SEC::MED && CTR::FR","SEC::MED && DPT::DEV",different,6,failure,2000,587549305,293774.653
lp-covercrypt,089a548,"SEC::MED && CTR::FR","SEC::MED && DPT::DEV && CTR::EN",same,12,failure,2000,1030358054,515179.027
lp-covercrypt,089a548,"SEC::MED && CTR::FR","SEC::MED && DPT::DEV && CTR::FR",same,12,success,2000,741905759,370952.879
lp-covercrypt,089a548,"SEC::MED && CTR::FR","SEC::MED && DPT::DEV && CTR::$",same,24,success,2000,1168535700,584267.850
lp-covercrypt,089a548,"SEC::MED && CTR::FR","SEC::MED && DPT::MKG",different,6,failure,2000,585949675,292974.838
lp-covercrypt,089a548,"SEC::MED && CTR::FR","SEC::MED && DPT::MKG && CTR::EN",same,12,failure,2000,1029046203,514523.101
lp-covercrypt,089a548,"SEC::MED && CTR::FR","SEC::MED && DPT::MKG && CTR::FR",same,12,success,2000,787317140,393658.570
lp-covercrypt,089a548,"SEC::MED && CTR::FR","SEC::MED && DPT::MKG && CTR::$",same,24,success,2000,1215553905,607776.953
lp-covercrypt,089a548,"SEC::MED && CTR::FR","SEC::MED && DPT::$",different,12,failure,2000,1030339619,515169.809
lp-covercrypt,089a548,"SEC::MED && CTR::FR","SEC::MED && DPT::$ && CTR::EN",same,24,failure,2000,1911088163,955544.081
lp-covercrypt,089a548,"SEC::MED && CTR::FR","SEC::MED && DPT::$ && CTR::FR",same,24,success,2000,1162070694,581035.347
lp-covercrypt,089a548,"SEC::MED && CTR::FR","SEC::MED && DPT::$ && CTR::$",same,48,success,2000,2201299748,1100649.874
lp-covercrypt,089a548,"SEC::MED && CTR::FR","SEC::HIG",different,4,failure,2000,444107234,222053.617
lp-covercrypt,089a548,"SEC::MED && CTR::FR","SEC::HIG && CTR::EN",different,8,failure,2000,738475766,369237.883
lp-covercrypt,089a548,"SEC::MED && CTR::FR","SEC::HIG && CTR::FR",different,8,success,2000,606293044,303146.522
lp-covercrypt,089a548,"SEC::MED && CTR::FR","SEC::HIG && CTR::$",different,16,success,2000,952082088,476041.044
lp-covercrypt,089a548,"SEC::MED && CTR::FR","SEC::HIG && DPT::DEV",different,8,failure,2000,744772156,372386.078
lp-covercrypt,089a548,"SEC::MED && CTR::FR","SEC::HIG && DPT::DEV && CTR::EN",same,16,failure,2000,1345308312,672654.156
lp-covercrypt,089a548,"SEC::MED && CTR::FR","SEC::HIG && DPT::DEV && CTR::FR",same,16,success,2000,927583674,463791.837
lp-covercrypt,089a548,"SEC::MED && CTR::FR","SEC::HIG && DPT::DEV && CTR::$",same,32,success,2000,1513837090,756918.545
lp-covercrypt,089a548,"SEC::MED && CTR::FR","SEC::HIG && DPT::MKG",different,8,failure,2000,736800484,368400.242
lp-covercrypt,089a548,"SEC::MED && CTR::FR","SEC::HIG && DPT::MKG && CTR::EN",same,16,failure,2000,1327505348,663752.674
lp-covercrypt,089a548,"SEC::MED && CTR::FR","SEC::HIG && DPT::MKG && CTR::FR",same,16,success,2000,905792941,452896.470
lp-covercrypt,089a548,"SEC::MED && CTR::FR","SEC::HIG && DPT::MKG && CTR::$",same,32,success,2000,1529449735,764724.868
lp-covercrypt,089a548,"SEC::MED && CTR::FR","SEC::HIG && DPT::$",different,16,failure,2000,1348490520,674245.260
lp-covercrypt,089a548,"SEC::MED && CTR::FR","SEC::HIG && DPT::$ && CTR::EN",same,32,failure,2000,2506790452,1253395.226
lp-covercrypt,089a548,"SEC::MED && CTR::FR","SEC::HIG && DPT::$ && CTR::FR",same,32,success,2000,1489834477,744917.238
lp-covercrypt,089a548,"SEC::MED && CTR::FR","SEC::HIG && DPT::$ && CTR::$",same,64,success,2000,2651458954,1325729.477
lp-covercrypt,089a548,"SEC::MED && CTR::FR","SEC::$",different,5,failure,2000,523907399,261953.699
lp-covercrypt,089a548,"SEC::MED && CTR::FR","SEC::$ && CTR::EN",different,10,failure,2000,891431542,445715.771
lp-covercrypt,089a548,"SEC::MED && CTR::FR","SEC::$ && CTR::FR",different,10,success,2000,685803646,342901.823
lp-covercrypt,089a548,"SEC::MED && CTR::FR","SEC::$ && CTR::$",different,20,success,2000,1108276209,554138.105
lp-covercrypt,089a548,"SEC::MED && CTR::FR","SEC::$ && DPT::DEV",different,10,failure,2000,893665152,446832.576
lp-covercrypt,089a548,"SEC::MED && CTR::FR","SEC::$ && DPT::DEV && CTR::EN",same,20,failure,2000,1671503422,835751.711
lp-covercrypt,089a548,"SEC::MED && CTR::FR","SEC::$ && DPT::DEV && CTR::FR",same,20,success,2000,1045934662,522967.331
lp-covercrypt,089a548,"SEC::MED && CTR::FR","SEC::$ && DPT::DEV && CTR::$",same,40,success,2000,1718862185,859431.093
lp-covercrypt,089a548,"SEC::MED && CTR::FR","SEC::$ && DPT::MKG",different,10,failure,2000,882974489,441487.244
lp-covercrypt,089a548,"SEC::MED && CTR::FR","SEC::$ && DPT::MKG && CTR::EN",same,20,failure,2000,1639214767,819607.383
lp-covercrypt,089a548,"SEC::MED && CTR::FR","SEC::$ && DPT::MKG && CTR::FR",same,20,success,2000,1124920579,562460.289
lp-covercrypt,089a548,"SEC::MED && CTR::FR","SEC::$ && DPT::MKG && CTR::$",same,40,success,2000,1787728221,893864.110
lp-covercrypt,089a548,"SEC::MED && CTR::FR","SEC::$ && DPT::$",different,20,failure,2000,1615157220,807578.610
lp-covercrypt,089a548,"SEC::MED && CTR::FR","SEC::$ && DPT::$ && CTR::EN",same,40,failure,2000,3269935892,1634967.946
lp-covercrypt,089a548,"SEC::MED && CTR::FR","SEC::$ && DPT::$ && CTR::FR",same,40,success,2000,1722535104,861267.552
lp-covercrypt,089a548,"SEC::MED && CTR::FR","SEC::$ && DPT::$ && CTR::$",same,80,success,2000,3539560530,1769780.265
lp-covercrypt,089a548,"SEC::MED && DPT::$ && CTR::FR","CTR::EN",different,2,failure,2000,294171603,147085.802
lp-covercrypt,089a548,"SEC::MED && DPT::$ && CTR::FR","CTR::FR",different,2,failure,2000,292284122,146142.061
lp-covercrypt,089a548,"SEC::MED && DPT::$ && CTR::FR","CTR::$",different,4,failure,2000,434995593,217497.796
lp-covercrypt,089a548,"SEC::MED && DPT::$ && CTR::FR","DPT::DEV",different,2,failure,2000,290727643,145363.821
lp-covercrypt,089a548,"SEC::MED && DPT::$ && CTR::FR","DPT::DEV && CTR::EN",different,4,failure,2000,438119182,219059.591
lp-covercrypt,089a548,"SEC::MED && DPT::$ && CTR::FR","DPT::DEV && CTR::FR",different,4,failure,2000,443388375,221694.188
lp-covercrypt,089a548,"SEC::MED && DPT::$ && CTR::FR","DPT::DEV && CTR::$",different,8,failure,2000,744062065,372031.032
lp-covercrypt,089a548,"SEC::MED && DPT::$ && CTR::FR","DPT::MKG",different,2,failure,2000,286639925,143319.962
lp-covercrypt,089a548,"SEC::MED && DPT::$ && CTR::FR","DPT::MKG && CTR::EN",different,4,failure,2000,433918142,216959.071
lp-covercrypt,089a548,"SEC::MED && DPT::$ && CTR::FR","DPT::MKG && CTR::FR",different,4,failure,2000,434496807,217248.403
lp-covercrypt,089a548,"SEC::MED && DPT::$ && CTR::FR","DPT::MKG && CTR::$",different,8,failure,2000,733903760,366951.880
lp-covercrypt,089a548,"SEC::MED && DPT::$ && CTR::FR","DPT::$",different,4,failure,2000,432969673,216484.837
lp-covercrypt,089a548,"SEC::MED && DPT::$ && CTR::FR","DPT::$ && CTR::EN",different,8,failure,2000,728579914,364289.957
lp-covercrypt,089a548,"SEC::MED && DPT::$ && CTR::FR","DPT::$ && CTR::FR",different,8,failure,2000,723356957,361678.479
lp-covercrypt,089a548,"SEC::MED && DPT::$ && CTR::FR","DPT::$ && CTR::$",different,16,failure,2000,1296623622,648311.811
lp-covercrypt,089a548,"SEC::MED && DPT::$ && CTR::FR","SEC::LOW",different,2,failure,2000,288153534,144076.767
lp-covercrypt,089a548,"SEC::MED && DPT::$ && CTR::FR","SEC::LOW && CTR::EN",different,4,failure,2000,432888961,216444.481
lp-covercrypt,089a548,"SEC::MED && DPT::$ && CTR::FR","SEC::LOW && CTR::FR",different,4,failure,2000,434052173,217026.087
lp-covercrypt,089a548,"SEC::MED && DPT::$ && CTR::FR","SEC::LOW && CTR::$",different,8,failure,2000,717474142,358737.071
lp-covercrypt,089a548,"SEC::MED && DPT::$ && CTR::FR","SEC::LOW && DPT::DEV",different,4,failure,2000,429464248,214732.124
lp-covercrypt,089a548,"SEC::MED && DPT::$ && CTR::FR","SEC::LOW && DPT::DEV && CTR::EN",same,8,failure,2000,717214585,358607.292
lp-covercrypt,089a548,"SEC::MED && DPT::$ && CTR::FR","SEC::LOW && DPT::DEV && CTR::FR",same,8,failure,2000,723151090,361575.545
lp-covercrypt,089a548,"SEC::MED && DPT::$ && CTR::FR","SEC::LOW && DPT::DEV && CTR::$",same,16,failure,2000,1299391523,649695.762
lp-covercrypt,089a548,"SEC::MED && DPT::$ && CTR::FR","SEC::LOW && DPT::MKG",different,4,failure,2000,432313092,216156.546
lp-covercrypt,089a548,"SEC::MED && DPT::$ && CTR::FR","SEC::LOW && DPT::MKG && CTR::EN",same,8,failure,2000,758169586,379084.793
lp-covercrypt,089a548,"SEC::MED && DPT::$ && CTR::FR","SEC::LOW && DPT::MKG && CTR::FR",same,8,failure,2000,734934784,367467.392
lp-covercrypt,089a548,"SEC::MED && DPT::$ && CTR::FR","SEC::LOW && DPT::MKG && CTR::$",same,16,failure,2000,1313992471,656996.235
lp-covercrypt,089a548,"SEC::MED && DPT::$ && CTR::FR","SEC::LOW && DPT::$",different,8,failure,2000,723510825,361755.412
lp-covercrypt,089a548,"SEC::MED && DPT::$ && CTR::FR","SEC::LOW && DPT::$ && CTR::EN",same,16,failure,2000,1305361672,652680.836
lp-covercrypt,089a548,"SEC::MED && DPT::$ && CTR::FR","SEC::LOW && DPT::$ && CTR::FR",same,16,failure,2000,1292695603,646347.801
lp-covercrypt,089a548,"SEC::MED && DPT::$ && CTR::FR","SEC::LOW && DPT::$ && CTR::$",same,32,failure,2000,2444870305,1222435.153
lp-covercrypt,089a548,"SEC::MED && DPT::$ && CTR::FR","SEC::MED",different,3,failure,2000,358064048,179032.024
lp-covercrypt,089a548,"SEC::MED && DPT::$ && CTR::FR","SEC::MED && CTR::EN",different,6,failure,2000,573317961,286658.981
lp-covercrypt,089a548,"SEC::MED && DPT::$ && CTR::FR","SEC::MED && CTR::FR",different,6,failure,2000,574181962,287090.981
lp-covercrypt,089a548,"SEC::MED && DPT::$ && CTR::FR","SEC::MED && CTR::$",different,12,failure,2000,1006895835,503447.917
lp-covercrypt,089a548,"SEC::MED && DPT::$ && CTR::FR","SEC::MED && DPT::DEV",different,6,failure,2000,576942349,288471.175
lp-covercrypt,089a548,"SEC::MED && DPT::$ && CTR::FR","SEC::MED && DPT::DEV && CTR::EN",same,12,failure,2000,1004945636,502472.818
lp-covercrypt,089a548,"SEC::MED && DPT::$ && CTR::FR","SEC::MED && DPT::DEV && CTR::FR",same,12,failure,2000,1010865000,505432.500
lp-covercrypt,089a548,"SEC::MED && DPT::$ && CTR::FR","SEC::MED && DPT::DEV && CTR::$",same,24,failure,2000,1887467146,943733.573
lp-covercrypt,089a548,"SEC::MED && DPT::$ && CTR::FR","SEC::MED && DPT::MKG",different,6,failure,2000,577153856,288576.928
lp-covercrypt,089a548,"SEC::MED && DPT::$ && CTR::FR","SEC::MED && DPT::MKG && CTR::EN",same,12,failure,2000,1006205871,503102.936
lp-covercrypt,089a548,"SEC::MED && DPT::$ && CTR::FR","SEC::MED && DPT::MKG && CTR::FR",same,12,failure,2000,1007786675,503893.338
lp-covercrypt,089a548,"SEC::MED && DPT::$ && CTR::FR","SEC::MED && DPT::MKG && CTR::$",same,24,failure,2000,1900267125,950133.562
lp-covercrypt,089a548,"SEC::MED && DPT::$ && CTR::FR","SEC::MED && DPT::$",different,12,failure,2000,1010235379,505117.689
lp-covercrypt,089a548,"SEC::MED && DPT::$ && CTR::FR","SEC::MED && DPT::$ && CTR::EN",same,24,failure,2000,1880901681,940450.841
lp-covercrypt,089a548,"SEC::MED && DPT::$ && CTR::FR","SEC::MED && DPT::$ && CTR::FR",same,24,success,2000,1165186268,582593.134
lp-covercrypt,089a548,"SEC::MED && DPT::$ && CTR::FR","SEC::MED && DPT::$ && CTR::$",same,48,success,2000,2160453650,1080226.825
lp-covercrypt,089a548,"SEC::MED && DPT::$ && CTR::FR","SEC::HIG",different,4,failure,2000,433224170,216612.085
lp-covercrypt,089a548,"SEC::MED && DPT::$ && CTR::FR","SEC::HIG && CTR::EN",different,8,failure,2000,720630382,360315.191
lp-covercrypt,089a548,"SEC::MED && DPT::$ && CTR::FR","SEC::HIG && CTR::FR",different,8,failure,2000,716778017,358389.008
lp-covercrypt,089a548,"SEC::MED && DPT::$ && CTR::FR","SEC::HIG && CTR::$",different,16,failure,2000,1300576957,650288.478
lp-covercrypt,089a548,"SEC::MED && DPT::$ && CTR::FR","SEC::HIG && DPT::DEV",different,8,failure,2000,729861557,364930.779
lp-covercrypt,089a548,"SEC::MED && DPT::$ && CTR::FR","SEC::HIG && DPT::DEV && CTR::EN",same,16,failure,2000,1335755423,667877.711
lp-covercrypt,089a548,"SEC::MED && DPT::$ && CTR::FR","SEC::HIG && DPT::DEV && CTR::FR",same,16,failure,2000,1304733123,652366.561
lp-covercrypt,089a548,"SEC::MED && DPT::$ && CTR::FR","SEC::HIG && DPT::DEV && CTR::$",same,32,failure,2000,2458285559,1229142.779
lp-covercrypt,089a548,"SEC::MED && DPT::$ && CTR::FR","SEC::HIG && DPT::MKG",different,8,failure,2000,718520414,359260.207
lp-covercrypt,089a548,"SEC::MED && DPT::$ && CTR::FR","SEC::HIG && DPT::MKG && CTR::EN",same,16,failure,2000,1325117349,662558.674
lp-covercrypt,089a548,"SEC::MED && DPT::$ && CTR::FR","SEC::HIG && DPT::MKG && CTR::FR",same,16,failure,2000,1320330199,660165.100
lp-covercrypt,089a548,"SEC::MED && DPT::$ && CTR::FR","SEC::HIG && DPT::MKG && CTR::$",same,32,failure,2000,2472730223,1236365.112
lp-covercrypt,089a548,"SEC::MED && DPT::$ && CTR::FR","SEC::HIG && DPT::$",different,16,failure,2000,1319762634,659881.317
lp-covercrypt,089a548,"SEC::MED && DPT::$ && CTR::FR","SEC::HIG && DPT::$ && CTR::EN",same,32,failure,2000,2487234961,1243617.481
lp-covercrypt,089a548,"SEC::MED && DPT::$ && CTR::FR","SEC::HIG && DPT::$ && CTR::FR",same,32,success,2000,1564498267,782249.133
lp-covercrypt,089a548,"SEC::MED && DPT::$ && CTR::FR","SEC::HIG && DPT::$ && CTR::$",same,64,success,2000,2731315013,1365657.506
lp-covercrypt,089a548,"SEC::MED && DPT::$ && CTR::FR","SEC::$",different,5,failure,2000,509751497,254875.748
lp-covercrypt,089a548,"SEC::MED && DPT::$ && CTR::FR","SEC::$ && CTR::EN",different,10,failure,2000,854334097,427167.048
lp-covercrypt,089a548,"SEC::MED && DPT::$ && CTR::FR","SEC::$ && CTR::FR",different,10,failure,2000,861057488,430528.744
lp-covercrypt,089a548,"SEC::MED && DPT::$ && CTR::FR","SEC::$ && CTR::$",different,20,failure,2000,1513662602,756831.301
lp-covercrypt,089a548,"SEC::MED && DPT::$ && CTR::FR","SEC::$ && DPT::DEV",different,10,failure,2000,818341905,409170.953
lp-covercrypt,089a548,"SEC::MED && DPT::$ && CTR::FR","SEC::$ && DPT::DEV && CTR::EN",same,20,failure,2000,1511200204,755600.102
lp-covercrypt,089a548,"SEC::MED && DPT::$ && CTR::FR","SEC::$ && DPT::DEV && CTR::FR",same,20,failure,2000,1515677722,757838.861
lp-covercrypt,089a548,"SEC::MED && DPT::$ && CTR::FR","SEC::$ && DPT::DEV && CTR::$",same,40,failure,2000,2919412928,1459706.464
lp-covercrypt,089a548,"SEC::MED && DPT::$ && CTR::FR","SEC::$ && DPT::MKG",different,10,failure,2000,844304073,422152.036
lp-covercrypt,089a548,"SEC::MED && DPT::$ && CTR::FR","SEC::$ && DPT::MKG && CTR::EN",same,20,failure,2000,1532057055,766028.527
lp-covercrypt,089a548,"SEC::MED && DPT::$ && CTR::FR","SEC::$ && DPT::MKG && CTR::FR",same,20,failure,2000,1520297187,760148.593
lp-covercrypt,089a548,"SEC::MED && DPT::$ && CTR::FR","SEC::$ && DPT::MKG && CTR::$",same,40,failure,2000,2919762985,1459881.492
lp-covercrypt,089a548,"SEC::MED && DPT::$ && CTR::FR","SEC::$ && DPT::$",different,20,failure,2000,1534757330,767378.665
lp-covercrypt,089a548,"SEC::MED && DPT::$ && CTR::FR","SEC::$ && DPT::$ && CTR::EN",same,40,failure,2000,2901857078,1450928.539
lp-covercrypt,089a548,"SEC::MED && DPT::$ && CTR::FR","SEC::$ && DPT::$ && CTR::FR",same,40,success,2000,1711336008,855668.004
lp-covercrypt,089a548,"SEC::MED && DPT::$ && CTR::FR","SEC::$ && DPT::$ && CTR::$",same,80,success,2000,3083416698,1541708.349
lp-covercrypt,089a548,"DPT::MKG && CTR::$","CTR::EN",different,2,failure,2000,295781713,147890.856
lp-covercrypt,089a548,"DPT::MKG && CTR::$","CTR::FR",different,2,failure,2000,292737613,146368.807
lp-covercrypt,089a548,"DPT::MKG && CTR::$","CTR::$",different,4,failure,2000,446750792,223375.396
lp-covercrypt,089a548,"DPT::MKG && CTR::$","DPT::DEV",different,2,failure,2000,293467843,146733.921
lp-covercrypt,089a548,"DPT::MKG && CTR::$","DPT::DEV && CTR::EN",different,4,failure,2000,443344223,221672.111
lp-covercrypt,089a548,"DPT::MKG && CTR::$","DPT::DEV && CTR::FR",different,4,failure,2000,442083809,221041.905
lp-covercrypt,089a548,"DPT::MKG && CTR::$","DPT::DEV && CTR::$",different,8,failure,2000,744999764,372499.882
lp-covercrypt,089a548,"DPT::MKG && CTR::$","DPT::MKG",different,2,failure,2000,292625362,146312.681
lp-covercrypt,089a548,"DPT::MKG && CTR::$","DPT::MKG && CTR::EN",different,4,failure,2000,441576186,220788.093
lp-covercrypt,089a548,"DPT::MKG && CTR::$","DPT::MKG && CTR::FR",different,4,failure,2000,440531107,220265.554
lp-covercrypt,089a548,"DPT::MKG && CTR::$","DPT::MKG && CTR::$",different,8,success,2000,599826825,299913.412
lp-covercrypt,089a548,"DPT::MKG && CTR::$","DPT::$",different,4,failure,2000,440504657,220252.329
lp-covercrypt,089a548,"DPT::MKG && CTR::$","DPT::$ && CTR::EN",different,8,failure,2000,736289234,368144.617
lp-covercrypt,089a548,"DPT::MKG && CTR::$","DPT::$ && CTR::FR",different,8,failure,2000,738745582,369372.791
lp-covercrypt,089a548,"DPT::MKG && CTR::$","DPT::$ && CTR::$",different,16,success,2000,918973184,459486.592
lp-covercrypt,089a548,"DPT::MKG && CTR::$","SEC::LOW",different,2,failure,2000,296411704,148205.852
lp-covercrypt,089a548,"DPT::MKG && CTR::$","SEC::LOW && CTR::EN",different,4,failure,2000,453009473,226504.736
lp-covercrypt,089a548,"DPT::MKG && CTR::$","SEC::LOW && CTR::FR",different,4,failure,2000,445556863,222778.432
lp-covercrypt,089a548,"DPT::MKG && CTR::$","SEC::LOW && CTR::$",different,8,failure,2000,744793346,372396.673
lp-covercrypt,089a548,"DPT::MKG && CTR::$","SEC::LOW && DPT::DEV",different,4,failure,2000,446431443,223215.722
lp-covercrypt,089a548,"DPT::MKG && CTR::$","SEC::LOW && DPT::DEV && CTR::EN",same,8,failure,2000,774169137,387084.568
lp-covercrypt,089a548,"DPT::MKG && CTR::$","SEC::LOW && DPT::DEV && CTR::FR",same,8,failure,2000,746025096,373012.548
lp-covercrypt,089a548,"DPT::MKG && CTR::$","SEC::LOW && DPT::DEV && CTR::$",same,16,failure,2000,1356697585,678348.792
lp-covercrypt,089a548,"DPT::MKG && CTR::$","SEC::LOW && DPT::MKG",different,4,failure,2000,448563673,224281.837
lp-covercrypt,089a548,"DPT::MKG && CTR::$","SEC::LOW && DPT::MKG && CTR::EN",same,8,failure,2000,765266949,382633.475
lp-covercrypt,089a548,"DPT::MKG && CTR::$","SEC::LOW && DPT::MKG && CTR::FR",same,8,failure,2000,787525641,393762.820
lp-covercrypt,089a548,"DPT::MKG && CTR::$","SEC::LOW && DPT::MKG && CTR::$",same,16,success,2000,964725935,482362.968
lp-covercrypt,089a548,"DPT::MKG && CTR::$","SEC::LOW && DPT::$",different,8,failure,2000,744281656,372140.828
lp-covercrypt,089a548,"DPT::MKG && CTR::$","SEC::LOW && DPT::$ && CTR::EN",same,16,failure,2000,1345448645,672724.323
lp-covercrypt,089a548,"DPT::MKG && CTR::$","SEC::LOW && DPT::$ && CTR::FR",same,16,failure,2000,1387167820,693583.910
lp-covercrypt,089a548,"DPT::MKG && CTR::$","SEC::LOW && DPT::$ && CTR::$",same,32,success,2000,1495639175,747819.588
lp-covercrypt,089a548,"DPT::MKG && CTR::$","SEC::MED",different,3,failure,2000,372649737,186324.869
lp-covercrypt,089a548,"DPT::MKG && CTR::$","SEC::MED && CTR::EN",different,6,failure,2000,607099928,303549.964
lp-covercrypt,089a548,"DPT::MKG && CTR::$","SEC::MED && CTR::FR",different,6,failure,2000,596998200,298499.100
lp-covercrypt,089a548,"DPT::MKG && CTR::$","SEC::MED && CTR::$",different,12,failure,2000,1051281471,525640.735
lp-covercrypt,089a548,"DPT::MKG && CTR::$","SEC::MED && DPT::DEV",different,6,failure,2000,600504306,300252.153
lp-covercrypt,089a548,"DPT::MKG && CTR::$","SEC::MED && DPT::DEV && CTR::EN",same,12,failure,2000,1042291438,521145.719
lp-covercrypt,089a548,"DPT::MKG && CTR::$","SEC::MED && DPT::DEV && CTR::FR",same,12,failure,2000,1047093846,523546.923
lp-covercrypt,089a548,"DPT::MKG && CTR::$","SEC::MED && DPT::DEV && CTR::$",same,24,failure,2000,1973384796,986692.398
lp-covercrypt,089a548,"DPT::MKG && CTR::$","SEC::MED && DPT::MKG",different,6,failure,2000,851277374,425638.687
lp-covercrypt,089a548,"DPT::MKG && CTR::$","SEC::MED && DPT::MKG && CTR::EN",same,12,failure,2000,1516936764,758468.382
lp-covercrypt,089a548,"DPT::MKG && CTR::$","SEC::MED && DPT::MKG && CTR::FR",same,12,failure,2000,1577056413,788528.206
lp-covercrypt,089a548,"DPT::MKG && CTR::$","SEC::MED && DPT::MKG && CTR::$",same,24,success,2000,1756435754,878217.877
lp-covercrypt,089a548,"DPT::MKG && CTR::$","SEC::MED && DPT::$",different,12,failure,2000,1455438669,727719.334
lp-covercrypt,089a548,"DPT::MKG && CTR::$","SEC::MED && DPT::$ && CTR::EN",same,24,failure,2000,2259468668,1129734.334
lp-covercrypt,089a548,"DPT::MKG && CTR::$","SEC::MED && DPT::$ && CTR::FR",same,24,failure,2000,2731979991,1365989.995
lp-covercrypt,089a548,"DPT::MKG && CTR::$","SEC::MED && DPT::$ && CTR::$",same,48,success,2000,3255023349,1627511.674
lp-covercrypt,089a548,"DPT::MKG && CTR::$","SEC::HIG",different,4,failure,2000,823893618,411946.809
lp-covercrypt,089a548,"DPT::MKG && CTR::$","SEC::HIG && CTR::EN",different,8,failure,2000,1138310787,569155.394
lp-covercrypt,089a548,"DPT::MKG && CTR::$","SEC::HIG && CTR::FR",different,8,failure,2000,1077994639,538997.319
lp-covercrypt,089a548,"DPT::MKG && CTR::$","SEC::HIG && CTR::$",different,16,failure,2000,1938895713,969447.856
lp-covercrypt,089a548,"DPT::MKG && CTR::$","SEC::HIG && DPT::DEV",different,8,failure,2000,1073481934,536740.967
lp-covercrypt,089a548,"DPT::MKG && CTR::$","SEC::HIG && DPT::DEV && CTR::EN",same,16,failure,2000,1697040744,848520.372
lp-covercrypt,089a548,"DPT::MKG && CTR::$","SEC::HIG && DPT::DEV && CTR::FR",same,16,failure,2000,1377029704,688514.852
lp-covercrypt,089a548,"DPT::MKG && CTR::$","SEC::HIG && DPT::DEV && CTR::$",same,32,failure,2000,2504518770,1252259.385
lp-covercrypt,089a548,"DPT::MKG && CTR::$","SEC::HIG && DPT::MKG",different,8,failure,2000,742809145,371404.573
lp-covercrypt,089a548,"DPT::MKG && CTR::$","SEC::HIG && DPT::MKG && CTR::EN",same,16,failure,2000,1344942506,672471.253
lp-covercrypt,089a548,"DPT::MKG && CTR::$","SEC::HIG && DPT::MKG && CTR::FR",same,16,failure,2000,1333513568,666756.784
lp-covercrypt,089a548,"DPT::MKG && CTR::$","SEC::HIG && DPT::MKG && CTR::$",same,32,success,2000,1489540365,744770.182
lp-covercrypt,089a548,"DPT::MKG && CTR::$","SEC::HIG && DPT::$",different,16,failure,2000,1336651303,668325.652
lp-covercrypt,089a548,"DPT::MKG && CTR::$","SEC::HIG && DPT::$ && CTR::EN",same,32,failure,2000,2668272392,1334136.196
lp-covercrypt,089a548,"DPT::MKG && CTR::$","SEC::HIG && DPT::$ && CTR::FR",same,32,failure,2000,2571439718,1285719.859
lp-covercrypt,089a548,"DPT::MKG && CTR::$","SEC::HIG && DPT::$ && CTR::$",same,64,success,2000,2737049189,1368524.594
lp-covercrypt,089a548,"DPT::MKG && CTR::$","SEC::$",different,5,failure,2000,541161734,270580.867
lp-covercrypt,089a548,"DPT::MKG && CTR::$","SEC::$ && CTR::EN",different,10,failure,2000,924662967,462331.483
lp-covercrypt,089a548,"DPT::MKG && CTR::$","SEC::$ && CTR::FR",different,10,failure,2000,904886140,452443.070
lp-covercrypt,089a548,"DPT::MKG && CTR::$","SEC::$ && CTR::$",different,20,failure,2000,1685406691,842703.346
lp-covercrypt,089a548,"DPT::MKG && CTR::$","SEC::$ && DPT::DEV",different,10,failure,2000,984642564,492321.282
lp-covercrypt,089a548,"DPT::MKG && CTR::$","SEC::$ && DPT::DEV && CTR::EN",same,20,failure,2000,1993604543,996802.272
lp-covercrypt,089a548,"DPT::MKG && CTR::$","SEC::$ && DPT::DEV && CTR::FR",same,20,failure,2000,1964906543,982453.272
lp-covercrypt,089a548,"DPT::MKG && CTR::$","SEC::$ && DPT::DEV && CTR::$",same,40,failure,2000,3280885300,1640442.650
lp-covercrypt,089a548,"DPT::MKG && CTR::$","SEC::$ && DPT::MKG",different,10,failure,2000,881658441,440829.220
lp-covercrypt,089a548,"DPT::MKG && CTR::$","SEC::$ && DPT::MKG && CTR::EN",same,20,failure,2000,1621354956,810677.478
lp-covercrypt,089a548,"DPT::MKG && CTR::$","SEC::$ && DPT::MKG && CTR::FR",same,20,failure,2000,1627104221,813552.110
lp-covercrypt,089a548,"DPT::MKG && CTR::$","SEC::$ && DPT::MKG && CTR::$",same,40,success,2000,1844960174,922480.087
lp-covercrypt,089a548,"DPT::MKG && CTR::$","SEC::$ && DPT::$",different,20,failure,2000,1622823911,811411.956
lp-covercrypt,089a548,"DPT::MKG && CTR::$","SEC::$ && DPT::$ && CTR::EN",same,40,failure,2000,3094763502,1547381.751
lp-covercrypt,089a548,"DPT::MKG && CTR::$","SEC::$ && DPT::$ && CTR::FR",same,40,failure,2000,3102009554,1551004.777
lp-covercrypt,089a548,"DPT::MKG && CTR::$","SEC::$ && DPT::$ && CTR::$",same,80,success,2000,3315412114,1657706.057
lp-covercrypt,089a548,"SEC::LOW && DPT::DEV && CTR::$","CTR::EN",different,2,failure,2000,303079541,151539.771
lp-covercrypt,089a548,"SEC::LOW && DPT::DEV && CTR::$","CTR::FR",different,2,failure,2000,296112664,148056.332
lp-covercrypt,089a548,"SEC::LOW && DPT::DEV && CTR::$","CTR::$",different,4,failure,2000,441961630,220980.815
lp-covercrypt,089a548,"SEC::LOW && DPT::DEV && CTR::$","DPT::DEV",different,2,failure,2000,293915121,146957.560
lp-covercrypt,089a548,"SEC::LOW && DPT::DEV && CTR::$","DPT::DEV && CTR::EN",different,4,failure,2000,441824342,220912.171
lp-covercrypt,089a548,"SEC::LOW && DPT::DEV && CTR::$","DPT::DEV && CTR::FR",different,4,failure,2000,442398389,221199.195
lp-covercrypt,089a548,"SEC::LOW && DPT::DEV && CTR::$","DPT::DEV && CTR::$",different,8,failure,2000,737616474,368808.237
lp-covercrypt,089a548,"SEC::LOW && DPT::DEV && CTR::$","DPT::MKG",different,2,failure,2000,294029947,147014.973
lp-covercrypt,089a548,"SEC::LOW && DPT::DEV && CTR::$","DPT::MKG && CTR::EN",different,4,failure,2000,440378059,220189.030
lp-covercrypt,089a548,"SEC::LOW && DPT::DEV && CTR::$","DPT::MKG && CTR::FR",different,4,failure,2000,442324760,221162.380
lp-covercrypt,089a548,"SEC::LOW && DPT::DEV && CTR::$","DPT::MKG && CTR::$",different,8,failure,2000,744981478,372490.739
lp-covercrypt,089a548,"SEC::LOW && DPT::DEV && CTR::$","DPT::$",different,4,failure,2000,441326858,220663.429
lp-covercrypt,089a548,"SEC::LOW && DPT::DEV && CTR::$","DPT::$ && CTR::EN",different,8,failure,2000,735484044,367742.022
lp-covercrypt,089a548,"SEC::LOW && DPT::DEV && CTR::$","DPT::$ && CTR::FR",different,8,failure,2000,735810767,367905.383
lp-covercrypt,089a548,"SEC::LOW && DPT::DEV && CTR::$","DPT::$ && CTR::$",different,16,failure,2000,1326193968,663096.984
lp-covercrypt,089a548,"SEC::LOW && DPT::DEV && CTR::$","SEC::LOW",different,2,failure,2000,295117226,147558.613
lp-covercrypt,089a548,"SEC::LOW && DPT::DEV && CTR::$","SEC::LOW && CTR::EN",different,4,failure,2000,441088682,220544.341
lp-covercrypt,089a548,"SEC::LOW && DPT::DEV && CTR::$","SEC::LOW && CTR::FR",different,4,failure,2000,445643466,222821.733
lp-covercrypt,089a548,"SEC::LOW && DPT::DEV && CTR::$","SEC::LOW && CTR::$",different,8,failure,2000,738670671,369335.335
lp-covercrypt,089a548,"SEC::LOW && DPT::DEV && CTR::$","SEC::LOW && DPT::DEV",different,4,failure,2000,447634600,223817.300
lp-covercrypt,089a548,"SEC::LOW && DPT::DEV && CTR::$","SEC::LOW && DPT::DEV && CTR::EN",same,8,failure,2000,734396064,367198.032
lp-covercrypt,089a548,"SEC::LOW && DPT::DEV && CTR::$","SEC::LOW && DPT::DEV && CTR::FR",same,8,failure,2000,737290222,368645.111
lp-covercrypt,089a548,"SEC::LOW && DPT::DEV && CTR::$","SEC::LOW && DPT::DEV && CTR::$",same,16,success,2000,944865051,472432.525
lp-covercrypt,089a548,"SEC::LOW && DPT::DEV && CTR::$","SEC::LOW && DPT::MKG",different,4,failure,2000,439916914,219958.457
lp-covercrypt,089a548,"SEC::LOW && DPT::DEV && CTR::$","SEC::LOW && DPT::MKG && CTR::EN",same,8,failure,2000,734006071,367003.035
lp-covercrypt,089a548,"SEC::LOW && DPT::DEV && CTR::$","SEC::LOW && DPT::MKG && CTR::FR",same,8,failure,2000,738355320,369177.660
lp-covercrypt,089a548,"SEC::LOW && DPT::DEV && CTR::$","SEC::LOW && DPT::MKG && CTR::$",same,16,failure,2000,1327433433,663716.716
lp-covercrypt,089a548,"SEC::LOW && DPT::DEV && CTR::$","SEC::LOW && DPT::$",different,8,failure,2000,738228422,369114.211
lp-covercrypt,089a548,"SEC::LOW && DPT::DEV && CTR::$","SEC::LOW && DPT::$ && CTR::EN",same,16,failure,2000,1325851196,662925.598
lp-covercrypt,089a548,"SEC::LOW && DPT::DEV && CTR::$","SEC::LOW && DPT::$ && CTR::FR",same,16,failure,2000,1323927296,661963.648
lp-covercrypt,089a548,"SEC::LOW && DPT::DEV && CTR::$","SEC::LOW && DPT::$ && CTR::$",same,32,success,2000,1609790354,804895.177
lp-covercrypt,089a548,"SEC::LOW && DPT::DEV && CTR::$","SEC::MED",different,3,failure,2000,368488252,184244.126
lp-covercrypt,089a548,"SEC::LOW && DPT::DEV && CTR::$","SEC::MED && CTR::EN",different,6,failure,2000,598568084,299284.042
lp-covercrypt,089a548,"SEC::LOW && DPT::DEV && CTR::$","SEC::MED && CTR::FR",different,6,failure,2000,600286186,300143.093
lp-covercrypt,089a548,"SEC::LOW && DPT::DEV && CTR::$","SEC::MED && CTR::$",different,12,failure,2000,1030617471,515308.736
lp-covercrypt,089a548,"SEC::LOW && DPT::DEV && CTR::$","SEC::MED && DPT::DEV",different,6,failure,2000,596210642,298105.321
lp-covercrypt,089a548,"SEC::LOW && DPT::DEV && CTR::$","SEC::MED && DPT::DEV && CTR::EN",same,12,failure,2000,1041658821,520829.410
lp-covercrypt,089a548,"SEC::LOW && DPT::DEV && CTR::$","SEC::MED && DPT::DEV && CTR::FR",same,12,failure,2000,1045782697,522891.349
lp-covercrypt,089a548,"SEC::LOW && DPT::DEV && CTR::$","SEC::MED && DPT::DEV && CTR::$",same,24,success,2000,1263406104,631703.052
lp-covercrypt,089a548,"SEC::LOW && DPT::DEV && CTR::$","SEC::MED && DPT::MKG",different,6,failure,2000,592805254,296402.627
lp-covercrypt,089a548,"SEC::LOW && DPT::DEV && CTR::$","SEC::MED && DPT::MKG && CTR::EN",same,12,failure,2000,1030888589,515444.295
lp-covercrypt,089a548,"SEC::LOW && DPT::DEV && CTR::$","SEC::MED && DPT::MKG && CTR::FR",same,12,failure,2000,1030786749,515393.374
lp-covercrypt,089a548,"SEC::LOW && DPT::DEV && CTR::$","SEC::MED && DPT::MKG && CTR::$",same,24,failure,2000,1913111248,956555.624
lp-covercrypt,089a548,"SEC::LOW && DPT::DEV && CTR::$","SEC::MED && DPT::$",different,12,failure,2000,1030363064,515181.532
lp-covercrypt,089a548,"SEC::LOW && DPT::DEV && CTR::$","SEC::MED && DPT::$ && CTR::EN",same,24,failure,2000,1920813485,960406.743
lp-covercrypt,089a548,"SEC::LOW && DPT::DEV && CTR::$","SEC::MED && DPT::$ && CTR::FR",same,24,failure,2000,1922535595,961267.797
lp-covercrypt,089a548,"SEC::LOW && DPT::DEV && CTR::$","SEC::MED && DPT::$ && CTR::$",same,48,success,2000,2090974886,1045487.443
lp-covercrypt,089a548,"SEC::LOW && DPT::DEV && CTR::$","SEC::HIG",different,4,failure,2000,442422424,221211.212
lp-covercrypt,089a548,"SEC::LOW && DPT::DEV && CTR::$","SEC::HIG && CTR::EN",different,8,failure,2000,736723429,368361.715
lp-covercrypt,089a548,"SEC::LOW && DPT::DEV && CTR::$","SEC::HIG && CTR::FR",different,8,failure,2000,736482036,368241.018
lp-covercrypt,089a548,"SEC::LOW && DPT::DEV && CTR::$","SEC::HIG && CTR::$",different,16,failure,2000,1325939821,662969.910
lp-covercrypt,089a548,"SEC::LOW && DPT::DEV && CTR::$","SEC::HIG && DPT::DEV",different,8,failure,2000,734915337,367457.669
lp-covercrypt,089a548,"SEC::LOW && DPT::DEV && CTR::$","SEC::HIG && DPT::DEV && CTR::EN",same,16,failure,2000,1321587878,660793.939
lp-covercrypt,089a548,"SEC::LOW && DPT::DEV && CTR::$","SEC::HIG && DPT::DEV && CTR::FR",same,16,failure,2000,1325169516,662584.758
lp-covercrypt,089a548,"SEC::LOW && DPT::DEV && CTR::$","SEC::HIG && DPT::DEV && CTR::$",same,32,success,2000,1464170097,732085.049
lp-covercrypt,089a548,"SEC::LOW && DPT::DEV && CTR::$","SEC::HIG && DPT::MKG",different,8,failure,2000,755644129,377822.064
lp-covercrypt,089a548,"SEC::LOW && DPT::DEV && CTR::$","SEC::HIG && DPT::MKG && CTR::EN",same,16,failure,2000,1332140642,666070.321
lp-covercrypt,089a548,"SEC::LOW && DPT::DEV && CTR::$","SEC::HIG && DPT::MKG && CTR::FR",same,16,failure,2000,1334693882,667346.941
lp-covercrypt,089a548,"SEC::LOW && DPT::DEV && CTR::$","SEC::HIG && DPT::MKG && CTR::$",same,32,failure,2000,2514020945,1257010.472
lp-covercrypt,089a548,"SEC::LOW && DPT::DEV && CTR::$","SEC::HIG && DPT::$",different,16,failure,2000,1384669083,692334.542
lp-covercrypt,089a548,"SEC::LOW && DPT::DEV && CTR::$","SEC::HIG && DPT::$ && CTR::EN",same,32,failure,2000,2609188385,1304594.192
lp-covercrypt,089a548,"SEC::LOW && DPT::DEV && CTR::$","SEC::HIG && DPT::$ && CTR::FR",same,32,failure,2000,2566917014,1283458.507
lp-covercrypt,089a548,"SEC::LOW && DPT::DEV && CTR::$","SEC::HIG && DPT::$ && CTR::$",same,64,success,2000,2788540905,1394270.452
lp-covercrypt,089a548,"SEC::LOW && DPT::DEV && CTR::$","SEC::$",different,5,failure,2000,526090975,263045.487
lp-covercrypt,089a548,"SEC::LOW && DPT::DEV && CTR::$","SEC::$ && CTR::EN",different,10,failure,2000,919581324,459790.662
lp-covercrypt,089a548,"SEC::LOW && DPT::DEV && CTR::$","SEC::$ && CTR::FR",different,10,failure,2000,901007164,450503.582
lp-covercrypt,089a548,"SEC::LOW && DPT::DEV && CTR::$","SEC::$ && CTR::$",different,20,failure,2000,1666100168,833050.084
lp-covercrypt,089a548,"SEC::LOW && DPT::DEV && CTR::$","SEC::$ && DPT::DEV",different,10,failure,2000,894558007,447279.003
lp-covercrypt,089a548,"SEC::LOW && DPT::DEV && CTR::$","SEC::$ && DPT::DEV && CTR::EN",same,20,failure,2000,1675850306,837925.153
lp-covercrypt,089a548,"SEC::LOW && DPT::DEV && CTR::$","SEC::$ && DPT::DEV && CTR::FR",same,20,failure,2000,1632432394,816216.197
lp-covercrypt,089a548,"SEC::LOW && DPT::DEV && CTR::$","SEC::$ && DPT::DEV && CTR::$",same,40,success,2000,1834344130,917172.065
lp-covercrypt,089a548,"SEC::LOW && DPT::DEV && CTR::$","SEC::$ && DPT::MKG",different,10,failure,2000,909643493,454821.747
lp-covercrypt,089a548,"SEC::LOW && DPT::DEV && CTR::$","SEC::$ && DPT::MKG && CTR::EN",same,20,failure,2000,1628770616,814385.308
lp-covercrypt,089a548,"SEC::LOW && DPT::DEV && CTR::$","SEC::$ && DPT::MKG && CTR::FR",same,20,failure,2000,1631036066,815518.033
lp-covercrypt,089a548,"SEC::LOW && DPT::DEV && CTR::$","SEC::$ && DPT::MKG && CTR::$",same,40,failure,2000,3126938975,1563469.488
lp-covercrypt,089a548,"SEC::LOW && DPT::DEV && CTR::$","SEC::$ && DPT::$",different,20,failure,2000,1625674189,812837.095
lp-covercrypt,089a548,"SEC::LOW && DPT::DEV && CTR::$","SEC::$ && DPT::$ && CTR::EN",same,40,failure,2000,3125614020,1562807.010
lp-covercrypt,089a548,"SEC::LOW && DPT::DEV && CTR::$","SEC::$ && DPT::$ && CTR::FR",same,40,failure,2000,3108777740,1554388.870
lp-covercrypt,089a548,"SEC::LOW && DPT::DEV && CTR::$","SEC::$ && DPT::$ && CTR::$",same,80,success,2000,3510584659,1755292.329
lp-covercrypt,089a548,"SEC::MED && CTR::$","CTR::EN",different,2,failure,2000,297845203,148922.601
lp-covercrypt,089a548,"SEC::MED && CTR::$","CTR::FR",different,2,failure,2000,296740491,148370.245
lp-covercrypt,089a548,"SEC::MED && CTR::$","CTR::$",different,4,failure,2000,445795131,222897.565
lp-covercrypt,089a548,"SEC::MED && CTR::$","DPT::DEV",different,2,failure,2000,297949359,148974.679
lp-covercrypt,089a548,"SEC::MED && CTR::$","DPT::DEV && CTR::EN",different,4,failure,2000,444583337,222291.668
lp-covercrypt,089a548,"SEC::MED && CTR::$","DPT::DEV && CTR::FR",different,4,failure,2000,445542216,222771.108
lp-covercrypt,089a548,"SEC::MED && CTR::$","DPT::DEV && CTR::$",different,8,failure,2000,744638986,372319.493
lp-covercrypt,089a548,"SEC::MED && CTR::$","DPT::MKG",different,2,failure,2000,298340733,149170.367
lp-covercrypt,089a548,"SEC::MED && CTR::$","DPT::MKG && CTR::EN",different,4,failure,2000,447899878,223949.939
lp-covercrypt,089a548,"SEC::MED && CTR::$","DPT::MKG && CTR::FR",different,4,failure,2000,450688429,225344.215
lp-covercrypt,089a548,"SEC::MED && CTR::$","DPT::MKG && CTR::$",different,8,failure,2000,799171947,399585.974
lp-covercrypt,089a548,"SEC::MED && CTR::$","DPT::$",different,4,failure,2000,508402806,254201.403
lp-covercrypt,089a548,"SEC::MED && CTR::$","DPT::$ && CTR::EN",different,8,failure,2000,809645883,404822.942
lp-covercrypt,089a548,"SEC::MED && CTR::$","DPT::$ && CTR::FR",different,8,failure,2000,744719778,372359.889
lp-covercrypt,089a548,"SEC::MED && CTR::$","DPT::$ && CTR::$",different,16,failure,2000,1334119344,667059.672
lp-covercrypt,089a548,"SEC::MED && CTR::$","SEC::LOW",different,2,failure,2000,294523833,147261.916
lp-covercrypt,089a548,"SEC::MED && CTR::$","SEC::LOW && CTR::EN",different,4,failure,2000,441690632,220845.316
lp-covercrypt,089a548,"SEC::MED && CTR::$","SEC::LOW && CTR::FR",different,4,failure,2000,441514591,220757.296
lp-covercrypt,089a548,"SEC::MED && CTR::$","SEC::LOW && CTR::$",different,8,failure,2000,740149726,370074.863
lp-covercrypt,089a548,"SEC::MED && CTR::$","SEC::LOW && DPT::DEV",different,4,failure,2000,445490018,222745.009
lp-covercrypt,089a548,"SEC::MED && CTR::$","SEC::LOW && DPT::DEV && CTR::EN",same,8,failure,2000,750780957,375390.479
lp-covercrypt,089a548,"SEC::MED && CTR::$","SEC::LOW && DPT::DEV && CTR::FR",same,8,failure,2000,747413681,373706.840
lp-covercrypt,089a548,"SEC::MED && CTR::$","SEC::LOW && DPT::DEV && CTR::$",same,16,failure,2000,1344304579,672152.289
lp-covercrypt,089a548,"SEC::MED && CTR::$","SEC::LOW && DPT::MKG",different,4,failure,2000,445525244,222762.622
lp-covercrypt,089a548,"SEC::MED && CTR::$","SEC::LOW && DPT::MKG && CTR::EN",same,8,failure,2000,737703767,368851.883
lp-covercrypt,089a548,"SEC::MED && CTR::$","SEC::LOW && DPT::MKG && CTR::FR",same,8,failure,2000,748335480,374167.740
lp-covercrypt,089a548,"SEC::MED && CTR::$","SEC::LOW && DPT::MKG && CTR::$",same,16,failure,2000,1337469849,668734.924
lp-covercrypt,089a548,"SEC::MED && CTR::$","SEC::LOW && DPT::$",different,8,failure,2000,737119542,368559.771
lp-covercrypt,089a548,"SEC::MED && CTR::$","SEC::LOW && DPT::$ && CTR::EN",same,16,failure,2000,1328592396,664296.198
lp-covercrypt,089a548,"SEC::MED && CTR::$","SEC::LOW && DPT::$ && CTR::FR",same,16,failure,2000,1330871672,665435.836
lp-covercrypt,089a548,"SEC::MED && CTR::$","SEC::LOW && DPT::$ && CTR::$",same,32,failure,2000,2556183511,1278091.755
lp-covercrypt,089a548,"SEC::MED && CTR::$","SEC::MED",different,3,failure,2000,367922060,183961.030
lp-covercrypt,089a548,"SEC::MED && CTR::$","SEC::MED && CTR::EN",different,6,failure,2000,596608649,298304.324
lp-covercrypt,089a548,"SEC::MED && CTR::$","SEC::MED && CTR::FR",different,6,failure,2000,591696505,295848.253
lp-covercrypt,089a548,"SEC::MED && CTR::$","SEC::MED && CTR::$",different,12,success,2000,744422470,372211.235
lp-covercrypt,089a548,"SEC::MED && CTR::$","SEC::MED && DPT::DEV",different,6,failure,2000,587474846,293737.423
lp-covercrypt,089a548,"SEC::MED && CTR::$","SEC::MED && DPT::DEV && CTR::EN",same,12,failure,2000,1028525887,514262.943
lp-covercrypt,089a548,"SEC::MED && CTR::$","SEC::MED && DPT::DEV && CTR::FR",same,12,failure,2000,1032220737,516110.368
lp-covercrypt,089a548,"SEC::MED && CTR::$","SEC::MED && DPT::DEV && CTR::$",same,24,success,2000,1223784574,611892.287
lp-covercrypt,089a548,"SEC::MED && CTR::$","SEC::MED && DPT::MKG",different,6,failure,2000,598481402,299240.701
lp-covercrypt,089a548,"SEC::MED && CTR::$","SEC::MED && DPT::MKG && CTR::EN",same,12,failure,2000,1047312766,523656.383
lp-covercrypt,089a548,"SEC::MED && CTR::$","SEC::MED && DPT::MKG && CTR::FR",same,12,failure,2000,1044152429,522076.215
lp-covercrypt,089a548,"SEC::MED && CTR::$","SEC::MED && DPT::MKG && CTR::$",same,24,success,2000,1170342539,585171.270
lp-covercrypt,089a548,"SEC::MED && CTR::$","SEC::MED && DPT::$",different,12,failure,2000,1064114572,532057.286
lp-covercrypt,089a548,"SEC::MED && CTR::$","SEC::MED && DPT::$ && CTR::EN",same,24,failure,2000,1941224632,970612.316
lp-covercrypt,089a548,"SEC::MED && CTR::$","SEC::MED && DPT::$ && CTR::FR",same,24,failure,2000,1919541290,959770.645
lp-covercrypt,089a548,"SEC::MED && CTR::$","SEC::MED && DPT::$ && CTR::$",same,48,success,2000,2219511488,1109755.744
lp-covercrypt,089a548,"SEC::MED && CTR::$","SEC::HIG",different,4,failure,2000,454258947,227129.473
lp-covercrypt,089a548,"SEC::MED && CTR::$","SEC::HIG && CTR::EN",different,8,failure,2000,746442389,373221.194
lp-covercrypt,089a548,"SEC::MED && CTR::$","SEC::HIG && CTR::FR",different,8,failure,2000,743728058,371864.029
lp-covercrypt,089a548,"SEC::MED && CTR::$","SEC::HIG && CTR::$",different,16,success,2000,872400115,436200.057
lp-covercrypt,089a548,"SEC::MED && CTR::$","SEC::HIG && DPT::DEV",different,8,failure,2000,737715360,368857.680
lp-covercrypt,089a548,"SEC::MED && CTR::$","SEC::HIG && DPT::DEV && CTR::EN",same,16,failure,2000,1357911061,678955.530
lp-covercrypt,089a548,"SEC::MED && CTR::$","SEC::HIG && DPT::DEV && CTR::FR",same,16,failure,2000,1347798763,673899.382
lp-covercrypt,089a548,"SEC::MED && CTR::$","SEC::HIG && DPT::DEV && CTR::$",same,32,success,2000,1454113162,727056.581
lp-covercrypt,089a548,"SEC::MED && CTR::$","SEC::HIG && DPT::MKG",different,8,failure,2000,749963584,374981.792
lp-covercrypt,089a548,"SEC::MED && CTR::$","SEC::HIG && DPT::MKG && CTR::EN",same,16,failure,2000,1354545488,677272.744
lp-covercrypt,089a548,"SEC::MED && CTR::$","SEC::HIG && DPT::MKG && CTR::FR",same,16,failure,2000,1348186611,674093.306
lp-covercrypt,089a548,"SEC::MED && CTR::$","SEC::HIG && DPT::MKG && CTR::$",same,32,success,2000,1526912296,763456.148
lp-covercrypt,089a548,"SEC::MED && CTR::$","SEC::HIG && DPT::$",different,16,failure,2000,1532348412,766174.206
lp-covercrypt,089a548,"SEC::MED && CTR::$","SEC::HIG && DPT::$ && CTR::EN",same,32,failure,2000,2539380954,1269690.477
lp-covercrypt,089a548,"SEC::MED && CTR::$","SEC::HIG && DPT::$ && CTR::FR",same,32,failure,2000,2531701699,1265850.850
lp-covercrypt,089a548,"SEC::MED && CTR::$","SEC::HIG && DPT::$ && CTR::$",same,64,success,2000,2629973632,1314986.816
lp-covercrypt,089a548,"SEC::MED && CTR::$","SEC::$",different,5,failure,2000,515187693,257593.847
lp-covercrypt,089a548,"SEC::MED && CTR::$","SEC::$ && CTR::EN",different,10,failure,2000,893653029,446826.514
lp-covercrypt,089a548,"SEC::MED && CTR::$","SEC::$ && CTR::FR",different,10,failure,2000,889452000,444726.000
lp-covercrypt,089a548,"SEC::MED && CTR::$","SEC::$ && CTR::$",different,20,success,2000,1037389904,518694.952
lp-covercrypt,089a548,"SEC::MED && CTR::$","SEC::$ && DPT::DEV",different,10,failure,2000,899610654,449805.327
lp-covercrypt,089a548,"SEC::MED && CTR::$","SEC::$ && DPT::DEV && CTR::EN",same,20,failure,2000,1617181779,808590.890
lp-covercrypt,089a548,"SEC::MED && CTR::$","SEC::$ && DPT::DEV && CTR::FR",same,20,failure,2000,1599770750,799885.375
lp-covercrypt,089a548,"SEC::MED && CTR::$","SEC::$ && DPT::DEV && CTR::$",same,40,success,2000,1720601468,860300.734
lp-covercrypt,089a548,"SEC::MED && CTR::$","SEC::$ && DPT::MKG",different,10,failure,2000,879638572,439819.286
lp-covercrypt,089a548,"SEC::MED && CTR::$","SEC::$ && DPT::MKG && CTR::EN",same,20,failure,2000,1611901214,805950.607
lp-covercrypt,089a548,"SEC::MED && CTR::$","SEC::$ && DPT::MKG && CTR::FR",same,20,failure,2000,1628426671,814213.336
lp-covercrypt,089a548,"SEC::MED && CTR::$","SEC::$ && DPT::MKG && CTR::$",same,40,success,2000,1817597508,908798.754
lp-covercrypt,089a548,"SEC::MED && CTR::$","SEC::$ && DPT::$",different,20,failure,2000,1601710789,800855.395
lp-covercrypt,089a548,"SEC::MED && CTR::$","SEC::$ && DPT::$ && CTR::EN",same,40,failure,2000,3035465594,1517732.797
lp-covercrypt,089a548,"SEC::MED && CTR::$","SEC::$ && DPT::$ && CTR::FR",same,40,failure,2000,3029430133,1514715.066
lp-covercrypt,089a548,"SEC::MED && CTR::$","SEC::$ && DPT::$ && CTR::$",same,80,success,2000,3154144526,1577072.263
lp-covercrypt,089a548,"SEC::MED && DPT::$ && CTR::$","CTR::EN",different,2,failure,2000,293139386,146569.693
lp-covercrypt,089a548,"SEC::MED && DPT::$ && CTR::$","CTR::FR",different,2,failure,2000,290158274,145079.137
lp-covercrypt,089a548,"SEC::MED && DPT::$ && CTR::$","CTR::$",different,4,failure,2000,435517462,217758.731
lp-covercrypt,089a548,"SEC::MED && DPT::$ && CTR::$","DPT::DEV",different,2,failure,2000,290484446,145242.223
lp-covercrypt,089a548,"SEC::MED && DPT::$ && CTR::$","DPT::DEV && CTR::EN",different,4,failure,2000,437673425,218836.712
lp-covercrypt,089a548,"SEC::MED && DPT::$ && CTR::$","DPT::DEV && CTR::FR",different,4,failure,2000,437305125,218652.562
lp-covercrypt,089a548,"SEC::MED && DPT::$ && CTR::$","DPT::DEV && CTR::$",different,8,failure,2000,722409098,361204.549
lp-covercrypt,089a548,"SEC::MED && DPT::$ && CTR::$","DPT::MKG",different,2,failure,2000,288223044,144111.522
lp-covercrypt,089a548,"SEC::MED && DPT::$ && CTR::$","DPT::MKG && CTR::EN",different,4,failure,2000,432678436,216339.218
lp-covercrypt,089a548,"SEC::MED && DPT::$ && CTR::$","DPT::MKG && CTR::FR",different,4,failure,2000,430921030,215460.515
lp-covercrypt,089a548,"SEC::MED && DPT::$ && CTR::$","DPT::MKG && CTR::$",different,8,failure,2000,720888536,360444.268
lp-covercrypt,089a548,"SEC::MED && DPT::$ && CTR::$","DPT::$",different,4,failure,2000,433189054,216594.527
lp-covercrypt,089a548,"SEC::MED && DPT::$ && CTR::$","DPT::$ && CTR::EN",different,8,failure,2000,722127921,361063.960
lp-covercrypt,089a548,"SEC::MED && DPT::$ && CTR::$","DPT::$ && CTR::FR",different,8,failure,2000,720861956,360430.978
lp-covercrypt,089a548,"SEC::MED && DPT::$ && CTR::$","DPT::$ && CTR::$",different,16,failure,2000,1302883895,651441.948
lp-covercrypt,089a548,"SEC::MED && DPT::$ && CTR::$","SEC::LOW",different,2,failure,2000,287671730,143835.865
lp-covercrypt,089a548,"SEC::MED && DPT::$ && CTR::$","SEC::LOW && CTR::EN",different,4,failure,2000,444432163,222216.082
lp-covercrypt,089a548,"SEC::MED && DPT::$ && CTR::$","SEC::LOW && CTR::FR",different,4,failure,2000,432526732,216263.366
lp-covercrypt,089a548,"SEC::MED && DPT::$ && CTR::$","SEC::LOW && CTR::$",different,8,failure,2000,719788173,359894.086
lp-covercrypt,089a548,"SEC::MED && DPT::$ && CTR::$","SEC::LOW && DPT::DEV",different,4,failure,2000,432094712,216047.356
lp-covercrypt,089a548,"SEC::MED && DPT::$ && CTR::$","SEC::LOW && DPT::DEV && CTR::EN",same,8,failure,2000,719657998,359828.999
lp-covercrypt,089a548,"SEC::MED && DPT::$ && CTR::$","SEC::LOW && DPT::DEV && CTR::FR",same,8,failure,2000,722491554,361245.777
lp-covercrypt,089a548,"SEC::MED && DPT::$ && CTR::$","SEC::LOW && DPT::DEV && CTR::$",same,16,failure,2000,1313566652,656783.326
lp-covercrypt,089a548,"SEC::MED && DPT::$ && CTR::$","SEC::LOW && DPT::MKG",different,4,failure,2000,434963994,217481.997
lp-covercrypt,089a548,"SEC::MED && DPT::$ && CTR::$","SEC::LOW && DPT::MKG && CTR::EN",same,8,failure,2000,722492596,361246.298
lp-covercrypt,089a548,"SEC::MED && DPT::$ && CTR::$","SEC::LOW && DPT::MKG && CTR::FR",same,8,failure,2000,721757857,360878.928
lp-covercrypt,089a548,"SEC::MED && DPT::$ && CTR::$","SEC::LOW && DPT::MKG && CTR::$",same,16,failure,2000,1300747657,650373.828
lp-covercrypt,089a548,"SEC::MED && DPT::$ && CTR::$","SEC::LOW && DPT::$",different,8,failure,2000,741305995,370652.997
lp-covercrypt,089a548,"SEC::MED && DPT::$ && CTR::$","SEC::LOW && DPT::$ && CTR::EN",same,16,failure,2000,1311424975,655712.488
lp-covercrypt,089a548,"SEC::MED && DPT::$ && CTR::$","SEC::LOW && DPT::$ && CTR::FR",same,16,failure,2000,1304189904,652094.952
lp-covercrypt,089a548,"SEC::MED && DPT::$ && CTR::$","SEC::LOW && DPT::$ && CTR::$",same,32,failure,2000,2476089814,1238044.907
lp-covercrypt,089a548,"SEC::MED && DPT::$ && CTR::$","SEC::MED",different,3,failure,2000,361017298,180508.649
lp-covercrypt,089a548,"SEC::MED && DPT::$ && CTR::$","SEC::MED && CTR::EN",different,6,failure,2000,580072891,290036.445
lp-covercrypt,089a548,"SEC::MED && DPT::$ && CTR::$","SEC::MED && CTR::FR",different,6,failure,2000,576141457,288070.729
lp-covercrypt,089a548,"SEC::MED && DPT::$ && CTR::$","SEC::MED && CTR::$",different,12,failure,2000,1010468426,505234.213
lp-covercrypt,089a548,"SEC::MED && DPT::$ && CTR::$","SEC::MED && DPT::DEV",different,6,failure,2000,581609244,290804.622
lp-covercrypt,089a548,"SEC::MED && DPT::$ && CTR::$","SEC::MED && DPT::DEV && CTR::EN",same,12,failure,2000,1008383915,504191.958
lp-covercrypt,089a548,"SEC::MED && DPT::$ && CTR::$","SEC::MED && DPT::DEV && CTR::FR",same,12,failure,2000,1018363836,509181.918
lp-covercrypt,089a548,"SEC::MED && DPT::$ && CTR::$","SEC::MED && DPT::DEV && CTR::$",same,24,failure,2000,1934443452,967221.726
lp-covercrypt,089a548,"SEC::MED && DPT::$ && CTR::$","SEC::MED && DPT::MKG",different,6,failure,2000,582859188,291429.594
lp-covercrypt,089a548,"SEC::MED && DPT::$ && CTR::$","SEC::MED && DPT::MKG && CTR::EN",same,12,failure,2000,1016428085,508214.042
lp-covercrypt,089a548,"SEC::MED && DPT::$ && CTR::$","SEC::MED && DPT::MKG && CTR::FR",same,12,failure,2000,1016648489,508324.244
lp-covercrypt,089a548,"SEC::MED && DPT::$ && CTR::$","SEC::MED && DPT::MKG && CTR::$",same,24,failure,2000,1872427025,936213.512
lp-covercrypt,089a548,"SEC::MED && DPT::$ && CTR::$","SEC::MED && DPT::$",different,12,failure,2000,1010524542,505262.271
lp-covercrypt,089a548,"SEC::MED && DPT::$ && CTR::$","SEC::MED && DPT::$ && CTR::EN",same,24,failure,2000,1887358682,943679.341
lp-covercrypt,089a548,"SEC::MED && DPT::$ && CTR::$","SEC::MED && DPT::$ && CTR::FR",same,24,failure,2000,1897204010,948602.005
lp-covercrypt,089a548,"SEC::MED && DPT::$ && CTR::$","SEC::MED && DPT::$ && CTR::$",same,48,success,2000,2204204175,1102102.087
lp-covercrypt,089a548,"SEC::MED && DPT::$ && CTR::$","SEC::HIG",different,4,failure,2000,445214581,222607.291
lp-covercrypt,089a548,"SEC::MED && DPT::$ && CTR::$","SEC::HIG && CTR::EN",different,8,failure,2000,737319306,368659.653
lp-covercrypt,089a548,"SEC::MED && DPT::$ && CTR::$","SEC::HIG && CTR::FR",different,8,failure,2000,748573857,374286.928
lp-covercrypt,089a548,"SEC::MED && DPT::$ && CTR::$","SEC::HIG && CTR::$",different,16,failure,2000,1333420483,666710.242
lp-covercrypt,089a548,"SEC::MED && DPT::$ && CTR::$","SEC::HIG && DPT::DEV",different,8,failure,2000,743585049,371792.524
lp-covercrypt,089a548,"SEC::MED && DPT::$ && CTR::$","SEC::HIG && DPT::DEV && CTR::EN",same,16,failure,2000,1327298731,663649.365
lp-covercrypt,089a548,"SEC::MED && DPT::$ && CTR::$","SEC::HIG && DPT::DEV && CTR::FR",same,16,failure,2000,1320997891,660498.946
lp-covercrypt,089a548,"SEC::MED && DPT::$ && CTR::$","SEC::HIG && DPT::DEV && CTR::$",same,32,failure,2000,2466846597,1233423.299
lp-covercrypt,089a548,"SEC::MED && DPT::$ && CTR::$","SEC::HIG && DPT::MKG",different,8,failure,2000,689404751,344702.376
lp-covercrypt,089a548,"SEC::MED && DPT::$ && CTR::$","SEC::HIG && DPT::MKG && CTR::EN",same,16,failure,2000,1229918650,614959.325
lp-covercrypt,089a548,"SEC::MED && DPT::$ && CTR::$","SEC::HIG && DPT::MKG && CTR::FR",same,16,failure,2000,1232281793,616140.897
lp-covercrypt,089a548,"SEC::MED && DPT::$ && CTR::$","SEC::HIG && DPT::MKG && CTR::$",same,32,failure,2000,2345729342,1172864.671
lp-covercrypt,089a548,"SEC::MED && DPT::$ && CTR::$","SEC::HIG && DPT::$",different,16,failure,2000,1251185981,625592.990
lp-covercrypt,089a548,"SEC::MED && DPT::$ && CTR::$","SEC::HIG && DPT::$ && CTR::EN",same,32,failure,2000,2347145568,1173572.784
lp-covercrypt,089a548,"SEC::MED && DPT::$ && CTR::$","SEC::HIG && DPT::$ && CTR::FR",same,32,failure,2000,2334043852,1167021.926
lp-covercrypt,089a548,"SEC::MED && DPT::$ && CTR::$","SEC::HIG && DPT::$ && CTR::$",same,64,success,2000,2703149813,1351574.907
lp-covercrypt,089a548,"SEC::MED && DPT::$ && CTR::$","SEC::$",different,5,failure,2000,483700311,241850.155
lp-covercrypt,089a548,"SEC::MED && DPT::$ && CTR::$","SEC::$ && CTR::EN",different,10,failure,2000,827997176,413998.588
lp-covercrypt,089a548,"SEC::MED && DPT::$ && CTR::$","SEC::$ && CTR::FR",different,10,failure,2000,873944341,436972.171
lp-covercrypt,089a548,"SEC::MED && DPT::$ && CTR::$","SEC::$ && CTR::$",different,20,failure,2000,1543766971,771883.485
lp-covercrypt,089a548,"SEC::MED && DPT::$ && CTR::$","SEC::$ && DPT::DEV",different,10,failure,2000,884961195,442480.597
lp-covercrypt,089a548,"SEC::MED && DPT::$ && CTR::$","SEC::$ && DPT::DEV && CTR::EN",same,20,failure,2000,1518945652,759472.826
lp-covercrypt,089a548,"SEC::MED && DPT::$ && CTR::$","SEC::$ && DPT::DEV && CTR::FR",same,20,failure,2000,1518577061,759288.530
lp-covercrypt,089a548,"SEC::MED && DPT::$ && CTR::$","SEC::$ && DPT::DEV && CTR::$",same,40,failure,2000,2666998232,1333499.116
lp-covercrypt,089a548,"SEC::MED && DPT::$ && CTR::$","SEC::$ && DPT::MKG",different,10,failure,2000,698671703,349335.851
lp-covercrypt,089a548,"SEC::MED && DPT::$ && CTR::$","SEC::$ && DPT::MKG && CTR::EN",same,20,failure,2000,1279433176,639716.588
lp-covercrypt,089a548,"SEC::MED && DPT::$ && CTR::$","SEC::$ && DPT::MKG && CTR::FR",same,20,failure,2000,1281779698,640889.849
lp-covercrypt,089a548,"SEC::MED && DPT::$ && CTR::$","SEC::$ && DPT::MKG && CTR::$",same,40,failure,2000,2447816091,1223908.046
lp-covercrypt,089a548,"SEC::MED && DPT::$ && CTR::$","SEC::$ && DPT::$",different,20,failure,2000,1353596969,676798.485
lp-covercrypt,089a548,"SEC::MED && DPT::$ && CTR::$","SEC::$ && DPT::$ && CTR::EN",same,40,failure,2000,2634125611,1317062.806
lp-covercrypt,089a548,"SEC::MED && DPT::$ && CTR::$","SEC::$ && DPT::$ && CTR::FR",same,40,failure,2000,2494821942,1247410.971
lp-covercrypt,089a548,"SEC::MED && DPT::$ && CTR::$","SEC::$ && DPT::$ && CTR::$",same,80,success,2000,2482951836,1241475.918
lp-covercrypt,089a548,"DPT::$","CTR::EN",different,2,failure,2000,295479646,147739.823
lp-covercrypt,089a548,"DPT::$","CTR::FR",different,2,failure,2000,292741630,146370.815
lp-covercrypt,089a548,"DPT::$","CTR::$",different,4,failure,2000,440907291,220453.646
lp-covercrypt,089a548,"DPT::$","DPT::DEV",different,2,failure,2000,293687174,146843.587
lp-covercrypt,089a548,"DPT::$","DPT::DEV && CTR::EN",different,4,failure,2000,445010549,222505.274
lp-covercrypt,089a548,"DPT::$","DPT::DEV && CTR::FR",different,4,failure,2000,441475898,220737.949
lp-covercrypt,089a548,"DPT::$","DPT::DEV && CTR::$",different,8,failure,2000,747112386,373556.193
lp-covercrypt,089a548,"DPT::$","DPT::MKG",different,2,failure,2000,293671274,146835.637
lp-covercrypt,089a548,"DPT::$","DPT::MKG && CTR::EN",different,4,failure,2000,449474341,224737.171
lp-covercrypt,089a548,"DPT::$","DPT::MKG && CTR::FR",different,4,failure,2000,443400398,221700.199
lp-covercrypt,089a548,"DPT::$","DPT::MKG && CTR::$",different,8,failure,2000,734741892,367370.946
lp-covercrypt,089a548,"DPT::$","DPT::$",different,4,success,2000,469025675,234512.837
lp-covercrypt,089a548,"DPT::$","DPT::$ && CTR::EN",different,8,success,2000,612984355,306492.177
lp-covercrypt,089a548,"DPT::$","DPT::$ && CTR::FR",different,8,success,2000,602958319,301479.160
lp-covercrypt,089a548,"DPT::$","DPT::$ && CTR::$",different,16,success,2000,907495875,453747.938
lp-covercrypt,089a548,"DPT::$","SEC::LOW",different,2,failure,2000,296414881,148207.440
lp-covercrypt,089a548,"DPT::$","SEC::LOW && CTR::EN",different,4,failure,2000,464854701,232427.351
lp-covercrypt,089a548,"DPT::$","SEC::LOW && CTR::FR",different,4,failure,2000,442998244,221499.122
lp-covercrypt,089a548,"DPT::$","SEC::LOW && CTR::$",different,8,failure,2000,743293853,371646.927
lp-covercrypt,089a548,"DPT::$","SEC::LOW && DPT::DEV",different,4,failure,2000,445569457,222784.728
lp-covercrypt,089a548,"DPT::$","SEC::LOW && DPT::DEV && CTR::EN",same,8,failure,2000,790506643,395253.322
lp-covercrypt,089a548,"DPT::$","SEC::LOW && DPT::DEV && CTR::FR",same,8,failure,2000,752346644,376173.322
lp-covercrypt,089a548,"DPT::$","SEC::LOW && DPT::DEV && CTR::$",same,16,failure,2000,1347254943,673627.471
lp-covercrypt,089a548,"DPT::$","SEC::LOW && DPT::MKG",different,4,failure,2000,447726914,223863.457
lp-covercrypt,089a548,"DPT::$","SEC::LOW && DPT::MKG && CTR::EN",same,8,failure,2000,782024673,391012.336
lp-covercrypt,089a548,"DPT::$","SEC::LOW && DPT::MKG && CTR::FR",same,8,failure,2000,768085015,384042.508
lp-covercrypt,089a548,"DPT::$","SEC::LOW && DPT::MKG && CTR::$",same,16,failure,2000,1352571546,676285.773
lp-covercrypt,089a548,"DPT::$","SEC::LOW && DPT::$",different,8,success,2000,617023221,308511.611
lp-covercrypt,089a548,"DPT::$","SEC::LOW && DPT::$ && CTR::EN",same,16,success,2000,922048111,461024.056
lp-covercrypt,089a548,"DPT::$","SEC::LOW && DPT::$ && CTR::FR",same,16,success,2000,956115504,478057.752
lp-covercrypt,089a548,"DPT::$","SEC::LOW && DPT::$ && CTR::$",same,32,success,2000,1558938368,779469.184
lp-covercrypt,089a548,"DPT::$","SEC::MED",different,3,failure,2000,378626288,189313.144
lp-covercrypt,089a548,"DPT::$","SEC::MED && CTR::EN",different,6,failure,2000,599540698,299770.349
lp-covercrypt,089a548,"DPT::$","SEC::MED && CTR::FR",different,6,failure,2000,616375866,308187.933
lp-covercrypt,089a548,"DPT::$","SEC::MED && CTR::$",different,12,failure,2000,1055040362,527520.181
lp-covercrypt,089a548,"DPT::$","SEC::MED && DPT::DEV",different,6,failure,2000,593621626,296810.813
lp-covercrypt,089a548,"DPT::$","SEC::MED && DPT::DEV && CTR::EN",same,12,failure,2000,1054723848,527361.924
lp-covercrypt,089a548,"DPT::$","SEC::MED && DPT::DEV && CTR::FR",same,12,failure,2000,1060820173,530410.086
lp-covercrypt,089a548,"DPT::$","SEC::MED && DPT::DEV && CTR::$",same,24,failure,2000,1940697163,970348.581
lp-covercrypt,089a548,"DPT::$","SEC::MED && DPT::MKG",different,6,failure,2000,638989494,319494.747
lp-covercrypt,089a548,"DPT::$","SEC::MED && DPT::MKG && CTR::EN",same,12,failure,2000,1547709065,773854.532
lp-covercrypt,089a548,"DPT::$","SEC::MED && DPT::MKG && CTR::FR",same,12,failure,2000,1406339992,703169.996
lp-covercrypt,089a548,"DPT::$","SEC::MED && DPT::MKG && CTR::$",same,24,failure,2000,3024874918,1512437.459
lp-covercrypt,089a548,"DPT::$","SEC::MED && DPT::$",different,12,success,2000,1112253159,556126.579
lp-covercrypt,089a548,"DPT::$","SEC::MED && DPT::$ && CTR::EN",same,24,success,2000,1427071519,713535.760
lp-covercrypt,089a548,"DPT::$","SEC::MED && DPT::$ && CTR::FR",same,24,success,2000,1384125923,692062.961
lp-covercrypt,089a548,"DPT::$","SEC::MED && DPT::$ && CTR::$",same,48,success,2000,2872857261,1436428.630
lp-covercrypt,089a548,"DPT::$","SEC::HIG",different,4,failure,2000,694155522,347077.761
lp-covercrypt,089a548,"DPT::$","SEC::HIG && CTR::EN",different,8,failure,2000,1384095717,692047.858
lp-covercrypt,089a548,"DPT::$","SEC::HIG && CTR::FR",different,8,failure,2000,1251249942,625624.971
lp-covercrypt,089a548,"DPT::$","SEC::HIG && CTR::$",different,16,failure,2000,2345137421,1172568.711
lp-covercrypt,089a548,"DPT::$","SEC::HIG && DPT::DEV",different,8,failure,2000,1071839512,535919.756
lp-covercrypt,089a548,"DPT::$","SEC::HIG && DPT::DEV && CTR::EN",same,16,failure,2000,1953319839,976659.919
lp-covercrypt,089a548,"DPT::$","SEC::HIG && DPT::DEV && CTR::FR",same,16,failure,2000,1702067232,851033.616
lp-covercrypt,089a548,"DPT::$","SEC::HIG && DPT::DEV && CTR::$",same,32,failure,2000,2547605370,1273802.685
lp-covercrypt,089a548,"DPT::$","SEC::HIG && DPT::MKG",different,8,failure,2000,733846753,366923.377
lp-covercrypt,089a548,"DPT::$","SEC::HIG && DPT::MKG && CTR::EN",same,16,failure,2000,1322793580,661396.790
lp-covercrypt,089a548,"DPT::$","SEC::HIG && DPT::MKG && CTR::FR",same,16,failure,2000,1334969268,667484.634
lp-covercrypt,089a548,"DPT::$","SEC::HIG && DPT::MKG && CTR::$",same,32,failure,2000,2529513384,1264756.692
lp-covercrypt,089a548,"DPT::$","SEC::HIG && DPT::$",different,16,success,2000,899905688,449952.844
lp-covercrypt,089a548,"DPT::$","SEC::HIG && DPT::$ && CTR::EN",same,32,success,2000,1461985318,730992.659
lp-covercrypt,089a548,"DPT::$","SEC::HIG && DPT::$ && CTR::FR",same,32,success,2000,1651484713,825742.356
lp-covercrypt,089a548,"DPT::$","SEC::HIG && DPT::$ && CTR::$",same,64,success,2000,2620171536,1310085.768
lp-covercrypt,089a548,"DPT::$","SEC::$",different,5,failure,2000,515777079,257888.540
lp-covercrypt,089a548,"DPT::$","SEC::$ && CTR::EN",different,10,failure,2000,929066176,464533.088
lp-covercrypt,089a548,"DPT::$","SEC::$ && CTR::FR",different,10,failure,2000,1061442129,530721.064
lp-covercrypt,089a548,"DPT::$","SEC::$ && CTR::$",different,20,failure,2000,1702559055,851279.527
lp-covercrypt,089a548,"DPT::$","SEC::$ && DPT::DEV",different,10,failure,2000,920826139,460413.069
lp-covercrypt,089a548,"DPT::$","SEC::$ && DPT::DEV && CTR::EN",same,20,failure,2000,1692144870,846072.435
lp-covercrypt,089a548,"DPT::$","SEC::$ && DPT::DEV && CTR::FR",same,20,failure,2000,1715295054,857647.527
lp-covercrypt,089a548,"DPT::$","SEC::$ && DPT::DEV && CTR::$",same,40,failure,2000,3356104913,1678052.457
lp-covercrypt,089a548,"DPT::$","SEC::$ && DPT::MKG",different,10,failure,2000,1068742022,534371.011
lp-covercrypt,089a548,"DPT::$","SEC::$ && DPT::MKG && CTR::EN",same,20,failure,2000,1967623990,983811.995
lp-covercrypt,089a548,"DPT::$","SEC::$ && DPT::MKG && CTR::FR",same,20,failure,2000,1618409341,809204.671
lp-covercrypt,089a548,"DPT::$","SEC::$ && DPT::MKG && CTR::$",same,40,failure,2000,3102731098,1551365.549
lp-covercrypt,089a548,"DPT::$","SEC::$ && DPT::$",different,20,success,2000,1004968519,502484.259
lp-covercrypt,089a548,"DPT::$","SEC::$ && DPT::$ && CTR::EN",same,40,success,2000,1751864469,875932.235
lp-covercrypt,089a548,"DPT::$","SEC::$ && DPT::$ && CTR::FR",same,40,success,2000,1924056028,962028.014
lp-covercrypt,089a548,"DPT::$","SEC::$ && DPT::$ && CTR::$",same,80,success,2000,3226816781,1613408.390
lp-covercrypt,089a548,"SEC::LOW && DPT::MKG","CTR::EN",different,2,failure,2000,298497847,149248.924
lp-covercrypt,089a548,"SEC::LOW && DPT::MKG","CTR::FR",different,2,failure,2000,297664825,148832.413
lp-covercrypt,089a548,"SEC::LOW && DPT::MKG","CTR::$",different,4,failure,2000,447984818,223992.409
lp-covercrypt,089a548,"SEC::LOW && DPT::MKG","DPT::DEV",different,2,failure,2000,301469071,150734.535
lp-covercrypt,089a548,"SEC::LOW && DPT::MKG","DPT::DEV && CTR::EN",different,4,failure,2000,441131722,220565.861
lp-covercrypt,089a548,"SEC::LOW && DPT::MKG","DPT::DEV && CTR::FR",different,4,failure,2000,441603918,220801.959
lp-covercrypt,089a548,"SEC::LOW && DPT::MKG","DPT::DEV && CTR::$",different,8,failure,2000,740579211,370289.606
lp-covercrypt,089a548,"SEC::LOW && DPT::MKG","DPT::MKG",different,2,failure,2000,294158447,147079.223
lp-covercrypt,089a548,"SEC::LOW && DPT::MKG","DPT::MKG && CTR::EN",different,4,failure,2000,441279220,220639.610
lp-covercrypt,089a548,"SEC::LOW && DPT::MKG","DPT::MKG && CTR::FR",different,4,failure,2000,440151604,220075.802
lp-covercrypt,089a548,"SEC::LOW && DPT::MKG","DPT::MKG && CTR::$",different,8,failure,2000,736663707,368331.854
lp-covercrypt,089a548,"SEC::LOW && DPT::MKG","DPT::$",different,4,failure,2000,443415066,221707.533
lp-covercrypt,089a548,"SEC::LOW && DPT::MKG","DPT::$ && CTR::EN",different,8,failure,2000,736729370,368364.685
lp-covercrypt,089a548,"SEC::LOW && DPT::MKG","DPT::$ && CTR::FR",different,8,failure,2000,737959187,368979.594
lp-covercrypt,089a548,"SEC::LOW && DPT::MKG","DPT::$ && CTR::$",different,16,failure,2000,1325809236,662904.618
lp-covercrypt,089a548,"SEC::LOW && DPT::MKG","SEC::LOW",different,2,failure,2000,293057032,146528.516
lp-covercrypt,089a548,"SEC::LOW && DPT::MKG","SEC::LOW && CTR::EN",different,4,failure,2000,439276513,219638.256
lp-covercrypt,089a548,"SEC::LOW && DPT::MKG","SEC::LOW && CTR::FR",different,4,failure,2000,445205334,222602.667
lp-covercrypt,089a548,"SEC::LOW && DPT::MKG","SEC::LOW && CTR::$",different,8,failure,2000,733845962,366922.981
lp-covercrypt,089a548,"SEC::LOW && DPT::MKG","SEC::LOW && DPT::DEV",different,4,failure,2000,440258325,220129.163
lp-covercrypt,089a548,"SEC::LOW && DPT::MKG","SEC::LOW && DPT::DEV && CTR::EN",same,8,failure,2000,738065176,369032.588
lp-covercrypt,089a548,"SEC::LOW && DPT::MKG","SEC::LOW && DPT::DEV && CTR::FR",same,8,failure,2000,736184688,368092.344
lp-covercrypt,089a548,"SEC::LOW && DPT::MKG","SEC::LOW && DPT::DEV && CTR::$",same,16,failure,2000,1329086854,664543.427
lp-covercrypt,089a548,"SEC::LOW && DPT::MKG","SEC::LOW && DPT::MKG",different,4,success,2000,460034489,230017.245
lp-covercrypt,089a548,"SEC::LOW && DPT::MKG","SEC::LOW && DPT::MKG && CTR::EN",same,8,success,2000,640384572,320192.286
lp-covercrypt,089a548,"SEC::LOW && DPT::MKG","SEC::LOW && DPT::MKG && CTR::FR",same,8,success,2000,611793742,305896.871
lp-covercrypt,089a548,"SEC::LOW && DPT::MKG","SEC::LOW && DPT::MKG && CTR::$",same,16,success,2000,879780468,439890.234
lp-covercrypt,089a548,"SEC::LOW && DPT::MKG","SEC::LOW && DPT::$",different,8,success,2000,602080803,301040.401
lp-covercrypt,089a548,"SEC::LOW && DPT::MKG","SEC::LOW && DPT::$ && CTR::EN",same,16,success,2000,893077079,446538.540
lp-covercrypt,089a548,"SEC::LOW && DPT::MKG","SEC::LOW && DPT::$ && CTR::FR",same,16,success,2000,905956538,452978.269
lp-covercrypt,089a548,"SEC::LOW && DPT::MKG","SEC::LOW && DPT::$ && CTR::$",same,32,success,2000,1480381355,740190.677
lp-covercrypt,089a548,"SEC::LOW && DPT::MKG","SEC::MED",different,3,failure,2000,370438570,185219.285
lp-covercrypt,089a548,"SEC::LOW && DPT::MKG","SEC::MED && CTR::EN",different,6,failure,2000,591144269,295572.134
lp-covercrypt,089a548,"SEC::LOW && DPT::MKG","SEC::MED && CTR::FR",different,6,failure,2000,588698922,294349.461
lp-covercrypt,089a548,"SEC::LOW && DPT::MKG","SEC::MED && CTR::$",different,12,failure,2000,1031116156,515558.078
lp-covercrypt,089a548,"SEC::LOW && DPT::MKG","SEC::MED && DPT::DEV",different,6,failure,2000,587650565,293825.282
lp-covercrypt,089a548,"SEC::LOW && DPT::MKG","SEC::MED && DPT::DEV && CTR::EN",same,12,failure,2000,1028331883,514165.942
lp-covercrypt,089a548,"SEC::LOW && DPT::MKG","SEC::MED && DPT::DEV && CTR::FR",same,12,failure,2000,1032229143,516114.572
lp-covercrypt,089a548,"SEC::LOW && DPT::MKG","SEC::MED && DPT::DEV && CTR::$",same,24,failure,2000,1983367872,991683.936
lp-covercrypt,089a548,"SEC::LOW && DPT::MKG","SEC::MED && DPT::MKG",different,6,success,2000,597328589,298664.295
lp-covercrypt,089a548,"SEC::LOW && DPT::MKG","SEC::MED && DPT::MKG && CTR::EN",same,12,success,2000,751735097,375867.548
lp-covercrypt,089a548,"SEC::LOW && DPT::MKG","SEC::MED && DPT::MKG && CTR::FR",same,12,success,2000,755175901,377587.950
lp-covercrypt,089a548,"SEC::LOW && DPT::MKG","SEC::MED && DPT::MKG && CTR::$",same,24,success,2000,1154219106,577109.553
lp-covercrypt,089a548,"SEC::LOW && DPT::MKG","SEC::MED && DPT::$",different,12,success,2000,753064130,376532.065
lp-covercrypt,089a548,"SEC::LOW && DPT::MKG","SEC::MED && DPT::$ && CTR::EN",same,24,success,2000,1202753665,601376.833
lp-covercrypt,089a548,"SEC::LOW && DPT::MKG","SEC::MED && DPT::$ && CTR::FR",same,24,success,2000,1178326796,589163.398
lp-covercrypt,089a548,"SEC::LOW && DPT::MKG","SEC::MED && DPT::$ && CTR::$",same,48,success,2000,1977946513,988973.257
lp-covercrypt,089a548,"SEC::LOW && DPT::MKG","SEC::HIG",different,4,failure,2000,440753553,220376.777
lp-covercrypt,089a548,"SEC::LOW && DPT::MKG","SEC::HIG && CTR::EN",different,8,failure,2000,735085917,367542.959
lp-covercrypt,089a548,"SEC::LOW && DPT::MKG","SEC::HIG && CTR::FR",different,8,failure,2000,738707641,369353.820
lp-covercrypt,089a548,"SEC::LOW && DPT::MKG","SEC::HIG && CTR::$",different,16,failure,2000,1325152304,662576.152
lp-covercrypt,089a548,"SEC::LOW && DPT::MKG","SEC::HIG && DPT::DEV",different,8,failure,2000,745084683,372542.341
lp-covercrypt,089a548,"SEC::LOW && DPT::MKG","SEC::HIG && DPT::DEV && CTR::EN",same,16,failure,2000,1330580727,665290.363
lp-covercrypt,089a548,"SEC::LOW && DPT::MKG","SEC::HIG && DPT::DEV && CTR::FR",same,16,failure,2000,1339881742,669940.871
lp-covercrypt,089a548,"SEC::LOW && DPT::MKG","SEC::HIG && DPT::DEV && CTR::$",same,32,failure,2000,2522318860,1261159.430
lp-covercrypt,089a548,"SEC::LOW && DPT::MKG","SEC::HIG && DPT::MKG",different,8,success,2000,619442008,309721.004
lp-covercrypt,089a548,"SEC::LOW && DPT::MKG","SEC::HIG && DPT::MKG && CTR::EN",same,16,success,2000,891726757,445863.378
lp-covercrypt,089a548,"SEC::LOW && DPT::MKG","SEC::HIG && DPT::MKG && CTR::FR",same,16,success,2000,872028728,436014.364
lp-covercrypt,089a548,"SEC::LOW && DPT::MKG","SEC::HIG && DPT::MKG && CTR::$",same,32,success,2000,1460608827,730304.414
lp-covercrypt,089a548,"SEC::LOW && DPT::MKG","SEC::HIG && DPT::$",different,16,success,2000,886267866,443133.933
lp-covercrypt,089a548,"SEC::LOW && DPT::MKG","SEC::HIG && DPT::$ && CTR::EN",same,32,success,2000,1595848022,797924.011
lp-covercrypt,089a548,"SEC::LOW && DPT::MKG","SEC::HIG && DPT::$ && CTR::FR",same,32,success,2000,1473525966,736762.983
lp-covercrypt,089a548,"SEC::LOW && DPT::MKG","SEC::HIG && DPT::$ && CTR::$",same,64,success,2000,2783273856,1391636.928
lp-covercrypt,089a548,"SEC::LOW && DPT::MKG","SEC::$",different,5,failure,2000,519241267,259620.633
lp-covercrypt,089a548,"SEC::LOW && DPT::MKG","SEC::$ && CTR::EN",different,10,failure,2000,886109149,443054.574
lp-covercrypt,089a548,"SEC::LOW && DPT::MKG","SEC::$ && CTR::FR",different,10,failure,2000,887408166,443704.083
lp-covercrypt,089a548,"SEC::LOW && DPT::MKG","SEC::$ && CTR::$",different,20,failure,2000,1661984577,830992.289
lp-covercrypt,089a548,"SEC::LOW && DPT::MKG","SEC::$ && DPT::DEV",different,10,failure,2000,1217660155,608830.078
lp-covercrypt,089a548,"SEC::LOW && DPT::MKG","SEC::$ && DPT::DEV && CTR::EN",same,20,failure,2000,2207561152,1103780.576
lp-covercrypt,089a548,"SEC::LOW && DPT::MKG","SEC::$ && DPT::DEV && CTR::FR",same,20,failure,2000,1921868885,960934.443
lp-covercrypt,089a548,"SEC::LOW && DPT::MKG","SEC::$ && DPT::DEV && CTR::$",same,40,failure,2000,3165816360,1582908.180
lp-covercrypt,089a548,"SEC::LOW && DPT::MKG","SEC::$ && DPT::MKG",different,10,success,2000,707606863,353803.432
lp-covercrypt,089a548,"SEC::LOW && DPT::MKG","SEC::$ && DPT::MKG && CTR::EN",same,20,success,2000,1114507467,557253.733
lp-covercrypt,089a548,"SEC::LOW && DPT::MKG","SEC::$ && DPT::MKG && CTR::FR",same,20,success,2000,1046991243,523495.622
lp-covercrypt,089a548,"SEC::LOW && DPT::MKG","SEC::$ && DPT::MKG && CTR::$",same,40,success,2000,1795370576,897685.288
lp-covercrypt,089a548,"SEC::LOW && DPT::MKG","SEC::$ && DPT::$",different,20,success,2000,1063033875,531516.938
lp-covercrypt,089a548,"SEC::LOW && DPT::MKG","SEC::$ && DPT::$ && CTR::EN",same,40,success,2000,1785696129,892848.064
lp-covercrypt,089a548,"SEC::LOW && DPT::MKG","SEC::$ && DPT::$ && CTR::FR",same,40,success,2000,1810196526,905098.263
lp-covercrypt,089a548,"SEC::LOW && DPT::MKG","SEC::$ && DPT::$ && CTR::$",same,80,success,2000,3179689582,1589844.791
lp-covercrypt,089a548,"SEC::MED && DPT::DEV","CTR::EN",different,2,failure,2000,296113034,148056.517
lp-covercrypt,089a548,"SEC::MED && DPT::DEV","CTR::FR",different,2,failure,2000,294463940,147231.970
lp-covercrypt,089a548,"SEC::MED && DPT::DEV","CTR::$",different,4,failure,2000,443007542,221503.771
lp-covercrypt,089a548,"SEC::MED && DPT::DEV","DPT::DEV",different,2,failure,2000,294116419,147058.209
lp-covercrypt,089a548,"SEC::MED && DPT::DEV","DPT::DEV && CTR::EN",different,4,failure,2000,441343811,220671.905
lp-covercrypt,089a548,"SEC::MED && DPT::DEV","DPT::DEV && CTR::FR",different,4,failure,2000,441804675,220902.337
lp-covercrypt,089a548,"SEC::MED && DPT::DEV","DPT::DEV && CTR::$",different,8,failure,2000,739260287,369630.144
lp-covercrypt,089a548,"SEC::MED && DPT::DEV","DPT::MKG",different,2,failure,2000,294590077,147295.038
lp-covercrypt,089a548,"SEC::MED && DPT::DEV","DPT::MKG && CTR::EN",different,4,failure,2000,442810061,221405.030
lp-covercrypt,089a548,"SEC::MED && DPT::DEV","DPT::MKG && CTR::FR",different,4,failure,2000,441574794,220787.397
lp-covercrypt,089a548,"SEC::MED && DPT::DEV","DPT::MKG && CTR::$",different,8,failure,2000,772371847,386185.923
lp-covercrypt,089a548,"SEC::MED && DPT::DEV","DPT::$",different,4,failure,2000,446305908,223152.954
lp-covercrypt,089a548,"SEC::MED && DPT::DEV","DPT::$ && CTR::EN",different,8,failure,2000,747315066,373657.533
lp-covercrypt,089a548,"SEC::MED && DPT::DEV","DPT::$ && CTR::FR",different,8,failure,2000,745639062,372819.531
lp-covercrypt,089a548,"SEC::MED && DPT::DEV","DPT::$ && CTR::$",different,16,failure,2000,1331401916,665700.958
lp-covercrypt,089a548,"SEC::MED && DPT::DEV","SEC::LOW",different,2,failure,2000,295764219,147882.109
lp-covercrypt,089a548,"SEC::MED && DPT::DEV","SEC::LOW && CTR::EN",different,4,failure,2000,446002499,223001.250
lp-covercrypt,089a548,"SEC::MED && DPT::DEV","SEC::LOW && CTR::FR",different,4,failure,2000,446565445,223282.723
lp-covercrypt,089a548,"SEC::MED && DPT::DEV","SEC::LOW && CTR::$",different,8,failure,2000,746273231,373136.616
lp-covercrypt,089a548,"SEC::MED && DPT::DEV","SEC::LOW && DPT::DEV",different,4,failure,2000,446533875,223266.938
lp-covercrypt,089a548,"SEC::MED && DPT::DEV","SEC::LOW && DPT::DEV && CTR::EN",same,8,failure,2000,738828066,369414.033
lp-covercrypt,089a548,"SEC::MED && DPT::DEV","SEC::LOW && DPT::DEV && CTR::FR",same,8,failure,2000,735083593,367541.796
lp-covercrypt,089a548,"SEC::MED && DPT::DEV","SEC::LOW && DPT::DEV && CTR::$",same,16,failure,2000,1331615808,665807.904
lp-covercrypt,089a548,"SEC::MED && DPT::DEV","SEC::LOW && DPT::MKG",different,4,failure,2000,445557634,222778.817
lp-covercrypt,089a548,"SEC::MED && DPT::DEV","SEC::LOW && DPT::MKG && CTR::EN",same,8,failure,2000,770488894,385244.447
lp-covercrypt,089a548,"SEC::MED && DPT::DEV","SEC::LOW && DPT::MKG && CTR::FR",same,8,failure,2000,745512736,372756.368
lp-covercrypt,089a548,"SEC::MED && DPT::DEV","SEC::LOW && DPT::MKG && CTR::$",same,16,failure,2000,1343608773,671804.387
lp-covercrypt,089a548,"SEC::MED && DPT::DEV","SEC::LOW && DPT::$",different,8,failure,2000,743505931,371752.965
lp-covercrypt,089a548,"SEC::MED && DPT::DEV","SEC::LOW && DPT::$ && CTR::EN",same,16,failure,2000,1341409740,670704.870
lp-covercrypt,089a548,"SEC::MED && DPT::DEV","SEC::LOW && DPT::$ && CTR::FR",same,16,failure,2000,1349556229,674778.115
lp-covercrypt,089a548,"SEC::MED && DPT::DEV","SEC::LOW && DPT::$ && CTR::$",same,32,failure,2000,2626831499,1313415.749
lp-covercrypt,089a548,"SEC::MED && DPT::DEV","SEC::MED",different,3,failure,2000,369086845,184543.422
lp-covercrypt,089a548,"SEC::MED && DPT::DEV","SEC::MED && CTR::EN",different,6,failure,2000,588330060,294165.030
lp-covercrypt,089a548,"SEC::MED && DPT::DEV","SEC::MED && CTR::FR",different,6,failure,2000,591851405,295925.703
lp-covercrypt,089a548,"SEC::MED && DPT::DEV","SEC::MED && CTR::$",different,12,failure,2000,1038529471,519264.736
lp-covercrypt,089a548,"SEC::MED && DPT::DEV","SEC::MED && DPT::DEV",different,6,success,2000,536371669,268185.834
lp-covercrypt,089a548,"SEC::MED && DPT::DEV","SEC::MED && DPT::DEV && CTR::EN",same,12,success,2000,756705220,378352.610
lp-covercrypt,089a548,"SEC::MED && DPT::DEV","SEC::MED && DPT::DEV && CTR::FR",same,12,success,2000,782956841,391478.421
lp-covercrypt,089a548,"SEC::MED && DPT::DEV","SEC::MED && DPT::DEV && CTR::$",same,24,success,2000,1203293036,601646.518
lp-covercrypt,089a548,"SEC::MED && DPT::DEV","SEC::MED && DPT::MKG",different,6,failure,2000,600688711,300344.356
lp-covercrypt,089a548,"SEC::MED && DPT::DEV","SEC::MED && DPT::MKG && CTR::EN",same,12,failure,2000,1040004358,520002.179
lp-covercrypt,089a548,"SEC::MED && DPT::DEV","SEC::MED && DPT::MKG && CTR::FR",same,12,failure,2000,1038597519,519298.759
lp-covercrypt,089a548,"SEC::MED && DPT::DEV","SEC::MED && DPT::MKG && CTR::$",same,24,failure,2000,1953049833,976524.917
lp-covercrypt,089a548,"SEC::MED && DPT::DEV","SEC::MED && DPT::$",different,12,success,2000,796516095,398258.047
lp-covercrypt,089a548,"SEC::MED && DPT::DEV","SEC::MED && DPT::$ && CTR::EN",same,24,success,2000,1178793322,589396.661
lp-covercrypt,089a548,"SEC::MED && DPT::DEV","SEC::MED && DPT::$ && CTR::FR",same,24,success,2000,1202956035,601478.017
lp-covercrypt,089a548,"SEC::MED && DPT::DEV","SEC::MED && DPT::$ && CTR::$",same,48,success,2000,2098074083,1049037.042
lp-covercrypt,089a548,"SEC::MED && DPT::DEV","SEC::HIG",different,4,failure,2000,443813944,221906.972
lp-covercrypt,089a548,"SEC::MED && DPT::DEV","SEC::HIG && CTR::EN",different,8,failure,2000,741645501,370822.751
lp-covercrypt,089a548,"SEC::MED && DPT::DEV","SEC::HIG && CTR::FR",different,8,failure,2000,738202553,369101.276
lp-covercrypt,089a548,"SEC::MED && DPT::DEV","SEC::HIG && CTR::$",different,16,failure,2000,1323178021,661589.010
lp-covercrypt,089a548,"SEC::MED && DPT::DEV","SEC::HIG && DPT::DEV",different,8,success,2000,602142920,301071.460
lp-covercrypt,089a548,"SEC::MED && DPT::DEV","SEC::HIG && DPT::DEV && CTR::EN",same,16,success,2000,908501562,454250.781
lp-covercrypt,089a548,"SEC::MED && DPT::DEV","SEC::HIG && DPT::DEV && CTR::FR",same,16,success,2000,890542665,445271.333
lp-covercrypt,089a548,"SEC::MED && DPT::DEV","SEC::HIG && DPT::DEV && CTR::$",same,32,success,2000,1515660741,757830.370
lp-covercrypt,089a548,"SEC::MED && DPT::DEV","SEC::HIG && DPT::MKG",different,8,failure,2000,746124693,373062.346
lp-covercrypt,089a548,"SEC::MED && DPT::DEV","SEC::HIG && DPT::MKG && CTR::EN",same,16,failure,2000,1350601821,675300.910
lp-covercrypt,089a548,"SEC::MED && DPT::DEV","SEC::HIG && DPT::MKG && CTR::FR",same,16,failure,2000,1343061448,671530.724
lp-covercrypt,089a548,"SEC::MED && DPT::DEV","SEC::HIG && DPT::MKG && CTR::$",same,32,failure,2000,2553525976,1276762.988
lp-covercrypt,089a548,"SEC::MED && DPT::DEV","SEC::HIG && DPT::$",different,16,success,2000,970099133,485049.567
lp-covercrypt,089a548,"SEC::MED && DPT::DEV","SEC::HIG && DPT::$ && CTR::EN",same,32,success,2000,1474715898,737357.949
lp-covercrypt,089a548,"SEC::MED && DPT::DEV","SEC::HIG && DPT::$ && CTR::FR",same,32,success,2000,1521328041,760664.020
lp-covercrypt,089a548,"SEC::MED && DPT::DEV","SEC::HIG && DPT::$ && CTR::$",same,64,success,2000,2750166324,1375083.162
lp-covercrypt,089a548,"SEC::MED && DPT::DEV","SEC::$",different,5,failure,2000,520628238,260314.119
lp-covercrypt,089a548,"SEC::MED && DPT::DEV","SEC::$ && CTR::EN",different,10,failure,2000,884135597,442067.798
lp-covercrypt,089a548,"SEC::MED && DPT::DEV","SEC::$ && CTR::FR",different,10,failure,2000,902259673,451129.836
lp-covercrypt,089a548,"SEC::MED && DPT::DEV","SEC::$ && CTR::$",different,20,failure,2000,1648261226,824130.613
lp-covercrypt,089a548,"SEC::MED && DPT::DEV","SEC::$ && DPT::DEV",different,10,success,2000,710017455,355008.727
lp-covercrypt,089a548,"SEC::MED && DPT::DEV","SEC::$ && DPT::DEV && CTR::EN",same,20,success,2000,1091372081,545686.041
lp-covercrypt,089a548,"SEC::MED && DPT::DEV","SEC::$ && DPT::DEV && CTR::FR",same,20,success,2000,1124765408,562382.704
lp-covercrypt,089a548,"SEC::MED && DPT::DEV","SEC::$ && DPT::DEV && CTR::$",same,40,success,2000,1859202889,929601.444
lp-covercrypt,089a548,"SEC::MED && DPT::DEV","SEC::$ && DPT::MKG",different,10,failure,2000,908392127,454196.063
lp-covercrypt,089a548,"SEC::MED && DPT::DEV","SEC::$ && DPT::MKG && CTR::EN",same,20,failure,2000,1658574941,829287.471
lp-covercrypt,089a548,"SEC::MED && DPT::DEV","SEC::$ && DPT::MKG && CTR::FR",same,20,failure,2000,1635303650,817651.825
lp-covercrypt,089a548,"SEC::MED && DPT::DEV","SEC::$ && DPT::MKG && CTR::$",same,40,failure,2000,3133786088,1566893.044
lp-covercrypt,089a548,"SEC::MED && DPT::DEV","SEC::$ && DPT::$",different,20,success,2000,1045359613,522679.807
lp-covercrypt,089a548,"SEC::MED && DPT::DEV","SEC::$ && DPT::$ && CTR::EN",same,40,success,2000,1866410499,933205.250
lp-covercrypt,089a548,"SEC::MED && DPT::DEV","SEC::$ && DPT::$ && CTR::FR",same,40,success,2000,1758622686,879311.343
lp-covercrypt,089a548,"SEC::MED && DPT::DEV","SEC::$ && DPT::$ && CTR::$",same,80,success,2000,3295755292,1647877.646
