variant,scenario,baseline_ref,enc_ap,user_ap,y_relation,user_rights,user_key_bytes,ciphertext_bytes,decryption_result,iterations,total_ns,mean_ns
covercrypt,classic,089a548,"CTR::EN","CTR::EN",different,40,1645,178,success,200,783302527,3916512.635
covercrypt,classic,089a548,"CTR::EN","CTR::FR",different,40,1645,178,failure,200,1418801549,7094007.745
covercrypt,classic,089a548,"CTR::EN","CTR::$",different,80,3147,178,success,200,1524118475,7620592.375
covercrypt,classic,089a548,"CTR::EN","DPT::DEV",different,40,1645,178,success,200,883597776,4417988.880
covercrypt,classic,089a548,"CTR::EN","DPT::DEV && CTR::EN",different,20,899,178,success,200,499717663,2498588.315
covercrypt,classic,089a548,"CTR::EN","DPT::DEV && CTR::FR",different,20,899,178,failure,200,746823841,3734119.205
covercrypt,classic,089a548,"CTR::EN","DPT::DEV && CTR::$",different,40,1645,178,success,200,853452693,4267263.465
covercrypt,classic,089a548,"CTR::EN","DPT::MKG",different,40,1645,178,success,200,874467545,4372337.725
covercrypt,classic,089a548,"CTR::EN","DPT::MKG && CTR::EN",different,20,899,178,success,200,504670536,2523352.680
covercrypt,classic,089a548,"CTR::EN","DPT::MKG && CTR::FR",different,20,899,178,failure,200,755695804,3778479.020
covercrypt,classic,089a548,"CTR::EN","DPT::MKG && CTR::$",different,40,1645,178,success,200,1060680171,5303400.855
covercrypt,classic,089a548,"CTR::EN","DPT::$",different,80,3147,178,success,200,1599246535,7996232.675
covercrypt,classic,089a548,"CTR::EN","DPT::$ && CTR::EN",different,40,1645,178,success,200,945104834,4725524.170
covercrypt,classic,089a548,"CTR::EN","DPT::$ && CTR::FR",different,40,1645,178,failure,200,1482626445,7413132.225
covercrypt,classic,089a548,"CTR::EN","DPT::$ && CTR::$",different,80,3147,178,success,200,1806061125,9030305.625
covercrypt,classic,089a548,"CTR::EN","SEC::LOW",different,32,1347,178,success,200,722088571,3610442.855
covercrypt,classic,089a548,"CTR::EN","SEC::LOW && CTR::EN",different,16,751,178,success,200,391964318,1959821.590
covercrypt,classic,089a548,"CTR::EN","SEC::LOW && CTR::FR",different,16,751,178,failure,200,640939901,3204699.505
covercrypt,classic,089a548,"CTR::EN","SEC::LOW && CTR::$",different,32,1347,178,success,200,762294327,3811471.635
covercrypt,classic,089a548,"CTR::EN","SEC::LOW && DPT::DEV",different,16,751,178,success,200,395592761,1977963.805
covercrypt,classic,089a548,"CTR::EN","SEC::LOW && DPT::DEV && CTR::EN",same,8,455,178,success,200,263313392,1316566.960
covercrypt,classic,089a548,"CTR::EN","SEC::LOW && DPT::DEV && CTR::FR",same,8,455,178,failure,200,325228484,1626142.420
covercrypt,classic,089a548,"CTR::EN","SEC::LOW && DPT::DEV && CTR::$",same,16,751,178,success,200,402315920,2011579.600
covercrypt,classic,089a548,"CTR::EN","SEC::LOW && DPT::MKG",different,16,751,178,success,200,412027449,2060137.245
covercrypt,classic,089a548,"CTR::EN","SEC::LOW && DPT::MKG && CTR::EN",same,8,455,178,success,200,308331122,1541655.610
covercrypt,classic,089a548,"CTR::EN","SEC::LOW && DPT::MKG && CTR::FR",same,8,455,178,failure,200,378772670,1893863.350
covercrypt,classic,089a548,"CTR::EN","SEC::LOW && DPT::MKG && CTR::$",same,16,751,178,success,200,448270586,2241352.930
covercrypt,classic,089a548,"CTR::EN","SEC::LOW && DPT::$",different,32,1347,178,success,200,641010908,3205054.540
covercrypt,classic,089a548,"CTR::EN","SEC::LOW && DPT::$ && CTR::EN",same,16,751,178,success,200,481947823,2409739.115
covercrypt,classic,089a548,"CTR::EN","SEC::LOW && DPT::$ && CTR::FR",same,16,751,178,failure,200,706211903,3531059.515
covercrypt,classic,089a548,"CTR::EN","SEC::LOW && DPT::$ && CTR::$",same,32,1347,178,success,200,632036556,3160182.780
covercrypt,classic,089a548,"CTR::EN","SEC::MED",different,48,1947,178,success,200,895307723,4476538.615
covercrypt,classic,089a548,"CTR::EN","SEC::MED && CTR::EN",different,24,1049,178,success,200,589537341,2947686.705
covercrypt,classic,089a548,"CTR::EN","SEC::MED && CTR::FR",different,24,1049,178,failure,200,903819430,4519097.150
covercrypt,classic,089a548,"CTR::EN","SEC::MED && CTR::$",different,48,1947,178,success,200,1002234508,5011172.540
covercrypt,classic,089a548,"CTR::EN","SEC::MED && DPT::DEV",different,24,1049,178,success,200,559946384,2799731.920
covercrypt,classic,089a548,"CTR::EN","SEC::MED && DPT::DEV && CTR::EN",same,12,603,178,success,200,385654748,1928273.740
covercrypt,classic,089a548,"CTR::EN","SEC::MED && DPT::DEV && CTR::FR",same,12,603,178,failure,200,496873481,2484367.405
covercrypt,classic,089a548,"CTR::EN","SEC::MED && DPT::DEV && CTR::$",same,24,1049,178,success,200,551745514,2758727.570
covercrypt,classic,089a548,"CTR::EN","SEC::MED && DPT::MKG",different,24,1049,178,success,200,615032758,3075163.790
covercrypt,classic,089a548,"CTR::EN","SEC::MED && DPT::MKG && CTR::EN",same,12,603,178,success,200,318266651,1591333.255
covercrypt,classic,089a548,"CTR::EN","SEC::MED && DPT::MKG && CTR::FR",same,12,603,178,failure,200,466613184,2333065.920
covercrypt,classic,089a548,"CTR::EN","SEC::MED && DPT::MKG && CTR::$",same,24,1049,178,success,200,532374338,2661871.690
covercrypt,classic,089a548,"CTR::EN","SEC::MED && DPT::$",different,48,1947,178,success,200,1059083925,5295419.625
covercrypt,classic,089a548,"CTR::EN","SEC::MED && DPT::$ && CTR::EN",same,24,1049,178,success,200,569057908,2845289.540
covercrypt,classic,089a548,"CTR::EN","SEC::MED && DPT::$ && CTR::FR",same,24,1049,178,failure,200,905394586,4526972.930
covercrypt,classic,089a548,"CTR::EN","SEC::MED && DPT::$ && CTR::$",same,48,1947,178,success,200,873552607,4367763.035
covercrypt,classic,089a548,"CTR::EN","SEC::HIG",different,64,2547,178,success,200,1241904944,6209524.720
covercrypt,classic,089a548,"CTR::EN","SEC::HIG && CTR::EN",different,32,1347,178,success,200,625450313,3127251.565
covercrypt,classic,089a548,"CTR::EN","SEC::HIG && CTR::FR",different,32,1347,178,failure,200,1149897168,5749485.840
covercrypt,classic,089a548,"CTR::EN","SEC::HIG && CTR::$",different,64,2547,178,success,200,1224105248,6120526.240
covercrypt,classic,089a548,"CTR::EN","SEC::HIG && DPT::DEV",different,32,1347,178,success,200,816638307,4083191.535
covercrypt,classic,089a548,"CTR::EN","SEC::HIG && DPT::DEV && CTR::EN",same,16,751,178,success,200,496468233,2482341.165
covercrypt,classic,089a548,"CTR::EN","SEC::HIG && DPT::DEV && CTR::FR",same,16,751,178,failure,200,678679728,3393398.640
covercrypt,classic,089a548,"CTR::EN","SEC::HIG && DPT::DEV && CTR::$",same,32,1347,178,success,200,623097085,3115485.425
covercrypt,classic,089a548,"CTR::EN","SEC::HIG && DPT::MKG",different,32,1347,178,success,200,696419296,3482096.480
covercrypt,classic,089a548,"CTR::EN","SEC::HIG && DPT::MKG && CTR::EN",same,16,751,178,success,200,453360963,2266804.815
covercrypt,classic,089a548,"CTR::EN","SEC::HIG && DPT::MKG && CTR::FR",same,16,751,178,failure,200,664251295,3321256.475
covercrypt,classic,089a548,"CTR::EN","SEC::HIG && DPT::MKG && CTR::$",same,32,1347,178,success,200,916271543,4581357.715
covercrypt,classic,089a548,"CTR::EN","SEC::HIG && DPT::$",different,64,2547,178,success,200,1171255294,5856276.470
covercrypt,classic,089a548,"CTR::EN","SEC::HIG && DPT::$ && CTR::EN",same,32,1347,178,success,200,687735730,3438678.650
covercrypt,classic,089a548,"CTR::EN","SEC::HIG && DPT::$ && CTR::FR",same,32,1347,178,failure,200,1096778771,5483893.855
covercrypt,classic,089a548,"CTR::EN","SEC::HIG && DPT::$ && CTR::$",same,64,2547,178,success,200,1132330951,5661654.755
covercrypt,classic,089a548,"CTR::EN","SEC::$",different,80,3147,178,success,200,1433444301,7167221.505
covercrypt,classic,089a548,"CTR::EN","SEC::$ && CTR::EN",different,40,1645,178,success,200,968084928,4840424.640
covercrypt,classic,089a548,"CTR::EN","SEC::$ && CTR::FR",different,40,1645,178,failure,200,1444116937,7220584.685
covercrypt,classic,089a548,"CTR::EN","SEC::$ && CTR::$",different,80,3147,178,success,200,1467917064,7339585.320
covercrypt,classic,089a548,"CTR::EN","SEC::$ && DPT::DEV",different,40,1645,178,success,200,783138702,3915693.510
covercrypt,classic,089a548,"CTR::EN","SEC::$ && DPT::DEV && CTR::EN",same,20,899,178,success,200,456059775,2280298.875
covercrypt,classic,089a548,"CTR::EN","SEC::$ && DPT::DEV && CTR::FR",same,20,899,178,failure,200,671845439,3359227.195
covercrypt,classic,089a548,"CTR::EN","SEC::$ && DPT::DEV && CTR::$",same,40,1645,178,success,200,758864180,3794320.900
covercrypt,classic,089a548,"CTR::EN","SEC::$ && DPT::MKG",different,40,1645,178,success,200,775335873,3876679.365
covercrypt,classic,089a548,"CTR::EN","SEC::$ && DPT::MKG && CTR::EN",same,20,899,178,success,200,454706773,2273533.865
covercrypt,classic,089a548,"CTR::EN","SEC::$ && DPT::MKG && CTR::FR",same,20,899,178,failure,200,679029004,3395145.020
covercrypt,classic,089a548,"CTR::EN","SEC::$ && DPT::MKG && CTR::$",same,40,1645,178,success,200,820428022,4102140.110
covercrypt,classic,089a548,"CTR::EN","SEC::$ && DPT::$",different,80,3147,178,success,200,1359313989,6796569.945
covercrypt,classic,089a548,"CTR::EN","SEC::$ && DPT::$ && CTR::EN",same,40,1645,178,success,200,785304084,3926520.420
covercrypt,classic,089a548,"CTR::EN","SEC::$ && DPT::$ && CTR::FR",same,40,1645,178,failure,200,1292860791,6464303.955
covercrypt,classic,089a548,"CTR::EN","SEC::$ && DPT::$ && CTR::$",same,80,3147,178,success,200,1333112516,6665562.580
covercrypt,classic,089a548,"DPT::MKG && CTR::EN","CTR::EN",different,40,1645,178,success,200,770180271,3850901.355
covercrypt,classic,089a548,"DPT::MKG && CTR::EN","CTR::FR",different,40,1645,178,failure,200,1312707768,6563538.840
covercrypt,classic,089a548,"DPT::MKG && CTR::EN","CTR::$",different,80,3147,178,success,200,1476013541,7380067.705
covercrypt,classic,089a548,"DPT::MKG && CTR::EN","DPT::DEV",different,40,1645,178,failure,200,1525951858,7629759.290
covercrypt,classic,089a548,"DPT::MKG && CTR::EN","DPT::DEV && CTR::EN",different,20,899,178,failure,200,950860045,4754300.225
covercrypt,classic,089a548,"DPT::MKG && CTR::EN","DPT::DEV && CTR::FR",different,20,899,178,failure,200,990486468,4952432.340
covercrypt,classic,089a548,"DPT::MKG && CTR::EN","DPT::DEV && CTR::$",different,40,1645,178,failure,200,1618587252,8092936.260
covercrypt,classic,089a548,"DPT::MKG && CTR::EN","DPT::MKG",different,40,1645,178,success,200,874668948,4373344.740
covercrypt,classic,089a548,"DPT::MKG && CTR::EN","DPT::MKG && CTR::EN",different,20,899,178,success,200,497229897,2486149.485
covercrypt,classic,089a548,"DPT::MKG && CTR::EN","DPT::MKG && CTR::FR",different,20,899,178,failure,200,740408325,3702041.625
covercrypt,classic,089a548,"DPT::MKG && CTR::EN","DPT::MKG && CTR::$",different,40,1645,178,success,200,944623155,4723115.775
covercrypt,classic,089a548,"DPT::MKG && CTR::EN","DPT::$",different,80,3147,178,success,200,1486779485,7433897.425
covercrypt,classic,089a548,"DPT::MKG && CTR::EN","DPT::$ && CTR::EN",different,40,1645,178,success,200,797216652,3986083.260
covercrypt,classic,089a548,"DPT::MKG && CTR::EN","DPT::$ && CTR::FR",different,40,1645,178,failure,200,1437221966,7186109.830
covercrypt,classic,089a548,"DPT::MKG && CTR::EN","DPT::$ && CTR::$",different,80,3147,178,success,200,1468202915,7341014.575
covercrypt,classic,089a548,"DPT::MKG && CTR::EN","SEC::LOW",different,32,1347,178,success,200,786924990,3934624.950
covercrypt,classic,089a548,"DPT::MKG && CTR::EN","SEC::LOW && CTR::EN",different,16,751,178,success,200,425598035,2127990.175
covercrypt,classic,089a548,"DPT::MKG && CTR::EN","SEC::LOW && CTR::FR",different,16,751,178,failure,200,615547991,3077739.955
covercrypt,classic,089a548,"DPT::MKG && CTR::EN","SEC::LOW && CTR::$",different,32,1347,178,success,200,655089608,3275448.040
covercrypt,classic,089a548,"DPT::MKG && CTR::EN","SEC::LOW && DPT::DEV",different,16,751,178,failure,200,658455764,3292278.820
covercrypt,classic,089a548,"DPT::MKG && CTR::EN","SEC::LOW && DPT::DEV && CTR::EN",same,8,455,178,failure,200,316956049,1584780.245
covercrypt,classic,089a548,"DPT::MKG && CTR::EN","SEC::LOW && DPT::DEV && CTR::FR",same,8,455,178,failure,200,331625185,1658125.925
covercrypt,classic,089a548,"DPT::MKG && CTR::EN","SEC::LOW && DPT::DEV && CTR::$",same,16,751,178,failure,200,592303064,2961515.320
covercrypt,classic,089a548,"DPT::MKG && CTR::EN","SEC::LOW && DPT::MKG",different,16,751,178,success,200,497571514,2487857.570
covercrypt,classic,089a548,"DPT::MKG && CTR::EN","SEC::LOW && DPT::MKG && CTR::EN",same,8,455,178,success,200,271759747,1358798.735
covercrypt,classic,089a548,"DPT::MKG && CTR::EN","SEC::LOW && DPT::MKG && CTR::FR",same,8,455,178,failure,200,368488337,1842441.685
covercrypt,classic,089a548,"DPT::MKG && CTR::EN","SEC::LOW && DPT::MKG && CTR::$",same,16,751,178,success,200,398107728,1990538.640
covercrypt,classic,089a548,"DPT::MKG && CTR::EN","SEC::LOW && DPT::$",different,32,1347,178,success,200,640816555,3204082.775
covercrypt,classic,089a548,"DPT::MKG && CTR::EN","SEC::LOW && DPT::$ && CTR::EN",same,16,751,178,success,200,445804453,2229022.265
covercrypt,classic,089a548,"DPT::MKG && CTR::EN","SEC::LOW && DPT::$ && CTR::FR",same,16,751,178,failure,200,575252998,2876264.990
covercrypt,classic,089a548,"DPT::MKG && CTR::EN","SEC::LOW && DPT::$ && CTR::$",same,32,1347,178,success,200,601216065,3006080.325
covercrypt,classic,089a548,"DPT::MKG && CTR::EN","SEC::MED",different,48,1947,178,success,200,883241240,4416206.200
covercrypt,classic,089a548,"DPT::MKG && CTR::EN","SEC::MED && CTR::EN",different,24,1049,178,success,200,523102824,2615514.120
covercrypt,classic,089a548,"DPT::MKG && CTR::EN","SEC::MED && CTR::FR",different,24,1049,178,failure,200,844791534,4223957.670
covercrypt,classic,089a548,"DPT::MKG && CTR::EN","SEC::MED && CTR::$",different,48,1947,178,success,200,993177356,4965886.780
covercrypt,classic,089a548,"DPT::MKG && CTR::EN","SEC::MED && DPT::DEV",different,24,1049,178,failure,200,888837848,4444189.240
covercrypt,classic,089a548,"DPT::MKG && CTR::EN","SEC::MED && DPT::DEV && CTR::EN",same,12,603,178,failure,200,456976173,2284880.865
covercrypt,classic,089a548,"DPT::MKG && CTR::EN","SEC::MED && DPT::DEV && CTR::FR",same,12,603,178,failure,200,484073689,2420368.445
covercrypt,classic,089a548,"DPT::MKG && CTR::EN","SEC::MED && DPT::DEV && CTR::$",same,24,1049,178,failure,200,853590170,4267950.850
covercrypt,classic,089a548,"DPT::MKG && CTR::EN","SEC::MED && DPT::MKG",different,24,1049,178,success,200,471821039,2359105.195
covercrypt,classic,089a548,"DPT::MKG && CTR::EN","SEC::MED && DPT::MKG && CTR::EN",same,12,603,178,success,200,328556132,1642780.660
covercrypt,classic,089a548,"DPT::MKG && CTR::EN","SEC::MED && DPT::MKG && CTR::FR",same,12,603,178,failure,200,449823996,2249119.980
covercrypt,classic,089a548,"DPT::MKG && CTR::EN","SEC::MED && DPT::MKG && CTR::$",same,24,1049,178,success,200,570037555,2850187.775
covercrypt,classic,089a548,"DPT::MKG && CTR::EN","SEC::MED && DPT::$",different,48,1947,178,success,200,845927876,4229639.380
covercrypt,classic,089a548,"DPT::MKG && CTR::EN","SEC::MED && DPT::$ && CTR::EN",same,24,1049,178,success,200,581058424,2905292.120
covercrypt,classic,089a548,"DPT::MKG && CTR::EN","SEC::MED && DPT::$ && CTR::FR",same,24,1049,178,failure,200,905050593,4525252.965
covercrypt,classic,089a548,"DPT::MKG && CTR::EN","SEC::MED && DPT::$ && CTR::$",same,48,1947,178,success,200,1099417267,5497086.335
covercrypt,classic,089a548,"DPT::MKG && CTR::EN","SEC::HIG",different,64,2547,178,success,200,1187337148,5936685.740
covercrypt,classic,089a548,"DPT::MKG && CTR::EN","SEC::HIG && CTR::EN",different,32,1347,178,success,200,681727739,3408638.695
covercrypt,classic,089a548,"DPT::MKG && CTR::EN","SEC::HIG && CTR::FR",different,32,1347,178,failure,200,1270821866,6354109.330
covercrypt,classic,089a548,"DPT::MKG && CTR::EN","SEC::HIG && CTR::$",different,64,2547,178,success,200,1202586694,6012933.470
covercrypt,classic,089a548,"DPT::MKG && CTR::EN","SEC::HIG && DPT::DEV",different,32,1347,178,failure,200,1147233379,5736166.895
covercrypt,classic,089a548,"DPT::MKG && CTR::EN","SEC::HIG && DPT::DEV && CTR::EN",same,16,751,178,failure,200,578051055,2890255.275
covercrypt,classic,089a548,"DPT::MKG && CTR::EN","SEC::HIG && DPT::DEV && CTR::FR",same,16,751,178,failure,200,603213621,3016068.105
covercrypt,classic,089a548,"DPT::MKG && CTR::EN","SEC::HIG && DPT::DEV && CTR::$",same,32,1347,178,failure,200,1184905855,5924529.275
covercrypt,classic,089a548,"DPT::MKG && CTR::EN","SEC::HIG && DPT::MKG",different,32,1347,178,success,200,632663579,3163317.895
covercrypt,classic,089a548,"DPT::MKG && CTR::EN","SEC::HIG && DPT::MKG && CTR::EN",same,16,751,178,success,200,385165170,1925825.850
covercrypt,classic,089a548,"DPT::MKG && CTR::EN","SEC::HIG && DPT::MKG && CTR::FR",same,16,751,178,failure,200,663703318,3318516.590
covercrypt,classic,089a548,"DPT::MKG && CTR::EN","SEC::HIG && DPT::MKG && CTR::$",same,32,1347,178,success,200,675290272,3376451.360
covercrypt,classic,089a548,"DPT::MKG && CTR::EN","SEC::HIG && DPT::$",different,64,2547,178,success,200,1415894538,7079472.690
covercrypt,classic,089a548,"DPT::MKG && CTR::EN","SEC::HIG && DPT::$ && CTR::EN",same,32,1347,178,success,200,752574899,3762874.495
covercrypt,classic,089a548,"DPT::MKG && CTR::EN","SEC::HIG && DPT::$ && CTR::FR",same,32,1347,178,failure,200,1356353720,6781768.600
covercrypt,classic,089a548,"DPT::MKG && CTR::EN","SEC::HIG && DPT::$ && CTR::$",same,64,2547,178,success,200,1584706708,7923533.540
covercrypt,classic,089a548,"DPT::MKG && CTR::EN","SEC::$",different,80,3147,178,success,200,1708433502,8542167.510
covercrypt,classic,089a548,"DPT::MKG && CTR::EN","SEC::$ && CTR::EN",different,40,1645,178,success,200,857446317,4287231.585
covercrypt,classic,089a548,"DPT::MKG && CTR::EN","SEC::$ && CTR::FR",different,40,1645,178,failure,200,1848777047,9243885.235
covercrypt,classic,089a548,"DPT::MKG && CTR::EN","SEC::$ && CTR::$",different,80,3147,178,success,200,1883415608,9417078.040
covercrypt,classic,089a548,"DPT::MKG && CTR::EN","SEC::$ && DPT::DEV",different,40,1645,178,failure,200,1498415834,7492079.170
covercrypt,classic,089a548,"DPT::MKG && CTR::EN","SEC::$ && DPT::DEV && CTR::EN",same,20,899,178,failure,200,821214473,4106072.365
covercrypt,classic,089a548,"DPT::MKG && CTR::EN","SEC::$ && DPT::DEV && CTR::FR",same,20,899,178,failure,200,1051724939,5258624.695
covercrypt,classic,089a548,"DPT::MKG && CTR::EN","SEC::$ && DPT::DEV && CTR::$",same,40,1645,178,failure,200,1788276728,8941383.640
covercrypt,classic,089a548,"DPT::MKG && CTR::EN","SEC::$ && DPT::MKG",different,40,1645,178,success,200,843331622,4216658.110
covercrypt,classic,089a548,"DPT::MKG && CTR::EN","SEC::$ && DPT::MKG && CTR::EN",same,20,899,178,success,200,593791690,2968958.450
covercrypt,classic,089a548,"DPT::MKG && CTR::EN","SEC::$ && DPT::MKG && CTR::FR",same,20,899,178,failure,200,915783066,4578915.330
covercrypt,classic,089a548,"DPT::MKG && CTR::EN","SEC::$ && DPT::MKG && CTR::$",same,40,1645,178,success,200,929381980,4646909.900
covercrypt,classic,089a548,"DPT::MKG && CTR::EN","SEC::$ && DPT::$",different,80,3147,178,success,200,1859696614,9298483.070
covercrypt,classic,089a548,"DPT::MKG && CTR::EN","SEC::$ && DPT::$ && CTR::EN",same,40,1645,178,success,200,918855600,4594278.000
covercrypt,classic,089a548,"DPT::MKG && CTR::EN","SEC::$ && DPT::$ && CTR::FR",same,40,1645,178,failure,200,1534782276,7673911.380
covercrypt,classic,089a548,"DPT::MKG && CTR::EN","SEC::$ && DPT::$ && CTR::$",same,80,3147,178,success,200,1653883286,8269416.430
covercrypt,classic,089a548,"SEC::LOW && CTR::EN","CTR::EN",different,40,1645,178,success,200,1009538003,5047690.015
covercrypt,classic,089a548,"SEC::LOW && CTR::EN","CTR::FR",different,40,1645,178,failure,200,1563017432,7815087.160
covercrypt,classic,089a548,"SEC::LOW && CTR::EN","CTR::$",different,80,3147,178,success,200,2257113302,11285566.510
covercrypt,classic,089a548,"SEC::LOW && CTR::EN","DPT::DEV",different,40,1645,178,success,200,1101449986,5507249.930
covercrypt,classic,089a548,"SEC::LOW && CTR::EN","DPT::DEV && CTR::EN",different,20,899,178,success,200,642982943,3214914.715
covercrypt,classic,089a548,"SEC::LOW && CTR::EN","DPT::DEV && CTR::FR",different,20,899,178,failure,200,787669335,3938346.675
covercrypt,classic,089a548,"SEC::LOW && CTR::EN","DPT::DEV && CTR::$",different,40,1645,178,success,200,994952875,4974764.375
covercrypt,classic,089a548,"SEC::LOW && CTR::EN","DPT::MKG",different,40,1645,178,success,200,953143219,4765716.095
covercrypt,classic,089a548,"SEC::LOW && CTR::EN","DPT::MKG && CTR::EN",different,20,899,178,success,200,705259541,3526297.705
covercrypt,classic,089a548,"SEC::LOW && CTR::EN","DPT::MKG && CTR::FR",different,20,899,178,failure,200,983746396,4918731.980
covercrypt,classic,089a548,"SEC::LOW && CTR::EN","DPT::MKG && CTR::$",different,40,1645,178,success,200,852784871,4263924.355
covercrypt,classic,089a548,"SEC::LOW && CTR::EN","DPT::$",different,80,3147,178,success,200,2074631007,10373155.035
covercrypt,classic,089a548,"SEC::LOW && CTR::EN","DPT::$ && CTR::EN",different,40,1645,178,success,200,1258825771,6294128.855
covercrypt,classic,089a548,"SEC::LOW && CTR::EN","DPT::$ && CTR::FR",different,40,1645,178,failure,200,2253961938,11269809.690
covercrypt,classic,089a548,"SEC::LOW && CTR::EN","DPT::$ && CTR::$",different,80,3147,178,success,200,2136703361,10683516.805
covercrypt,classic,089a548,"SEC::LOW && CTR::EN","SEC::LOW",different,32,1347,178,success,200,914514307,4572571.535
covercrypt,classic,089a548,"SEC::LOW && CTR::EN","SEC::LOW && CTR::EN",different,16,751,178,success,200,542129927,2710649.635
covercrypt,classic,089a548,"SEC::LOW && CTR::EN","SEC::LOW && CTR::FR",different,16,751,178,failure,200,734761864,3673809.320
covercrypt,classic,089a548,"SEC::LOW && CTR::EN","SEC::LOW && CTR::$",different,32,1347,178,success,200,859044953,4295224.765
covercrypt,classic,089a548,"SEC::LOW && CTR::EN","SEC::LOW && DPT::DEV",different,16,751,178,success,200,485070026,2425350.130
covercrypt,classic,089a548,"SEC::LOW && CTR::EN","SEC::LOW && DPT::DEV && CTR::EN",same,8,455,178,success,200,315091666,1575458.330
covercrypt,classic,089a548,"SEC::LOW && CTR::EN","SEC::LOW && DPT::DEV && CTR::FR",same,8,455,178,failure,200,430580490,2152902.450
covercrypt,classic,089a548,"SEC::LOW && CTR::EN","SEC::LOW && DPT::DEV && CTR::$",same,16,751,178,success,200,482491362,2412456.810
covercrypt,classic,089a548,"SEC::LOW && CTR::EN","SEC::LOW && DPT::MKG",different,16,751,178,success,200,429729859,2148649.295
covercrypt,classic,089a548,"SEC::LOW && CTR::EN","SEC::LOW && DPT::MKG && CTR::EN",same,8,455,178,success,200,356184348,1780921.740
covercrypt,classic,089a548,"SEC::LOW && CTR::EN","SEC::LOW && DPT::MKG && CTR::FR",same,8,455,178,failure,200,383916690,1919583.450
covercrypt,classic,089a548,"SEC::LOW && CTR::EN","SEC::LOW && DPT::MKG && CTR::$",same,16,751,178,success,200,403638004,2018190.020
covercrypt,classic,089a548,"SEC::LOW && CTR::EN","SEC::LOW && DPT::$",different,32,1347,178,success,200,827193040,4135965.200
covercrypt,classic,089a548,"SEC::LOW && CTR::EN","SEC::LOW && DPT::$ && CTR::EN",same,16,751,178,success,200,438771253,2193856.265
covercrypt,classic,089a548,"SEC::LOW && CTR::EN","SEC::LOW && DPT::$ && CTR::FR",same,16,751,178,failure,200,688156928,3440784.640
covercrypt,classic,089a548,"SEC::LOW && CTR::EN","SEC::LOW && DPT::$ && CTR::$",same,32,1347,178,success,200,848921869,4244609.345
covercrypt,classic,089a548,"SEC::LOW && CTR::EN","SEC::MED",different,48,1947,178,success,200,1108462387,5542311.935
covercrypt,classic,089a548,"SEC::LOW && CTR::EN","SEC::MED && CTR::EN",different,24,1049,178,success,200,657862158,3289310.790
covercrypt,classic,089a548,"SEC::LOW && CTR::EN","SEC::MED && CTR::FR",different,24,1049,178,failure,200,1087856486,5439282.430
covercrypt,classic,089a548,"SEC::LOW && CTR::EN","SEC::MED && CTR::$",different,48,1947,178,success,200,1144743024,5723715.120
covercrypt,classic,089a548,"SEC::LOW && CTR::EN","SEC::MED && DPT::DEV",different,24,1049,178,success,200,640304185,3201520.925
covercrypt,classic,089a548,"SEC::LOW && CTR::EN","SEC::MED && DPT::DEV && CTR::EN",same,12,603,178,success,200,407683757,2038418.785
covercrypt,classic,089a548,"SEC::LOW && CTR::EN","SEC::MED && DPT::DEV && CTR::FR",same,12,603,178,failure,200,563148342,2815741.710
covercrypt,classic,089a548,"SEC::LOW && CTR::EN","SEC::MED && DPT::DEV && CTR::$",same,24,1049,178,success,200,676149044,3380745.220
covercrypt,classic,089a548,"SEC::LOW && CTR::EN","SEC::MED && DPT::MKG",different,24,1049,178,success,200,612377912,3061889.560
covercrypt,classic,089a548,"SEC::LOW && CTR::EN","SEC::MED && DPT::MKG && CTR::EN",same,12,603,178,success,200,374369553,1871847.765
covercrypt,classic,089a548,"SEC::LOW && CTR::EN","SEC::MED && DPT::MKG && CTR::FR",same,12,603,178,failure,200,536412387,2682061.935
covercrypt,classic,089a548,"SEC::LOW && CTR::EN","SEC::MED && DPT::MKG && CTR::$",same,24,1049,178,success,200,662264273,3311321.365
covercrypt,classic,089a548,"SEC::LOW && CTR::EN","SEC::MED && DPT::$",different,48,1947,178,success,200,1077529783,5387648.915
covercrypt,classic,089a548,"SEC::LOW && CTR::EN","SEC::MED && DPT::$ && CTR::EN",same,24,1049,178,success,200,537577750,2687888.750
covercrypt,classic,089a548,"SEC::LOW && CTR::EN","SEC::MED && DPT::$ && CTR::FR",same,24,1049,178,failure,200,984237987,4921189.935
covercrypt,classic,089a548,"SEC::LOW && CTR::EN","SEC::MED && DPT::$ && CTR::$",same,48,1947,178,success,200,969013789,4845068.945
covercrypt,classic,089a548,"SEC::LOW && CTR::EN","SEC::HIG",different,64,2547,178,success,200,1123263920,5616319.600
covercrypt,classic,089a548,"SEC::LOW && CTR::EN","SEC::HIG && CTR::EN",different,32,1347,178,success,200,758414771,3792073.855
covercrypt,classic,089a548,"SEC::LOW && CTR::EN","SEC::HIG && CTR::FR",different,32,1347,178,failure,200,1287574959,6437874.795
covercrypt,classic,089a548,"SEC::LOW && CTR::EN","SEC::HIG && CTR::$",different,64,2547,178,success,200,1577325891,7886629.455
covercrypt,classic,089a548,"SEC::LOW && CTR::EN","SEC::HIG && DPT::DEV",different,32,1347,178,success,200,877673044,4388365.220
covercrypt,classic,089a548,"SEC::LOW && CTR::EN","SEC::HIG && DPT::DEV && CTR::EN",same,16,751,178,success,200,441596991,2207984.955
covercrypt,classic,089a548,"SEC::LOW && CTR::EN","SEC::HIG && DPT::DEV && CTR::FR",same,16,751,178,failure,200,658973290,3294866.450
covercrypt,classic,089a548,"SEC::LOW && CTR::EN","SEC::HIG && DPT::DEV && CTR::$",same,32,1347,178,success,200,778808751,3894043.755
covercrypt,classic,089a548,"SEC::LOW && CTR::EN","SEC::HIG && DPT::MKG",different,32,1347,178,success,200,852356120,4261780.600
covercrypt,classic,089a548,"SEC::LOW && CTR::EN","SEC::HIG && DPT::MKG && CTR::EN",same,16,751,178,success,200,391699568,1958497.840
covercrypt,classic,089a548,"SEC::LOW && CTR::EN","SEC::HIG && DPT::MKG && CTR::FR",same,16,751,178,failure,200,597437445,2987187.225
covercrypt,classic,089a548,"SEC::LOW && CTR::EN","SEC::HIG && DPT::MKG && CTR::$",same,32,1347,178,success,200,710301013,3551505.065
covercrypt,classic,089a548,"SEC::LOW && CTR::EN","SEC::HIG && DPT::$",different,64,2547,178,success,200,1313332776,6566663.880
covercrypt,classic,089a548,"SEC::LOW && CTR::EN","SEC::HIG && DPT::$ && CTR::EN",same,32,1347,178,success,200,815204014,4076020.070
covercrypt,classic,089a548,"SEC::LOW && CTR::EN","SEC::HIG && DPT::$ && CTR::FR",same,32,1347,178,failure,200,1498589199,7492945.995
covercrypt,classic,089a548,"SEC::LOW && CTR::EN","SEC::HIG && DPT::$ && CTR::$",same,64,2547,178,success,200,1487692899,7438464.495
covercrypt,classic,089a548,"SEC::LOW && CTR::EN","SEC::$",different,80,3147,178,success,200,1994113820,9970569.100
covercrypt,classic,089a548,"SEC::LOW && CTR::EN","SEC::$ && CTR::EN",different,40,1645,178,success,200,1253658027,6268290.135
covercrypt,classic,089a548,"SEC::LOW && CTR::EN","SEC::$ && CTR::FR",different,40,1645,178,failure,200,1772350309,8861751.545
covercrypt,classic,089a548,"SEC::LOW && CTR::EN","SEC::$ && CTR::$",different,80,3147,178,success,200,1614422350,8072111.750
covercrypt,classic,089a548,"SEC::LOW && CTR::EN","SEC::$ && DPT::DEV",different,40,1645,178,success,200,1027092609,5135463.045
covercrypt,classic,089a548,"SEC::LOW && CTR::EN","SEC::$ && DPT::DEV && CTR::EN",same,20,899,178,success,200,715528070,3577640.350
covercrypt,classic,089a548,"SEC::LOW && CTR::EN","SEC::$ && DPT::DEV && CTR::FR",same,20,899,178,failure,200,937149378,4685746.890
covercrypt,classic,089a548,"SEC::LOW && CTR::EN","SEC::$ && DPT::DEV && CTR::$",same,40,1645,178,success,200,1166523856,5832619.280
covercrypt,classic,089a548,"SEC::LOW && CTR::EN","SEC::$ && DPT::MKG",different,40,1645,178,success,200,1065384310,5326921.550
covercrypt,classic,089a548,"SEC::LOW && CTR::EN","SEC::$ && DPT::MKG && CTR::EN",same,20,899,178,success,200,621891914,3109459.570
covercrypt,classic,089a548,"SEC::LOW && CTR::EN","SEC::$ && DPT::MKG && CTR::FR",same,20,899,178,failure,200,805362441,4026812.205
covercrypt,classic,089a548,"SEC::LOW && CTR::EN","SEC::$ && DPT::MKG && CTR::$",same,40,1645,178,success,200,952603314,4763016.570
covercrypt,classic,089a548,"SEC::LOW && CTR::EN","SEC::$ && DPT::$",different,80,3147,178,success,200,1832918486,9164592.430
covercrypt,classic,089a548,"SEC::LOW && CTR::EN","SEC::$ && DPT::$ && CTR::EN",same,40,1645,178,success,200,1271097228,6355486.140
covercrypt,classic,089a548,"SEC::LOW && CTR::EN","SEC::$ && DPT::$ && CTR::FR",same,40,1645,178,failure,200,1679769215,8398846.075
covercrypt,classic,089a548,"SEC::LOW && CTR::EN","SEC::$ && DPT::$ && CTR::$",same,80,3147,178,success,200,1726710156,8633550.780
covercrypt,classic,089a548,"SEC::LOW && DPT::MKG && CTR::EN","CTR::EN",different,40,1645,178,success,200,915575288,4577876.440
covercrypt,classic,089a548,"SEC::LOW && DPT::MKG && CTR::EN","CTR::FR",different,40,1645,178,failure,200,1592877165,7964385.825
covercrypt,classic,089a548,"SEC::LOW && DPT::MKG && CTR::EN","CTR::$",different,80,3147,178,success,200,2108985562,10544927.810
covercrypt,classic,089a548,"SEC::LOW && DPT::MKG && CTR::EN","DPT::DEV",different,40,1645,178,failure,200,1902685702,9513428.510
covercrypt,classic,089a548,"SEC::LOW && DPT::MKG && CTR::EN","DPT::DEV && CTR::EN",different,20,899,178,failure,200,890098910,4450494.550
covercrypt,classic,089a548,"SEC::LOW && DPT::MKG && CTR::EN","DPT::DEV && CTR::FR",different,20,899,178,failure,200,907725707,4538628.535
covercrypt,classic,089a548,"SEC::LOW && DPT::MKG && CTR::EN","DPT::DEV && CTR::$",different,40,1645,178,failure,200,1611326305,8056631.525
covercrypt,classic,089a548,"SEC::LOW && DPT::MKG && CTR::EN","DPT::MKG",different,40,1645,178,success,200,1016779155,5083895.775
covercrypt,classic,089a548,"SEC::LOW && DPT::MKG && CTR::EN","DPT::MKG && CTR::EN",different,20,899,178,success,200,554301011,2771505.055
covercrypt,classic,089a548,"SEC::LOW && DPT::MKG && CTR::EN","DPT::MKG && CTR::FR",different,20,899,178,failure,200,844833651,4224168.255
covercrypt,classic,089a548,"SEC::LOW && DPT::MKG && CTR::EN","DPT::MKG && CTR::$",different,40,1645,178,success,200,849045339,4245226.695
covercrypt,classic,089a548,"SEC::LOW && DPT::MKG && CTR::EN","DPT::$",different,80,3147,178,success,200,1765481415,8827407.075
covercrypt,classic,089a548,"SEC::LOW && DPT::MKG && CTR::EN","DPT::$ && CTR::EN",different,40,1645,178,success,200,1078479923,5392399.615
covercrypt,classic,089a548,"SEC::LOW && DPT::MKG && CTR::EN","DPT::$ && CTR::FR",different,40,1645,178,failure,200,1709142745,8545713.725
covercrypt,classic,089a548,"SEC::LOW && DPT::MKG && CTR::EN","DPT::$ && CTR::$",different,80,3147,178,success,200,1760270568,8801352.840
covercrypt,classic,089a548,"SEC::LOW && DPT::MKG && CTR::EN","SEC::LOW",different,32,1347,178,success,200,1030237882,5151189.410
covercrypt,classic,089a548,"SEC::LOW && DPT::MKG && CTR::EN","SEC::LOW && CTR::EN",different,16,751,178,success,200,473692635,2368463.175
covercrypt,classic,089a548,"SEC::LOW && DPT::MKG && CTR::EN","SEC::LOW && CTR::FR",different,16,751,178,failure,200,749194628,3745973.140
covercrypt,classic,089a548,"SEC::LOW && DPT::MKG && CTR::EN","SEC::LOW && CTR::$",different,32,1347,178,success,200,811349504,4056747.520
covercrypt,classic,089a548,"SEC::LOW && DPT::MKG && CTR::EN","SEC::LOW && DPT::DEV",different,16,751,178,failure,200,689345465,3446727.325
covercrypt,classic,089a548,"SEC::LOW && DPT::MKG && CTR::EN","SEC::LOW && DPT::DEV && CTR::EN",same,8,455,178,failure,200,488518776,2442593.880
covercrypt,classic,089a548,"SEC::LOW && DPT::MKG && CTR::EN","SEC::LOW && DPT::DEV && CTR::FR",same,8,455,178,failure,200,488834948,2444174.740
covercrypt,classic,089a548,"SEC::LOW && DPT::MKG && CTR::EN","SEC::LOW && DPT::DEV && CTR::$",same,16,751,178,failure,200,1082866727,5414333.635
covercrypt,classic,089a548,"SEC::LOW && DPT::MKG && CTR::EN","SEC::LOW && DPT::MKG",different,16,751,178,success,200,764928993,3824644.965
covercrypt,classic,089a548,"SEC::LOW && DPT::MKG && CTR::EN","SEC::LOW && DPT::MKG && CTR::EN",same,8,455,178,success,200,492604483,2463022.415
covercrypt,classic,089a548,"SEC::LOW && DPT::MKG && CTR::EN","SEC::LOW && DPT::MKG && CTR::FR",same,8,455,178,failure,200,405137309,2025686.545
covercrypt,classic,089a548,"SEC::LOW && DPT::MKG && CTR::EN","SEC::LOW && DPT::MKG && CTR::$",same,16,751,178,success,200,490500764,2452503.820
covercrypt,classic,089a548,"SEC::LOW && DPT::MKG && CTR::EN","SEC::LOW && DPT::$",different,32,1347,178,success,200,867232584,4336162.920
covercrypt,classic,089a548,"SEC::LOW && DPT::MKG && CTR::EN","SEC::LOW && DPT::$ && CTR::EN",same,16,751,178,success,200,435017736,2175088.680
covercrypt,classic,089a548,"SEC::LOW && DPT::MKG && CTR::EN","SEC::LOW && DPT::$ && CTR::FR",same,16,751,178,failure,200,776433149,3882165.745
covercrypt,classic,089a548,"SEC::LOW && DPT::MKG && CTR::EN","SEC::LOW && DPT::$ && CTR::$",same,32,1347,178,success,200,842507390,4212536.950
covercrypt,classic,089a548,"SEC::LOW && DPT::MKG && CTR::EN","SEC::MED",different,48,1947,178,success,200,1230492725,6152463.625
covercrypt,classic,089a548,"SEC::LOW && DPT::MKG && CTR::EN","SEC::MED && CTR::EN",different,24,1049,178,success,200,704667382,3523336.910
covercrypt,classic,089a548,"SEC::LOW && DPT::MKG && CTR::EN","SEC::MED && CTR::FR",different,24,1049,178,failure,200,1111703196,5558515.980
covercrypt,classic,089a548,"SEC::LOW && DPT::MKG && CTR::EN","SEC::MED && CTR::$",different,48,1947,178,success,200,1080768557,5403842.785
covercrypt,classic,089a548,"SEC::LOW && DPT::MKG && CTR::EN","SEC::MED && DPT::DEV",different,24,1049,178,failure,200,1069780563,5348902.815
covercrypt,classic,089a548,"SEC::LOW && DPT::MKG && CTR::EN","SEC::MED && DPT::DEV && CTR::EN",same,12,603,178,failure,200,546075303,2730376.515
covercrypt,classic,089a548,"SEC::LOW && DPT::MKG && CTR::EN","SEC::MED && DPT::DEV && CTR::FR",same,12,603,178,failure,200,523866839,2619334.195
covercrypt,classic,089a548,"SEC::LOW && DPT::MKG && CTR::EN","SEC::MED && DPT::DEV && CTR::$",same,24,1049,178,failure,200,1198989806,5994949.030
covercrypt,classic,089a548,"SEC::LOW && DPT::MKG && CTR::EN","SEC::MED && DPT::MKG",different,24,1049,178,success,200,632417188,3162085.940
covercrypt,classic,089a548,"SEC::LOW && DPT::MKG && CTR::EN","SEC::MED && DPT::MKG && CTR::EN",same,12,603,178,success,200,415365733,2076828.665
covercrypt,classic,089a548,"SEC::LOW && DPT::MKG && CTR::EN","SEC::MED && DPT::MKG && CTR::FR",same,12,603,178,failure,200,636550367,3182751.835
covercrypt,classic,089a548,"SEC::LOW && DPT::MKG && CTR::EN","SEC::MED && DPT::MKG && CTR::$",same,24,1049,178,success,200,687068821,3435344.105
covercrypt,classic,089a548,"SEC::LOW && DPT::MKG && CTR::EN","SEC::MED && DPT::$",different,48,1947,178,success,200,1060491450,5302457.250
covercrypt,classic,089a548,"SEC::LOW && DPT::MKG && CTR::EN","SEC::MED && DPT::$ && CTR::EN",same,24,1049,178,success,200,729602630,3648013.150
covercrypt,classic,089a548,"SEC::LOW && DPT::MKG && CTR::EN","SEC::MED && DPT::$ && CTR::FR",same,24,1049,178,failure,200,1085733110,5428665.550
covercrypt,classic,089a548,"SEC::LOW && DPT::MKG && CTR::EN","SEC::MED && DPT::$ && CTR::$",same,48,1947,178,success,200,1165823345,5829116.725
covercrypt,classic,089a548,"SEC::LOW && DPT::MKG && CTR::EN","SEC::HIG",different,64,2547,178,success,200,1405905789,7029528.945
covercrypt,classic,089a548,"SEC::LOW && DPT::MKG && CTR::EN","SEC::HIG && CTR::EN",different,32,1347,178,success,200,816237280,4081186.400
covercrypt,classic,089a548,"SEC::LOW && DPT::MKG && CTR::EN","SEC::HIG && CTR::FR",different,32,1347,178,failure,200,1324671240,6623356.200
covercrypt,classic,089a548,"SEC::LOW && DPT::MKG && CTR::EN","SEC::HIG && CTR::$",different,64,2547,178,success,200,1411087885,7055439.425
covercrypt,classic,089a548,"SEC::LOW && DPT::MKG && CTR::EN","SEC::HIG && DPT::DEV",different,32,1347,178,failure,200,1437006459,7185032.295
covercrypt,classic,089a548,"SEC::LOW && DPT::MKG && CTR::EN","SEC::HIG && DPT::DEV && CTR::EN",same,16,751,178,failure,200,670623538,3353117.690
covercrypt,classic,089a548,"SEC::LOW && DPT::MKG && CTR::EN","SEC::HIG && DPT::DEV && CTR::FR",same,16,751,178,failure,200,793349461,3966747.305
covercrypt,classic,089a548,"SEC::LOW && DPT::MKG && CTR::EN","SEC::HIG && DPT::DEV && CTR::$",same,32,1347,178,failure,200,1442163449,7210817.245
covercrypt,classic,089a548,"SEC::LOW && DPT::MKG && CTR::EN","SEC::HIG && DPT::MKG",different,32,1347,178,success,200,897493584,4487467.920
covercrypt,classic,089a548,"SEC::LOW && DPT::MKG && CTR::EN","SEC::HIG && DPT::MKG && CTR::EN",same,16,751,178,success,200,455888543,2279442.715
covercrypt,classic,089a548,"SEC::LOW && DPT::MKG && CTR::EN","SEC::HIG && DPT::MKG && CTR::FR",same,16,751,178,failure,200,743554971,3717774.855
covercrypt,classic,089a548,"SEC::LOW && DPT::MKG && CTR::EN","SEC::HIG && DPT::MKG && CTR::$",same,32,1347,178,success,200,765195954,3825979.770
covercrypt,classic,089a548,"SEC::LOW && DPT::MKG && CTR::EN","SEC::HIG && DPT::$",different,64,2547,178,success,200,1391799953,6958999.765
covercrypt,classic,089a548,"SEC::LOW && DPT::MKG && CTR::EN","SEC::HIG && DPT::$ && CTR::EN",same,32,1347,178,success,200,803591332,4017956.660
covercrypt,classic,089a548,"SEC::LOW && DPT::MKG && CTR::EN","SEC::HIG && DPT::$ && CTR::FR",same,32,1347,178,failure,200,1402882391,7014411.955
covercrypt,classic,089a548,"SEC::LOW && DPT::MKG && CTR::EN","SEC::HIG && DPT::$ && CTR::$",same,64,2547,178,success,200,1376870438,6884352.190
covercrypt,classic,089a548,"SEC::LOW && DPT::MKG && CTR::EN","SEC::$",different,80,3147,178,success,200,1876160644,9380803.220
covercrypt,classic,089a548,"SEC::LOW && DPT::MKG && CTR::EN","SEC::$ && CTR::EN",different,40,1645,178,success,200,962428145,4812140.725
covercrypt,classic,089a548,"SEC::LOW && DPT::MKG && CTR::EN","SEC::$ && CTR::FR",different,40,1645,178,failure,200,1794613413,8973067.065
covercrypt,classic,089a548,"SEC::LOW && DPT::MKG && CTR::EN","SEC::$ && CTR::$",different,80,3147,178,success,200,1772687793,8863438.965
covercrypt,classic,089a548,"SEC::LOW && DPT::MKG && CTR::EN","SEC::$ && DPT::DEV",different,40,1645,178,failure,200,1760301744,8801508.720
covercrypt,classic,089a548,"SEC::LOW && DPT::MKG && CTR::EN","SEC::$ && DPT::DEV && CTR::EN",same,20,899,178,failure,200,821801861,4109009.305
covercrypt,classic,089a548,"SEC::LOW && DPT::MKG && CTR::EN","SEC::$ && DPT::DEV && CTR::FR",same,20,899,178,failure,200,842901754,4214508.770
covercrypt,classic,089a548,"SEC::LOW && DPT::MKG && CTR::EN","SEC::$ && DPT::DEV && CTR::$",same,40,1645,178,failure,200,1740096732,8700483.660
covercrypt,classic,089a548,"SEC::LOW && DPT::MKG && CTR::EN","SEC::$ && DPT::MKG",different,40,1645,178,success,200,985058323,4925291.615
covercrypt,classic,089a548,"SEC::LOW && DPT::MKG && CTR::EN","SEC::$ && DPT::MKG && CTR::EN",same,20,899,178,success,200,563209900,2816049.500
covercrypt,classic,089a548,"SEC::LOW && DPT::MKG && CTR::EN","SEC::$ && DPT::MKG && CTR::FR",same,20,899,178,failure,200,877632671,4388163.355
covercrypt,classic,089a548,"SEC::LOW && DPT::MKG && CTR::EN","SEC::$ && DPT::MKG && CTR::$",same,40,1645,178,success,200,927878199,4639390.995
covercrypt,classic,089a548,"SEC::LOW && DPT::MKG && CTR::EN","SEC::$ && DPT::$",different,80,3147,178,success,200,1871045744,9355228.720
covercrypt,classic,089a548,"SEC::LOW && DPT::MKG && CTR::EN","SEC::$ && DPT::$ && CTR::EN",same,40,1645,178,success,200,939986884,4699934.420
covercrypt,classic,089a548,"SEC::LOW && DPT::MKG && CTR::EN","SEC::$ && DPT::$ && CTR::FR",same,40,1645,178,failure,200,2013942488,10069712.440
covercrypt,classic,089a548,"SEC::LOW && DPT::MKG && CTR::EN","SEC::$ && DPT::$ && CTR::$",same,80,3147,178,success,200,1946105356,9730526.780
covercrypt,classic,089a548,"SEC::MED && CTR::EN","CTR::EN",different,40,1645,178,success,200,944048555,4720242.775
covercrypt,classic,089a548,"SEC::MED && CTR::EN","CTR::FR",different,40,1645,178,failure,200,1631121815,8155609.075
covercrypt,classic,089a548,"SEC::MED && CTR::EN","CTR::$",different,80,3147,178,success,200,1754123102,8770615.510
covercrypt,classic,089a548,"SEC::MED && CTR::EN","DPT::DEV",different,40,1645,178,success,200,883203640,4416018.200
covercrypt,classic,089a548,"SEC::MED && CTR::EN","DPT::DEV && CTR::EN",different,20,899,178,success,200,507245598,2536227.990
covercrypt,classic,089a548,"SEC::MED && CTR::EN","DPT::DEV && CTR::FR",different,20,899,178,failure,200,885145205,4425726.025
covercrypt,classic,089a548,"SEC::MED && CTR::EN","DPT::DEV && CTR::$",different,40,1645,178,success,200,980231680,4901158.400
covercrypt,classic,089a548,"SEC::MED && CTR::EN","DPT::MKG",different,40,1645,178,success,200,963901855,4819509.275
covercrypt,classic,089a548,"SEC::MED && CTR::EN","DPT::MKG && CTR::EN",different,20,899,178,success,200,712938575,3564692.875
covercrypt,classic,089a548,"SEC::MED && CTR::EN","DPT::MKG && CTR::FR",different,20,899,178,failure,200,828713629,4143568.145
covercrypt,classic,089a548,"SEC::MED && CTR::EN","DPT::MKG && CTR::$",different,40,1645,178,success,200,818069837,4090349.185
covercrypt,classic,089a548,"SEC::MED && CTR::EN","DPT::$",different,80,3147,178,success,200,1561272568,7806362.840
covercrypt,classic,089a548,"SEC::MED && CTR::EN","DPT::$ && CTR::EN",different,40,1645,178,success,200,883094099,4415470.495
covercrypt,classic,089a548,"SEC::MED && CTR::EN","DPT::$ && CTR::FR",different,40,1645,178,failure,200,1587012323,7935061.615
covercrypt,classic,089a548,"SEC::MED && CTR::EN","DPT::$ && CTR::$",different,80,3147,178,success,200,1594454867,7972274.335
covercrypt,classic,089a548,"SEC::MED && CTR::EN","SEC::LOW",different,32,1347,178,failure,200,1533270905,7666354.525
covercrypt,classic,089a548,"SEC::MED && CTR::EN","SEC::LOW && CTR::EN",different,16,751,178,failure,200,753102852,3765514.260
covercrypt,classic,089a548,"SEC::MED && CTR::EN","SEC::LOW && CTR::FR",different,16,751,178,failure,200,642676489,3213382.445
covercrypt,classic,089a548,"SEC::MED && CTR::EN","SEC::LOW && CTR::$",different,32,1347,178,failure,200,1213235271,6066176.355
covercrypt,classic,089a548,"SEC::MED && CTR::EN","SEC::LOW && DPT::DEV",different,16,751,178,failure,200,675494970,3377474.850
covercrypt,classic,089a548,"SEC::MED && CTR::EN","SEC::LOW && DPT::DEV && CTR::EN",same,8,455,178,failure,200,326567555,1632837.775
covercrypt,classic,089a548,"SEC::MED && CTR::EN","SEC::LOW && DPT::DEV && CTR::FR",same,8,455,178,failure,200,361397053,1806985.265
covercrypt,classic,089a548,"SEC::MED && CTR::EN","SEC::LOW && DPT::DEV && CTR::$",same,16,751,178,failure,200,661598853,3307994.265
covercrypt,classic,089a548,"SEC::MED && CTR::EN","SEC::LOW && DPT::MKG",different,16,751,178,failure,200,665304586,3326522.930
covercrypt,classic,089a548,"SEC::MED && CTR::EN","SEC::LOW && DPT::MKG && CTR::EN",same,8,455,178,failure,200,357359402,1786797.010
covercrypt,classic,089a548,"SEC::MED && CTR::EN","SEC::LOW && DPT::MKG && CTR::FR",same,8,455,178,failure,200,368866157,1844330.785
covercrypt,classic,089a548,"SEC::MED && CTR::EN","SEC::LOW && DPT::MKG && CTR::$",same,16,751,178,failure,200,668353767,3341768.835
covercrypt,classic,089a548,"SEC::MED && CTR::EN","SEC::LOW && DPT::$",different,32,1347,178,failure,200,1237382874,6186914.370
covercrypt,classic,089a548,"SEC::MED && CTR::EN","SEC::LOW && DPT::$ && CTR::EN",same,16,751,178,failure,200,628917111,3144585.555
covercrypt,classic,089a548,"SEC::MED && CTR::EN","SEC::LOW && DPT::$ && CTR::FR",same,16,751,178,failure,200,637057336,3185286.680
covercrypt,classic,089a548,"SEC::MED && CTR::EN","SEC::LOW && DPT::$ && CTR::$",same,32,1347,178,failure,200,1229059174,6145295.870
covercrypt,classic,089a548,"SEC::MED && CTR::EN","SEC::MED",different,48,1947,178,success,200,1023940641,5119703.205
covercrypt,classic,089a548,"SEC::MED && CTR::EN","SEC::MED && CTR::EN",different,24,1049,178,success,200,617794420,3088972.100
covercrypt,classic,089a548,"SEC::MED && CTR::EN","SEC::MED && CTR::FR",different,24,1049,178,failure,200,919939995,4599699.975
covercrypt,classic,089a548,"SEC::MED && CTR::EN","SEC::MED && CTR::$",different,48,1947,178,success,200,970473724,4852368.620
covercrypt,classic,089a548,"SEC::MED && CTR::EN","SEC::MED && DPT::DEV",different,24,1049,178,success,200,648969590,3244847.950
covercrypt,classic,089a548,"SEC::MED && CTR::EN","SEC::MED && DPT::DEV && CTR::EN",same,12,603,178,success,200,405161915,2025809.575
covercrypt,classic,089a548,"SEC::MED && CTR::EN","SEC::MED && DPT::DEV && CTR::FR",same,12,603,178,failure,200,536554717,2682773.585
covercrypt,classic,089a548,"SEC::MED && CTR::EN","SEC::MED && DPT::DEV && CTR::$",same,24,1049,178,success,200,645408893,3227044.465
covercrypt,classic,089a548,"SEC::MED && CTR::EN","SEC::MED && DPT::MKG",different,24,1049,178,success,200,582337140,2911685.700
covercrypt,classic,089a548,"SEC::MED && CTR::EN","SEC::MED && DPT::MKG && CTR::EN",same,12,603,178,success,200,352977357,1764886.785
covercrypt,classic,089a548,"SEC::MED && CTR::EN","SEC::MED && DPT::MKG && CTR::FR",same,12,603,178,failure,200,491294715,2456473.575
covercrypt,classic,089a548,"SEC::MED && CTR::EN","SEC::MED && DPT::MKG && CTR::$",same,24,1049,178,success,200,669351293,3346756.465
covercrypt,classic,089a548,"SEC::MED && CTR::EN","SEC::MED && DPT::$",different,48,1947,178,success,200,959933326,4799666.630
covercrypt,classic,089a548,"SEC::MED && CTR::EN","SEC::MED && DPT::$ && CTR::EN",same,24,1049,178,success,200,550108797,2750543.985
covercrypt,classic,089a548,"SEC::MED && CTR::EN","SEC::MED && DPT::$ && CTR::FR",same,24,1049,178,failure,200,947322967,4736614.835
covercrypt,classic,089a548,"SEC::MED && CTR::EN","SEC::MED && DPT::$ && CTR::$",same,48,1947,178,success,200,1033035941,5165179.705
covercrypt,classic,089a548,"SEC::MED && CTR::EN","SEC::HIG",different,64,2547,178,success,200,1218582674,6092913.370
covercrypt,classic,089a548,"SEC::MED && CTR::EN","SEC::HIG && CTR::EN",different,32,1347,178,success,200,669396067,3346980.335
covercrypt,classic,089a548,"SEC::MED && CTR::EN","SEC::HIG && CTR::FR",different,32,1347,178,failure,200,1353479200,6767396.000
covercrypt,classic,089a548,"SEC::MED && CTR::EN","SEC::HIG && CTR::$",different,64,2547,178,success,200,1298448455,6492242.275
covercrypt,classic,089a548,"SEC::MED && CTR::EN","SEC::HIG && DPT::DEV",different,32,1347,178,success,200,794547516,3972737.580
covercrypt,classic,089a548,"SEC::MED && CTR::EN","SEC::HIG && DPT::DEV && CTR::EN",same,16,751,178,success,200,475792808,2378964.040
covercrypt,classic,089a548,"SEC::MED && CTR::EN","SEC::HIG && DPT::DEV && CTR::FR",same,16,751,178,failure,200,635565059,3177825.295
covercrypt,classic,089a548,"SEC::MED && CTR::EN","SEC::HIG && DPT::DEV && CTR::$",same,32,1347,178,success,200,748024979,3740124.895
covercrypt,classic,089a548,"SEC::MED && CTR::EN","SEC::HIG && DPT::MKG",different,32,1347,178,success,200,686023614,3430118.070
covercrypt,classic,089a548,"SEC::MED && CTR::EN","SEC::HIG && DPT::MKG && CTR::EN",same,16,751,178,success,200,489004036,2445020.180
covercrypt,classic,089a548,"SEC::MED && CTR::EN","SEC::HIG && DPT::MKG && CTR::FR",same,16,751,178,failure,200,792493325,3962466.625
covercrypt,classic,089a548,"SEC::MED && CTR::EN","SEC::HIG && DPT::MKG && CTR::$",same,32,1347,178,success,200,943475844,4717379.220
covercrypt,classic,089a548,"SEC::MED && CTR::EN","SEC::HIG && DPT::$",different,64,2547,178,success,200,1409282762,7046413.810
covercrypt,classic,089a548,"SEC::MED && CTR::EN","SEC::HIG && DPT::$ && CTR::EN",same,32,1347,178,success,200,722708285,3613541.425
covercrypt,classic,089a548,"SEC::MED && CTR::EN","SEC::HIG && DPT::$ && CTR::FR",same,32,1347,178,failure,200,1578179996,7890899.980
covercrypt,classic,089a548,"SEC::MED && CTR::EN","SEC::HIG && DPT::$ && CTR::$",same,64,2547,178,success,200,1490729428,7453647.140
covercrypt,classic,089a548,"SEC::MED && CTR::EN","SEC::$",different,80,3147,178,success,200,1677754092,8388770.460
covercrypt,classic,089a548,"SEC::MED && CTR::EN","SEC::$ && CTR::EN",different,40,1645,178,success,200,896835763,4484178.815
covercrypt,classic,089a548,"SEC::MED && CTR::EN","SEC::$ && CTR::FR",different,40,1645,178,failure,200,1562883362,7814416.810
covercrypt,classic,089a548,"SEC::MED && CTR::EN","SEC::$ && CTR::$",different,80,3147,178,success,200,1563721203,7818606.015
covercrypt,classic,089a548,"SEC::MED && CTR::EN","SEC::$ && DPT::DEV",different,40,1645,178,success,200,1004880933,5024404.665
covercrypt,classic,089a548,"SEC::MED && CTR::EN","SEC::$ && DPT::DEV && CTR::EN",same,20,899,178,success,200,567893087,2839465.435
covercrypt,classic,089a548,"SEC::MED && CTR::EN","SEC::$ && DPT::DEV && CTR::FR",same,20,899,178,failure,200,857035488,4285177.440
covercrypt,classic,089a548,"SEC::MED && CTR::EN","SEC::$ && DPT::DEV && CTR::$",same,40,1645,178,success,200,1121968653,5609843.265
covercrypt,classic,089a548,"SEC::MED && CTR::EN","SEC::$ && DPT::MKG",different,40,1645,178,success,200,922642847,4613214.235
covercrypt,classic,089a548,"SEC::MED && CTR::EN","SEC::$ && DPT::MKG && CTR::EN",same,20,899,178,success,200,523053508,2615267.540
covercrypt,classic,089a548,"SEC::MED && CTR::EN","SEC::$ && DPT::MKG && CTR::FR",same,20,899,178,failure,200,892828195,4464140.975
covercrypt,classic,089a548,"SEC::MED && CTR::EN","SEC::$ && DPT::MKG && CTR::$",same,40,1645,178,success,200,965168142,4825840.710
covercrypt,classic,089a548,"SEC::MED && CTR::EN","SEC::$ && DPT::$",different,80,3147,178,success,200,1853734261,9268671.305
covercrypt,classic,089a548,"SEC::MED && CTR::EN","SEC::$ && DPT::$ && CTR::EN",same,40,1645,178,success,200,1009309092,5046545.460
covercrypt,classic,089a548,"SEC::MED && CTR::EN","SEC::$ && DPT::$ && CTR::FR",same,40,1645,178,failure,200,1787123709,8935618.545
covercrypt,classic,089a548,"SEC::MED && CTR::EN","SEC::$ && DPT::$ && CTR::$",same,80,3147,178,success,200,1669681042,8348405.210
covercrypt,classic,089a548,"SEC::MED && DPT::MKG && CTR::EN","CTR::EN",different,40,1645,178,success,200,1251105122,6255525.610
covercrypt,classic,089a548,"SEC::MED && DPT::MKG && CTR::EN","CTR::FR",different,40,1645,178,failure,200,1897603233,9488016.165
covercrypt,classic,089a548,"SEC::MED && DPT::MKG && CTR::EN","CTR::$",different,80,3147,178,success,200,2027094537,10135472.685
covercrypt,classic,089a548,"SEC::MED && DPT::MKG && CTR::EN","DPT::DEV",different,40,1645,178,failure,200,1778963341,8894816.705
covercrypt,classic,089a548,"SEC::MED && DPT::MKG && CTR::EN","DPT::DEV && CTR::EN",different,20,899,178,failure,200,1241870908,6209354.540
covercrypt,classic,089a548,"SEC::MED && DPT::MKG && CTR::EN","DPT::DEV && CTR::FR",different,20,899,178,failure,200,1100023873,5500119.365
covercrypt,classic,089a548,"SEC::MED && DPT::MKG && CTR::EN","DPT::DEV && CTR::$",different,40,1645,178,failure,200,1887325099,9436625.495
covercrypt,classic,089a548,"SEC::MED && DPT::MKG && CTR::EN","DPT::MKG",different,40,1645,178,success,200,1047649093,5238245.465
covercrypt,classic,089a548,"SEC::MED && DPT::MKG && CTR::EN","DPT::MKG && CTR::EN",different,20,899,178,success,200,553593308,2767966.540
covercrypt,classic,089a548,"SEC::MED && DPT::MKG && CTR::EN","DPT::MKG && CTR::FR",different,20,899,178,failure,200,1003787938,5018939.690
covercrypt,classic,089a548,"SEC::MED && DPT::MKG && CTR::EN","DPT::MKG && CTR::$",different,40,1645,178,success,200,1046493973,5232469.865
covercrypt,classic,089a548,"SEC::MED && DPT::MKG && CTR::EN","DPT::$",different,80,3147,178,success,200,1814005331,9070026.655
covercrypt,classic,089a548,"SEC::MED && DPT::MKG && CTR::EN","DPT::$ && CTR::EN",different,40,1645,178,success,200,1184558738,5922793.690
covercrypt,classic,089a548,"SEC::MED && DPT::MKG && CTR::EN","DPT::$ && CTR::FR",different,40,1645,178,failure,200,1638149898,8190749.490
covercrypt,classic,089a548,"SEC::MED && DPT::MKG && CTR::EN","DPT::$ && CTR::$",different,80,3147,178,success,200,1842927050,9214635.250
covercrypt,classic,089a548,"SEC::MED && DPT::MKG && CTR::EN","SEC::LOW",different,32,1347,178,failure,200,1395917501,6979587.505
covercrypt,classic,089a548,"SEC::MED && DPT::MKG && CTR::EN","SEC::LOW && CTR::EN",different,16,751,178,failure,200,735362498,3676812.490
covercrypt,classic,089a548,"SEC::MED && DPT::MKG && CTR::EN","SEC::LOW && CTR::FR",different,16,751,178,failure,200,747103663,3735518.315
covercrypt,classic,089a548,"SEC::MED && DPT::MKG && CTR::EN","SEC::LOW && CTR::$",different,32,1347,178,failure,200,1273932570,6369662.850
covercrypt,classic,089a548,"SEC::MED && DPT::MKG && CTR::EN","SEC::LOW && DPT::DEV",different,16,751,178,failure,200,733307545,3666537.725
covercrypt,classic,089a548,"SEC::MED && DPT::MKG && CTR::EN","SEC::LOW && DPT::DEV && CTR::EN",same,8,455,178,failure,200,400503632,2002518.160
covercrypt,classic,089a548,"SEC::MED && DPT::MKG && CTR::EN","SEC::LOW && DPT::DEV && CTR::FR",same,8,455,178,failure,200,419068809,2095344.045
covercrypt,classic,089a548,"SEC::MED && DPT::MKG && CTR::EN","SEC::LOW && DPT::DEV && CTR::$",same,16,751,178,failure,200,799674862,3998374.310
covercrypt,classic,089a548,"SEC::MED && DPT::MKG && CTR::EN","SEC::LOW && DPT::MKG",different,16,751,178,failure,200,739288239,3696441.195
covercrypt,classic,089a548,"SEC::MED && DPT::MKG && CTR::EN","SEC::LOW && DPT::MKG && CTR::EN",same,8,455,178,failure,200,432821302,2164106.510
covercrypt,classic,089a548,"SEC::MED && DPT::MKG && CTR::EN","SEC::LOW && DPT::MKG && CTR::FR",same,8,455,178,failure,200,369592696,1847963.480
covercrypt,classic,089a548,"SEC::MED && DPT::MKG && CTR::EN","SEC::LOW && DPT::MKG && CTR::$",same,16,751,178,failure,200,646036463,3230182.315
covercrypt,classic,089a548,"SEC::MED && DPT::MKG && CTR::EN","SEC::LOW && DPT::$",different,32,1347,178,failure,200,1440195375,7200976.875
covercrypt,classic,089a548,"SEC::MED && DPT::MKG && CTR::EN","SEC::LOW && DPT::$ && CTR::EN",same,16,751,178,failure,200,741557281,3707786.405
covercrypt,classic,089a548,"SEC::MED && DPT::MKG && CTR::EN","SEC::LOW && DPT::$ && CTR::FR",same,16,751,178,failure,200,768643302,3843216.510
covercrypt,classic,089a548,"SEC::MED && DPT::MKG && CTR::EN","SEC::LOW && DPT::$ && CTR::$",same,32,1347,178,failure,200,1670452535,8352262.675
covercrypt,classic,089a548,"SEC::MED && DPT::MKG && CTR::EN","SEC::MED",different,48,1947,178,success,200,1383852490,6919262.450
covercrypt,classic,089a548,"SEC::MED && DPT::MKG && CTR::EN","SEC::MED && CTR::EN",different,24,1049,178,success,200,622995908,3114979.540
covercrypt,classic,089a548,"SEC::MED && DPT::MKG && CTR::EN","SEC::MED && CTR::FR",different,24,1049,178,failure,200,1041945143,5209725.715
covercrypt,classic,089a548,"SEC::MED && DPT::MKG && CTR::EN","SEC::MED && CTR::$",different,48,1947,178,success,200,1437375391,7186876.955
covercrypt,classic,089a548,"SEC::MED && DPT::MKG && CTR::EN","SEC::MED && DPT::DEV",different,24,1049,178,failure,200,1140570716,5702853.580
covercrypt,classic,089a548,"SEC::MED && DPT::MKG && CTR::EN","SEC::MED && DPT::DEV && CTR::EN",same,12,603,178,failure,200,508730865,2543654.325
covercrypt,classic,089a548,"SEC::MED && DPT::MKG && CTR::EN","SEC::MED && DPT::DEV && CTR::FR",same,12,603,178,failure,200,543878016,2719390.080
covercrypt,classic,089a548,"SEC::MED && DPT::MKG && CTR::EN","SEC::MED && DPT::DEV && CTR::$",same,24,1049,178,failure,200,1445151796,7225758.980
covercrypt,classic,089a548,"SEC::MED && DPT::MKG && CTR::EN","SEC::MED && DPT::MKG",different,24,1049,178,success,200,948276005,4741380.025
covercrypt,classic,089a548,"SEC::MED && DPT::MKG && CTR::EN","SEC::MED && DPT::MKG && CTR::EN",same,12,603,178,success,200,585133460,2925667.300
covercrypt,classic,089a548,"SEC::MED && DPT::MKG && CTR::EN","SEC::MED && DPT::MKG && CTR::FR",same,12,603,178,failure,200,711735328,3558676.640
covercrypt,classic,089a548,"SEC::MED && DPT::MKG && CTR::EN","SEC::MED && DPT::MKG && CTR::$",same,24,1049,178,success,200,716506324,3582531.620
covercrypt,classic,089a548,"SEC::MED && DPT::MKG && CTR::EN","SEC::MED && DPT::$",different,48,1947,178,success,200,1098288449,5491442.245
covercrypt,classic,089a548,"SEC::MED && DPT::MKG && CTR::EN","SEC::MED && DPT::$ && CTR::EN",same,24,1049,178,success,200,562170783,2810853.915
covercrypt,classic,089a548,"SEC::MED && DPT::MKG && CTR::EN","SEC::MED && DPT::$ && CTR::FR",same,24,1049,178,failure,200,920045756,4600228.780
covercrypt,classic,089a548,"SEC::MED && DPT::MKG && CTR::EN","SEC::MED && DPT::$ && CTR::$",same,48,1947,178,success,200,950802679,4754013.395
covercrypt,classic,089a548,"SEC::MED && DPT::MKG && CTR::EN","SEC::HIG",different,64,2547,178,success,200,1650266884,8251334.420
covercrypt,classic,089a548,"SEC::MED && DPT::MKG && CTR::EN","SEC::HIG && CTR::EN",different,32,1347,178,success,200,1217824519,6089122.595
covercrypt,classic,089a548,"SEC::MED && DPT::MKG && CTR::EN","SEC::HIG && CTR::FR",different,32,1347,178,failure,200,2045973547,10229867.735
covercrypt,classic,089a548,"SEC::MED && DPT::MKG && CTR::EN","SEC::HIG && CTR::$",different,64,2547,178,success,200,1728909838,8644549.190
covercrypt,classic,089a548,"SEC::MED && DPT::MKG && CTR::EN","SEC::HIG && DPT::DEV",different,32,1347,178,failure,200,1606991827,8034959.135
covercrypt,classic,089a548,"SEC::MED && DPT::MKG && CTR::EN","SEC::HIG && DPT::DEV && CTR::EN",same,16,751,178,failure,200,702955435,3514777.175
covercrypt,classic,089a548,"SEC::MED && DPT::MKG && CTR::EN","SEC::HIG && DPT::DEV && CTR::FR",same,16,751,178,failure,200,705298180,3526490.900
covercrypt,classic,089a548,"SEC::MED && DPT::MKG && CTR::EN","SEC::HIG && DPT::DEV && CTR::$",same,32,1347,178,failure,200,1260691656,6303458.280
covercrypt,classic,089a548,"SEC::MED && DPT::MKG && CTR::EN","SEC::HIG && DPT::MKG",different,32,1347,178,success,200,730951145,3654755.725
covercrypt,classic,089a548,"SEC::MED && DPT::MKG && CTR::EN","SEC::HIG && DPT::MKG && CTR::EN",same,16,751,178,success,200,457261675,2286308.375
covercrypt,classic,089a548,"SEC::MED && DPT::MKG && CTR::EN","SEC::HIG && DPT::MKG && CTR::FR",same,16,751,178,failure,200,642283168,3211415.840
covercrypt,classic,089a548,"SEC::MED && DPT::MKG && CTR::EN","SEC::HIG && DPT::MKG && CTR::$",same,32,1347,178,success,200,714204149,3571020.745
covercrypt,classic,089a548,"SEC::MED && DPT::MKG && CTR::EN","SEC::HIG && DPT::$",different,64,2547,178,success,200,1489647580,7448237.900
covercrypt,classic,089a548,"SEC::MED && DPT::MKG && CTR::EN","SEC::HIG && DPT::$ && CTR::EN",same,32,1347,178,success,200,835735297,4178676.485
covercrypt,classic,089a548,"SEC::MED && DPT::MKG && CTR::EN","SEC::HIG && DPT::$ && CTR::FR",same,32,1347,178,failure,200,1273296364,6366481.820
covercrypt,classic,089a548,"SEC::MED && DPT::MKG && CTR::EN","SEC::HIG && DPT::$ && CTR::$",same,64,2547,178,success,200,1335222438,6676112.190
covercrypt,classic,089a548,"SEC::MED && DPT::MKG && CTR::EN","SEC::$",different,80,3147,178,success,200,1707931985,8539659.925
covercrypt,classic,089a548,"SEC::MED && DPT::MKG && CTR::EN","SEC::$ && CTR::EN",different,40,1645,178,success,200,882061063,4410305.315
covercrypt,classic,089a548,"SEC::MED && DPT::MKG && CTR::EN","SEC::$ && CTR::FR",different,40,1645,178,failure,200,1580134538,7900672.690
covercrypt,classic,089a548,"SEC::MED && DPT::MKG && CTR::EN","SEC::$ && CTR::$",different,80,3147,178,success,200,1565319400,7826597.000
covercrypt,classic,089a548,"SEC::MED && DPT::MKG && CTR::EN","SEC::$ && DPT::DEV",different,40,1645,178,failure,200,1556239297,7781196.485
covercrypt,classic,089a548,"SEC::MED && DPT::MKG && CTR::EN","SEC::$ && DPT::DEV && CTR::EN",same,20,899,178,failure,200,795280749,3976403.745
covercrypt,classic,089a548,"SEC::MED && DPT::MKG && CTR::EN","SEC::$ && DPT::DEV && CTR::FR",same,20,899,178,failure,200,834968223,4174841.115
covercrypt,classic,089a548,"SEC::MED && DPT::MKG && CTR::EN","SEC::$ && DPT::DEV && CTR::$",same,40,1645,178,failure,200,1553829323,7769146.615
covercrypt,classic,089a548,"SEC::MED && DPT::MKG && CTR::EN","SEC::$ && DPT::MKG",different,40,1645,178,success,200,1158209585,5791047.925
covercrypt,classic,089a548,"SEC::MED && DPT::MKG && CTR::EN","SEC::$ && DPT::MKG && CTR::EN",same,20,899,178,success,200,496457798,2482288.990
covercrypt,classic,089a548,"SEC::MED && DPT::MKG && CTR::EN","SEC::$ && DPT::MKG && CTR::FR",same,20,899,178,failure,200,754998930,3774994.650
covercrypt,classic,089a548,"SEC::MED && DPT::MKG && CTR::EN","SEC::$ && DPT::MKG && CTR::$",same,40,1645,178,success,200,825240559,4126202.795
covercrypt,classic,089a548,"SEC::MED && DPT::MKG && CTR::EN","SEC::$ && DPT::$",different,80,3147,178,success,200,1706865951,8534329.755
covercrypt,classic,089a548,"SEC::MED && DPT::MKG && CTR::EN","SEC::$ && DPT::$ && CTR::EN",same,40,1645,178,success,200,879804517,4399022.585
covercrypt,classic,089a548,"SEC::MED && DPT::MKG && CTR::EN","SEC::$ && DPT::$ && CTR::FR",same,40,1645,178,failure,200,1468981548,7344907.740
covercrypt,classic,089a548,"SEC::MED && DPT::MKG && CTR::EN","SEC::$ && DPT::$ && CTR::$",same,80,3147,178,success,200,1535501751,7677508.755
covercrypt,classic,089a548,"SEC::HIG && CTR::EN","CTR::EN",different,40,1645,178,success,200,748771719,3743858.595
covercrypt,classic,089a548,"SEC::HIG && CTR::EN","CTR::FR",different,40,1645,178,failure,200,1369534550,6847672.750
covercrypt,classic,089a548,"SEC::HIG && CTR::EN","CTR::$",different,80,3147,178,success,200,1651074076,8255370.380
covercrypt,classic,089a548,"SEC::HIG && CTR::EN","DPT::DEV",different,40,1645,178,success,200,993859292,4969296.460
covercrypt,classic,089a548,"SEC::HIG && CTR::EN","DPT::DEV && CTR::EN",different,20,899,178,success,200,472218823,2361094.115
covercrypt,classic,089a548,"SEC::HIG && CTR::EN","DPT::DEV && CTR::FR",different,20,899,178,failure,200,689293152,3446465.760
covercrypt,classic,089a548,"SEC::HIG && CTR::EN","DPT::DEV && CTR::$",different,40,1645,178,success,200,785106852,3925534.260
covercrypt,classic,089a548,"SEC::HIG && CTR::EN","DPT::MKG",different,40,1645,178,success,200,759442354,3797211.770
covercrypt,classic,089a548,"SEC::HIG && CTR::EN","DPT::MKG && CTR::EN",different,20,899,178,success,200,452353920,2261769.600
covercrypt,classic,089a548,"SEC::HIG && CTR::EN","DPT::MKG && CTR::FR",different,20,899,178,failure,200,714489805,3572449.025
covercrypt,classic,089a548,"SEC::HIG && CTR::EN","DPT::MKG && CTR::$",different,40,1645,178,success,200,804961607,4024808.035
covercrypt,classic,089a548,"SEC::HIG && CTR::EN","DPT::$",different,80,3147,178,success,200,1989482835,9947414.175
covercrypt,classic,089a548,"SEC::HIG && CTR::EN","DPT::$ && CTR::EN",different,40,1645,178,success,200,950077035,4750385.175
covercrypt,classic,089a548,"SEC::HIG && CTR::EN","DPT::$ && CTR::FR",different,40,1645,178,failure,200,1397817153,6989085.765
covercrypt,classic,089a548,"SEC::HIG && CTR::EN","DPT::$ && CTR::$",different,80,3147,178,success,200,1614815039,8074075.195
covercrypt,classic,089a548,"SEC::HIG && CTR::EN","SEC::LOW",different,32,1347,178,failure,200,1185841657,5929208.285
covercrypt,classic,089a548,"SEC::HIG && CTR::EN","SEC::LOW && CTR::EN",different,16,751,178,failure,200,611049478,3055247.390
covercrypt,classic,089a548,"SEC::HIG && CTR::EN","SEC::LOW && CTR::FR",different,16,751,178,failure,200,607214305,3036071.525
covercrypt,classic,089a548,"SEC::HIG && CTR::EN","SEC::LOW && CTR::$",different,32,1347,178,failure,200,1155157783,5775788.915
covercrypt,classic,089a548,"SEC::HIG && CTR::EN","SEC::LOW && DPT::DEV",different,16,751,178,failure,200,633193052,3165965.260
covercrypt,classic,089a548,"SEC::HIG && CTR::EN","SEC::LOW && DPT::DEV && CTR::EN",same,8,455,178,failure,200,321305108,1606525.540
covercrypt,classic,089a548,"SEC::HIG && CTR::EN","SEC::LOW && DPT::DEV && CTR::FR",same,8,455,178,failure,200,311929463,1559647.315
covercrypt,classic,089a548,"SEC::HIG && CTR::EN","SEC::LOW && DPT::DEV && CTR::$",same,16,751,178,failure,200,626889793,3134448.965
covercrypt,classic,089a548,"SEC::HIG && CTR::EN","SEC::LOW && DPT::MKG",different,16,751,178,failure,200,617273517,3086367.585
covercrypt,classic,089a548,"SEC::HIG && CTR::EN","SEC::LOW && DPT::MKG && CTR::EN",same,8,455,178,failure,200,386045363,1930226.815
covercrypt,classic,089a548,"SEC::HIG && CTR::EN","SEC::LOW && DPT::MKG && CTR::FR",same,8,455,178,failure,200,354525832,1772629.160
covercrypt,classic,089a548,"SEC::HIG && CTR::EN","SEC::LOW && DPT::MKG && CTR::$",same,16,751,178,failure,200,627885489,3139427.445
covercrypt,classic,089a548,"SEC::HIG && CTR::EN","SEC::LOW && DPT::$",different,32,1347,178,failure,200,1060712852,5303564.260
covercrypt,classic,089a548,"SEC::HIG && CTR::EN","SEC::LOW && DPT::$ && CTR::EN",same,16,751,178,failure,200,580670540,2903352.700
covercrypt,classic,089a548,"SEC::HIG && CTR::EN","SEC::LOW && DPT::$ && CTR::FR",same,16,751,178,failure,200,617686155,3088430.775
covercrypt,classic,089a548,"SEC::HIG && CTR::EN","SEC::LOW && DPT::$ && CTR::$",same,32,1347,178,failure,200,1085090074,5425450.370
covercrypt,classic,089a548,"SEC::HIG && CTR::EN","SEC::MED",different,48,1947,178,failure,200,1695216330,8476081.650
covercrypt,classic,089a548,"SEC::HIG && CTR::EN","SEC::MED && CTR::EN",different,24,1049,178,failure,200,877507343,4387536.715
covercrypt,classic,089a548,"SEC::HIG && CTR::EN","SEC::MED && CTR::FR",different,24,1049,178,failure,200,816789310,4083946.550
covercrypt,classic,089a548,"SEC::HIG && CTR::EN","SEC::MED && CTR::$",different,48,1947,178,failure,200,1631879049,8159395.245
covercrypt,classic,089a548,"SEC::HIG && CTR::EN","SEC::MED && DPT::DEV",different,24,1049,178,failure,200,824566922,4122834.610
covercrypt,classic,089a548,"SEC::HIG && CTR::EN","SEC::MED && DPT::DEV && CTR::EN",same,12,603,178,failure,200,464328565,2321642.825
covercrypt,classic,089a548,"SEC::HIG && CTR::EN","SEC::MED && DPT::DEV && CTR::FR",same,12,603,178,failure,200,435886198,2179430.990
covercrypt,classic,089a548,"SEC::HIG && CTR::EN","SEC::MED && DPT::DEV && CTR::$",same,24,1049,178,failure,200,841910463,4209552.315
covercrypt,classic,089a548,"SEC::HIG && CTR::EN","SEC::MED && DPT::MKG",different,24,1049,178,failure,200,817333546,4086667.730
covercrypt,classic,089a548,"SEC::HIG && CTR::EN","SEC::MED && DPT::MKG && CTR::EN",same,12,603,178,failure,200,451332378,2256661.890
covercrypt,classic,089a548,"SEC::HIG && CTR::EN","SEC::MED && DPT::MKG && CTR::FR",same,12,603,178,failure,200,451241808,2256209.040
covercrypt,classic,089a548,"SEC::HIG && CTR::EN","SEC::MED && DPT::MKG && CTR::$",same,24,1049,178,failure,200,799821551,3999107.755
covercrypt,classic,089a548,"SEC::HIG && CTR::EN","SEC::MED && DPT::$",different,48,1947,178,failure,200,1644964757,8224823.785
covercrypt,classic,089a548,"SEC::HIG && CTR::EN","SEC::MED && DPT::$ && CTR::EN",same,24,1049,178,failure,200,870626871,4353134.355
covercrypt,classic,089a548,"SEC::HIG && CTR::EN","SEC::MED && DPT::$ && CTR::FR",same,24,1049,178,failure,200,862623288,4313116.440
covercrypt,classic,089a548,"SEC::HIG && CTR::EN","SEC::MED && DPT::$ && CTR::$",same,48,1947,178,failure,200,1636771812,8183859.060
covercrypt,classic,089a548,"SEC::HIG && CTR::EN","SEC::HIG",different,64,2547,178,success,200,1130809597,5654047.985
covercrypt,classic,089a548,"SEC::HIG && CTR::EN","SEC::HIG && CTR::EN",different,32,1347,178,success,200,706542779,3532713.895
covercrypt,classic,089a548,"SEC::HIG && CTR::EN","SEC::HIG && CTR::FR",different,32,1347,178,failure,200,1115834819,5579174.095
covercrypt,classic,089a548,"SEC::HIG && CTR::EN","SEC::HIG && CTR::$",different,64,2547,178,success,200,1282586661,6412933.305
covercrypt,classic,089a548,"SEC::HIG && CTR::EN","SEC::HIG && DPT::DEV",different,32,1347,178,success,200,630831814,3154159.070
covercrypt,classic,089a548,"SEC::HIG && CTR::EN","SEC::HIG && DPT::DEV && CTR::EN",same,16,751,178,success,200,404125407,2020627.035
covercrypt,classic,089a548,"SEC::HIG && CTR::EN","SEC::HIG && DPT::DEV && CTR::FR",same,16,751,178,failure,200,580101774,2900508.870
covercrypt,classic,089a548,"SEC::HIG && CTR::EN","SEC::HIG && DPT::DEV && CTR::$",same,32,1347,178,success,200,832975904,4164879.520
covercrypt,classic,089a548,"SEC::HIG && CTR::EN","SEC::HIG && DPT::MKG",different,32,1347,178,success,200,772665956,3863329.780
covercrypt,classic,089a548,"SEC::HIG && CTR::EN","SEC::HIG && DPT::MKG && CTR::EN",same,16,751,178,success,200,405816710,2029083.550
covercrypt,classic,089a548,"SEC::HIG && CTR::EN","SEC::HIG && DPT::MKG && CTR::FR",same,16,751,178,failure,200,567115977,2835579.885
covercrypt,classic,089a548,"SEC::HIG && CTR::EN","SEC::HIG && DPT::MKG && CTR::$",same,32,1347,178,success,200,699730986,3498654.930
covercrypt,classic,089a548,"SEC::HIG && CTR::EN","SEC::HIG && DPT::$",different,64,2547,178,success,200,1167374897,5836874.485
covercrypt,classic,089a548,"SEC::HIG && CTR::EN","SEC::HIG && DPT::$ && CTR::EN",same,32,1347,178,success,200,642088724,3210443.620
covercrypt,classic,089a548,"SEC::HIG && CTR::EN","SEC::HIG && DPT::$ && CTR::FR",same,32,1347,178,failure,200,1081606463,5408032.315
covercrypt,classic,089a548,"SEC::HIG && CTR::EN","SEC::HIG && DPT::$ && CTR::$",same,64,2547,178,success,200,1164628889,5823144.445
covercrypt,classic,089a548,"SEC::HIG && CTR::EN","SEC::$",different,80,3147,178,success,200,1459622337,7298111.685
covercrypt,classic,089a548,"SEC::HIG && CTR::EN","SEC::$ && CTR::EN",different,40,1645,178,success,200,772945532,3864727.660
covercrypt,classic,089a548,"SEC::HIG && CTR::EN","SEC::$ && CTR::FR",different,40,1645,178,failure,200,1864313628,9321568.140
covercrypt,classic,089a548,"SEC::HIG && CTR::EN","SEC::$ && CTR::$",different,80,3147,178,success,200,1651976376,8259881.880
covercrypt,classic,089a548,"SEC::HIG && CTR::EN","SEC::$ && DPT::DEV",different,40,1645,178,success,200,873096343,4365481.715
covercrypt,classic,089a548,"SEC::HIG && CTR::EN","SEC::$ && DPT::DEV && CTR::EN",same,20,899,178,success,200,441649663,2208248.315
covercrypt,classic,089a548,"SEC::HIG && CTR::EN","SEC::$ && DPT::DEV && CTR::FR",same,20,899,178,failure,200,747809956,3739049.780
covercrypt,classic,089a548,"SEC::HIG && CTR::EN","SEC::$ && DPT::DEV && CTR::$",same,40,1645,178,success,200,790930178,3954650.890
covercrypt,classic,089a548,"SEC::HIG && CTR::EN","SEC::$ && DPT::MKG",different,40,1645,178,success,200,821107135,4105535.675
covercrypt,classic,089a548,"SEC::HIG && CTR::EN","SEC::$ && DPT::MKG && CTR::EN",same,20,899,178,success,200,483624616,2418123.080
covercrypt,classic,089a548,"SEC::HIG && CTR::EN","SEC::$ && DPT::MKG && CTR::FR",same,20,899,178,failure,200,704274881,3521374.405
covercrypt,classic,089a548,"SEC::HIG && CTR::EN","SEC::$ && DPT::MKG && CTR::$",same,40,1645,178,success,200,773610054,3868050.270
covercrypt,classic,089a548,"SEC::HIG && CTR::EN","SEC::$ && DPT::$",different,80,3147,178,success,200,1413325891,7066629.455
covercrypt,classic,089a548,"SEC::HIG && CTR::EN","SEC::$ && DPT::$ && CTR::EN",same,40,1645,178,success,200,775833271,3879166.355
covercrypt,classic,089a548,"SEC::HIG && CTR::EN","SEC::$ && DPT::$ && CTR::FR",same,40,1645,178,failure,200,1298230144,6491150.720
covercrypt,classic,089a548,"SEC::HIG && CTR::EN","SEC::$ && DPT::$ && CTR::$",same,80,3147,178,success,200,1427478798,7137393.990
covercrypt,classic,089a548,"SEC::HIG && DPT::MKG && CTR::EN","CTR::EN",different,40,1645,178,success,200,753837876,3769189.380
covercrypt,classic,089a548,"SEC::HIG && DPT::MKG && CTR::EN","CTR::FR",different,40,1645,178,failure,200,1365227806,6826139.030
covercrypt,classic,089a548,"SEC::HIG && DPT::MKG && CTR::EN","CTR::$",different,80,3147,178,success,200,1844224533,9221122.665
covercrypt,classic,089a548,"SEC::HIG && DPT::MKG && CTR::EN","DPT::DEV",different,40,1645,178,failure,200,1709516591,8547582.955
covercrypt,classic,089a548,"SEC::HIG && DPT::MKG && CTR::EN","DPT::DEV && CTR::EN",different,20,899,178,failure,200,1047713808,5238569.040
covercrypt,classic,089a548,"SEC::HIG && DPT::MKG && CTR::EN","DPT::DEV && CTR::FR",different,20,899,178,failure,200,930854628,4654273.140
covercrypt,classic,089a548,"SEC::HIG && DPT::MKG && CTR::EN","DPT::DEV && CTR::$",different,40,1645,178,failure,200,1596649457,7983247.285
covercrypt,classic,089a548,"SEC::HIG && DPT::MKG && CTR::EN","DPT::MKG",different,40,1645,178,success,200,1010882211,5054411.055
covercrypt,classic,089a548,"SEC::HIG && DPT::MKG && CTR::EN","DPT::MKG && CTR::EN",different,20,899,178,success,200,634296743,3171483.715
covercrypt,classic,089a548,"SEC::HIG && DPT::MKG && CTR::EN","DPT::MKG && CTR::FR",different,20,899,178,failure,200,889131824,4445659.120
covercrypt,classic,089a548,"SEC::HIG && DPT::MKG && CTR::EN","DPT::MKG && CTR::$",different,40,1645,178,success,200,1129035457,5645177.285
covercrypt,classic,089a548,"SEC::HIG && DPT::MKG && CTR::EN","DPT::$",different,80,3147,178,success,200,1932587657,9662938.285
covercrypt,classic,089a548,"SEC::HIG && DPT::MKG && CTR::EN","DPT::$ && CTR::EN",different,40,1645,178,success,200,1064088903,5320444.515
covercrypt,classic,089a548,"SEC::HIG && DPT::MKG && CTR::EN","DPT::$ && CTR::FR",different,40,1645,178,failure,200,2036949271,10184746.355
covercrypt,classic,089a548,"SEC::HIG && DPT::MKG && CTR::EN","DPT::$ && CTR::$",different,80,3147,178,success,200,1965406013,9827030.065
covercrypt,classic,089a548,"SEC::HIG && DPT::MKG && CTR::EN","SEC::LOW",different,32,1347,178,failure,200,1389629359,6948146.795
covercrypt,classic,089a548,"SEC::HIG && DPT::MKG && CTR::EN","SEC::LOW && CTR::EN",different,16,751,178,failure,200,659013255,3295066.275
covercrypt,classic,089a548,"SEC::HIG && DPT::MKG && CTR::EN","SEC::LOW && CTR::FR",different,16,751,178,failure,200,726271515,3631357.575
covercrypt,classic,089a548,"SEC::HIG && DPT::MKG && CTR::EN","SEC::LOW && CTR::$",different,32,1347,178,failure,200,1396283032,6981415.160
covercrypt,classic,089a548,"SEC::HIG && DPT::MKG && CTR::EN","SEC::LOW && DPT::DEV",different,16,751,178,failure,200,812929015,4064645.075
covercrypt,classic,089a548,"SEC::HIG && DPT::MKG && CTR::EN","SEC::LOW && DPT::DEV && CTR::EN",same,8,455,178,failure,200,405267847,2026339.235
covercrypt,classic,089a548,"SEC::HIG && DPT::MKG && CTR::EN","SEC::LOW && DPT::DEV && CTR::FR",same,8,455,178,failure,200,431215884,2156079.420
covercrypt,classic,089a548,"SEC::HIG && DPT::MKG && CTR::EN","SEC::LOW && DPT::DEV && CTR::$",same,16,751,178,failure,200,679908123,3399540.615
covercrypt,classic,089a548,"SEC::HIG && DPT::MKG && CTR::EN","SEC::LOW && DPT::MKG",different,16,751,178,failure,200,732232301,3661161.505
covercrypt,classic,089a548,"SEC::HIG && DPT::MKG && CTR::EN","SEC::LOW && DPT::MKG && CTR::EN",same,8,455,178,failure,200,392024469,1960122.345
covercrypt,classic,089a548,"SEC::HIG && DPT::MKG && CTR::EN","SEC::LOW && DPT::MKG && CTR::FR",same,8,455,178,failure,200,377702692,1888513.460
covercrypt,classic,089a548,"SEC::HIG && DPT::MKG && CTR::EN","SEC::LOW && DPT::MKG && CTR::$",same,16,751,178,failure,200,715883162,3579415.810
covercrypt,classic,089a548,"SEC::HIG && DPT::MKG && CTR::EN","SEC::LOW && DPT::$",different,32,1347,178,failure,200,1562247344,7811236.720
covercrypt,classic,089a548,"SEC::HIG && DPT::MKG && CTR::EN","SEC::LOW && DPT::$ && CTR::EN",same,16,751,178,failure,200,698808673,3494043.365
covercrypt,classic,089a548,"SEC::HIG && DPT::MKG && CTR::EN","SEC::LOW && DPT::$ && CTR::FR",same,16,751,178,failure,200,736866030,3684330.150
covercrypt,classic,089a548,"SEC::HIG && DPT::MKG && CTR::EN","SEC::LOW && DPT::$ && CTR::$",same,32,1347,178,failure,200,1697231706,8486158.530
covercrypt,classic,089a548,"SEC::HIG && DPT::MKG && CTR::EN","SEC::MED",different,48,1947,178,failure,200,2062941990,10314709.950
covercrypt,classic,089a548,"SEC::HIG && DPT::MKG && CTR::EN","SEC::MED && CTR::EN",different,24,1049,178,failure,200,894542176,4472710.880
covercrypt,classic,089a548,"SEC::HIG && DPT::MKG && CTR::EN","SEC::MED && CTR::FR",different,24,1049,178,failure,200,904415199,4522075.995
covercrypt,classic,089a548,"SEC::HIG && DPT::MKG && CTR::EN","SEC::MED && CTR::$",different,48,1947,178,failure,200,1690998173,8454990.865
covercrypt,classic,089a548,"SEC::HIG && DPT::MKG && CTR::EN","SEC::MED && DPT::DEV",different,24,1049,178,failure,200,878641157,4393205.785
covercrypt,classic,089a548,"SEC::HIG && DPT::MKG && CTR::EN","SEC::MED && DPT::DEV && CTR::EN",same,12,603,178,failure,200,446711849,2233559.245
covercrypt,classic,089a548,"SEC::HIG && DPT::MKG && CTR::EN","SEC::MED && DPT::DEV && CTR::FR",same,12,603,178,failure,200,526769178,2633845.890
covercrypt,classic,089a548,"SEC::HIG && DPT::MKG && CTR::EN","SEC::MED && DPT::DEV && CTR::$",same,24,1049,178,failure,200,978086377,4890431.885
covercrypt,classic,089a548,"SEC::HIG && DPT::MKG && CTR::EN","SEC::MED && DPT::MKG",different,24,1049,178,failure,200,1262799498,6313997.490
covercrypt,classic,089a548,"SEC::HIG && DPT::MKG && CTR::EN","SEC::MED && DPT::MKG && CTR::EN",same,12,603,178,failure,200,599086623,2995433.115
covercrypt,classic,089a548,"SEC::HIG && DPT::MKG && CTR::EN","SEC::MED && DPT::MKG && CTR::FR",same,12,603,178,failure,200,561434886,2807174.430
covercrypt,classic,089a548,"SEC::HIG && DPT::MKG && CTR::EN","SEC::MED && DPT::MKG && CTR::$",same,24,1049,178,failure,200,892361722,4461808.610
covercrypt,classic,089a548,"SEC::HIG && DPT::MKG && CTR::EN","SEC::MED && DPT::$",different,48,1947,178,failure,200,1655428923,8277144.615
covercrypt,classic,089a548,"SEC::HIG && DPT::MKG && CTR::EN","SEC::MED && DPT::$ && CTR::EN",same,24,1049,178,failure,200,859744808,4298724.040
covercrypt,classic,089a548,"SEC::HIG && DPT::MKG && CTR::EN","SEC::MED && DPT::$ && CTR::FR",same,24,1049,178,failure,200,855253617,4276268.085
covercrypt,classic,089a548,"SEC::HIG && DPT::MKG && CTR::EN","SEC::MED && DPT::$ && CTR::$",same,48,1947,178,failure,200,1740534442,8702672.210
covercrypt,classic,089a548,"SEC::HIG && DPT::MKG && CTR::EN","SEC::HIG",different,64,2547,178,success,200,1220932456,6104662.280
covercrypt,classic,089a548,"SEC::HIG && DPT::MKG && CTR::EN","SEC::HIG && CTR::EN",different,32,1347,178,success,200,722900698,3614503.490
covercrypt,classic,089a548,"SEC::HIG && DPT::MKG && CTR::EN","SEC::HIG && CTR::FR",different,32,1347,178,failure,200,1112776717,5563883.585
covercrypt,classic,089a548,"SEC::HIG && DPT::MKG && CTR::EN","SEC::HIG && CTR::$",different,64,2547,178,success,200,1132465422,5662327.110
covercrypt,classic,089a548,"SEC::HIG && DPT::MKG && CTR::EN","SEC::HIG && DPT::DEV",different,32,1347,178,failure,200,1098884416,5494422.080
covercrypt,classic,089a548,"SEC::HIG && DPT::MKG && CTR::EN","SEC::HIG && DPT::DEV && CTR::EN",same,16,751,178,failure,200,631076046,3155380.230
covercrypt,classic,089a548,"SEC::HIG && DPT::MKG && CTR::EN","SEC::HIG && DPT::DEV && CTR::FR",same,16,751,178,failure,200,585480170,2927400.850
covercrypt,classic,089a548,"SEC::HIG && DPT::MKG && CTR::EN","SEC::HIG && DPT::DEV && CTR::$",same,32,1347,178,failure,200,1213151402,6065757.010
covercrypt,classic,089a548,"SEC::HIG && DPT::MKG && CTR::EN","SEC::HIG && DPT::MKG",different,32,1347,178,success,200,586463248,2932316.240
covercrypt,classic,089a548,"SEC::HIG && DPT::MKG && CTR::EN","SEC::HIG && DPT::MKG && CTR::EN",same,16,751,178,success,200,355411248,1777056.240
covercrypt,classic,089a548,"SEC::HIG && DPT::MKG && CTR::EN","SEC::HIG && DPT::MKG && CTR::FR",same,16,751,178,failure,200,528668978,2643344.890
covercrypt,classic,089a548,"SEC::HIG && DPT::MKG && CTR::EN","SEC::HIG && DPT::MKG && CTR::$",same,32,1347,178,success,200,706213736,3531068.680
covercrypt,classic,089a548,"SEC::HIG && DPT::MKG && CTR::EN","SEC::HIG && DPT::$",different,64,2547,178,success,200,1163530043,5817650.215
covercrypt,classic,089a548,"SEC::HIG && DPT::MKG && CTR::EN","SEC::HIG && DPT::$ && CTR::EN",same,32,1347,178,success,200,722081104,3610405.520
covercrypt,classic,089a548,"SEC::HIG && DPT::MKG && CTR::EN","SEC::HIG && DPT::$ && CTR::FR",same,32,1347,178,failure,200,1161595326,5807976.630
covercrypt,classic,089a548,"SEC::HIG && DPT::MKG && CTR::EN","SEC::HIG && DPT::$ && CTR::$",same,64,2547,178,success,200,1264313676,6321568.380
covercrypt,classic,089a548,"SEC::HIG && DPT::MKG && CTR::EN","SEC::$",different,80,3147,178,success,200,1489199747,7445998.735
covercrypt,classic,089a548,"SEC::HIG && DPT::MKG && CTR::EN","SEC::$ && CTR::EN",different,40,1645,178,success,200,707090760,3535453.800
covercrypt,classic,089a548,"SEC::HIG && DPT::MKG && CTR::EN","SEC::$ && CTR::FR",different,40,1645,178,failure,200,1364736731,6823683.655
covercrypt,classic,089a548,"SEC::HIG && DPT::MKG && CTR::EN","SEC::$ && CTR::$",different,80,3147,178,success,200,1474842786,7374213.930
covercrypt,classic,089a548,"SEC::HIG && DPT::MKG && CTR::EN","SEC::$ && DPT::DEV",different,40,1645,178,failure,200,1311178526,6555892.630
covercrypt,classic,089a548,"SEC::HIG && DPT::MKG && CTR::EN","SEC::$ && DPT::DEV && CTR::EN",same,20,899,178,failure,200,675282619,3376413.095
covercrypt,classic,089a548,"SEC::HIG && DPT::MKG && CTR::EN","SEC::$ && DPT::DEV && CTR::FR",same,20,899,178,failure,200,712590764,3562953.820
covercrypt,classic,089a548,"SEC::HIG && DPT::MKG && CTR::EN","SEC::$ && DPT::DEV && CTR::$",same,40,1645,178,failure,200,1357462732,6787313.660
covercrypt,classic,089a548,"SEC::HIG && DPT::MKG && CTR::EN","SEC::$ && DPT::MKG",different,40,1645,178,success,200,727978259,3639891.295
covercrypt,classic,089a548,"SEC::HIG && DPT::MKG && CTR::EN","SEC::$ && DPT::MKG && CTR::EN",same,20,899,178,success,200,501185185,2505925.925
covercrypt,classic,089a548,"SEC::HIG && DPT::MKG && CTR::EN","SEC::$ && DPT::MKG && CTR::FR",same,20,899,178,failure,200,712833861,3564169.305
covercrypt,classic,089a548,"SEC::HIG && DPT::MKG && CTR::EN","SEC::$ && DPT::MKG && CTR::$",same,40,1645,178,success,200,778563470,3892817.350
covercrypt,classic,089a548,"SEC::HIG && DPT::MKG && CTR::EN","SEC::$ && DPT::$",different,80,3147,178,success,200,1457273460,7286367.300
covercrypt,classic,089a548,"SEC::HIG && DPT::MKG && CTR::EN","SEC::$ && DPT::$ && CTR::EN",same,40,1645,178,success,200,823519528,4117597.640
covercrypt,classic,089a548,"SEC::HIG && DPT::MKG && CTR::EN","SEC::$ && DPT::$ && CTR::FR",same,40,1645,178,failure,200,1391323660,6956618.300
covercrypt,classic,089a548,"SEC::HIG && DPT::MKG && CTR::EN","SEC::$ && DPT::$ && CTR::$",same,80,3147,178,success,200,1484771514,7423857.570
covercrypt,classic,089a548,"SEC::$ && CTR::EN","CTR::EN",different,40,1645,178,success,200,712601785,3563008.925
covercrypt,classic,089a548,"SEC::$ && CTR::EN","CTR::FR",different,40,1645,178,failure,200,1379473328,6897366.640
covercrypt,classic,089a548,"SEC::$ && CTR::EN","CTR::$",different,80,3147,178,success,200,1492707339,7463536.695
covercrypt,classic,089a548,"SEC::$ && CTR::EN","DPT::DEV",different,40,1645,178,success,200,736885889,3684429.445
covercrypt,classic,089a548,"SEC::$ && CTR::EN","DPT::DEV && CTR::EN",different,20,899,178,success,200,438298672,2191493.360
covercrypt,classic,089a548,"SEC::$ && CTR::EN","DPT::DEV && CTR::FR",different,20,899,178,failure,200,701473620,3507368.100
covercrypt,classic,089a548,"SEC::$ && CTR::EN","DPT::DEV && CTR::$",different,40,1645,178,success,200,899916750,4499583.750
covercrypt,classic,089a548,"SEC::$ && CTR::EN","DPT::MKG",different,40,1645,178,success,200,764914700,3824573.500
covercrypt,classic,089a548,"SEC::$ && CTR::EN","DPT::MKG && CTR::EN",different,20,899,178,success,200,411903131,2059515.655
covercrypt,classic,089a548,"SEC::$ && CTR::EN","DPT::MKG && CTR::FR",different,20,899,178,failure,200,670702754,3353513.770
covercrypt,classic,089a548,"SEC::$ && CTR::EN","DPT::MKG && CTR::$",different,40,1645,178,success,200,672526878,3362634.390
covercrypt,classic,089a548,"SEC::$ && CTR::EN","DPT::$",different,80,3147,178,success,200,1489185859,7445929.295
covercrypt,classic,089a548,"SEC::$ && CTR::EN","DPT::$ && CTR::EN",different,40,1645,178,success,200,785604366,3928021.830
covercrypt,classic,089a548,"SEC::$ && CTR::EN","DPT::$ && CTR::FR",different,40,1645,178,failure,200,1357206885,6786034.425
covercrypt,classic,089a548,"SEC::$ && CTR::EN","DPT::$ && CTR::$",different,80,3147,178,success,200,1439543336,7197716.680
covercrypt,classic,089a548,"SEC::$ && CTR::EN","SEC::LOW",different,32,1347,178,failure,200,1007994517,5039972.585
covercrypt,classic,089a548,"SEC::$ && CTR::EN","SEC::LOW && CTR::EN",different,16,751,178,failure,200,541266408,2706332.040
covercrypt,classic,089a548,"SEC::$ && CTR::EN","SEC::LOW && CTR::FR",different,16,751,178,failure,200,579534134,2897670.670
covercrypt,classic,089a548,"SEC::$ && CTR::EN","SEC::LOW && CTR::$",different,32,1347,178,failure,200,1407997778,7039988.890
covercrypt,classic,089a548,"SEC::$ && CTR::EN","SEC::LOW && DPT::DEV",different,16,751,178,failure,200,617094495,3085472.475
covercrypt,classic,089a548,"SEC::$ && CTR::EN","SEC::LOW && DPT::DEV && CTR::EN",same,8,455,178,failure,200,297344701,1486723.505
covercrypt,classic,089a548,"SEC::$ && CTR::EN","SEC::LOW && DPT::DEV && CTR::FR",same,8,455,178,failure,200,302750871,1513754.355
covercrypt,classic,089a548,"SEC::$ && CTR::EN","SEC::LOW && DPT::DEV && CTR::$",same,16,751,178,failure,200,571802801,2859014.005
covercrypt,classic,089a548,"SEC::$ && CTR::EN","SEC::LOW && DPT::MKG",different,16,751,178,failure,200,541951919,2709759.595
covercrypt,classic,089a548,"SEC::$ && CTR::EN","SEC::LOW && DPT::MKG && CTR::EN",same,8,455,178,failure,200,313847968,1569239.840
covercrypt,classic,089a548,"SEC::$ && CTR::EN","SEC::LOW && DPT::MKG && CTR::FR",same,8,455,178,failure,200,298722851,1493614.255
covercrypt,classic,089a548,"SEC::$ && CTR::EN","SEC::LOW && DPT::MKG && CTR::$",same,16,751,178,failure,200,528388521,2641942.605
covercrypt,classic,089a548,"SEC::$ && CTR::EN","SEC::LOW && DPT::$",different,32,1347,178,failure,200,1098382549,5491912.745
covercrypt,classic,089a548,"SEC::$ && CTR::EN","SEC::LOW && DPT::$ && CTR::EN",same,16,751,178,failure,200,650660872,3253304.360
covercrypt,classic,089a548,"SEC::$ && CTR::EN","SEC::LOW && DPT::$ && CTR::FR",same,16,751,178,failure,200,546227365,2731136.825
covercrypt,classic,089a548,"SEC::$ && CTR::EN","SEC::LOW && DPT::$ && CTR::$",same,32,1347,178,failure,200,1042420197,5212100.985
covercrypt,classic,089a548,"SEC::$ && CTR::EN","SEC::MED",different,48,1947,178,failure,200,1540784488,7703922.440
covercrypt,classic,089a548,"SEC::$ && CTR::EN","SEC::MED && CTR::EN",different,24,1049,178,failure,200,835561047,4177805.235
covercrypt,classic,089a548,"SEC::$ && CTR::EN","SEC::MED && CTR::FR",different,24,1049,178,failure,200,804632418,4023162.090
covercrypt,classic,089a548,"SEC::$ && CTR::EN","SEC::MED && CTR::$",different,48,1947,178,failure,200,1595202274,7976011.370
covercrypt,classic,089a548,"SEC::$ && CTR::EN","SEC::MED && DPT::DEV",different,24,1049,178,failure,200,826902710,4134513.550
covercrypt,classic,089a548,"SEC::$ && CTR::EN","SEC::MED && DPT::DEV && CTR::EN",same,12,603,178,failure,200,426039885,2130199.425
covercrypt,classic,089a548,"SEC::$ && CTR::EN","SEC::MED && DPT::DEV && CTR::FR",same,12,603,178,failure,200,412165553,2060827.765
covercrypt,classic,089a548,"SEC::$ && CTR::EN","SEC::MED && DPT::DEV && CTR::$",same,24,1049,178,failure,200,825169290,4125846.450
covercrypt,classic,089a548,"SEC::$ && CTR::EN","SEC::MED && DPT::MKG",different,24,1049,178,failure,200,782669809,3913349.045
covercrypt,classic,089a548,"SEC::$ && CTR::EN","SEC::MED && DPT::MKG && CTR::EN",same,12,603,178,failure,200,422428852,2112144.260
covercrypt,classic,089a548,"SEC::$ && CTR::EN","SEC::MED && DPT::MKG && CTR::FR",same,12,603,178,failure,200,439157427,2195787.135
covercrypt,classic,089a548,"SEC::$ && CTR::EN","SEC::MED && DPT::MKG && CTR::$",same,24,1049,178,failure,200,1002925140,5014625.700
covercrypt,classic,089a548,"SEC::$ && CTR::EN","SEC::MED && DPT::$",different,48,1947,178,failure,200,1588061519,7940307.595
covercrypt,classic,089a548,"SEC::$ && CTR::EN","SEC::MED && DPT::$ && CTR::EN",same,24,1049,178,failure,200,830860015,4154300.075
covercrypt,classic,089a548,"SEC::$ && CTR::EN","SEC::MED && DPT::$ && CTR::FR",same,24,1049,178,failure,200,787318763,3936593.815
covercrypt,classic,089a548,"SEC::$ && CTR::EN","SEC::MED && DPT::$ && CTR::$",same,48,1947,178,failure,200,1520861622,7604308.110
covercrypt,classic,089a548,"SEC::$ && CTR::EN","SEC::HIG",different,64,2547,178,failure,200,1982726126,9913630.630
covercrypt,classic,089a548,"SEC::$ && CTR::EN","SEC::HIG && CTR::EN",different,32,1347,178,failure,200,1072987723,5364938.615
covercrypt,classic,089a548,"SEC::$ && CTR::EN","SEC::HIG && CTR::FR",different,32,1347,178,failure,200,1104448405,5522242.025
covercrypt,classic,089a548,"SEC::$ && CTR::EN","SEC::HIG && CTR::$",different,64,2547,178,failure,200,2089955808,10449779.040
covercrypt,classic,089a548,"SEC::$ && CTR::EN","SEC::HIG && DPT::DEV",different,32,1347,178,failure,200,1098748332,5493741.660
covercrypt,classic,089a548,"SEC::$ && CTR::EN","SEC::HIG && DPT::DEV && CTR::EN",same,16,751,178,failure,200,556800448,2784002.240
covercrypt,classic,089a548,"SEC::$ && CTR::EN","SEC::HIG && DPT::DEV && CTR::FR",same,16,751,178,failure,200,637376164,3186880.820
covercrypt,classic,089a548,"SEC::$ && CTR::EN","SEC::HIG && DPT::DEV && CTR::$",same,32,1347,178,failure,200,1125059959,5625299.795
covercrypt,classic,089a548,"SEC::$ && CTR::EN","SEC::HIG && DPT::MKG",different,32,1347,178,failure,200,1239592887,6197964.435
covercrypt,classic,089a548,"SEC::$ && CTR::EN","SEC::HIG && DPT::MKG && CTR::EN",same,16,751,178,failure,200,631936765,3159683.825
covercrypt,classic,089a548,"SEC::$ && CTR::EN","SEC::HIG && DPT::MKG && CTR::FR",same,16,751,178,failure,200,726611311,3633056.555
covercrypt,classic,089a548,"SEC::$ && CTR::EN","SEC::HIG && DPT::MKG && CTR::$",same,32,1347,178,failure,200,1422234937,7111174.685
covercrypt,classic,089a548,"SEC::$ && CTR::EN","SEC::HIG && DPT::$",different,64,2547,178,failure,200,2159529811,10797649.055
covercrypt,classic,089a548,"SEC::$ && CTR::EN","SEC::HIG && DPT::$ && CTR::EN",same,32,1347,178,failure,200,1107839948,5539199.740
covercrypt,classic,089a548,"SEC::$ && CTR::EN","SEC::HIG && DPT::$ && CTR::FR",same,32,1347,178,failure,200,1039124955,5195624.775
covercrypt,classic,089a548,"SEC::$ && CTR::EN","SEC::HIG && DPT::$ && CTR::$",same,64,2547,178,failure,200,2046920847,10234604.235
covercrypt,classic,089a548,"SEC::$ && CTR::EN","SEC::$",different,80,3147,178,success,200,1418144013,7090720.065
covercrypt,classic,089a548,"SEC::$ && CTR::EN","SEC::$ && CTR::EN",different,40,1645,178,success,200,810116437,4050582.185
covercrypt,classic,089a548,"SEC::$ && CTR::EN","SEC::$ && CTR::FR",different,40,1645,178,failure,200,1304493999,6522469.995
covercrypt,classic,089a548,"SEC::$ && CTR::EN","SEC::$ && CTR::$",different,80,3147,178,success,200,1252832698,6264163.490
covercrypt,classic,089a548,"SEC::$ && CTR::EN","SEC::$ && DPT::DEV",different,40,1645,178,success,200,819953412,4099767.060
covercrypt,classic,089a548,"SEC::$ && CTR::EN","SEC::$ && DPT::DEV && CTR::EN",same,20,899,178,success,200,474763012,2373815.060
covercrypt,classic,089a548,"SEC::$ && CTR::EN","SEC::$ && DPT::DEV && CTR::FR",same,20,899,178,failure,200,785554720,3927773.600
covercrypt,classic,089a548,"SEC::$ && CTR::EN","SEC::$ && DPT::DEV && CTR::$",same,40,1645,178,success,200,840852997,4204264.985
covercrypt,classic,089a548,"SEC::$ && CTR::EN","SEC::$ && DPT::MKG",different,40,1645,178,success,200,723414365,3617071.825
covercrypt,classic,089a548,"SEC::$ && CTR::EN","SEC::$ && DPT::MKG && CTR::EN",same,20,899,178,success,200,457970995,2289854.975
covercrypt,classic,089a548,"SEC::$ && CTR::EN","SEC::$ && DPT::MKG && CTR::FR",same,20,899,178,failure,200,721376915,3606884.575
covercrypt,classic,089a548,"SEC::$ && CTR::EN","SEC::$ && DPT::MKG && CTR::$",same,40,1645,178,success,200,837133352,4185666.760
covercrypt,classic,089a548,"SEC::$ && CTR::EN","SEC::$ && DPT::$",different,80,3147,178,success,200,1605277969,8026389.845
covercrypt,classic,089a548,"SEC::$ && CTR::EN","SEC::$ && DPT::$ && CTR::EN",same,40,1645,178,success,200,942802598,4714012.990
covercrypt,classic,089a548,"SEC::$ && CTR::EN","SEC::$ && DPT::$ && CTR::FR",same,40,1645,178,failure,200,1559544591,7797722.955
covercrypt,classic,089a548,"SEC::$ && CTR::EN","SEC::$ && DPT::$ && CTR::$",same,80,3147,178,success,200,1581871003,7909355.015
covercrypt,classic,089a548,"SEC::$ && DPT::MKG && CTR::EN","CTR::EN",different,40,1645,178,success,200,799800339,3999001.695
covercrypt,classic,089a548,"SEC::$ && DPT::MKG && CTR::EN","CTR::FR",different,40,1645,178,failure,200,1448769973,7243849.865
covercrypt,classic,089a548,"SEC::$ && DPT::MKG && CTR::EN","CTR::$",different,80,3147,178,success,200,1492710408,7463552.040
covercrypt,classic,089a548,"SEC::$ && DPT::MKG && CTR::EN","DPT::DEV",different,40,1645,178,failure,200,1284908867,6424544.335
covercrypt,classic,089a548,"SEC::$ && DPT::MKG && CTR::EN","DPT::DEV && CTR::EN",different,20,899,178,failure,200,1013799698,5068998.490
covercrypt,classic,089a548,"SEC::$ && DPT::MKG && CTR::EN","DPT::DEV && CTR::FR",different,20,899,178,failure,200,750191903,3750959.515
covercrypt,classic,089a548,"SEC::$ && DPT::MKG && CTR::EN","DPT::DEV && CTR::$",different,40,1645,178,failure,200,1366455228,6832276.140
covercrypt,classic,089a548,"SEC::$ && DPT::MKG && CTR::EN","DPT::MKG",different,40,1645,178,success,200,758365275,3791826.375
covercrypt,classic,089a548,"SEC::$ && DPT::MKG && CTR::EN","DPT::MKG && CTR::EN",different,20,899,178,success,200,464363076,2321815.380
covercrypt,classic,089a548,"SEC::$ && DPT::MKG && CTR::EN","DPT::MKG && CTR::FR",different,20,899,178,failure,200,717449119,3587245.595
covercrypt,classic,089a548,"SEC::$ && DPT::MKG && CTR::EN","DPT::MKG && CTR::$",different,40,1645,178,success,200,790399293,3951996.465
covercrypt,classic,089a548,"SEC::$ && DPT::MKG && CTR::EN","DPT::$",different,80,3147,178,success,200,1378208226,6891041.130
covercrypt,classic,089a548,"SEC::$ && DPT::MKG && CTR::EN","DPT::$ && CTR::EN",different,40,1645,178,success,200,852583676,4262918.380
covercrypt,classic,089a548,"SEC::$ && DPT::MKG && CTR::EN","DPT::$ && CTR::FR",different,40,1645,178,failure,200,1223371920,6116859.600
covercrypt,classic,089a548,"SEC::$ && DPT::MKG && CTR::EN","DPT::$ && CTR::$",different,80,3147,178,success,200,1316161423,6580807.115
covercrypt,classic,089a548,"SEC::$ && DPT::MKG && CTR::EN","SEC::LOW",different,32,1347,178,failure,200,1011900534,5059502.670
covercrypt,classic,089a548,"SEC::$ && DPT::MKG && CTR::EN","SEC::LOW && CTR::EN",different,16,751,178,failure,200,554862613,2774313.065
covercrypt,classic,089a548,"SEC::$ && DPT::MKG && CTR::EN","SEC::LOW && CTR::FR",different,16,751,178,failure,200,530867200,2654336.000
covercrypt,classic,089a548,"SEC::$ && DPT::MKG && CTR::EN","SEC::LOW && CTR::$",different,32,1347,178,failure,200,1159673492,5798367.460
covercrypt,classic,089a548,"SEC::$ && DPT::MKG && CTR::EN","SEC::LOW && DPT::DEV",different,16,751,178,failure,200,511849576,2559247.880
covercrypt,classic,089a548,"SEC::$ && DPT::MKG && CTR::EN","SEC::LOW && DPT::DEV && CTR::EN",same,8,455,178,failure,200,291427272,1457136.360
covercrypt,classic,089a548,"SEC::$ && DPT::MKG && CTR::EN","SEC::LOW && DPT::DEV && CTR::FR",same,8,455,178,failure,200,305434749,1527173.745
covercrypt,classic,089a548,"SEC::$ && DPT::MKG && CTR::EN","SEC::LOW && DPT::DEV && CTR::$",same,16,751,178,failure,200,558478991,2792394.955
covercrypt,classic,089a548,"SEC::$ && DPT::MKG && CTR::EN","SEC::LOW && DPT::MKG",different,16,751,178,failure,200,601253421,3006267.105
covercrypt,classic,089a548,"SEC::$ && DPT::MKG && CTR::EN","SEC::LOW && DPT::MKG && CTR::EN",same,8,455,178,failure,200,323005115,1615025.575
covercrypt,classic,089a548,"SEC::$ && DPT::MKG && CTR::EN","SEC::LOW && DPT::MKG && CTR::FR",same,8,455,178,failure,200,368627791,1843138.955
covercrypt,classic,089a548,"SEC::$ && DPT::MKG && CTR::EN","SEC::LOW && DPT::MKG && CTR::$",same,16,751,178,failure,200,650490052,3252450.260
covercrypt,classic,089a548,"SEC::$ && DPT::MKG && CTR::EN","SEC::LOW && DPT::$",different,32,1347,178,failure,200,1073636883,5368184.415
covercrypt,classic,089a548,"SEC::$ && DPT::MKG && CTR::EN","SEC::LOW && DPT::$ && CTR::EN",same,16,751,178,failure,200,567224846,2836124.230
covercrypt,classic,089a548,"SEC::$ && DPT::MKG && CTR::EN","SEC::LOW && DPT::$ && CTR::FR",same,16,751,178,failure,200,594233114,2971165.570
covercrypt,classic,089a548,"SEC::$ && DPT::MKG && CTR::EN","SEC::LOW && DPT::$ && CTR::$",same,32,1347,178,failure,200,1103585581,5517927.905
covercrypt,classic,089a548,"SEC::$ && DPT::MKG && CTR::EN","SEC::MED",different,48,1947,178,failure,200,1500058109,7500290.545
covercrypt,classic,089a548,"SEC::$ && DPT::MKG && CTR::EN","SEC::MED && CTR::EN",different,24,1049,178,failure,200,781393316,3906966.580
covercrypt,classic,089a548,"SEC::$ && DPT::MKG && CTR::EN","SEC::MED && CTR::FR",different,24,1049,178,failure,200,780066703,3900333.515
covercrypt,classic,089a548,"SEC::$ && DPT::MKG && CTR::EN","SEC::MED && CTR::$",different,48,1947,178,failure,200,1604782583,8023912.915
covercrypt,classic,089a548,"SEC::$ && DPT::MKG && CTR::EN","SEC::MED && DPT::DEV",different,24,1049,178,failure,200,835361494,4176807.470
covercrypt,classic,089a548,"SEC::$ && DPT::MKG && CTR::EN","SEC::MED && DPT::DEV && CTR::EN",same,12,603,178,failure,200,465254655,2326273.275
covercrypt,classic,089a548,"SEC::$ && DPT::MKG && CTR::EN","SEC::MED && DPT::DEV && CTR::FR",same,12,603,178,failure,200,442510011,2212550.055
covercrypt,classic,089a548,"SEC::$ && DPT::MKG && CTR::EN","SEC::MED && DPT::DEV && CTR::$",same,24,1049,178,failure,200,786345172,3931725.860
covercrypt,classic,089a548,"SEC::$ && DPT::MKG && CTR::EN","SEC::MED && DPT::MKG",different,24,1049,178,failure,200,809375472,4046877.360
covercrypt,classic,089a548,"SEC::$ && DPT::MKG && CTR::EN","SEC::MED && DPT::MKG && CTR::EN",same,12,603,178,failure,200,425132025,2125660.125
covercrypt,classic,089a548,"SEC::$ && DPT::MKG && CTR::EN","SEC::MED && DPT::MKG && CTR::FR",same,12,603,178,failure,200,426178212,2130891.060
covercrypt,classic,089a548,"SEC::$ && DPT::MKG && CTR::EN","SEC::MED && DPT::MKG && CTR::$",same,24,1049,178,failure,200,877616117,4388080.585
covercrypt,classic,089a548,"SEC::$ && DPT::MKG && CTR::EN","SEC::MED && DPT::$",different,48,1947,178,failure,200,2433887127,12169435.635
covercrypt,classic,089a548,"SEC::$ && DPT::MKG && CTR::EN","SEC::MED && DPT::$ && CTR::EN",same,24,1049,178,failure,200,960468472,4802342.360
covercrypt,classic,089a548,"SEC::$ && DPT::MKG && CTR::EN","SEC::MED && DPT::$ && CTR::FR",same,24,1049,178,failure,200,1067160097,5335800.485
covercrypt,classic,089a548,"SEC::$ && DPT::MKG && CTR::EN","SEC::MED && DPT::$ && CTR::$",same,48,1947,178,failure,200,1603420803,8017104.015
covercrypt,classic,089a548,"SEC::$ && DPT::MKG && CTR::EN","SEC::HIG",different,64,2547,178,failure,200,2955173886,14775869.430
covercrypt,classic,089a548,"SEC::$ && DPT::MKG && CTR::EN","SEC::HIG && CTR::EN",different,32,1347,178,failure,200,1341165306,6705826.530
covercrypt,classic,089a548,"SEC::$ && DPT::MKG && CTR::EN","SEC::HIG && CTR::FR",different,32,1347,178,failure,200,1462411578,7312057.890
covercrypt,classic,089a548,"SEC::$ && DPT::MKG && CTR::EN","SEC::HIG && CTR::$",different,64,2547,178,failure,200,2554018467,12770092.335
covercrypt,classic,089a548,"SEC::$ && DPT::MKG && CTR::EN","SEC::HIG && DPT::DEV",different,32,1347,178,failure,200,1449597099,7247985.495
covercrypt,classic,089a548,"SEC::$ && DPT::MKG && CTR::EN","SEC::HIG && DPT::DEV && CTR::EN",same,16,751,178,failure,200,829897926,4149489.630
covercrypt,classic,089a548,"SEC::$ && DPT::MKG && CTR::EN","SEC::HIG && DPT::DEV && CTR::FR",same,16,751,178,failure,200,895962054,4479810.270
covercrypt,classic,089a548,"SEC::$ && DPT::MKG && CTR::EN","SEC::HIG && DPT::DEV && CTR::$",same,32,1347,178,failure,200,1573067812,7865339.060
covercrypt,classic,089a548,"SEC::$ && DPT::MKG && CTR::EN","SEC::HIG && DPT::MKG",different,32,1347,178,failure,200,1625134188,8125670.940
covercrypt,classic,089a548,"SEC::$ && DPT::MKG && CTR::EN","SEC::HIG && DPT::MKG && CTR::EN",same,16,751,178,failure,200,685238018,3426190.090
covercrypt,classic,089a548,"SEC::$ && DPT::MKG && CTR::EN","SEC::HIG && DPT::MKG && CTR::FR",same,16,751,178,failure,200,759656404,3798282.020
covercrypt,classic,089a548,"SEC::$ && DPT::MKG && CTR::EN","SEC::HIG && DPT::MKG && CTR::$",same,32,1347,178,failure,200,1436225177,7181125.885
covercrypt,classic,089a548,"SEC::$ && DPT::MKG && CTR::EN","SEC::HIG && DPT::$",different,64,2547,178,failure,200,2537292432,12686462.160
covercrypt,classic,089a548,"SEC::$ && DPT::MKG && CTR::EN","SEC::HIG && DPT::$ && CTR::EN",same,32,1347,178,failure,200,1395265693,6976328.465
covercrypt,classic,089a548,"SEC::$ && DPT::MKG && CTR::EN","SEC::HIG && DPT::$ && CTR::FR",same,32,1347,178,failure,200,1287382386,6436911.930
covercrypt,classic,089a548,"SEC::$ && DPT::MKG && CTR::EN","SEC::HIG && DPT::$ && CTR::$",same,64,2547,178,failure,200,2384798309,11923991.545
covercrypt,classic,089a548,"SEC::$ && DPT::MKG && CTR::EN","SEC::$",different,80,3147,178,success,200,1492059804,7460299.020
covercrypt,classic,089a548,"SEC::$ && DPT::MKG && CTR::EN","SEC::$ && CTR::EN",different,40,1645,178,success,200,827784018,4138920.090
covercrypt,classic,089a548,"SEC::$ && DPT::MKG && CTR::EN","SEC::$ && CTR::FR",different,40,1645,178,failure,200,1302091494,6510457.470
covercrypt,classic,089a548,"SEC::$ && DPT::MKG && CTR::EN","SEC::$ && CTR::$",different,80,3147,178,success,200,1669310750,8346553.750
covercrypt,classic,089a548,"SEC::$ && DPT::MKG && CTR::EN","SEC::$ && DPT::DEV",different,40,1645,178,failure,200,1499762600,7498813.000
covercrypt,classic,089a548,"SEC::$ && DPT::MKG && CTR::EN","SEC::$ && DPT::DEV && CTR::EN",same,20,899,178,failure,200,670556693,3352783.465
covercrypt,classic,089a548,"SEC::$ && DPT::MKG && CTR::EN","SEC::$ && DPT::DEV && CTR::FR",same,20,899,178,failure,200,683120421,3415602.105
covercrypt,classic,089a548,"SEC::$ && DPT::MKG && CTR::EN","SEC::$ && DPT::DEV && CTR::$",same,40,1645,178,failure,200,1296271312,6481356.560
covercrypt,classic,089a548,"SEC::$ && DPT::MKG && CTR::EN","SEC::$ && DPT::MKG",different,40,1645,178,success,200,695401094,3477005.470
covercrypt,classic,089a548,"SEC::$ && DPT::MKG && CTR::EN","SEC::$ && DPT::MKG && CTR::EN",same,20,899,178,success,200,430927663,2154638.315
covercrypt,classic,089a548,"SEC::$ && DPT::MKG && CTR::EN","SEC::$ && DPT::MKG && CTR::FR",same,20,899,178,failure,200,687317010,3436585.050
covercrypt,classic,089a548,"SEC::$ && DPT::MKG && CTR::EN","SEC::$ && DPT::MKG && CTR::$",same,40,1645,178,success,200,717400402,3587002.010
covercrypt,classic,089a548,"SEC::$ && DPT::MKG && CTR::EN","SEC::$ && DPT::$",different,80,3147,178,success,200,1422813794,7114068.970
covercrypt,classic,089a548,"SEC::$ && DPT::MKG && CTR::EN","SEC::$ && DPT::$ && CTR::EN",same,40,1645,178,success,200,776319418,3881597.090
covercrypt,classic,089a548,"SEC::$ && DPT::MKG && CTR::EN","SEC::$ && DPT::$ && CTR::FR",same,40,1645,178,failure,200,1274506555,6372532.775
covercrypt,classic,089a548,"SEC::$ && DPT::MKG && CTR::EN","SEC::$ && DPT::$ && CTR::$",same,80,3147,178,success,200,1592200287,7961001.435
covercrypt,classic,089a548,"CTR::FR","CTR::EN",different,40,1645,178,failure,200,1425302778,7126513.890
covercrypt,classic,089a548,"CTR::FR","CTR::FR",different,40,1645,178,success,200,817729412,4088647.060
covercrypt,classic,089a548,"CTR::FR","CTR::$",different,80,3147,178,success,200,1438205037,7191025.185
covercrypt,classic,089a548,"CTR::FR","DPT::DEV",different,40,1645,178,success,200,861106289,4305531.445
covercrypt,classic,089a548,"CTR::FR","DPT::DEV && CTR::EN",different,20,899,178,failure,200,804840760,4024203.800
covercrypt,classic,089a548,"CTR::FR","DPT::DEV && CTR::FR",different,20,899,178,success,200,495341387,2476706.935
covercrypt,classic,089a548,"CTR::FR","DPT::DEV && CTR::$",different,40,1645,178,success,200,842180747,4210903.735
covercrypt,classic,089a548,"CTR::FR","DPT::MKG",different,40,1645,178,success,200,839998410,4199992.050
covercrypt,classic,089a548,"CTR::FR","DPT::MKG && CTR::EN",different,20,899,178,failure,200,756448960,3782244.800
covercrypt,classic,089a548,"CTR::FR","DPT::MKG && CTR::FR",different,20,899,178,success,200,490624170,2453120.850
covercrypt,classic,089a548,"CTR::FR","DPT::MKG && CTR::$",different,40,1645,178,success,200,1110311542,5551557.710
covercrypt,classic,089a548,"CTR::FR","DPT::$",different,80,3147,178,success,200,1360883386,6804416.930
covercrypt,classic,089a548,"CTR::FR","DPT::$ && CTR::EN",different,40,1645,178,failure,200,1467647568,7338237.840
covercrypt,classic,089a548,"CTR::FR","DPT::$ && CTR::FR",different,40,1645,178,success,200,829819446,4149097.230
covercrypt,classic,089a548,"CTR::FR","DPT::$ && CTR::$",different,80,3147,178,success,200,1720228028,8601140.140
covercrypt,classic,089a548,"CTR::FR","SEC::LOW",different,32,1347,178,success,200,880106832,4400534.160
covercrypt,classic,089a548,"CTR::FR","SEC::LOW && CTR::EN",different,16,751,178,failure,200,588472959,2942364.795
covercrypt,classic,089a548,"CTR::FR","SEC::LOW && CTR::FR",different,16,751,178,success,200,388796806,1943984.030
covercrypt,classic,089a548,"CTR::FR","SEC::LOW && CTR::$",different,32,1347,178,success,200,702803859,3514019.295
covercrypt,classic,089a548,"CTR::FR","SEC::LOW && DPT::DEV",different,16,751,178,success,200,456742258,2283711.290
covercrypt,classic,089a548,"CTR::FR","SEC::LOW && DPT::DEV && CTR::EN",same,8,455,178,failure,200,340338265,1701691.325
covercrypt,classic,089a548,"CTR::FR","SEC::LOW && DPT::DEV && CTR::FR",same,8,455,178,success,200,255901442,1279507.210
covercrypt,classic,089a548,"CTR::FR","SEC::LOW && DPT::DEV && CTR::$",same,16,751,178,success,200,393656697,1968283.485
covercrypt,classic,089a548,"CTR::FR","SEC::LOW && DPT::MKG",different,16,751,178,success,200,400885786,2004428.930
covercrypt,classic,089a548,"CTR::FR","SEC::LOW && DPT::MKG && CTR::EN",same,8,455,178,failure,200,327702661,1638513.305
covercrypt,classic,089a548,"CTR::FR","SEC::LOW && DPT::MKG && CTR::FR",same,8,455,178,success,200,319197213,1595986.065
covercrypt,classic,089a548,"CTR::FR","SEC::LOW && DPT::MKG && CTR::$",same,16,751,178,success,200,517971262,2589856.310
covercrypt,classic,089a548,"CTR::FR","SEC::LOW && DPT::$",different,32,1347,178,success,200,656896057,3284480.285
covercrypt,classic,089a548,"CTR::FR","SEC::LOW && DPT::$ && CTR::EN",same,16,751,178,failure,200,697414443,3487072.215
covercrypt,classic,089a548,"CTR::FR","SEC::LOW && DPT::$ && CTR::FR",same,16,751,178,success,200,418843777,2094218.885
covercrypt,classic,089a548,"CTR::FR","SEC::LOW && DPT::$ && CTR::$",same,32,1347,178,success,200,752345743,3761728.715
covercrypt,classic,089a548,"CTR::FR","SEC::MED",different,48,1947,178,success,200,938071427,4690357.135
covercrypt,classic,089a548,"CTR::FR","SEC::MED && CTR::EN",different,24,1049,178,failure,200,845746774,4228733.870
covercrypt,classic,089a548,"CTR::FR","SEC::MED && CTR::FR",different,24,1049,178,success,200,550611305,2753056.525
covercrypt,classic,089a548,"CTR::FR","SEC::MED && CTR::$",different,48,1947,178,success,200,1017672141,5088360.705
covercrypt,classic,089a548,"CTR::FR","SEC::MED && DPT::DEV",different,24,1049,178,success,200,529848930,2649244.650
covercrypt,classic,089a548,"CTR::FR","SEC::MED && DPT::DEV && CTR::EN",same,12,603,178,failure,200,471081207,2355406.035
covercrypt,classic,089a548,"CTR::FR","SEC::MED && DPT::DEV && CTR::FR",same,12,603,178,success,200,360494046,1802470.230
covercrypt,classic,089a548,"CTR::FR","SEC::MED && DPT::DEV && CTR::$",same,24,1049,178,success,200,576456398,2882281.990
covercrypt,classic,089a548,"CTR::FR","SEC::MED && DPT::MKG",different,24,1049,178,success,200,572194538,2860972.690
covercrypt,classic,089a548,"CTR::FR","SEC::MED && DPT::MKG && CTR::EN",same,12,603,178,failure,200,532844242,2664221.210
covercrypt,classic,089a548,"CTR::FR","SEC::MED && DPT::MKG && CTR::FR",same,12,603,178,success,200,307659538,1538297.690
covercrypt,classic,089a548,"CTR::FR","SEC::MED && DPT::MKG && CTR::$",same,24,1049,178,success,200,517604439,2588022.195
covercrypt,classic,089a548,"CTR::FR","SEC::MED && DPT::$",different,48,1947,178,success,200,1009878997,5049394.985
covercrypt,classic,089a548,"CTR::FR","SEC::MED && DPT::$ && CTR::EN",same,24,1049,178,failure,200,890751740,4453758.700
covercrypt,classic,089a548,"CTR::FR","SEC::MED && DPT::$ && CTR::FR",same,24,1049,178,success,200,567998872,2839994.360
covercrypt,classic,089a548,"CTR::FR","SEC::MED && DPT::$ && CTR::$",same,48,1947,178,success,200,817490191,4087450.955
covercrypt,classic,089a548,"CTR::FR","SEC::HIG",different,64,2547,178,success,200,1060997947,5304989.735
covercrypt,classic,089a548,"CTR::FR","SEC::HIG && CTR::EN",different,32,1347,178,failure,200,1041925862,5209629.310
covercrypt,classic,089a548,"CTR::FR","SEC::HIG && CTR::FR",different,32,1347,178,success,200,681796845,3408984.225
covercrypt,classic,089a548,"CTR::FR","SEC::HIG && CTR::$",different,64,2547,178,success,200,1250399270,6251996.350
covercrypt,classic,089a548,"CTR::FR","SEC::HIG && DPT::DEV",different,32,1347,178,success,200,652213642,3261068.210
covercrypt,classic,089a548,"CTR::FR","SEC::HIG && DPT::DEV && CTR::EN",same,16,751,178,failure,200,674177730,3370888.650
covercrypt,classic,089a548,"CTR::FR","SEC::HIG && DPT::DEV && CTR::FR",same,16,751,178,success,200,498163196,2490815.980
covercrypt,classic,089a548,"CTR::FR","SEC::HIG && DPT::DEV && CTR::$",same,32,1347,178,success,200,768066504,3840332.520
covercrypt,classic,089a548,"CTR::FR","SEC::HIG && DPT::MKG",different,32,1347,178,success,200,621490863,3107454.315
covercrypt,classic,089a548,"CTR::FR","SEC::HIG && DPT::MKG && CTR::EN",same,16,751,178,failure,200,578478269,2892391.345
covercrypt,classic,089a548,"CTR::FR","SEC::HIG && DPT::MKG && CTR::FR",same,16,751,178,success,200,480222702,2401113.510
covercrypt,classic,089a548,"CTR::FR","SEC::HIG && DPT::MKG && CTR::$",same,32,1347,178,success,200,752862803,3764314.015
covercrypt,classic,089a548,"CTR::FR","SEC::HIG && DPT::$",different,64,2547,178,success,200,1466538567,7332692.835
covercrypt,classic,089a548,"CTR::FR","SEC::HIG && DPT::$ && CTR::EN",same,32,1347,178,failure,200,1114695424,5573477.120
covercrypt,classic,089a548,"CTR::FR","SEC::HIG && DPT::$ && CTR::FR",same,32,1347,178,success,200,644251568,3221257.840
covercrypt,classic,089a548,"CTR::FR","SEC::HIG && DPT::$ && CTR::$",same,64,2547,178,success,200,1074410177,5372050.885
covercrypt,classic,089a548,"CTR::FR","SEC::$",different,80,3147,178,success,200,1499302029,7496510.145
covercrypt,classic,089a548,"CTR::FR","SEC::$ && CTR::EN",different,40,1645,178,failure,200,1531248660,7656243.300
covercrypt,classic,089a548,"CTR::FR","SEC::$ && CTR::FR",different,40,1645,178,success,200,878262009,4391310.045
covercrypt,classic,089a548,"CTR::FR","SEC::$ && CTR::$",different,80,3147,178,success,200,1521279338,7606396.690
covercrypt,classic,089a548,"CTR::FR","SEC::$ && DPT::DEV",different,40,1645,178,success,200,811108272,4055541.360
covercrypt,classic,089a548,"CTR::FR","SEC::$ && DPT::DEV && CTR::EN",same,20,899,178,failure,200,737405901,3687029.505
covercrypt,classic,089a548,"CTR::FR","SEC::$ && DPT::DEV && CTR::FR",same,20,899,178,success,200,461327410,2306637.050
covercrypt,classic,089a548,"CTR::FR","SEC::$ && DPT::DEV && CTR::$",same,40,1645,178,success,200,744924894,3724624.470
covercrypt,classic,089a548,"CTR::FR","SEC::$ && DPT::MKG",different,40,1645,178,success,200,817072596,4085362.980
covercrypt,classic,089a548,"CTR::FR","SEC::$ && DPT::MKG && CTR::EN",same,20,899,178,failure,200,683828629,3419143.145
covercrypt,classic,089a548,"CTR::FR","SEC::$ && DPT::MKG && CTR::FR",same,20,899,178,success,200,446951441,2234757.205
covercrypt,classic,089a548,"CTR::FR","SEC::$ && DPT::MKG && CTR::$",same,40,1645,178,success,200,847423091,4237115.455
covercrypt,classic,089a548,"CTR::FR","SEC::$ && DPT::$",different,80,3147,178,success,200,1415273994,7076369.970
covercrypt,classic,089a548,"CTR::FR","SEC::$ && DPT::$ && CTR::EN",same,40,1645,178,failure,200,1354535672,6772678.360
covercrypt,classic,089a548,"CTR::FR","SEC::$ && DPT::$ && CTR::FR",same,40,1645,178,success,200,693448905,3467244.525
covercrypt,classic,089a548,"CTR::FR","SEC::$ && DPT::$ && CTR::$",same,80,3147,178,success,200,1431834675,7159173.375
covercrypt,classic,089a548,"DPT::MKG && CTR::FR","CTR::EN",different,40,1645,178,failure,200,1307513603,6537568.015
covercrypt,classic,089a548,"DPT::MKG && CTR::FR","CTR::FR",different,40,1645,178,success,200,864738713,4323693.565
covercrypt,classic,089a548,"DPT::MKG && CTR::FR","CTR::$",different,80,3147,178,success,200,1338006814,6690034.070
covercrypt,classic,089a548,"DPT::MKG && CTR::FR","DPT::DEV",different,40,1645,178,failure,200,1433573215,7167866.075
covercrypt,classic,089a548,"DPT::MKG && CTR::FR","DPT::DEV && CTR::EN",different,20,899,178,failure,200,855084513,4275422.565
covercrypt,classic,089a548,"DPT::MKG && CTR::FR","DPT::DEV && CTR::FR",different,20,899,178,failure,200,930791010,4653955.050
covercrypt,classic,089a548,"DPT::MKG && CTR::FR","DPT::DEV && CTR::$",different,40,1645,178,failure,200,1876607009,9383035.045
covercrypt,classic,089a548,"DPT::MKG && CTR::FR","DPT::MKG",different,40,1645,178,success,200,800091402,4000457.010
covercrypt,classic,089a548,"DPT::MKG && CTR::FR","DPT::MKG && CTR::EN",different,20,899,178,failure,200,730843669,3654218.345
covercrypt,classic,089a548,"DPT::MKG && CTR::FR","DPT::MKG && CTR::FR",different,20,899,178,success,200,499780242,2498901.210
covercrypt,classic,089a548,"DPT::MKG && CTR::FR","DPT::MKG && CTR::$",different,40,1645,178,success,200,852464772,4262323.860
covercrypt,classic,089a548,"DPT::MKG && CTR::FR","DPT::$",different,80,3147,178,success,200,1634044333,8170221.665
covercrypt,classic,089a548,"DPT::MKG && CTR::FR","DPT::$ && CTR::EN",different,40,1645,178,failure,200,1363872054,6819360.270
covercrypt,classic,089a548,"DPT::MKG && CTR::FR","DPT::$ && CTR::FR",different,40,1645,178,success,200,852145753,4260728.765
covercrypt,classic,089a548,"DPT::MKG && CTR::FR","DPT::$ && CTR::$",different,80,3147,178,success,200,1590753420,7953767.100
covercrypt,classic,089a548,"DPT::MKG && CTR::FR","SEC::LOW",different,32,1347,178,success,200,742833631,3714168.155
covercrypt,classic,089a548,"DPT::MKG && CTR::FR","SEC::LOW && CTR::EN",different,16,751,178,failure,200,643827284,3219136.420
covercrypt,classic,089a548,"DPT::MKG && CTR::FR","SEC::LOW && CTR::FR",different,16,751,178,success,200,394545701,1972728.505
covercrypt,classic,089a548,"DPT::MKG && CTR::FR","SEC::LOW && CTR::$",different,32,1347,178,success,200,662306943,3311534.715
covercrypt,classic,089a548,"DPT::MKG && CTR::FR","SEC::LOW && DPT::DEV",different,16,751,178,failure,200,616593350,3082966.750
covercrypt,classic,089a548,"DPT::MKG && CTR::FR","SEC::LOW && DPT::DEV && CTR::EN",same,8,455,178,failure,200,376937998,1884689.990
covercrypt,classic,089a548,"DPT::MKG && CTR::FR","SEC::LOW && DPT::DEV && CTR::FR",same,8,455,178,failure,200,346271532,1731357.660
covercrypt,classic,089a548,"DPT::MKG && CTR::FR","SEC::LOW && DPT::DEV && CTR::$",same,16,751,178,failure,200,601402170,3007010.850
covercrypt,classic,089a548,"DPT::MKG && CTR::FR","SEC::LOW && DPT::MKG",different,16,751,178,success,200,378535953,1892679.765
covercrypt,classic,089a548,"DPT::MKG && CTR::FR","SEC::LOW && DPT::MKG && CTR::EN",same,8,455,178,failure,200,365511524,1827557.620
covercrypt,classic,089a548,"DPT::MKG && CTR::FR","SEC::LOW && DPT::MKG && CTR::FR",same,8,455,178,success,200,328746883,1643734.415
covercrypt,classic,089a548,"DPT::MKG && CTR::FR","SEC::LOW && DPT::MKG && CTR::$",same,16,751,178,success,200,408770802,2043854.010
covercrypt,classic,089a548,"DPT::MKG && CTR::FR","SEC::LOW && DPT::$",different,32,1347,178,success,200,621180991,3105904.955
covercrypt,classic,089a548,"DPT::MKG && CTR::FR","SEC::LOW && DPT::$ && CTR::EN",same,16,751,178,failure,200,608551682,3042758.410
covercrypt,classic,089a548,"DPT::MKG && CTR::FR","SEC::LOW && DPT::$ && CTR::FR",same,16,751,178,success,200,418495727,2092478.635
covercrypt,classic,089a548,"DPT::MKG && CTR::FR","SEC::LOW && DPT::$ && CTR::$",same,32,1347,178,success,200,681717004,3408585.020
covercrypt,classic,089a548,"DPT::MKG && CTR::FR","SEC::MED",different,48,1947,178,success,200,924092517,4620462.585
covercrypt,classic,089a548,"DPT::MKG && CTR::FR","SEC::MED && CTR::EN",different,24,1049,178,failure,200,866668194,4333340.970
covercrypt,classic,089a548,"DPT::MKG && CTR::FR","SEC::MED && CTR::FR",different,24,1049,178,success,200,517990800,2589954.000
covercrypt,classic,089a548,"DPT::MKG && CTR::FR","SEC::MED && CTR::$",different,48,1947,178,success,200,917861877,4589309.385
covercrypt,classic,089a548,"DPT::MKG && CTR::FR","SEC::MED && DPT::DEV",different,24,1049,178,failure,200,863998891,4319994.455
covercrypt,classic,089a548,"DPT::MKG && CTR::FR","SEC::MED && DPT::DEV && CTR::EN",same,12,603,178,failure,200,469198872,2345994.360
covercrypt,classic,089a548,"DPT::MKG && CTR::FR","SEC::MED && DPT::DEV && CTR::FR",same,12,603,178,failure,200,456344781,2281723.905
covercrypt,classic,089a548,"DPT::MKG && CTR::FR","SEC::MED && DPT::DEV && CTR::$",same,24,1049,178,failure,200,865680903,4328404.515
covercrypt,classic,089a548,"DPT::MKG && CTR::FR","SEC::MED && DPT::MKG",different,24,1049,178,success,200,630919640,3154598.200
covercrypt,classic,089a548,"DPT::MKG && CTR::FR","SEC::MED && DPT::MKG && CTR::EN",same,12,603,178,failure,200,428812977,2144064.885
covercrypt,classic,089a548,"DPT::MKG && CTR::FR","SEC::MED && DPT::MKG && CTR::FR",same,12,603,178,success,200,322272507,1611362.535
covercrypt,classic,089a548,"DPT::MKG && CTR::FR","SEC::MED && DPT::MKG && CTR::$",same,24,1049,178,success,200,556037596,2780187.980
covercrypt,classic,089a548,"DPT::MKG && CTR::FR","SEC::MED && DPT::$",different,48,1947,178,success,200,953595809,4767979.045
covercrypt,classic,089a548,"DPT::MKG && CTR::FR","SEC::MED && DPT::$ && CTR::EN",same,24,1049,178,failure,200,851832327,4259161.635
covercrypt,classic,089a548,"DPT::MKG && CTR::FR","SEC::MED && DPT::$ && CTR::FR",same,24,1049,178,success,200,614579850,3072899.250
covercrypt,classic,089a548,"DPT::MKG && CTR::FR","SEC::MED && DPT::$ && CTR::$",same,48,1947,178,success,200,829992124,4149960.620
covercrypt,classic,089a548,"DPT::MKG && CTR::FR","SEC::HIG",different,64,2547,178,success,200,1335658239,6678291.195
covercrypt,classic,089a548,"DPT::MKG && CTR::FR","SEC::HIG && CTR::EN",different,32,1347,178,failure,200,1163330137,5816650.685
covercrypt,classic,089a548,"DPT::MKG && CTR::FR","SEC::HIG && CTR::FR",different,32,1347,178,success,200,585124175,2925620.875
covercrypt,classic,089a548,"DPT::MKG && CTR::FR","SEC::HIG && CTR::$",different,64,2547,178,success,200,1440772806,7203864.030
covercrypt,classic,089a548,"DPT::MKG && CTR::FR","SEC::HIG && DPT::DEV",different,32,1347,178,failure,200,1105196436,5525982.180
covercrypt,classic,089a548,"DPT::MKG && CTR::FR","SEC::HIG && DPT::DEV && CTR::EN",same,16,751,178,failure,200,666351745,3331758.725
covercrypt,classic,089a548,"DPT::MKG && CTR::FR","SEC::HIG && DPT::DEV && CTR::FR",same,16,751,178,failure,200,606269606,3031348.030
covercrypt,classic,089a548,"DPT::MKG && CTR::FR","SEC::HIG && DPT::DEV && CTR::$",same,32,1347,178,failure,200,1215931542,6079657.710
covercrypt,classic,089a548,"DPT::MKG && CTR::FR","SEC::HIG && DPT::MKG",different,32,1347,178,success,200,691083059,3455415.295
covercrypt,classic,089a548,"DPT::MKG && CTR::FR","SEC::HIG && DPT::MKG && CTR::EN",same,16,751,178,failure,200,589524764,2947623.820
covercrypt,classic,089a548,"DPT::MKG && CTR::FR","SEC::HIG && DPT::MKG && CTR::FR",same,16,751,178,success,200,433058630,2165293.150
covercrypt,classic,089a548,"DPT::MKG && CTR::FR","SEC::HIG && DPT::MKG && CTR::$",same,32,1347,178,success,200,689979807,3449899.035
covercrypt,classic,089a548,"DPT::MKG && CTR::FR","SEC::HIG && DPT::$",different,64,2547,178,success,200,1433515100,7167575.500
covercrypt,classic,089a548,"DPT::MKG && CTR::FR","SEC::HIG && DPT::$ && CTR::EN",same,32,1347,178,failure,200,1236350955,6181754.775
covercrypt,classic,089a548,"DPT::MKG && CTR::FR","SEC::HIG && DPT::$ && CTR::FR",same,32,1347,178,success,200,719752676,3598763.380
covercrypt,classic,089a548,"DPT::MKG && CTR::FR","SEC::HIG && DPT::$ && CTR::$",same,64,2547,178,success,200,1503165149,7515825.745
covercrypt,classic,089a548,"DPT::MKG && CTR::FR","SEC::$",different,80,3147,178,success,200,1783294370,8916471.850
covercrypt,classic,089a548,"DPT::MKG && CTR::FR","SEC::$ && CTR::EN",different,40,1645,178,failure,200,1612506425,8062532.125
covercrypt,classic,089a548,"DPT::MKG && CTR::FR","SEC::$ && CTR::FR",different,40,1645,178,success,200,896675715,4483378.575
covercrypt,classic,089a548,"DPT::MKG && CTR::FR","SEC::$ && CTR::$",different,80,3147,178,success,200,2002357719,10011788.595
covercrypt,classic,089a548,"DPT::MKG && CTR::FR","SEC::$ && DPT::DEV",different,40,1645,178,failure,200,1562278280,7811391.400
covercrypt,classic,089a548,"DPT::MKG && CTR::FR","SEC::$ && DPT::DEV && CTR::EN",same,20,899,178,failure,200,796341361,3981706.805
covercrypt,classic,089a548,"DPT::MKG && CTR::FR","SEC::$ && DPT::DEV && CTR::FR",same,20,899,178,failure,200,854183323,4270916.615
covercrypt,classic,089a548,"DPT::MKG && CTR::FR","SEC::$ && DPT::DEV && CTR::$",same,40,1645,178,failure,200,1763347577,8816737.885
covercrypt,classic,089a548,"DPT::MKG && CTR::FR","SEC::$ && DPT::MKG",different,40,1645,178,success,200,1011982579,5059912.895
covercrypt,classic,089a548,"DPT::MKG && CTR::FR","SEC::$ && DPT::MKG && CTR::EN",same,20,899,178,failure,200,898503297,4492516.485
covercrypt,classic,089a548,"DPT::MKG && CTR::FR","SEC::$ && DPT::MKG && CTR::FR",same,20,899,178,success,200,646674650,3233373.250
covercrypt,classic,089a548,"DPT::MKG && CTR::FR","SEC::$ && DPT::MKG && CTR::$",same,40,1645,178,success,200,869475175,4347375.875
covercrypt,classic,089a548,"DPT::MKG && CTR::FR","SEC::$ && DPT::$",different,80,3147,178,success,200,1762964034,8814820.170
covercrypt,classic,089a548,"DPT::MKG && CTR::FR","SEC::$ && DPT::$ && CTR::EN",same,40,1645,178,failure,200,1600731181,8003655.905
covercrypt,classic,089a548,"DPT::MKG && CTR::FR","SEC::$ && DPT::$ && CTR::FR",same,40,1645,178,success,200,792765365,3963826.825
covercrypt,classic,089a548,"DPT::MKG && CTR::FR","SEC::$ && DPT::$ && CTR::$",same,80,3147,178,success,200,1503810700,7519053.500
covercrypt,classic,089a548,"SEC::LOW && CTR::FR","CTR::EN",different,40,1645,178,failure,200,1624998891,8124994.455
covercrypt,classic,089a548,"SEC::LOW && CTR::FR","CTR::FR",different,40,1645,178,success,200,881436671,4407183.355
covercrypt,classic,089a548,"SEC::LOW && CTR::FR","CTR::$",different,80,3147,178,success,200,1927681865,9638409.325
covercrypt,classic,089a548,"SEC::LOW && CTR::FR","DPT::DEV",different,40,1645,178,success,200,1170986566,5854932.830
covercrypt,classic,089a548,"SEC::LOW && CTR::FR","DPT::DEV && CTR::EN",different,20,899,178,failure,200,1003069124,5015345.620
covercrypt,classic,089a548,"SEC::LOW && CTR::FR","DPT::DEV && CTR::FR",different,20,899,178,success,200,713260036,3566300.180
covercrypt,classic,089a548,"SEC::LOW && CTR::FR","DPT::DEV && CTR::$",different,40,1645,178,success,200,881594163,4407970.815
covercrypt,classic,089a548,"SEC::LOW && CTR::FR","DPT::MKG",different,40,1645,178,success,200,890468619,4452343.095
covercrypt,classic,089a548,"SEC::LOW && CTR::FR","DPT::MKG && CTR::EN",different,20,899,178,failure,200,926118322,4630591.610
covercrypt,classic,089a548,"SEC::LOW && CTR::FR","DPT::MKG && CTR::FR",different,20,899,178,success,200,767878142,3839390.710
covercrypt,classic,089a548,"SEC::LOW && CTR::FR","DPT::MKG && CTR::$",different,40,1645,178,success,200,987772606,4938863.030
covercrypt,classic,089a548,"SEC::LOW && CTR::FR","DPT::$",different,80,3147,178,success,200,1986604197,9933020.985
covercrypt,classic,089a548,"SEC::LOW && CTR::FR","DPT::$ && CTR::EN",different,40,1645,178,failure,200,2066570890,10332854.450
covercrypt,classic,089a548,"SEC::LOW && CTR::FR","DPT::$ && CTR::FR",different,40,1645,178,success,200,1310466887,6552334.435
covercrypt,classic,089a548,"SEC::LOW && CTR::FR","DPT::$ && CTR::$",different,80,3147,178,success,200,2099133438,10495667.190
covercrypt,classic,089a548,"SEC::LOW && CTR::FR","SEC::LOW",different,32,1347,178,success,200,1171835270,5859176.350
covercrypt,classic,089a548,"SEC::LOW && CTR::FR","SEC::LOW && CTR::EN",different,16,751,178,failure,200,794893818,3974469.090
covercrypt,classic,089a548,"SEC::LOW && CTR::FR","SEC::LOW && CTR::FR",different,16,751,178,success,200,502618753,2513093.765
covercrypt,classic,089a548,"SEC::LOW && CTR::FR","SEC::LOW && CTR::$",different,32,1347,178,success,200,864662377,4323311.885
covercrypt,classic,089a548,"SEC::LOW && CTR::FR","SEC::LOW && DPT::DEV",different,16,751,178,success,200,485582537,2427912.685
covercrypt,classic,089a548,"SEC::LOW && CTR::FR","SEC::LOW && DPT::DEV && CTR::EN",same,8,455,178,failure,200,390703275,1953516.375
covercrypt,classic,089a548,"SEC::LOW && CTR::FR","SEC::LOW && DPT::DEV && CTR::FR",same,8,455,178,success,200,301863261,1509316.305
covercrypt,classic,089a548,"SEC::LOW && CTR::FR","SEC::LOW && DPT::DEV && CTR::$",same,16,751,178,success,200,516421362,2582106.810
covercrypt,classic,089a548,"SEC::LOW && CTR::FR","SEC::LOW && DPT::MKG",different,16,751,178,success,200,528282946,2641414.730
covercrypt,classic,089a548,"SEC::LOW && CTR::FR","SEC::LOW && DPT::MKG && CTR::EN",same,8,455,178,failure,200,376245761,1881228.805
covercrypt,classic,089a548,"SEC::LOW && CTR::FR","SEC::LOW && DPT::MKG && CTR::FR",same,8,455,178,success,200,349790505,1748952.525
covercrypt,classic,089a548,"SEC::LOW && CTR::FR","SEC::LOW && DPT::MKG && CTR::$",same,16,751,178,success,200,441520924,2207604.620
covercrypt,classic,089a548,"SEC::LOW && CTR::FR","SEC::LOW && DPT::$",different,32,1347,178,success,200,782895561,3914477.805
covercrypt,classic,089a548,"SEC::LOW && CTR::FR","SEC::LOW && DPT::$ && CTR::EN",same,16,751,178,failure,200,701753661,3508768.305
covercrypt,classic,089a548,"SEC::LOW && CTR::FR","SEC::LOW && DPT::$ && CTR::FR",same,16,751,178,success,200,389024121,1945120.605
covercrypt,classic,089a548,"SEC::LOW && CTR::FR","SEC::LOW && DPT::$ && CTR::$",same,32,1347,178,success,200,875119943,4375599.715
covercrypt,classic,089a548,"SEC::LOW && CTR::FR","SEC::MED",different,48,1947,178,success,200,1218542791,6092713.955
covercrypt,classic,089a548,"SEC::LOW && CTR::FR","SEC::MED && CTR::EN",different,24,1049,178,failure,200,1054618738,5273093.690
covercrypt,classic,089a548,"SEC::LOW && CTR::FR","SEC::MED && CTR::FR",different,24,1049,178,success,200,721070755,3605353.775
covercrypt,classic,089a548,"SEC::LOW && CTR::FR","SEC::MED && CTR::$",different,48,1947,178,success,200,1318204096,6591020.480
covercrypt,classic,089a548,"SEC::LOW && CTR::FR","SEC::MED && DPT::DEV",different,24,1049,178,success,200,663229168,3316145.840
covercrypt,classic,089a548,"SEC::LOW && CTR::FR","SEC::MED && DPT::DEV && CTR::EN",same,12,603,178,failure,200,572864327,2864321.635
covercrypt,classic,089a548,"SEC::LOW && CTR::FR","SEC::MED && DPT::DEV && CTR::FR",same,12,603,178,success,200,413712696,2068563.480
covercrypt,classic,089a548,"SEC::LOW && CTR::FR","SEC::MED && DPT::DEV && CTR::$",same,24,1049,178,success,200,671067450,3355337.250
covercrypt,classic,089a548,"SEC::LOW && CTR::FR","SEC::MED && DPT::MKG",different,24,1049,178,success,200,591998718,2959993.590
covercrypt,classic,089a548,"SEC::LOW && CTR::FR","SEC::MED && DPT::MKG && CTR::EN",same,12,603,178,failure,200,524611149,2623055.745
covercrypt,classic,089a548,"SEC::LOW && CTR::FR","SEC::MED && DPT::MKG && CTR::FR",same,12,603,178,success,200,393720181,1968600.905
covercrypt,classic,089a548,"SEC::LOW && CTR::FR","SEC::MED && DPT::MKG && CTR::$",same,24,1049,178,success,200,579888043,2899440.215
covercrypt,classic,089a548,"SEC::LOW && CTR::FR","SEC::MED && DPT::$",different,48,1947,178,success,200,1003153363,5015766.815
covercrypt,classic,089a548,"SEC::LOW && CTR::FR","SEC::MED && DPT::$ && CTR::EN",same,24,1049,178,failure,200,899908654,4499543.270
covercrypt,classic,089a548,"SEC::LOW && CTR::FR","SEC::MED && DPT::$ && CTR::FR",same,24,1049,178,success,200,597963493,2989817.465
covercrypt,classic,089a548,"SEC::LOW && CTR::FR","SEC::MED && DPT::$ && CTR::$",same,48,1947,178,success,200,1193801328,5969006.640
covercrypt,classic,089a548,"SEC::LOW && CTR::FR","SEC::HIG",different,64,2547,178,success,200,1097284794,5486423.970
covercrypt,classic,089a548,"SEC::LOW && CTR::FR","SEC::HIG && CTR::EN",different,32,1347,178,failure,200,1164471730,5822358.650
covercrypt,classic,089a548,"SEC::LOW && CTR::FR","SEC::HIG && CTR::FR",different,32,1347,178,success,200,718735557,3593677.785
covercrypt,classic,089a548,"SEC::LOW && CTR::FR","SEC::HIG && CTR::$",different,64,2547,178,success,200,1649593732,8247968.660
covercrypt,classic,089a548,"SEC::LOW && CTR::FR","SEC::HIG && DPT::DEV",different,32,1347,178,success,200,825888659,4129443.295
covercrypt,classic,089a548,"SEC::LOW && CTR::FR","SEC::HIG && DPT::DEV && CTR::EN",same,16,751,178,failure,200,740582252,3702911.260
covercrypt,classic,089a548,"SEC::LOW && CTR::FR","SEC::HIG && DPT::DEV && CTR::FR",same,16,751,178,success,200,379200082,1896000.410
covercrypt,classic,089a548,"SEC::LOW && CTR::FR","SEC::HIG && DPT::DEV && CTR::$",same,32,1347,178,success,200,785045372,3925226.860
covercrypt,classic,089a548,"SEC::LOW && CTR::FR","SEC::HIG && DPT::MKG",different,32,1347,178,success,200,798747484,3993737.420
covercrypt,classic,089a548,"SEC::LOW && CTR::FR","SEC::HIG && DPT::MKG && CTR::EN",same,16,751,178,failure,200,675977819,3379889.095
covercrypt,classic,089a548,"SEC::LOW && CTR::FR","SEC::HIG && DPT::MKG && CTR::FR",same,16,751,178,success,200,444190579,2220952.895
covercrypt,classic,089a548,"SEC::LOW && CTR::FR","SEC::HIG && DPT::MKG && CTR::$",same,32,1347,178,success,200,685893950,3429469.750
covercrypt,classic,089a548,"SEC::LOW && CTR::FR","SEC::HIG && DPT::$",different,64,2547,178,success,200,1386316732,6931583.660
covercrypt,classic,089a548,"SEC::LOW && CTR::FR","SEC::HIG && DPT::$ && CTR::EN",same,32,1347,178,failure,200,1241985110,6209925.550
covercrypt,classic,089a548,"SEC::LOW && CTR::FR","SEC::HIG && DPT::$ && CTR::FR",same,32,1347,178,success,200,893415051,4467075.255
covercrypt,classic,089a548,"SEC::LOW && CTR::FR","SEC::HIG && DPT::$ && CTR::$",same,64,2547,178,success,200,1550928339,7754641.695
covercrypt,classic,089a548,"SEC::LOW && CTR::FR","SEC::$",different,80,3147,178,success,200,1977089520,9885447.600
covercrypt,classic,089a548,"SEC::LOW && CTR::FR","SEC::$ && CTR::EN",different,40,1645,178,failure,200,1910859337,9554296.685
covercrypt,classic,089a548,"SEC::LOW && CTR::FR","SEC::$ && CTR::FR",different,40,1645,178,success,200,842985054,4214925.270
covercrypt,classic,089a548,"SEC::LOW && CTR::FR","SEC::$ && CTR::$",different,80,3147,178,success,200,1745824648,8729123.240
covercrypt,classic,089a548,"SEC::LOW && CTR::FR","SEC::$ && DPT::DEV",different,40,1645,178,success,200,857288708,4286443.540
covercrypt,classic,089a548,"SEC::LOW && CTR::FR","SEC::$ && DPT::DEV && CTR::EN",same,20,899,178,failure,200,1047679822,5238399.110
covercrypt,classic,089a548,"SEC::LOW && CTR::FR","SEC::$ && DPT::DEV && CTR::FR",same,20,899,178,success,200,654766495,3273832.475
covercrypt,classic,089a548,"SEC::LOW && CTR::FR","SEC::$ && DPT::DEV && CTR::$",same,40,1645,178,success,200,1004051066,5020255.330
covercrypt,classic,089a548,"SEC::LOW && CTR::FR","SEC::$ && DPT::MKG",different,40,1645,178,success,200,1154813169,5774065.845
covercrypt,classic,089a548,"SEC::LOW && CTR::FR","SEC::$ && DPT::MKG && CTR::EN",same,20,899,178,failure,200,914015157,4570075.785
covercrypt,classic,089a548,"SEC::LOW && CTR::FR","SEC::$ && DPT::MKG && CTR::FR",same,20,899,178,success,200,546804379,2734021.895
covercrypt,classic,089a548,"SEC::LOW && CTR::FR","SEC::$ && DPT::MKG && CTR::$",same,40,1645,178,success,200,1051151856,5255759.280
covercrypt,classic,089a548,"SEC::LOW && CTR::FR","SEC::$ && DPT::$",different,80,3147,178,success,200,1773890693,8869453.465
covercrypt,classic,089a548,"SEC::LOW && CTR::FR","SEC::$ && DPT::$ && CTR::EN",same,40,1645,178,failure,200,1967072773,9835363.865
covercrypt,classic,089a548,"SEC::LOW && CTR::FR","SEC::$ && DPT::$ && CTR::FR",same,40,1645,178,success,200,1005778579,5028892.895
covercrypt,classic,089a548,"SEC::LOW && CTR::FR","SEC::$ && DPT::$ && CTR::$",same,80,3147,178,success,200,1798339423,8991697.115
covercrypt,classic,089a548,"SEC::LOW && DPT::MKG && CTR::FR","CTR::EN",different,40,1645,178,failure,200,1766310891,8831554.455
covercrypt,classic,089a548,"SEC::LOW && DPT::MKG && CTR::FR","CTR::FR",different,40,1645,178,success,200,957057309,4785286.545
covercrypt,classic,089a548,"SEC::LOW && DPT::MKG && CTR::FR","CTR::$",different,80,3147,178,success,200,1867100756,9335503.780
covercrypt,classic,089a548,"SEC::LOW && DPT::MKG && CTR::FR","DPT::DEV",different,40,1645,178,failure,200,1821986608,9109933.040
covercrypt,classic,089a548,"SEC::LOW && DPT::MKG && CTR::FR","DPT::DEV && CTR::EN",different,20,899,178,failure,200,970240484,4851202.420
covercrypt,classic,089a548,"SEC::LOW && DPT::MKG && CTR::FR","DPT::DEV && CTR::FR",different,20,899,178,failure,200,916954574,4584772.870
covercrypt,classic,089a548,"SEC::LOW && DPT::MKG && CTR::FR","DPT::DEV && CTR::$",different,40,1645,178,failure,200,1545840724,7729203.620
covercrypt,classic,089a548,"SEC::LOW && DPT::MKG && CTR::FR","DPT::MKG",different,40,1645,178,success,200,1011582394,5057911.970
covercrypt,classic,089a548,"SEC::LOW && DPT::MKG && CTR::FR","DPT::MKG && CTR::EN",different,20,899,178,failure,200,963782526,4818912.630
covercrypt,classic,089a548,"SEC::LOW && DPT::MKG && CTR::FR","DPT::MKG && CTR::FR",different,20,899,178,success,200,556862783,2784313.915
covercrypt,classic,089a548,"SEC::LOW && DPT::MKG && CTR::FR","DPT::MKG && CTR::$",different,40,1645,178,success,200,854743561,4273717.805
covercrypt,classic,089a548,"SEC::LOW && DPT::MKG && CTR::FR","DPT::$",different,80,3147,178,success,200,1851637934,9258189.670
covercrypt,classic,089a548,"SEC::LOW && DPT::MKG && CTR::FR","DPT::$ && CTR::EN",different,40,1645,178,failure,200,1951074347,9755371.735
covercrypt,classic,089a548,"SEC::LOW && DPT::MKG && CTR::FR","DPT::$ && CTR::FR",different,40,1645,178,success,200,1013773991,5068869.955
covercrypt,classic,089a548,"SEC::LOW && DPT::MKG && CTR::FR","DPT::$ && CTR::$",different,80,3147,178,success,200,1854991481,9274957.405
covercrypt,classic,089a548,"SEC::LOW && DPT::MKG && CTR::FR","SEC::LOW",different,32,1347,178,success,200,931806018,4659030.090
covercrypt,classic,089a548,"SEC::LOW && DPT::MKG && CTR::FR","SEC::LOW && CTR::EN",different,16,751,178,failure,200,802750213,4013751.065
covercrypt,classic,089a548,"SEC::LOW && DPT::MKG && CTR::FR","SEC::LOW && CTR::FR",different,16,751,178,success,200,442966949,2214834.745
covercrypt,classic,089a548,"SEC::LOW && DPT::MKG && CTR::FR","SEC::LOW && CTR::$",different,32,1347,178,success,200,902593666,4512968.330
covercrypt,classic,089a548,"SEC::LOW && DPT::MKG && CTR::FR","SEC::LOW && DPT::DEV",different,16,751,178,failure,200,681859052,3409295.260
covercrypt,classic,089a548,"SEC::LOW && DPT::MKG && CTR::FR","SEC::LOW && DPT::DEV && CTR::EN",same,8,455,178,failure,200,380414061,1902070.305
covercrypt,classic,089a548,"SEC::LOW && DPT::MKG && CTR::FR","SEC::LOW && DPT::DEV && CTR::FR",same,8,455,178,failure,200,499918645,2499593.225
covercrypt,classic,089a548,"SEC::LOW && DPT::MKG && CTR::FR","SEC::LOW && DPT::DEV && CTR::$",same,16,751,178,failure,200,872527754,4362638.770
covercrypt,classic,089a548,"SEC::LOW && DPT::MKG && CTR::FR","SEC::LOW && DPT::MKG",different,16,751,178,success,200,676801893,3384009.465
covercrypt,classic,089a548,"SEC::LOW && DPT::MKG && CTR::FR","SEC::LOW && DPT::MKG && CTR::EN",same,8,455,178,failure,200,664325727,3321628.635
covercrypt,classic,089a548,"SEC::LOW && DPT::MKG && CTR::FR","SEC::LOW && DPT::MKG && CTR::FR",same,8,455,178,success,200,455336954,2276684.770
covercrypt,classic,089a548,"SEC::LOW && DPT::MKG && CTR::FR","SEC::LOW && DPT::MKG && CTR::$",same,16,751,178,success,200,566199066,2830995.330
covercrypt,classic,089a548,"SEC::LOW && DPT::MKG && CTR::FR","SEC::LOW && DPT::$",different,32,1347,178,success,200,864644307,4323221.535
covercrypt,classic,089a548,"SEC::LOW && DPT::MKG && CTR::FR","SEC::LOW && DPT::$ && CTR::EN",same,16,751,178,failure,200,700573924,3502869.620
covercrypt,classic,089a548,"SEC::LOW && DPT::MKG && CTR::FR","SEC::LOW && DPT::$ && CTR::FR",same,16,751,178,success,200,508704850,2543524.250
covercrypt,classic,089a548,"SEC::LOW && DPT::MKG && CTR::FR","SEC::LOW && DPT::$ && CTR::$",same,32,1347,178,success,200,812478765,4062393.825
covercrypt,classic,089a548,"SEC::LOW && DPT::MKG && CTR::FR","SEC::MED",different,48,1947,178,success,200,1120976629,5604883.145
covercrypt,classic,089a548,"SEC::LOW && DPT::MKG && CTR::FR","SEC::MED && CTR::EN",different,24,1049,178,failure,200,1065025418,5325127.090
covercrypt,classic,089a548,"SEC::LOW && DPT::MKG && CTR::FR","SEC::MED && CTR::FR",different,24,1049,178,success,200,816065552,4080327.760
covercrypt,classic,089a548,"SEC::LOW && DPT::MKG && CTR::FR","SEC::MED && CTR::$",different,48,1947,178,success,200,1067489211,5337446.055
covercrypt,classic,089a548,"SEC::LOW && DPT::MKG && CTR::FR","SEC::MED && DPT::DEV",different,24,1049,178,failure,200,1039887257,5199436.285
covercrypt,classic,089a548,"SEC::LOW && DPT::MKG && CTR::FR","SEC::MED && DPT::DEV && CTR::EN",same,12,603,178,failure,200,531238438,2656192.190
covercrypt,classic,089a548,"SEC::LOW && DPT::MKG && CTR::FR","SEC::MED && DPT::DEV && CTR::FR",same,12,603,178,failure,200,566836368,2834181.840
covercrypt,classic,089a548,"SEC::LOW && DPT::MKG && CTR::FR","SEC::MED && DPT::DEV && CTR::$",same,24,1049,178,failure,200,1089833925,5449169.625
covercrypt,classic,089a548,"SEC::LOW && DPT::MKG && CTR::FR","SEC::MED && DPT::MKG",different,24,1049,178,success,200,638259842,3191299.210
covercrypt,classic,089a548,"SEC::LOW && DPT::MKG && CTR::FR","SEC::MED && DPT::MKG && CTR::EN",same,12,603,178,failure,200,522662782,2613313.910
covercrypt,classic,089a548,"SEC::LOW && DPT::MKG && CTR::FR","SEC::MED && DPT::MKG && CTR::FR",same,12,603,178,success,200,390000135,1950000.675
covercrypt,classic,089a548,"SEC::LOW && DPT::MKG && CTR::FR","SEC::MED && DPT::MKG && CTR::$",same,24,1049,178,success,200,788117084,3940585.420
covercrypt,classic,089a548,"SEC::LOW && DPT::MKG && CTR::FR","SEC::MED && DPT::$",different,48,1947,178,success,200,1193360439,5966802.195
covercrypt,classic,089a548,"SEC::LOW && DPT::MKG && CTR::FR","SEC::MED && DPT::$ && CTR::EN",same,24,1049,178,failure,200,1176369758,5881848.790
covercrypt,classic,089a548,"SEC::LOW && DPT::MKG && CTR::FR","SEC::MED && DPT::$ && CTR::FR",same,24,1049,178,success,200,703961636,3519808.180
covercrypt,classic,089a548,"SEC::LOW && DPT::MKG && CTR::FR","SEC::MED && DPT::$ && CTR::$",same,48,1947,178,success,200,1171413725,5857068.625
covercrypt,classic,089a548,"SEC::LOW && DPT::MKG && CTR::FR","SEC::HIG",different,64,2547,178,success,200,1259414910,6297074.550
covercrypt,classic,089a548,"SEC::LOW && DPT::MKG && CTR::FR","SEC::HIG && CTR::EN",different,32,1347,178,failure,200,1368215941,6841079.705
covercrypt,classic,089a548,"SEC::LOW && DPT::MKG && CTR::FR","SEC::HIG && CTR::FR",different,32,1347,178,success,200,744620066,3723100.330
covercrypt,classic,089a548,"SEC::LOW && DPT::MKG && CTR::FR","SEC::HIG && CTR::$",different,64,2547,178,success,200,1340088457,6700442.285
covercrypt,classic,089a548,"SEC::LOW && DPT::MKG && CTR::FR","SEC::HIG && DPT::DEV",different,32,1347,178,failure,200,1298430549,6492152.745
covercrypt,classic,089a548,"SEC::LOW && DPT::MKG && CTR::FR","SEC::HIG && DPT::DEV && CTR::EN",same,16,751,178,failure,200,724037213,3620186.065
covercrypt,classic,089a548,"SEC::LOW && DPT::MKG && CTR::FR","SEC::HIG && DPT::DEV && CTR::FR",same,16,751,178,failure,200,742257777,3711288.885
covercrypt,classic,089a548,"SEC::LOW && DPT::MKG && CTR::FR","SEC::HIG && DPT::DEV && CTR::$",same,32,1347,178,failure,200,1539491998,7697459.990
covercrypt,classic,089a548,"SEC::LOW && DPT::MKG && CTR::FR","SEC::HIG && DPT::MKG",different,32,1347,178,success,200,831554762,4157773.810
covercrypt,classic,089a548,"SEC::LOW && DPT::MKG && CTR::FR","SEC::HIG && DPT::MKG && CTR::EN",same,16,751,178,failure,200,708561379,3542806.895
covercrypt,classic,089a548,"SEC::LOW && DPT::MKG && CTR::FR","SEC::HIG && DPT::MKG && CTR::FR",same,16,751,178,success,200,531799506,2658997.530
covercrypt,classic,089a548,"SEC::LOW && DPT::MKG && CTR::FR","SEC::HIG && DPT::MKG && CTR::$",same,32,1347,178,success,200,922420069,4612100.345
covercrypt,classic,089a548,"SEC::LOW && DPT::MKG && CTR::FR","SEC::HIG && DPT::$",different,64,2547,178,success,200,1370518726,6852593.630
covercrypt,classic,089a548,"SEC::LOW && DPT::MKG && CTR::FR","SEC::HIG && DPT::$ && CTR::EN",same,32,1347,178,failure,200,1415642538,7078212.690
covercrypt,classic,089a548,"SEC::LOW && DPT::MKG && CTR::FR","SEC::HIG && DPT::$ && CTR::FR",same,32,1347,178,success,200,866167509,4330837.545
covercrypt,classic,089a548,"SEC::LOW && DPT::MKG && CTR::FR","SEC::HIG && DPT::$ && CTR::$",same,64,2547,178,success,200,1369558243,6847791.215
covercrypt,classic,089a548,"SEC::LOW && DPT::MKG && CTR::FR","SEC::$",different,80,3147,178,success,200,1893789449,9468947.245
covercrypt,classic,089a548,"SEC::LOW && DPT::MKG && CTR::FR","SEC::$ && CTR::EN",different,40,1645,178,failure,200,1739336326,8696681.630
covercrypt,classic,089a548,"SEC::LOW && DPT::MKG && CTR::FR","SEC::$ && CTR::FR",different,40,1645,178,success,200,996781650,4983908.250
covercrypt,classic,089a548,"SEC::LOW && DPT::MKG && CTR::FR","SEC::$ && CTR::$",different,80,3147,178,success,200,2095480529,10477402.645
covercrypt,classic,089a548,"SEC::LOW && DPT::MKG && CTR::FR","SEC::$ && DPT::DEV",different,40,1645,178,failure,200,1675818118,8379090.590
covercrypt,classic,089a548,"SEC::LOW && DPT::MKG && CTR::FR","SEC::$ && DPT::DEV && CTR::EN",same,20,899,178,failure,200,974458628,4872293.140
covercrypt,classic,089a548,"SEC::LOW && DPT::MKG && CTR::FR","SEC::$ && DPT::DEV && CTR::FR",same,20,899,178,failure,200,901960137,4509800.685
covercrypt,classic,089a548,"SEC::LOW && DPT::MKG && CTR::FR","SEC::$ && DPT::DEV && CTR::$",same,40,1645,178,failure,200,1760963675,8804818.375
covercrypt,classic,089a548,"SEC::LOW && DPT::MKG && CTR::FR","SEC::$ && DPT::MKG",different,40,1645,178,success,200,922073763,4610368.815
covercrypt,classic,089a548,"SEC::LOW && DPT::MKG && CTR::FR","SEC::$ && DPT::MKG && CTR::EN",same,20,899,178,failure,200,884245923,4421229.615
covercrypt,classic,089a548,"SEC::LOW && DPT::MKG && CTR::FR","SEC::$ && DPT::MKG && CTR::FR",same,20,899,178,success,200,542585598,2712927.990
covercrypt,classic,089a548,"SEC::LOW && DPT::MKG && CTR::FR","SEC::$ && DPT::MKG && CTR::$",same,40,1645,178,success,200,1019940115,5099700.575
covercrypt,classic,089a548,"SEC::LOW && DPT::MKG && CTR::FR","SEC::$ && DPT::$",different,80,3147,178,success,200,1788610986,8943054.930
covercrypt,classic,089a548,"SEC::LOW && DPT::MKG && CTR::FR","SEC::$ && DPT::$ && CTR::EN",same,40,1645,178,failure,200,1738894231,8694471.155
covercrypt,classic,089a548,"SEC::LOW && DPT::MKG && CTR::FR","SEC::$ && DPT::$ && CTR::FR",same,40,1645,178,success,200,1075749869,5378749.345
covercrypt,classic,089a548,"SEC::LOW && DPT::MKG && CTR::FR","SEC::$ && DPT::$ && CTR::$",same,80,3147,178,success,200,2186150453,10930752.265
covercrypt,classic,089a548,"SEC::MED && CTR::FR","CTR::EN",different,40,1645,178,failure,200,1583904421,7919522.105
covercrypt,classic,089a548,"SEC::MED && CTR::FR","CTR::FR",different,40,1645,178,success,200,1031029120,5155145.600
covercrypt,classic,089a548,"SEC::MED && CTR::FR","CTR::$",different,80,3147,178,success,200,1838748586,9193742.930
covercrypt,classic,089a548,"SEC::MED && CTR::FR","DPT::DEV",different,40,1645,178,success,200,866372721,4331863.605
covercrypt,classic,089a548,"SEC::MED && CTR::FR","DPT::DEV && CTR::EN",different,20,899,178,failure,200,855348834,4276744.170
covercrypt,classic,089a548,"SEC::MED && CTR::FR","DPT::DEV && CTR::FR",different,20,899,178,success,200,561063190,2805315.950
covercrypt,classic,089a548,"SEC::MED && CTR::FR","DPT::DEV && CTR::$",different,40,1645,178,success,200,1035981751,5179908.755
covercrypt,classic,089a548,"SEC::MED && CTR::FR","DPT::MKG",different,40,1645,178,success,200,941761366,4708806.830
covercrypt,classic,089a548,"SEC::MED && CTR::FR","DPT::MKG && CTR::EN",different,20,899,178,failure,200,904421731,4522108.655
covercrypt,classic,089a548,"SEC::MED && CTR::FR","DPT::MKG && CTR::FR",different,20,899,178,success,200,581429804,2907149.020
covercrypt,classic,089a548,"SEC::MED && CTR::FR","DPT::MKG && CTR::$",different,40,1645,178,success,200,935805280,4679026.400
covercrypt,classic,089a548,"SEC::MED && CTR::FR","DPT::$",different,80,3147,178,success,200,1591779250,7958896.250
covercrypt,classic,089a548,"SEC::MED && CTR::FR","DPT::$ && CTR::EN",different,40,1645,178,failure,200,1568166599,7840832.995
covercrypt,classic,089a548,"SEC::MED && CTR::FR","DPT::$ && CTR::FR",different,40,1645,178,success,200,953783315,4768916.575
covercrypt,classic,089a548,"SEC::MED && CTR::FR","DPT::$ && CTR::$",different,80,3147,178,success,200,1467387084,7336935.420
covercrypt,classic,089a548,"SEC::MED && CTR::FR","SEC::LOW",different,32,1347,178,failure,200,1485412910,7427064.550
covercrypt,classic,089a548,"SEC::MED && CTR::FR","SEC::LOW && CTR::EN",different,16,751,178,failure,200,745082026,3725410.130
covercrypt,classic,089a548,"SEC::MED && CTR::FR","SEC::LOW && CTR::FR",different,16,751,178,failure,200,675079810,3375399.050
covercrypt,classic,089a548,"SEC::MED && CTR::FR","SEC::LOW && CTR::$",different,32,1347,178,failure,200,1258153190,6290765.950
covercrypt,classic,089a548,"SEC::MED && CTR::FR","SEC::LOW && DPT::DEV",different,16,751,178,failure,200,717359720,3586798.600
covercrypt,classic,089a548,"SEC::MED && CTR::FR","SEC::LOW && DPT::DEV && CTR::EN",same,8,455,178,failure,200,352477889,1762389.445
covercrypt,classic,089a548,"SEC::MED && CTR::FR","SEC::LOW && DPT::DEV && CTR::FR",same,8,455,178,failure,200,318889392,1594446.960
covercrypt,classic,089a548,"SEC::MED && CTR::FR","SEC::LOW && DPT::DEV && CTR::$",same,16,751,178,failure,200,699404767,3497023.835
covercrypt,classic,089a548,"SEC::MED && CTR::FR","SEC::LOW && DPT::MKG",different,16,751,178,failure,200,624659786,3123298.930
covercrypt,classic,089a548,"SEC::MED && CTR::FR","SEC::LOW && DPT::MKG && CTR::EN",same,8,455,178,failure,200,383941484,1919707.420
covercrypt,classic,089a548,"SEC::MED && CTR::FR","SEC::LOW && DPT::MKG && CTR::FR",same,8,455,178,failure,200,362518177,1812590.885
covercrypt,classic,089a548,"SEC::MED && CTR::FR","SEC::LOW && DPT::MKG && CTR::$",same,16,751,178,failure,200,692539231,3462696.155
covercrypt,classic,089a548,"SEC::MED && CTR::FR","SEC::LOW && DPT::$",different,32,1347,178,failure,200,1211505585,6057527.925
covercrypt,classic,089a548,"SEC::MED && CTR::FR","SEC::LOW && DPT::$ && CTR::EN",same,16,751,178,failure,200,654933665,3274668.325
covercrypt,classic,089a548,"SEC::MED && CTR::FR","SEC::LOW && DPT::$ && CTR::FR",same,16,751,178,failure,200,662875945,3314379.725
covercrypt,classic,089a548,"SEC::MED && CTR::FR","SEC::LOW && DPT::$ && CTR::$",same,32,1347,178,failure,200,1262492064,6312460.320
covercrypt,classic,089a548,"SEC::MED && CTR::FR","SEC::MED",different,48,1947,178,success,200,995561771,4977808.855
covercrypt,classic,089a548,"SEC::MED && CTR::FR","SEC::MED && CTR::EN",different,24,1049,178,failure,200,892071643,4460358.215
covercrypt,classic,089a548,"SEC::MED && CTR::FR","SEC::MED && CTR::FR",different,24,1049,178,success,200,594067137,2970335.685
covercrypt,classic,089a548,"SEC::MED && CTR::FR","SEC::MED && CTR::$",different,48,1947,178,success,200,1118131755,5590658.775
covercrypt,classic,089a548,"SEC::MED && CTR::FR","SEC::MED && DPT::DEV",different,24,1049,178,success,200,607820659,3039103.295
covercrypt,classic,089a548,"SEC::MED && CTR::FR","SEC::MED && DPT::DEV && CTR::EN",same,12,603,178,failure,200,524617085,2623085.425
covercrypt,classic,089a548,"SEC::MED && CTR::FR","SEC::MED && DPT::DEV && CTR::FR",same,12,603,178,success,200,374401824,1872009.120
covercrypt,classic,089a548,"SEC::MED && CTR::FR","SEC::MED && DPT::DEV && CTR::$",same,24,1049,178,success,200,665563765,3327818.825
covercrypt,classic,089a548,"SEC::MED && CTR::FR","SEC::MED && DPT::MKG",different,24,1049,178,success,200,643293409,3216467.045
covercrypt,classic,089a548,"SEC::MED && CTR::FR","SEC::MED && DPT::MKG && CTR::EN",same,12,603,178,failure,200,480870065,2404350.325
covercrypt,classic,089a548,"SEC::MED && CTR::FR","SEC::MED && DPT::MKG && CTR::FR",same,12,603,178,success,200,383636916,1918184.580
covercrypt,classic,089a548,"SEC::MED && CTR::FR","SEC::MED && DPT::MKG && CTR::$",same,24,1049,178,success,200,681229114,3406145.570
covercrypt,classic,089a548,"SEC::MED && CTR::FR","SEC::MED && DPT::$",different,48,1947,178,success,200,1075398131,5376990.655
covercrypt,classic,089a548,"SEC::MED && CTR::FR","SEC::MED && DPT::$ && CTR::EN",same,24,1049,178,failure,200,924418555,4622092.775
covercrypt,classic,089a548,"SEC::MED && CTR::FR","SEC::MED && DPT::$ && CTR::FR",same,24,1049,178,success,200,574623052,2873115.260
covercrypt,classic,089a548,"SEC::MED && CTR::FR","SEC::MED && DPT::$ && CTR::$",same,48,1947,178,success,200,988564204,4942821.020
covercrypt,classic,089a548,"SEC::MED && CTR::FR","SEC::HIG",different,64,2547,178,success,200,1311869543,6559347.715
covercrypt,classic,089a548,"SEC::MED && CTR::FR","SEC::HIG && CTR::EN",different,32,1347,178,failure,200,1156835144,5784175.720
covercrypt,classic,089a548,"SEC::MED && CTR::FR","SEC::HIG && CTR::FR",different,32,1347,178,success,200,891260337,4456301.685
covercrypt,classic,089a548,"SEC::MED && CTR::FR","SEC::HIG && CTR::$",different,64,2547,178,success,200,1314478539,6572392.695
covercrypt,classic,089a548,"SEC::MED && CTR::FR","SEC::HIG && DPT::DEV",different,32,1347,178,success,200,799752270,3998761.350
covercrypt,classic,089a548,"SEC::MED && CTR::FR","SEC::HIG && DPT::DEV && CTR::EN",same,16,751,178,failure,200,668168188,3340840.940
covercrypt,classic,089a548,"SEC::MED && CTR::FR","SEC::HIG && DPT::DEV && CTR::FR",same,16,751,178,success,200,446540520,2232702.600
covercrypt,classic,089a548,"SEC::MED && CTR::FR","SEC::HIG && DPT::DEV && CTR::$",same,32,1347,178,success,200,745891234,3729456.170
covercrypt,classic,089a548,"SEC::MED && CTR::FR","SEC::HIG && DPT::MKG",different,32,1347,178,success,200,715206092,3576030.460
covercrypt,classic,089a548,"SEC::MED && CTR::FR","SEC::HIG && DPT::MKG && CTR::EN",same,16,751,178,failure,200,725664548,3628322.740
covercrypt,classic,089a548,"SEC::MED && CTR::FR","SEC::HIG && DPT::MKG && CTR::FR",same,16,751,178,success,200,599119339,2995596.695
covercrypt,classic,089a548,"SEC::MED && CTR::FR","SEC::HIG && DPT::MKG && CTR::$",same,32,1347,178,success,200,825075166,4125375.830
covercrypt,classic,089a548,"SEC::MED && CTR::FR","SEC::HIG && DPT::$",different,64,2547,178,success,200,1481458055,7407290.275
covercrypt,classic,089a548,"SEC::MED && CTR::FR","SEC::HIG && DPT::$ && CTR::EN",same,32,1347,178,failure,200,1468023937,7340119.685
covercrypt,classic,089a548,"SEC::MED && CTR::FR","SEC::HIG && DPT::$ && CTR::FR",same,32,1347,178,success,200,928721127,4643605.635
covercrypt,classic,089a548,"SEC::MED && CTR::FR","SEC::HIG && DPT::$ && CTR::$",same,64,2547,178,success,200,1425749994,7128749.970
covercrypt,classic,089a548,"SEC::MED && CTR::FR","SEC::$",different,80,3147,178,success,200,1670534668,8352673.340
covercrypt,classic,089a548,"SEC::MED && CTR::FR","SEC::$ && CTR::EN",different,40,1645,178,failure,200,1644108753,8220543.765
covercrypt,classic,089a548,"SEC::MED && CTR::FR","SEC::$ && CTR::FR",different,40,1645,178,success,200,931836734,4659183.670
covercrypt,classic,089a548,"SEC::MED && CTR::FR","SEC::$ && CTR::$",different,80,3147,178,success,200,1546179107,7730895.535
covercrypt,classic,089a548,"SEC::MED && CTR::FR","SEC::$ && DPT::DEV",different,40,1645,178,success,200,1078395129,5391975.645
covercrypt,classic,089a548,"SEC::MED && CTR::FR","SEC::$ && DPT::DEV && CTR::EN",same,20,899,178,failure,200,862834858,4314174.290
covercrypt,classic,089a548,"SEC::MED && CTR::FR","SEC::$ && DPT::DEV && CTR::FR",same,20,899,178,success,200,707751781,3538758.905
covercrypt,classic,089a548,"SEC::MED && CTR::FR","SEC::$ && DPT::DEV && CTR::$",same,40,1645,178,success,200,976589309,4882946.545
covercrypt,classic,089a548,"SEC::MED && CTR::FR","SEC::$ && DPT::MKG",different,40,1645,178,success,200,924933091,4624665.455
covercrypt,classic,089a548,"SEC::MED && CTR::FR","SEC::$ && DPT::MKG && CTR::EN",same,20,899,178,failure,200,850412743,4252063.715
covercrypt,classic,089a548,"SEC::MED && CTR::FR","SEC::$ && DPT::MKG && CTR::FR",same,20,899,178,success,200,620989682,3104948.410
covercrypt,classic,089a548,"SEC::MED && CTR::FR","SEC::$ && DPT::MKG && CTR::$",same,40,1645,178,success,200,907458374,4537291.870
covercrypt,classic,089a548,"SEC::MED && CTR::FR","SEC::$ && DPT::$",different,80,3147,178,success,200,1853775169,9268875.845
covercrypt,classic,089a548,"SEC::MED && CTR::FR","SEC::$ && DPT::$ && CTR::EN",same,40,1645,178,failure,200,1753663803,8768319.015
covercrypt,classic,089a548,"SEC::MED && CTR::FR","SEC::$ && DPT::$ && CTR::FR",same,40,1645,178,success,200,917584995,4587924.975
covercrypt,classic,089a548,"SEC::MED && CTR::FR","SEC::$ && DPT::$ && CTR::$",same,80,3147,178,success,200,2026727926,10133639.630
covercrypt,classic,089a548,"SEC::MED && DPT::MKG && CTR::FR","CTR::EN",different,40,1645,178,failure,200,1958227319,9791136.595
covercrypt,classic,089a548,"SEC::MED && DPT::MKG && CTR::FR","CTR::FR",different,40,1645,178,success,200,947361749,4736808.745
covercrypt,classic,089a548,"SEC::MED && DPT::MKG && CTR::FR","CTR::$",different,80,3147,178,success,200,1838798492,9193992.460
covercrypt,classic,089a548,"SEC::MED && DPT::MKG && CTR::FR","DPT::DEV",different,40,1645,178,failure,200,1854111342,9270556.710
covercrypt,classic,089a548,"SEC::MED && DPT::MKG && CTR::FR","DPT::DEV && CTR::EN",different,20,899,178,failure,200,1157205332,5786026.660
covercrypt,classic,089a548,"SEC::MED && DPT::MKG && CTR::FR","DPT::DEV && CTR::FR",different,20,899,178,failure,200,1111020496,5555102.480
covercrypt,classic,089a548,"SEC::MED && DPT::MKG && CTR::FR","DPT::DEV && CTR::$",different,40,1645,178,failure,200,1824872386,9124361.930
covercrypt,classic,089a548,"SEC::MED && DPT::MKG && CTR::FR","DPT::MKG",different,40,1645,178,success,200,1102765778,5513828.890
covercrypt,classic,089a548,"SEC::MED && DPT::MKG && CTR::FR","DPT::MKG && CTR::EN",different,20,899,178,failure,200,987896187,4939480.935
covercrypt,classic,089a548,"SEC::MED && DPT::MKG && CTR::FR","DPT::MKG && CTR::FR",different,20,899,178,success,200,652678143,3263390.715
covercrypt,classic,089a548,"SEC::MED && DPT::MKG && CTR::FR","DPT::MKG && CTR::$",different,40,1645,178,success,200,948272330,4741361.650
covercrypt,classic,089a548,"SEC::MED && DPT::MKG && CTR::FR","DPT::$",different,80,3147,178,success,200,1815687391,9078436.955
covercrypt,classic,089a548,"SEC::MED && DPT::MKG && CTR::FR","DPT::$ && CTR::EN",different,40,1645,178,failure,200,1874948100,9374740.500
covercrypt,classic,089a548,"SEC::MED && DPT::MKG && CTR::FR","DPT::$ && CTR::FR",different,40,1645,178,success,200,1005939535,5029697.675
covercrypt,classic,089a548,"SEC::MED && DPT::MKG && CTR::FR","DPT::$ && CTR::$",different,80,3147,178,success,200,1956612032,9783060.160
covercrypt,classic,089a548,"SEC::MED && DPT::MKG && CTR::FR","SEC::LOW",different,32,1347,178,failure,200,1365586251,6827931.255
covercrypt,classic,089a548,"SEC::MED && DPT::MKG && CTR::FR","SEC::LOW && CTR::EN",different,16,751,178,failure,200,671305238,3356526.190
covercrypt,classic,089a548,"SEC::MED && DPT::MKG && CTR::FR","SEC::LOW && CTR::FR",different,16,751,178,failure,200,802414275,4012071.375
covercrypt,classic,089a548,"SEC::MED && DPT::MKG && CTR::FR","SEC::LOW && CTR::$",different,32,1347,178,failure,200,1332467311,6662336.555
covercrypt,classic,089a548,"SEC::MED && DPT::MKG && CTR::FR","SEC::LOW && DPT::DEV",different,16,751,178,failure,200,782884488,3914422.440
covercrypt,classic,089a548,"SEC::MED && DPT::MKG && CTR::FR","SEC::LOW && DPT::DEV && CTR::EN",same,8,455,178,failure,200,401505661,2007528.305
covercrypt,classic,089a548,"SEC::MED && DPT::MKG && CTR::FR","SEC::LOW && DPT::DEV && CTR::FR",same,8,455,178,failure,200,466713606,2333568.030
covercrypt,classic,089a548,"SEC::MED && DPT::MKG && CTR::FR","SEC::LOW && DPT::DEV && CTR::$",same,16,751,178,failure,200,720881275,3604406.375
covercrypt,classic,089a548,"SEC::MED && DPT::MKG && CTR::FR","SEC::LOW && DPT::MKG",different,16,751,178,failure,200,745885471,3729427.355
covercrypt,classic,089a548,"SEC::MED && DPT::MKG && CTR::FR","SEC::LOW && DPT::MKG && CTR::EN",same,8,455,178,failure,200,388546262,1942731.310
covercrypt,classic,089a548,"SEC::MED && DPT::MKG && CTR::FR","SEC::LOW && DPT::MKG && CTR::FR",same,8,455,178,failure,200,363277907,1816389.535
covercrypt,classic,089a548,"SEC::MED && DPT::MKG && CTR::FR","SEC::LOW && DPT::MKG && CTR::$",same,16,751,178,failure,200,772555551,3862777.755
covercrypt,classic,089a548,"SEC::MED && DPT::MKG && CTR::FR","SEC::LOW && DPT::$",different,32,1347,178,failure,200,1355330130,6776650.650
covercrypt,classic,089a548,"SEC::MED && DPT::MKG && CTR::FR","SEC::LOW && DPT::$ && CTR::EN",same,16,751,178,failure,200,865207351,4326036.755
covercrypt,classic,089a548,"SEC::MED && DPT::MKG && CTR::FR","SEC::LOW && DPT::$ && CTR::FR",same,16,751,178,failure,200,704443717,3522218.585
covercrypt,classic,089a548,"SEC::MED && DPT::MKG && CTR::FR","SEC::LOW && DPT::$ && CTR::$",same,32,1347,178,failure,200,1703307677,8516538.385
covercrypt,classic,089a548,"SEC::MED && DPT::MKG && CTR::FR","SEC::MED",different,48,1947,178,success,200,1308291232,6541456.160
covercrypt,classic,089a548,"SEC::MED && DPT::MKG && CTR::FR","SEC::MED && CTR::EN",different,24,1049,178,failure,200,1057919853,5289599.265
covercrypt,classic,089a548,"SEC::MED && DPT::MKG && CTR::FR","SEC::MED && CTR::FR",different,24,1049,178,success,200,637240687,3186203.435
covercrypt,classic,089a548,"SEC::MED && DPT::MKG && CTR::FR","SEC::MED && CTR::$",different,48,1947,178,success,200,1464174695,7320873.475
covercrypt,classic,089a548,"SEC::MED && DPT::MKG && CTR::FR","SEC::MED && DPT::DEV",different,24,1049,178,failure,200,1055357221,5276786.105
covercrypt,classic,089a548,"SEC::MED && DPT::MKG && CTR::FR","SEC::MED && DPT::DEV && CTR::EN",same,12,603,178,failure,200,526411799,2632058.995
covercrypt,classic,089a548,"SEC::MED && DPT::MKG && CTR::FR","SEC::MED && DPT::DEV && CTR::FR",same,12,603,178,failure,200,680653667,3403268.335
covercrypt,classic,089a548,"SEC::MED && DPT::MKG && CTR::FR","SEC::MED && DPT::DEV && CTR::$",same,24,1049,178,failure,200,1380188096,6900940.480
covercrypt,classic,089a548,"SEC::MED && DPT::MKG && CTR::FR","SEC::MED && DPT::MKG",different,24,1049,178,success,200,870225476,4351127.380
covercrypt,classic,089a548,"SEC::MED && DPT::MKG && CTR::FR","SEC::MED && DPT::MKG && CTR::EN",same,12,603,178,failure,200,718047142,3590235.710
covercrypt,classic,089a548,"SEC::MED && DPT::MKG && CTR::FR","SEC::MED && DPT::MKG && CTR::FR",same,12,603,178,success,200,418704195,2093520.975
covercrypt,classic,089a548,"SEC::MED && DPT::MKG && CTR::FR","SEC::MED && DPT::MKG && CTR::$",same,24,1049,178,success,200,705853471,3529267.355
covercrypt,classic,089a548,"SEC::MED && DPT::MKG && CTR::FR","SEC::MED && DPT::$",different,48,1947,178,success,200,1017528405,5087642.025
covercrypt,classic,089a548,"SEC::MED && DPT::MKG && CTR::FR","SEC::MED && DPT::$ && CTR::EN",same,24,1049,178,failure,200,910603231,4553016.155
covercrypt,classic,089a548,"SEC::MED && DPT::MKG && CTR::FR","SEC::MED && DPT::$ && CTR::FR",same,24,1049,178,success,200,647790127,3238950.635
covercrypt,classic,089a548,"SEC::MED && DPT::MKG && CTR::FR","SEC::MED && DPT::$ && CTR::$",same,48,1947,178,success,200,1189678689,5948393.445
covercrypt,classic,089a548,"SEC::MED && DPT::MKG && CTR::FR","SEC::HIG",different,64,2547,178,success,200,1973445454,9867227.270
covercrypt,classic,089a548,"SEC::MED && DPT::MKG && CTR::FR","SEC::HIG && CTR::EN",different,32,1347,178,failure,200,1999344983,9996724.915
covercrypt,classic,089a548,"SEC::MED && DPT::MKG && CTR::FR","SEC::HIG && CTR::FR",different,32,1347,178,success,200,948339629,4741698.145
covercrypt,classic,089a548,"SEC::MED && DPT::MKG && CTR::FR","SEC::HIG && CTR::$",different,64,2547,178,success,200,1895150043,9475750.215
covercrypt,classic,089a548,"SEC::MED && DPT::MKG && CTR::FR","SEC::HIG && DPT::DEV",different,32,1347,178,failure,200,1491959777,7459798.885
covercrypt,classic,089a548,"SEC::MED && DPT::MKG && CTR::FR","SEC::HIG && DPT::DEV && CTR::EN",same,16,751,178,failure,200,687906153,3439530.765
covercrypt,classic,089a548,"SEC::MED && DPT::MKG && CTR::FR","SEC::HIG && DPT::DEV && CTR::FR",same,16,751,178,failure,200,670284231,3351421.155
covercrypt,classic,089a548,"SEC::MED && DPT::MKG && CTR::FR","SEC::HIG && DPT::DEV && CTR::$",same,32,1347,178,failure,200,1190242382,5951211.910
covercrypt,classic,089a548,"SEC::MED && DPT::MKG && CTR::FR","SEC::HIG && DPT::MKG",different,32,1347,178,success,200,738361969,3691809.845
covercrypt,classic,089a548,"SEC::MED && DPT::MKG && CTR::FR","SEC::HIG && DPT::MKG && CTR::EN",same,16,751,178,failure,200,658012251,3290061.255
covercrypt,classic,089a548,"SEC::MED && DPT::MKG && CTR::FR","SEC::HIG && DPT::MKG && CTR::FR",same,16,751,178,success,200,442454098,2212270.490
covercrypt,classic,089a548,"SEC::MED && DPT::MKG && CTR::FR","SEC::HIG && DPT::MKG && CTR::$",same,32,1347,178,success,200,762301897,3811509.485
covercrypt,classic,089a548,"SEC::MED && DPT::MKG && CTR::FR","SEC::HIG && DPT::$",different,64,2547,178,success,200,1465426602,7327133.010
covercrypt,classic,089a548,"SEC::MED && DPT::MKG && CTR::FR","SEC::HIG && DPT::$ && CTR::EN",same,32,1347,178,failure,200,1275793369,6378966.845
covercrypt,classic,089a548,"SEC::MED && DPT::MKG && CTR::FR","SEC::HIG && DPT::$ && CTR::FR",same,32,1347,178,success,200,744035637,3720178.185
covercrypt,classic,089a548,"SEC::MED && DPT::MKG && CTR::FR","SEC::HIG && DPT::$ && CTR::$",same,64,2547,178,success,200,1408409002,7042045.010
covercrypt,classic,089a548,"SEC::MED && DPT::MKG && CTR::FR","SEC::$",different,80,3147,178,success,200,1550149316,7750746.580
covercrypt,classic,089a548,"SEC::MED && DPT::MKG && CTR::FR","SEC::$ && CTR::EN",different,40,1645,178,failure,200,1523486086,7617430.430
covercrypt,classic,089a548,"SEC::MED && DPT::MKG && CTR::FR","SEC::$ && CTR::FR",different,40,1645,178,success,200,979131566,4895657.830
covercrypt,classic,089a548,"SEC::MED && DPT::MKG && CTR::FR","SEC::$ && CTR::$",different,80,3147,178,success,200,1759376367,8796881.835
covercrypt,classic,089a548,"SEC::MED && DPT::MKG && CTR::FR","SEC::$ && DPT::DEV",different,40,1645,178,failure,200,1473370728,7366853.640
covercrypt,classic,089a548,"SEC::MED && DPT::MKG && CTR::FR","SEC::$ && DPT::DEV && CTR::EN",same,20,899,178,failure,200,796212155,3981060.775
covercrypt,classic,089a548,"SEC::MED && DPT::MKG && CTR::FR","SEC::$ && DPT::DEV && CTR::FR",same,20,899,178,failure,200,871390624,4356953.120
covercrypt,classic,089a548,"SEC::MED && DPT::MKG && CTR::FR","SEC::$ && DPT::DEV && CTR::$",same,40,1645,178,failure,200,1570482972,7852414.860
covercrypt,classic,089a548,"SEC::MED && DPT::MKG && CTR::FR","SEC::$ && DPT::MKG",different,40,1645,178,success,200,1093072735,5465363.675
covercrypt,classic,089a548,"SEC::MED && DPT::MKG && CTR::FR","SEC::$ && DPT::MKG && CTR::EN",same,20,899,178,failure,200,767107084,3835535.420
covercrypt,classic,089a548,"SEC::MED && DPT::MKG && CTR::FR","SEC::$ && DPT::MKG && CTR::FR",same,20,899,178,success,200,479420636,2397103.180
covercrypt,classic,089a548,"SEC::MED && DPT::MKG && CTR::FR","SEC::$ && DPT::MKG && CTR::$",same,40,1645,178,success,200,837892739,4189463.695
covercrypt,classic,089a548,"SEC::MED && DPT::MKG && CTR::FR","SEC::$ && DPT::$",different,80,3147,178,success,200,1550970389,7754851.945
covercrypt,classic,089a548,"SEC::MED && DPT::MKG && CTR::FR","SEC::$ && DPT::$ && CTR::EN",same,40,1645,178,failure,200,1538190943,7690954.715
covercrypt,classic,089a548,"SEC::MED && DPT::MKG && CTR::FR","SEC::$ && DPT::$ && CTR::FR",same,40,1645,178,success,200,749816176,3749080.880
covercrypt,classic,089a548,"SEC::MED && DPT::MKG && CTR::FR","SEC::$ && DPT::$ && CTR::$",same,80,3147,178,success,200,1665012745,8325063.725
covercrypt,classic,089a548,"SEC::HIG && CTR::FR","CTR::EN",different,40,1645,178,failure,200,1366347452,6831737.260
covercrypt,classic,089a548,"SEC::HIG && CTR::FR","CTR::FR",different,40,1645,178,success,200,906821717,4534108.585
covercrypt,classic,089a548,"SEC::HIG && CTR::FR","CTR::$",different,80,3147,178,success,200,1943313136,9716565.680
covercrypt,classic,089a548,"SEC::HIG && CTR::FR","DPT::DEV",different,40,1645,178,success,200,784363474,3921817.370
covercrypt,classic,089a548,"SEC::HIG && CTR::FR","DPT::DEV && CTR::EN",different,20,899,178,failure,200,674582594,3372912.970
covercrypt,classic,089a548,"SEC::HIG && CTR::FR","DPT::DEV && CTR::FR",different,20,899,178,success,200,424573776,2122868.880
covercrypt,classic,089a548,"SEC::HIG && CTR::FR","DPT::DEV && CTR::$",different,40,1645,178,success,200,791436746,3957183.730
covercrypt,classic,089a548,"SEC::HIG && CTR::FR","DPT::MKG",different,40,1645,178,success,200,782197862,3910989.310
covercrypt,classic,089a548,"SEC::HIG && CTR::FR","DPT::MKG && CTR::EN",different,20,899,178,failure,200,728624780,3643123.900
covercrypt,classic,089a548,"SEC::HIG && CTR::FR","DPT::MKG && CTR::FR",different,20,899,178,success,200,478902714,2394513.570
covercrypt,classic,089a548,"SEC::HIG && CTR::FR","DPT::MKG && CTR::$",different,40,1645,178,success,200,934019874,4670099.370
covercrypt,classic,089a548,"SEC::HIG && CTR::FR","DPT::$",different,80,3147,178,success,200,1750376044,8751880.220
covercrypt,classic,089a548,"SEC::HIG && CTR::FR","DPT::$ && CTR::EN",different,40,1645,178,failure,200,1376265373,6881326.865
covercrypt,classic,089a548,"SEC::HIG && CTR::FR","DPT::$ && CTR::FR",different,40,1645,178,success,200,894724170,4473620.850
covercrypt,classic,089a548,"SEC::HIG && CTR::FR","DPT::$ && CTR::$",different,80,3147,178,success,200,1573675368,7868376.840
covercrypt,classic,089a548,"SEC::HIG && CTR::FR","SEC::LOW",different,32,1347,178,failure,200,1191796622,5958983.110
covercrypt,classic,089a548,"SEC::HIG && CTR::FR","SEC::LOW && CTR::EN",different,16,751,178,failure,200,621920615,3109603.075
covercrypt,classic,089a548,"SEC::HIG && CTR::FR","SEC::LOW && CTR::FR",different,16,751,178,failure,200,592699164,2963495.820
covercrypt,classic,089a548,"SEC::HIG && CTR::FR","SEC::LOW && CTR::$",different,32,1347,178,failure,200,1126961275,5634806.375
covercrypt,classic,089a548,"SEC::HIG && CTR::FR","SEC::LOW && DPT::DEV",different,16,751,178,failure,200,616453076,3082265.380
covercrypt,classic,089a548,"SEC::HIG && CTR::FR","SEC::LOW && DPT::DEV && CTR::EN",same,8,455,178,failure,200,326586913,1632934.565
covercrypt,classic,089a548,"SEC::HIG && CTR::FR","SEC::LOW && DPT::DEV && CTR::FR",same,8,455,178,failure,200,367142317,1835711.585
covercrypt,classic,089a548,"SEC::HIG && CTR::FR","SEC::LOW && DPT::DEV && CTR::$",same,16,751,178,failure,200,604470230,3022351.150
covercrypt,classic,089a548,"SEC::HIG && CTR::FR","SEC::LOW && DPT::MKG",different,16,751,178,failure,200,672087388,3360436.940
covercrypt,classic,089a548,"SEC::HIG && CTR::FR","SEC::LOW && DPT::MKG && CTR::EN",same,8,455,178,failure,200,329703369,1648516.845
covercrypt,classic,089a548,"SEC::HIG && CTR::FR","SEC::LOW && DPT::MKG && CTR::FR",same,8,455,178,failure,200,312537183,1562685.915
covercrypt,classic,089a548,"SEC::HIG && CTR::FR","SEC::LOW && DPT::MKG && CTR::$",same,16,751,178,failure,200,576506611,2882533.055
covercrypt,classic,089a548,"SEC::HIG && CTR::FR","SEC::LOW && DPT::$",different,32,1347,178,failure,200,1079086155,5395430.775
covercrypt,classic,089a548,"SEC::HIG && CTR::FR","SEC::LOW && DPT::$ && CTR::EN",same,16,751,178,failure,200,620032565,3100162.825
covercrypt,classic,089a548,"SEC::HIG && CTR::FR","SEC::LOW && DPT::$ && CTR::FR",same,16,751,178,failure,200,584022905,2920114.525
covercrypt,classic,089a548,"SEC::HIG && CTR::FR","SEC::LOW && DPT::$ && CTR::$",same,32,1347,178,failure,200,1118981173,5594905.865
covercrypt,classic,089a548,"SEC::HIG && CTR::FR","SEC::MED",different,48,1947,178,failure,200,1700855159,8504275.795
covercrypt,classic,089a548,"SEC::HIG && CTR::FR","SEC::MED && CTR::EN",different,24,1049,178,failure,200,869021242,4345106.210
covercrypt,classic,089a548,"SEC::HIG && CTR::FR","SEC::MED && CTR::FR",different,24,1049,178,failure,200,798866088,3994330.440
covercrypt,classic,089a548,"SEC::HIG && CTR::FR","SEC::MED && CTR::$",different,48,1947,178,failure,200,1586026598,7930132.990
covercrypt,classic,089a548,"SEC::HIG && CTR::FR","SEC::MED && DPT::DEV",different,24,1049,178,failure,200,810331159,4051655.795
covercrypt,classic,089a548,"SEC::HIG && CTR::FR","SEC::MED && DPT::DEV && CTR::EN",same,12,603,178,failure,200,447289447,2236447.235
covercrypt,classic,089a548,"SEC::HIG && CTR::FR","SEC::MED && DPT::DEV && CTR::FR",same,12,603,178,failure,200,472338388,2361691.940
covercrypt,classic,089a548,"SEC::HIG && CTR::FR","SEC::MED && DPT::DEV && CTR::$",same,24,1049,178,failure,200,823581446,4117907.230
covercrypt,classic,089a548,"SEC::HIG && CTR::FR","SEC::MED && DPT::MKG",different,24,1049,178,failure,200,824842344,4124211.720
covercrypt,classic,089a548,"SEC::HIG && CTR::FR","SEC::MED && DPT::MKG && CTR::EN",same,12,603,178,failure,200,461138048,2305690.240
covercrypt,classic,089a548,"SEC::HIG && CTR::FR","SEC::MED && DPT::MKG && CTR::FR",same,12,603,178,failure,200,442563564,2212817.820
covercrypt,classic,089a548,"SEC::HIG && CTR::FR","SEC::MED && DPT::MKG && CTR::$",same,24,1049,178,failure,200,852360627,4261803.135
covercrypt,classic,089a548,"SEC::HIG && CTR::FR","SEC::MED && DPT::$",different,48,1947,178,failure,200,1636748448,8183742.240
covercrypt,classic,089a548,"SEC::HIG && CTR::FR","SEC::MED && DPT::$ && CTR::EN",same,24,1049,178,failure,200,885239568,4426197.840
covercrypt,classic,089a548,"SEC::HIG && CTR::FR","SEC::MED && DPT::$ && CTR::FR",same,24,1049,178,failure,200,847469403,4237347.015
covercrypt,classic,089a548,"SEC::HIG && CTR::FR","SEC::MED && DPT::$ && CTR::$",same,48,1947,178,failure,200,1663905296,8319526.480
covercrypt,classic,089a548,"SEC::HIG && CTR::FR","SEC::HIG",different,64,2547,178,success,200,1140467248,5702336.240
covercrypt,classic,089a548,"SEC::HIG && CTR::FR","SEC::HIG && CTR::EN",different,32,1347,178,failure,200,1102188793,5510943.965
covercrypt,classic,089a548,"SEC::HIG && CTR::FR","SEC::HIG && CTR::FR",different,32,1347,178,success,200,640862530,3204312.650
covercrypt,classic,089a548,"SEC::HIG && CTR::FR","SEC::HIG && CTR::$",different,64,2547,178,success,200,1201797085,6008985.425
covercrypt,classic,089a548,"SEC::HIG && CTR::FR","SEC::HIG && DPT::DEV",different,32,1347,178,success,200,584470623,2922353.115
covercrypt,classic,089a548,"SEC::HIG && CTR::FR","SEC::HIG && DPT::DEV && CTR::EN",same,16,751,178,failure,200,574570730,2872853.650
covercrypt,classic,089a548,"SEC::HIG && CTR::FR","SEC::HIG && DPT::DEV && CTR::FR",same,16,751,178,success,200,434489966,2172449.830
covercrypt,classic,089a548,"SEC::HIG && CTR::FR","SEC::HIG && DPT::DEV && CTR::$",same,32,1347,178,success,200,781945270,3909726.350
covercrypt,classic,089a548,"SEC::HIG && CTR::FR","SEC::HIG && DPT::MKG",different,32,1347,178,success,200,791980723,3959903.615
covercrypt,classic,089a548,"SEC::HIG && CTR::FR","SEC::HIG && DPT::MKG && CTR::EN",same,16,751,178,failure,200,579341952,2896709.760
covercrypt,classic,089a548,"SEC::HIG && CTR::FR","SEC::HIG && DPT::MKG && CTR::FR",same,16,751,178,success,200,395852363,1979261.815
covercrypt,classic,089a548,"SEC::HIG && CTR::FR","SEC::HIG && DPT::MKG && CTR::$",same,32,1347,178,success,200,685864508,3429322.540
covercrypt,classic,089a548,"SEC::HIG && CTR::FR","SEC::HIG && DPT::$",different,64,2547,178,success,200,1083806056,5419030.280
covercrypt,classic,089a548,"SEC::HIG && CTR::FR","SEC::HIG && DPT::$ && CTR::EN",same,32,1347,178,failure,200,1075937147,5379685.735
covercrypt,classic,089a548,"SEC::HIG && CTR::FR","SEC::HIG && DPT::$ && CTR::FR",same,32,1347,178,success,200,663274636,3316373.180
covercrypt,classic,089a548,"SEC::HIG && CTR::FR","SEC::HIG && DPT::$ && CTR::$",same,64,2547,178,success,200,1219682711,6098413.555
covercrypt,classic,089a548,"SEC::HIG && CTR::FR","SEC::$",different,80,3147,178,success,200,1381019448,6905097.240
covercrypt,classic,089a548,"SEC::HIG && CTR::FR","SEC::$ && CTR::EN",different,40,1645,178,failure,200,1487619632,7438098.160
covercrypt,classic,089a548,"SEC::HIG && CTR::FR","SEC::$ && CTR::FR",different,40,1645,178,success,200,1159231892,5796159.460
covercrypt,classic,089a548,"SEC::HIG && CTR::FR","SEC::$ && CTR::$",different,80,3147,178,success,200,1580041883,7900209.415
covercrypt,classic,089a548,"SEC::HIG && CTR::FR","SEC::$ && DPT::DEV",different,40,1645,178,success,200,878125753,4390628.765
covercrypt,classic,089a548,"SEC::HIG && CTR::FR","SEC::$ && DPT::DEV && CTR::EN",same,20,899,178,failure,200,702149052,3510745.260
covercrypt,classic,089a548,"SEC::HIG && CTR::FR","SEC::$ && DPT::DEV && CTR::FR",same,20,899,178,success,200,550363170,2751815.850
covercrypt,classic,089a548,"SEC::HIG && CTR::FR","SEC::$ && DPT::DEV && CTR::$",same,40,1645,178,success,200,844593710,4222968.550
covercrypt,classic,089a548,"SEC::HIG && CTR::FR","SEC::$ && DPT::MKG",different,40,1645,178,success,200,778166845,3890834.225
covercrypt,classic,089a548,"SEC::HIG && CTR::FR","SEC::$ && DPT::MKG && CTR::EN",same,20,899,178,failure,200,728807760,3644038.800
covercrypt,classic,089a548,"SEC::HIG && CTR::FR","SEC::$ && DPT::MKG && CTR::FR",same,20,899,178,success,200,480308808,2401544.040
covercrypt,classic,089a548,"SEC::HIG && CTR::FR","SEC::$ && DPT::MKG && CTR::$",same,40,1645,178,success,200,786540163,3932700.815
covercrypt,classic,089a548,"SEC::HIG && CTR::FR","SEC::$ && DPT::$",different,80,3147,178,success,200,1429685258,7148426.290
covercrypt,classic,089a548,"SEC::HIG && CTR::FR","SEC::$ && DPT::$ && CTR::EN",same,40,1645,178,failure,200,1312240823,6561204.115
covercrypt,classic,089a548,"SEC::HIG && CTR::FR","SEC::$ && DPT::$ && CTR::FR",same,40,1645,178,success,200,787627109,3938135.545
covercrypt,classic,089a548,"SEC::HIG && CTR::FR","SEC::$ && DPT::$ && CTR::$",same,80,3147,178,success,200,1377471890,6887359.450
covercrypt,classic,089a548,"SEC::HIG && DPT::MKG && CTR::FR","CTR::EN",different,40,1645,178,failure,200,1339164628,6695823.140
covercrypt,classic,089a548,"SEC::HIG && DPT::MKG && CTR::FR","CTR::FR",different,40,1645,178,success,200,862272957,4311364.785
covercrypt,classic,089a548,"SEC::HIG && DPT::MKG && CTR::FR","CTR::$",different,80,3147,178,success,200,1828419417,9142097.085
covercrypt,classic,089a548,"SEC::HIG && DPT::MKG && CTR::FR","DPT::DEV",different,40,1645,178,failure,200,1790423645,8952118.225
covercrypt,classic,089a548,"SEC::HIG && DPT::MKG && CTR::FR","DPT::DEV && CTR::EN",different,20,899,178,failure,200,1067635236,5338176.180
covercrypt,classic,089a548,"SEC::HIG && DPT::MKG && CTR::FR","DPT::DEV && CTR::FR",different,20,899,178,failure,200,891357536,4456787.680
covercrypt,classic,089a548,"SEC::HIG && DPT::MKG && CTR::FR","DPT::DEV && CTR::$",different,40,1645,178,failure,200,1578714937,7893574.685
covercrypt,classic,089a548,"SEC::HIG && DPT::MKG && CTR::FR","DPT::MKG",different,40,1645,178,success,200,875356877,4376784.385
covercrypt,classic,089a548,"SEC::HIG && DPT::MKG && CTR::FR","DPT::MKG && CTR::EN",different,20,899,178,failure,200,936946207,4684731.035
covercrypt,classic,089a548,"SEC::HIG && DPT::MKG && CTR::FR","DPT::MKG && CTR::FR",different,20,899,178,success,200,501153692,2505768.460
covercrypt,classic,089a548,"SEC::HIG && DPT::MKG && CTR::FR","DPT::MKG && CTR::$",different,40,1645,178,success,200,1116717957,5583589.785
covercrypt,classic,089a548,"SEC::HIG && DPT::MKG && CTR::FR","DPT::$",different,80,3147,178,success,200,1905578470,9527892.350
covercrypt,classic,089a548,"SEC::HIG && DPT::MKG && CTR::FR","DPT::$ && CTR::EN",different,40,1645,178,failure,200,1741345255,8706726.275
covercrypt,classic,089a548,"SEC::HIG && DPT::MKG && CTR::FR","DPT::$ && CTR::FR",different,40,1645,178,success,200,1090534284,5452671.420
covercrypt,classic,089a548,"SEC::HIG && DPT::MKG && CTR::FR","DPT::$ && CTR::$",different,80,3147,178,success,200,2015473603,10077368.015
covercrypt,classic,089a548,"SEC::HIG && DPT::MKG && CTR::FR","SEC::LOW",different,32,1347,178,failure,200,1331011101,6655055.505
covercrypt,classic,089a548,"SEC::HIG && DPT::MKG && CTR::FR","SEC::LOW && CTR::EN",different,16,751,178,failure,200,642450950,3212254.750
covercrypt,classic,089a548,"SEC::HIG && DPT::MKG && CTR::FR","SEC::LOW && CTR::FR",different,16,751,178,failure,200,703666123,3518330.615
covercrypt,classic,089a548,"SEC::HIG && DPT::MKG && CTR::FR","SEC::LOW && CTR::$",different,32,1347,178,failure,200,1428762721,7143813.605
covercrypt,classic,089a548,"SEC::HIG && DPT::MKG && CTR::FR","SEC::LOW && DPT::DEV",different,16,751,178,failure,200,798273330,3991366.650
covercrypt,classic,089a548,"SEC::HIG && DPT::MKG && CTR::FR","SEC::LOW && DPT::DEV && CTR::EN",same,8,455,178,failure,200,456622221,2283111.105
covercrypt,classic,089a548,"SEC::HIG && DPT::MKG && CTR::FR","SEC::LOW && DPT::DEV && CTR::FR",same,8,455,178,failure,200,426752953,2133764.765
covercrypt,classic,089a548,"SEC::HIG && DPT::MKG && CTR::FR","SEC::LOW && DPT::DEV && CTR::$",same,16,751,178,failure,200,703516936,3517584.680
covercrypt,classic,089a548,"SEC::HIG && DPT::MKG && CTR::FR","SEC::LOW && DPT::MKG",different,16,751,178,failure,200,707755213,3538776.065
covercrypt,classic,089a548,"SEC::HIG && DPT::MKG && CTR::FR","SEC::LOW && DPT::MKG && CTR::EN",same,8,455,178,failure,200,416309723,2081548.615
covercrypt,classic,089a548,"SEC::HIG && DPT::MKG && CTR::FR","SEC::LOW && DPT::MKG && CTR::FR",same,8,455,178,failure,200,380533991,1902669.955
covercrypt,classic,089a548,"SEC::HIG && DPT::MKG && CTR::FR","SEC::LOW && DPT::MKG && CTR::$",same,16,751,178,failure,200,742359376,3711796.880
covercrypt,classic,089a548,"SEC::HIG && DPT::MKG && CTR::FR","SEC::LOW && DPT::$",different,32,1347,178,failure,200,1692662815,8463314.075
covercrypt,classic,089a548,"SEC::HIG && DPT::MKG && CTR::FR","SEC::LOW && DPT::$ && CTR::EN",same,16,751,178,failure,200,721541291,3607706.455
covercrypt,classic,089a548,"SEC::HIG && DPT::MKG && CTR::FR","SEC::LOW && DPT::$ && CTR::FR",same,16,751,178,failure,200,675299464,3376497.320
covercrypt,classic,089a548,"SEC::HIG && DPT::MKG && CTR::FR","SEC::LOW && DPT::$ && CTR::$",same,32,1347,178,failure,200,1678834709,8394173.545
covercrypt,classic,089a548,"SEC::HIG && DPT::MKG && CTR::FR","SEC::MED",different,48,1947,178,failure,200,2076924273,10384621.365
covercrypt,classic,089a548,"SEC::HIG && DPT::MKG && CTR::FR","SEC::MED && CTR::EN",different,24,1049,178,failure,200,883305845,4416529.225
covercrypt,classic,089a548,"SEC::HIG && DPT::MKG && CTR::FR","SEC::MED && CTR::FR",different,24,1049,178,failure,200,848912820,4244564.100
covercrypt,classic,089a548,"SEC::HIG && DPT::MKG && CTR::FR","SEC::MED && CTR::$",different,48,1947,178,failure,200,1683147480,8415737.400
covercrypt,classic,089a548,"SEC::HIG && DPT::MKG && CTR::FR","SEC::MED && DPT::DEV",different,24,1049,178,failure,200,878859750,4394298.750
covercrypt,classic,089a548,"SEC::HIG && DPT::MKG && CTR::FR","SEC::MED && DPT::DEV && CTR::EN",same,12,603,178,failure,200,449524098,2247620.490
covercrypt,classic,089a548,"SEC::HIG && DPT::MKG && CTR::FR","SEC::MED && DPT::DEV && CTR::FR",same,12,603,178,failure,200,499788707,2498943.535
covercrypt,classic,089a548,"SEC::HIG && DPT::MKG && CTR::FR","SEC::MED && DPT::DEV && CTR::$",same,24,1049,178,failure,200,976297224,4881486.120
covercrypt,classic,089a548,"SEC::HIG && DPT::MKG && CTR::FR","SEC::MED && DPT::MKG",different,24,1049,178,failure,200,1192136403,5960682.015
covercrypt,classic,089a548,"SEC::HIG && DPT::MKG && CTR::FR","SEC::MED && DPT::MKG && CTR::EN",same,12,603,178,failure,200,612356473,3061782.365
covercrypt,classic,089a548,"SEC::HIG && DPT::MKG && CTR::FR","SEC::MED && DPT::MKG && CTR::FR",same,12,603,178,failure,200,611800446,3059002.230
covercrypt,classic,089a548,"SEC::HIG && DPT::MKG && CTR::FR","SEC::MED && DPT::MKG && CTR::$",same,24,1049,178,failure,200,907528791,4537643.955
covercrypt,classic,089a548,"SEC::HIG && DPT::MKG && CTR::FR","SEC::MED && DPT::$",different,48,1947,178,failure,200,1651255996,8256279.980
covercrypt,classic,089a548,"SEC::HIG && DPT::MKG && CTR::FR","SEC::MED && DPT::$ && CTR::EN",same,24,1049,178,failure,200,894015398,4470076.990
covercrypt,classic,089a548,"SEC::HIG && DPT::MKG && CTR::FR","SEC::MED && DPT::$ && CTR::FR",same,24,1049,178,failure,200,811312587,4056562.935
covercrypt,classic,089a548,"SEC::HIG && DPT::MKG && CTR::FR","SEC::MED && DPT::$ && CTR::$",same,48,1947,178,failure,200,1749578906,8747894.530
covercrypt,classic,089a548,"SEC::HIG && DPT::MKG && CTR::FR","SEC::HIG",different,64,2547,178,success,200,1080201775,5401008.875
covercrypt,classic,089a548,"SEC::HIG && DPT::MKG && CTR::FR","SEC::HIG && CTR::EN",different,32,1347,178,failure,200,1127028401,5635142.005
covercrypt,classic,089a548,"SEC::HIG && DPT::MKG && CTR::FR","SEC::HIG && CTR::FR",different,32,1347,178,success,200,634188566,3170942.830
covercrypt,classic,089a548,"SEC::HIG && DPT::MKG && CTR::FR","SEC::HIG && CTR::$",different,64,2547,178,success,200,1193362309,5966811.545
covercrypt,classic,089a548,"SEC::HIG && DPT::MKG && CTR::FR","SEC::HIG && DPT::DEV",different,32,1347,178,failure,200,1083105022,5415525.110
covercrypt,classic,089a548,"SEC::HIG && DPT::MKG && CTR::FR","SEC::HIG && DPT::DEV && CTR::EN",same,16,751,178,failure,200,572484989,2862424.945
covercrypt,classic,089a548,"SEC::HIG && DPT::MKG && CTR::FR","SEC::HIG && DPT::DEV && CTR::FR",same,16,751,178,failure,200,625637625,3128188.125
covercrypt,classic,089a548,"SEC::HIG && DPT::MKG && CTR::FR","SEC::HIG && DPT::DEV && CTR::$",same,32,1347,178,failure,200,1192824388,5964121.940
covercrypt,classic,089a548,"SEC::HIG && DPT::MKG && CTR::FR","SEC::HIG && DPT::MKG",different,32,1347,178,success,200,711508717,3557543.585
covercrypt,classic,089a548,"SEC::HIG && DPT::MKG && CTR::FR","SEC::HIG && DPT::MKG && CTR::EN",same,16,751,178,failure,200,534735551,2673677.755
covercrypt,classic,089a548,"SEC::HIG && DPT::MKG && CTR::FR","SEC::HIG && DPT::MKG && CTR::FR",same,16,751,178,success,200,374182918,1870914.590
covercrypt,classic,089a548,"SEC::HIG && DPT::MKG && CTR::FR","SEC::HIG && DPT::MKG && CTR::$",same,32,1347,178,success,200,635000126,3175000.630
covercrypt,classic,089a548,"SEC::HIG && DPT::MKG && CTR::FR","SEC::HIG && DPT::$",different,64,2547,178,success,200,1195763645,5978818.225
covercrypt,classic,089a548,"SEC::HIG && DPT::MKG && CTR::FR","SEC::HIG && DPT::$ && CTR::EN",same,32,1347,178,failure,200,1144509437,5722547.185
covercrypt,classic,089a548,"SEC::HIG && DPT::MKG && CTR::FR","SEC::HIG && DPT::$ && CTR::FR",same,32,1347,178,success,200,600859154,3004295.770
covercrypt,classic,089a548,"SEC::HIG && DPT::MKG && CTR::FR","SEC::HIG && DPT::$ && CTR::$",same,64,2547,178,success,200,1169761313,5848806.565
covercrypt,classic,089a548,"SEC::HIG && DPT::MKG && CTR::FR","SEC::$",different,80,3147,178,success,200,1366944875,6834724.375
covercrypt,classic,089a548,"SEC::HIG && DPT::MKG && CTR::FR","SEC::$ && CTR::EN",different,40,1645,178,failure,200,1253540606,6267703.030
covercrypt,classic,089a548,"SEC::HIG && DPT::MKG && CTR::FR","SEC::$ && CTR::FR",different,40,1645,178,success,200,866143658,4330718.290
covercrypt,classic,089a548,"SEC::HIG && DPT::MKG && CTR::FR","SEC::$ && CTR::$",different,80,3147,178,success,200,1310638186,6553190.930
covercrypt,classic,089a548,"SEC::HIG && DPT::MKG && CTR::FR","SEC::$ && DPT::DEV",different,40,1645,178,failure,200,1406226103,7031130.515
covercrypt,classic,089a548,"SEC::HIG && DPT::MKG && CTR::FR","SEC::$ && DPT::DEV && CTR::EN",same,20,899,178,failure,200,679413878,3397069.390
covercrypt,classic,089a548,"SEC::HIG && DPT::MKG && CTR::FR","SEC::$ && DPT::DEV && CTR::FR",same,20,899,178,failure,200,680012620,3400063.100
covercrypt,classic,089a548,"SEC::HIG && DPT::MKG && CTR::FR","SEC::$ && DPT::DEV && CTR::$",same,40,1645,178,failure,200,1270261483,6351307.415
covercrypt,classic,089a548,"SEC::HIG && DPT::MKG && CTR::FR","SEC::$ && DPT::MKG",different,40,1645,178,success,200,829390886,4146954.430
covercrypt,classic,089a548,"SEC::HIG && DPT::MKG && CTR::FR","SEC::$ && DPT::MKG && CTR::EN",same,20,899,178,failure,200,702007154,3510035.770
covercrypt,classic,089a548,"SEC::HIG && DPT::MKG && CTR::FR","SEC::$ && DPT::MKG && CTR::FR",same,20,899,178,success,200,512672280,2563361.400
covercrypt,classic,089a548,"SEC::HIG && DPT::MKG && CTR::FR","SEC::$ && DPT::MKG && CTR::$",same,40,1645,178,success,200,771733254,3858666.270
covercrypt,classic,089a548,"SEC::HIG && DPT::MKG && CTR::FR","SEC::$ && DPT::$",different,80,3147,178,success,200,1464036925,7320184.625
covercrypt,classic,089a548,"SEC::HIG && DPT::MKG && CTR::FR","SEC::$ && DPT::$ && CTR::EN",same,40,1645,178,failure,200,1381521129,6907605.645
covercrypt,classic,089a548,"SEC::HIG && DPT::MKG && CTR::FR","SEC::$ && DPT::$ && CTR::FR",same,40,1645,178,success,200,716893919,3584469.595
covercrypt,classic,089a548,"SEC::HIG && DPT::MKG && CTR::FR","SEC::$ && DPT::$ && CTR::$",same,80,3147,178,success,200,1359569665,6797848.325
covercrypt,classic,089a548,"SEC::$ && CTR::FR","CTR::EN",different,40,1645,178,failure,200,1344874400,6724372.000
covercrypt,classic,089a548,"SEC::$ && CTR::FR","CTR::FR",different,40,1645,178,success,200,792634212,3963171.060
covercrypt,classic,089a548,"SEC::$ && CTR::FR","CTR::$",different,80,3147,178,success,200,1460477226,7302386.130
covercrypt,classic,089a548,"SEC::$ && CTR::FR","DPT::DEV",different,40,1645,178,success,200,816347674,4081738.370
covercrypt,classic,089a548,"SEC::$ && CTR::FR","DPT::DEV && CTR::EN",different,20,899,178,failure,200,668744187,3343720.935
covercrypt,classic,089a548,"SEC::$ && CTR::FR","DPT::DEV && CTR::FR",different,20,899,178,success,200,437966367,2189831.835
covercrypt,classic,089a548,"SEC::$ && CTR::FR","DPT::DEV && CTR::$",different,40,1645,178,success,200,821579159,4107895.795
covercrypt,classic,089a548,"SEC::$ && CTR::FR","DPT::MKG",different,40,1645,178,success,200,833536550,4167682.750
covercrypt,classic,089a548,"SEC::$ && CTR::FR","DPT::MKG && CTR::EN",different,20,899,178,failure,200,684760269,3423801.345
covercrypt,classic,089a548,"SEC::$ && CTR::FR","DPT::MKG && CTR::FR",different,20,899,178,success,200,424388534,2121942.670
covercrypt,classic,089a548,"SEC::$ && CTR::FR","DPT::MKG && CTR::$",different,40,1645,178,success,200,729831434,3649157.170
covercrypt,classic,089a548,"SEC::$ && CTR::FR","DPT::$",different,80,3147,178,success,200,1288718148,6443590.740
covercrypt,classic,089a548,"SEC::$ && CTR::FR","DPT::$ && CTR::EN",different,40,1645,178,failure,200,1347852426,6739262.130
covercrypt,classic,089a548,"SEC::$ && CTR::FR","DPT::$ && CTR::FR",different,40,1645,178,success,200,696829933,3484149.665
covercrypt,classic,089a548,"SEC::$ && CTR::FR","DPT::$ && CTR::$",different,80,3147,178,success,200,1471625001,7358125.005
covercrypt,classic,089a548,"SEC::$ && CTR::FR","SEC::LOW",different,32,1347,178,failure,200,1091349355,5456746.775
covercrypt,classic,089a548,"SEC::$ && CTR::FR","SEC::LOW && CTR::EN",different,16,751,178,failure,200,522470482,2612352.410
covercrypt,classic,089a548,"SEC::$ && CTR::FR","SEC::LOW && CTR::FR",different,16,751,178,failure,200,557788205,2788941.025
covercrypt,classic,089a548,"SEC::$ && CTR::FR","SEC::LOW && CTR::$",different,32,1347,178,failure,200,1071780698,5358903.490
covercrypt,classic,089a548,"SEC::$ && CTR::FR","SEC::LOW && DPT::DEV",different,16,751,178,failure,200,755661664,3778308.320
covercrypt,classic,089a548,"SEC::$ && CTR::FR","SEC::LOW && DPT::DEV && CTR::EN",same,8,455,178,failure,200,411453889,2057269.445
covercrypt,classic,089a548,"SEC::$ && CTR::FR","SEC::LOW && DPT::DEV && CTR::FR",same,8,455,178,failure,200,412116547,2060582.735
covercrypt,classic,089a548,"SEC::$ && CTR::FR","SEC::LOW && DPT::DEV && CTR::$",same,16,751,178,failure,200,553307375,2766536.875
covercrypt,classic,089a548,"SEC::$ && CTR::FR","SEC::LOW && DPT::MKG",different,16,751,178,failure,200,540843857,2704219.285
covercrypt,classic,089a548,"SEC::$ && CTR::FR","SEC::LOW && DPT::MKG && CTR::EN",same,8,455,178,failure,200,294198907,1470994.535
covercrypt,classic,089a548,"SEC::$ && CTR::FR","SEC::LOW && DPT::MKG && CTR::FR",same,8,455,178,failure,200,312635066,1563175.330
covercrypt,classic,089a548,"SEC::$ && CTR::FR","SEC::LOW && DPT::MKG && CTR::$",same,16,751,178,failure,200,548442224,2742211.120
covercrypt,classic,089a548,"SEC::$ && CTR::FR","SEC::LOW && DPT::$",different,32,1347,178,failure,200,1027016898,5135084.490
covercrypt,classic,089a548,"SEC::$ && CTR::FR","SEC::LOW && DPT::$ && CTR::EN",same,16,751,178,failure,200,599428437,2997142.185
covercrypt,classic,089a548,"SEC::$ && CTR::FR","SEC::LOW && DPT::$ && CTR::FR",same,16,751,178,failure,200,577567073,2887835.365
covercrypt,classic,089a548,"SEC::$ && CTR::FR","SEC::LOW && DPT::$ && CTR::$",same,32,1347,178,failure,200,1084097182,5420485.910
covercrypt,classic,089a548,"SEC::$ && CTR::FR","SEC::MED",different,48,1947,178,failure,200,1531026154,7655130.770
covercrypt,classic,089a548,"SEC::$ && CTR::FR","SEC::MED && CTR::EN",different,24,1049,178,failure,200,823766502,4118832.510
covercrypt,classic,089a548,"SEC::$ && CTR::FR","SEC::MED && CTR::FR",different,24,1049,178,failure,200,839722938,4198614.690
covercrypt,classic,089a548,"SEC::$ && CTR::FR","SEC::MED && CTR::$",different,48,1947,178,failure,200,1573577329,7867886.645
covercrypt,classic,089a548,"SEC::$ && CTR::FR","SEC::MED && DPT::DEV",different,24,1049,178,failure,200,880829690,4404148.450
covercrypt,classic,089a548,"SEC::$ && CTR::FR","SEC::MED && DPT::DEV && CTR::EN",same,12,603,178,failure,200,453570326,2267851.630
covercrypt,classic,089a548,"SEC::$ && CTR::FR","SEC::MED && DPT::DEV && CTR::FR",same,12,603,178,failure,200,450406915,2252034.575
covercrypt,classic,089a548,"SEC::$ && CTR::FR","SEC::MED && DPT::DEV && CTR::$",same,24,1049,178,failure,200,782663460,3913317.300
covercrypt,classic,089a548,"SEC::$ && CTR::FR","SEC::MED && DPT::MKG",different,24,1049,178,failure,200,856071432,4280357.160
covercrypt,classic,089a548,"SEC::$ && CTR::FR","SEC::MED && DPT::MKG && CTR::EN",same,12,603,178,failure,200,412742777,2063713.885
covercrypt,classic,089a548,"SEC::$ && CTR::FR","SEC::MED && DPT::MKG && CTR::FR",same,12,603,178,failure,200,401515970,2007579.850
covercrypt,classic,089a548,"SEC::$ && CTR::FR","SEC::MED && DPT::MKG && CTR::$",same,24,1049,178,failure,200,782685698,3913428.490
covercrypt,classic,089a548,"SEC::$ && CTR::FR","SEC::MED && DPT::$",different,48,1947,178,failure,200,1803507387,9017536.935
covercrypt,classic,089a548,"SEC::$ && CTR::FR","SEC::MED && DPT::$ && CTR::EN",same,24,1049,178,failure,200,836982283,4184911.415
covercrypt,classic,089a548,"SEC::$ && CTR::FR","SEC::MED && DPT::$ && CTR::FR",same,24,1049,178,failure,200,825426107,4127130.535
covercrypt,classic,089a548,"SEC::$ && CTR::FR","SEC::MED && DPT::$ && CTR::$",same,48,1947,178,failure,200,1494022886,7470114.430
covercrypt,classic,089a548,"SEC::$ && CTR::FR","SEC::HIG",different,64,2547,178,failure,200,2023686538,10118432.690
covercrypt,classic,089a548,"SEC::$ && CTR::FR","SEC::HIG && CTR::EN",different,32,1347,178,failure,200,1029798422,5148992.110
covercrypt,classic,089a548,"SEC::$ && CTR::FR","SEC::HIG && CTR::FR",different,32,1347,178,failure,200,1082736788,5413683.940
covercrypt,classic,089a548,"SEC::$ && CTR::FR","SEC::HIG && CTR::$",different,64,2547,178,failure,200,2129528397,10647641.985
covercrypt,classic,089a548,"SEC::$ && CTR::FR","SEC::HIG && DPT::DEV",different,32,1347,178,failure,200,1032680430,5163402.150
covercrypt,classic,089a548,"SEC::$ && CTR::FR","SEC::HIG && DPT::DEV && CTR::EN",same,16,751,178,failure,200,555098126,2775490.630
covercrypt,classic,089a548,"SEC::$ && CTR::FR","SEC::HIG && DPT::DEV && CTR::FR",same,16,751,178,failure,200,633740487,3168702.435
covercrypt,classic,089a548,"SEC::$ && CTR::FR","SEC::HIG && DPT::DEV && CTR::$",same,32,1347,178,failure,200,1214040718,6070203.590
covercrypt,classic,089a548,"SEC::$ && CTR::FR","SEC::HIG && DPT::MKG",different,32,1347,178,failure,200,1071173888,5355869.440
covercrypt,classic,089a548,"SEC::$ && CTR::FR","SEC::HIG && DPT::MKG && CTR::EN",same,16,751,178,failure,200,653987238,3269936.190
covercrypt,classic,089a548,"SEC::$ && CTR::FR","SEC::HIG && DPT::MKG && CTR::FR",same,16,751,178,failure,200,645989385,3229946.925
covercrypt,classic,089a548,"SEC::$ && CTR::FR","SEC::HIG && DPT::MKG && CTR::$",same,32,1347,178,failure,200,1319695050,6598475.250
covercrypt,classic,089a548,"SEC::$ && CTR::FR","SEC::HIG && DPT::$",different,64,2547,178,failure,200,2402339939,12011699.695
covercrypt,classic,089a548,"SEC::$ && CTR::FR","SEC::HIG && DPT::$ && CTR::EN",same,32,1347,178,failure,200,1055077502,5275387.510
covercrypt,classic,089a548,"SEC::$ && CTR::FR","SEC::HIG && DPT::$ && CTR::FR",same,32,1347,178,failure,200,1133110461,5665552.305
covercrypt,classic,089a548,"SEC::$ && CTR::FR","SEC::HIG && DPT::$ && CTR::$",same,64,2547,178,failure,200,2010464828,10052324.140
covercrypt,classic,089a548,"SEC::$ && CTR::FR","SEC::$",different,80,3147,178,success,200,1324617991,6623089.955
covercrypt,classic,089a548,"SEC::$ && CTR::FR","SEC::$ && CTR::EN",different,40,1645,178,failure,200,1243282864,6216414.320
covercrypt,classic,089a548,"SEC::$ && CTR::FR","SEC::$ && CTR::FR",different,40,1645,178,success,200,744190118,3720950.590
covercrypt,classic,089a548,"SEC::$ && CTR::FR","SEC::$ && CTR::$",different,80,3147,178,success,200,1344938788,6724693.940
covercrypt,classic,089a548,"SEC::$ && CTR::FR","SEC::$ && DPT::DEV",different,40,1645,178,success,200,772898554,3864492.770
covercrypt,classic,089a548,"SEC::$ && CTR::FR","SEC::$ && DPT::DEV && CTR::EN",same,20,899,178,failure,200,647299909,3236499.545
covercrypt,classic,089a548,"SEC::$ && CTR::FR","SEC::$ && DPT::DEV && CTR::FR",same,20,899,178,success,200,484465605,2422328.025
covercrypt,classic,089a548,"SEC::$ && CTR::FR","SEC::$ && DPT::DEV && CTR::$",same,40,1645,178,success,200,916853998,4584269.990
covercrypt,classic,089a548,"SEC::$ && CTR::FR","SEC::$ && DPT::MKG",different,40,1645,178,success,200,844555290,4222776.450
covercrypt,classic,089a548,"SEC::$ && CTR::FR","SEC::$ && DPT::MKG && CTR::EN",same,20,899,178,failure,200,713299253,3566496.265
covercrypt,classic,089a548,"SEC::$ && CTR::FR","SEC::$ && DPT::MKG && CTR::FR",same,20,899,178,success,200,479284226,2396421.130
covercrypt,classic,089a548,"SEC::$ && CTR::FR","SEC::$ && DPT::MKG && CTR::$",same,40,1645,178,success,200,832471668,4162358.340
covercrypt,classic,089a548,"SEC::$ && CTR::FR","SEC::$ && DPT::$",different,80,3147,178,success,200,1596243643,7981218.215
covercrypt,classic,089a548,"SEC::$ && CTR::FR","SEC::$ && DPT::$ && CTR::EN",same,40,1645,178,failure,200,1468306156,7341530.780
covercrypt,classic,089a548,"SEC::$ && CTR::FR","SEC::$ && DPT::$ && CTR::FR",same,40,1645,178,success,200,1067606340,5338031.700
covercrypt,classic,089a548,"SEC::$ && CTR::FR","SEC::$ && DPT::$ && CTR::$",same,80,3147,178,success,200,1618755093,8093775.465
covercrypt,classic,089a548,"SEC::$ && DPT::MKG && CTR::FR","CTR::EN",different,40,1645,178,failure,200,1426861465,7134307.325
covercrypt,classic,089a548,"SEC::$ && DPT::MKG && CTR::FR","CTR::FR",different,40,1645,178,success,200,736880879,3684404.395
covercrypt,classic,089a548,"SEC::$ && DPT::MKG && CTR::FR","CTR::$",different,80,3147,178,success,200,1447988924,7239944.620
covercrypt,classic,089a548,"SEC::$ && DPT::MKG && CTR::FR","DPT::DEV",different,40,1645,178,failure,200,1366756977,6833784.885
covercrypt,classic,089a548,"SEC::$ && DPT::MKG && CTR::FR","DPT::DEV && CTR::EN",different,20,899,178,failure,200,667900496,3339502.480
covercrypt,classic,089a548,"SEC::$ && DPT::MKG && CTR::FR","DPT::DEV && CTR::FR",different,20,899,178,failure,200,840060605,4200303.025
covercrypt,classic,089a548,"SEC::$ && DPT::MKG && CTR::FR","DPT::DEV && CTR::$",different,40,1645,178,failure,200,1444571863,7222859.315
covercrypt,classic,089a548,"SEC::$ && DPT::MKG && CTR::FR","DPT::MKG",different,40,1645,178,success,200,793045508,3965227.540
covercrypt,classic,089a548,"SEC::$ && DPT::MKG && CTR::FR","DPT::MKG && CTR::EN",different,20,899,178,failure,200,709469051,3547345.255
covercrypt,classic,089a548,"SEC::$ && DPT::MKG && CTR::FR","DPT::MKG && CTR::FR",different,20,899,178,success,200,469119379,2345596.895
covercrypt,classic,089a548,"SEC::$ && DPT::MKG && CTR::FR","DPT::MKG && CTR::$",different,40,1645,178,success,200,765767785,3828838.925
covercrypt,classic,089a548,"SEC::$ && DPT::MKG && CTR::FR","DPT::$",different,80,3147,178,success,200,1359646719,6798233.595
covercrypt,classic,089a548,"SEC::$ && DPT::MKG && CTR::FR","DPT::$ && CTR::EN",different,40,1645,178,failure,200,1327521677,6637608.385
covercrypt,classic,089a548,"SEC::$ && DPT::MKG && CTR::FR","DPT::$ && CTR::FR",different,40,1645,178,success,200,715501395,3577506.975
covercrypt,classic,089a548,"SEC::$ && DPT::MKG && CTR::FR","DPT::$ && CTR::$",different,80,3147,178,success,200,1223951376,6119756.880
covercrypt,classic,089a548,"SEC::$ && DPT::MKG && CTR::FR","SEC::LOW",different,32,1347,178,failure,200,990540573,4952702.865
covercrypt,classic,089a548,"SEC::$ && DPT::MKG && CTR::FR","SEC::LOW && CTR::EN",different,16,751,178,failure,200,549033553,2745167.765
covercrypt,classic,089a548,"SEC::$ && DPT::MKG && CTR::FR","SEC::LOW && CTR::FR",different,16,751,178,failure,200,561532074,2807660.370
covercrypt,classic,089a548,"SEC::$ && DPT::MKG && CTR::FR","SEC::LOW && CTR::$",different,32,1347,178,failure,200,975809768,4879048.840
covercrypt,classic,089a548,"SEC::$ && DPT::MKG && CTR::FR","SEC::LOW && DPT::DEV",different,16,751,178,failure,200,538263054,2691315.270
covercrypt,classic,089a548,"SEC::$ && DPT::MKG && CTR::FR","SEC::LOW && DPT::DEV && CTR::EN",same,8,455,178,failure,200,366858636,1834293.180
covercrypt,classic,089a548,"SEC::$ && DPT::MKG && CTR::FR","SEC::LOW && DPT::DEV && CTR::FR",same,8,455,178,failure,200,295583774,1477918.870
covercrypt,classic,089a548,"SEC::$ && DPT::MKG && CTR::FR","SEC::LOW && DPT::DEV && CTR::$",same,16,751,178,failure,200,538233723,2691168.615
covercrypt,classic,089a548,"SEC::$ && DPT::MKG && CTR::FR","SEC::LOW && DPT::MKG",different,16,751,178,failure,200,541631016,2708155.080
covercrypt,classic,089a548,"SEC::$ && DPT::MKG && CTR::FR","SEC::LOW && DPT::MKG && CTR::EN",same,8,455,178,failure,200,286359331,1431796.655
covercrypt,classic,089a548,"SEC::$ && DPT::MKG && CTR::FR","SEC::LOW && DPT::MKG && CTR::FR",same,8,455,178,failure,200,316988504,1584942.520
covercrypt,classic,089a548,"SEC::$ && DPT::MKG && CTR::FR","SEC::LOW && DPT::MKG && CTR::$",same,16,751,178,failure,200,585782310,2928911.550
covercrypt,classic,089a548,"SEC::$ && DPT::MKG && CTR::FR","SEC::LOW && DPT::$",different,32,1347,178,failure,200,1227489839,6137449.195
covercrypt,classic,089a548,"SEC::$ && DPT::MKG && CTR::FR","SEC::LOW && DPT::$ && CTR::EN",same,16,751,178,failure,200,591730127,2958650.635
covercrypt,classic,089a548,"SEC::$ && DPT::MKG && CTR::FR","SEC::LOW && DPT::$ && CTR::FR",same,16,751,178,failure,200,563709970,2818549.850
covercrypt,classic,089a548,"SEC::$ && DPT::MKG && CTR::FR","SEC::LOW && DPT::$ && CTR::$",same,32,1347,178,failure,200,1099124847,5495624.235
covercrypt,classic,089a548,"SEC::$ && DPT::MKG && CTR::FR","SEC::MED",different,48,1947,178,failure,200,1583122968,7915614.840
covercrypt,classic,089a548,"SEC::$ && DPT::MKG && CTR::FR","SEC::MED && CTR::EN",different,24,1049,178,failure,200,832482479,4162412.395
covercrypt,classic,089a548,"SEC::$ && DPT::MKG && CTR::FR","SEC::MED && CTR::FR",different,24,1049,178,failure,200,753686598,3768432.990
covercrypt,classic,089a548,"SEC::$ && DPT::MKG && CTR::FR","SEC::MED && CTR::$",different,48,1947,178,failure,200,1467239690,7336198.450
covercrypt,classic,089a548,"SEC::$ && DPT::MKG && CTR::FR","SEC::MED && DPT::DEV",different,24,1049,178,failure,200,861751283,4308756.415
covercrypt,classic,089a548,"SEC::$ && DPT::MKG && CTR::FR","SEC::MED && DPT::DEV && CTR::EN",same,12,603,178,failure,200,499447692,2497238.460
covercrypt,classic,089a548,"SEC::$ && DPT::MKG && CTR::FR","SEC::MED && DPT::DEV && CTR::FR",same,12,603,178,failure,200,448536756,2242683.780
covercrypt,classic,089a548,"SEC::$ && DPT::MKG && CTR::FR","SEC::MED && DPT::DEV && CTR::$",same,24,1049,178,failure,200,814137973,4070689.865
covercrypt,classic,089a548,"SEC::$ && DPT::MKG && CTR::FR","SEC::MED && DPT::MKG",different,24,1049,178,failure,200,842641135,4213205.675
covercrypt,classic,089a548,"SEC::$ && DPT::MKG && CTR::FR","SEC::MED && DPT::MKG && CTR::EN",same,12,603,178,failure,200,408289148,2041445.740
covercrypt,classic,089a548,"SEC::$ && DPT::MKG && CTR::FR","SEC::MED && DPT::MKG && CTR::FR",same,12,603,178,failure,200,449859650,2249298.250
covercrypt,classic,089a548,"SEC::$ && DPT::MKG && CTR::FR","SEC::MED && DPT::MKG && CTR::$",same,24,1049,178,failure,200,808713769,4043568.845
covercrypt,classic,089a548,"SEC::$ && DPT::MKG && CTR::FR","SEC::MED && DPT::$",different,48,1947,178,failure,200,1740446092,8702230.460
covercrypt,classic,089a548,"SEC::$ && DPT::MKG && CTR::FR","SEC::MED && DPT::$ && CTR::EN",same,24,1049,178,failure,200,1445601568,7228007.840
covercrypt,classic,089a548,"SEC::$ && DPT::MKG && CTR::FR","SEC::MED && DPT::$ && CTR::FR",same,24,1049,178,failure,200,928825251,4644126.255
covercrypt,classic,089a548,"SEC::$ && DPT::MKG && CTR::FR","SEC::MED && DPT::$ && CTR::$",same,48,1947,178,failure,200,1994870541,9974352.705
covercrypt,classic,089a548,"SEC::$ && DPT::MKG && CTR::FR","SEC::HIG",different,64,2547,178,failure,200,2478005593,12390027.965
covercrypt,classic,089a548,"SEC::$ && DPT::MKG && CTR::FR","SEC::HIG && CTR::EN",different,32,1347,178,failure,200,1402632362,7013161.810
covercrypt,classic,089a548,"SEC::$ && DPT::MKG && CTR::FR","SEC::HIG && CTR::FR",different,32,1347,178,failure,200,1371483302,6857416.510
covercrypt,classic,089a548,"SEC::$ && DPT::MKG && CTR::FR","SEC::HIG && CTR::$",different,64,2547,178,failure,200,2685488373,13427441.865
covercrypt,classic,089a548,"SEC::$ && DPT::MKG && CTR::FR","SEC::HIG && DPT::DEV",different,32,1347,178,failure,200,1222740678,6113703.390
covercrypt,classic,089a548,"SEC::$ && DPT::MKG && CTR::FR","SEC::HIG && DPT::DEV && CTR::EN",same,16,751,178,failure,200,709546890,3547734.450
covercrypt,classic,089a548,"SEC::$ && DPT::MKG && CTR::FR","SEC::HIG && DPT::DEV && CTR::FR",same,16,751,178,failure,200,744821743,3724108.715
covercrypt,classic,089a548,"SEC::$ && DPT::MKG && CTR::FR","SEC::HIG && DPT::DEV && CTR::$",same,32,1347,178,failure,200,1527549349,7637746.745
covercrypt,classic,089a548,"SEC::$ && DPT::MKG && CTR::FR","SEC::HIG && DPT::MKG",different,32,1347,178,failure,200,1699789315,8498946.575
covercrypt,classic,089a548,"SEC::$ && DPT::MKG && CTR::FR","SEC::HIG && DPT::MKG && CTR::EN",same,16,751,178,failure,200,778555035,3892775.175
covercrypt,classic,089a548,"SEC::$ && DPT::MKG && CTR::FR","SEC::HIG && DPT::MKG && CTR::FR",same,16,751,178,failure,200,846846857,4234234.285
covercrypt,classic,089a548,"SEC::$ && DPT::MKG && CTR::FR","SEC::HIG && DPT::MKG && CTR::$",same,32,1347,178,failure,200,1332426570,6662132.850
covercrypt,classic,089a548,"SEC::$ && DPT::MKG && CTR::FR","SEC::HIG && DPT::$",different,64,2547,178,failure,200,2677618456,13388092.280
covercrypt,classic,089a548,"SEC::$ && DPT::MKG && CTR::FR","SEC::HIG && DPT::$ && CTR::EN",same,32,1347,178,failure,200,1206363857,6031819.285
covercrypt,classic,089a548,"SEC::$ && DPT::MKG && CTR::FR","SEC::HIG && DPT::$ && CTR::FR",same,32,1347,178,failure,200,1435381617,7176908.085
covercrypt,classic,089a548,"SEC::$ && DPT::MKG && CTR::FR","SEC::HIG && DPT::$ && CTR::$",same,64,2547,178,failure,200,2574962407,12874812.035
covercrypt,classic,089a548,"SEC::$ && DPT::MKG && CTR::FR","SEC::$",different,80,3147,178,success,200,1292184602,6460923.010
covercrypt,classic,089a548,"SEC::$ && DPT::MKG && CTR::FR","SEC::$ && CTR::EN",different,40,1645,178,failure,200,1423687148,7118435.740
covercrypt,classic,089a548,"SEC::$ && DPT::MKG && CTR::FR","SEC::$ && CTR::FR",different,40,1645,178,success,200,834292150,4171460.750
covercrypt,classic,089a548,"SEC::$ && DPT::MKG && CTR::FR","SEC::$ && CTR::$",different,80,3147,178,success,200,1324763128,6623815.640
covercrypt,classic,089a548,"SEC::$ && DPT::MKG && CTR::FR","SEC::$ && DPT::DEV",different,40,1645,178,failure,200,1408837299,7044186.495
covercrypt,classic,089a548,"SEC::$ && DPT::MKG && CTR::FR","SEC::$ && DPT::DEV && CTR::EN",same,20,899,178,failure,200,744008721,3720043.605
covercrypt,classic,089a548,"SEC::$ && DPT::MKG && CTR::FR","SEC::$ && DPT::DEV && CTR::FR",same,20,899,178,failure,200,825390429,4126952.145
covercrypt,classic,089a548,"SEC::$ && DPT::MKG && CTR::FR","SEC::$ && DPT::DEV && CTR::$",same,40,1645,178,failure,200,1275059020,6375295.100
covercrypt,classic,089a548,"SEC::$ && DPT::MKG && CTR::FR","SEC::$ && DPT::MKG",different,40,1645,178,success,200,709546690,3547733.450
covercrypt,classic,089a548,"SEC::$ && DPT::MKG && CTR::FR","SEC::$ && DPT::MKG && CTR::EN",same,20,899,178,failure,200,708793004,3543965.020
covercrypt,classic,089a548,"SEC::$ && DPT::MKG && CTR::FR","SEC::$ && DPT::MKG && CTR::FR",same,20,899,178,success,200,438266916,2191334.580
covercrypt,classic,089a548,"SEC::$ && DPT::MKG && CTR::FR","SEC::$ && DPT::MKG && CTR::$",same,40,1645,178,success,200,729555273,3647776.365
covercrypt,classic,089a548,"SEC::$ && DPT::MKG && CTR::FR","SEC::$ && DPT::$",different,80,3147,178,success,200,1423271893,7116359.465
covercrypt,classic,089a548,"SEC::$ && DPT::MKG && CTR::FR","SEC::$ && DPT::$ && CTR::EN",same,40,1645,178,failure,200,1323282466,6616412.330
covercrypt,classic,089a548,"SEC::$ && DPT::MKG && CTR::FR","SEC::$ && DPT::$ && CTR::FR",same,40,1645,178,success,200,787656912,3938284.560
covercrypt,classic,089a548,"SEC::$ && DPT::MKG && CTR::FR","SEC::$ && DPT::$ && CTR::$",same,80,3147,178,success,200,1393174657,6965873.285
covercrypt,classic,089a548,"CTR::$","CTR::EN",different,40,1645,178,failure,200,1969975487,9849877.435
covercrypt,classic,089a548,"CTR::$","CTR::FR",different,40,1645,178,failure,200,2829999304,14149996.520
covercrypt,classic,089a548,"CTR::$","CTR::$",different,80,3147,178,success,200,3241760085,16208800.425
covercrypt,classic,089a548,"CTR::$","DPT::DEV",different,40,1645,178,success,200,1820137052,9100685.260
covercrypt,classic,089a548,"CTR::$","DPT::DEV && CTR::EN",different,20,899,178,failure,200,1831712281,9158561.405
covercrypt,classic,089a548,"CTR::$","DPT::DEV && CTR::FR",different,20,899,178,failure,200,1770564835,8852824.175
covercrypt,classic,089a548,"CTR::$","DPT::DEV && CTR::$",different,40,1645,178,success,200,2181229973,10906149.865
covercrypt,classic,089a548,"CTR::$","DPT::MKG",different,40,1645,178,success,200,1906416603,9532083.015
covercrypt,classic,089a548,"CTR::$","DPT::MKG && CTR::EN",different,20,899,178,failure,200,1891767521,9458837.605
covercrypt,classic,089a548,"CTR::$","DPT::MKG && CTR::FR",different,20,899,178,failure,200,1863947173,9319735.865
covercrypt,classic,089a548,"CTR::$","DPT::MKG && CTR::$",different,40,1645,178,success,200,2051220420,10256102.100
covercrypt,classic,089a548,"CTR::$","DPT::$",different,80,3147,178,success,200,3943721498,19718607.490
covercrypt,classic,089a548,"CTR::$","DPT::$ && CTR::EN",different,40,1645,178,failure,200,3689988884,18449944.420
covercrypt,classic,089a548,"CTR::$","DPT::$ && CTR::FR",different,40,1645,178,failure,200,3130559422,15652797.110
covercrypt,classic,089a548,"CTR::$","DPT::$ && CTR::$",different,80,3147,178,success,200,2572472847,12862364.235
covercrypt,classic,089a548,"CTR::$","SEC::LOW",different,32,1347,178,success,200,885746044,4428730.220
covercrypt,classic,089a548,"CTR::$","SEC::LOW && CTR::EN",different,16,751,178,failure,200,853523120,4267615.600
covercrypt,classic,089a548,"CTR::$","SEC::LOW && CTR::FR",different,16,751,178,failure,200,959664805,4798324.025
covercrypt,classic,089a548,"CTR::$","SEC::LOW && CTR::$",different,32,1347,178,success,200,1222146268,6110731.340
covercrypt,classic,089a548,"CTR::$","SEC::LOW && DPT::DEV",different,16,751,178,success,200,838095884,4190479.420
covercrypt,classic,089a548,"CTR::$","SEC::LOW && DPT::DEV && CTR::EN",same,8,455,178,failure,200,699375037,3496875.185
covercrypt,classic,089a548,"CTR::$","SEC::LOW && DPT::DEV && CTR::FR",same,8,455,178,failure,200,598821523,2994107.615
covercrypt,classic,089a548,"CTR::$","SEC::LOW && DPT::DEV && CTR::$",same,16,751,178,success,200,750388132,3751940.660
covercrypt,classic,089a548,"CTR::$","SEC::LOW && DPT::MKG",different,16,751,178,success,200,739750170,3698750.850
covercrypt,classic,089a548,"CTR::$","SEC::LOW && DPT::MKG && CTR::EN",same,8,455,178,failure,200,713779242,3568896.210
covercrypt,classic,089a548,"CTR::$","SEC::LOW && DPT::MKG && CTR::FR",same,8,455,178,failure,200,672331926,3361659.630
covercrypt,classic,089a548,"CTR::$","SEC::LOW && DPT::MKG && CTR::$",same,16,751,178,success,200,887027547,4435137.735
covercrypt,classic,089a548,"CTR::$","SEC::LOW && DPT::$",different,32,1347,178,success,200,1396311629,6981558.145
covercrypt,classic,089a548,"CTR::$","SEC::LOW && DPT::$ && CTR::EN",same,16,751,178,failure,200,1202290366,6011451.830
covercrypt,classic,089a548,"CTR::$","SEC::LOW && DPT::$ && CTR::FR",same,16,751,178,failure,200,989093191,4945465.955
covercrypt,classic,089a548,"CTR::$","SEC::LOW && DPT::$ && CTR::$",same,32,1347,178,success,200,1342161843,6710809.215
covercrypt,classic,089a548,"CTR::$","SEC::MED",different,48,1947,178,success,200,1463919345,7319596.725
covercrypt,classic,089a548,"CTR::$","SEC::MED && CTR::EN",different,24,1049,178,failure,200,1214324536,6071622.680
covercrypt,classic,089a548,"CTR::$","SEC::MED && CTR::FR",different,24,1049,178,failure,200,938423544,4692117.720
covercrypt,classic,089a548,"CTR::$","SEC::MED && CTR::$",different,48,1947,178,success,200,1004460144,5022300.720
covercrypt,classic,089a548,"CTR::$","SEC::MED && DPT::DEV",different,24,1049,178,success,200,587206681,2936033.405
covercrypt,classic,089a548,"CTR::$","SEC::MED && DPT::DEV && CTR::EN",same,12,603,178,failure,200,492440350,2462201.750
covercrypt,classic,089a548,"CTR::$","SEC::MED && DPT::DEV && CTR::FR",same,12,603,178,failure,200,569869612,2849348.060
covercrypt,classic,089a548,"CTR::$","SEC::MED && DPT::DEV && CTR::$",same,24,1049,178,success,200,718519437,3592597.185
covercrypt,classic,089a548,"CTR::$","SEC::MED && DPT::MKG",different,24,1049,178,success,200,713379472,3566897.360
covercrypt,classic,089a548,"CTR::$","SEC::MED && DPT::MKG && CTR::EN",same,12,603,178,failure,200,511899589,2559497.945
covercrypt,classic,089a548,"CTR::$","SEC::MED && DPT::MKG && CTR::FR",same,12,603,178,failure,200,494673951,2473369.755
covercrypt,classic,089a548,"CTR::$","SEC::MED && DPT::MKG && CTR::$",same,24,1049,178,success,200,605431168,3027155.840
covercrypt,classic,089a548,"CTR::$","SEC::MED && DPT::$",different,48,1947,178,success,200,910652382,4553261.910
covercrypt,classic,089a548,"CTR::$","SEC::MED && DPT::$ && CTR::EN",same,24,1049,178,failure,200,888507533,4442537.665
covercrypt,classic,089a548,"CTR::$","SEC::MED && DPT::$ && CTR::FR",same,24,1049,178,failure,200,923941963,4619709.815
covercrypt,classic,089a548,"CTR::$","SEC::MED && DPT::$ && CTR::$",same,48,1947,178,success,200,1675334499,8376672.495
covercrypt,classic,089a548,"CTR::$","SEC::HIG",different,64,2547,178,success,200,2613323408,13066617.040
covercrypt,classic,089a548,"CTR::$","SEC::HIG && CTR::EN",different,32,1347,178,failure,200,2636288803,13181444.015
covercrypt,classic,089a548,"CTR::$","SEC::HIG && CTR::FR",different,32,1347,178,failure,200,2458524027,12292620.135
covercrypt,classic,089a548,"CTR::$","SEC::HIG && CTR::$",different,64,2547,178,success,200,2806989116,14034945.580
covercrypt,classic,089a548,"CTR::$","SEC::HIG && DPT::DEV",different,32,1347,178,success,200,1703490600,8517453.000
covercrypt,classic,089a548,"CTR::$","SEC::HIG && DPT::DEV && CTR::EN",same,16,751,178,failure,200,1331328668,6656643.340
covercrypt,classic,089a548,"CTR::$","SEC::HIG && DPT::DEV && CTR::FR",same,16,751,178,failure,200,1368130185,6840650.925
covercrypt,classic,089a548,"CTR::$","SEC::HIG && DPT::DEV && CTR::$",same,32,1347,178,success,200,1528633649,7643168.245
covercrypt,classic,089a548,"CTR::$","SEC::HIG && DPT::MKG",different,32,1347,178,success,200,1458557807,7292789.035
covercrypt,classic,089a548,"CTR::$","SEC::HIG && DPT::MKG && CTR::EN",same,16,751,178,failure,200,1461874718,7309373.590
covercrypt,classic,089a548,"CTR::$","SEC::HIG && DPT::MKG && CTR::FR",same,16,751,178,failure,200,1341820055,6709100.275
covercrypt,classic,089a548,"CTR::$","SEC::HIG && DPT::MKG && CTR::$",same,32,1347,178,success,200,1605991292,8029956.460
covercrypt,classic,089a548,"CTR::$","SEC::HIG && DPT::$",different,64,2547,178,success,200,3128879118,15644395.590
covercrypt,classic,089a548,"CTR::$","SEC::HIG && DPT::$ && CTR::EN",same,32,1347,178,failure,200,2711528002,13557640.010
covercrypt,classic,089a548,"CTR::$","SEC::HIG && DPT::$ && CTR::FR",same,32,1347,178,failure,200,2553147479,12765737.395
covercrypt,classic,089a548,"CTR::$","SEC::HIG && DPT::$ && CTR::$",same,64,2547,178,success,200,2734522568,13672612.840
covercrypt,classic,089a548,"CTR::$","SEC::$",different,80,3147,178,success,200,3776965113,18884825.565
covercrypt,classic,089a548,"CTR::$","SEC::$ && CTR::EN",different,40,1645,178,failure,200,3509842224,17549211.120
covercrypt,classic,089a548,"CTR::$","SEC::$ && CTR::FR",different,40,1645,178,failure,200,3606895326,18034476.630
covercrypt,classic,089a548,"CTR::$","SEC::$ && CTR::$",different,80,3147,178,success,200,3838147674,19190738.370
covercrypt,classic,089a548,"CTR::$","SEC::$ && DPT::DEV",different,40,1645,178,success,200,2145916752,10729583.760
covercrypt,classic,089a548,"CTR::$","SEC::$ && DPT::DEV && CTR::EN",same,20,899,178,failure,200,1771436374,8857181.870
covercrypt,classic,089a548,"CTR::$","SEC::$ && DPT::DEV && CTR::FR",same,20,899,178,failure,200,1816268431,9081342.155
covercrypt,classic,089a548,"CTR::$","SEC::$ && DPT::DEV && CTR::$",same,40,1645,178,success,200,2108064044,10540320.220
covercrypt,classic,089a548,"CTR::$","SEC::$ && DPT::MKG",different,40,1645,178,success,200,2067977075,10339885.375
covercrypt,classic,089a548,"CTR::$","SEC::$ && DPT::MKG && CTR::EN",same,20,899,178,failure,200,1896204594,9481022.970
covercrypt,classic,089a548,"CTR::$","SEC::$ && DPT::MKG && CTR::FR",same,20,899,178,failure,200,1874467788,9372338.940
covercrypt,classic,089a548,"CTR::$","SEC::$ && DPT::MKG && CTR::$",same,40,1645,178,success,200,2083121995,10415609.975
covercrypt,classic,089a548,"CTR::$","SEC::$ && DPT::$",different,80,3147,178,success,200,3324913108,16624565.540
covercrypt,classic,089a548,"CTR::$","SEC::$ && DPT::$ && CTR::EN",same,40,1645,178,failure,200,3548266290,17741331.450
covercrypt,classic,089a548,"CTR::$","SEC::$ && DPT::$ && CTR::FR",same,40,1645,178,failure,200,3593673654,17968368.270
covercrypt,classic,089a548,"CTR::$","SEC::$ && DPT::$ && CTR::$",same,80,3147,178,success,200,3754394478,18771972.390
covercrypt,classic,089a548,"DPT::MKG && CTR::$","CTR::EN",different,40,1645,178,failure,200,3438368903,17191844.515
covercrypt,classic,089a548,"DPT::MKG && CTR::$","CTR::FR",different,40,1645,178,failure,200,3405506239,17027531.195
covercrypt,classic,089a548,"DPT::MKG && CTR::$","CTR::$",different,80,3147,178,success,200,3868782358,19343911.790
covercrypt,classic,089a548,"DPT::MKG && CTR::$","DPT::DEV",different,40,1645,178,failure,200,3438161827,17190809.135
covercrypt,classic,089a548,"DPT::MKG && CTR::$","DPT::DEV && CTR::EN",different,20,899,178,failure,200,1809365790,9046828.950
covercrypt,classic,089a548,"DPT::MKG && CTR::$","DPT::DEV && CTR::FR",different,20,899,178,failure,200,1785772893,8928864.465
covercrypt,classic,089a548,"DPT::MKG && CTR::$","DPT::DEV && CTR::$",different,40,1645,178,failure,200,3421487568,17107437.840
covercrypt,classic,089a548,"DPT::MKG && CTR::$","DPT::MKG",different,40,1645,178,success,200,2067595013,10337975.065
covercrypt,classic,089a548,"DPT::MKG && CTR::$","DPT::MKG && CTR::EN",different,20,899,178,failure,200,1909306917,9546534.585
covercrypt,classic,089a548,"DPT::MKG && CTR::$","DPT::MKG && CTR::FR",different,20,899,178,failure,200,1891127413,9455637.065
covercrypt,classic,089a548,"DPT::MKG && CTR::$","DPT::MKG && CTR::$",different,40,1645,178,success,200,2145943268,10729716.340
covercrypt,classic,089a548,"DPT::MKG && CTR::$","DPT::$",different,80,3147,178,success,200,3764562319,18822811.595
covercrypt,classic,089a548,"DPT::MKG && CTR::$","DPT::$ && CTR::EN",different,40,1645,178,failure,200,3401861406,17009307.030
covercrypt,classic,089a548,"DPT::MKG && CTR::$","DPT::$ && CTR::FR",different,40,1645,178,failure,200,3537774447,17688872.235
covercrypt,classic,089a548,"DPT::MKG && CTR::$","DPT::$ && CTR::$",different,80,3147,178,success,200,3346304017,16731520.085
covercrypt,classic,089a548,"DPT::MKG && CTR::$","SEC::LOW",different,32,1347,178,success,200,1745241294,8726206.470
covercrypt,classic,089a548,"DPT::MKG && CTR::$","SEC::LOW && CTR::EN",different,16,751,178,failure,200,1463313107,7316565.535
covercrypt,classic,089a548,"DPT::MKG && CTR::$","SEC::LOW && CTR::FR",different,16,751,178,failure,200,1498039531,7490197.655
covercrypt,classic,089a548,"DPT::MKG && CTR::$","SEC::LOW && CTR::$",different,32,1347,178,success,200,1667717489,8338587.445
covercrypt,classic,089a548,"DPT::MKG && CTR::$","SEC::LOW && DPT::DEV",different,16,751,178,failure,200,1545167565,7725837.825
covercrypt,classic,089a548,"DPT::MKG && CTR::$","SEC::LOW && DPT::DEV && CTR::EN",same,8,455,178,failure,200,877377815,4386889.075
covercrypt,classic,089a548,"DPT::MKG && CTR::$","SEC::LOW && DPT::DEV && CTR::FR",same,8,455,178,failure,200,847714926,4238574.630
covercrypt,classic,089a548,"DPT::MKG && CTR::$","SEC::LOW && DPT::DEV && CTR::$",same,16,751,178,failure,200,1564709328,7823546.640
covercrypt,classic,089a548,"DPT::MKG && CTR::$","SEC::LOW && DPT::MKG",different,16,751,178,success,200,1019523112,5097615.560
covercrypt,classic,089a548,"DPT::MKG && CTR::$","SEC::LOW && DPT::MKG && CTR::EN",same,8,455,178,failure,200,798342155,3991710.775
covercrypt,classic,089a548,"DPT::MKG && CTR::$","SEC::LOW && DPT::MKG && CTR::FR",same,8,455,178,failure,200,830403511,4152017.555
covercrypt,classic,089a548,"DPT::MKG && CTR::$","SEC::LOW && DPT::MKG && CTR::$",same,16,751,178,success,200,983185708,4915928.540
covercrypt,classic,089a548,"DPT::MKG && CTR::$","SEC::LOW && DPT::$",different,32,1347,178,success,200,1683381186,8416905.930
covercrypt,classic,089a548,"DPT::MKG && CTR::$","SEC::LOW && DPT::$ && CTR::EN",same,16,751,178,failure,200,1542653003,7713265.015
covercrypt,classic,089a548,"DPT::MKG && CTR::$","SEC::LOW && DPT::$ && CTR::FR",same,16,751,178,failure,200,1542694596,7713472.980
covercrypt,classic,089a548,"DPT::MKG && CTR::$","SEC::LOW && DPT::$ && CTR::$",same,32,1347,178,success,200,1713815169,8569075.845
covercrypt,classic,089a548,"DPT::MKG && CTR::$","SEC::MED",different,48,1947,178,success,200,2544231060,12721155.300
covercrypt,classic,089a548,"DPT::MKG && CTR::$","SEC::MED && CTR::EN",different,24,1049,178,failure,200,2166861943,10834309.715
covercrypt,classic,089a548,"DPT::MKG && CTR::$","SEC::MED && CTR::FR",different,24,1049,178,failure,200,2129372703,10646863.515
covercrypt,classic,089a548,"DPT::MKG && CTR::$","SEC::MED && CTR::$",different,48,1947,178,success,200,2390105162,11950525.810
covercrypt,classic,089a548,"DPT::MKG && CTR::$","SEC::MED && DPT::DEV",different,24,1049,178,failure,200,2163679435,10818397.175
covercrypt,classic,089a548,"DPT::MKG && CTR::$","SEC::MED && DPT::DEV && CTR::EN",same,12,603,178,failure,200,1131106769,5655533.845
covercrypt,classic,089a548,"DPT::MKG && CTR::$","SEC::MED && DPT::DEV && CTR::FR",same,12,603,178,failure,200,1148353243,5741766.215
covercrypt,classic,089a548,"DPT::MKG && CTR::$","SEC::MED && DPT::DEV && CTR::$",same,24,1049,178,failure,200,2162430523,10812152.615
covercrypt,classic,089a548,"DPT::MKG && CTR::$","SEC::MED && DPT::MKG",different,24,1049,178,success,200,1414972077,7074860.385
covercrypt,classic,089a548,"DPT::MKG && CTR::$","SEC::MED && DPT::MKG && CTR::EN",same,12,603,178,failure,200,1187818349,5939091.745
covercrypt,classic,089a548,"DPT::MKG && CTR::$","SEC::MED && DPT::MKG && CTR::FR",same,12,603,178,failure,200,1205739645,6028698.225
covercrypt,classic,089a548,"DPT::MKG && CTR::$","SEC::MED && DPT::MKG && CTR::$",same,24,1049,178,success,200,1285741835,6428709.175
covercrypt,classic,089a548,"DPT::MKG && CTR::$","SEC::MED && DPT::$",different,48,1947,178,success,200,2318289257,11591446.285
covercrypt,classic,089a548,"DPT::MKG && CTR::$","SEC::MED && DPT::$ && CTR::EN",same,24,1049,178,failure,200,2209261248,11046306.240
covercrypt,classic,089a548,"DPT::MKG && CTR::$","SEC::MED && DPT::$ && CTR::FR",same,24,1049,178,failure,200,2234883997,11174419.985
covercrypt,classic,089a548,"DPT::MKG && CTR::$","SEC::MED && DPT::$ && CTR::$",same,48,1947,178,success,200,2211055773,11055278.865
covercrypt,classic,089a548,"DPT::MKG && CTR::$","SEC::HIG",different,64,2547,178,success,200,2551961962,12759809.810
covercrypt,classic,089a548,"DPT::MKG && CTR::$","SEC::HIG && CTR::EN",different,32,1347,178,failure,200,2826245166,14131225.830
covercrypt,classic,089a548,"DPT::MKG && CTR::$","SEC::HIG && CTR::FR",different,32,1347,178,failure,200,2679354209,13396771.045
covercrypt,classic,089a548,"DPT::MKG && CTR::$","SEC::HIG && CTR::$",different,64,2547,178,success,200,3032854209,15164271.045
covercrypt,classic,089a548,"DPT::MKG && CTR::$","SEC::HIG && DPT::DEV",different,32,1347,178,failure,200,2796040348,13980201.740
covercrypt,classic,089a548,"DPT::MKG && CTR::$","SEC::HIG && DPT::DEV && CTR::EN",same,16,751,178,failure,200,1508742921,7543714.605
covercrypt,classic,089a548,"DPT::MKG && CTR::$","SEC::HIG && DPT::DEV && CTR::FR",same,16,751,178,failure,200,1492324563,7461622.815
covercrypt,classic,089a548,"DPT::MKG && CTR::$","SEC::HIG && DPT::DEV && CTR::$",same,32,1347,178,failure,200,2872599371,14362996.855
covercrypt,classic,089a548,"DPT::MKG && CTR::$","SEC::HIG && DPT::MKG",different,32,1347,178,success,200,1876616794,9383083.970
covercrypt,classic,089a548,"DPT::MKG && CTR::$","SEC::HIG && DPT::MKG && CTR::EN",same,16,751,178,failure,200,1512851657,7564258.285
covercrypt,classic,089a548,"DPT::MKG && CTR::$","SEC::HIG && DPT::MKG && CTR::FR",same,16,751,178,failure,200,1460859268,7304296.340
covercrypt,classic,089a548,"DPT::MKG && CTR::$","SEC::HIG && DPT::MKG && CTR::$",same,32,1347,178,success,200,1666890468,8334452.340
covercrypt,classic,089a548,"DPT::MKG && CTR::$","SEC::HIG && DPT::$",different,64,2547,178,success,200,3356208085,16781040.425
covercrypt,classic,089a548,"DPT::MKG && CTR::$","SEC::HIG && DPT::$ && CTR::EN",same,32,1347,178,failure,200,2934710684,14673553.420
covercrypt,classic,089a548,"DPT::MKG && CTR::$","SEC::HIG && DPT::$ && CTR::FR",same,32,1347,178,failure,200,2814418281,14072091.405
covercrypt,classic,089a548,"DPT::MKG && CTR::$","SEC::HIG && DPT::$ && CTR::$",same,64,2547,178,success,200,3178410250,15892051.250
covercrypt,classic,089a548,"DPT::MKG && CTR::$","SEC::$",different,80,3147,178,success,200,3933754599,19668772.995
covercrypt,classic,089a548,"DPT::MKG && CTR::$","SEC::$ && CTR::EN",different,40,1645,178,failure,200,3521929279,17609646.395
covercrypt,classic,089a548,"DPT::MKG && CTR::$","SEC::$ && CTR::FR",different,40,1645,178,failure,200,3625914201,18129571.005
covercrypt,classic,089a548,"DPT::MKG && CTR::$","SEC::$ && CTR::$",different,80,3147,178,success,200,3780333888,18901669.440
covercrypt,classic,089a548,"DPT::MKG && CTR::$","SEC::$ && DPT::DEV",different,40,1645,178,failure,200,3528961577,17644807.885
covercrypt,classic,089a548,"DPT::MKG && CTR::$","SEC::$ && DPT::DEV && CTR::EN",same,20,899,178,failure,200,1860853821,9304269.105
covercrypt,classic,089a548,"DPT::MKG && CTR::$","SEC::$ && DPT::DEV && CTR::FR",same,20,899,178,failure,200,1936240577,9681202.885
covercrypt,classic,089a548,"DPT::MKG && CTR::$","SEC::$ && DPT::DEV && CTR::$",same,40,1645,178,failure,200,3623343600,18116718.000
covercrypt,classic,089a548,"DPT::MKG && CTR::$","SEC::$ && DPT::MKG",different,40,1645,178,success,200,1987088275,9935441.375
covercrypt,classic,089a548,"DPT::MKG && CTR::$","SEC::$ && DPT::MKG && CTR::EN",same,20,899,178,failure,200,1862947260,9314736.300
covercrypt,classic,089a548,"DPT::MKG && CTR::$","SEC::$ && DPT::MKG && CTR::FR",same,20,899,178,failure,200,1845794906,9228974.530
covercrypt,classic,089a548,"DPT::MKG && CTR::$","SEC::$ && DPT::MKG && CTR::$",same,40,1645,178,success,200,2020705233,10103526.165
covercrypt,classic,089a548,"DPT::MKG && CTR::$","SEC::$ && DPT::$",different,80,3147,178,success,200,3556568098,17782840.490
covercrypt,classic,089a548,"DPT::MKG && CTR::$","SEC::$ && DPT::$ && CTR::EN",same,40,1645,178,failure,200,3489876667,17449383.335
covercrypt,classic,089a548,"DPT::MKG && CTR::$","SEC::$ && DPT::$ && CTR::FR",same,40,1645,178,failure,200,3689576199,18447880.995
covercrypt,classic,089a548,"DPT::MKG && CTR::$","SEC::$ && DPT::$ && CTR::$",same,80,3147,178,success,200,3749195796,18745978.980
covercrypt,classic,089a548,"SEC::LOW && CTR::$","CTR::EN",different,40,1645,178,failure,200,3496078435,17480392.175
covercrypt,classic,089a548,"SEC::LOW && CTR::$","CTR::FR",different,40,1645,178,failure,200,3652130026,18260650.130
covercrypt,classic,089a548,"SEC::LOW && CTR::$","CTR::$",different,80,3147,178,success,200,3829073006,19145365.030
covercrypt,classic,089a548,"SEC::LOW && CTR::$","DPT::DEV",different,40,1645,178,success,200,1987398955,9936994.775
covercrypt,classic,089a548,"SEC::LOW && CTR::$","DPT::DEV && CTR::EN",different,20,899,178,failure,200,1925345779,9626728.895
covercrypt,classic,089a548,"SEC::LOW && CTR::$","DPT::DEV && CTR::FR",different,20,899,178,failure,200,1856781105,9283905.525
covercrypt,classic,089a548,"SEC::LOW && CTR::$","DPT::DEV && CTR::$",different,40,1645,178,success,200,1967128707,9835643.535
covercrypt,classic,089a548,"SEC::LOW && CTR::$","DPT::MKG",different,40,1645,178,success,200,1979571302,9897856.510
covercrypt,classic,089a548,"SEC::LOW && CTR::$","DPT::MKG && CTR::EN",different,20,899,178,failure,200,1825091494,9125457.470
covercrypt,classic,089a548,"SEC::LOW && CTR::$","DPT::MKG && CTR::FR",different,20,899,178,failure,200,1825354261,9126771.305
covercrypt,classic,089a548,"SEC::LOW && CTR::$","DPT::MKG && CTR::$",different,40,1645,178,success,200,2021147489,10105737.445
covercrypt,classic,089a548,"SEC::LOW && CTR::$","DPT::$",different,80,3147,178,success,200,3603727458,18018637.290
covercrypt,classic,089a548,"SEC::LOW && CTR::$","DPT::$ && CTR::EN",different,40,1645,178,failure,200,3596463163,17982315.815
covercrypt,classic,089a548,"SEC::LOW && CTR::$","DPT::$ && CTR::FR",different,40,1645,178,failure,200,3545842213,17729211.065
covercrypt,classic,089a548,"SEC::LOW && CTR::$","DPT::$ && CTR::$",different,80,3147,178,success,200,4070099416,20350497.080
covercrypt,classic,089a548,"SEC::LOW && CTR::$","SEC::LOW",different,32,1347,178,success,200,1618655018,8093275.090
covercrypt,classic,089a548,"SEC::LOW && CTR::$","SEC::LOW && CTR::EN",different,16,751,178,failure,200,1502016559,7510082.795
covercrypt,classic,089a548,"SEC::LOW && CTR::$","SEC::LOW && CTR::FR",different,16,751,178,failure,200,1450419491,7252097.455
covercrypt,classic,089a548,"SEC::LOW && CTR::$","SEC::LOW && CTR::$",different,32,1347,178,success,200,1669971405,8349857.025
covercrypt,classic,089a548,"SEC::LOW && CTR::$","SEC::LOW && DPT::DEV",different,16,751,178,success,200,983934232,4919671.160
covercrypt,classic,089a548,"SEC::LOW && CTR::$","SEC::LOW && DPT::DEV && CTR::EN",same,8,455,178,failure,200,857875624,4289378.120
covercrypt,classic,089a548,"SEC::LOW && CTR::$","SEC::LOW && DPT::DEV && CTR::FR",same,8,455,178,failure,200,812492217,4062461.085
covercrypt,classic,089a548,"SEC::LOW && CTR::$","SEC::LOW && DPT::DEV && CTR::$",same,16,751,178,success,200,1062981731,5314908.655
covercrypt,classic,089a548,"SEC::LOW && CTR::$","SEC::LOW && DPT::MKG",different,16,751,178,success,200,1033907947,5169539.735
covercrypt,classic,089a548,"SEC::LOW && CTR::$","SEC::LOW && DPT::MKG && CTR::EN",same,8,455,178,failure,200,831773877,4158869.385
covercrypt,classic,089a548,"SEC::LOW && CTR::$","SEC::LOW && DPT::MKG && CTR::FR",same,8,455,178,failure,200,845933356,4229666.780
covercrypt,classic,089a548,"SEC::LOW && CTR::$","SEC::LOW && DPT::MKG && CTR::$",same,16,751,178,success,200,1034874606,5174373.030
covercrypt,classic,089a548,"SEC::LOW && CTR::$","SEC::LOW && DPT::$",different,32,1347,178,success,200,1718202736,8591013.680
covercrypt,classic,089a548,"SEC::LOW && CTR::$","SEC::LOW && DPT::$ && CTR::EN",same,16,751,178,failure,200,1552973854,7764869.270
covercrypt,classic,089a548,"SEC::LOW && CTR::$","SEC::LOW && DPT::$ && CTR::FR",same,16,751,178,failure,200,1572332803,7861664.015
covercrypt,classic,089a548,"SEC::LOW && CTR::$","SEC::LOW && DPT::$ && CTR::$",same,32,1347,178,success,200,1782026495,8910132.475
covercrypt,classic,089a548,"SEC::LOW && CTR::$","SEC::MED",different,48,1947,178,success,200,2587941170,12939705.850
covercrypt,classic,089a548,"SEC::LOW && CTR::$","SEC::MED && CTR::EN",different,24,1049,178,failure,200,2289248169,11446240.845
covercrypt,classic,089a548,"SEC::LOW && CTR::$","SEC::MED && CTR::FR",different,24,1049,178,failure,200,2257018843,11285094.215
covercrypt,classic,089a548,"SEC::LOW && CTR::$","SEC::MED && CTR::$",different,48,1947,178,success,200,2375118510,11875592.550
covercrypt,classic,089a548,"SEC::LOW && CTR::$","SEC::MED && DPT::DEV",different,24,1049,178,success,200,1477124241,7385621.205
covercrypt,classic,089a548,"SEC::LOW && CTR::$","SEC::MED && DPT::DEV && CTR::EN",same,12,603,178,failure,200,1224366818,6121834.090
covercrypt,classic,089a548,"SEC::LOW && CTR::$","SEC::MED && DPT::DEV && CTR::FR",same,12,603,178,failure,200,1252194274,6260971.370
covercrypt,classic,089a548,"SEC::LOW && CTR::$","SEC::MED && DPT::DEV && CTR::$",same,24,1049,178,success,200,1479339643,7396698.215
covercrypt,classic,089a548,"SEC::LOW && CTR::$","SEC::MED && DPT::MKG",different,24,1049,178,success,200,1334443755,6672218.775
covercrypt,classic,089a548,"SEC::LOW && CTR::$","SEC::MED && DPT::MKG && CTR::EN",same,12,603,178,failure,200,1161650072,5808250.360
covercrypt,classic,089a548,"SEC::LOW && CTR::$","SEC::MED && DPT::MKG && CTR::FR",same,12,603,178,failure,200,1195580066,5977900.330
covercrypt,classic,089a548,"SEC::LOW && CTR::$","SEC::MED && DPT::MKG && CTR::$",same,24,1049,178,success,200,1419146287,7095731.435
covercrypt,classic,089a548,"SEC::LOW && CTR::$","SEC::MED && DPT::$",different,48,1947,178,success,200,2356687305,11783436.525
covercrypt,classic,089a548,"SEC::LOW && CTR::$","SEC::MED && DPT::$ && CTR::EN",same,24,1049,178,failure,200,2074154176,10370770.880
covercrypt,classic,089a548,"SEC::LOW && CTR::$","SEC::MED && DPT::$ && CTR::FR",same,24,1049,178,failure,200,2186089560,10930447.800
covercrypt,classic,089a548,"SEC::LOW && CTR::$","SEC::MED && DPT::$ && CTR::$",same,48,1947,178,success,200,2413650733,12068253.665
covercrypt,classic,089a548,"SEC::LOW && CTR::$","SEC::HIG",different,64,2547,178,success,200,3157659095,15788295.475
covercrypt,classic,089a548,"SEC::LOW && CTR::$","SEC::HIG && CTR::EN",different,32,1347,178,failure,200,2231112868,11155564.340
covercrypt,classic,089a548,"SEC::LOW && CTR::$","SEC::HIG && CTR::FR",different,32,1347,178,failure,200,1990243001,9951215.005
covercrypt,classic,089a548,"SEC::LOW && CTR::$","SEC::HIG && CTR::$",different,64,2547,178,success,200,2130730335,10653651.675
covercrypt,classic,089a548,"SEC::LOW && CTR::$","SEC::HIG && DPT::DEV",different,32,1347,178,success,200,951090879,4755454.395
covercrypt,classic,089a548,"SEC::LOW && CTR::$","SEC::HIG && DPT::DEV && CTR::EN",same,16,751,178,failure,200,978971217,4894856.085
covercrypt,classic,089a548,"SEC::LOW && CTR::$","SEC::HIG && DPT::DEV && CTR::FR",same,16,751,178,failure,200,907775977,4538879.885
covercrypt,classic,089a548,"SEC::LOW && CTR::$","SEC::HIG && DPT::DEV && CTR::$",same,32,1347,178,success,200,787487896,3937439.480
covercrypt,classic,089a548,"SEC::LOW && CTR::$","SEC::HIG && DPT::MKG",different,32,1347,178,success,200,886157513,4430787.565
covercrypt,classic,089a548,"SEC::LOW && CTR::$","SEC::HIG && DPT::MKG && CTR::EN",same,16,751,178,failure,200,719980244,3599901.220
covercrypt,classic,089a548,"SEC::LOW && CTR::$","SEC::HIG && DPT::MKG && CTR::FR",same,16,751,178,failure,200,815060302,4075301.510
covercrypt,classic,089a548,"SEC::LOW && CTR::$","SEC::HIG && DPT::MKG && CTR::$",same,32,1347,178,success,200,1101986371,5509931.855
covercrypt,classic,089a548,"SEC::LOW && CTR::$","SEC::HIG && DPT::$",different,64,2547,178,success,200,2666523445,13332617.225
covercrypt,classic,089a548,"SEC::LOW && CTR::$","SEC::HIG && DPT::$ && CTR::EN",same,32,1347,178,failure,200,1899239449,9496197.245
covercrypt,classic,089a548,"SEC::LOW && CTR::$","SEC::HIG && DPT::$ && CTR::FR",same,32,1347,178,failure,200,1743383092,8716915.460
covercrypt,classic,089a548,"SEC::LOW && CTR::$","SEC::HIG && DPT::$ && CTR::$",same,64,2547,178,success,200,2164545767,10822728.835
covercrypt,classic,089a548,"SEC::LOW && CTR::$","SEC::$",different,80,3147,178,success,200,1900703768,9503518.840
covercrypt,classic,089a548,"SEC::LOW && CTR::$","SEC::$ && CTR::EN",different,40,1645,178,failure,200,2990287793,14951438.965
covercrypt,classic,089a548,"SEC::LOW && CTR::$","SEC::$ && CTR::FR",different,40,1645,178,failure,200,3091964947,15459824.735
covercrypt,classic,089a548,"SEC::LOW && CTR::$","SEC::$ && CTR::$",different,80,3147,178,success,200,2055848512,10279242.560
covercrypt,classic,089a548,"SEC::LOW && CTR::$","SEC::$ && DPT::DEV",different,40,1645,178,success,200,1793293478,8966467.390
covercrypt,classic,089a548,"SEC::LOW && CTR::$","SEC::$ && DPT::DEV && CTR::EN",same,20,899,178,failure,200,1744760830,8723804.150
covercrypt,classic,089a548,"SEC::LOW && CTR::$","SEC::$ && DPT::DEV && CTR::FR",same,20,899,178,failure,200,1796552534,8982762.670
covercrypt,classic,089a548,"SEC::LOW && CTR::$","SEC::$ && DPT::DEV && CTR::$",same,40,1645,178,success,200,1808637369,9043186.845
covercrypt,classic,089a548,"SEC::LOW && CTR::$","SEC::$ && DPT::MKG",different,40,1645,178,success,200,1782685540,8913427.700
covercrypt,classic,089a548,"SEC::LOW && CTR::$","SEC::$ && DPT::MKG && CTR::EN",same,20,899,178,failure,200,1746012683,8730063.415
covercrypt,classic,089a548,"SEC::LOW && CTR::$","SEC::$ && DPT::MKG && CTR::FR",same,20,899,178,failure,200,1472209565,7361047.825
covercrypt,classic,089a548,"SEC::LOW && CTR::$","SEC::$ && DPT::MKG && CTR::$",same,40,1645,178,success,200,1746326133,8731630.665
covercrypt,classic,089a548,"SEC::LOW && CTR::$","SEC::$ && DPT::$",different,80,3147,178,success,200,3015983601,15079918.005
covercrypt,classic,089a548,"SEC::LOW && CTR::$","SEC::$ && DPT::$ && CTR::EN",same,40,1645,178,failure,200,3131789428,15658947.140
covercrypt,classic,089a548,"SEC::LOW && CTR::$","SEC::$ && DPT::$ && CTR::FR",same,40,1645,178,failure,200,2999879550,14999397.750
covercrypt,classic,089a548,"SEC::LOW && CTR::$","SEC::$ && DPT::$ && CTR::$",same,80,3147,178,success,200,3885181517,19425907.585
covercrypt,classic,089a548,"SEC::LOW && DPT::MKG && CTR::$","CTR::EN",different,40,1645,178,failure,200,3542164595,17710822.975
covercrypt,classic,089a548,"SEC::LOW && DPT::MKG && CTR::$","CTR::FR",different,40,1645,178,failure,200,2935974182,14679870.910
covercrypt,classic,089a548,"SEC::LOW && DPT::MKG && CTR::$","CTR::$",different,80,3147,178,success,200,2803768025,14018840.125
covercrypt,classic,089a548,"SEC::LOW && DPT::MKG && CTR::$","DPT::DEV",different,40,1645,178,failure,200,2961823801,14809119.005
covercrypt,classic,089a548,"SEC::LOW && DPT::MKG && CTR::$","DPT::DEV && CTR::EN",different,20,899,178,failure,200,1764223949,8821119.745
covercrypt,classic,089a548,"SEC::LOW && DPT::MKG && CTR::$","DPT::DEV && CTR::FR",different,20,899,178,failure,200,1833436208,9167181.040
covercrypt,classic,089a548,"SEC::LOW && DPT::MKG && CTR::$","DPT::DEV && CTR::$",different,40,1645,178,failure,200,3489711394,17448556.970
covercrypt,classic,089a548,"SEC::LOW && DPT::MKG && CTR::$","DPT::MKG",different,40,1645,178,success,200,1774804080,8874020.400
covercrypt,classic,089a548,"SEC::LOW && DPT::MKG && CTR::$","DPT::MKG && CTR::EN",different,20,899,178,failure,200,1270191102,6350955.510
covercrypt,classic,089a548,"SEC::LOW && DPT::MKG && CTR::$","DPT::MKG && CTR::FR",different,20,899,178,failure,200,929117962,4645589.810
covercrypt,classic,089a548,"SEC::LOW && DPT::MKG && CTR::$","DPT::MKG && CTR::$",different,40,1645,178,success,200,1097885512,5489427.560
covercrypt,classic,089a548,"SEC::LOW && DPT::MKG && CTR::$","DPT::$",different,80,3147,178,success,200,1959539245,9797696.225
covercrypt,classic,089a548,"SEC::LOW && DPT::MKG && CTR::$","DPT::$ && CTR::EN",different,40,1645,178,failure,200,2403316653,12016583.265
covercrypt,classic,089a548,"SEC::LOW && DPT::MKG && CTR::$","DPT::$ && CTR::FR",different,40,1645,178,failure,200,3002476058,15012380.290
covercrypt,classic,089a548,"SEC::LOW && DPT::MKG && CTR::$","DPT::$ && CTR::$",different,80,3147,178,success,200,2575759440,12878797.200
covercrypt,classic,089a548,"SEC::LOW && DPT::MKG && CTR::$","SEC::LOW",different,32,1347,178,success,200,733839231,3669196.155
covercrypt,classic,089a548,"SEC::LOW && DPT::MKG && CTR::$","SEC::LOW && CTR::EN",different,16,751,178,failure,200,631357363,3156786.815
covercrypt,classic,089a548,"SEC::LOW && DPT::MKG && CTR::$","SEC::LOW && CTR::FR",different,16,751,178,failure,200,817367713,4086838.565
covercrypt,classic,089a548,"SEC::LOW && DPT::MKG && CTR::$","SEC::LOW && CTR::$",different,32,1347,178,success,200,1020902475,5104512.375
covercrypt,classic,089a548,"SEC::LOW && DPT::MKG && CTR::$","SEC::LOW && DPT::DEV",different,16,751,178,failure,200,1079993581,5399967.905
covercrypt,classic,089a548,"SEC::LOW && DPT::MKG && CTR::$","SEC::LOW && DPT::DEV && CTR::EN",same,8,455,178,failure,200,625495290,3127476.450
covercrypt,classic,089a548,"SEC::LOW && DPT::MKG && CTR::$","SEC::LOW && DPT::DEV && CTR::FR",same,8,455,178,failure,200,613642620,3068213.100
covercrypt,classic,089a548,"SEC::LOW && DPT::MKG && CTR::$","SEC::LOW && DPT::DEV && CTR::$",same,16,751,178,failure,200,976586290,4882931.450
covercrypt,classic,089a548,"SEC::LOW && DPT::MKG && CTR::$","SEC::LOW && DPT::MKG",different,16,751,178,success,200,719683190,3598415.950
covercrypt,classic,089a548,"SEC::LOW && DPT::MKG && CTR::$","SEC::LOW && DPT::MKG && CTR::EN",same,8,455,178,failure,200,517084596,2585422.980
covercrypt,classic,089a548,"SEC::LOW && DPT::MKG && CTR::$","SEC::LOW && DPT::MKG && CTR::FR",same,8,455,178,failure,200,449330577,2246652.885
covercrypt,classic,089a548,"SEC::LOW && DPT::MKG && CTR::$","SEC::LOW && DPT::MKG && CTR::$",same,16,751,178,success,200,477400074,2387000.370
covercrypt,classic,089a548,"SEC::LOW && DPT::MKG && CTR::$","SEC::LOW && DPT::$",different,32,1347,178,success,200,746000033,3730000.165
covercrypt,classic,089a548,"SEC::LOW && DPT::MKG && CTR::$","SEC::LOW && DPT::$ && CTR::EN",same,16,751,178,failure,200,704193889,3520969.445
covercrypt,classic,089a548,"SEC::LOW && DPT::MKG && CTR::$","SEC::LOW && DPT::$ && CTR::FR",same,16,751,178,failure,200,709189854,3545949.270
covercrypt,classic,089a548,"SEC::LOW && DPT::MKG && CTR::$","SEC::LOW && DPT::$ && CTR::$",same,32,1347,178,success,200,797273398,3986366.990
covercrypt,classic,089a548,"SEC::LOW && DPT::MKG && CTR::$","SEC::MED",different,48,1947,178,success,200,1016730448,5083652.240
covercrypt,classic,089a548,"SEC::LOW && DPT::MKG && CTR::$","SEC::MED && CTR::EN",different,24,1049,178,failure,200,952525537,4762627.685
covercrypt,classic,089a548,"SEC::LOW && DPT::MKG && CTR::$","SEC::MED && CTR::FR",different,24,1049,178,failure,200,990829257,4954146.285
covercrypt,classic,089a548,"SEC::LOW && DPT::MKG && CTR::$","SEC::MED && CTR::$",different,48,1947,178,success,200,1188721667,5943608.335
covercrypt,classic,089a548,"SEC::LOW && DPT::MKG && CTR::$","SEC::MED && DPT::DEV",different,24,1049,178,failure,200,990483192,4952415.960
covercrypt,classic,089a548,"SEC::LOW && DPT::MKG && CTR::$","SEC::MED && DPT::DEV && CTR::EN",same,12,603,178,failure,200,640856883,3204284.415
covercrypt,classic,089a548,"SEC::LOW && DPT::MKG && CTR::$","SEC::MED && DPT::DEV && CTR::FR",same,12,603,178,failure,200,760554475,3802772.375
covercrypt,classic,089a548,"SEC::LOW && DPT::MKG && CTR::$","SEC::MED && DPT::DEV && CTR::$",same,24,1049,178,failure,200,2154494560,10772472.800
covercrypt,classic,089a548,"SEC::LOW && DPT::MKG && CTR::$","SEC::MED && DPT::MKG",different,24,1049,178,success,200,1258421614,6292108.070
covercrypt,classic,089a548,"SEC::LOW && DPT::MKG && CTR::$","SEC::MED && DPT::MKG && CTR::EN",same,12,603,178,failure,200,1130659430,5653297.150
covercrypt,classic,089a548,"SEC::LOW && DPT::MKG && CTR::$","SEC::MED && DPT::MKG && CTR::FR",same,12,603,178,failure,200,1143879678,5719398.390
covercrypt,classic,089a548,"SEC::LOW && DPT::MKG && CTR::$","SEC::MED && DPT::MKG && CTR::$",same,24,1049,178,success,200,1432381864,7161909.320
covercrypt,classic,089a548,"SEC::LOW && DPT::MKG && CTR::$","SEC::MED && DPT::$",different,48,1947,178,success,200,2329858797,11649293.985
covercrypt,classic,089a548,"SEC::LOW && DPT::MKG && CTR::$","SEC::MED && DPT::$ && CTR::EN",same,24,1049,178,failure,200,2177922636,10889613.180
covercrypt,classic,089a548,"SEC::LOW && DPT::MKG && CTR::$","SEC::MED && DPT::$ && CTR::FR",same,24,1049,178,failure,200,2236647232,11183236.160
covercrypt,classic,089a548,"SEC::LOW && DPT::MKG && CTR::$","SEC::MED && DPT::$ && CTR::$",same,48,1947,178,success,200,2357130476,11785652.380
covercrypt,classic,089a548,"SEC::LOW && DPT::MKG && CTR::$","SEC::HIG",different,64,2547,178,success,200,3153660919,15768304.595
covercrypt,classic,089a548,"SEC::LOW && DPT::MKG && CTR::$","SEC::HIG && CTR::EN",different,32,1347,178,failure,200,2686888691,13434443.455
covercrypt,classic,089a548,"SEC::LOW && DPT::MKG && CTR::$","SEC::HIG && CTR::FR",different,32,1347,178,failure,200,2769929237,13849646.185
covercrypt,classic,089a548,"SEC::LOW && DPT::MKG && CTR::$","SEC::HIG && CTR::$",different,64,2547,178,success,200,2865119001,14325595.005
covercrypt,classic,089a548,"SEC::LOW && DPT::MKG && CTR::$","SEC::HIG && DPT::DEV",different,32,1347,178,failure,200,2569738958,12848694.790
covercrypt,classic,089a548,"SEC::LOW && DPT::MKG && CTR::$","SEC::HIG && DPT::DEV && CTR::EN",same,16,751,178,failure,200,1276209542,6381047.710
covercrypt,classic,089a548,"SEC::LOW && DPT::MKG && CTR::$","SEC::HIG && DPT::DEV && CTR::FR",same,16,751,178,failure,200,1028675984,5143379.920
covercrypt,classic,089a548,"SEC::LOW && DPT::MKG && CTR::$","SEC::HIG && DPT::DEV && CTR::$",same,32,1347,178,failure,200,1445255348,7226276.740
covercrypt,classic,089a548,"SEC::LOW && DPT::MKG && CTR::$","SEC::HIG && DPT::MKG",different,32,1347,178,success,200,811876453,4059382.265
covercrypt,classic,089a548,"SEC::LOW && DPT::MKG && CTR::$","SEC::HIG && DPT::MKG && CTR::EN",same,16,751,178,failure,200,781223395,3906116.975
covercrypt,classic,089a548,"SEC::LOW && DPT::MKG && CTR::$","SEC::HIG && DPT::MKG && CTR::FR",same,16,751,178,failure,200,680184200,3400921.000
covercrypt,classic,089a548,"SEC::LOW && DPT::MKG && CTR::$","SEC::HIG && DPT::MKG && CTR::$",same,32,1347,178,success,200,719968491,3599842.455
covercrypt,classic,089a548,"SEC::LOW && DPT::MKG && CTR::$","SEC::HIG && DPT::$",different,64,2547,178,success,200,1312116468,6560582.340
covercrypt,classic,089a548,"SEC::LOW && DPT::MKG && CTR::$","SEC::HIG && DPT::$ && CTR::EN",same,32,1347,178,failure,200,1628264782,8141323.910
covercrypt,classic,089a548,"SEC::LOW && DPT::MKG && CTR::$","SEC::HIG && DPT::$ && CTR::FR",same,32,1347,178,failure,200,1824801421,9124007.105
covercrypt,classic,089a548,"SEC::LOW && DPT::MKG && CTR::$","SEC::HIG && DPT::$ && CTR::$",same,64,2547,178,success,200,2502913184,12514565.920
covercrypt,classic,089a548,"SEC::LOW && DPT::MKG && CTR::$","SEC::$",different,80,3147,178,success,200,1889079370,9445396.850
covercrypt,classic,089a548,"SEC::LOW && DPT::MKG && CTR::$","SEC::$ && CTR::EN",different,40,1645,178,failure,200,1909263645,9546318.225
covercrypt,classic,089a548,"SEC::LOW && DPT::MKG && CTR::$","SEC::$ && CTR::FR",different,40,1645,178,failure,200,1972712720,9863563.600
covercrypt,classic,089a548,"SEC::LOW && DPT::MKG && CTR::$","SEC::$ && CTR::$",different,80,3147,178,success,200,3123950795,15619753.975
covercrypt,classic,089a548,"SEC::LOW && DPT::MKG && CTR::$","SEC::$ && DPT::DEV",different,40,1645,178,failure,200,2479012565,12395062.825
covercrypt,classic,089a548,"SEC::LOW && DPT::MKG && CTR::$","SEC::$ && DPT::DEV && CTR::EN",same,20,899,178,failure,200,1080126532,5400632.660
covercrypt,classic,089a548,"SEC::LOW && DPT::MKG && CTR::$","SEC::$ && DPT::DEV && CTR::FR",same,20,899,178,failure,200,1061917687,5309588.435
covercrypt,classic,089a548,"SEC::LOW && DPT::MKG && CTR::$","SEC::$ && DPT::DEV && CTR::$",same,40,1645,178,failure,200,3113640777,15568203.885
covercrypt,classic,089a548,"SEC::LOW && DPT::MKG && CTR::$","SEC::$ && DPT::MKG",different,40,1645,178,success,200,1876204133,9381020.665
covercrypt,classic,089a548,"SEC::LOW && DPT::MKG && CTR::$","SEC::$ && DPT::MKG && CTR::EN",same,20,899,178,failure,200,1513141233,7565706.165
covercrypt,classic,089a548,"SEC::LOW && DPT::MKG && CTR::$","SEC::$ && DPT::MKG && CTR::FR",same,20,899,178,failure,200,1017958517,5089792.585
covercrypt,classic,089a548,"SEC::LOW && DPT::MKG && CTR::$","SEC::$ && DPT::MKG && CTR::$",same,40,1645,178,success,200,1242128503,6210642.515
covercrypt,classic,089a548,"SEC::LOW && DPT::MKG && CTR::$","SEC::$ && DPT::$",different,80,3147,178,success,200,2127034974,10635174.870
covercrypt,classic,089a548,"SEC::LOW && DPT::MKG && CTR::$","SEC::$ && DPT::$ && CTR::EN",same,40,1645,178,failure,200,2145975280,10729876.400
covercrypt,classic,089a548,"SEC::LOW && DPT::MKG && CTR::$","SEC::$ && DPT::$ && CTR::FR",same,40,1645,178,failure,200,2914439593,14572197.965
covercrypt,classic,089a548,"SEC::LOW && DPT::MKG && CTR::$","SEC::$ && DPT::$ && CTR::$",same,80,3147,178,success,200,2881990476,14409952.380
covercrypt,classic,089a548,"SEC::MED && CTR::$","CTR::EN",different,40,1645,178,failure,200,2424355624,12121778.120
covercrypt,classic,089a548,"SEC::MED && CTR::$","CTR::FR",different,40,1645,178,failure,200,2152884584,10764422.920
covercrypt,classic,089a548,"SEC::MED && CTR::$","CTR::$",different,80,3147,178,success,200,2376011414,11880057.070
covercrypt,classic,089a548,"SEC::MED && CTR::$","DPT::DEV",different,40,1645,178,success,200,897444473,4487222.365
covercrypt,classic,089a548,"SEC::MED && CTR::$","DPT::DEV && CTR::EN",different,20,899,178,failure,200,937055595,4685277.975
covercrypt,classic,089a548,"SEC::MED && CTR::$","DPT::DEV && CTR::FR",different,20,899,178,failure,200,1074547192,5372735.960
covercrypt,classic,089a548,"SEC::MED && CTR::$","DPT::DEV && CTR::$",different,40,1645,178,success,200,1214969783,6074848.915
covercrypt,classic,089a548,"SEC::MED && CTR::$","DPT::MKG",different,40,1645,178,success,200,1382992541,6914962.705
covercrypt,classic,089a548,"SEC::MED && CTR::$","DPT::MKG && CTR::EN",different,20,899,178,failure,200,749733209,3748666.045
covercrypt,classic,089a548,"SEC::MED && CTR::$","DPT::MKG && CTR::FR",different,20,899,178,failure,200,741290091,3706450.455
covercrypt,classic,089a548,"SEC::MED && CTR::$","DPT::MKG && CTR::$",different,40,1645,178,success,200,858729961,4293649.805
covercrypt,classic,089a548,"SEC::MED && CTR::$","DPT::$",different,80,3147,178,success,200,1896256758,9481283.790
covercrypt,classic,089a548,"SEC::MED && CTR::$","DPT::$ && CTR::EN",different,40,1645,178,failure,200,2147611467,10738057.335
covercrypt,classic,089a548,"SEC::MED && CTR::$","DPT::$ && CTR::FR",different,40,1645,178,failure,200,1972981768,9864908.840
covercrypt,classic,089a548,"SEC::MED && CTR::$","DPT::$ && CTR::$",different,80,3147,178,success,200,2183649882,10918249.410
covercrypt,classic,089a548,"SEC::MED && CTR::$","SEC::LOW",different,32,1347,178,failure,200,1661253983,8306269.915
covercrypt,classic,089a548,"SEC::MED && CTR::$","SEC::LOW && CTR::EN",different,16,751,178,failure,200,725948046,3629740.230
covercrypt,classic,089a548,"SEC::MED && CTR::$","SEC::LOW && CTR::FR",different,16,751,178,failure,200,873295844,4366479.220
covercrypt,classic,089a548,"SEC::MED && CTR::$","SEC::LOW && CTR::$",different,32,1347,178,failure,200,1476742093,7383710.465
covercrypt,classic,089a548,"SEC::MED && CTR::$","SEC::LOW && DPT::DEV",different,16,751,178,failure,200,1061275881,5306379.405
covercrypt,classic,089a548,"SEC::MED && CTR::$","SEC::LOW && DPT::DEV && CTR::EN",same,8,455,178,failure,200,525281566,2626407.830
covercrypt,classic,089a548,"SEC::MED && CTR::$","SEC::LOW && DPT::DEV && CTR::FR",same,8,455,178,failure,200,377464793,1887323.965
covercrypt,classic,089a548,"SEC::MED && CTR::$","SEC::LOW && DPT::DEV && CTR::$",same,16,751,178,failure,200,865568577,4327842.885
covercrypt,classic,089a548,"SEC::MED && CTR::$","SEC::LOW && DPT::MKG",different,16,751,178,failure,200,1126078612,5630393.060
covercrypt,classic,089a548,"SEC::MED && CTR::$","SEC::LOW && DPT::MKG && CTR::EN",same,8,455,178,failure,200,573749434,2868747.170
covercrypt,classic,089a548,"SEC::MED && CTR::$","SEC::LOW && DPT::MKG && CTR::FR",same,8,455,178,failure,200,556779967,2783899.835
covercrypt,classic,089a548,"SEC::MED && CTR::$","SEC::LOW && DPT::MKG && CTR::$",same,16,751,178,failure,200,701823523,3509117.615
covercrypt,classic,089a548,"SEC::MED && CTR::$","SEC::LOW && DPT::$",different,32,1347,178,failure,200,1224551063,6122755.315
covercrypt,classic,089a548,"SEC::MED && CTR::$","SEC::LOW && DPT::$ && CTR::EN",same,16,751,178,failure,200,658271494,3291357.470
covercrypt,classic,089a548,"SEC::MED && CTR::$","SEC::LOW && DPT::$ && CTR::FR",same,16,751,178,failure,200,879464845,4397324.225
covercrypt,classic,089a548,"SEC::MED && CTR::$","SEC::LOW && DPT::$ && CTR::$",same,32,1347,178,failure,200,1265795076,6328975.380
covercrypt,classic,089a548,"SEC::MED && CTR::$","SEC::MED",different,48,1947,178,success,200,1011613456,5058067.280
covercrypt,classic,089a548,"SEC::MED && CTR::$","SEC::MED && CTR::EN",different,24,1049,178,failure,200,902394420,4511972.100
covercrypt,classic,089a548,"SEC::MED && CTR::$","SEC::MED && CTR::FR",different,24,1049,178,failure,200,1326893553,6634467.765
covercrypt,classic,089a548,"SEC::MED && CTR::$","SEC::MED && CTR::$",different,48,1947,178,success,200,1564087610,7820438.050
covercrypt,classic,089a548,"SEC::MED && CTR::$","SEC::MED && DPT::DEV",different,24,1049,178,success,200,1204603944,6023019.720
covercrypt,classic,089a548,"SEC::MED && CTR::$","SEC::MED && DPT::DEV && CTR::EN",same,12,603,178,failure,200,939888821,4699444.105
covercrypt,classic,089a548,"SEC::MED && CTR::$","SEC::MED && DPT::DEV && CTR::FR",same,12,603,178,failure,200,1001165878,5005829.390
covercrypt,classic,089a548,"SEC::MED && CTR::$","SEC::MED && DPT::DEV && CTR::$",same,24,1049,178,success,200,1346849296,6734246.480
covercrypt,classic,089a548,"SEC::MED && CTR::$","SEC::MED && DPT::MKG",different,24,1049,178,success,200,788035337,3940176.685
covercrypt,classic,089a548,"SEC::MED && CTR::$","SEC::MED && DPT::MKG && CTR::EN",same,12,603,178,failure,200,784388789,3921943.945
covercrypt,classic,089a548,"SEC::MED && CTR::$","SEC::MED && DPT::MKG && CTR::FR",same,12,603,178,failure,200,696323683,3481618.415
covercrypt,classic,089a548,"SEC::MED && CTR::$","SEC::MED && DPT::MKG && CTR::$",same,24,1049,178,success,200,782508093,3912540.465
covercrypt,classic,089a548,"SEC::MED && CTR::$","SEC::MED && DPT::$",different,48,1947,178,success,200,1644531467,8222657.335
covercrypt,classic,089a548,"SEC::MED && CTR::$","SEC::MED && DPT::$ && CTR::EN",same,24,1049,178,failure,200,1946909066,9734545.330
covercrypt,classic,089a548,"SEC::MED && CTR::$","SEC::MED && DPT::$ && CTR::FR",same,24,1049,178,failure,200,1152708780,5763543.900
covercrypt,classic,089a548,"SEC::MED && CTR::$","SEC::MED && DPT::$ && CTR::$",same,48,1947,178,success,200,1296174101,6480870.505
covercrypt,classic,089a548,"SEC::MED && CTR::$","SEC::HIG",different,64,2547,178,success,200,2299428270,11497141.350
covercrypt,classic,089a548,"SEC::MED && CTR::$","SEC::HIG && CTR::EN",different,32,1347,178,failure,200,1253490191,6267450.955
covercrypt,classic,089a548,"SEC::MED && CTR::$","SEC::HIG && CTR::FR",different,32,1347,178,failure,200,1117142589,5585712.945
covercrypt,classic,089a548,"SEC::MED && CTR::$","SEC::HIG && CTR::$",different,64,2547,178,success,200,1163515288,5817576.440
covercrypt,classic,089a548,"SEC::MED && CTR::$","SEC::HIG && DPT::DEV",different,32,1347,178,success,200,652555820,3262779.100
covercrypt,classic,089a548,"SEC::MED && CTR::$","SEC::HIG && DPT::DEV && CTR::EN",same,16,751,178,failure,200,616981383,3084906.915
covercrypt,classic,089a548,"SEC::MED && CTR::$","SEC::HIG && DPT::DEV && CTR::FR",same,16,751,178,failure,200,835117333,4175586.665
covercrypt,classic,089a548,"SEC::MED && CTR::$","SEC::HIG && DPT::DEV && CTR::$",same,32,1347,178,success,200,983052212,4915261.060
covercrypt,classic,089a548,"SEC::MED && CTR::$","SEC::HIG && DPT::MKG",different,32,1347,178,success,200,1235997016,6179985.080
covercrypt,classic,089a548,"SEC::MED && CTR::$","SEC::HIG && DPT::MKG && CTR::EN",same,16,751,178,failure,200,640417466,3202087.330
covercrypt,classic,089a548,"SEC::MED && CTR::$","SEC::HIG && DPT::MKG && CTR::FR",same,16,751,178,failure,200,1369670429,6848352.145
covercrypt,classic,089a548,"SEC::MED && CTR::$","SEC::HIG && DPT::MKG && CTR::$",same,32,1347,178,success,200,1629666218,8148331.090
covercrypt,classic,089a548,"SEC::MED && CTR::$","SEC::HIG && DPT::$",different,64,2547,178,success,200,2667522446,13337612.230
covercrypt,classic,089a548,"SEC::MED && CTR::$","SEC::HIG && DPT::$ && CTR::EN",same,32,1347,178,failure,200,2079754412,10398772.060
covercrypt,classic,089a548,"SEC::MED && CTR::$","SEC::HIG && DPT::$ && CTR::FR",same,32,1347,178,failure,200,2271258795,11356293.975
covercrypt,classic,089a548,"SEC::MED && CTR::$","SEC::HIG && DPT::$ && CTR::$",same,64,2547,178,success,200,1686124312,8430621.560
covercrypt,classic,089a548,"SEC::MED && CTR::$","SEC::$",different,80,3147,178,success,200,2944737841,14723689.205
covercrypt,classic,089a548,"SEC::MED && CTR::$","SEC::$ && CTR::EN",different,40,1645,178,failure,200,2585446490,12927232.450
covercrypt,classic,089a548,"SEC::MED && CTR::$","SEC::$ && CTR::FR",different,40,1645,178,failure,200,2563056634,12815283.170
covercrypt,classic,089a548,"SEC::MED && CTR::$","SEC::$ && CTR::$",different,80,3147,178,success,200,1952000499,9760002.495
covercrypt,classic,089a548,"SEC::MED && CTR::$","SEC::$ && DPT::DEV",different,40,1645,178,success,200,1016031422,5080157.110
covercrypt,classic,089a548,"SEC::MED && CTR::$","SEC::$ && DPT::DEV && CTR::EN",same,20,899,178,failure,200,896348609,4481743.045
covercrypt,classic,089a548,"SEC::MED && CTR::$","SEC::$ && DPT::DEV && CTR::FR",same,20,899,178,failure,200,643953265,3219766.325
covercrypt,classic,089a548,"SEC::MED && CTR::$","SEC::$ && DPT::DEV && CTR::$",same,40,1645,178,success,200,663957067,3319785.335
covercrypt,classic,089a548,"SEC::MED && CTR::$","SEC::$ && DPT::MKG",different,40,1645,178,success,200,755920621,3779603.105
covercrypt,classic,089a548,"SEC::MED && CTR::$","SEC::$ && DPT::MKG && CTR::EN",same,20,899,178,failure,200,681717035,3408585.175
covercrypt,classic,089a548,"SEC::MED && CTR::$","SEC::$ && DPT::MKG && CTR::FR",same,20,899,178,failure,200,706703815,3533519.075
covercrypt,classic,089a548,"SEC::MED && CTR::$","SEC::$ && DPT::MKG && CTR::$",same,40,1645,178,success,200,782473513,3912367.565
covercrypt,classic,089a548,"SEC::MED && CTR::$","SEC::$ && DPT::$",different,80,3147,178,success,200,1505945640,7529728.200
covercrypt,classic,089a548,"SEC::MED && CTR::$","SEC::$ && DPT::$ && CTR::EN",same,40,1645,178,failure,200,1249529302,6247646.510
covercrypt,classic,089a548,"SEC::MED && CTR::$","SEC::$ && DPT::$ && CTR::FR",same,40,1645,178,failure,200,1894933425,9474667.125
covercrypt,classic,089a548,"SEC::MED && CTR::$","SEC::$ && DPT::$ && CTR::$",same,80,3147,178,success,200,2080565085,10402825.425
covercrypt,classic,089a548,"SEC::MED && DPT::MKG && CTR::$","CTR::EN",different,40,1645,178,failure,200,2029999150,10149995.750
covercrypt,classic,089a548,"SEC::MED && DPT::MKG && CTR::$","CTR::FR",different,40,1645,178,failure,200,1316366888,6581834.440
covercrypt,classic,089a548,"SEC::MED && DPT::MKG && CTR::$","CTR::$",different,80,3147,178,success,200,1574676339,7873381.695
covercrypt,classic,089a548,"SEC::MED && DPT::MKG && CTR::$","DPT::DEV",different,40,1645,178,failure,200,1529099261,7645496.305
covercrypt,classic,089a548,"SEC::MED && DPT::MKG && CTR::$","DPT::DEV && CTR::EN",different,20,899,178,failure,200,692489903,3462449.515
covercrypt,classic,089a548,"SEC::MED && DPT::MKG && CTR::$","DPT::DEV && CTR::FR",different,20,899,178,failure,200,853628707,4268143.535
covercrypt,classic,089a548,"SEC::MED && DPT::MKG && CTR::$","DPT::DEV && CTR::$",different,40,1645,178,failure,200,1520567141,7602835.705
covercrypt,classic,089a548,"SEC::MED && DPT::MKG && CTR::$","DPT::MKG",different,40,1645,178,success,200,874407854,4372039.270
covercrypt,classic,089a548,"SEC::MED && DPT::MKG && CTR::$","DPT::MKG && CTR::EN",different,20,899,178,failure,200,794207376,3971036.880
covercrypt,classic,089a548,"SEC::MED && DPT::MKG && CTR::$","DPT::MKG && CTR::FR",different,20,899,178,failure,200,1420634819,7103174.095
covercrypt,classic,089a548,"SEC::MED && DPT::MKG && CTR::$","DPT::MKG && CTR::$",different,40,1645,178,success,200,1621596216,8107981.080
covercrypt,classic,089a548,"SEC::MED && DPT::MKG && CTR::$","DPT::$",different,80,3147,178,success,200,2630444356,13152221.780
covercrypt,classic,089a548,"SEC::MED && DPT::MKG && CTR::$","DPT::$ && CTR::EN",different,40,1645,178,failure,200,2024898095,10124490.475
covercrypt,classic,089a548,"SEC::MED && DPT::MKG && CTR::$","DPT::$ && CTR::FR",different,40,1645,178,failure,200,3449028582,17245142.910
covercrypt,classic,089a548,"SEC::MED && DPT::MKG && CTR::$","DPT::$ && CTR::$",different,80,3147,178,success,200,3526676736,17633383.680
covercrypt,classic,089a548,"SEC::MED && DPT::MKG && CTR::$","SEC::LOW",different,32,1347,178,failure,200,2865835350,14329176.750
covercrypt,classic,089a548,"SEC::MED && DPT::MKG && CTR::$","SEC::LOW && CTR::EN",different,16,751,178,failure,200,1503960952,7519804.760
covercrypt,classic,089a548,"SEC::MED && DPT::MKG && CTR::$","SEC::LOW && CTR::FR",different,16,751,178,failure,200,1364633550,6823167.750
covercrypt,classic,089a548,"SEC::MED && DPT::MKG && CTR::$","SEC::LOW && CTR::$",different,32,1347,178,failure,200,2700357768,13501788.840
covercrypt,classic,089a548,"SEC::MED && DPT::MKG && CTR::$","SEC::LOW && DPT::DEV",different,16,751,178,failure,200,1529331215,7646656.075
covercrypt,classic,089a548,"SEC::MED && DPT::MKG && CTR::$","SEC::LOW && DPT::DEV && CTR::EN",same,8,455,178,failure,200,844409267,4222046.335
covercrypt,classic,089a548,"SEC::MED && DPT::MKG && CTR::$","SEC::LOW && DPT::DEV && CTR::FR",same,8,455,178,failure,200,699653927,3498269.635
covercrypt,classic,089a548,"SEC::MED && DPT::MKG && CTR::$","SEC::LOW && DPT::DEV && CTR::$",same,16,751,178,failure,200,1209785965,6048929.825
covercrypt,classic,089a548,"SEC::MED && DPT::MKG && CTR::$","SEC::LOW && DPT::MKG",different,16,751,178,failure,200,1013537749,5067688.745
covercrypt,classic,089a548,"SEC::MED && DPT::MKG && CTR::$","SEC::LOW && DPT::MKG && CTR::EN",same,8,455,178,failure,200,580454756,2902273.780
covercrypt,classic,089a548,"SEC::MED && DPT::MKG && CTR::$","SEC::LOW && DPT::MKG && CTR::FR",same,8,455,178,failure,200,698850841,3494254.205
covercrypt,classic,089a548,"SEC::MED && DPT::MKG && CTR::$","SEC::LOW && DPT::MKG && CTR::$",same,16,751,178,failure,200,938179406,4690897.030
covercrypt,classic,089a548,"SEC::MED && DPT::MKG && CTR::$","SEC::LOW && DPT::$",different,32,1347,178,failure,200,2433669915,12168349.575
covercrypt,classic,089a548,"SEC::MED && DPT::MKG && CTR::$","SEC::LOW && DPT::$ && CTR::EN",same,16,751,178,failure,200,1079126563,5395632.815
covercrypt,classic,089a548,"SEC::MED && DPT::MKG && CTR::$","SEC::LOW && DPT::$ && CTR::FR",same,16,751,178,failure,200,595649621,2978248.105
covercrypt,classic,089a548,"SEC::MED && DPT::MKG && CTR::$","SEC::LOW && DPT::$ && CTR::$",same,32,1347,178,failure,200,1166197859,5830989.295
covercrypt,classic,089a548,"SEC::MED && DPT::MKG && CTR::$","SEC::MED",different,48,1947,178,success,200,972265791,4861328.955
covercrypt,classic,089a548,"SEC::MED && DPT::MKG && CTR::$","SEC::MED && CTR::EN",different,24,1049,178,failure,200,1337102596,6685512.980
covercrypt,classic,089a548,"SEC::MED && DPT::MKG && CTR::$","SEC::MED && CTR::FR",different,24,1049,178,failure,200,880400511,4402002.555
covercrypt,classic,089a548,"SEC::MED && DPT::MKG && CTR::$","SEC::MED && CTR::$",different,48,1947,178,success,200,895929873,4479649.365
covercrypt,classic,089a548,"SEC::MED && DPT::MKG && CTR::$","SEC::MED && DPT::DEV",different,24,1049,178,failure,200,850529686,4252648.430
covercrypt,classic,089a548,"SEC::MED && DPT::MKG && CTR::$","SEC::MED && DPT::DEV && CTR::EN",same,12,603,178,failure,200,462519112,2312595.560
covercrypt,classic,089a548,"SEC::MED && DPT::MKG && CTR::$","SEC::MED && DPT::DEV && CTR::FR",same,12,603,178,failure,200,548240593,2741202.965
covercrypt,classic,089a548,"SEC::MED && DPT::MKG && CTR::$","SEC::MED && DPT::DEV && CTR::$",same,24,1049,178,failure,200,1096606015,5483030.075
covercrypt,classic,089a548,"SEC::MED && DPT::MKG && CTR::$","SEC::MED && DPT::MKG",different,24,1049,178,success,200,506812930,2534064.650
covercrypt,classic,089a548,"SEC::MED && DPT::MKG && CTR::$","SEC::MED && DPT::MKG && CTR::EN",same,12,603,178,failure,200,546016070,2730080.350
covercrypt,classic,089a548,"SEC::MED && DPT::MKG && CTR::$","SEC::MED && DPT::MKG && CTR::FR",same,12,603,178,failure,200,537032930,2685164.650
covercrypt,classic,089a548,"SEC::MED && DPT::MKG && CTR::$","SEC::MED && DPT::MKG && CTR::$",same,24,1049,178,success,200,601691492,3008457.460
covercrypt,classic,089a548,"SEC::MED && DPT::MKG && CTR::$","SEC::MED && DPT::$",different,48,1947,178,success,200,1096618817,5483094.085
covercrypt,classic,089a548,"SEC::MED && DPT::MKG && CTR::$","SEC::MED && DPT::$ && CTR::EN",same,24,1049,178,failure,200,769118731,3845593.655
covercrypt,classic,089a548,"SEC::MED && DPT::MKG && CTR::$","SEC::MED && DPT::$ && CTR::FR",same,24,1049,178,failure,200,1287076588,6435382.940
covercrypt,classic,089a548,"SEC::MED && DPT::MKG && CTR::$","SEC::MED && DPT::$ && CTR::$",same,48,1947,178,success,200,1042502089,5212510.445
covercrypt,classic,089a548,"SEC::MED && DPT::MKG && CTR::$","SEC::HIG",different,64,2547,178,success,200,1893295400,9466477.000
covercrypt,classic,089a548,"SEC::MED && DPT::MKG && CTR::$","SEC::HIG && CTR::EN",different,32,1347,178,failure,200,1200797522,6003987.610
covercrypt,classic,089a548,"SEC::MED && DPT::MKG && CTR::$","SEC::HIG && CTR::FR",different,32,1347,178,failure,200,1169272208,5846361.040
covercrypt,classic,089a548,"SEC::MED && DPT::MKG && CTR::$","SEC::HIG && CTR::$",different,64,2547,178,success,200,1112334416,5561672.080
covercrypt,classic,089a548,"SEC::MED && DPT::MKG && CTR::$","SEC::HIG && DPT::DEV",different,32,1347,178,failure,200,1110460242,5552301.210
covercrypt,classic,089a548,"SEC::MED && DPT::MKG && CTR::$","SEC::HIG && DPT::DEV && CTR::EN",same,16,751,178,failure,200,731177951,3655889.755
covercrypt,classic,089a548,"SEC::MED && DPT::MKG && CTR::$","SEC::HIG && DPT::DEV && CTR::FR",same,16,751,178,failure,200,564105580,2820527.900
covercrypt,classic,089a548,"SEC::MED && DPT::MKG && CTR::$","SEC::HIG && DPT::DEV && CTR::$",same,32,1347,178,failure,200,1880052638,9400263.190
covercrypt,classic,089a548,"SEC::MED && DPT::MKG && CTR::$","SEC::HIG && DPT::MKG",different,32,1347,178,success,200,1156950084,5784750.420
covercrypt,classic,089a548,"SEC::MED && DPT::MKG && CTR::$","SEC::HIG && DPT::MKG && CTR::EN",same,16,751,178,failure,200,1106445588,5532227.940
covercrypt,classic,089a548,"SEC::MED && DPT::MKG && CTR::$","SEC::HIG && DPT::MKG && CTR::FR",same,16,751,178,failure,200,1075976430,5379882.150
covercrypt,classic,089a548,"SEC::MED && DPT::MKG && CTR::$","SEC::HIG && DPT::MKG && CTR::$",same,32,1347,178,success,200,991478637,4957393.185
covercrypt,classic,089a548,"SEC::MED && DPT::MKG && CTR::$","SEC::HIG && DPT::$",different,64,2547,178,success,200,2059251099,10296255.495
covercrypt,classic,089a548,"SEC::MED && DPT::MKG && CTR::$","SEC::HIG && DPT::$ && CTR::EN",same,32,1347,178,failure,200,1649111827,8245559.135
covercrypt,classic,089a548,"SEC::MED && DPT::MKG && CTR::$","SEC::HIG && DPT::$ && CTR::FR",same,32,1347,178,failure,200,2608565168,13042825.840
covercrypt,classic,089a548,"SEC::MED && DPT::MKG && CTR::$","SEC::HIG && DPT::$ && CTR::$",same,64,2547,178,success,200,2181571435,10907857.175
covercrypt,classic,089a548,"SEC::MED && DPT::MKG && CTR::$","SEC::$",different,80,3147,178,success,200,2544229189,12721145.945
covercrypt,classic,089a548,"SEC::MED && DPT::MKG && CTR::$","SEC::$ && CTR::EN",different,40,1645,178,failure,200,1497806166,7489030.830
covercrypt,classic,089a548,"SEC::MED && DPT::MKG && CTR::$","SEC::$ && CTR::FR",different,40,1645,178,failure,200,1822775728,9113878.640
covercrypt,classic,089a548,"SEC::MED && DPT::MKG && CTR::$","SEC::$ && CTR::$",different,80,3147,178,success,200,2696325125,13481625.625
covercrypt,classic,089a548,"SEC::MED && DPT::MKG && CTR::$","SEC::$ && DPT::DEV",different,40,1645,178,failure,200,1241183066,6205915.330
covercrypt,classic,089a548,"SEC::MED && DPT::MKG && CTR::$","SEC::$ && DPT::DEV && CTR::EN",same,20,899,178,failure,200,520069893,2600349.465
covercrypt,classic,089a548,"SEC::MED && DPT::MKG && CTR::$","SEC::$ && DPT::DEV && CTR::FR",same,20,899,178,failure,200,563097070,2815485.350
covercrypt,classic,089a548,"SEC::MED && DPT::MKG && CTR::$","SEC::$ && DPT::DEV && CTR::$",same,40,1645,178,failure,200,1530306348,7651531.740
covercrypt,classic,089a548,"SEC::MED && DPT::MKG && CTR::$","SEC::$ && DPT::MKG",different,40,1645,178,success,200,876644805,4383224.025
covercrypt,classic,089a548,"SEC::MED && DPT::MKG && CTR::$","SEC::$ && DPT::MKG && CTR::EN",same,20,899,178,failure,200,806886202,4034431.010
covercrypt,classic,089a548,"SEC::MED && DPT::MKG && CTR::$","SEC::$ && DPT::MKG && CTR::FR",same,20,899,178,failure,200,927411441,4637057.205
covercrypt,classic,089a548,"SEC::MED && DPT::MKG && CTR::$","SEC::$ && DPT::MKG && CTR::$",same,40,1645,178,success,200,1150379487,5751897.435
covercrypt,classic,089a548,"SEC::MED && DPT::MKG && CTR::$","SEC::$ && DPT::$",different,80,3147,178,success,200,1413556692,7067783.460
covercrypt,classic,089a548,"SEC::MED && DPT::MKG && CTR::$","SEC::$ && DPT::$ && CTR::EN",same,40,1645,178,failure,200,1809819583,9049097.915
covercrypt,classic,089a548,"SEC::MED && DPT::MKG && CTR::$","SEC::$ && DPT::$ && CTR::FR",same,40,1645,178,failure,200,1642338416,8211692.080
covercrypt,classic,089a548,"SEC::MED && DPT::MKG && CTR::$","SEC::$ && DPT::$ && CTR::$",same,80,3147,178,success,200,1563160246,7815801.230
covercrypt,classic,089a548,"SEC::HIG && CTR::$","CTR::EN",different,40,1645,178,failure,200,1491187437,7455937.185
covercrypt,classic,089a548,"SEC::HIG && CTR::$","CTR::FR",different,40,1645,178,failure,200,1230977477,6154887.385
covercrypt,classic,089a548,"SEC::HIG && CTR::$","CTR::$",different,80,3147,178,success,200,1672971460,8364857.300
covercrypt,classic,089a548,"SEC::HIG && CTR::$","DPT::DEV",different,40,1645,178,success,200,822742289,4113711.445
covercrypt,classic,089a548,"SEC::HIG && CTR::$","DPT::DEV && CTR::EN",different,20,899,178,failure,200,609349726,3046748.630
covercrypt,classic,089a548,"SEC::HIG && CTR::$","DPT::DEV && CTR::FR",different,20,899,178,failure,200,585300748,2926503.740
covercrypt,classic,089a548,"SEC::HIG && CTR::$","DPT::DEV && CTR::$",different,40,1645,178,success,200,830902750,4154513.750
covercrypt,classic,089a548,"SEC::HIG && CTR::$","DPT::MKG",different,40,1645,178,success,200,741083215,3705416.075
covercrypt,classic,089a548,"SEC::HIG && CTR::$","DPT::MKG && CTR::EN",different,20,899,178,failure,200,612220319,3061101.595
covercrypt,classic,089a548,"SEC::HIG && CTR::$","DPT::MKG && CTR::FR",different,20,899,178,failure,200,768597561,3842987.805
covercrypt,classic,089a548,"SEC::HIG && CTR::$","DPT::MKG && CTR::$",different,40,1645,178,success,200,688635445,3443177.225
covercrypt,classic,089a548,"SEC::HIG && CTR::$","DPT::$",different,80,3147,178,success,200,1457242079,7286210.395
covercrypt,classic,089a548,"SEC::HIG && CTR::$","DPT::$ && CTR::EN",different,40,1645,178,failure,200,1100297963,5501489.815
covercrypt,classic,089a548,"SEC::HIG && CTR::$","DPT::$ && CTR::FR",different,40,1645,178,failure,200,1309690082,6548450.410
covercrypt,classic,089a548,"SEC::HIG && CTR::$","DPT::$ && CTR::$",different,80,3147,178,success,200,1715909979,8579549.895
covercrypt,classic,089a548,"SEC::HIG && CTR::$","SEC::LOW",different,32,1347,178,failure,200,977657929,4888289.645
covercrypt,classic,089a548,"SEC::HIG && CTR::$","SEC::LOW && CTR::EN",different,16,751,178,failure,200,495239868,2476199.340
covercrypt,classic,089a548,"SEC::HIG && CTR::$","SEC::LOW && CTR::FR",different,16,751,178,failure,200,474497577,2372487.885
covercrypt,classic,089a548,"SEC::HIG && CTR::$","SEC::LOW && CTR::$",different,32,1347,178,failure,200,906090226,4530451.130
covercrypt,classic,089a548,"SEC::HIG && CTR::$","SEC::LOW && DPT::DEV",different,16,751,178,failure,200,496722898,2483614.490
covercrypt,classic,089a548,"SEC::HIG && CTR::$","SEC::LOW && DPT::DEV && CTR::EN",same,8,455,178,failure,200,258028788,1290143.940
covercrypt,classic,089a548,"SEC::HIG && CTR::$","SEC::LOW && DPT::DEV && CTR::FR",same,8,455,178,failure,200,211888549,1059442.745
covercrypt,classic,089a548,"SEC::HIG && CTR::$","SEC::LOW && DPT::DEV && CTR::$",same,16,751,178,failure,200,407591876,2037959.380
covercrypt,classic,089a548,"SEC::HIG && CTR::$","SEC::LOW && DPT::MKG",different,16,751,178,failure,200,358249793,1791248.965
covercrypt,classic,089a548,"SEC::HIG && CTR::$","SEC::LOW && DPT::MKG && CTR::EN",same,8,455,178,failure,200,198327827,991639.135
covercrypt,classic,089a548,"SEC::HIG && CTR::$","SEC::LOW && DPT::MKG && CTR::FR",same,8,455,178,failure,200,245184473,1225922.365
covercrypt,classic,089a548,"SEC::HIG && CTR::$","SEC::LOW && DPT::MKG && CTR::$",same,16,751,178,failure,200,439009610,2195048.050
covercrypt,classic,089a548,"SEC::HIG && CTR::$","SEC::LOW && DPT::$",different,32,1347,178,failure,200,864823199,4324115.995
covercrypt,classic,089a548,"SEC::HIG && CTR::$","SEC::LOW && DPT::$ && CTR::EN",same,16,751,178,failure,200,474313502,2371567.510
covercrypt,classic,089a548,"SEC::HIG && CTR::$","SEC::LOW && DPT::$ && CTR::FR",same,16,751,178,failure,200,484926589,2424632.945
covercrypt,classic,089a548,"SEC::HIG && CTR::$","SEC::LOW && DPT::$ && CTR::$",same,32,1347,178,failure,200,1115643798,5578218.990
covercrypt,classic,089a548,"SEC::HIG && CTR::$","SEC::MED",different,48,1947,178,failure,200,1326862754,6634313.770
covercrypt,classic,089a548,"SEC::HIG && CTR::$","SEC::MED && CTR::EN",different,24,1049,178,failure,200,658048398,3290241.990
covercrypt,classic,089a548,"SEC::HIG && CTR::$","SEC::MED && CTR::FR",different,24,1049,178,failure,200,648575233,3242876.165
covercrypt,classic,089a548,"SEC::HIG && CTR::$","SEC::MED && CTR::$",different,48,1947,178,failure,200,1242055196,6210275.980
covercrypt,classic,089a548,"SEC::HIG && CTR::$","SEC::MED && DPT::DEV",different,24,1049,178,failure,200,882233102,4411165.510
covercrypt,classic,089a548,"SEC::HIG && CTR::$","SEC::MED && DPT::DEV && CTR::EN",same,12,603,178,failure,200,441783612,2208918.060
covercrypt,classic,089a548,"SEC::HIG && CTR::$","SEC::MED && DPT::DEV && CTR::FR",same,12,603,178,failure,200,299837144,1499185.720
covercrypt,classic,089a548,"SEC::HIG && CTR::$","SEC::MED && DPT::DEV && CTR::$",same,24,1049,178,failure,200,678822224,3394111.120
covercrypt,classic,089a548,"SEC::HIG && CTR::$","SEC::MED && DPT::MKG",different,24,1049,178,failure,200,747542794,3737713.970
covercrypt,classic,089a548,"SEC::HIG && CTR::$","SEC::MED && DPT::MKG && CTR::EN",same,12,603,178,failure,200,343981882,1719909.410
covercrypt,classic,089a548,"SEC::HIG && CTR::$","SEC::MED && DPT::MKG && CTR::FR",same,12,603,178,failure,200,350138618,1750693.090
covercrypt,classic,089a548,"SEC::HIG && CTR::$","SEC::MED && DPT::MKG && CTR::$",same,24,1049,178,failure,200,590045429,2950227.145
covercrypt,classic,089a548,"SEC::HIG && CTR::$","SEC::MED && DPT::$",different,48,1947,178,failure,200,1728180794,8640903.970
covercrypt,classic,089a548,"SEC::HIG && CTR::$","SEC::MED && DPT::$ && CTR::EN",same,24,1049,178,failure,200,819724693,4098623.465
covercrypt,classic,089a548,"SEC::HIG && CTR::$","SEC::MED && DPT::$ && CTR::FR",same,24,1049,178,failure,200,597479088,2987395.440
covercrypt,classic,089a548,"SEC::HIG && CTR::$","SEC::MED && DPT::$ && CTR::$",same,48,1947,178,failure,200,1350626403,6753132.015
covercrypt,classic,089a548,"SEC::HIG && CTR::$","SEC::HIG",different,64,2547,178,success,200,862604321,4313021.605
covercrypt,classic,089a548,"SEC::HIG && CTR::$","SEC::HIG && CTR::EN",different,32,1347,178,failure,200,758493753,3792468.765
covercrypt,classic,089a548,"SEC::HIG && CTR::$","SEC::HIG && CTR::FR",different,32,1347,178,failure,200,688744180,3443720.900
covercrypt,classic,089a548,"SEC::HIG && CTR::$","SEC::HIG && CTR::$",different,64,2547,178,success,200,697734909,3488674.545
covercrypt,classic,089a548,"SEC::HIG && CTR::$","SEC::HIG && DPT::DEV",different,32,1347,178,success,200,361895553,1809477.765
covercrypt,classic,089a548,"SEC::HIG && CTR::$","SEC::HIG && DPT::DEV && CTR::EN",same,16,751,178,failure,200,352275727,1761378.635
covercrypt,classic,089a548,"SEC::HIG && CTR::$","SEC::HIG && DPT::DEV && CTR::FR",same,16,751,178,failure,200,386878959,1934394.795
covercrypt,classic,089a548,"SEC::HIG && CTR::$","SEC::HIG && DPT::DEV && CTR::$",same,32,1347,178,success,200,461688875,2308444.375
covercrypt,classic,089a548,"SEC::HIG && CTR::$","SEC::HIG && DPT::MKG",different,32,1347,178,success,200,377012181,1885060.905
covercrypt,classic,089a548,"SEC::HIG && CTR::$","SEC::HIG && DPT::MKG && CTR::EN",same,16,751,178,failure,200,392600636,1963003.180
covercrypt,classic,089a548,"SEC::HIG && CTR::$","SEC::HIG && DPT::MKG && CTR::FR",same,16,751,178,failure,200,409274455,2046372.275
covercrypt,classic,089a548,"SEC::HIG && CTR::$","SEC::HIG && DPT::MKG && CTR::$",same,32,1347,178,success,200,487645280,2438226.400
covercrypt,classic,089a548,"SEC::HIG && CTR::$","SEC::HIG && DPT::$",different,64,2547,178,success,200,865304527,4326522.635
covercrypt,classic,089a548,"SEC::HIG && CTR::$","SEC::HIG && DPT::$ && CTR::EN",same,32,1347,178,failure,200,855898418,4279492.090
covercrypt,classic,089a548,"SEC::HIG && CTR::$","SEC::HIG && DPT::$ && CTR::FR",same,32,1347,178,failure,200,935111927,4675559.635
covercrypt,classic,089a548,"SEC::HIG && CTR::$","SEC::HIG && DPT::$ && CTR::$",same,64,2547,178,success,200,887790483,4438952.415
covercrypt,classic,089a548,"SEC::HIG && CTR::$","SEC::$",different,80,3147,178,success,200,945778458,4728892.290
covercrypt,classic,089a548,"SEC::HIG && CTR::$","SEC::$ && CTR::EN",different,40,1645,178,failure,200,1195898712,5979493.560
covercrypt,classic,089a548,"SEC::HIG && CTR::$","SEC::$ && CTR::FR",different,40,1645,178,failure,200,965859899,4829299.495
covercrypt,classic,089a548,"SEC::HIG && CTR::$","SEC::$ && CTR::$",different,80,3147,178,success,200,767464704,3837323.520
covercrypt,classic,089a548,"SEC::HIG && CTR::$","SEC::$ && DPT::DEV",different,40,1645,178,success,200,561830654,2809153.270
covercrypt,classic,089a548,"SEC::HIG && CTR::$","SEC::$ && DPT::DEV && CTR::EN",same,20,899,178,failure,200,408236147,2041180.735
covercrypt,classic,089a548,"SEC::HIG && CTR::$","SEC::$ && DPT::DEV && CTR::FR",same,20,899,178,failure,200,487589959,2437949.795
covercrypt,classic,089a548,"SEC::HIG && CTR::$","SEC::$ && DPT::DEV && CTR::$",same,40,1645,178,success,200,415849430,2079247.150
covercrypt,classic,089a548,"SEC::HIG && CTR::$","SEC::$ && DPT::MKG",different,40,1645,178,success,200,477546901,2387734.505
covercrypt,classic,089a548,"SEC::HIG && CTR::$","SEC::$ && DPT::MKG && CTR::EN",same,20,899,178,failure,200,461517389,2307586.945
covercrypt,classic,089a548,"SEC::HIG && CTR::$","SEC::$ && DPT::MKG && CTR::FR",same,20,899,178,failure,200,519714910,2598574.550
covercrypt,classic,089a548,"SEC::HIG && CTR::$","SEC::$ && DPT::MKG && CTR::$",same,40,1645,178,success,200,775816153,3879080.765
covercrypt,classic,089a548,"SEC::HIG && CTR::$","SEC::$ && DPT::$",different,80,3147,178,success,200,853250944,4266254.720
covercrypt,classic,089a548,"SEC::HIG && CTR::$","SEC::$ && DPT::$ && CTR::EN",same,40,1645,178,failure,200,801962358,4009811.790
covercrypt,classic,089a548,"SEC::HIG && CTR::$","SEC::$ && DPT::$ && CTR::FR",same,40,1645,178,failure,200,817803485,4089017.425
covercrypt,classic,089a548,"SEC::HIG && CTR::$","SEC::$ && DPT::$ && CTR::$",same,80,3147,178,success,200,1155832179,5779160.895
covercrypt,classic,089a548,"SEC::HIG && DPT::MKG && CTR::$","CTR::EN",different,40,1645,178,failure,200,1011768126,5058840.630
covercrypt,classic,089a548,"SEC::HIG && DPT::MKG && CTR::$","CTR::FR",different,40,1645,178,failure,200,1108241380,5541206.900
covercrypt,classic,089a548,"SEC::HIG && DPT::MKG && CTR::$","CTR::$",different,80,3147,178,success,200,1136753250,5683766.250
covercrypt,classic,089a548,"SEC::HIG && DPT::MKG && CTR::$","DPT::DEV",different,40,1645,178,failure,200,810118605,4050593.025
covercrypt,classic,089a548,"SEC::HIG && DPT::MKG && CTR::$","DPT::DEV && CTR::EN",different,20,899,178,failure,200,462828076,2314140.380
covercrypt,classic,089a548,"SEC::HIG && DPT::MKG && CTR::$","DPT::DEV && CTR::FR",different,20,899,178,failure,200,471410158,2357050.790
covercrypt,classic,089a548,"SEC::HIG && DPT::MKG && CTR::$","DPT::DEV && CTR::$",different,40,1645,178,failure,200,1053551980,5267759.900
covercrypt,classic,089a548,"SEC::HIG && DPT::MKG && CTR::$","DPT::MKG",different,40,1645,178,success,200,734614351,3673071.755
covercrypt,classic,089a548,"SEC::HIG && DPT::MKG && CTR::$","DPT::MKG && CTR::EN",different,20,899,178,failure,200,480396756,2401983.780
covercrypt,classic,089a548,"SEC::HIG && DPT::MKG && CTR::$","DPT::MKG && CTR::FR",different,20,899,178,failure,200,657072238,3285361.190
covercrypt,classic,089a548,"SEC::HIG && DPT::MKG && CTR::$","DPT::MKG && CTR::$",different,40,1645,178,success,200,724668960,3623344.800
covercrypt,classic,089a548,"SEC::HIG && DPT::MKG && CTR::$","DPT::$",different,80,3147,178,success,200,2689647782,13448238.910
covercrypt,classic,089a548,"SEC::HIG && DPT::MKG && CTR::$","DPT::$ && CTR::EN",different,40,1645,178,failure,200,1314328460,6571642.300
covercrypt,classic,089a548,"SEC::HIG && DPT::MKG && CTR::$","DPT::$ && CTR::FR",different,40,1645,178,failure,200,994622658,4973113.290
covercrypt,classic,089a548,"SEC::HIG && DPT::MKG && CTR::$","DPT::$ && CTR::$",different,80,3147,178,success,200,1378597645,6892988.225
covercrypt,classic,089a548,"SEC::HIG && DPT::MKG && CTR::$","SEC::LOW",different,32,1347,178,failure,200,1085054189,5425270.945
covercrypt,classic,089a548,"SEC::HIG && DPT::MKG && CTR::$","SEC::LOW && CTR::EN",different,16,751,178,failure,200,539756880,2698784.400
covercrypt,classic,089a548,"SEC::HIG && DPT::MKG && CTR::$","SEC::LOW && CTR::FR",different,16,751,178,failure,200,423775247,2118876.235
covercrypt,classic,089a548,"SEC::HIG && DPT::MKG && CTR::$","SEC::LOW && CTR::$",different,32,1347,178,failure,200,1052208337,5261041.685
covercrypt,classic,089a548,"SEC::HIG && DPT::MKG && CTR::$","SEC::LOW && DPT::DEV",different,16,751,178,failure,200,756850402,3784252.010
covercrypt,classic,089a548,"SEC::HIG && DPT::MKG && CTR::$","SEC::LOW && DPT::DEV && CTR::EN",same,8,455,178,failure,200,534962298,2674811.490
covercrypt,classic,089a548,"SEC::HIG && DPT::MKG && CTR::$","SEC::LOW && DPT::DEV && CTR::FR",same,8,455,178,failure,200,452770175,2263850.875
covercrypt,classic,089a548,"SEC::HIG && DPT::MKG && CTR::$","SEC::LOW && DPT::DEV && CTR::$",same,16,751,178,failure,200,486464620,2432323.100
covercrypt,classic,089a548,"SEC::HIG && DPT::MKG && CTR::$","SEC::LOW && DPT::MKG",different,16,751,178,failure,200,469074632,2345373.160
covercrypt,classic,089a548,"SEC::HIG && DPT::MKG && CTR::$","SEC::LOW && DPT::MKG && CTR::EN",same,8,455,178,failure,200,243711852,1218559.260
covercrypt,classic,089a548,"SEC::HIG && DPT::MKG && CTR::$","SEC::LOW && DPT::MKG && CTR::FR",same,8,455,178,failure,200,223342182,1116710.910
covercrypt,classic,089a548,"SEC::HIG && DPT::MKG && CTR::$","SEC::LOW && DPT::MKG && CTR::$",same,16,751,178,failure,200,376274421,1881372.105
covercrypt,classic,089a548,"SEC::HIG && DPT::MKG && CTR::$","SEC::LOW && DPT::$",different,32,1347,178,failure,200,1015261790,5076308.950
covercrypt,classic,089a548,"SEC::HIG && DPT::MKG && CTR::$","SEC::LOW && DPT::$ && CTR::EN",same,16,751,178,failure,200,764138695,3820693.475
covercrypt,classic,089a548,"SEC::HIG && DPT::MKG && CTR::$","SEC::LOW && DPT::$ && CTR::FR",same,16,751,178,failure,200,816672191,4083360.955
covercrypt,classic,089a548,"SEC::HIG && DPT::MKG && CTR::$","SEC::LOW && DPT::$ && CTR::$",same,32,1347,178,failure,200,761738915,3808694.575
covercrypt,classic,089a548,"SEC::HIG && DPT::MKG && CTR::$","SEC::MED",different,48,1947,178,failure,200,1133961900,5669809.500
covercrypt,classic,089a548,"SEC::HIG && DPT::MKG && CTR::$","SEC::MED && CTR::EN",different,24,1049,178,failure,200,593690601,2968453.005
covercrypt,classic,089a548,"SEC::HIG && DPT::MKG && CTR::$","SEC::MED && CTR::FR",different,24,1049,178,failure,200,674024935,3370124.675
covercrypt,classic,089a548,"SEC::HIG && DPT::MKG && CTR::$","SEC::MED && CTR::$",different,48,1947,178,failure,200,1332662709,6663313.545
covercrypt,classic,089a548,"SEC::HIG && DPT::MKG && CTR::$","SEC::MED && DPT::DEV",different,24,1049,178,failure,200,565787252,2828936.260
covercrypt,classic,089a548,"SEC::HIG && DPT::MKG && CTR::$","SEC::MED && DPT::DEV && CTR::EN",same,12,603,178,failure,200,331117838,1655589.190
covercrypt,classic,089a548,"SEC::HIG && DPT::MKG && CTR::$","SEC::MED && DPT::DEV && CTR::FR",same,12,603,178,failure,200,380371176,1901855.880
covercrypt,classic,089a548,"SEC::HIG && DPT::MKG && CTR::$","SEC::MED && DPT::DEV && CTR::$",same,24,1049,178,failure,200,643019300,3215096.500
covercrypt,classic,089a548,"SEC::HIG && DPT::MKG && CTR::$","SEC::MED && DPT::MKG",different,24,1049,178,failure,200,642416419,3212082.095
covercrypt,classic,089a548,"SEC::HIG && DPT::MKG && CTR::$","SEC::MED && DPT::MKG && CTR::EN",same,12,603,178,failure,200,312505183,1562525.915
covercrypt,classic,089a548,"SEC::HIG && DPT::MKG && CTR::$","SEC::MED && DPT::MKG && CTR::FR",same,12,603,178,failure,200,322597117,1612985.585
covercrypt,classic,089a548,"SEC::HIG && DPT::MKG && CTR::$","SEC::MED && DPT::MKG && CTR::$",same,24,1049,178,failure,200,519613280,2598066.400
covercrypt,classic,089a548,"SEC::HIG && DPT::MKG && CTR::$","SEC::MED && DPT::$",different,48,1947,178,failure,200,904065922,4520329.610
covercrypt,classic,089a548,"SEC::HIG && DPT::MKG && CTR::$","SEC::MED && DPT::$ && CTR::EN",same,24,1049,178,failure,200,603311575,3016557.875
covercrypt,classic,089a548,"SEC::HIG && DPT::MKG && CTR::$","SEC::MED && DPT::$ && CTR::FR",same,24,1049,178,failure,200,718886845,3594434.225
covercrypt,classic,089a548,"SEC::HIG && DPT::MKG && CTR::$","SEC::MED && DPT::$ && CTR::$",same,48,1947,178,failure,200,1144670801,5723354.005
covercrypt,classic,089a548,"SEC::HIG && DPT::MKG && CTR::$","SEC::HIG",different,64,2547,178,success,200,808086811,4040434.055
covercrypt,classic,089a548,"SEC::HIG && DPT::MKG && CTR::$","SEC::HIG && CTR::EN",different,32,1347,178,failure,200,742720081,3713600.405
covercrypt,classic,089a548,"SEC::HIG && DPT::MKG && CTR::$","SEC::HIG && CTR::FR",different,32,1347,178,failure,200,778324263,3891621.315
covercrypt,classic,089a548,"SEC::HIG && DPT::MKG && CTR::$","SEC::HIG && CTR::$",different,64,2547,178,success,200,742414649,3712073.245
covercrypt,classic,089a548,"SEC::HIG && DPT::MKG && CTR::$","SEC::HIG && DPT::DEV",different,32,1347,178,failure,200,786132274,3930661.370
covercrypt,classic,089a548,"SEC::HIG && DPT::MKG && CTR::$","SEC::HIG && DPT::DEV && CTR::EN",same,16,751,178,failure,200,383289766,1916448.830
covercrypt,classic,089a548,"SEC::HIG && DPT::MKG && CTR::$","SEC::HIG && DPT::DEV && CTR::FR",same,16,751,178,failure,200,388588988,1942944.940
covercrypt,classic,089a548,"SEC::HIG && DPT::MKG && CTR::$","SEC::HIG && DPT::DEV && CTR::$",same,32,1347,178,failure,200,601510635,3007553.175
covercrypt,classic,089a548,"SEC::HIG && DPT::MKG && CTR::$","SEC::HIG && DPT::MKG",different,32,1347,178,success,200,335587534,1677937.670
covercrypt,classic,089a548,"SEC::HIG && DPT::MKG && CTR::$","SEC::HIG && DPT::MKG && CTR::EN",same,16,751,178,failure,200,309137381,1545686.905
covercrypt,classic,089a548,"SEC::HIG && DPT::MKG && CTR::$","SEC::HIG && DPT::MKG && CTR::FR",same,16,751,178,failure,200,374838700,1874193.500
covercrypt,classic,089a548,"SEC::HIG && DPT::MKG && CTR::$","SEC::HIG && DPT::MKG && CTR::$",same,32,1347,178,success,200,425306362,2126531.810
covercrypt,classic,089a548,"SEC::HIG && DPT::MKG && CTR::$","SEC::HIG && DPT::$",different,64,2547,178,success,200,935938477,4679692.385
covercrypt,classic,089a548,"SEC::HIG && DPT::MKG && CTR::$","SEC::HIG && DPT::$ && CTR::EN",same,32,1347,178,failure,200,949534061,4747670.305
covercrypt,classic,089a548,"SEC::HIG && DPT::MKG && CTR::$","SEC::HIG && DPT::$ && CTR::FR",same,32,1347,178,failure,200,856837563,4284187.815
covercrypt,classic,089a548,"SEC::HIG && DPT::MKG && CTR::$","SEC::HIG && DPT::$ && CTR::$",same,64,2547,178,success,200,1179141173,5895705.865
covercrypt,classic,089a548,"SEC::HIG && DPT::MKG && CTR::$","SEC::$",different,80,3147,178,success,200,1159139379,5795696.895
covercrypt,classic,089a548,"SEC::HIG && DPT::MKG && CTR::$","SEC::$ && CTR::EN",different,40,1645,178,failure,200,892687297,4463436.485
covercrypt,classic,089a548,"SEC::HIG && DPT::MKG && CTR::$","SEC::$ && CTR::FR",different,40,1645,178,failure,200,1212847858,6064239.290
covercrypt,classic,089a548,"SEC::HIG && DPT::MKG && CTR::$","SEC::$ && CTR::$",different,80,3147,178,success,200,1092796650,5463983.250
covercrypt,classic,089a548,"SEC::HIG && DPT::MKG && CTR::$","SEC::$ && DPT::DEV",different,40,1645,178,failure,200,895566045,4477830.225
covercrypt,classic,089a548,"SEC::HIG && DPT::MKG && CTR::$","SEC::$ && DPT::DEV && CTR::EN",same,20,899,178,failure,200,478855296,2394276.480
covercrypt,classic,089a548,"SEC::HIG && DPT::MKG && CTR::$","SEC::$ && DPT::DEV && CTR::FR",same,20,899,178,failure,200,541461365,2707306.825
covercrypt,classic,089a548,"SEC::HIG && DPT::MKG && CTR::$","SEC::$ && DPT::DEV && CTR::$",same,40,1645,178,failure,200,914295558,4571477.790
covercrypt,classic,089a548,"SEC::HIG && DPT::MKG && CTR::$","SEC::$ && DPT::MKG",different,40,1645,178,success,200,493081018,2465405.090
covercrypt,classic,089a548,"SEC::HIG && DPT::MKG && CTR::$","SEC::$ && DPT::MKG && CTR::EN",same,20,899,178,failure,200,475554889,2377774.445
covercrypt,classic,089a548,"SEC::HIG && DPT::MKG && CTR::$","SEC::$ && DPT::MKG && CTR::FR",same,20,899,178,failure,200,609974928,3049874.640
covercrypt,classic,089a548,"SEC::HIG && DPT::MKG && CTR::$","SEC::$ && DPT::MKG && CTR::$",same,40,1645,178,success,200,525634067,2628170.335
covercrypt,classic,089a548,"SEC::HIG && DPT::MKG && CTR::$","SEC::$ && DPT::$",different,80,3147,178,success,200,879633039,4398165.195
covercrypt,classic,089a548,"SEC::HIG && DPT::MKG && CTR::$","SEC::$ && DPT::$ && CTR::EN",same,40,1645,178,failure,200,794874493,3974372.465
covercrypt,classic,089a548,"SEC::HIG && DPT::MKG && CTR::$","SEC::$ && DPT::$ && CTR::FR",same,40,1645,178,failure,200,870115282,4350576.410
covercrypt,classic,089a548,"SEC::HIG && DPT::MKG && CTR::$","SEC::$ && DPT::$ && CTR::$",same,80,3147,178,success,200,1330589373,6652946.865
covercrypt,classic,089a548,"SEC::$ && CTR::$","CTR::EN",different,40,1645,178,failure,200,911403436,4557017.180
covercrypt,classic,089a548,"SEC::$ && CTR::$","CTR::FR",different,40,1645,178,failure,200,1080807215,5404036.075
covercrypt,classic,089a548,"SEC::$ && CTR::$","CTR::$",different,80,3147,178,success,200,1702071518,8510357.590
covercrypt,classic,089a548,"SEC::$ && CTR::$","DPT::DEV",different,40,1645,178,success,200,563409226,2817046.130
covercrypt,classic,089a548,"SEC::$ && CTR::$","DPT::DEV && CTR::EN",different,20,899,178,failure,200,528331580,2641657.900
covercrypt,classic,089a548,"SEC::$ && CTR::$","DPT::DEV && CTR::FR",different,20,899,178,failure,200,495458609,2477293.045
covercrypt,classic,089a548,"SEC::$ && CTR::$","DPT::DEV && CTR::$",different,40,1645,178,success,200,461803377,2309016.885
covercrypt,classic,089a548,"SEC::$ && CTR::$","DPT::MKG",different,40,1645,178,success,200,451119875,2255599.375
covercrypt,classic,089a548,"SEC::$ && CTR::$","DPT::MKG && CTR::EN",different,20,899,178,failure,200,427320764,2136603.820
covercrypt,classic,089a548,"SEC::$ && CTR::$","DPT::MKG && CTR::FR",different,20,899,178,failure,200,495378945,2476894.725
covercrypt,classic,089a548,"SEC::$ && CTR::$","DPT::MKG && CTR::$",different,40,1645,178,success,200,725120663,3625603.315
covercrypt,classic,089a548,"SEC::$ && CTR::$","DPT::$",different,80,3147,178,success,200,2539595473,12697977.365
covercrypt,classic,089a548,"SEC::$ && CTR::$","DPT::$ && CTR::EN",different,40,1645,178,failure,200,2523761300,12618806.500
covercrypt,classic,089a548,"SEC::$ && CTR::$","DPT::$ && CTR::FR",different,40,1645,178,failure,200,1530017068,7650085.340
covercrypt,classic,089a548,"SEC::$ && CTR::$","DPT::$ && CTR::$",different,80,3147,178,success,200,1491836281,7459181.405
covercrypt,classic,089a548,"SEC::$ && CTR::$","SEC::LOW",different,32,1347,178,failure,200,829380362,4146901.810
covercrypt,classic,089a548,"SEC::$ && CTR::$","SEC::LOW && CTR::EN",different,16,751,178,failure,200,406625536,2033127.680
covercrypt,classic,089a548,"SEC::$ && CTR::$","SEC::LOW && CTR::FR",different,16,751,178,failure,200,498516315,2492581.575
covercrypt,classic,089a548,"SEC::$ && CTR::$","SEC::LOW && CTR::$",different,32,1347,178,failure,200,884672964,4423364.820
covercrypt,classic,089a548,"SEC::$ && CTR::$","SEC::LOW && DPT::DEV",different,16,751,178,failure,200,643327434,3216637.170
covercrypt,classic,089a548,"SEC::$ && CTR::$","SEC::LOW && DPT::DEV && CTR::EN",same,8,455,178,failure,200,307553252,1537766.260
covercrypt,classic,089a548,"SEC::$ && CTR::$","SEC::LOW && DPT::DEV && CTR::FR",same,8,455,178,failure,200,307145621,1535728.105
covercrypt,classic,089a548,"SEC::$ && CTR::$","SEC::LOW && DPT::DEV && CTR::$",same,16,751,178,failure,200,511806912,2559034.560
covercrypt,classic,089a548,"SEC::$ && CTR::$","SEC::LOW && DPT::MKG",different,16,751,178,failure,200,413449490,2067247.450
covercrypt,classic,089a548,"SEC::$ && CTR::$","SEC::LOW && DPT::MKG && CTR::EN",same,8,455,178,failure,200,236982590,1184912.950
covercrypt,classic,089a548,"SEC::$ && CTR::$","SEC::LOW && DPT::MKG && CTR::FR",same,8,455,178,failure,200,179185380,895926.900
covercrypt,classic,089a548,"SEC::$ && CTR::$","SEC::LOW && DPT::MKG && CTR::$",same,16,751,178,failure,200,381994248,1909971.240
covercrypt,classic,089a548,"SEC::$ && CTR::$","SEC::LOW && DPT::$",different,32,1347,178,failure,200,766188800,3830944.000
covercrypt,classic,089a548,"SEC::$ && CTR::$","SEC::LOW && DPT::$ && CTR::EN",same,16,751,178,failure,200,471080812,2355404.060
covercrypt,classic,089a548,"SEC::$ && CTR::$","SEC::LOW && DPT::$ && CTR::FR",same,16,751,178,failure,200,493523501,2467617.505
covercrypt,classic,089a548,"SEC::$ && CTR::$","SEC::LOW && DPT::$ && CTR::$",same,32,1347,178,failure,200,1786741005,8933705.025
covercrypt,classic,089a548,"SEC::$ && CTR::$","SEC::MED",different,48,1947,178,failure,200,1956448449,9782242.245
covercrypt,classic,089a548,"SEC::$ && CTR::$","SEC::MED && CTR::EN",different,24,1049,178,failure,200,660202458,3301012.290
covercrypt,classic,089a548,"SEC::$ && CTR::$","SEC::MED && CTR::FR",different,24,1049,178,failure,200,625953783,3129768.915
covercrypt,classic,089a548,"SEC::$ && CTR::$","SEC::MED && CTR::$",different,48,1947,178,failure,200,1418253441,7091267.205
covercrypt,classic,089a548,"SEC::$ && CTR::$","SEC::MED && DPT::DEV",different,24,1049,178,failure,200,866723916,4333619.580
covercrypt,classic,089a548,"SEC::$ && CTR::$","SEC::MED && DPT::DEV && CTR::EN",same,12,603,178,failure,200,432633201,2163166.005
covercrypt,classic,089a548,"SEC::$ && CTR::$","SEC::MED && DPT::DEV && CTR::FR",same,12,603,178,failure,200,401189822,2005949.110
covercrypt,classic,089a548,"SEC::$ && CTR::$","SEC::MED && DPT::DEV && CTR::$",same,24,1049,178,failure,200,692445482,3462227.410
covercrypt,classic,089a548,"SEC::$ && CTR::$","SEC::MED && DPT::MKG",different,24,1049,178,failure,200,615095753,3075478.765
covercrypt,classic,089a548,"SEC::$ && CTR::$","SEC::MED && DPT::MKG && CTR::EN",same,12,603,178,failure,200,312646919,1563234.595
covercrypt,classic,089a548,"SEC::$ && CTR::$","SEC::MED && DPT::MKG && CTR::FR",same,12,603,178,failure,200,335913165,1679565.825
covercrypt,classic,089a548,"SEC::$ && CTR::$","SEC::MED && DPT::MKG && CTR::$",same,24,1049,178,failure,200,676831190,3384155.950
covercrypt,classic,089a548,"SEC::$ && CTR::$","SEC::MED && DPT::$",different,48,1947,178,failure,200,1225482667,6127413.335
covercrypt,classic,089a548,"SEC::$ && CTR::$","SEC::MED && DPT::$ && CTR::EN",same,24,1049,178,failure,200,697970926,3489854.630
covercrypt,classic,089a548,"SEC::$ && CTR::$","SEC::MED && DPT::$ && CTR::FR",same,24,1049,178,failure,200,1110081264,5550406.320
covercrypt,classic,089a548,"SEC::$ && CTR::$","SEC::MED && DPT::$ && CTR::$",same,48,1947,178,failure,200,1343331783,6716658.915
covercrypt,classic,089a548,"SEC::$ && CTR::$","SEC::HIG",different,64,2547,178,failure,200,1446609804,7233049.020
covercrypt,classic,089a548,"SEC::$ && CTR::$","SEC::HIG && CTR::EN",different,32,1347,178,failure,200,767955172,3839775.860
covercrypt,classic,089a548,"SEC::$ && CTR::$","SEC::HIG && CTR::FR",different,32,1347,178,failure,200,786516845,3932584.225
covercrypt,classic,089a548,"SEC::$ && CTR::$","SEC::HIG && CTR::$",different,64,2547,178,failure,200,1966366561,9831832.805
covercrypt,classic,089a548,"SEC::$ && CTR::$","SEC::HIG && DPT::DEV",different,32,1347,178,failure,200,856735145,4283675.725
covercrypt,classic,089a548,"SEC::$ && CTR::$","SEC::HIG && DPT::DEV && CTR::EN",same,16,751,178,failure,200,406903250,2034516.250
covercrypt,classic,089a548,"SEC::$ && CTR::$","SEC::HIG && DPT::DEV && CTR::FR",same,16,751,178,failure,200,400321838,2001609.190
covercrypt,classic,089a548,"SEC::$ && CTR::$","SEC::HIG && DPT::DEV && CTR::$",same,32,1347,178,failure,200,743635404,3718177.020
covercrypt,classic,089a548,"SEC::$ && CTR::$","SEC::HIG && DPT::MKG",different,32,1347,178,failure,200,741377185,3706885.925
covercrypt,classic,089a548,"SEC::$ && CTR::$","SEC::HIG && DPT::MKG && CTR::EN",same,16,751,178,failure,200,398682110,1993410.550
covercrypt,classic,089a548,"SEC::$ && CTR::$","SEC::HIG && DPT::MKG && CTR::FR",same,16,751,178,failure,200,381135557,1905677.785
covercrypt,classic,089a548,"SEC::$ && CTR::$","SEC::HIG && DPT::MKG && CTR::$",same,32,1347,178,failure,200,727016587,3635082.935
covercrypt,classic,089a548,"SEC::$ && CTR::$","SEC::HIG && DPT::$",different,64,2547,178,failure,200,1505337196,7526685.980
covercrypt,classic,089a548,"SEC::$ && CTR::$","SEC::HIG && DPT::$ && CTR::EN",same,32,1347,178,failure,200,741171197,3705855.985
covercrypt,classic,089a548,"SEC::$ && CTR::$","SEC::HIG && DPT::$ && CTR::FR",same,32,1347,178,failure,200,721078493,3605392.465
covercrypt,classic,089a548,"SEC::$ && CTR::$","SEC::HIG && DPT::$ && CTR::$",same,64,2547,178,failure,200,1462155835,7310779.175
covercrypt,classic,089a548,"SEC::$ && CTR::$","SEC::$",different,80,3147,178,success,200,1045019873,5225099.365
covercrypt,classic,089a548,"SEC::$ && CTR::$","SEC::$ && CTR::EN",different,40,1645,178,failure,200,1009379299,5046896.495
covercrypt,classic,089a548,"SEC::$ && CTR::$","SEC::$ && CTR::FR",different,40,1645,178,failure,200,1095123954,5475619.770
covercrypt,classic,089a548,"SEC::$ && CTR::$","SEC::$ && CTR::$",different,80,3147,178,success,200,1154148361,5770741.805
covercrypt,classic,089a548,"SEC::$ && CTR::$","SEC::$ && DPT::DEV",different,40,1645,178,success,200,569236625,2846183.125
covercrypt,classic,089a548,"SEC::$ && CTR::$","SEC::$ && DPT::DEV && CTR::EN",same,20,899,178,failure,200,653739247,3268696.235
covercrypt,classic,089a548,"SEC::$ && CTR::$","SEC::$ && DPT::DEV && CTR::FR",same,20,899,178,failure,200,500306849,2501534.245
covercrypt,classic,089a548,"SEC::$ && CTR::$","SEC::$ && DPT::DEV && CTR::$",same,40,1645,178,success,200,505769157,2528845.785
covercrypt,classic,089a548,"SEC::$ && CTR::$","SEC::$ && DPT::MKG",different,40,1645,178,success,200,513927585,2569637.925
covercrypt,classic,089a548,"SEC::$ && CTR::$","SEC::$ && DPT::MKG && CTR::EN",same,20,899,178,failure,200,492439602,2462198.010
covercrypt,classic,089a548,"SEC::$ && CTR::$","SEC::$ && DPT::MKG && CTR::FR",same,20,899,178,failure,200,520003101,2600015.505
covercrypt,classic,089a548,"SEC::$ && CTR::$","SEC::$ && DPT::MKG && CTR::$",same,40,1645,178,success,200,646322634,3231613.170
covercrypt,classic,089a548,"SEC::$ && CTR::$","SEC::$ && DPT::$",different,80,3147,178,success,200,1048983076,5244915.380
covercrypt,classic,089a548,"SEC::$ && CTR::$","SEC::$ && DPT::$ && CTR::EN",same,40,1645,178,failure,200,1037594778,5187973.890
covercrypt,classic,089a548,"SEC::$ && CTR::$","SEC::$ && DPT::$ && CTR::FR",same,40,1645,178,failure,200,1525782177,7628910.885
covercrypt,classic,089a548,"SEC::$ && CTR::$","SEC::$ && DPT::$ && CTR::$",same,80,3147,178,success,200,1296069239,6480346.195
covercrypt,classic,089a548,"SEC::$ && DPT::MKG && CTR::$","CTR::EN",different,40,1645,178,failure,200,1129123047,5645615.235
covercrypt,classic,089a548,"SEC::$ && DPT::MKG && CTR::$","CTR::FR",different,40,1645,178,failure,200,1589302153,7946510.765
covercrypt,classic,089a548,"SEC::$ && DPT::MKG && CTR::$","CTR::$",different,80,3147,178,success,200,1254506636,6272533.180
covercrypt,classic,089a548,"SEC::$ && DPT::MKG && CTR::$","DPT::DEV",different,40,1645,178,failure,200,1043308375,5216541.875
covercrypt,classic,089a548,"SEC::$ && DPT::MKG && CTR::$","DPT::DEV && CTR::EN",different,20,899,178,failure,200,567566116,2837830.580
covercrypt,classic,089a548,"SEC::$ && DPT::MKG && CTR::$","DPT::DEV && CTR::FR",different,20,899,178,failure,200,530598188,2652990.940
covercrypt,classic,089a548,"SEC::$ && DPT::MKG && CTR::$","DPT::DEV && CTR::$",different,40,1645,178,failure,200,1163965321,5819826.605
covercrypt,classic,089a548,"SEC::$ && DPT::MKG && CTR::$","DPT::MKG",different,40,1645,178,success,200,544526813,2722634.065
covercrypt,classic,089a548,"SEC::$ && DPT::MKG && CTR::$","DPT::MKG && CTR::EN",different,20,899,178,failure,200,707125873,3535629.365
covercrypt,classic,089a548,"SEC::$ && DPT::MKG && CTR::$","DPT::MKG && CTR::FR",different,20,899,178,failure,200,590040686,2950203.430
covercrypt,classic,089a548,"SEC::$ && DPT::MKG && CTR::$","DPT::MKG && CTR::$",different,40,1645,178,success,200,569117941,2845589.705
covercrypt,classic,089a548,"SEC::$ && DPT::MKG && CTR::$","DPT::$",different,80,3147,178,success,200,1236785727,6183928.635
covercrypt,classic,089a548,"SEC::$ && DPT::MKG && CTR::$","DPT::$ && CTR::EN",different,40,1645,178,failure,200,1404361198,7021805.990
covercrypt,classic,089a548,"SEC::$ && DPT::MKG && CTR::$","DPT::$ && CTR::FR",different,40,1645,178,failure,200,1279126737,6395633.685
covercrypt,classic,089a548,"SEC::$ && DPT::MKG && CTR::$","DPT::$ && CTR::$",different,80,3147,178,success,200,2181387080,10906935.400
covercrypt,classic,089a548,"SEC::$ && DPT::MKG && CTR::$","SEC::LOW",different,32,1347,178,failure,200,988567885,4942839.425
covercrypt,classic,089a548,"SEC::$ && DPT::MKG && CTR::$","SEC::LOW && CTR::EN",different,16,751,178,failure,200,629746695,3148733.475
covercrypt,classic,089a548,"SEC::$ && DPT::MKG && CTR::$","SEC::LOW && CTR::FR",different,16,751,178,failure,200,708860724,3544303.620
covercrypt,classic,089a548,"SEC::$ && DPT::MKG && CTR::$","SEC::LOW && CTR::$",different,32,1347,178,failure,200,1335283581,6676417.905
covercrypt,classic,089a548,"SEC::$ && DPT::MKG && CTR::$","SEC::LOW && DPT::DEV",different,16,751,178,failure,200,763541124,3817705.620
covercrypt,classic,089a548,"SEC::$ && DPT::MKG && CTR::$","SEC::LOW && DPT::DEV && CTR::EN",same,8,455,178,failure,200,261969924,1309849.620
covercrypt,classic,089a548,"SEC::$ && DPT::MKG && CTR::$","SEC::LOW && DPT::DEV && CTR::FR",same,8,455,178,failure,200,324247889,1621239.445
covercrypt,classic,089a548,"SEC::$ && DPT::MKG && CTR::$","SEC::LOW && DPT::DEV && CTR::$",same,16,751,178,failure,200,642168923,3210844.615
covercrypt,classic,089a548,"SEC::$ && DPT::MKG && CTR::$","SEC::LOW && DPT::MKG",different,16,751,178,failure,200,542417493,2712087.465
covercrypt,classic,089a548,"SEC::$ && DPT::MKG && CTR::$","SEC::LOW && DPT::MKG && CTR::EN",same,8,455,178,failure,200,281461293,1407306.465
covercrypt,classic,089a548,"SEC::$ && DPT::MKG && CTR::$","SEC::LOW && DPT::MKG && CTR::FR",same,8,455,178,failure,200,247621040,1238105.200
covercrypt,classic,089a548,"SEC::$ && DPT::MKG && CTR::$","SEC::LOW && DPT::MKG && CTR::$",same,16,751,178,failure,200,766539420,3832697.100
covercrypt,classic,089a548,"SEC::$ && DPT::MKG && CTR::$","SEC::LOW && DPT::$",different,32,1347,178,failure,200,1580745169,7903725.845
covercrypt,classic,089a548,"SEC::$ && DPT::MKG && CTR::$","SEC::LOW && DPT::$ && CTR::EN",same,16,751,178,failure,200,620527383,3102636.915
covercrypt,classic,089a548,"SEC::$ && DPT::MKG && CTR::$","SEC::LOW && DPT::$ && CTR::FR",same,16,751,178,failure,200,529768252,2648841.260
covercrypt,classic,089a548,"SEC::$ && DPT::MKG && CTR::$","SEC::LOW && DPT::$ && CTR::$",same,32,1347,178,failure,200,1090868710,5454343.550
covercrypt,classic,089a548,"SEC::$ && DPT::MKG && CTR::$","SEC::MED",different,48,1947,178,failure,200,3266687598,16333437.990
covercrypt,classic,089a548,"SEC::$ && DPT::MKG && CTR::$","SEC::MED && CTR::EN",different,24,1049,178,failure,200,1794472350,8972361.750
covercrypt,classic,089a548,"SEC::$ && DPT::MKG && CTR::$","SEC::MED && CTR::FR",different,24,1049,178,failure,200,1297660516,6488302.580
covercrypt,classic,089a548,"SEC::$ && DPT::MKG && CTR::$","SEC::MED && CTR::$",different,48,1947,178,failure,200,3059315519,15296577.595
covercrypt,classic,089a548,"SEC::$ && DPT::MKG && CTR::$","SEC::MED && DPT::DEV",different,24,1049,178,failure,200,1739644701,8698223.505
covercrypt,classic,089a548,"SEC::$ && DPT::MKG && CTR::$","SEC::MED && DPT::DEV && CTR::EN",same,12,603,178,failure,200,1050586097,5252930.485
covercrypt,classic,089a548,"SEC::$ && DPT::MKG && CTR::$","SEC::MED && DPT::DEV && CTR::FR",same,12,603,178,failure,200,783958994,3919794.970
covercrypt,classic,089a548,"SEC::$ && DPT::MKG && CTR::$","SEC::MED && DPT::DEV && CTR::$",same,24,1049,178,failure,200,926282651,4631413.255
covercrypt,classic,089a548,"SEC::$ && DPT::MKG && CTR::$","SEC::MED && DPT::MKG",different,24,1049,178,failure,200,851660633,4258303.165
covercrypt,classic,089a548,"SEC::$ && DPT::MKG && CTR::$","SEC::MED && DPT::MKG && CTR::EN",same,12,603,178,failure,200,599148465,2995742.325
covercrypt,classic,089a548,"SEC::$ && DPT::MKG && CTR::$","SEC::MED && DPT::MKG && CTR::FR",same,12,603,178,failure,200,549982510,2749912.550
covercrypt,classic,089a548,"SEC::$ && DPT::MKG && CTR::$","SEC::MED && DPT::MKG && CTR::$",same,24,1049,178,failure,200,919064386,4595321.930
covercrypt,classic,089a548,"SEC::$ && DPT::MKG && CTR::$","SEC::MED && DPT::$",different,48,1947,178,failure,200,2770350457,13851752.285
covercrypt,classic,089a548,"SEC::$ && DPT::MKG && CTR::$","SEC::MED && DPT::$ && CTR::EN",same,24,1049,178,failure,200,1833312548,9166562.740
covercrypt,classic,089a548,"SEC::$ && DPT::MKG && CTR::$","SEC::MED && DPT::$ && CTR::FR",same,24,1049,178,failure,200,1253060203,6265301.015
covercrypt,classic,089a548,"SEC::$ && DPT::MKG && CTR::$","SEC::MED && DPT::$ && CTR::$",same,48,1947,178,failure,200,2265126783,11325633.915
covercrypt,classic,089a548,"SEC::$ && DPT::MKG && CTR::$","SEC::HIG",different,64,2547,178,failure,200,2753829276,13769146.380
covercrypt,classic,089a548,"SEC::$ && DPT::MKG && CTR::$","SEC::HIG && CTR::EN",different,32,1347,178,failure,200,1529813457,7649067.285
covercrypt,classic,089a548,"SEC::$ && DPT::MKG && CTR::$","SEC::HIG && CTR::FR",different,32,1347,178,failure,200,1374137204,6870686.020
covercrypt,classic,089a548,"SEC::$ && DPT::MKG && CTR::$","SEC::HIG && CTR::$",different,64,2547,178,failure,200,2699042556,13495212.780
covercrypt,classic,089a548,"SEC::$ && DPT::MKG && CTR::$","SEC::HIG && DPT::DEV",different,32,1347,178,failure,200,1463964407,7319822.035
covercrypt,classic,089a548,"SEC::$ && DPT::MKG && CTR::$","SEC::HIG && DPT::DEV && CTR::EN",same,16,751,178,failure,200,771634301,3858171.505
covercrypt,classic,089a548,"SEC::$ && DPT::MKG && CTR::$","SEC::HIG && DPT::DEV && CTR::FR",same,16,751,178,failure,200,779027293,3895136.465
covercrypt,classic,089a548,"SEC::$ && DPT::MKG && CTR::$","SEC::HIG && DPT::DEV && CTR::$",same,32,1347,178,failure,200,1298437998,6492189.990
covercrypt,classic,089a548,"SEC::$ && DPT::MKG && CTR::$","SEC::HIG && DPT::MKG",different,32,1347,178,failure,200,1226817521,6134087.605
covercrypt,classic,089a548,"SEC::$ && DPT::MKG && CTR::$","SEC::HIG && DPT::MKG && CTR::EN",same,16,751,178,failure,200,660618970,3303094.850
covercrypt,classic,089a548,"SEC::$ && DPT::MKG && CTR::$","SEC::HIG && DPT::MKG && CTR::FR",same,16,751,178,failure,200,584441202,2922206.010
covercrypt,classic,089a548,"SEC::$ && DPT::MKG && CTR::$","SEC::HIG && DPT::MKG && CTR::$",same,32,1347,178,failure,200,1136225488,5681127.440
covercrypt,classic,089a548,"SEC::$ && DPT::MKG && CTR::$","SEC::HIG && DPT::$",different,64,2547,178,failure,200,3657880098,18289400.490
covercrypt,classic,089a548,"SEC::$ && DPT::MKG && CTR::$","SEC::HIG && DPT::$ && CTR::EN",same,32,1347,178,failure,200,1427149331,7135746.655
covercrypt,classic,089a548,"SEC::$ && DPT::MKG && CTR::$","SEC::HIG && DPT::$ && CTR::FR",same,32,1347,178,failure,200,1515749593,7578747.965
covercrypt,classic,089a548,"SEC::$ && DPT::MKG && CTR::$","SEC::HIG && DPT::$ && CTR::$",same,64,2547,178,failure,200,1945455371,9727276.855
covercrypt,classic,089a548,"SEC::$ && DPT::MKG && CTR::$","SEC::$",different,80,3147,178,success,200,1167338183,5836690.915
covercrypt,classic,089a548,"SEC::$ && DPT::MKG && CTR::$","SEC::$ && CTR::EN",different,40,1645,178,failure,200,1325234006,6626170.030
covercrypt,classic,089a548,"SEC::$ && DPT::MKG && CTR::$","SEC::$ && CTR::FR",different,40,1645,178,failure,200,1168565249,5842826.245
covercrypt,classic,089a548,"SEC::$ && DPT::MKG && CTR::$","SEC::$ && CTR::$",different,80,3147,178,success,200,1176427635,5882138.175
covercrypt,classic,089a548,"SEC::$ && DPT::MKG && CTR::$","SEC::$ && DPT::DEV",different,40,1645,178,failure,200,1108430983,5542154.915
covercrypt,classic,089a548,"SEC::$ && DPT::MKG && CTR::$","SEC::$ && DPT::DEV && CTR::EN",same,20,899,178,failure,200,536466295,2682331.475
covercrypt,classic,089a548,"SEC::$ && DPT::MKG && CTR::$","SEC::$ && DPT::DEV && CTR::FR",same,20,899,178,failure,200,658841932,3294209.660
covercrypt,classic,089a548,"SEC::$ && DPT::MKG && CTR::$","SEC::$ && DPT::DEV && CTR::$",same,40,1645,178,failure,200,1325507530,6627537.650
covercrypt,classic,089a548,"SEC::$ && DPT::MKG && CTR::$","SEC::$ && DPT::MKG",different,40,1645,178,success,200,722790179,3613950.895
covercrypt,classic,089a548,"SEC::$ && DPT::MKG && CTR::$","SEC::$ && DPT::MKG && CTR::EN",same,20,899,178,failure,200,727318784,3636593.920
covercrypt,classic,089a548,"SEC::$ && DPT::MKG && CTR::$","SEC::$ && DPT::MKG && CTR::FR",same,20,899,178,failure,200,725300813,3626504.065
covercrypt,classic,089a548,"SEC::$ && DPT::MKG && CTR::$","SEC::$ && DPT::MKG && CTR::$",same,40,1645,178,success,200,967371134,4836855.670
covercrypt,classic,089a548,"SEC::$ && DPT::MKG && CTR::$","SEC::$ && DPT::$",different,80,3147,178,success,200,1445566575,7227832.875
covercrypt,classic,089a548,"SEC::$ && DPT::MKG && CTR::$","SEC::$ && DPT::$ && CTR::EN",same,40,1645,178,failure,200,1070726031,5353630.155
covercrypt,classic,089a548,"SEC::$ && DPT::MKG && CTR::$","SEC::$ && DPT::$ && CTR::FR",same,40,1645,178,failure,200,984764439,4923822.195
covercrypt,classic,089a548,"SEC::$ && DPT::MKG && CTR::$","SEC::$ && DPT::$ && CTR::$",same,80,3147,178,success,200,1619979917,8099899.585
covercrypt,classic,089a548,"DPT::DEV","CTR::EN",different,40,1645,178,success,200,885734381,4428671.905
covercrypt,classic,089a548,"DPT::DEV","CTR::FR",different,40,1645,178,success,200,1323583713,6617918.565
covercrypt,classic,089a548,"DPT::DEV","CTR::$",different,80,3147,178,success,200,2995868459,14979342.295
covercrypt,classic,089a548,"DPT::DEV","DPT::DEV",different,40,1645,178,success,200,1668320359,8341601.795
covercrypt,classic,089a548,"DPT::DEV","DPT::DEV && CTR::EN",different,20,899,178,success,200,1085869612,5429348.060
covercrypt,classic,089a548,"DPT::DEV","DPT::DEV && CTR::FR",different,20,899,178,success,200,1208570462,6042852.310
covercrypt,classic,089a548,"DPT::DEV","DPT::DEV && CTR::$",different,40,1645,178,success,200,1952754228,9763771.140
covercrypt,classic,089a548,"DPT::DEV","DPT::MKG",different,40,1645,178,failure,200,3587899815,17939499.075
covercrypt,classic,089a548,"DPT::DEV","DPT::MKG && CTR::EN",different,20,899,178,failure,200,1906507383,9532536.915
covercrypt,classic,089a548,"DPT::DEV","DPT::MKG && CTR::FR",different,20,899,178,failure,200,1817973601,9089868.005
covercrypt,classic,089a548,"DPT::DEV","DPT::MKG && CTR::$",different,40,1645,178,failure,200,3642510649,18212553.245
covercrypt,classic,089a548,"DPT::DEV","DPT::$",different,80,3147,178,success,200,3782967641,18914838.205
covercrypt,classic,089a548,"DPT::DEV","DPT::$ && CTR::EN",different,40,1645,178,success,200,2049007520,10245037.600
covercrypt,classic,089a548,"DPT::DEV","DPT::$ && CTR::FR",different,40,1645,178,success,200,2069700808,10348504.040
covercrypt,classic,089a548,"DPT::DEV","DPT::$ && CTR::$",different,80,3147,178,success,200,3378626105,16893130.525
covercrypt,classic,089a548,"DPT::DEV","SEC::LOW",different,32,1347,178,success,200,1273211011,6366055.055
covercrypt,classic,089a548,"DPT::DEV","SEC::LOW && CTR::EN",different,16,751,178,success,200,697158897,3485794.485
covercrypt,classic,089a548,"DPT::DEV","SEC::LOW && CTR::FR",different,16,751,178,success,200,811693659,4058468.295
covercrypt,classic,089a548,"DPT::DEV","SEC::LOW && CTR::$",different,32,1347,178,success,200,1228447155,6142235.775
covercrypt,classic,089a548,"DPT::DEV","SEC::LOW && DPT::DEV",different,16,751,178,success,200,524775908,2623879.540
covercrypt,classic,089a548,"DPT::DEV","SEC::LOW && DPT::DEV && CTR::EN",same,8,455,178,success,200,349528870,1747644.350
covercrypt,classic,089a548,"DPT::DEV","SEC::LOW && DPT::DEV && CTR::FR",same,8,455,178,success,200,366591613,1832958.065
covercrypt,classic,089a548,"DPT::DEV","SEC::LOW && DPT::DEV && CTR::$",same,16,751,178,success,200,650194671,3250973.355
covercrypt,classic,089a548,"DPT::DEV","SEC::LOW && DPT::MKG",different,16,751,178,failure,200,1092563539,5462817.695
covercrypt,classic,089a548,"DPT::DEV","SEC::LOW && DPT::MKG && CTR::EN",same,8,455,178,failure,200,642051813,3210259.065
covercrypt,classic,089a548,"DPT::DEV","SEC::LOW && DPT::MKG && CTR::FR",same,8,455,178,failure,200,665187359,3325936.795
covercrypt,classic,089a548,"DPT::DEV","SEC::LOW && DPT::MKG && CTR::$",same,16,751,178,failure,200,1215315164,6076575.820
covercrypt,classic,089a548,"DPT::DEV","SEC::LOW && DPT::$",different,32,1347,178,success,200,1167931684,5839658.420
covercrypt,classic,089a548,"DPT::DEV","SEC::LOW && DPT::$ && CTR::EN",same,16,751,178,success,200,737389155,3686945.775
covercrypt,classic,089a548,"DPT::DEV","SEC::LOW && DPT::$ && CTR::FR",same,16,751,178,success,200,924260158,4621300.790
covercrypt,classic,089a548,"DPT::DEV","SEC::LOW && DPT::$ && CTR::$",same,32,1347,178,success,200,1505882270,7529411.350
covercrypt,classic,089a548,"DPT::DEV","SEC::MED",different,48,1947,178,success,200,2029496028,10147480.140
covercrypt,classic,089a548,"DPT::DEV","SEC::MED && CTR::EN",different,24,1049,178,success,200,1056488425,5282442.125
covercrypt,classic,089a548,"DPT::DEV","SEC::MED && CTR::FR",different,24,1049,178,success,200,1041316610,5206583.050
covercrypt,classic,089a548,"DPT::DEV","SEC::MED && CTR::$",different,48,1947,178,success,200,1458132013,7290660.065
covercrypt,classic,089a548,"DPT::DEV","SEC::MED && DPT::DEV",different,24,1049,178,success,200,991719789,4958598.945
covercrypt,classic,089a548,"DPT::DEV","SEC::MED && DPT::DEV && CTR::EN",same,12,603,178,success,200,442088717,2210443.585
covercrypt,classic,089a548,"DPT::DEV","SEC::MED && DPT::DEV && CTR::FR",same,12,603,178,success,200,417921440,2089607.200
covercrypt,classic,089a548,"DPT::DEV","SEC::MED && DPT::DEV && CTR::$",same,24,1049,178,success,200,584074119,2920370.595
covercrypt,classic,089a548,"DPT::DEV","SEC::MED && DPT::MKG",different,24,1049,178,failure,200,916003532,4580017.660
covercrypt,classic,089a548,"DPT::DEV","SEC::MED && DPT::MKG && CTR::EN",same,12,603,178,failure,200,512666954,2563334.770
covercrypt,classic,089a548,"DPT::DEV","SEC::MED && DPT::MKG && CTR::FR",same,12,603,178,failure,200,504389994,2521949.970
covercrypt,classic,089a548,"DPT::DEV","SEC::MED && DPT::MKG && CTR::$",same,24,1049,178,failure,200,953588257,4767941.285
covercrypt,classic,089a548,"DPT::DEV","SEC::MED && DPT::$",different,48,1947,178,success,200,1245541615,6227708.075
covercrypt,classic,089a548,"DPT::DEV","SEC::MED && DPT::$ && CTR::EN",same,24,1049,178,success,200,557744305,2788721.525
covercrypt,classic,089a548,"DPT::DEV","SEC::MED && DPT::$ && CTR::FR",same,24,1049,178,success,200,567644129,2838220.645
covercrypt,classic,089a548,"DPT::DEV","SEC::MED && DPT::$ && CTR::$",same,48,1947,178,success,200,1004940175,5024700.875
covercrypt,classic,089a548,"DPT::DEV","SEC::HIG",different,64,2547,178,success,200,1098560358,5492801.790
covercrypt,classic,089a548,"DPT::DEV","SEC::HIG && CTR::EN",different,32,1347,178,success,200,687341108,3436705.540
covercrypt,classic,089a548,"DPT::DEV","SEC::HIG && CTR::FR",different,32,1347,178,success,200,775384134,3876920.670
covercrypt,classic,089a548,"DPT::DEV","SEC::HIG && CTR::$",different,64,2547,178,success,200,1830016633,9150083.165
covercrypt,classic,089a548,"DPT::DEV","SEC::HIG && DPT::DEV",different,32,1347,178,success,200,1426211667,7131058.335
covercrypt,classic,089a548,"DPT::DEV","SEC::HIG && DPT::DEV && CTR::EN",same,16,751,178,success,200,927509393,4637546.965
covercrypt,classic,089a548,"DPT::DEV","SEC::HIG && DPT::DEV && CTR::FR",same,16,751,178,success,200,890294720,4451473.600
covercrypt,classic,089a548,"DPT::DEV","SEC::HIG && DPT::DEV && CTR::$",same,32,1347,178,success,200,1425715431,7128577.155
covercrypt,classic,089a548,"DPT::DEV","SEC::HIG && DPT::MKG",different,32,1347,178,failure,200,2427738783,12138693.915
covercrypt,classic,089a548,"DPT::DEV","SEC::HIG && DPT::MKG && CTR::EN",same,16,751,178,failure,200,1419749291,7098746.455
covercrypt,classic,089a548,"DPT::DEV","SEC::HIG && DPT::MKG && CTR::FR",same,16,751,178,failure,200,1372845453,6864227.265
covercrypt,classic,089a548,"DPT::DEV","SEC::HIG && DPT::MKG && CTR::$",same,32,1347,178,failure,200,2795121243,13975606.215
covercrypt,classic,089a548,"DPT::DEV","SEC::HIG && DPT::$",different,64,2547,178,success,200,2699566701,13497833.505
covercrypt,classic,089a548,"DPT::DEV","SEC::HIG && DPT::$ && CTR::EN",same,32,1347,178,success,200,1488479520,7442397.600
covercrypt,classic,089a548,"DPT::DEV","SEC::HIG && DPT::$ && CTR::FR",same,32,1347,178,success,200,1572755413,7863777.065
covercrypt,classic,089a548,"DPT::DEV","SEC::HIG && DPT::$ && CTR::$",same,64,2547,178,success,200,2815763934,14078819.670
covercrypt,classic,089a548,"DPT::DEV","SEC::$",different,80,3147,178,success,200,3909497359,19547486.795
covercrypt,classic,089a548,"DPT::DEV","SEC::$ && CTR::EN",different,40,1645,178,success,200,1756520025,8782600.125
covercrypt,classic,089a548,"DPT::DEV","SEC::$ && CTR::FR",different,40,1645,178,success,200,1934306587,9671532.935
covercrypt,classic,089a548,"DPT::DEV","SEC::$ && CTR::$",different,80,3147,178,success,200,3410524792,17052623.960
covercrypt,classic,089a548,"DPT::DEV","SEC::$ && DPT::DEV",different,40,1645,178,success,200,1983492621,9917463.105
covercrypt,classic,089a548,"DPT::DEV","SEC::$ && DPT::DEV && CTR::EN",same,20,899,178,success,200,1211238778,6056193.890
covercrypt,classic,089a548,"DPT::DEV","SEC::$ && DPT::DEV && CTR::FR",same,20,899,178,success,200,1195526329,5977631.645
covercrypt,classic,089a548,"DPT::DEV","SEC::$ && DPT::DEV && CTR::$",same,40,1645,178,success,200,2236653012,11183265.060
covercrypt,classic,089a548,"DPT::DEV","SEC::$ && DPT::MKG",different,40,1645,178,failure,200,3639013745,18195068.725
covercrypt,classic,089a548,"DPT::DEV","SEC::$ && DPT::MKG && CTR::EN",same,20,899,178,failure,200,1910926783,9554633.915
covercrypt,classic,089a548,"DPT::DEV","SEC::$ && DPT::MKG && CTR::FR",same,20,899,178,failure,200,1925077794,9625388.970
covercrypt,classic,089a548,"DPT::DEV","SEC::$ && DPT::MKG && CTR::$",same,40,1645,178,failure,200,3631560738,18157803.690
covercrypt,classic,089a548,"DPT::DEV","SEC::$ && DPT::$",different,80,3147,178,success,200,3683309909,18416549.545
covercrypt,classic,089a548,"DPT::DEV","SEC::$ && DPT::$ && CTR::EN",same,40,1645,178,success,200,1884762749,9423813.745
covercrypt,classic,089a548,"DPT::DEV","SEC::$ && DPT::$ && CTR::FR",same,40,1645,178,success,200,1990920375,9954601.875
covercrypt,classic,089a548,"DPT::DEV","SEC::$ && DPT::$ && CTR::$",same,80,3147,178,success,200,3418603208,17093016.040
covercrypt,classic,089a548,"DPT::$","CTR::EN",different,40,1645,178,success,200,2133481557,10667407.785
covercrypt,classic,089a548,"DPT::$","CTR::FR",different,40,1645,178,success,200,2007979203,10039896.015
covercrypt,classic,089a548,"DPT::$","CTR::$",different,80,3147,178,success,200,3753697227,18768486.135
covercrypt,classic,089a548,"DPT::$","DPT::DEV",different,40,1645,178,failure,200,3671686081,18358430.405
covercrypt,classic,089a548,"DPT::$","DPT::DEV && CTR::EN",different,20,899,178,failure,200,1831714968,9158574.840
covercrypt,classic,089a548,"DPT::$","DPT::DEV && CTR::FR",different,20,899,178,failure,200,1863626752,9318133.760
covercrypt,classic,089a548,"DPT::$","DPT::DEV && CTR::$",different,40,1645,178,failure,200,3393899788,16969498.940
covercrypt,classic,089a548,"DPT::$","DPT::MKG",different,40,1645,178,failure,200,3512813748,17564068.740
covercrypt,classic,089a548,"DPT::$","DPT::MKG && CTR::EN",different,20,899,178,failure,200,1864258495,9321292.475
covercrypt,classic,089a548,"DPT::$","DPT::MKG && CTR::FR",different,20,899,178,failure,200,1892884919,9464424.595
covercrypt,classic,089a548,"DPT::$","DPT::MKG && CTR::$",different,40,1645,178,failure,200,3415643960,17078219.800
covercrypt,classic,089a548,"DPT::$","DPT::$",different,80,3147,178,success,200,3674888651,18374443.255
covercrypt,classic,089a548,"DPT::$","DPT::$ && CTR::EN",different,40,1645,178,success,200,2054509544,10272547.720
covercrypt,classic,089a548,"DPT::$","DPT::$ && CTR::FR",different,40,1645,178,success,200,1860847598,9304237.990
covercrypt,classic,089a548,"DPT::$","DPT::$ && CTR::$",different,80,3147,178,success,200,3614025404,18070127.020
covercrypt,classic,089a548,"DPT::$","SEC::LOW",different,32,1347,178,success,200,1780385180,8901925.900
covercrypt,classic,089a548,"DPT::$","SEC::LOW && CTR::EN",different,16,751,178,success,200,1126361745,5631808.725
covercrypt,classic,089a548,"DPT::$","SEC::LOW && CTR::FR",different,16,751,178,success,200,971332029,4856660.145
covercrypt,classic,089a548,"DPT::$","SEC::LOW && CTR::$",different,32,1347,178,success,200,1701363138,8506815.690
covercrypt,classic,089a548,"DPT::$","SEC::LOW && DPT::DEV",different,16,751,178,failure,200,1499835982,7499179.910
covercrypt,classic,089a548,"DPT::$","SEC::LOW && DPT::DEV && CTR::EN",same,8,455,178,failure,200,825806895,4129034.475
covercrypt,classic,089a548,"DPT::$","SEC::LOW && DPT::DEV && CTR::FR",same,8,455,178,failure,200,838570441,4192852.205
covercrypt,classic,089a548,"DPT::$","SEC::LOW && DPT::DEV && CTR::$",same,16,751,178,failure,200,1556815559,7784077.795
covercrypt,classic,089a548,"DPT::$","SEC::LOW && DPT::MKG",different,16,751,178,failure,200,1523389520,7616947.600
covercrypt,classic,089a548,"DPT::$","SEC::LOW && DPT::MKG && CTR::EN",same,8,455,178,failure,200,793580972,3967904.860
covercrypt,classic,089a548,"DPT::$","SEC::LOW && DPT::MKG && CTR::FR",same,8,455,178,failure,200,824512757,4122563.785
covercrypt,classic,089a548,"DPT::$","SEC::LOW && DPT::MKG && CTR::$",same,16,751,178,failure,200,1529419732,7647098.660
covercrypt,classic,089a548,"DPT::$","SEC::LOW && DPT::$",different,32,1347,178,success,200,1622067559,8110337.795
covercrypt,classic,089a548,"DPT::$","SEC::LOW && DPT::$ && CTR::EN",same,16,751,178,success,200,1002427788,5012138.940
covercrypt,classic,089a548,"DPT::$","SEC::LOW && DPT::$ && CTR::FR",same,16,751,178,success,200,989021393,4945106.965
covercrypt,classic,089a548,"DPT::$","SEC::LOW && DPT::$ && CTR::$",same,32,1347,178,success,200,1697155063,8485775.315
covercrypt,classic,089a548,"DPT::$","SEC::MED",different,48,1947,178,success,200,2128785162,10643925.810
covercrypt,classic,089a548,"DPT::$","SEC::MED && CTR::EN",different,24,1049,178,success,200,1255622074,6278110.370
covercrypt,classic,089a548,"DPT::$","SEC::MED && CTR::FR",different,24,1049,178,success,200,1322700125,6613500.625
covercrypt,classic,089a548,"DPT::$","SEC::MED && CTR::$",different,48,1947,178,success,200,2353535359,11767676.795
covercrypt,classic,089a548,"DPT::$","SEC::MED && DPT::DEV",different,24,1049,178,failure,200,2312223755,11561118.775
covercrypt,classic,089a548,"DPT::$","SEC::MED && DPT::DEV && CTR::EN",same,12,603,178,failure,200,1177195425,5885977.125
covercrypt,classic,089a548,"DPT::$","SEC::MED && DPT::DEV && CTR::FR",same,12,603,178,failure,200,1116644167,5583220.835
covercrypt,classic,089a548,"DPT::$","SEC::MED && DPT::DEV && CTR::$",same,24,1049,178,failure,200,2102757324,10513786.620
covercrypt,classic,089a548,"DPT::$","SEC::MED && DPT::MKG",different,24,1049,178,failure,200,2133899983,10669499.915
covercrypt,classic,089a548,"DPT::$","SEC::MED && DPT::MKG && CTR::EN",same,12,603,178,failure,200,1161906957,5809534.785
covercrypt,classic,089a548,"DPT::$","SEC::MED && DPT::MKG && CTR::FR",same,12,603,178,failure,200,1204527570,6022637.850
covercrypt,classic,089a548,"DPT::$","SEC::MED && DPT::MKG && CTR::$",same,24,1049,178,failure,200,2142011918,10710059.590
covercrypt,classic,089a548,"DPT::$","SEC::MED && DPT::$",different,48,1947,178,success,200,2147500244,10737501.220
covercrypt,classic,089a548,"DPT::$","SEC::MED && DPT::$ && CTR::EN",same,24,1049,178,success,200,1305416410,6527082.050
covercrypt,classic,089a548,"DPT::$","SEC::MED && DPT::$ && CTR::FR",same,24,1049,178,success,200,1335964253,6679821.265
covercrypt,classic,089a548,"DPT::$","SEC::MED && DPT::$ && CTR::$",same,48,1947,178,success,200,2339347857,11696739.285
covercrypt,classic,089a548,"DPT::$","SEC::HIG",different,64,2547,178,success,200,3455270617,17276353.085
covercrypt,classic,089a548,"DPT::$","SEC::HIG && CTR::EN",different,32,1347,178,success,200,1684940651,8424703.255
covercrypt,classic,089a548,"DPT::$","SEC::HIG && CTR::FR",different,32,1347,178,success,200,1764776847,8823884.235
covercrypt,classic,089a548,"DPT::$","SEC::HIG && CTR::$",different,64,2547,178,success,200,3049610910,15248054.550
covercrypt,classic,089a548,"DPT::$","SEC::HIG && DPT::DEV",different,32,1347,178,failure,200,2895376744,14476883.720
covercrypt,classic,089a548,"DPT::$","SEC::HIG && DPT::DEV && CTR::EN",same,16,751,178,failure,200,1539281217,7696406.085
covercrypt,classic,089a548,"DPT::$","SEC::HIG && DPT::DEV && CTR::FR",same,16,751,178,failure,200,1444204169,7221020.845
covercrypt,classic,089a548,"DPT::$","SEC::HIG && DPT::DEV && CTR::$",same,32,1347,178,failure,200,2851349150,14256745.750
covercrypt,classic,089a548,"DPT::$","SEC::HIG && DPT::MKG",different,32,1347,178,failure,200,2869610189,14348050.945
covercrypt,classic,089a548,"DPT::$","SEC::HIG && DPT::MKG && CTR::EN",same,16,751,178,failure,200,1468530955,7342654.775
covercrypt,classic,089a548,"DPT::$","SEC::HIG && DPT::MKG && CTR::FR",same,16,751,178,failure,200,1537314379,7686571.895
covercrypt,classic,089a548,"DPT::$","SEC::HIG && DPT::MKG && CTR::$",same,32,1347,178,failure,200,2655691806,13278459.030
covercrypt,classic,089a548,"DPT::$","SEC::HIG && DPT::$",different,64,2547,178,success,200,2812253934,14061269.670
covercrypt,classic,089a548,"DPT::$","SEC::HIG && DPT::$ && CTR::EN",same,32,1347,178,success,200,1831635344,9158176.720
covercrypt,classic,089a548,"DPT::$","SEC::HIG && DPT::$ && CTR::FR",same,32,1347,178,success,200,1696092364,8480461.820
covercrypt,classic,089a548,"DPT::$","SEC::HIG && DPT::$ && CTR::$",same,64,2547,178,success,200,3134033370,15670166.850
covercrypt,classic,089a548,"DPT::$","SEC::$",different,80,3147,178,success,200,3487171203,17435856.015
covercrypt,classic,089a548,"DPT::$","SEC::$ && CTR::EN",different,40,1645,178,success,200,1950952132,9754760.660
covercrypt,classic,089a548,"DPT::$","SEC::$ && CTR::FR",different,40,1645,178,success,200,2287401441,11437007.205
covercrypt,classic,089a548,"DPT::$","SEC::$ && CTR::$",different,80,3147,178,success,200,3622877950,18114389.750
covercrypt,classic,089a548,"DPT::$","SEC::$ && DPT::DEV",different,40,1645,178,failure,200,3430635624,17153178.120
covercrypt,classic,089a548,"DPT::$","SEC::$ && DPT::DEV && CTR::EN",same,20,899,178,failure,200,1907341379,9536706.895
covercrypt,classic,089a548,"DPT::$","SEC::$ && DPT::DEV && CTR::FR",same,20,899,178,failure,200,1873134081,9365670.405
covercrypt,classic,089a548,"DPT::$","SEC::$ && DPT::DEV && CTR::$",same,40,1645,178,failure,200,3575274258,17876371.290
covercrypt,classic,089a548,"DPT::$","SEC::$ && DPT::MKG",different,40,1645,178,failure,200,3626022426,18130112.130
covercrypt,classic,089a548,"DPT::$","SEC::$ && DPT::MKG && CTR::EN",same,20,899,178,failure,200,1894118082,9470590.410
covercrypt,classic,089a548,"DPT::$","SEC::$ && DPT::MKG && CTR::FR",same,20,899,178,failure,200,1859653130,9298265.650
covercrypt,classic,089a548,"DPT::$","SEC::$ && DPT::MKG && CTR::$",same,40,1645,178,failure,200,3639164412,18195822.060
covercrypt,classic,089a548,"DPT::$","SEC::$ && DPT::$",different,80,3147,178,success,200,3488934617,17444673.085
covercrypt,classic,089a548,"DPT::$","SEC::$ && DPT::$ && CTR::EN",same,40,1645,178,success,200,2082342626,10411713.130
covercrypt,classic,089a548,"DPT::$","SEC::$ && DPT::$ && CTR::FR",same,40,1645,178,success,200,2035300583,10176502.915
covercrypt,classic,089a548,"DPT::$","SEC::$ && DPT::$ && CTR::$",same,80,3147,178,success,200,3724588459,18622942.295
covercrypt,classic,089a548,"SEC::LOW && DPT::DEV","CTR::EN",different,40,1645,178,success,200,2241907102,11209535.510
covercrypt,classic,089a548,"SEC::LOW && DPT::DEV","CTR::FR",different,40,1645,178,success,200,2081685406,10408427.030
covercrypt,classic,089a548,"SEC::LOW && DPT::DEV","CTR::$",different,80,3147,178,success,200,3888304262,19441521.310
covercrypt,classic,089a548,"SEC::LOW && DPT::DEV","DPT::DEV",different,40,1645,178,success,200,2035845821,10179229.105
covercrypt,classic,089a548,"SEC::LOW && DPT::DEV","DPT::DEV && CTR::EN",different,20,899,178,success,200,1272431093,6362155.465
covercrypt,classic,089a548,"SEC::LOW && DPT::DEV","DPT::DEV && CTR::FR",different,20,899,178,success,200,1235292199,6176460.995
covercrypt,classic,089a548,"SEC::LOW && DPT::DEV","DPT::DEV && CTR::$",different,40,1645,178,success,200,1967958631,9839793.155
covercrypt,classic,089a548,"SEC::LOW && DPT::DEV","DPT::MKG",different,40,1645,178,failure,200,3491061447,17455307.235
covercrypt,classic,089a548,"SEC::LOW && DPT::DEV","DPT::MKG && CTR::EN",different,20,899,178,failure,200,1892945957,9464729.785
covercrypt,classic,089a548,"SEC::LOW && DPT::DEV","DPT::MKG && CTR::FR",different,20,899,178,failure,200,1855365687,9276828.435
covercrypt,classic,089a548,"SEC::LOW && DPT::DEV","DPT::MKG && CTR::$",different,40,1645,178,failure,200,3635333080,18176665.400
covercrypt,classic,089a548,"SEC::LOW && DPT::DEV","DPT::$",different,80,3147,178,success,200,3638117068,18190585.340
covercrypt,classic,089a548,"SEC::LOW && DPT::DEV","DPT::$ && CTR::EN",different,40,1645,178,success,200,1992384142,9961920.710
covercrypt,classic,089a548,"SEC::LOW && DPT::DEV","DPT::$ && CTR::FR",different,40,1645,178,success,200,2113279791,10566398.955
covercrypt,classic,089a548,"SEC::LOW && DPT::DEV","DPT::$ && CTR::$",different,80,3147,178,success,200,3942587519,19712937.595
covercrypt,classic,089a548,"SEC::LOW && DPT::DEV","SEC::LOW",different,32,1347,178,success,200,1624133368,8120666.840
covercrypt,classic,089a548,"SEC::LOW && DPT::DEV","SEC::LOW && CTR::EN",different,16,751,178,success,200,1001423642,5007118.210
covercrypt,classic,089a548,"SEC::LOW && DPT::DEV","SEC::LOW && CTR::FR",different,16,751,178,success,200,1131892377,5659461.885
covercrypt,classic,089a548,"SEC::LOW && DPT::DEV","SEC::LOW && CTR::$",different,32,1347,178,success,200,1735561260,8677806.300
covercrypt,classic,089a548,"SEC::LOW && DPT::DEV","SEC::LOW && DPT::DEV",different,16,751,178,success,200,1031911044,5159555.220
covercrypt,classic,089a548,"SEC::LOW && DPT::DEV","SEC::LOW && DPT::DEV && CTR::EN",same,8,455,178,success,200,728954157,3644770.785
covercrypt,classic,089a548,"SEC::LOW && DPT::DEV","SEC::LOW && DPT::DEV && CTR::FR",same,8,455,178,success,200,716592169,3582960.845
covercrypt,classic,089a548,"SEC::LOW && DPT::DEV","SEC::LOW && DPT::DEV && CTR::$",same,16,751,178,success,200,1145123316,5725616.580
covercrypt,classic,089a548,"SEC::LOW && DPT::DEV","SEC::LOW && DPT::MKG",different,16,751,178,failure,200,1570427698,7852138.490
covercrypt,classic,089a548,"SEC::LOW && DPT::DEV","SEC::LOW && DPT::MKG && CTR::EN",same,8,455,178,failure,200,874283196,4371415.980
covercrypt,classic,089a548,"SEC::LOW && DPT::DEV","SEC::LOW && DPT::MKG && CTR::FR",same,8,455,178,failure,200,804062745,4020313.725
covercrypt,classic,089a548,"SEC::LOW && DPT::DEV","SEC::LOW && DPT::MKG && CTR::$",same,16,751,178,failure,200,1444188489,7220942.445
covercrypt,classic,089a548,"SEC::LOW && DPT::DEV","SEC::LOW && DPT::$",different,32,1347,178,success,200,1717453187,8587265.935
covercrypt,classic,089a548,"SEC::LOW && DPT::DEV","SEC::LOW && DPT::$ && CTR::EN",same,16,751,178,success,200,1032243990,5161219.950
covercrypt,classic,089a548,"SEC::LOW && DPT::DEV","SEC::LOW && DPT::$ && CTR::FR",same,16,751,178,success,200,990729646,4953648.230
covercrypt,classic,089a548,"SEC::LOW && DPT::DEV","SEC::LOW && DPT::$ && CTR::$",same,32,1347,178,success,200,1701266989,8506334.945
covercrypt,classic,089a548,"SEC::LOW && DPT::DEV","SEC::MED",different,48,1947,178,success,200,2444341035,12221705.175
covercrypt,classic,089a548,"SEC::LOW && DPT::DEV","SEC::MED && CTR::EN",different,24,1049,178,success,200,1381811970,6909059.850
covercrypt,classic,089a548,"SEC::LOW && DPT::DEV","SEC::MED && CTR::FR",different,24,1049,178,success,200,1383109761,6915548.805
covercrypt,classic,089a548,"SEC::LOW && DPT::DEV","SEC::MED && CTR::$",different,48,1947,178,success,200,2303420222,11517101.110
covercrypt,classic,089a548,"SEC::LOW && DPT::DEV","SEC::MED && DPT::DEV",different,24,1049,178,success,200,1350838960,6754194.800
covercrypt,classic,089a548,"SEC::LOW && DPT::DEV","SEC::MED && DPT::DEV && CTR::EN",same,12,603,178,success,200,859637628,4298188.140
covercrypt,classic,089a548,"SEC::LOW && DPT::DEV","SEC::MED && DPT::DEV && CTR::FR",same,12,603,178,success,200,859070972,4295354.860
covercrypt,classic,089a548,"SEC::LOW && DPT::DEV","SEC::MED && DPT::DEV && CTR::$",same,24,1049,178,success,200,1334134685,6670673.425
covercrypt,classic,089a548,"SEC::LOW && DPT::DEV","SEC::MED && DPT::MKG",different,24,1049,178,failure,200,2191546808,10957734.040
covercrypt,classic,089a548,"SEC::LOW && DPT::DEV","SEC::MED && DPT::MKG && CTR::EN",same,12,603,178,failure,200,1176205607,5881028.035
covercrypt,classic,089a548,"SEC::LOW && DPT::DEV","SEC::MED && DPT::MKG && CTR::FR",same,12,603,178,failure,200,1139804532,5699022.660
covercrypt,classic,089a548,"SEC::LOW && DPT::DEV","SEC::MED && DPT::MKG && CTR::$",same,24,1049,178,failure,200,2131179890,10655899.450
covercrypt,classic,089a548,"SEC::LOW && DPT::DEV","SEC::MED && DPT::$",different,48,1947,178,success,200,2369437959,11847189.795
covercrypt,classic,089a548,"SEC::LOW && DPT::DEV","SEC::MED && DPT::$ && CTR::EN",same,24,1049,178,success,200,1395423877,6977119.385
covercrypt,classic,089a548,"SEC::LOW && DPT::DEV","SEC::MED && DPT::$ && CTR::FR",same,24,1049,178,success,200,1335366719,6676833.595
covercrypt,classic,089a548,"SEC::LOW && DPT::DEV","SEC::MED && DPT::$ && CTR::$",same,48,1947,178,success,200,2463280629,12316403.145
covercrypt,classic,089a548,"SEC::LOW && DPT::DEV","SEC::HIG",different,64,2547,178,success,200,3098889742,15494448.710
covercrypt,classic,089a548,"SEC::LOW && DPT::DEV","SEC::HIG && CTR::EN",different,32,1347,178,success,200,1653234764,8266173.820
covercrypt,classic,089a548,"SEC::LOW && DPT::DEV","SEC::HIG && CTR::FR",different,32,1347,178,success,200,1713299519,8566497.595
covercrypt,classic,089a548,"SEC::LOW && DPT::DEV","SEC::HIG && CTR::$",different,64,2547,178,success,200,3131410202,15657051.010
covercrypt,classic,089a548,"SEC::LOW && DPT::DEV","SEC::HIG && DPT::DEV",different,32,1347,178,success,200,1904399567,9521997.835
covercrypt,classic,089a548,"SEC::LOW && DPT::DEV","SEC::HIG && DPT::DEV && CTR::EN",same,16,751,178,success,200,1101888803,5509444.015
covercrypt,classic,089a548,"SEC::LOW && DPT::DEV","SEC::HIG && DPT::DEV && CTR::FR",same,16,751,178,success,200,1077214113,5386070.565
covercrypt,classic,089a548,"SEC::LOW && DPT::DEV","SEC::HIG && DPT::DEV && CTR::$",same,32,1347,178,success,200,1698517835,8492589.175
covercrypt,classic,089a548,"SEC::LOW && DPT::DEV","SEC::HIG && DPT::MKG",different,32,1347,178,failure,200,2991436768,14957183.840
covercrypt,classic,089a548,"SEC::LOW && DPT::DEV","SEC::HIG && DPT::MKG && CTR::EN",same,16,751,178,failure,200,1561442936,7807214.680
covercrypt,classic,089a548,"SEC::LOW && DPT::DEV","SEC::HIG && DPT::MKG && CTR::FR",same,16,751,178,failure,200,1737279806,8686399.030
covercrypt,classic,089a548,"SEC::LOW && DPT::DEV","SEC::HIG && DPT::MKG && CTR::$",same,32,1347,178,failure,200,3036657324,15183286.620
covercrypt,classic,089a548,"SEC::LOW && DPT::DEV","SEC::HIG && DPT::$",different,64,2547,178,success,200,2711244551,13556222.755
covercrypt,classic,089a548,"SEC::LOW && DPT::DEV","SEC::HIG && DPT::$ && CTR::EN",same,32,1347,178,success,200,1750939814,8754699.070
covercrypt,classic,089a548,"SEC::LOW && DPT::DEV","SEC::HIG && DPT::$ && CTR::FR",same,32,1347,178,success,200,1583924816,7919624.080
covercrypt,classic,089a548,"SEC::LOW && DPT::DEV","SEC::HIG && DPT::$ && CTR::$",same,64,2547,178,success,200,3086104840,15430524.200
covercrypt,classic,089a548,"SEC::LOW && DPT::DEV","SEC::$",different,80,3147,178,success,200,3647852329,18239261.645
covercrypt,classic,089a548,"SEC::LOW && DPT::DEV","SEC::$ && CTR::EN",different,40,1645,178,success,200,2035063358,10175316.790
covercrypt,classic,089a548,"SEC::LOW && DPT::DEV","SEC::$ && CTR::FR",different,40,1645,178,success,200,1878364850,9391824.250
covercrypt,classic,089a548,"SEC::LOW && DPT::DEV","SEC::$ && CTR::$",different,80,3147,178,success,200,2622570507,13112852.535
covercrypt,classic,089a548,"SEC::LOW && DPT::DEV","SEC::$ && DPT::DEV",different,40,1645,178,success,200,1431398674,7156993.370
covercrypt,classic,089a548,"SEC::LOW && DPT::DEV","SEC::$ && DPT::DEV && CTR::EN",same,20,899,178,success,200,790166453,3950832.265
covercrypt,classic,089a548,"SEC::LOW && DPT::DEV","SEC::$ && DPT::DEV && CTR::FR",same,20,899,178,success,200,671143289,3355716.445
covercrypt,classic,089a548,"SEC::LOW && DPT::DEV","SEC::$ && DPT::DEV && CTR::$",same,40,1645,178,success,200,1229344447,6146722.235
covercrypt,classic,089a548,"SEC::LOW && DPT::DEV","SEC::$ && DPT::MKG",different,40,1645,178,failure,200,1837808462,9189042.310
covercrypt,classic,089a548,"SEC::LOW && DPT::DEV","SEC::$ && DPT::MKG && CTR::EN",same,20,899,178,failure,200,913260630,4566303.150
covercrypt,classic,089a548,"SEC::LOW && DPT::DEV","SEC::$ && DPT::MKG && CTR::FR",same,20,899,178,failure,200,936582843,4682914.215
covercrypt,classic,089a548,"SEC::LOW && DPT::DEV","SEC::$ && DPT::MKG && CTR::$",same,40,1645,178,failure,200,2638801536,13194007.680
covercrypt,classic,089a548,"SEC::LOW && DPT::DEV","SEC::$ && DPT::$",different,80,3147,178,success,200,3264088990,16320444.950
covercrypt,classic,089a548,"SEC::LOW && DPT::DEV","SEC::$ && DPT::$ && CTR::EN",same,40,1645,178,success,200,1389843477,6949217.385
covercrypt,classic,089a548,"SEC::LOW && DPT::DEV","SEC::$ && DPT::$ && CTR::FR",same,40,1645,178,success,200,1099859747,5499298.735
covercrypt,classic,089a548,"SEC::LOW && DPT::DEV","SEC::$ && DPT::$ && CTR::$",same,80,3147,178,success,200,2515025173,12575125.865
covercrypt,classic,089a548,"SEC::LOW && DPT::$","CTR::EN",different,40,1645,178,success,200,1175876203,5879381.015
covercrypt,classic,089a548,"SEC::LOW && DPT::$","CTR::FR",different,40,1645,178,success,200,1663905473,8319527.365
covercrypt,classic,089a548,"SEC::LOW && DPT::$","CTR::$",different,80,3147,178,success,200,3473208368,17366041.840
covercrypt,classic,089a548,"SEC::LOW && DPT::$","DPT::DEV",different,40,1645,178,failure,200,2399836160,11999180.800
covercrypt,classic,089a548,"SEC::LOW && DPT::$","DPT::DEV && CTR::EN",different,20,899,178,failure,200,1460410971,7302054.855
covercrypt,classic,089a548,"SEC::LOW && DPT::$","DPT::DEV && CTR::FR",different,20,899,178,failure,200,1750890838,8754454.190
covercrypt,classic,089a548,"SEC::LOW && DPT::$","DPT::DEV && CTR::$",different,40,1645,178,failure,200,3273010328,16365051.640
covercrypt,classic,089a548,"SEC::LOW && DPT::$","DPT::MKG",different,40,1645,178,failure,200,3442811757,17214058.785
covercrypt,classic,089a548,"SEC::LOW && DPT::$","DPT::MKG && CTR::EN",different,20,899,178,failure,200,1669206398,8346031.990
covercrypt,classic,089a548,"SEC::LOW && DPT::$","DPT::MKG && CTR::FR",different,20,899,178,failure,200,1437073190,7185365.950
covercrypt,classic,089a548,"SEC::LOW && DPT::$","DPT::MKG && CTR::$",different,40,1645,178,failure,200,2314772377,11573861.885
covercrypt,classic,089a548,"SEC::LOW && DPT::$","DPT::$",different,80,3147,178,success,200,2981030814,14905154.070
covercrypt,classic,089a548,"SEC::LOW && DPT::$","DPT::$ && CTR::EN",different,40,1645,178,success,200,2053623178,10268115.890
covercrypt,classic,089a548,"SEC::LOW && DPT::$","DPT::$ && CTR::FR",different,40,1645,178,success,200,1610838557,8054192.785
covercrypt,classic,089a548,"SEC::LOW && DPT::$","DPT::$ && CTR::$",different,80,3147,178,success,200,3762880205,18814401.025
covercrypt,classic,089a548,"SEC::LOW && DPT::$","SEC::LOW",different,32,1347,178,success,200,1832933164,9164665.820
covercrypt,classic,089a548,"SEC::LOW && DPT::$","SEC::LOW && CTR::EN",different,16,751,178,success,200,1060569247,5302846.235
covercrypt,classic,089a548,"SEC::LOW && DPT::$","SEC::LOW && CTR::FR",different,16,751,178,success,200,954872596,4774362.980
covercrypt,classic,089a548,"SEC::LOW && DPT::$","SEC::LOW && CTR::$",different,32,1347,178,success,200,1668034207,8340171.035
covercrypt,classic,089a548,"SEC::LOW && DPT::$","SEC::LOW && DPT::DEV",different,16,751,178,failure,200,1279458613,6397293.065
covercrypt,classic,089a548,"SEC::LOW && DPT::$","SEC::LOW && DPT::DEV && CTR::EN",same,8,455,178,failure,200,670662515,3353312.575
covercrypt,classic,089a548,"SEC::LOW && DPT::$","SEC::LOW && DPT::DEV && CTR::FR",same,8,455,178,failure,200,609556352,3047781.760
covercrypt,classic,089a548,"SEC::LOW && DPT::$","SEC::LOW && DPT::DEV && CTR::$",same,16,751,178,failure,200,1117675862,5588379.310
covercrypt,classic,089a548,"SEC::LOW && DPT::$","SEC::LOW && DPT::MKG",different,16,751,178,failure,200,1124434528,5622172.640
covercrypt,classic,089a548,"SEC::LOW && DPT::$","SEC::LOW && DPT::MKG && CTR::EN",same,8,455,178,failure,200,633386214,3166931.070
covercrypt,classic,089a548,"SEC::LOW && DPT::$","SEC::LOW && DPT::MKG && CTR::FR",same,8,455,178,failure,200,583790343,2918951.715
covercrypt,classic,089a548,"SEC::LOW && DPT::$","SEC::LOW && DPT::MKG && CTR::$",same,16,751,178,failure,200,1311886979,6559434.895
covercrypt,classic,089a548,"SEC::LOW && DPT::$","SEC::LOW && DPT::$",different,32,1347,178,success,200,1613900970,8069504.850
covercrypt,classic,089a548,"SEC::LOW && DPT::$","SEC::LOW && DPT::$ && CTR::EN",same,16,751,178,success,200,1047635490,5238177.450
covercrypt,classic,089a548,"SEC::LOW && DPT::$","SEC::LOW && DPT::$ && CTR::FR",same,16,751,178,success,200,1001000391,5005001.955
covercrypt,classic,089a548,"SEC::LOW && DPT::$","SEC::LOW && DPT::$ && CTR::$",same,32,1347,178,success,200,1489953060,7449765.300
covercrypt,classic,089a548,"SEC::LOW && DPT::$","SEC::MED",different,48,1947,178,success,200,2359223560,11796117.800
covercrypt,classic,089a548,"SEC::LOW && DPT::$","SEC::MED && CTR::EN",different,24,1049,178,success,200,1347294309,6736471.545
covercrypt,classic,089a548,"SEC::LOW && DPT::$","SEC::MED && CTR::FR",different,24,1049,178,success,200,851783086,4258915.430
covercrypt,classic,089a548,"SEC::LOW && DPT::$","SEC::MED && CTR::$",different,48,1947,178,success,200,1310341494,6551707.470
covercrypt,classic,089a548,"SEC::LOW && DPT::$","SEC::MED && DPT::DEV",different,24,1049,178,failure,200,1252138079,6260690.395
covercrypt,classic,089a548,"SEC::LOW && DPT::$","SEC::MED && DPT::DEV && CTR::EN",same,12,603,178,failure,200,548645446,2743227.230
covercrypt,classic,089a548,"SEC::LOW && DPT::$","SEC::MED && DPT::DEV && CTR::FR",same,12,603,178,failure,200,610838272,3054191.360
covercrypt,classic,089a548,"SEC::LOW && DPT::$","SEC::MED && DPT::DEV && CTR::$",same,24,1049,178,failure,200,1114503313,5572516.565
covercrypt,classic,089a548,"SEC::LOW && DPT::$","SEC::MED && DPT::MKG",different,24,1049,178,failure,200,1452019846,7260099.230
covercrypt,classic,089a548,"SEC::LOW && DPT::$","SEC::MED && DPT::MKG && CTR::EN",same,12,603,178,failure,200,854432242,4272161.210
covercrypt,classic,089a548,"SEC::LOW && DPT::$","SEC::MED && DPT::MKG && CTR::FR",same,12,603,178,failure,200,1031520467,5157602.335
covercrypt,classic,089a548,"SEC::LOW && DPT::$","SEC::MED && DPT::MKG && CTR::$",same,24,1049,178,failure,200,1756142251,8780711.255
covercrypt,classic,089a548,"SEC::LOW && DPT::$","SEC::MED && DPT::$",different,48,1947,178,success,200,1556736723,7783683.615
covercrypt,classic,089a548,"SEC::LOW && DPT::$","SEC::MED && DPT::$ && CTR::EN",same,24,1049,178,success,200,850872035,4254360.175
covercrypt,classic,089a548,"SEC::LOW && DPT::$","SEC::MED && DPT::$ && CTR::FR",same,24,1049,178,success,200,583372032,2916860.160
covercrypt,classic,089a548,"SEC::LOW && DPT::$","SEC::MED && DPT::$ && CTR::$",same,48,1947,178,success,200,1011805429,5059027.145
covercrypt,classic,089a548,"SEC::LOW && DPT::$","SEC::HIG",different,64,2547,178,success,200,1772186449,8860932.245
covercrypt,classic,089a548,"SEC::LOW && DPT::$","SEC::HIG && CTR::EN",different,32,1347,178,success,200,1457156242,7285781.210
covercrypt,classic,089a548,"SEC::LOW && DPT::$","SEC::HIG && CTR::FR",different,32,1347,178,success,200,1267975781,6339878.905
covercrypt,classic,089a548,"SEC::LOW && DPT::$","SEC::HIG && CTR::$",different,64,2547,178,success,200,2026323716,10131618.580
covercrypt,classic,089a548,"SEC::LOW && DPT::$","SEC::HIG && DPT::DEV",different,32,1347,178,failure,200,1294247475,6471237.375
covercrypt,classic,089a548,"SEC::LOW && DPT::$","SEC::HIG && DPT::DEV && CTR::EN",same,16,751,178,failure,200,705562411,3527812.055
covercrypt,classic,089a548,"SEC::LOW && DPT::$","SEC::HIG && DPT::DEV && CTR::FR",same,16,751,178,failure,200,738692248,3693461.240
covercrypt,classic,089a548,"SEC::LOW && DPT::$","SEC::HIG && DPT::DEV && CTR::$",same,32,1347,178,failure,200,1249006597,6245032.985
covercrypt,classic,089a548,"SEC::LOW && DPT::$","SEC::HIG && DPT::MKG",different,32,1347,178,failure,200,1237438999,6187194.995
covercrypt,classic,089a548,"SEC::LOW && DPT::$","SEC::HIG && DPT::MKG && CTR::EN",same,16,751,178,failure,200,690535516,3452677.580
covercrypt,classic,089a548,"SEC::LOW && DPT::$","SEC::HIG && DPT::MKG && CTR::FR",same,16,751,178,failure,200,683373038,3416865.190
covercrypt,classic,089a548,"SEC::LOW && DPT::$","SEC::HIG && DPT::MKG && CTR::$",same,32,1347,178,failure,200,1340080540,6700402.700
covercrypt,classic,089a548,"SEC::LOW && DPT::$","SEC::HIG && DPT::$",different,64,2547,178,success,200,1718652856,8593264.280
covercrypt,classic,089a548,"SEC::LOW && DPT::$","SEC::HIG && DPT::$ && CTR::EN",same,32,1347,178,success,200,1443989972,7219949.860
covercrypt,classic,089a548,"SEC::LOW && DPT::$","SEC::HIG && DPT::$ && CTR::FR",same,32,1347,178,success,200,1546357393,7731786.965
covercrypt,classic,089a548,"SEC::LOW && DPT::$","SEC::HIG && DPT::$ && CTR::$",same,64,2547,178,success,200,2694483102,13472415.510
covercrypt,classic,089a548,"SEC::LOW && DPT::$","SEC::$",different,80,3147,178,success,200,3675051301,18375256.505
covercrypt,classic,089a548,"SEC::LOW && DPT::$","SEC::$ && CTR::EN",different,40,1645,178,success,200,2144521716,10722608.580
covercrypt,classic,089a548,"SEC::LOW && DPT::$","SEC::$ && CTR::FR",different,40,1645,178,success,200,1879412954,9397064.770
covercrypt,classic,089a548,"SEC::LOW && DPT::$","SEC::$ && CTR::$",different,80,3147,178,success,200,3608193483,18040967.415
covercrypt,classic,089a548,"SEC::LOW && DPT::$","SEC::$ && DPT::DEV",different,40,1645,178,failure,200,3605294233,18026471.165
covercrypt,classic,089a548,"SEC::LOW && DPT::$","SEC::$ && DPT::DEV && CTR::EN",same,20,899,178,failure,200,1751233459,8756167.295
covercrypt,classic,089a548,"SEC::LOW && DPT::$","SEC::$ && DPT::DEV && CTR::FR",same,20,899,178,failure,200,1632718419,8163592.095
covercrypt,classic,089a548,"SEC::LOW && DPT::$","SEC::$ && DPT::DEV && CTR::$",same,40,1645,178,failure,200,3518136453,17590682.265
covercrypt,classic,089a548,"SEC::LOW && DPT::$","SEC::$ && DPT::MKG",different,40,1645,178,failure,200,3316294738,16581473.690
covercrypt,classic,089a548,"SEC::LOW && DPT::$","SEC::$ && DPT::MKG && CTR::EN",same,20,899,178,failure,200,1570257220,7851286.100
covercrypt,classic,089a548,"SEC::LOW && DPT::$","SEC::$ && DPT::MKG && CTR::FR",same,20,899,178,failure,200,1146051347,5730256.735
covercrypt,classic,089a548,"SEC::LOW && DPT::$","SEC::$ && DPT::MKG && CTR::$",same,40,1645,178,failure,200,1720139956,8600699.780
covercrypt,classic,089a548,"SEC::LOW && DPT::$","SEC::$ && DPT::$",different,80,3147,178,success,200,1792575400,8962877.000
covercrypt,classic,089a548,"SEC::LOW && DPT::$","SEC::$ && DPT::$ && CTR::EN",same,40,1645,178,success,200,897279172,4486395.860
covercrypt,classic,089a548,"SEC::LOW && DPT::$","SEC::$ && DPT::$ && CTR::FR",same,40,1645,178,success,200,935855263,4679276.315
covercrypt,classic,089a548,"SEC::LOW && DPT::$","SEC::$ && DPT::$ && CTR::$",same,80,3147,178,success,200,2154058777,10770293.885
covercrypt,classic,089a548,"SEC::MED && DPT::DEV","CTR::EN",different,40,1645,178,success,200,1409387998,7046939.990
covercrypt,classic,089a548,"SEC::MED && DPT::DEV","CTR::FR",different,40,1645,178,success,200,1537851062,7689255.310
covercrypt,classic,089a548,"SEC::MED && DPT::DEV","CTR::$",different,80,3147,178,success,200,2472996501,12364982.505
covercrypt,classic,089a548,"SEC::MED && DPT::DEV","DPT::DEV",different,40,1645,178,success,200,898954403,4494772.015
covercrypt,classic,089a548,"SEC::MED && DPT::DEV","DPT::DEV && CTR::EN",different,20,899,178,success,200,558287790,2791438.950
covercrypt,classic,089a548,"SEC::MED && DPT::DEV","DPT::DEV && CTR::FR",different,20,899,178,success,200,747181245,3735906.225
covercrypt,classic,089a548,"SEC::MED && DPT::DEV","DPT::DEV && CTR::$",different,40,1645,178,success,200,1123909587,5619547.935
covercrypt,classic,089a548,"SEC::MED && DPT::DEV","DPT::MKG",different,40,1645,178,failure,200,2456212196,12281060.980
covercrypt,classic,089a548,"SEC::MED && DPT::DEV","DPT::MKG && CTR::EN",different,20,899,178,failure,200,1605144076,8025720.380
covercrypt,classic,089a548,"SEC::MED && DPT::DEV","DPT::MKG && CTR::FR",different,20,899,178,failure,200,1488765499,7443827.495
covercrypt,classic,089a548,"SEC::MED && DPT::DEV","DPT::MKG && CTR::$",different,40,1645,178,failure,200,2061776788,10308883.940
covercrypt,classic,089a548,"SEC::MED && DPT::DEV","DPT::$",different,80,3147,178,success,200,3176051733,15880258.665
covercrypt,classic,089a548,"SEC::MED && DPT::DEV","DPT::$ && CTR::EN",different,40,1645,178,success,200,1759716549,8798582.745
covercrypt,classic,089a548,"SEC::MED && DPT::DEV","DPT::$ && CTR::FR",different,40,1645,178,success,200,1766482199,8832410.995
covercrypt,classic,089a548,"SEC::MED && DPT::DEV","DPT::$ && CTR::$",different,80,3147,178,success,200,2150506507,10752532.535
covercrypt,classic,089a548,"SEC::MED && DPT::DEV","SEC::LOW",different,32,1347,178,failure,200,1587179372,7935896.860
covercrypt,classic,089a548,"SEC::MED && DPT::DEV","SEC::LOW && CTR::EN",different,16,751,178,failure,200,945130650,4725653.250
covercrypt,classic,089a548,"SEC::MED && DPT::DEV","SEC::LOW && CTR::FR",different,16,751,178,failure,200,888852436,4444262.180
covercrypt,classic,089a548,"SEC::MED && DPT::DEV","SEC::LOW && CTR::$",different,32,1347,178,failure,200,1673061925,8365309.625
covercrypt,classic,089a548,"SEC::MED && DPT::DEV","SEC::LOW && DPT::DEV",different,16,751,178,failure,200,1234866837,6174334.185
covercrypt,classic,089a548,"SEC::MED && DPT::DEV","SEC::LOW && DPT::DEV && CTR::EN",same,8,455,178,failure,200,696177461,3480887.305
covercrypt,classic,089a548,"SEC::MED && DPT::DEV","SEC::LOW && DPT::DEV && CTR::FR",same,8,455,178,failure,200,761025446,3805127.230
covercrypt,classic,089a548,"SEC::MED && DPT::DEV","SEC::LOW && DPT::DEV && CTR::$",same,16,751,178,failure,200,1068772403,5343862.015
covercrypt,classic,089a548,"SEC::MED && DPT::DEV","SEC::LOW && DPT::MKG",different,16,751,178,failure,200,1127166674,5635833.370
covercrypt,classic,089a548,"SEC::MED && DPT::DEV","SEC::LOW && DPT::MKG && CTR::EN",same,8,455,178,failure,200,747309903,3736549.515
covercrypt,classic,089a548,"SEC::MED && DPT::DEV","SEC::LOW && DPT::MKG && CTR::FR",same,8,455,178,failure,200,511261316,2556306.580
covercrypt,classic,089a548,"SEC::MED && DPT::DEV","SEC::LOW && DPT::MKG && CTR::$",same,16,751,178,failure,200,970091843,4850459.215
covercrypt,classic,089a548,"SEC::MED && DPT::DEV","SEC::LOW && DPT::$",different,32,1347,178,failure,200,1992205550,9961027.750
covercrypt,classic,089a548,"SEC::MED && DPT::DEV","SEC::LOW && DPT::$ && CTR::EN",same,16,751,178,failure,200,974965638,4874828.190
covercrypt,classic,089a548,"SEC::MED && DPT::DEV","SEC::LOW && DPT::$ && CTR::FR",same,16,751,178,failure,200,1097922417,5489612.085
covercrypt,classic,089a548,"SEC::MED && DPT::DEV","SEC::LOW && DPT::$ && CTR::$",same,32,1347,178,failure,200,1702990567,8514952.835
covercrypt,classic,089a548,"SEC::MED && DPT::DEV","SEC::MED",different,48,1947,178,success,200,1068516710,5342583.550
covercrypt,classic,089a548,"SEC::MED && DPT::DEV","SEC::MED && CTR::EN",different,24,1049,178,success,200,716737182,3583685.910
covercrypt,classic,089a548,"SEC::MED && DPT::DEV","SEC::MED && CTR::FR",different,24,1049,178,success,200,759603474,3798017.370
covercrypt,classic,089a548,"SEC::MED && DPT::DEV","SEC::MED && CTR::$",different,48,1947,178,success,200,1348439131,6742195.655
covercrypt,classic,089a548,"SEC::MED && DPT::DEV","SEC::MED && DPT::DEV",different,24,1049,178,success,200,845217633,4226088.165
covercrypt,classic,089a548,"SEC::MED && DPT::DEV","SEC::MED && DPT::DEV && CTR::EN",same,12,603,178,success,200,574922521,2874612.605
covercrypt,classic,089a548,"SEC::MED && DPT::DEV","SEC::MED && DPT::DEV && CTR::FR",same,12,603,178,success,200,387960926,1939804.630
covercrypt,classic,089a548,"SEC::MED && DPT::DEV","SEC::MED && DPT::DEV && CTR::$",same,24,1049,178,success,200,627051611,3135258.055
covercrypt,classic,089a548,"SEC::MED && DPT::DEV","SEC::MED && DPT::MKG",different,24,1049,178,failure,200,895324296,4476621.480
covercrypt,classic,089a548,"SEC::MED && DPT::DEV","SEC::MED && DPT::MKG && CTR::EN",same,12,603,178,failure,200,610333640,3051668.200
covercrypt,classic,089a548,"SEC::MED && DPT::DEV","SEC::MED && DPT::MKG && CTR::FR",same,12,603,178,failure,200,548109095,2740545.475
covercrypt,classic,089a548,"SEC::MED && DPT::DEV","SEC::MED && DPT::MKG && CTR::$",same,24,1049,178,failure,200,1168221335,5841106.675
covercrypt,classic,089a548,"SEC::MED && DPT::DEV","SEC::MED && DPT::$",different,48,1947,178,success,200,1561143460,7805717.300
covercrypt,classic,089a548,"SEC::MED && DPT::DEV","SEC::MED && DPT::$ && CTR::EN",same,24,1049,178,success,200,742966734,3714833.670
covercrypt,classic,089a548,"SEC::MED && DPT::DEV","SEC::MED && DPT::$ && CTR::FR",same,24,1049,178,success,200,815449849,4077249.245
covercrypt,classic,089a548,"SEC::MED && DPT::DEV","SEC::MED && DPT::$ && CTR::$",same,48,1947,178,success,200,1377699617,6888498.085
covercrypt,classic,089a548,"SEC::MED && DPT::DEV","SEC::HIG",different,64,2547,178,success,200,1577082143,7885410.715
covercrypt,classic,089a548,"SEC::MED && DPT::DEV","SEC::HIG && CTR::EN",different,32,1347,178,success,200,1017923475,5089617.375
covercrypt,classic,089a548,"SEC::MED && DPT::DEV","SEC::HIG && CTR::FR",different,32,1347,178,success,200,910784709,4553923.545
covercrypt,classic,089a548,"SEC::MED && DPT::DEV","SEC::HIG && CTR::$",different,64,2547,178,success,200,1579313729,7896568.645
covercrypt,classic,089a548,"SEC::MED && DPT::DEV","SEC::HIG && DPT::DEV",different,32,1347,178,success,200,1012141004,5060705.020
covercrypt,classic,089a548,"SEC::MED && DPT::DEV","SEC::HIG && DPT::DEV && CTR::EN",same,16,751,178,success,200,454808360,2274041.800
covercrypt,classic,089a548,"SEC::MED && DPT::DEV","SEC::HIG && DPT::DEV && CTR::FR",same,16,751,178,success,200,650245517,3251227.585
covercrypt,classic,089a548,"SEC::MED && DPT::DEV","SEC::HIG && DPT::DEV && CTR::$",same,32,1347,178,success,200,1006618674,5033093.370
covercrypt,classic,089a548,"SEC::MED && DPT::DEV","SEC::HIG && DPT::MKG",different,32,1347,178,failure,200,1550313868,7751569.340
covercrypt,classic,089a548,"SEC::MED && DPT::DEV","SEC::HIG && DPT::MKG && CTR::EN",same,16,751,178,failure,200,1131256487,5656282.435
covercrypt,classic,089a548,"SEC::MED && DPT::DEV","SEC::HIG && DPT::MKG && CTR::FR",same,16,751,178,failure,200,943879390,4719396.950
covercrypt,classic,089a548,"SEC::MED && DPT::DEV","SEC::HIG && DPT::MKG && CTR::$",same,32,1347,178,failure,200,1156869760,5784348.800
covercrypt,classic,089a548,"SEC::MED && DPT::DEV","SEC::HIG && DPT::$",different,64,2547,178,success,200,1382533937,6912669.685
covercrypt,classic,089a548,"SEC::MED && DPT::DEV","SEC::HIG && DPT::$ && CTR::EN",same,32,1347,178,success,200,879107456,4395537.280
covercrypt,classic,089a548,"SEC::MED && DPT::DEV","SEC::HIG && DPT::$ && CTR::FR",same,32,1347,178,success,200,680001366,3400006.830
covercrypt,classic,089a548,"SEC::MED && DPT::DEV","SEC::HIG && DPT::$ && CTR::$",same,64,2547,178,success,200,1432710779,7163553.895
covercrypt,classic,089a548,"SEC::MED && DPT::DEV","SEC::$",different,80,3147,178,success,200,1752979721,8764898.605
covercrypt,classic,089a548,"SEC::MED && DPT::DEV","SEC::$ && CTR::EN",different,40,1645,178,success,200,1228791599,6143957.995
covercrypt,classic,089a548,"SEC::MED && DPT::DEV","SEC::$ && CTR::FR",different,40,1645,178,success,200,1685819838,8429099.190
covercrypt,classic,089a548,"SEC::MED && DPT::DEV","SEC::$ && CTR::$",different,80,3147,178,success,200,2837223579,14186117.895
covercrypt,classic,089a548,"SEC::MED && DPT::DEV","SEC::$ && DPT::DEV",different,40,1645,178,success,200,1317184581,6585922.905
covercrypt,classic,089a548,"SEC::MED && DPT::DEV","SEC::$ && DPT::DEV && CTR::EN",same,20,899,178,success,200,723999252,3619996.260
covercrypt,classic,089a548,"SEC::MED && DPT::DEV","SEC::$ && DPT::DEV && CTR::FR",same,20,899,178,success,200,781052454,3905262.270
covercrypt,classic,089a548,"SEC::MED && DPT::DEV","SEC::$ && DPT::DEV && CTR::$",same,40,1645,178,success,200,1057171109,5285855.545
covercrypt,classic,089a548,"SEC::MED && DPT::DEV","SEC::$ && DPT::MKG",different,40,1645,178,failure,200,2892776462,14463882.310
covercrypt,classic,089a548,"SEC::MED && DPT::DEV","SEC::$ && DPT::MKG && CTR::EN",same,20,899,178,failure,200,1312386771,6561933.855
covercrypt,classic,089a548,"SEC::MED && DPT::DEV","SEC::$ && DPT::MKG && CTR::FR",same,20,899,178,failure,200,943440465,4717202.325
covercrypt,classic,089a548,"SEC::MED && DPT::DEV","SEC::$ && DPT::MKG && CTR::$",same,40,1645,178,failure,200,2333301256,11666506.280
covercrypt,classic,089a548,"SEC::MED && DPT::DEV","SEC::$ && DPT::$",different,80,3147,178,success,200,1938296394,9691481.970
covercrypt,classic,089a548,"SEC::MED && DPT::DEV","SEC::$ && DPT::$ && CTR::EN",same,40,1645,178,success,200,901239313,4506196.565
covercrypt,classic,089a548,"SEC::MED && DPT::DEV","SEC::$ && DPT::$ && CTR::FR",same,40,1645,178,success,200,780228606,3901143.030
covercrypt,classic,089a548,"SEC::MED && DPT::DEV","SEC::$ && DPT::$ && CTR::$",same,80,3147,178,success,200,1365000085,6825000.425
covercrypt,classic,089a548,"SEC::MED && DPT::$","CTR::EN",different,40,1645,178,success,200,900143929,4500719.645
covercrypt,classic,089a548,"SEC::MED && DPT::$","CTR::FR",different,40,1645,178,success,200,1273802853,6369014.265
covercrypt,classic,089a548,"SEC::MED && DPT::$","CTR::$",different,80,3147,178,success,200,3010560926,15052804.630
covercrypt,classic,089a548,"SEC::MED && DPT::$","DPT::DEV",different,40,1645,178,failure,200,3284740454,16423702.270
covercrypt,classic,089a548,"SEC::MED && DPT::$","DPT::DEV && CTR::EN",different,20,899,178,failure,200,1680435925,8402179.625
covercrypt,classic,089a548,"SEC::MED && DPT::$","DPT::DEV && CTR::FR",different,20,899,178,failure,200,1254951364,6274756.820
covercrypt,classic,089a548,"SEC::MED && DPT::$","DPT::DEV && CTR::$",different,40,1645,178,failure,200,2711602614,13558013.070
covercrypt,classic,089a548,"SEC::MED && DPT::$","DPT::MKG",different,40,1645,178,failure,200,2238238390,11191191.950
covercrypt,classic,089a548,"SEC::MED && DPT::$","DPT::MKG && CTR::EN",different,20,899,178,failure,200,1437637049,7188185.245
covercrypt,classic,089a548,"SEC::MED && DPT::$","DPT::MKG && CTR::FR",different,20,899,178,failure,200,1507668121,7538340.605
covercrypt,classic,089a548,"SEC::MED && DPT::$","DPT::MKG && CTR::$",different,40,1645,178,failure,200,2765140174,13825700.870
covercrypt,classic,089a548,"SEC::MED && DPT::$","DPT::$",different,80,3147,178,success,200,2459151954,12295759.770
covercrypt,classic,089a548,"SEC::MED && DPT::$","DPT::$ && CTR::EN",different,40,1645,178,success,200,1051802201,5259011.005
covercrypt,classic,089a548,"SEC::MED && DPT::$","DPT::$ && CTR::FR",different,40,1645,178,success,200,927366145,4636830.725
covercrypt,classic,089a548,"SEC::MED && DPT::$","DPT::$ && CTR::$",different,80,3147,178,success,200,1654561272,8272806.360
covercrypt,classic,089a548,"SEC::MED && DPT::$","SEC::LOW",different,32,1347,178,failure,200,983059561,4915297.805
covercrypt,classic,089a548,"SEC::MED && DPT::$","SEC::LOW && CTR::EN",different,16,751,178,failure,200,543031008,2715155.040
covercrypt,classic,089a548,"SEC::MED && DPT::$","SEC::LOW && CTR::FR",different,16,751,178,failure,200,506277628,2531388.140
covercrypt,classic,089a548,"SEC::MED && DPT::$","SEC::LOW && CTR::$",different,32,1347,178,failure,200,1125026076,5625130.380
covercrypt,classic,089a548,"SEC::MED && DPT::$","SEC::LOW && DPT::DEV",different,16,751,178,failure,200,558458128,2792290.640
covercrypt,classic,089a548,"SEC::MED && DPT::$","SEC::LOW && DPT::DEV && CTR::EN",same,8,455,178,failure,200,303198545,1515992.725
covercrypt,classic,089a548,"SEC::MED && DPT::$","SEC::LOW && DPT::DEV && CTR::FR",same,8,455,178,failure,200,293183117,1465915.585
covercrypt,classic,089a548,"SEC::MED && DPT::$","SEC::LOW && DPT::DEV && CTR::$",same,16,751,178,failure,200,680435975,3402179.875
covercrypt,classic,089a548,"SEC::MED && DPT::$","SEC::LOW && DPT::MKG",different,16,751,178,failure,200,526806915,2634034.575
covercrypt,classic,089a548,"SEC::MED && DPT::$","SEC::LOW && DPT::MKG && CTR::EN",same,8,455,178,failure,200,269553338,1347766.690
covercrypt,classic,089a548,"SEC::MED && DPT::$","SEC::LOW && DPT::MKG && CTR::FR",same,8,455,178,failure,200,290216005,1451080.025
covercrypt,classic,089a548,"SEC::MED && DPT::$","SEC::LOW && DPT::MKG && CTR::$",same,16,751,178,failure,200,555365801,2776829.005
covercrypt,classic,089a548,"SEC::MED && DPT::$","SEC::LOW && DPT::$",different,32,1347,178,failure,200,1711603104,8558015.520
covercrypt,classic,089a548,"SEC::MED && DPT::$","SEC::LOW && DPT::$ && CTR::EN",same,16,751,178,failure,200,1181277821,5906389.105
covercrypt,classic,089a548,"SEC::MED && DPT::$","SEC::LOW && DPT::$ && CTR::FR",same,16,751,178,failure,200,776164666,3880823.330
covercrypt,classic,089a548,"SEC::MED && DPT::$","SEC::LOW && DPT::$ && CTR::$",same,32,1347,178,failure,200,1582073274,7910366.370
covercrypt,classic,089a548,"SEC::MED && DPT::$","SEC::MED",different,48,1947,178,success,200,1041326096,5206630.480
covercrypt,classic,089a548,"SEC::MED && DPT::$","SEC::MED && CTR::EN",different,24,1049,178,success,200,482412514,2412062.570
covercrypt,classic,089a548,"SEC::MED && DPT::$","SEC::MED && CTR::FR",different,24,1049,178,success,200,523980232,2619901.160
covercrypt,classic,089a548,"SEC::MED && DPT::$","SEC::MED && CTR::$",different,48,1947,178,success,200,844435219,4222176.095
covercrypt,classic,089a548,"SEC::MED && DPT::$","SEC::MED && DPT::DEV",different,24,1049,178,failure,200,807106061,4035530.305
covercrypt,classic,089a548,"SEC::MED && DPT::$","SEC::MED && DPT::DEV && CTR::EN",same,12,603,178,failure,200,498802026,2494010.130
covercrypt,classic,089a548,"SEC::MED && DPT::$","SEC::MED && DPT::DEV && CTR::FR",same,12,603,178,failure,200,538673628,2693368.140
covercrypt,classic,089a548,"SEC::MED && DPT::$","SEC::MED && DPT::DEV && CTR::$",same,24,1049,178,failure,200,846464039,4232320.195
covercrypt,classic,089a548,"SEC::MED && DPT::$","SEC::MED && DPT::MKG",different,24,1049,178,failure,200,956516647,4782583.235
covercrypt,classic,089a548,"SEC::MED && DPT::$","SEC::MED && DPT::MKG && CTR::EN",same,12,603,178,failure,200,532769949,2663849.745
covercrypt,classic,089a548,"SEC::MED && DPT::$","SEC::MED && DPT::MKG && CTR::FR",same,12,603,178,failure,200,425520396,2127601.980
covercrypt,classic,089a548,"SEC::MED && DPT::$","SEC::MED && DPT::MKG && CTR::$",same,24,1049,178,failure,200,899012247,4495061.235
covercrypt,classic,089a548,"SEC::MED && DPT::$","SEC::MED && DPT::$",different,48,1947,178,success,200,893782503,4468912.515
covercrypt,classic,089a548,"SEC::MED && DPT::$","SEC::MED && DPT::$ && CTR::EN",same,24,1049,178,success,200,706494833,3532474.165
covercrypt,classic,089a548,"SEC::MED && DPT::$","SEC::MED && DPT::$ && CTR::FR",same,24,1049,178,success,200,1290099760,6450498.800
covercrypt,classic,089a548,"SEC::MED && DPT::$","SEC::MED && DPT::$ && CTR::$",same,48,1947,178,success,200,1573588278,7867941.390
covercrypt,classic,089a548,"SEC::MED && DPT::$","SEC::HIG",different,64,2547,178,success,200,2320611642,11603058.210
covercrypt,classic,089a548,"SEC::MED && DPT::$","SEC::HIG && CTR::EN",different,32,1347,178,success,200,811011063,4055055.315
covercrypt,classic,089a548,"SEC::MED && DPT::$","SEC::HIG && CTR::FR",different,32,1347,178,success,200,1435239274,7176196.370
covercrypt,classic,089a548,"SEC::MED && DPT::$","SEC::HIG && CTR::$",different,64,2547,178,success,200,2909340677,14546703.385
covercrypt,classic,089a548,"SEC::MED && DPT::$","SEC::HIG && DPT::DEV",different,32,1347,178,failure,200,2796529420,13982647.100
covercrypt,classic,089a548,"SEC::MED && DPT::$","SEC::HIG && DPT::DEV && CTR::EN",same,16,751,178,failure,200,1563750542,7818752.710
covercrypt,classic,089a548,"SEC::MED && DPT::$","SEC::HIG && DPT::DEV && CTR::FR",same,16,751,178,failure,200,1465259901,7326299.505
covercrypt,classic,089a548,"SEC::MED && DPT::$","SEC::HIG && DPT::DEV && CTR::$",same,32,1347,178,failure,200,2751299029,13756495.145
covercrypt,classic,089a548,"SEC::MED && DPT::$","SEC::HIG && DPT::MKG",different,32,1347,178,failure,200,2519413358,12597066.790
covercrypt,classic,089a548,"SEC::MED && DPT::$","SEC::HIG && DPT::MKG && CTR::EN",same,16,751,178,failure,200,1494670232,7473351.160
covercrypt,classic,089a548,"SEC::MED && DPT::$","SEC::HIG && DPT::MKG && CTR::FR",same,16,751,178,failure,200,1531981671,7659908.355
covercrypt,classic,089a548,"SEC::MED && DPT::$","SEC::HIG && DPT::MKG && CTR::$",same,32,1347,178,failure,200,2239531727,11197658.635
covercrypt,classic,089a548,"SEC::MED && DPT::$","SEC::HIG && DPT::$",different,64,2547,178,success,200,2164123082,10820615.410
covercrypt,classic,089a548,"SEC::MED && DPT::$","SEC::HIG && DPT::$ && CTR::EN",same,32,1347,178,success,200,1097825791,5489128.955
covercrypt,classic,089a548,"SEC::MED && DPT::$","SEC::HIG && DPT::$ && CTR::FR",same,32,1347,178,success,200,1454459794,7272298.970
covercrypt,classic,089a548,"SEC::MED && DPT::$","SEC::HIG && DPT::$ && CTR::$",same,64,2547,178,success,200,2184519092,10922595.460
covercrypt,classic,089a548,"SEC::MED && DPT::$","SEC::$",different,80,3147,178,success,200,1587256371,7936281.855
covercrypt,classic,089a548,"SEC::MED && DPT::$","SEC::$ && CTR::EN",different,40,1645,178,success,200,887629255,4438146.275
covercrypt,classic,089a548,"SEC::MED && DPT::$","SEC::$ && CTR::FR",different,40,1645,178,success,200,1192097242,5960486.210
covercrypt,classic,089a548,"SEC::MED && DPT::$","SEC::$ && CTR::$",different,80,3147,178,success,200,1433340494,7166702.470
covercrypt,classic,089a548,"SEC::MED && DPT::$","SEC::$ && DPT::DEV",different,40,1645,178,failure,200,1364087719,6820438.595
covercrypt,classic,089a548,"SEC::MED && DPT::$","SEC::$ && DPT::DEV && CTR::EN",same,20,899,178,failure,200,793558756,3967793.780
covercrypt,classic,089a548,"SEC::MED && DPT::$","SEC::$ && DPT::DEV && CTR::FR",same,20,899,178,failure,200,875069536,4375347.680
covercrypt,classic,089a548,"SEC::MED && DPT::$","SEC::$ && DPT::DEV && CTR::$",same,40,1645,178,failure,200,1476199041,7380995.205
covercrypt,classic,089a548,"SEC::MED && DPT::$","SEC::$ && DPT::MKG",different,40,1645,178,failure,200,1659520470,8297602.350
covercrypt,classic,089a548,"SEC::MED && DPT::$","SEC::$ && DPT::MKG && CTR::EN",same,20,899,178,failure,200,721418673,3607093.365
covercrypt,classic,089a548,"SEC::MED && DPT::$","SEC::$ && DPT::MKG && CTR::FR",same,20,899,178,failure,200,659509735,3297548.675
covercrypt,classic,089a548,"SEC::MED && DPT::$","SEC::$ && DPT::MKG && CTR::$",same,40,1645,178,failure,200,2012551253,10062756.265
covercrypt,classic,089a548,"SEC::MED && DPT::$","SEC::$ && DPT::$",different,80,3147,178,success,200,2007090263,10035451.315
covercrypt,classic,089a548,"SEC::MED && DPT::$","SEC::$ && DPT::$ && CTR::EN",same,40,1645,178,success,200,836469315,4182346.575
covercrypt,classic,089a548,"SEC::MED && DPT::$","SEC::$ && DPT::$ && CTR::FR",same,40,1645,178,success,200,835084941,4175424.705
covercrypt,classic,089a548,"SEC::MED && DPT::$","SEC::$ && DPT::$ && CTR::$",same,80,3147,178,success,200,1398404032,6992020.160
covercrypt,classic,089a548,"SEC::HIG && DPT::DEV","CTR::EN",different,40,1645,178,success,200,729079423,3645397.115
covercrypt,classic,089a548,"SEC::HIG && DPT::DEV","CTR::FR",different,40,1645,178,success,200,668887051,3344435.255
covercrypt,classic,089a548,"SEC::HIG && DPT::DEV","CTR::$",different,80,3147,178,success,200,1514249933,7571249.665
covercrypt,classic,089a548,"SEC::HIG && DPT::DEV","DPT::DEV",different,40,1645,178,success,200,1146686754,5733433.770
covercrypt,classic,089a548,"SEC::HIG && DPT::DEV","DPT::DEV && CTR::EN",different,20,899,178,success,200,1012118927,5060594.635
covercrypt,classic,089a548,"SEC::HIG && DPT::DEV","DPT::DEV && CTR::FR",different,20,899,178,success,200,702653617,3513268.085
covercrypt,classic,089a548,"SEC::HIG && DPT::DEV","DPT::DEV && CTR::$",different,40,1645,178,success,200,1469023960,7345119.800
covercrypt,classic,089a548,"SEC::HIG && DPT::DEV","DPT::MKG",different,40,1645,178,failure,200,2169927877,10849639.385
covercrypt,classic,089a548,"SEC::HIG && DPT::DEV","DPT::MKG && CTR::EN",different,20,899,178,failure,200,1317831009,6589155.045
covercrypt,classic,089a548,"SEC::HIG && DPT::DEV","DPT::MKG && CTR::FR",different,20,899,178,failure,200,903790939,4518954.695
covercrypt,classic,089a548,"SEC::HIG && DPT::DEV","DPT::MKG && CTR::$",different,40,1645,178,failure,200,2543677313,12718386.565
covercrypt,classic,089a548,"SEC::HIG && DPT::DEV","DPT::$",different,80,3147,178,success,200,3066778282,15333891.410
covercrypt,classic,089a548,"SEC::HIG && DPT::DEV","DPT::$ && CTR::EN",different,40,1645,178,success,200,1059639834,5298199.170
covercrypt,classic,089a548,"SEC::HIG && DPT::DEV","DPT::$ && CTR::FR",different,40,1645,178,success,200,1402107739,7010538.695
covercrypt,classic,089a548,"SEC::HIG && DPT::DEV","DPT::$ && CTR::$",different,80,3147,178,success,200,1853114265,9265571.325
covercrypt,classic,089a548,"SEC::HIG && DPT::DEV","SEC::LOW",different,32,1347,178,failure,200,1259387449,6296937.245
covercrypt,classic,089a548,"SEC::HIG && DPT::DEV","SEC::LOW && CTR::EN",different,16,751,178,failure,200,941801077,4709005.385
covercrypt,classic,089a548,"SEC::HIG && DPT::DEV","SEC::LOW && CTR::FR",different,16,751,178,failure,200,1097061541,5485307.705
covercrypt,classic,089a548,"SEC::HIG && DPT::DEV","SEC::LOW && CTR::$",different,32,1347,178,failure,200,1820346106,9101730.530
covercrypt,classic,089a548,"SEC::HIG && DPT::DEV","SEC::LOW && DPT::DEV",different,16,751,178,failure,200,566657420,2833287.100
covercrypt,classic,089a548,"SEC::HIG && DPT::DEV","SEC::LOW && DPT::DEV && CTR::EN",same,8,455,178,failure,200,263941259,1319706.295
covercrypt,classic,089a548,"SEC::HIG && DPT::DEV","SEC::LOW && DPT::DEV && CTR::FR",same,8,455,178,failure,200,265918303,1329591.515
covercrypt,classic,089a548,"SEC::HIG && DPT::DEV","SEC::LOW && DPT::DEV && CTR::$",same,16,751,178,failure,200,458693375,2293466.875
covercrypt,classic,089a548,"SEC::HIG && DPT::DEV","SEC::LOW && DPT::MKG",different,16,751,178,failure,200,468106244,2340531.220
covercrypt,classic,089a548,"SEC::HIG && DPT::DEV","SEC::LOW && DPT::MKG && CTR::EN",same,8,455,178,failure,200,357123298,1785616.490
covercrypt,classic,089a548,"SEC::HIG && DPT::DEV","SEC::LOW && DPT::MKG && CTR::FR",same,8,455,178,failure,200,353055428,1765277.140
covercrypt,classic,089a548,"SEC::HIG && DPT::DEV","SEC::LOW && DPT::MKG && CTR::$",same,16,751,178,failure,200,635589507,3177947.535
covercrypt,classic,089a548,"SEC::HIG && DPT::DEV","SEC::LOW && DPT::$",different,32,1347,178,failure,200,1214237823,6071189.115
covercrypt,classic,089a548,"SEC::HIG && DPT::DEV","SEC::LOW && DPT::$ && CTR::EN",same,16,751,178,failure,200,710150146,3550750.730
covercrypt,classic,089a548,"SEC::HIG && DPT::DEV","SEC::LOW && DPT::$ && CTR::FR",same,16,751,178,failure,200,662511406,3312557.030
covercrypt,classic,089a548,"SEC::HIG && DPT::DEV","SEC::LOW && DPT::$ && CTR::$",same,32,1347,178,failure,200,1409195045,7045975.225
covercrypt,classic,089a548,"SEC::HIG && DPT::DEV","SEC::MED",different,48,1947,178,failure,200,1832636518,9163182.590
covercrypt,classic,089a548,"SEC::HIG && DPT::DEV","SEC::MED && CTR::EN",different,24,1049,178,failure,200,1069755827,5348779.135
covercrypt,classic,089a548,"SEC::HIG && DPT::DEV","SEC::MED && CTR::FR",different,24,1049,178,failure,200,776533061,3882665.305
covercrypt,classic,089a548,"SEC::HIG && DPT::DEV","SEC::MED && CTR::$",different,48,1947,178,failure,200,2069867710,10349338.550
covercrypt,classic,089a548,"SEC::HIG && DPT::DEV","SEC::MED && DPT::DEV",different,24,1049,178,failure,200,913928213,4569641.065
covercrypt,classic,089a548,"SEC::HIG && DPT::DEV","SEC::MED && DPT::DEV && CTR::EN",same,12,603,178,failure,200,509535596,2547677.980
covercrypt,classic,089a548,"SEC::HIG && DPT::DEV","SEC::MED && DPT::DEV && CTR::FR",same,12,603,178,failure,200,528099204,2640496.020
covercrypt,classic,089a548,"SEC::HIG && DPT::DEV","SEC::MED && DPT::DEV && CTR::$",same,24,1049,178,failure,200,697405324,3487026.620
covercrypt,classic,089a548,"SEC::HIG && DPT::DEV","SEC::MED && DPT::MKG",different,24,1049,178,failure,200,733282305,3666411.525
covercrypt,classic,089a548,"SEC::HIG && DPT::DEV","SEC::MED && DPT::MKG && CTR::EN",same,12,603,178,failure,200,534591751,2672958.755
covercrypt,classic,089a548,"SEC::HIG && DPT::DEV","SEC::MED && DPT::MKG && CTR::FR",same,12,603,178,failure,200,619292627,3096463.135
covercrypt,classic,089a548,"SEC::HIG && DPT::DEV","SEC::MED && DPT::MKG && CTR::$",same,24,1049,178,failure,200,831648815,4158244.075
covercrypt,classic,089a548,"SEC::HIG && DPT::DEV","SEC::MED && DPT::$",different,48,1947,178,failure,200,1311791649,6558958.245
covercrypt,classic,089a548,"SEC::HIG && DPT::DEV","SEC::MED && DPT::$ && CTR::EN",same,24,1049,178,failure,200,809447325,4047236.625
covercrypt,classic,089a548,"SEC::HIG && DPT::DEV","SEC::MED && DPT::$ && CTR::FR",same,24,1049,178,failure,200,765247842,3826239.210
covercrypt,classic,089a548,"SEC::HIG && DPT::DEV","SEC::MED && DPT::$ && CTR::$",same,48,1947,178,failure,200,1575085672,7875428.360
covercrypt,classic,089a548,"SEC::HIG && DPT::DEV","SEC::HIG",different,64,2547,178,success,200,981276159,4906380.795
covercrypt,classic,089a548,"SEC::HIG && DPT::DEV","SEC::HIG && CTR::EN",different,32,1347,178,success,200,694989277,3474946.385
covercrypt,classic,089a548,"SEC::HIG && DPT::DEV","SEC::HIG && CTR::FR",different,32,1347,178,success,200,604495537,3022477.685
covercrypt,classic,089a548,"SEC::HIG && DPT::DEV","SEC::HIG && CTR::$",different,64,2547,178,success,200,1023747204,5118736.020
covercrypt,classic,089a548,"SEC::HIG && DPT::DEV","SEC::HIG && DPT::DEV",different,32,1347,178,success,200,640194397,3200971.985
covercrypt,classic,089a548,"SEC::HIG && DPT::DEV","SEC::HIG && DPT::DEV && CTR::EN",same,16,751,178,success,200,395545315,1977726.575
covercrypt,classic,089a548,"SEC::HIG && DPT::DEV","SEC::HIG && DPT::DEV && CTR::FR",same,16,751,178,success,200,487581917,2437909.585
covercrypt,classic,089a548,"SEC::HIG && DPT::DEV","SEC::HIG && DPT::DEV && CTR::$",same,32,1347,178,success,200,774050680,3870253.400
covercrypt,classic,089a548,"SEC::HIG && DPT::DEV","SEC::HIG && DPT::MKG",different,32,1347,178,failure,200,971617392,4858086.960
covercrypt,classic,089a548,"SEC::HIG && DPT::DEV","SEC::HIG && DPT::MKG && CTR::EN",same,16,751,178,failure,200,532575368,2662876.840
covercrypt,classic,089a548,"SEC::HIG && DPT::DEV","SEC::HIG && DPT::MKG && CTR::FR",same,16,751,178,failure,200,469453408,2347267.040
covercrypt,classic,089a548,"SEC::HIG && DPT::DEV","SEC::HIG && DPT::MKG && CTR::$",same,32,1347,178,failure,200,871934752,4359673.760
covercrypt,classic,089a548,"SEC::HIG && DPT::DEV","SEC::HIG && DPT::$",different,64,2547,178,success,200,943444078,4717220.390
covercrypt,classic,089a548,"SEC::HIG && DPT::DEV","SEC::HIG && DPT::$ && CTR::EN",same,32,1347,178,success,200,485249820,2426249.100
covercrypt,classic,089a548,"SEC::HIG && DPT::DEV","SEC::HIG && DPT::$ && CTR::FR",same,32,1347,178,success,200,430634345,2153171.725
covercrypt,classic,089a548,"SEC::HIG && DPT::DEV","SEC::HIG && DPT::$ && CTR::$",same,64,2547,178,success,200,752295097,3761475.485
covercrypt,classic,089a548,"SEC::HIG && DPT::DEV","SEC::$",different,80,3147,178,success,200,1142505981,5712529.905
covercrypt,classic,089a548,"SEC::HIG && DPT::DEV","SEC::$ && CTR::EN",different,40,1645,178,success,200,658887548,3294437.740
covercrypt,classic,089a548,"SEC::HIG && DPT::DEV","SEC::$ && CTR::FR",different,40,1645,178,success,200,619536487,3097682.435
covercrypt,classic,089a548,"SEC::HIG && DPT::DEV","SEC::$ && CTR::$",different,80,3147,178,success,200,1503213376,7516066.880
covercrypt,classic,089a548,"SEC::HIG && DPT::DEV","SEC::$ && DPT::DEV",different,40,1645,178,success,200,597758855,2988794.275
covercrypt,classic,089a548,"SEC::HIG && DPT::DEV","SEC::$ && DPT::DEV && CTR::EN",same,20,899,178,success,200,377627255,1888136.275
covercrypt,classic,089a548,"SEC::HIG && DPT::DEV","SEC::$ && DPT::DEV && CTR::FR",same,20,899,178,success,200,367055944,1835279.720
covercrypt,classic,089a548,"SEC::HIG && DPT::DEV","SEC::$ && DPT::DEV && CTR::$",same,40,1645,178,success,200,592340664,2961703.320
covercrypt,classic,089a548,"SEC::HIG && DPT::DEV","SEC::$ && DPT::MKG",different,40,1645,178,failure,200,1002407049,5012035.245
covercrypt,classic,089a548,"SEC::HIG && DPT::DEV","SEC::$ && DPT::MKG && CTR::EN",same,20,899,178,failure,200,570019568,2850097.840
covercrypt,classic,089a548,"SEC::HIG && DPT::DEV","SEC::$ && DPT::MKG && CTR::FR",same,20,899,178,failure,200,762124873,3810624.365
covercrypt,classic,089a548,"SEC::HIG && DPT::DEV","SEC::$ && DPT::MKG && CTR::$",same,40,1645,178,failure,200,1115434860,5577174.300
covercrypt,classic,089a548,"SEC::HIG && DPT::DEV","SEC::$ && DPT::$",different,80,3147,178,success,200,1201853949,6009269.745
covercrypt,classic,089a548,"SEC::HIG && DPT::DEV","SEC::$ && DPT::$ && CTR::EN",same,40,1645,178,success,200,570203023,2851015.115
covercrypt,classic,089a548,"SEC::HIG && DPT::DEV","SEC::$ && DPT::$ && CTR::FR",same,40,1645,178,success,200,541078996,2705394.980
covercrypt,classic,089a548,"SEC::HIG && DPT::DEV","SEC::$ && DPT::$ && CTR::$",same,80,3147,178,success,200,1476855935,7384279.675
covercrypt,classic,089a548,"SEC::HIG && DPT::$","CTR::EN",different,40,1645,178,success,200,774233124,3871165.620
covercrypt,classic,089a548,"SEC::HIG && DPT::$","CTR::FR",different,40,1645,178,success,200,583661428,2918307.140
covercrypt,classic,089a548,"SEC::HIG && DPT::$","CTR::$",different,80,3147,178,success,200,1127665853,5638329.265
covercrypt,classic,089a548,"SEC::HIG && DPT::$","DPT::DEV",different,40,1645,178,failure,200,1198749678,5993748.390
covercrypt,classic,089a548,"SEC::HIG && DPT::$","DPT::DEV && CTR::EN",different,20,899,178,failure,200,498121512,2490607.560
covercrypt,classic,089a548,"SEC::HIG && DPT::$","DPT::DEV && CTR::FR",different,20,899,178,failure,200,443584728,2217923.640
covercrypt,classic,089a548,"SEC::HIG && DPT::$","DPT::DEV && CTR::$",different,40,1645,178,failure,200,788008795,3940043.975
covercrypt,classic,089a548,"SEC::HIG && DPT::$","DPT::MKG",different,40,1645,178,failure,200,848866374,4244331.870
covercrypt,classic,089a548,"SEC::HIG && DPT::$","DPT::MKG && CTR::EN",different,20,899,178,failure,200,400452570,2002262.850
covercrypt,classic,089a548,"SEC::HIG && DPT::$","DPT::MKG && CTR::FR",different,20,899,178,failure,200,427346752,2136733.760
covercrypt,classic,089a548,"SEC::HIG && DPT::$","DPT::MKG && CTR::$",different,40,1645,178,failure,200,825994088,4129970.440
covercrypt,classic,089a548,"SEC::HIG && DPT::$","DPT::$",different,80,3147,178,success,200,928953403,4644767.015
covercrypt,classic,089a548,"SEC::HIG && DPT::$","DPT::$ && CTR::EN",different,40,1645,178,success,200,563847607,2819238.035
covercrypt,classic,089a548,"SEC::HIG && DPT::$","DPT::$ && CTR::FR",different,40,1645,178,success,200,557176071,2785880.355
covercrypt,classic,089a548,"SEC::HIG && DPT::$","DPT::$ && CTR::$",different,80,3147,178,success,200,1109092667,5545463.335
covercrypt,classic,089a548,"SEC::HIG && DPT::$","SEC::LOW",different,32,1347,178,failure,200,911761395,4558806.975
covercrypt,classic,089a548,"SEC::HIG && DPT::$","SEC::LOW && CTR::EN",different,16,751,178,failure,200,523244214,2616221.070
covercrypt,classic,089a548,"SEC::HIG && DPT::$","SEC::LOW && CTR::FR",different,16,751,178,failure,200,516704101,2583520.505
covercrypt,classic,089a548,"SEC::HIG && DPT::$","SEC::LOW && CTR::$",different,32,1347,178,failure,200,650853694,3254268.470
covercrypt,classic,089a548,"SEC::HIG && DPT::$","SEC::LOW && DPT::DEV",different,16,751,178,failure,200,465491621,2327458.105
covercrypt,classic,089a548,"SEC::HIG && DPT::$","SEC::LOW && DPT::DEV && CTR::EN",same,8,455,178,failure,200,242835375,1214176.875
covercrypt,classic,089a548,"SEC::HIG && DPT::$","SEC::LOW && DPT::DEV && CTR::FR",same,8,455,178,failure,200,397916794,1989583.970
covercrypt,classic,089a548,"SEC::HIG && DPT::$","SEC::LOW && DPT::DEV && CTR::$",same,16,751,178,failure,200,497261506,2486307.530
covercrypt,classic,089a548,"SEC::HIG && DPT::$","SEC::LOW && DPT::MKG",different,16,751,178,failure,200,458375740,2291878.700
covercrypt,classic,089a548,"SEC::HIG && DPT::$","SEC::LOW && DPT::MKG && CTR::EN",same,8,455,178,failure,200,187996175,939980.875
covercrypt,classic,089a548,"SEC::HIG && DPT::$","SEC::LOW && DPT::MKG && CTR::FR",same,8,455,178,failure,200,212079141,1060395.705
covercrypt,classic,089a548,"SEC::HIG && DPT::$","SEC::LOW && DPT::MKG && CTR::$",same,16,751,178,failure,200,356248836,1781244.180
covercrypt,classic,089a548,"SEC::HIG && DPT::$","SEC::LOW && DPT::$",different,32,1347,178,failure,200,649361457,3246807.285
covercrypt,classic,089a548,"SEC::HIG && DPT::$","SEC::LOW && DPT::$ && CTR::EN",same,16,751,178,failure,200,376578539,1882892.695
covercrypt,classic,089a548,"SEC::HIG && DPT::$","SEC::LOW && DPT::$ && CTR::FR",same,16,751,178,failure,200,378144323,1890721.615
covercrypt,classic,089a548,"SEC::HIG && DPT::$","SEC::LOW && DPT::$ && CTR::$",same,32,1347,178,failure,200,639782983,3198914.915
covercrypt,classic,089a548,"SEC::HIG && DPT::$","SEC::MED",different,48,1947,178,failure,200,1082274346,5411371.730
covercrypt,classic,089a548,"SEC::HIG && DPT::$","SEC::MED && CTR::EN",different,24,1049,178,failure,200,658259970,3291299.850
covercrypt,classic,089a548,"SEC::HIG && DPT::$","SEC::MED && CTR::FR",different,24,1049,178,failure,200,720275150,3601375.750
covercrypt,classic,089a548,"SEC::HIG && DPT::$","SEC::MED && CTR::$",different,48,1947,178,failure,200,980617139,4903085.695
covercrypt,classic,089a548,"SEC::HIG && DPT::$","SEC::MED && DPT::DEV",different,24,1049,178,failure,200,464262294,2321311.470
covercrypt,classic,089a548,"SEC::HIG && DPT::$","SEC::MED && DPT::DEV && CTR::EN",same,12,603,178,failure,200,293940760,1469703.800
covercrypt,classic,089a548,"SEC::HIG && DPT::$","SEC::MED && DPT::DEV && CTR::FR",same,12,603,178,failure,200,254430947,1272154.735
covercrypt,classic,089a548,"SEC::HIG && DPT::$","SEC::MED && DPT::DEV && CTR::$",same,24,1049,178,failure,200,664263590,3321317.950
covercrypt,classic,089a548,"SEC::HIG && DPT::$","SEC::MED && DPT::MKG",different,24,1049,178,failure,200,732200454,3661002.270
covercrypt,classic,089a548,"SEC::HIG && DPT::$","SEC::MED && DPT::MKG && CTR::EN",same,12,603,178,failure,200,315893233,1579466.165
covercrypt,classic,089a548,"SEC::HIG && DPT::$","SEC::MED && DPT::MKG && CTR::FR",same,12,603,178,failure,200,361014913,1805074.565
covercrypt,classic,089a548,"SEC::HIG && DPT::$","SEC::MED && DPT::MKG && CTR::$",same,24,1049,178,failure,200,577127362,2885636.810
covercrypt,classic,089a548,"SEC::HIG && DPT::$","SEC::MED && DPT::$",different,48,1947,178,failure,200,1326992954,6634964.770
covercrypt,classic,089a548,"SEC::HIG && DPT::$","SEC::MED && DPT::$ && CTR::EN",same,24,1049,178,failure,200,561973395,2809866.975
covercrypt,classic,089a548,"SEC::HIG && DPT::$","SEC::MED && DPT::$ && CTR::FR",same,24,1049,178,failure,200,505104754,2525523.770
covercrypt,classic,089a548,"SEC::HIG && DPT::$","SEC::MED && DPT::$ && CTR::$",same,48,1947,178,failure,200,961422794,4807113.970
covercrypt,classic,089a548,"SEC::HIG && DPT::$","SEC::HIG",different,64,2547,178,success,200,829786278,4148931.390
covercrypt,classic,089a548,"SEC::HIG && DPT::$","SEC::HIG && CTR::EN",different,32,1347,178,success,200,512186093,2560930.465
covercrypt,classic,089a548,"SEC::HIG && DPT::$","SEC::HIG && CTR::FR",different,32,1347,178,success,200,606949346,3034746.730
covercrypt,classic,089a548,"SEC::HIG && DPT::$","SEC::HIG && CTR::$",different,64,2547,178,success,200,785160678,3925803.390
covercrypt,classic,089a548,"SEC::HIG && DPT::$","SEC::HIG && DPT::DEV",different,32,1347,178,failure,200,1054517461,5272587.305
covercrypt,classic,089a548,"SEC::HIG && DPT::$","SEC::HIG && DPT::DEV && CTR::EN",same,16,751,178,failure,200,1086702033,5433510.165
covercrypt,classic,089a548,"SEC::HIG && DPT::$","SEC::HIG && DPT::DEV && CTR::FR",same,16,751,178,failure,200,1008832270,5044161.350
covercrypt,classic,089a548,"SEC::HIG && DPT::$","SEC::HIG && DPT::DEV && CTR::$",same,32,1347,178,failure,200,1672373429,8361867.145
covercrypt,classic,089a548,"SEC::HIG && DPT::$","SEC::HIG && DPT::MKG",different,32,1347,178,failure,200,882116412,4410582.060
covercrypt,classic,089a548,"SEC::HIG && DPT::$","SEC::HIG && DPT::MKG && CTR::EN",same,16,751,178,failure,200,363955461,1819777.305
covercrypt,classic,089a548,"SEC::HIG && DPT::$","SEC::HIG && DPT::MKG && CTR::FR",same,16,751,178,failure,200,420370402,2101852.010
covercrypt,classic,089a548,"SEC::HIG && DPT::$","SEC::HIG && DPT::MKG && CTR::$",same,32,1347,178,failure,200,986775476,4933877.380
covercrypt,classic,089a548,"SEC::HIG && DPT::$","SEC::HIG && DPT::$",different,64,2547,178,success,200,979788499,4898942.495
covercrypt,classic,089a548,"SEC::HIG && DPT::$","SEC::HIG && DPT::$ && CTR::EN",same,32,1347,178,success,200,719428502,3597142.510
covercrypt,classic,089a548,"SEC::HIG && DPT::$","SEC::HIG && DPT::$ && CTR::FR",same,32,1347,178,success,200,524403723,2622018.615
covercrypt,classic,089a548,"SEC::HIG && DPT::$","SEC::HIG && DPT::$ && CTR::$",same,64,2547,178,success,200,1057636359,5288181.795
covercrypt,classic,089a548,"SEC::HIG && DPT::$","SEC::$",different,80,3147,178,success,200,2068797283,10343986.415
covercrypt,classic,089a548,"SEC::HIG && DPT::$","SEC::$ && CTR::EN",different,40,1645,178,success,200,723768375,3618841.875
covercrypt,classic,089a548,"SEC::HIG && DPT::$","SEC::$ && CTR::FR",different,40,1645,178,success,200,588716533,2943582.665
covercrypt,classic,089a548,"SEC::HIG && DPT::$","SEC::$ && CTR::$",different,80,3147,178,success,200,1074442091,5372210.455
covercrypt,classic,089a548,"SEC::HIG && DPT::$","SEC::$ && DPT::DEV",different,40,1645,178,failure,200,1808175519,9040877.595
covercrypt,classic,089a548,"SEC::HIG && DPT::$","SEC::$ && DPT::DEV && CTR::EN",same,20,899,178,failure,200,489707371,2448536.855
covercrypt,classic,089a548,"SEC::HIG && DPT::$","SEC::$ && DPT::DEV && CTR::FR",same,20,899,178,failure,200,496630744,2483153.720
covercrypt,classic,089a548,"SEC::HIG && DPT::$","SEC::$ && DPT::DEV && CTR::$",same,40,1645,178,failure,200,979474231,4897371.155
covercrypt,classic,089a548,"SEC::HIG && DPT::$","SEC::$ && DPT::MKG",different,40,1645,178,failure,200,1041909088,5209545.440
covercrypt,classic,089a548,"SEC::HIG && DPT::$","SEC::$ && DPT::MKG && CTR::EN",same,20,899,178,failure,200,647317539,3236587.695
covercrypt,classic,089a548,"SEC::HIG && DPT::$","SEC::$ && DPT::MKG && CTR::FR",same,20,899,178,failure,200,571906922,2859534.610
covercrypt,classic,089a548,"SEC::HIG && DPT::$","SEC::$ && DPT::MKG && CTR::$",same,40,1645,178,failure,200,916005197,4580025.985
covercrypt,classic,089a548,"SEC::HIG && DPT::$","SEC::$ && DPT::$",different,80,3147,178,success,200,1082454708,5412273.540
covercrypt,classic,089a548,"SEC::HIG && DPT::$","SEC::$ && DPT::$ && CTR::EN",same,40,1645,178,success,200,578106449,2890532.245
covercrypt,classic,089a548,"SEC::HIG && DPT::$","SEC::$ && DPT::$ && CTR::FR",same,40,1645,178,success,200,567544517,2837722.585
covercrypt,classic,089a548,"SEC::HIG && DPT::$","SEC::$ && DPT::$ && CTR::$",same,80,3147,178,success,200,861614807,4308074.035
covercrypt,classic,089a548,"SEC::$ && DPT::DEV","CTR::EN",different,40,1645,178,success,200,522094094,2610470.470
covercrypt,classic,089a548,"SEC::$ && DPT::DEV","CTR::FR",different,40,1645,178,success,200,446062072,2230310.360
covercrypt,classic,089a548,"SEC::$ && DPT::DEV","CTR::$",different,80,3147,178,success,200,1177992521,5889962.605
covercrypt,classic,089a548,"SEC::$ && DPT::DEV","DPT::DEV",different,40,1645,178,success,200,610146625,3050733.125
covercrypt,classic,089a548,"SEC::$ && DPT::DEV","DPT::DEV && CTR::EN",different,20,899,178,success,200,311994080,1559970.400
covercrypt,classic,089a548,"SEC::$ && DPT::DEV","DPT::DEV && CTR::FR",different,20,899,178,success,200,306045017,1530225.085
covercrypt,classic,089a548,"SEC::$ && DPT::DEV","DPT::DEV && CTR::$",different,40,1645,178,success,200,459802480,2299012.400
covercrypt,classic,089a548,"SEC::$ && DPT::DEV","DPT::MKG",different,40,1645,178,failure,200,867734553,4338672.765
covercrypt,classic,089a548,"SEC::$ && DPT::DEV","DPT::MKG && CTR::EN",different,20,899,178,failure,200,498300749,2491503.745
covercrypt,classic,089a548,"SEC::$ && DPT::DEV","DPT::MKG && CTR::FR",different,20,899,178,failure,200,466162678,2330813.390
covercrypt,classic,089a548,"SEC::$ && DPT::DEV","DPT::MKG && CTR::$",different,40,1645,178,failure,200,872068931,4360344.655
covercrypt,classic,089a548,"SEC::$ && DPT::DEV","DPT::$",different,80,3147,178,success,200,971320842,4856604.210
covercrypt,classic,089a548,"SEC::$ && DPT::DEV","DPT::$ && CTR::EN",different,40,1645,178,success,200,489513065,2447565.325
covercrypt,classic,089a548,"SEC::$ && DPT::DEV","DPT::$ && CTR::FR",different,40,1645,178,success,200,446679416,2233397.080
covercrypt,classic,089a548,"SEC::$ && DPT::DEV","DPT::$ && CTR::$",different,80,3147,178,success,200,892793765,4463968.825
covercrypt,classic,089a548,"SEC::$ && DPT::DEV","SEC::LOW",different,32,1347,178,failure,200,758856720,3794283.600
covercrypt,classic,089a548,"SEC::$ && DPT::DEV","SEC::LOW && CTR::EN",different,16,751,178,failure,200,469900519,2349502.595
covercrypt,classic,089a548,"SEC::$ && DPT::DEV","SEC::LOW && CTR::FR",different,16,751,178,failure,200,573264646,2866323.230
covercrypt,classic,089a548,"SEC::$ && DPT::DEV","SEC::LOW && CTR::$",different,32,1347,178,failure,200,882885174,4414425.870
covercrypt,classic,089a548,"SEC::$ && DPT::DEV","SEC::LOW && DPT::DEV",different,16,751,178,failure,200,416754873,2083774.365
covercrypt,classic,089a548,"SEC::$ && DPT::DEV","SEC::LOW && DPT::DEV && CTR::EN",same,8,455,178,failure,200,252030919,1260154.595
covercrypt,classic,089a548,"SEC::$ && DPT::DEV","SEC::LOW && DPT::DEV && CTR::FR",same,8,455,178,failure,200,243012278,1215061.390
covercrypt,classic,089a548,"SEC::$ && DPT::DEV","SEC::LOW && DPT::DEV && CTR::$",same,16,751,178,failure,200,631945761,3159728.805
covercrypt,classic,089a548,"SEC::$ && DPT::DEV","SEC::LOW && DPT::MKG",different,16,751,178,failure,200,517381767,2586908.835
covercrypt,classic,089a548,"SEC::$ && DPT::DEV","SEC::LOW && DPT::MKG && CTR::EN",same,8,455,178,failure,200,237980349,1189901.745
covercrypt,classic,089a548,"SEC::$ && DPT::DEV","SEC::LOW && DPT::MKG && CTR::FR",same,8,455,178,failure,200,274741748,1373708.740
covercrypt,classic,089a548,"SEC::$ && DPT::DEV","SEC::LOW && DPT::MKG && CTR::$",same,16,751,178,failure,200,412220237,2061101.185
covercrypt,classic,089a548,"SEC::$ && DPT::DEV","SEC::LOW && DPT::$",different,32,1347,178,failure,200,729382881,3646914.405
covercrypt,classic,089a548,"SEC::$ && DPT::DEV","SEC::LOW && DPT::$ && CTR::EN",same,16,751,178,failure,200,381637371,1908186.855
covercrypt,classic,089a548,"SEC::$ && DPT::DEV","SEC::LOW && DPT::$ && CTR::FR",same,16,751,178,failure,200,427304593,2136522.965
covercrypt,classic,089a548,"SEC::$ && DPT::DEV","SEC::LOW && DPT::$ && CTR::$",same,32,1347,178,failure,200,968513075,4842565.375
covercrypt,classic,089a548,"SEC::$ && DPT::DEV","SEC::MED",different,48,1947,178,failure,200,1120359560,5601797.800
covercrypt,classic,089a548,"SEC::$ && DPT::DEV","SEC::MED && CTR::EN",different,24,1049,178,failure,200,545344606,2726723.030
covercrypt,classic,089a548,"SEC::$ && DPT::DEV","SEC::MED && CTR::FR",different,24,1049,178,failure,200,594859640,2974298.200
covercrypt,classic,089a548,"SEC::$ && DPT::DEV","SEC::MED && CTR::$",different,48,1947,178,failure,200,1205919147,6029595.735
covercrypt,classic,089a548,"SEC::$ && DPT::DEV","SEC::MED && DPT::DEV",different,24,1049,178,failure,200,512481440,2562407.200
covercrypt,classic,089a548,"SEC::$ && DPT::DEV","SEC::MED && DPT::DEV && CTR::EN",same,12,603,178,failure,200,282190571,1410952.855
covercrypt,classic,089a548,"SEC::$ && DPT::DEV","SEC::MED && DPT::DEV && CTR::FR",same,12,603,178,failure,200,339859706,1699298.530
covercrypt,classic,089a548,"SEC::$ && DPT::DEV","SEC::MED && DPT::DEV && CTR::$",same,24,1049,178,failure,200,695968649,3479843.245
covercrypt,classic,089a548,"SEC::$ && DPT::DEV","SEC::MED && DPT::MKG",different,24,1049,178,failure,200,626245878,3131229.390
covercrypt,classic,089a548,"SEC::$ && DPT::DEV","SEC::MED && DPT::MKG && CTR::EN",same,12,603,178,failure,200,261719767,1308598.835
covercrypt,classic,089a548,"SEC::$ && DPT::DEV","SEC::MED && DPT::MKG && CTR::FR",same,12,603,178,failure,200,269895738,1349478.690
covercrypt,classic,089a548,"SEC::$ && DPT::DEV","SEC::MED && DPT::MKG && CTR::$",same,24,1049,178,failure,200,497109985,2485549.925
covercrypt,classic,089a548,"SEC::$ && DPT::DEV","SEC::MED && DPT::$",different,48,1947,178,failure,200,941496888,4707484.440
covercrypt,classic,089a548,"SEC::$ && DPT::DEV","SEC::MED && DPT::$ && CTR::EN",same,24,1049,178,failure,200,544463029,2722315.145
covercrypt,classic,089a548,"SEC::$ && DPT::DEV","SEC::MED && DPT::$ && CTR::FR",same,24,1049,178,failure,200,747685015,3738425.075
covercrypt,classic,089a548,"SEC::$ && DPT::DEV","SEC::MED && DPT::$ && CTR::$",same,48,1947,178,failure,200,1157632333,5788161.665
covercrypt,classic,089a548,"SEC::$ && DPT::DEV","SEC::HIG",different,64,2547,178,failure,200,2232002703,11160013.515
covercrypt,classic,089a548,"SEC::$ && DPT::DEV","SEC::HIG && CTR::EN",different,32,1347,178,failure,200,982297652,4911488.260
covercrypt,classic,089a548,"SEC::$ && DPT::DEV","SEC::HIG && CTR::FR",different,32,1347,178,failure,200,820171292,4100856.460
covercrypt,classic,089a548,"SEC::$ && DPT::DEV","SEC::HIG && CTR::$",different,64,2547,178,failure,200,1378956338,6894781.690
covercrypt,classic,089a548,"SEC::$ && DPT::DEV","SEC::HIG && DPT::DEV",different,32,1347,178,failure,200,676691053,3383455.265
covercrypt,classic,089a548,"SEC::$ && DPT::DEV","SEC::HIG && DPT::DEV && CTR::EN",same,16,751,178,failure,200,423380978,2116904.890
covercrypt,classic,089a548,"SEC::$ && DPT::DEV","SEC::HIG && DPT::DEV && CTR::FR",same,16,751,178,failure,200,604928449,3024642.245
covercrypt,classic,089a548,"SEC::$ && DPT::DEV","SEC::HIG && DPT::DEV && CTR::$",same,32,1347,178,failure,200,1690045963,8450229.815
covercrypt,classic,089a548,"SEC::$ && DPT::DEV","SEC::HIG && DPT::MKG",different,32,1347,178,failure,200,2208957274,11044786.370
covercrypt,classic,089a548,"SEC::$ && DPT::DEV","SEC::HIG && DPT::MKG && CTR::EN",same,16,751,178,failure,200,1045039457,5225197.285
covercrypt,classic,089a548,"SEC::$ && DPT::DEV","SEC::HIG && DPT::MKG && CTR::FR",same,16,751,178,failure,200,972326622,4861633.110
covercrypt,classic,089a548,"SEC::$ && DPT::DEV","SEC::HIG && DPT::MKG && CTR::$",same,32,1347,178,failure,200,1380268795,6901343.975
covercrypt,classic,089a548,"SEC::$ && DPT::DEV","SEC::HIG && DPT::$",different,64,2547,178,failure,200,1767783454,8838917.270
covercrypt,classic,089a548,"SEC::$ && DPT::DEV","SEC::HIG && DPT::$ && CTR::EN",same,32,1347,178,failure,200,829067844,4145339.220
covercrypt,classic,089a548,"SEC::$ && DPT::DEV","SEC::HIG && DPT::$ && CTR::FR",same,32,1347,178,failure,200,915282667,4576413.335
covercrypt,classic,089a548,"SEC::$ && DPT::DEV","SEC::HIG && DPT::$ && CTR::$",same,64,2547,178,failure,200,2032962367,10164811.835
covercrypt,classic,089a548,"SEC::$ && DPT::DEV","SEC::$",different,80,3147,178,success,200,921928834,4609644.170
covercrypt,classic,089a548,"SEC::$ && DPT::DEV","SEC::$ && CTR::EN",different,40,1645,178,success,200,516416224,2582081.120
covercrypt,classic,089a548,"SEC::$ && DPT::DEV","SEC::$ && CTR::FR",different,40,1645,178,success,200,621775555,3108877.775
covercrypt,classic,089a548,"SEC::$ && DPT::DEV","SEC::$ && CTR::$",different,80,3147,178,success,200,1767517198,8837585.990
covercrypt,classic,089a548,"SEC::$ && DPT::DEV","SEC::$ && DPT::DEV",different,40,1645,178,success,200,1198667580,5993337.900
covercrypt,classic,089a548,"SEC::$ && DPT::DEV","SEC::$ && DPT::DEV && CTR::EN",same,20,899,178,success,200,680835464,3404177.320
covercrypt,classic,089a548,"SEC::$ && DPT::DEV","SEC::$ && DPT::DEV && CTR::FR",same,20,899,178,success,200,459778842,2298894.210
covercrypt,classic,089a548,"SEC::$ && DPT::DEV","SEC::$ && DPT::DEV && CTR::$",same,40,1645,178,success,200,670351298,3351756.490
covercrypt,classic,089a548,"SEC::$ && DPT::DEV","SEC::$ && DPT::MKG",different,40,1645,178,failure,200,1114351549,5571757.745
covercrypt,classic,089a548,"SEC::$ && DPT::DEV","SEC::$ && DPT::MKG && CTR::EN",same,20,899,178,failure,200,544544876,2722724.380
covercrypt,classic,089a548,"SEC::$ && DPT::DEV","SEC::$ && DPT::MKG && CTR::FR",same,20,899,178,failure,200,680271574,3401357.870
covercrypt,classic,089a548,"SEC::$ && DPT::DEV","SEC::$ && DPT::MKG && CTR::$",same,40,1645,178,failure,200,1296534622,6482673.110
covercrypt,classic,089a548,"SEC::$ && DPT::DEV","SEC::$ && DPT::$",different,80,3147,178,success,200,1234347586,6171737.930
covercrypt,classic,089a548,"SEC::$ && DPT::DEV","SEC::$ && DPT::$ && CTR::EN",same,40,1645,178,success,200,613701106,3068505.530
covercrypt,classic,089a548,"SEC::$ && DPT::DEV","SEC::$ && DPT::$ && CTR::FR",same,40,1645,178,success,200,598013524,2990067.620
covercrypt,classic,089a548,"SEC::$ && DPT::DEV","SEC::$ && DPT::$ && CTR::$",same,80,3147,178,success,200,1221286799,6106433.995
covercrypt,classic,089a548,"SEC::$ && DPT::$","CTR::EN",different,40,1645,178,success,200,585267039,2926335.195
covercrypt,classic,089a548,"SEC::$ && DPT::$","CTR::FR",different,40,1645,178,success,200,576034569,2880172.845
covercrypt,classic,089a548,"SEC::$ && DPT::$","CTR::$",different,80,3147,178,success,200,1660822149,8304110.745
covercrypt,classic,089a548,"SEC::$ && DPT::$","DPT::DEV",different,40,1645,178,failure,200,1068492772,5342463.860
covercrypt,classic,089a548,"SEC::$ && DPT::$","DPT::DEV && CTR::EN",different,20,899,178,failure,200,495116693,2475583.465
covercrypt,classic,089a548,"SEC::$ && DPT::$","DPT::DEV && CTR::FR",different,20,899,178,failure,200,473867785,2369338.925
covercrypt,classic,089a548,"SEC::$ && DPT::$","DPT::DEV && CTR::$",different,40,1645,178,failure,200,931517404,4657587.020
covercrypt,classic,089a548,"SEC::$ && DPT::$","DPT::MKG",different,40,1645,178,failure,200,926228047,4631140.235
covercrypt,classic,089a548,"SEC::$ && DPT::$","DPT::MKG && CTR::EN",different,20,899,178,failure,200,619195298,3095976.490
covercrypt,classic,089a548,"SEC::$ && DPT::$","DPT::MKG && CTR::FR",different,20,899,178,failure,200,698114777,3490573.885
covercrypt,classic,089a548,"SEC::$ && DPT::$","DPT::MKG && CTR::$",different,40,1645,178,failure,200,1171963553,5859817.765
covercrypt,classic,089a548,"SEC::$ && DPT::$","DPT::$",different,80,3147,178,success,200,984697406,4923487.030
covercrypt,classic,089a548,"SEC::$ && DPT::$","DPT::$ && CTR::EN",different,40,1645,178,success,200,544740761,2723703.805
covercrypt,classic,089a548,"SEC::$ && DPT::$","DPT::$ && CTR::FR",different,40,1645,178,success,200,508756684,2543783.420
covercrypt,classic,089a548,"SEC::$ && DPT::$","DPT::$ && CTR::$",different,80,3147,178,success,200,1021753911,5108769.555
covercrypt,classic,089a548,"SEC::$ && DPT::$","SEC::LOW",different,32,1347,178,failure,200,661125735,3305628.675
covercrypt,classic,089a548,"SEC::$ && DPT::$","SEC::LOW && CTR::EN",different,16,751,178,failure,200,409400560,2047002.800
covercrypt,classic,089a548,"SEC::$ && DPT::$","SEC::LOW && CTR::FR",different,16,751,178,failure,200,391604609,1958023.045
covercrypt,classic,089a548,"SEC::$ && DPT::$","SEC::LOW && CTR::$",different,32,1347,178,failure,200,769801032,3849005.160
covercrypt,classic,089a548,"SEC::$ && DPT::$","SEC::LOW && DPT::DEV",different,16,751,178,failure,200,381093765,1905468.825
covercrypt,classic,089a548,"SEC::$ && DPT::$","SEC::LOW && DPT::DEV && CTR::EN",same,8,455,178,failure,200,238549326,1192746.630
covercrypt,classic,089a548,"SEC::$ && DPT::$","SEC::LOW && DPT::DEV && CTR::FR",same,8,455,178,failure,200,214839201,1074196.005
covercrypt,classic,089a548,"SEC::$ && DPT::$","SEC::LOW && DPT::DEV && CTR::$",same,16,751,178,failure,200,385202068,1926010.340
covercrypt,classic,089a548,"SEC::$ && DPT::$","SEC::LOW && DPT::MKG",different,16,751,178,failure,200,404615467,2023077.335
covercrypt,classic,089a548,"SEC::$ && DPT::$","SEC::LOW && DPT::MKG && CTR::EN",same,8,455,178,failure,200,200145302,1000726.510
covercrypt,classic,089a548,"SEC::$ && DPT::$","SEC::LOW && DPT::MKG && CTR::FR",same,8,455,178,failure,200,243173587,1215867.935
covercrypt,classic,089a548,"SEC::$ && DPT::$","SEC::LOW && DPT::MKG && CTR::$",same,16,751,178,failure,200,410478915,2052394.575
covercrypt,classic,089a548,"SEC::$ && DPT::$","SEC::LOW && DPT::$",different,32,1347,178,failure,200,736106141,3680530.705
covercrypt,classic,089a548,"SEC::$ && DPT::$","SEC::LOW && DPT::$ && CTR::EN",same,16,751,178,failure,200,409835153,2049175.765
covercrypt,classic,089a548,"SEC::$ && DPT::$","SEC::LOW && DPT::$ && CTR::FR",same,16,751,178,failure,200,374153666,1870768.330
covercrypt,classic,089a548,"SEC::$ && DPT::$","SEC::LOW && DPT::$ && CTR::$",same,32,1347,178,failure,200,772654079,3863270.395
covercrypt,classic,089a548,"SEC::$ && DPT::$","SEC::MED",different,48,1947,178,failure,200,1173158564,5865792.820
covercrypt,classic,089a548,"SEC::$ && DPT::$","SEC::MED && CTR::EN",different,24,1049,178,failure,200,673369520,3366847.600
covercrypt,classic,089a548,"SEC::$ && DPT::$","SEC::MED && CTR::FR",different,24,1049,178,failure,200,627227590,3136137.950
covercrypt,classic,089a548,"SEC::$ && DPT::$","SEC::MED && CTR::$",different,48,1947,178,failure,200,1335405566,6677027.830
covercrypt,classic,089a548,"SEC::$ && DPT::$","SEC::MED && DPT::DEV",different,24,1049,178,failure,200,707440077,3537200.385
covercrypt,classic,089a548,"SEC::$ && DPT::$","SEC::MED && DPT::DEV && CTR::EN",same,12,603,178,failure,200,290332268,1451661.340
covercrypt,classic,089a548,"SEC::$ && DPT::$","SEC::MED && DPT::DEV && CTR::FR",same,12,603,178,failure,200,324491249,1622456.245
covercrypt,classic,089a548,"SEC::$ && DPT::$","SEC::MED && DPT::DEV && CTR::$",same,24,1049,178,failure,200,579182855,2895914.275
covercrypt,classic,089a548,"SEC::$ && DPT::$","SEC::MED && DPT::MKG",different,24,1049,178,failure,200,559375145,2796875.725
covercrypt,classic,089a548,"SEC::$ && DPT::$","SEC::MED && DPT::MKG && CTR::EN",same,12,603,178,failure,200,325727106,1628635.530
covercrypt,classic,089a548,"SEC::$ && DPT::$","SEC::MED && DPT::MKG && CTR::FR",same,12,603,178,failure,200,382561632,1912808.160
covercrypt,classic,089a548,"SEC::$ && DPT::$","SEC::MED && DPT::MKG && CTR::$",same,24,1049,178,failure,200,698560489,3492802.445
covercrypt,classic,089a548,"SEC::$ && DPT::$","SEC::MED && DPT::$",different,48,1947,178,failure,200,1210430434,6052152.170
covercrypt,classic,089a548,"SEC::$ && DPT::$","SEC::MED && DPT::$ && CTR::EN",same,24,1049,178,failure,200,661924792,3309623.960
covercrypt,classic,089a548,"SEC::$ && DPT::$","SEC::MED && DPT::$ && CTR::FR",same,24,1049,178,failure,200,941264378,4706321.890
covercrypt,classic,089a548,"SEC::$ && DPT::$","SEC::MED && DPT::$ && CTR::$",same,48,1947,178,failure,200,1739304983,8696524.915
covercrypt,classic,089a548,"SEC::$ && DPT::$","SEC::HIG",different,64,2547,178,failure,200,1967289092,9836445.460
covercrypt,classic,089a548,"SEC::$ && DPT::$","SEC::HIG && CTR::EN",different,32,1347,178,failure,200,1306679786,6533398.930
covercrypt,classic,089a548,"SEC::$ && DPT::$","SEC::HIG && CTR::FR",different,32,1347,178,failure,200,974867603,4874338.015
covercrypt,classic,089a548,"SEC::$ && DPT::$","SEC::HIG && CTR::$",different,64,2547,178,failure,200,1706674787,8533373.935
covercrypt,classic,089a548,"SEC::$ && DPT::$","SEC::HIG && DPT::DEV",different,32,1347,178,failure,200,929458068,4647290.340
covercrypt,classic,089a548,"SEC::$ && DPT::$","SEC::HIG && DPT::DEV && CTR::EN",same,16,751,178,failure,200,454255954,2271279.770
covercrypt,classic,089a548,"SEC::$ && DPT::$","SEC::HIG && DPT::DEV && CTR::FR",same,16,751,178,failure,200,449002529,2245012.645
covercrypt,classic,089a548,"SEC::$ && DPT::$","SEC::HIG && DPT::DEV && CTR::$",same,32,1347,178,failure,200,1012493804,5062469.020
covercrypt,classic,089a548,"SEC::$ && DPT::$","SEC::HIG && DPT::MKG",different,32,1347,178,failure,200,829136671,4145683.355
covercrypt,classic,089a548,"SEC::$ && DPT::$","SEC::HIG && DPT::MKG && CTR::EN",same,16,751,178,failure,200,462767893,2313839.465
covercrypt,classic,089a548,"SEC::$ && DPT::$","SEC::HIG && DPT::MKG && CTR::FR",same,16,751,178,failure,200,465209533,2326047.665
covercrypt,classic,089a548,"SEC::$ && DPT::$","SEC::HIG && DPT::MKG && CTR::$",same,32,1347,178,failure,200,1204337944,6021689.720
covercrypt,classic,089a548,"SEC::$ && DPT::$","SEC::HIG && DPT::$",different,64,2547,178,failure,200,1987863936,9939319.680
covercrypt,classic,089a548,"SEC::$ && DPT::$","SEC::HIG && DPT::$ && CTR::EN",same,32,1347,178,failure,200,1288465306,6442326.530
covercrypt,classic,089a548,"SEC::$ && DPT::$","SEC::HIG && DPT::$ && CTR::FR",same,32,1347,178,failure,200,1215186552,6075932.760
covercrypt,classic,089a548,"SEC::$ && DPT::$","SEC::HIG && DPT::$ && CTR::$",same,64,2547,178,failure,200,2503917075,12519585.375
covercrypt,classic,089a548,"SEC::$ && DPT::$","SEC::$",different,80,3147,178,success,200,1720478772,8602393.860
covercrypt,classic,089a548,"SEC::$ && DPT::$","SEC::$ && CTR::EN",different,40,1645,178,success,200,608251653,3041258.265
covercrypt,classic,089a548,"SEC::$ && DPT::$","SEC::$ && CTR::FR",different,40,1645,178,success,200,858781314,4293906.570
covercrypt,classic,089a548,"SEC::$ && DPT::$","SEC::$ && CTR::$",different,80,3147,178,success,200,1322123248,6610616.240
covercrypt,classic,089a548,"SEC::$ && DPT::$","SEC::$ && DPT::DEV",different,40,1645,178,failure,200,1886307426,9431537.130
covercrypt,classic,089a548,"SEC::$ && DPT::$","SEC::$ && DPT::DEV && CTR::EN",same,20,899,178,failure,200,738803828,3694019.140
covercrypt,classic,089a548,"SEC::$ && DPT::$","SEC::$ && DPT::DEV && CTR::FR",same,20,899,178,failure,200,663885075,3319425.375
covercrypt,classic,089a548,"SEC::$ && DPT::$","SEC::$ && DPT::DEV && CTR::$",same,40,1645,178,failure,200,1783483638,8917418.190
covercrypt,classic,089a548,"SEC::$ && DPT::$","SEC::$ && DPT::MKG",different,40,1645,178,failure,200,3121732003,15608660.015
covercrypt,classic,089a548,"SEC::$ && DPT::$","SEC::$ && DPT::MKG && CTR::EN",same,20,899,178,failure,200,1477516741,7387583.705
covercrypt,classic,089a548,"SEC::$ && DPT::$","SEC::$ && DPT::MKG && CTR::FR",same,20,899,178,failure,200,826550662,4132753.310
covercrypt,classic,089a548,"SEC::$ && DPT::$","SEC::$ && DPT::MKG && CTR::$",same,40,1645,178,failure,200,2560153717,12800768.585
covercrypt,classic,089a548,"SEC::$ && DPT::$","SEC::$ && DPT::$",different,80,3147,178,success,200,3058059284,15290296.420
covercrypt,classic,089a548,"SEC::$ && DPT::$","SEC::$ && DPT::$ && CTR::EN",same,40,1645,178,success,200,1307442911,6537214.555
covercrypt,classic,089a548,"SEC::$ && DPT::$","SEC::$ && DPT::$ && CTR::FR",same,40,1645,178,success,200,796702429,3983512.145
covercrypt,classic,089a548,"SEC::$ && DPT::$","SEC::$ && DPT::$ && CTR::$",same,80,3147,178,success,200,1722784588,8613922.940
covercrypt,classic,089a548,"DPT::DEV && CTR::EN","CTR::EN",different,40,1645,178,success,200,876875877,4384379.385
covercrypt,classic,089a548,"DPT::DEV && CTR::EN","CTR::FR",different,40,1645,178,failure,200,2657110880,13285554.400
covercrypt,classic,089a548,"DPT::DEV && CTR::EN","CTR::$",different,80,3147,178,success,200,2836809648,14184048.240
covercrypt,classic,089a548,"DPT::DEV && CTR::EN","DPT::DEV",different,40,1645,178,success,200,1805749911,9028749.555
covercrypt,classic,089a548,"DPT::DEV && CTR::EN","DPT::DEV && CTR::EN",different,20,899,178,success,200,1152587927,5762939.635
covercrypt,classic,089a548,"DPT::DEV && CTR::EN","DPT::DEV && CTR::FR",different,20,899,178,failure,200,1781902503,8909512.515
covercrypt,classic,089a548,"DPT::DEV && CTR::EN","DPT::DEV && CTR::$",different,40,1645,178,success,200,2223076913,11115384.565
covercrypt,classic,089a548,"DPT::DEV && CTR::EN","DPT::MKG",different,40,1645,178,failure,200,3685146056,18425730.280
covercrypt,classic,089a548,"DPT::DEV && CTR::EN","DPT::MKG && CTR::EN",different,20,899,178,failure,200,1906247442,9531237.210
covercrypt,classic,089a548,"DPT::DEV && CTR::EN","DPT::MKG && CTR::FR",different,20,899,178,failure,200,1954775812,9773879.060
covercrypt,classic,089a548,"DPT::DEV && CTR::EN","DPT::MKG && CTR::$",different,40,1645,178,failure,200,3571807311,17859036.555
covercrypt,classic,089a548,"DPT::DEV && CTR::EN","DPT::$",different,80,3147,178,success,200,4135542092,20677710.460
covercrypt,classic,089a548,"DPT::DEV && CTR::EN","DPT::$ && CTR::EN",different,40,1645,178,success,200,1940769636,9703848.180
covercrypt,classic,089a548,"DPT::DEV && CTR::EN","DPT::$ && CTR::FR",different,40,1645,178,failure,200,3331197457,16655987.285
covercrypt,classic,089a548,"DPT::DEV && CTR::EN","DPT::$ && CTR::$",different,80,3147,178,success,200,2859855881,14299279.405
covercrypt,classic,089a548,"DPT::DEV && CTR::EN","SEC::LOW",different,32,1347,178,success,200,1164159342,5820796.710
covercrypt,classic,089a548,"DPT::DEV && CTR::EN","SEC::LOW && CTR::EN",different,16,751,178,success,200,523497124,2617485.620
covercrypt,classic,089a548,"DPT::DEV && CTR::EN","SEC::LOW && CTR::FR",different,16,751,178,failure,200,982601147,4913005.735
covercrypt,classic,089a548,"DPT::DEV && CTR::EN","SEC::LOW && CTR::$",different,32,1347,178,success,200,1108451363,5542256.815
covercrypt,classic,089a548,"DPT::DEV && CTR::EN","SEC::LOW && DPT::DEV",different,16,751,178,success,200,733586183,3667930.915
covercrypt,classic,089a548,"DPT::DEV && CTR::EN","SEC::LOW && DPT::DEV && CTR::EN",same,8,455,178,success,200,429628855,2148144.275
covercrypt,classic,089a548,"DPT::DEV && CTR::EN","SEC::LOW && DPT::DEV && CTR::FR",same,8,455,178,failure,200,742547482,3712737.410
covercrypt,classic,089a548,"DPT::DEV && CTR::EN","SEC::LOW && DPT::DEV && CTR::$",same,16,751,178,success,200,801122284,4005611.420
covercrypt,classic,089a548,"DPT::DEV && CTR::EN","SEC::LOW && DPT::MKG",different,16,751,178,failure,200,1124074988,5620374.940
covercrypt,classic,089a548,"DPT::DEV && CTR::EN","SEC::LOW && DPT::MKG && CTR::EN",same,8,455,178,failure,200,663531558,3317657.790
covercrypt,classic,089a548,"DPT::DEV && CTR::EN","SEC::LOW && DPT::MKG && CTR::FR",same,8,455,178,failure,200,721042083,3605210.415
covercrypt,classic,089a548,"DPT::DEV && CTR::EN","SEC::LOW && DPT::MKG && CTR::$",same,16,751,178,failure,200,1216300079,6081500.395
covercrypt,classic,089a548,"DPT::DEV && CTR::EN","SEC::LOW && DPT::$",different,32,1347,178,success,200,1596702814,7983514.070
covercrypt,classic,089a548,"DPT::DEV && CTR::EN","SEC::LOW && DPT::$ && CTR::EN",same,16,751,178,success,200,797075269,3985376.345
covercrypt,classic,089a548,"DPT::DEV && CTR::EN","SEC::LOW && DPT::$ && CTR::FR",same,16,751,178,failure,200,1134004887,5670024.435
covercrypt,classic,089a548,"DPT::DEV && CTR::EN","SEC::LOW && DPT::$ && CTR::$",same,32,1347,178,success,200,1174597052,5872985.260
covercrypt,classic,089a548,"DPT::DEV && CTR::EN","SEC::MED",different,48,1947,178,success,200,1484741170,7423705.850
covercrypt,classic,089a548,"DPT::DEV && CTR::EN","SEC::MED && CTR::EN",different,24,1049,178,success,200,954990182,4774950.910
covercrypt,classic,089a548,"DPT::DEV && CTR::EN","SEC::MED && CTR::FR",different,24,1049,178,failure,200,1132890602,5664453.010
covercrypt,classic,089a548,"DPT::DEV && CTR::EN","SEC::MED && CTR::$",different,48,1947,178,success,200,1084960364,5424801.820
covercrypt,classic,089a548,"DPT::DEV && CTR::EN","SEC::MED && DPT::DEV",different,24,1049,178,success,200,588499008,2942495.040
covercrypt,classic,089a548,"DPT::DEV && CTR::EN","SEC::MED && DPT::DEV && CTR::EN",same,12,603,178,success,200,385488236,1927441.180
covercrypt,classic,089a548,"DPT::DEV && CTR::EN","SEC::MED && DPT::DEV && CTR::FR",same,12,603,178,failure,200,493389307,2466946.535
covercrypt,classic,089a548,"DPT::DEV && CTR::EN","SEC::MED && DPT::DEV && CTR::$",same,24,1049,178,success,200,544453052,2722265.260
covercrypt,classic,089a548,"DPT::DEV && CTR::EN","SEC::MED && DPT::MKG",different,24,1049,178,failure,200,1223367114,6116835.570
covercrypt,classic,089a548,"DPT::DEV && CTR::EN","SEC::MED && DPT::MKG && CTR::EN",same,12,603,178,failure,200,498526903,2492634.515
covercrypt,classic,089a548,"DPT::DEV && CTR::EN","SEC::MED && DPT::MKG && CTR::FR",same,12,603,178,failure,200,501918647,2509593.235
covercrypt,classic,089a548,"DPT::DEV && CTR::EN","SEC::MED && DPT::MKG && CTR::$",same,24,1049,178,failure,200,936045347,4680226.735
covercrypt,classic,089a548,"DPT::DEV && CTR::EN","SEC::MED && DPT::$",different,48,1947,178,success,200,947605710,4738028.550
covercrypt,classic,089a548,"DPT::DEV && CTR::EN","SEC::MED && DPT::$ && CTR::EN",same,24,1049,178,success,200,520296413,2601482.065
covercrypt,classic,089a548,"DPT::DEV && CTR::EN","SEC::MED && DPT::$ && CTR::FR",same,24,1049,178,failure,200,945751792,4728758.960
covercrypt,classic,089a548,"DPT::DEV && CTR::EN","SEC::MED && DPT::$ && CTR::$",same,48,1947,178,success,200,1524114800,7620574.000
covercrypt,classic,089a548,"DPT::DEV && CTR::EN","SEC::HIG",different,64,2547,178,success,200,2248668863,11243344.315
covercrypt,classic,089a548,"DPT::DEV && CTR::EN","SEC::HIG && CTR::EN",different,32,1347,178,success,200,1522765914,7613829.570
covercrypt,classic,089a548,"DPT::DEV && CTR::EN","SEC::HIG && CTR::FR",different,32,1347,178,failure,200,2630321080,13151605.400
covercrypt,classic,089a548,"DPT::DEV && CTR::EN","SEC::HIG && CTR::$",different,64,2547,178,success,200,2854596621,14272983.105
covercrypt,classic,089a548,"DPT::DEV && CTR::EN","SEC::HIG && DPT::DEV",different,32,1347,178,success,200,1487196787,7435983.935
covercrypt,classic,089a548,"DPT::DEV && CTR::EN","SEC::HIG && DPT::DEV && CTR::EN",same,16,751,178,success,200,1003359832,5016799.160
covercrypt,classic,089a548,"DPT::DEV && CTR::EN","SEC::HIG && DPT::DEV && CTR::FR",same,16,751,178,failure,200,1513639948,7568199.740
covercrypt,classic,089a548,"DPT::DEV && CTR::EN","SEC::HIG && DPT::DEV && CTR::$",same,32,1347,178,success,200,1507126588,7535632.940
covercrypt,classic,089a548,"DPT::DEV && CTR::EN","SEC::HIG && DPT::MKG",different,32,1347,178,failure,200,2630568737,13152843.685
covercrypt,classic,089a548,"DPT::DEV && CTR::EN","SEC::HIG && DPT::MKG && CTR::EN",same,16,751,178,failure,200,1438878708,7194393.540
covercrypt,classic,089a548,"DPT::DEV && CTR::EN","SEC::HIG && DPT::MKG && CTR::FR",same,16,751,178,failure,200,1460911361,7304556.805
covercrypt,classic,089a548,"DPT::DEV && CTR::EN","SEC::HIG && DPT::MKG && CTR::$",same,32,1347,178,failure,200,2613454186,13067270.930
covercrypt,classic,089a548,"DPT::DEV && CTR::EN","SEC::HIG && DPT::$",different,64,2547,178,success,200,3028678066,15143390.330
covercrypt,classic,089a548,"DPT::DEV && CTR::EN","SEC::HIG && DPT::$ && CTR::EN",same,32,1347,178,success,200,1636648695,8183243.475
covercrypt,classic,089a548,"DPT::DEV && CTR::EN","SEC::HIG && DPT::$ && CTR::FR",same,32,1347,178,failure,200,2616117155,13080585.775
covercrypt,classic,089a548,"DPT::DEV && CTR::EN","SEC::HIG && DPT::$ && CTR::$",same,64,2547,178,success,200,2671743143,13358715.715
covercrypt,classic,089a548,"DPT::DEV && CTR::EN","SEC::$",different,80,3147,178,success,200,4123351952,20616759.760
covercrypt,classic,089a548,"DPT::DEV && CTR::EN","SEC::$ && CTR::EN",different,40,1645,178,success,200,2102740112,10513700.560
covercrypt,classic,089a548,"DPT::DEV && CTR::EN","SEC::$ && CTR::FR",different,40,1645,178,failure,200,3526720607,17633603.035
covercrypt,classic,089a548,"DPT::DEV && CTR::EN","SEC::$ && CTR::$",different,80,3147,178,success,200,3750883369,18754416.845
covercrypt,classic,089a548,"DPT::DEV && CTR::EN","SEC::$ && DPT::DEV",different,40,1645,178,success,200,2243164083,11215820.415
covercrypt,classic,089a548,"DPT::DEV && CTR::EN","SEC::$ && DPT::DEV && CTR::EN",same,20,899,178,success,200,1225005791,6125028.955
covercrypt,classic,089a548,"DPT::DEV && CTR::EN","SEC::$ && DPT::DEV && CTR::FR",same,20,899,178,failure,200,1873891941,9369459.705
covercrypt,classic,089a548,"DPT::DEV && CTR::EN","SEC::$ && DPT::DEV && CTR::$",same,40,1645,178,success,200,1931015952,9655079.760
covercrypt,classic,089a548,"DPT::DEV && CTR::EN","SEC::$ && DPT::MKG",different,40,1645,178,failure,200,3399341056,16996705.280
covercrypt,classic,089a548,"DPT::DEV && CTR::EN","SEC::$ && DPT::MKG && CTR::EN",same,20,899,178,failure,200,1878509778,9392548.890
covercrypt,classic,089a548,"DPT::DEV && CTR::EN","SEC::$ && DPT::MKG && CTR::FR",same,20,899,178,failure,200,1850954809,9254774.045
covercrypt,classic,089a548,"DPT::DEV && CTR::EN","SEC::$ && DPT::MKG && CTR::$",same,40,1645,178,failure,200,3598170756,17990853.780
covercrypt,classic,089a548,"DPT::DEV && CTR::EN","SEC::$ && DPT::$",different,80,3147,178,success,200,3632200575,18161002.875
covercrypt,classic,089a548,"DPT::DEV && CTR::EN","SEC::$ && DPT::$ && CTR::EN",same,40,1645,178,success,200,2017694724,10088473.620
covercrypt,classic,089a548,"DPT::DEV && CTR::EN","SEC::$ && DPT::$ && CTR::FR",same,40,1645,178,failure,200,3626685668,18133428.340
covercrypt,classic,089a548,"DPT::DEV && CTR::EN","SEC::$ && DPT::$ && CTR::$",same,80,3147,178,success,200,3994655752,19973278.760
covercrypt,classic,089a548,"DPT::$ && CTR::EN","CTR::EN",different,40,1645,178,success,200,1864310690,9321553.450
covercrypt,classic,089a548,"DPT::$ && CTR::EN","CTR::FR",different,40,1645,178,failure,200,3548049900,17740249.500
covercrypt,classic,089a548,"DPT::$ && CTR::EN","CTR::$",different,80,3147,178,success,200,3890810366,19454051.830
covercrypt,classic,089a548,"DPT::$ && CTR::EN","DPT::DEV",different,40,1645,178,failure,200,3497245903,17486229.515
covercrypt,classic,089a548,"DPT::$ && CTR::EN","DPT::DEV && CTR::EN",different,20,899,178,failure,200,1816337087,9081685.435
covercrypt,classic,089a548,"DPT::$ && CTR::EN","DPT::DEV && CTR::FR",different,20,899,178,failure,200,1818349093,9091745.465
covercrypt,classic,089a548,"DPT::$ && CTR::EN","DPT::DEV && CTR::$",different,40,1645,178,failure,200,3452558265,17262791.325
covercrypt,classic,089a548,"DPT::$ && CTR::EN","DPT::MKG",different,40,1645,178,failure,200,3793679368,18968396.840
covercrypt,classic,089a548,"DPT::$ && CTR::EN","DPT::MKG && CTR::EN",different,20,899,178,failure,200,1907601485,9538007.425
covercrypt,classic,089a548,"DPT::$ && CTR::EN","DPT::MKG && CTR::FR",different,20,899,178,failure,200,1938180836,9690904.180
covercrypt,classic,089a548,"DPT::$ && CTR::EN","DPT::MKG && CTR::$",different,40,1645,178,failure,200,3422825623,17114128.115
covercrypt,classic,089a548,"DPT::$ && CTR::EN","DPT::$",different,80,3147,178,success,200,3636828193,18184140.965
covercrypt,classic,089a548,"DPT::$ && CTR::EN","DPT::$ && CTR::EN",different,40,1645,178,success,200,2065215229,10326076.145
covercrypt,classic,089a548,"DPT::$ && CTR::EN","DPT::$ && CTR::FR",different,40,1645,178,failure,200,3395325391,16976626.955
covercrypt,classic,089a548,"DPT::$ && CTR::EN","DPT::$ && CTR::$",different,80,3147,178,success,200,3787418681,18937093.405
covercrypt,classic,089a548,"DPT::$ && CTR::EN","SEC::LOW",different,32,1347,178,success,200,1702442740,8512213.700
covercrypt,classic,089a548,"DPT::$ && CTR::EN","SEC::LOW && CTR::EN",different,16,751,178,success,200,1019934540,5099672.700
covercrypt,classic,089a548,"DPT::$ && CTR::EN","SEC::LOW && CTR::FR",different,16,751,178,failure,200,1460645314,7303226.570
covercrypt,classic,089a548,"DPT::$ && CTR::EN","SEC::LOW && CTR::$",different,32,1347,178,success,200,1595620744,7978103.720
covercrypt,classic,089a548,"DPT::$ && CTR::EN","SEC::LOW && DPT::DEV",different,16,751,178,failure,200,1576231926,7881159.630
covercrypt,classic,089a548,"DPT::$ && CTR::EN","SEC::LOW && DPT::DEV && CTR::EN",same,8,455,178,failure,200,843566778,4217833.890
covercrypt,classic,089a548,"DPT::$ && CTR::EN","SEC::LOW && DPT::DEV && CTR::FR",same,8,455,178,failure,200,878076880,4390384.400
covercrypt,classic,089a548,"DPT::$ && CTR::EN","SEC::LOW && DPT::DEV && CTR::$",same,16,751,178,failure,200,1608354016,8041770.080
covercrypt,classic,089a548,"DPT::$ && CTR::EN","SEC::LOW && DPT::MKG",different,16,751,178,failure,200,1526947120,7634735.600
covercrypt,classic,089a548,"DPT::$ && CTR::EN","SEC::LOW && DPT::MKG && CTR::EN",same,8,455,178,failure,200,799392484,3996962.420
covercrypt,classic,089a548,"DPT::$ && CTR::EN","SEC::LOW && DPT::MKG && CTR::FR",same,8,455,178,failure,200,796064294,3980321.470
covercrypt,classic,089a548,"DPT::$ && CTR::EN","SEC::LOW && DPT::MKG && CTR::$",same,16,751,178,failure,200,1448835688,7244178.440
covercrypt,classic,089a548,"DPT::$ && CTR::EN","SEC::LOW && DPT::$",different,32,1347,178,success,200,1658343951,8291719.755
covercrypt,classic,089a548,"DPT::$ && CTR::EN","SEC::LOW && DPT::$ && CTR::EN",same,16,751,178,success,200,1021537017,5107685.085
covercrypt,classic,089a548,"DPT::$ && CTR::EN","SEC::LOW && DPT::$ && CTR::FR",same,16,751,178,failure,200,1510883753,7554418.765
covercrypt,classic,089a548,"DPT::$ && CTR::EN","SEC::LOW && DPT::$ && CTR::$",same,32,1347,178,success,200,1841322969,9206614.845
covercrypt,classic,089a548,"DPT::$ && CTR::EN","SEC::MED",different,48,1947,178,success,200,2253563773,11267818.865
covercrypt,classic,089a548,"DPT::$ && CTR::EN","SEC::MED && CTR::EN",different,24,1049,178,success,200,1371391735,6856958.675
covercrypt,classic,089a548,"DPT::$ && CTR::EN","SEC::MED && CTR::FR",different,24,1049,178,failure,200,2178420347,10892101.735
covercrypt,classic,089a548,"DPT::$ && CTR::EN","SEC::MED && CTR::$",different,48,1947,178,success,200,2206403592,11032017.960
covercrypt,classic,089a548,"DPT::$ && CTR::EN","SEC::MED && DPT::DEV",different,24,1049,178,failure,200,2168150734,10840753.670
covercrypt,classic,089a548,"DPT::$ && CTR::EN","SEC::MED && DPT::DEV && CTR::EN",same,12,603,178,failure,200,1177527235,5887636.175
covercrypt,classic,089a548,"DPT::$ && CTR::EN","SEC::MED && DPT::DEV && CTR::FR",same,12,603,178,failure,200,1161833816,5809169.080
covercrypt,classic,089a548,"DPT::$ && CTR::EN","SEC::MED && DPT::DEV && CTR::$",same,24,1049,178,failure,200,2193145198,10965725.990
covercrypt,classic,089a548,"DPT::$ && CTR::EN","SEC::MED && DPT::MKG",different,24,1049,178,failure,200,2152539098,10762695.490
covercrypt,classic,089a548,"DPT::$ && CTR::EN","SEC::MED && DPT::MKG && CTR::EN",same,12,603,178,failure,200,1211186804,6055934.020
covercrypt,classic,089a548,"DPT::$ && CTR::EN","SEC::MED && DPT::MKG && CTR::FR",same,12,603,178,failure,200,1143051442,5715257.210
covercrypt,classic,089a548,"DPT::$ && CTR::EN","SEC::MED && DPT::MKG && CTR::$",same,24,1049,178,failure,200,2211708784,11058543.920
covercrypt,classic,089a548,"DPT::$ && CTR::EN","SEC::MED && DPT::$",different,48,1947,178,success,200,2290775992,11453879.960
covercrypt,classic,089a548,"DPT::$ && CTR::EN","SEC::MED && DPT::$ && CTR::EN",same,24,1049,178,success,200,1287306183,6436530.915
covercrypt,classic,089a548,"DPT::$ && CTR::EN","SEC::MED && DPT::$ && CTR::FR",same,24,1049,178,failure,200,2243521250,11217606.250
covercrypt,classic,089a548,"DPT::$ && CTR::EN","SEC::MED && DPT::$ && CTR::$",same,48,1947,178,success,200,2355557368,11777786.840
covercrypt,classic,089a548,"DPT::$ && CTR::EN","SEC::HIG",different,64,2547,178,success,200,2945021122,14725105.610
covercrypt,classic,089a548,"DPT::$ && CTR::EN","SEC::HIG && CTR::EN",different,32,1347,178,success,200,1529051437,7645257.185
covercrypt,classic,089a548,"DPT::$ && CTR::EN","SEC::HIG && CTR::FR",different,32,1347,178,failure,200,2822157441,14110787.205
covercrypt,classic,089a548,"DPT::$ && CTR::EN","SEC::HIG && CTR::$",different,64,2547,178,success,200,3244987139,16224935.695
covercrypt,classic,089a548,"DPT::$ && CTR::EN","SEC::HIG && DPT::DEV",different,32,1347,178,failure,200,2907747619,14538738.095
covercrypt,classic,089a548,"DPT::$ && CTR::EN","SEC::HIG && DPT::DEV && CTR::EN",same,16,751,178,failure,200,1496330725,7481653.625
covercrypt,classic,089a548,"DPT::$ && CTR::EN","SEC::HIG && DPT::DEV && CTR::FR",same,16,751,178,failure,200,1543416463,7717082.315
covercrypt,classic,089a548,"DPT::$ && CTR::EN","SEC::HIG && DPT::DEV && CTR::$",same,32,1347,178,failure,200,2817966185,14089830.925
covercrypt,classic,089a548,"DPT::$ && CTR::EN","SEC::HIG && DPT::MKG",different,32,1347,178,failure,200,2888728627,14443643.135
covercrypt,classic,089a548,"DPT::$ && CTR::EN","SEC::HIG && DPT::MKG && CTR::EN",same,16,751,178,failure,200,1542270042,7711350.210
covercrypt,classic,089a548,"DPT::$ && CTR::EN","SEC::HIG && DPT::MKG && CTR::FR",same,16,751,178,failure,200,1495238392,7476191.960
covercrypt,classic,089a548,"DPT::$ && CTR::EN","SEC::HIG && DPT::MKG && CTR::$",same,32,1347,178,failure,200,2874631087,14373155.435
covercrypt,classic,089a548,"DPT::$ && CTR::EN","SEC::HIG && DPT::$",different,64,2547,178,success,200,2847716030,14238580.150
covercrypt,classic,089a548,"DPT::$ && CTR::EN","SEC::HIG && DPT::$ && CTR::EN",same,32,1347,178,success,200,1478494948,7392474.740
covercrypt,classic,089a548,"DPT::$ && CTR::EN","SEC::HIG && DPT::$ && CTR::FR",same,32,1347,178,failure,200,2921892282,14609461.410
covercrypt,classic,089a548,"DPT::$ && CTR::EN","SEC::HIG && DPT::$ && CTR::$",same,64,2547,178,success,200,3169311884,15846559.420
covercrypt,classic,089a548,"DPT::$ && CTR::EN","SEC::$",different,80,3147,178,success,200,3566191633,17830958.165
covercrypt,classic,089a548,"DPT::$ && CTR::EN","SEC::$ && CTR::EN",different,40,1645,178,success,200,2165356456,10826782.280
covercrypt,classic,089a548,"DPT::$ && CTR::EN","SEC::$ && CTR::FR",different,40,1645,178,failure,200,3580030085,17900150.425
covercrypt,classic,089a548,"DPT::$ && CTR::EN","SEC::$ && CTR::$",different,80,3147,178,success,200,3928370659,19641853.295
covercrypt,classic,089a548,"DPT::$ && CTR::EN","SEC::$ && DPT::DEV",different,40,1645,178,failure,200,3657379227,18286896.135
covercrypt,classic,089a548,"DPT::$ && CTR::EN","SEC::$ && DPT::DEV && CTR::EN",same,20,899,178,failure,200,1847719812,9238599.060
covercrypt,classic,089a548,"DPT::$ && CTR::EN","SEC::$ && DPT::DEV && CTR::FR",same,20,899,178,failure,200,1794289646,8971448.230
covercrypt,classic,089a548,"DPT::$ && CTR::EN","SEC::$ && DPT::DEV && CTR::$",same,40,1645,178,failure,200,3628336492,18141682.460
covercrypt,classic,089a548,"DPT::$ && CTR::EN","SEC::$ && DPT::MKG",different,40,1645,178,failure,200,3618430402,18092152.010
covercrypt,classic,089a548,"DPT::$ && CTR::EN","SEC::$ && DPT::MKG && CTR::EN",same,20,899,178,failure,200,1809121320,9045606.600
covercrypt,classic,089a548,"DPT::$ && CTR::EN","SEC::$ && DPT::MKG && CTR::FR",same,20,899,178,failure,200,1856520204,9282601.020
covercrypt,classic,089a548,"DPT::$ && CTR::EN","SEC::$ && DPT::MKG && CTR::$",same,40,1645,178,failure,200,3477119342,17385596.710
covercrypt,classic,089a548,"DPT::$ && CTR::EN","SEC::$ && DPT::$",different,80,3147,178,success,200,3867245991,19336229.955
covercrypt,classic,089a548,"DPT::$ && CTR::EN","SEC::$ && DPT::$ && CTR::EN",same,40,1645,178,success,200,2017478714,10087393.570
covercrypt,classic,089a548,"DPT::$ && CTR::EN","SEC::$ && DPT::$ && CTR::FR",same,40,1645,178,failure,200,3594377514,17971887.570
covercrypt,classic,089a548,"DPT::$ && CTR::EN","SEC::$ && DPT::$ && CTR::$",same,80,3147,178,success,200,3747529806,18737649.030
covercrypt,classic,089a548,"SEC::LOW && DPT::DEV && CTR::EN","CTR::EN",different,40,1645,178,success,200,1953874020,9769370.100
covercrypt,classic,089a548,"SEC::LOW && DPT::DEV && CTR::EN","CTR::FR",different,40,1645,178,failure,200,3605617698,18028088.490
covercrypt,classic,089a548,"SEC::LOW && DPT::DEV && CTR::EN","CTR::$",different,80,3147,178,success,200,3608957649,18044788.245
covercrypt,classic,089a548,"SEC::LOW && DPT::DEV && CTR::EN","DPT::DEV",different,40,1645,178,success,200,2079568689,10397843.445
covercrypt,classic,089a548,"SEC::LOW && DPT::DEV && CTR::EN","DPT::DEV && CTR::EN",different,20,899,178,success,200,1147935487,5739677.435
covercrypt,classic,089a548,"SEC::LOW && DPT::DEV && CTR::EN","DPT::DEV && CTR::FR",different,20,899,178,failure,200,1927357580,9636787.900
covercrypt,classic,089a548,"SEC::LOW && DPT::DEV && CTR::EN","DPT::DEV && CTR::$",different,40,1645,178,success,200,2223382999,11116914.995
covercrypt,classic,089a548,"SEC::LOW && DPT::DEV && CTR::EN","DPT::MKG",different,40,1645,178,failure,200,3648302157,18241510.785
covercrypt,classic,089a548,"SEC::LOW && DPT::DEV && CTR::EN","DPT::MKG && CTR::EN",different,20,899,178,failure,200,1871786474,9358932.370
covercrypt,classic,089a548,"SEC::LOW && DPT::DEV && CTR::EN","DPT::MKG && CTR::FR",different,20,899,178,failure,200,1794860778,8974303.890
covercrypt,classic,089a548,"SEC::LOW && DPT::DEV && CTR::EN","DPT::MKG && CTR::$",different,40,1645,178,failure,200,3464627060,17323135.300
covercrypt,classic,089a548,"SEC::LOW && DPT::DEV && CTR::EN","DPT::$",different,80,3147,178,success,200,4176816019,20884080.095
covercrypt,classic,089a548,"SEC::LOW && DPT::DEV && CTR::EN","DPT::$ && CTR::EN",different,40,1645,178,success,200,2094280226,10471401.130
covercrypt,classic,089a548,"SEC::LOW && DPT::DEV && CTR::EN","DPT::$ && CTR::FR",different,40,1645,178,failure,200,3562314038,17811570.190
covercrypt,classic,089a548,"SEC::LOW && DPT::DEV && CTR::EN","DPT::$ && CTR::$",different,80,3147,178,success,200,3653850185,18269250.925
covercrypt,classic,089a548,"SEC::LOW && DPT::DEV && CTR::EN","SEC::LOW",different,32,1347,178,success,200,1611778278,8058891.390
covercrypt,classic,089a548,"SEC::LOW && DPT::DEV && CTR::EN","SEC::LOW && CTR::EN",different,16,751,178,success,200,970329873,4851649.365
covercrypt,classic,089a548,"SEC::LOW && DPT::DEV && CTR::EN","SEC::LOW && CTR::FR",different,16,751,178,failure,200,1450003408,7250017.040
covercrypt,classic,089a548,"SEC::LOW && DPT::DEV && CTR::EN","SEC::LOW && CTR::$",different,32,1347,178,success,200,1604204394,8021021.970
covercrypt,classic,089a548,"SEC::LOW && DPT::DEV && CTR::EN","SEC::LOW && DPT::DEV",different,16,751,178,success,200,983484751,4917423.755
covercrypt,classic,089a548,"SEC::LOW && DPT::DEV && CTR::EN","SEC::LOW && DPT::DEV && CTR::EN",same,8,455,178,success,200,669856957,3349284.785
covercrypt,classic,089a548,"SEC::LOW && DPT::DEV && CTR::EN","SEC::LOW && DPT::DEV && CTR::FR",same,8,455,178,failure,200,812104713,4060523.565
covercrypt,classic,089a548,"SEC::LOW && DPT::DEV && CTR::EN","SEC::LOW && DPT::DEV && CTR::$",same,16,751,178,success,200,982135202,4910676.010
covercrypt,classic,089a548,"SEC::LOW && DPT::DEV && CTR::EN","SEC::LOW && DPT::MKG",different,16,751,178,failure,200,1479237920,7396189.600
covercrypt,classic,089a548,"SEC::LOW && DPT::DEV && CTR::EN","SEC::LOW && DPT::MKG && CTR::EN",same,8,455,178,failure,200,779754820,3898774.100
covercrypt,classic,089a548,"SEC::LOW && DPT::DEV && CTR::EN","SEC::LOW && DPT::MKG && CTR::FR",same,8,455,178,failure,200,813601297,4068006.485
covercrypt,classic,089a548,"SEC::LOW && DPT::DEV && CTR::EN","SEC::LOW && DPT::MKG && CTR::$",same,16,751,178,failure,200,1446917625,7234588.125
covercrypt,classic,089a548,"SEC::LOW && DPT::DEV && CTR::EN","SEC::LOW && DPT::$",different,32,1347,178,success,200,1522639524,7613197.620
covercrypt,classic,089a548,"SEC::LOW && DPT::DEV && CTR::EN","SEC::LOW && DPT::$ && CTR::EN",same,16,751,178,success,200,1001095135,5005475.675
covercrypt,classic,089a548,"SEC::LOW && DPT::DEV && CTR::EN","SEC::LOW && DPT::$ && CTR::FR",same,16,751,178,failure,200,1514240071,7571200.355
covercrypt,classic,089a548,"SEC::LOW && DPT::DEV && CTR::EN","SEC::LOW && DPT::$ && CTR::$",same,32,1347,178,success,200,1845578114,9227890.570
covercrypt,classic,089a548,"SEC::LOW && DPT::DEV && CTR::EN","SEC::MED",different,48,1947,178,success,200,2520458854,12602294.270
covercrypt,classic,089a548,"SEC::LOW && DPT::DEV && CTR::EN","SEC::MED && CTR::EN",different,24,1049,178,success,200,1383065149,6915325.745
covercrypt,classic,089a548,"SEC::LOW && DPT::DEV && CTR::EN","SEC::MED && CTR::FR",different,24,1049,178,failure,200,2289317638,11446588.190
covercrypt,classic,089a548,"SEC::LOW && DPT::DEV && CTR::EN","SEC::MED && CTR::$",different,48,1947,178,success,200,2471914776,12359573.880
covercrypt,classic,089a548,"SEC::LOW && DPT::DEV && CTR::EN","SEC::MED && DPT::DEV",different,24,1049,178,success,200,1414184695,7070923.475
covercrypt,classic,089a548,"SEC::LOW && DPT::DEV && CTR::EN","SEC::MED && DPT::DEV && CTR::EN",same,12,603,178,success,200,858508972,4292544.860
covercrypt,classic,089a548,"SEC::LOW && DPT::DEV && CTR::EN","SEC::MED && DPT::DEV && CTR::FR",same,12,603,178,failure,200,1208353616,6041768.080
covercrypt,classic,089a548,"SEC::LOW && DPT::DEV && CTR::EN","SEC::MED && DPT::DEV && CTR::$",same,24,1049,178,success,200,1385507025,6927535.125
covercrypt,classic,089a548,"SEC::LOW && DPT::DEV && CTR::EN","SEC::MED && DPT::MKG",different,24,1049,178,failure,200,2293040533,11465202.665
covercrypt,classic,089a548,"SEC::LOW && DPT::DEV && CTR::EN","SEC::MED && DPT::MKG && CTR::EN",same,12,603,178,failure,200,1259992007,6299960.035
covercrypt,classic,089a548,"SEC::LOW && DPT::DEV && CTR::EN","SEC::MED && DPT::MKG && CTR::FR",same,12,603,178,failure,200,1193284776,5966423.880
covercrypt,classic,089a548,"SEC::LOW && DPT::DEV && CTR::EN","SEC::MED && DPT::MKG && CTR::$",same,24,1049,178,failure,200,2312951069,11564755.345
covercrypt,classic,089a548,"SEC::LOW && DPT::DEV && CTR::EN","SEC::MED && DPT::$",different,48,1947,178,success,200,2350288871,11751444.355
covercrypt,classic,089a548,"SEC::LOW && DPT::DEV && CTR::EN","SEC::MED && DPT::$ && CTR::EN",same,24,1049,178,success,200,1322348820,6611744.100
covercrypt,classic,089a548,"SEC::LOW && DPT::DEV && CTR::EN","SEC::MED && DPT::$ && CTR::FR",same,24,1049,178,failure,200,2131192808,10655964.040
covercrypt,classic,089a548,"SEC::LOW && DPT::DEV && CTR::EN","SEC::MED && DPT::$ && CTR::$",same,48,1947,178,success,200,2305896152,11529480.760
covercrypt,classic,089a548,"SEC::LOW && DPT::DEV && CTR::EN","SEC::HIG",different,64,2547,178,success,200,2986424490,14932122.450
covercrypt,classic,089a548,"SEC::LOW && DPT::DEV && CTR::EN","SEC::HIG && CTR::EN",different,32,1347,178,success,200,1657130819,8285654.095
covercrypt,classic,089a548,"SEC::LOW && DPT::DEV && CTR::EN","SEC::HIG && CTR::FR",different,32,1347,178,failure,200,2556556582,12782782.910
covercrypt,classic,089a548,"SEC::LOW && DPT::DEV && CTR::EN","SEC::HIG && CTR::$",different,64,2547,178,success,200,2260612531,11303062.655
covercrypt,classic,089a548,"SEC::LOW && DPT::DEV && CTR::EN","SEC::HIG && DPT::DEV",different,32,1347,178,success,200,1144447796,5722238.980
covercrypt,classic,089a548,"SEC::LOW && DPT::DEV && CTR::EN","SEC::HIG && DPT::DEV && CTR::EN",same,16,751,178,success,200,635160560,3175802.800
covercrypt,classic,089a548,"SEC::LOW && DPT::DEV && CTR::EN","SEC::HIG && DPT::DEV && CTR::FR",same,16,751,178,failure,200,1116739603,5583698.015
covercrypt,classic,089a548,"SEC::LOW && DPT::DEV && CTR::EN","SEC::HIG && DPT::DEV && CTR::$",same,32,1347,178,success,200,955035718,4775178.590
covercrypt,classic,089a548,"SEC::LOW && DPT::DEV && CTR::EN","SEC::HIG && DPT::MKG",different,32,1347,178,failure,200,1697800225,8489001.125
covercrypt,classic,089a548,"SEC::LOW && DPT::DEV && CTR::EN","SEC::HIG && DPT::MKG && CTR::EN",same,16,751,178,failure,200,826283940,4131419.700
covercrypt,classic,089a548,"SEC::LOW && DPT::DEV && CTR::EN","SEC::HIG && DPT::MKG && CTR::FR",same,16,751,178,failure,200,755561123,3777805.615
covercrypt,classic,089a548,"SEC::LOW && DPT::DEV && CTR::EN","SEC::HIG && DPT::MKG && CTR::$",same,32,1347,178,failure,200,1380072325,6900361.625
covercrypt,classic,089a548,"SEC::LOW && DPT::DEV && CTR::EN","SEC::HIG && DPT::$",different,64,2547,178,success,200,1625949332,8129746.660
covercrypt,classic,089a548,"SEC::LOW && DPT::DEV && CTR::EN","SEC::HIG && DPT::$ && CTR::EN",same,32,1347,178,success,200,1371632244,6858161.220
covercrypt,classic,089a548,"SEC::LOW && DPT::DEV && CTR::EN","SEC::HIG && DPT::$ && CTR::FR",same,32,1347,178,failure,200,2540109529,12700547.645
covercrypt,classic,089a548,"SEC::LOW && DPT::DEV && CTR::EN","SEC::HIG && DPT::$ && CTR::$",same,64,2547,178,success,200,2030697059,10153485.295
covercrypt,classic,089a548,"SEC::LOW && DPT::DEV && CTR::EN","SEC::$",different,80,3147,178,success,200,2280075354,11400376.770
covercrypt,classic,089a548,"SEC::LOW && DPT::DEV && CTR::EN","SEC::$ && CTR::EN",different,40,1645,178,success,200,1312502359,6562511.795
covercrypt,classic,089a548,"SEC::LOW && DPT::DEV && CTR::EN","SEC::$ && CTR::FR",different,40,1645,178,failure,200,1915642084,9578210.420
covercrypt,classic,089a548,"SEC::LOW && DPT::DEV && CTR::EN","SEC::$ && CTR::$",different,80,3147,178,success,200,3242437183,16212185.915
covercrypt,classic,089a548,"SEC::LOW && DPT::DEV && CTR::EN","SEC::$ && DPT::DEV",different,40,1645,178,success,200,1794084894,8970424.470
covercrypt,classic,089a548,"SEC::LOW && DPT::DEV && CTR::EN","SEC::$ && DPT::DEV && CTR::EN",same,20,899,178,success,200,888874176,4444370.880
covercrypt,classic,089a548,"SEC::LOW && DPT::DEV && CTR::EN","SEC::$ && DPT::DEV && CTR::FR",same,20,899,178,failure,200,1201240373,6006201.865
covercrypt,classic,089a548,"SEC::LOW && DPT::DEV && CTR::EN","SEC::$ && DPT::DEV && CTR::$",same,40,1645,178,success,200,1668459723,8342298.615
covercrypt,classic,089a548,"SEC::LOW && DPT::DEV && CTR::EN","SEC::$ && DPT::MKG",different,40,1645,178,failure,200,3314577906,16572889.530
covercrypt,classic,089a548,"SEC::LOW && DPT::DEV && CTR::EN","SEC::$ && DPT::MKG && CTR::EN",same,20,899,178,failure,200,1634311021,8171555.105
covercrypt,classic,089a548,"SEC::LOW && DPT::DEV && CTR::EN","SEC::$ && DPT::MKG && CTR::FR",same,20,899,178,failure,200,1745378322,8726891.610
covercrypt,classic,089a548,"SEC::LOW && DPT::DEV && CTR::EN","SEC::$ && DPT::MKG && CTR::$",same,40,1645,178,failure,200,3258973532,16294867.660
covercrypt,classic,089a548,"SEC::LOW && DPT::DEV && CTR::EN","SEC::$ && DPT::$",different,80,3147,178,success,200,2892301048,14461505.240
covercrypt,classic,089a548,"SEC::LOW && DPT::DEV && CTR::EN","SEC::$ && DPT::$ && CTR::EN",same,40,1645,178,success,200,1586583746,7932918.730
covercrypt,classic,089a548,"SEC::LOW && DPT::DEV && CTR::EN","SEC::$ && DPT::$ && CTR::FR",same,40,1645,178,failure,200,2953555350,14767776.750
covercrypt,classic,089a548,"SEC::LOW && DPT::DEV && CTR::EN","SEC::$ && DPT::$ && CTR::$",same,80,3147,178,success,200,2909068036,14545340.180
covercrypt,classic,089a548,"SEC::LOW && DPT::$ && CTR::EN","CTR::EN",different,40,1645,178,success,200,1955929068,9779645.340
covercrypt,classic,089a548,"SEC::LOW && DPT::$ && CTR::EN","CTR::FR",different,40,1645,178,failure,200,3524519061,17622595.305
covercrypt,classic,089a548,"SEC::LOW && DPT::$ && CTR::EN","CTR::$",different,80,3147,178,success,200,3622651469,18113257.345
covercrypt,classic,089a548,"SEC::LOW && DPT::$ && CTR::EN","DPT::DEV",different,40,1645,178,failure,200,2893675666,14468378.330
covercrypt,classic,089a548,"SEC::LOW && DPT::$ && CTR::EN","DPT::DEV && CTR::EN",different,20,899,178,failure,200,1308483424,6542417.120
covercrypt,classic,089a548,"SEC::LOW && DPT::$ && CTR::EN","DPT::DEV && CTR::FR",different,20,899,178,failure,200,1446232894,7231164.470
covercrypt,classic,089a548,"SEC::LOW && DPT::$ && CTR::EN","DPT::DEV && CTR::$",different,40,1645,178,failure,200,3149427820,15747139.100
covercrypt,classic,089a548,"SEC::LOW && DPT::$ && CTR::EN","DPT::MKG",different,40,1645,178,failure,200,3397130852,16985654.260
covercrypt,classic,089a548,"SEC::LOW && DPT::$ && CTR::EN","DPT::MKG && CTR::EN",different,20,899,178,failure,200,1731072362,8655361.810
covercrypt,classic,089a548,"SEC::LOW && DPT::$ && CTR::EN","DPT::MKG && CTR::FR",different,20,899,178,failure,200,1892375562,9461877.810
covercrypt,classic,089a548,"SEC::LOW && DPT::$ && CTR::EN","DPT::MKG && CTR::$",different,40,1645,178,failure,200,2442333970,12211669.850
covercrypt,classic,089a548,"SEC::LOW && DPT::$ && CTR::EN","DPT::$",different,80,3147,178,success,200,2318611036,11593055.180
covercrypt,classic,089a548,"SEC::LOW && DPT::$ && CTR::EN","DPT::$ && CTR::EN",different,40,1645,178,success,200,1102000253,5510001.265
covercrypt,classic,089a548,"SEC::LOW && DPT::$ && CTR::EN","DPT::$ && CTR::FR",different,40,1645,178,failure,200,2057802205,10289011.025
covercrypt,classic,089a548,"SEC::LOW && DPT::$ && CTR::EN","DPT::$ && CTR::$",different,80,3147,178,success,200,3307706955,16538534.775
covercrypt,classic,089a548,"SEC::LOW && DPT::$ && CTR::EN","SEC::LOW",different,32,1347,178,success,200,1042199942,5210999.710
covercrypt,classic,089a548,"SEC::LOW && DPT::$ && CTR::EN","SEC::LOW && CTR::EN",different,16,751,178,success,200,724378113,3621890.565
covercrypt,classic,089a548,"SEC::LOW && DPT::$ && CTR::EN","SEC::LOW && CTR::FR",different,16,751,178,failure,200,980631978,4903159.890
covercrypt,classic,089a548,"SEC::LOW && DPT::$ && CTR::EN","SEC::LOW && CTR::$",different,32,1347,178,success,200,798618966,3993094.830
covercrypt,classic,089a548,"SEC::LOW && DPT::$ && CTR::EN","SEC::LOW && DPT::DEV",different,16,751,178,failure,200,631947122,3159735.610
covercrypt,classic,089a548,"SEC::LOW && DPT::$ && CTR::EN","SEC::LOW && DPT::DEV && CTR::EN",same,8,455,178,failure,200,380975469,1904877.345
covercrypt,classic,089a548,"SEC::LOW && DPT::$ && CTR::EN","SEC::LOW && DPT::DEV && CTR::FR",same,8,455,178,failure,200,535098525,2675492.625
covercrypt,classic,089a548,"SEC::LOW && DPT::$ && CTR::EN","SEC::LOW && DPT::DEV && CTR::$",same,16,751,178,failure,200,1021694979,5108474.895
covercrypt,classic,089a548,"SEC::LOW && DPT::$ && CTR::EN","SEC::LOW && DPT::MKG",different,16,751,178,failure,200,1216944758,6084723.790
covercrypt,classic,089a548,"SEC::LOW && DPT::$ && CTR::EN","SEC::LOW && DPT::MKG && CTR::EN",same,8,455,178,failure,200,659474674,3297373.370
covercrypt,classic,089a548,"SEC::LOW && DPT::$ && CTR::EN","SEC::LOW && DPT::MKG && CTR::FR",same,8,455,178,failure,200,619275227,3096376.135
covercrypt,classic,089a548,"SEC::LOW && DPT::$ && CTR::EN","SEC::LOW && DPT::MKG && CTR::$",same,16,751,178,failure,200,924490585,4622452.925
covercrypt,classic,089a548,"SEC::LOW && DPT::$ && CTR::EN","SEC::LOW && DPT::$",different,32,1347,178,success,200,1179417411,5897087.055
covercrypt,classic,089a548,"SEC::LOW && DPT::$ && CTR::EN","SEC::LOW && DPT::$ && CTR::EN",same,16,751,178,success,200,590133033,2950665.165
covercrypt,classic,089a548,"SEC::LOW && DPT::$ && CTR::EN","SEC::LOW && DPT::$ && CTR::FR",same,16,751,178,failure,200,658836902,3294184.510
covercrypt,classic,089a548,"SEC::LOW && DPT::$ && CTR::EN","SEC::LOW && DPT::$ && CTR::$",same,32,1347,178,success,200,795036741,3975183.705
covercrypt,classic,089a548,"SEC::LOW && DPT::$ && CTR::EN","SEC::MED",different,48,1947,178,success,200,1090748020,5453740.100
covercrypt,classic,089a548,"SEC::LOW && DPT::$ && CTR::EN","SEC::MED && CTR::EN",different,24,1049,178,success,200,629536035,3147680.175
covercrypt,classic,089a548,"SEC::LOW && DPT::$ && CTR::EN","SEC::MED && CTR::FR",different,24,1049,178,failure,200,913962042,4569810.210
covercrypt,classic,089a548,"SEC::LOW && DPT::$ && CTR::EN","SEC::MED && CTR::$",different,48,1947,178,success,200,984662904,4923314.520
covercrypt,classic,089a548,"SEC::LOW && DPT::$ && CTR::EN","SEC::MED && DPT::DEV",different,24,1049,178,failure,200,990997166,4954985.830
covercrypt,classic,089a548,"SEC::LOW && DPT::$ && CTR::EN","SEC::MED && DPT::DEV && CTR::EN",same,12,603,178,failure,200,516413523,2582067.615
covercrypt,classic,089a548,"SEC::LOW && DPT::$ && CTR::EN","SEC::MED && DPT::DEV && CTR::FR",same,12,603,178,failure,200,600398305,3001991.525
covercrypt,classic,089a548,"SEC::LOW && DPT::$ && CTR::EN","SEC::MED && DPT::DEV && CTR::$",same,24,1049,178,failure,200,971963486,4859817.430
covercrypt,classic,089a548,"SEC::LOW && DPT::$ && CTR::EN","SEC::MED && DPT::MKG",different,24,1049,178,failure,200,1156943992,5784719.960
covercrypt,classic,089a548,"SEC::LOW && DPT::$ && CTR::EN","SEC::MED && DPT::MKG && CTR::EN",same,12,603,178,failure,200,1025778863,5128894.315
covercrypt,classic,089a548,"SEC::LOW && DPT::$ && CTR::EN","SEC::MED && DPT::MKG && CTR::FR",same,12,603,178,failure,200,1173042317,5865211.585
covercrypt,classic,089a548,"SEC::LOW && DPT::$ && CTR::EN","SEC::MED && DPT::MKG && CTR::$",same,24,1049,178,failure,200,2140471291,10702356.455
covercrypt,classic,089a548,"SEC::LOW && DPT::$ && CTR::EN","SEC::MED && DPT::$",different,48,1947,178,success,200,2336559819,11682799.095
covercrypt,classic,089a548,"SEC::LOW && DPT::$ && CTR::EN","SEC::MED && DPT::$ && CTR::EN",same,24,1049,178,success,200,1313707747,6568538.735
covercrypt,classic,089a548,"SEC::LOW && DPT::$ && CTR::EN","SEC::MED && DPT::$ && CTR::FR",same,24,1049,178,failure,200,2170697803,10853489.015
covercrypt,classic,089a548,"SEC::LOW && DPT::$ && CTR::EN","SEC::MED && DPT::$ && CTR::$",same,48,1947,178,success,200,2445582410,12227912.050
covercrypt,classic,089a548,"SEC::LOW && DPT::$ && CTR::EN","SEC::HIG",different,64,2547,178,success,200,2942340859,14711704.295
covercrypt,classic,089a548,"SEC::LOW && DPT::$ && CTR::EN","SEC::HIG && CTR::EN",different,32,1347,178,success,200,1574767310,7873836.550
covercrypt,classic,089a548,"SEC::LOW && DPT::$ && CTR::EN","SEC::HIG && CTR::FR",different,32,1347,178,failure,200,2990869982,14954349.910
covercrypt,classic,089a548,"SEC::LOW && DPT::$ && CTR::EN","SEC::HIG && CTR::$",different,64,2547,178,success,200,2883858099,14419290.495
covercrypt,classic,089a548,"SEC::LOW && DPT::$ && CTR::EN","SEC::HIG && DPT::DEV",different,32,1347,178,failure,200,2799406009,13997030.045
covercrypt,classic,089a548,"SEC::LOW && DPT::$ && CTR::EN","SEC::HIG && DPT::DEV && CTR::EN",same,16,751,178,failure,200,1467042108,7335210.540
covercrypt,classic,089a548,"SEC::LOW && DPT::$ && CTR::EN","SEC::HIG && DPT::DEV && CTR::FR",same,16,751,178,failure,200,1449415638,7247078.190
covercrypt,classic,089a548,"SEC::LOW && DPT::$ && CTR::EN","SEC::HIG && DPT::DEV && CTR::$",same,32,1347,178,failure,200,2676217870,13381089.350
covercrypt,classic,089a548,"SEC::LOW && DPT::$ && CTR::EN","SEC::HIG && DPT::MKG",different,32,1347,178,failure,200,2009515748,10047578.740
covercrypt,classic,089a548,"SEC::LOW && DPT::$ && CTR::EN","SEC::HIG && DPT::MKG && CTR::EN",same,16,751,178,failure,200,749392024,3746960.120
covercrypt,classic,089a548,"SEC::LOW && DPT::$ && CTR::EN","SEC::HIG && DPT::MKG && CTR::FR",same,16,751,178,failure,200,782922563,3914612.815
covercrypt,classic,089a548,"SEC::LOW && DPT::$ && CTR::EN","SEC::HIG && DPT::MKG && CTR::$",same,32,1347,178,failure,200,1409973880,7049869.400
covercrypt,classic,089a548,"SEC::LOW && DPT::$ && CTR::EN","SEC::HIG && DPT::$",different,64,2547,178,success,200,1225323191,6126615.955
covercrypt,classic,089a548,"SEC::LOW && DPT::$ && CTR::EN","SEC::HIG && DPT::$ && CTR::EN",same,32,1347,178,success,200,780146432,3900732.160
covercrypt,classic,089a548,"SEC::LOW && DPT::$ && CTR::EN","SEC::HIG && DPT::$ && CTR::FR",same,32,1347,178,failure,200,1436927670,7184638.350
covercrypt,classic,089a548,"SEC::LOW && DPT::$ && CTR::EN","SEC::HIG && DPT::$ && CTR::$",same,64,2547,178,success,200,1808020519,9040102.595
covercrypt,classic,089a548,"SEC::LOW && DPT::$ && CTR::EN","SEC::$",different,80,3147,178,success,200,2721766538,13608832.690
covercrypt,classic,089a548,"SEC::LOW && DPT::$ && CTR::EN","SEC::$ && CTR::EN",different,40,1645,178,success,200,1328670682,6643353.410
covercrypt,classic,089a548,"SEC::LOW && DPT::$ && CTR::EN","SEC::$ && CTR::FR",different,40,1645,178,failure,200,1597237179,7986185.895
covercrypt,classic,089a548,"SEC::LOW && DPT::$ && CTR::EN","SEC::$ && CTR::$",different,80,3147,178,success,200,2111391608,10556958.040
covercrypt,classic,089a548,"SEC::LOW && DPT::$ && CTR::EN","SEC::$ && DPT::DEV",different,40,1645,178,failure,200,2169588563,10847942.815
covercrypt,classic,089a548,"SEC::LOW && DPT::$ && CTR::EN","SEC::$ && DPT::DEV && CTR::EN",same,20,899,178,failure,200,1703767237,8518836.185
covercrypt,classic,089a548,"SEC::LOW && DPT::$ && CTR::EN","SEC::$ && DPT::DEV && CTR::FR",same,20,899,178,failure,200,1457423387,7287116.935
covercrypt,classic,089a548,"SEC::LOW && DPT::$ && CTR::EN","SEC::$ && DPT::DEV && CTR::$",same,40,1645,178,failure,200,2125527265,10627636.325
covercrypt,classic,089a548,"SEC::LOW && DPT::$ && CTR::EN","SEC::$ && DPT::MKG",different,40,1645,178,failure,200,2469067511,12345337.555
covercrypt,classic,089a548,"SEC::LOW && DPT::$ && CTR::EN","SEC::$ && DPT::MKG && CTR::EN",same,20,899,178,failure,200,1762225927,8811129.635
covercrypt,classic,089a548,"SEC::LOW && DPT::$ && CTR::EN","SEC::$ && DPT::MKG && CTR::FR",same,20,899,178,failure,200,1615455087,8077275.435
covercrypt,classic,089a548,"SEC::LOW && DPT::$ && CTR::EN","SEC::$ && DPT::MKG && CTR::$",same,40,1645,178,failure,200,2627281415,13136407.075
covercrypt,classic,089a548,"SEC::LOW && DPT::$ && CTR::EN","SEC::$ && DPT::$",different,80,3147,178,success,200,2279367724,11396838.620
covercrypt,classic,089a548,"SEC::LOW && DPT::$ && CTR::EN","SEC::$ && DPT::$ && CTR::EN",same,40,1645,178,success,200,1475904340,7379521.700
covercrypt,classic,089a548,"SEC::LOW && DPT::$ && CTR::EN","SEC::$ && DPT::$ && CTR::FR",same,40,1645,178,failure,200,2034919137,10174595.685
covercrypt,classic,089a548,"SEC::LOW && DPT::$ && CTR::EN","SEC::$ && DPT::$ && CTR::$",same,80,3147,178,success,200,3182346438,15911732.190
covercrypt,classic,089a548,"SEC::MED && DPT::DEV && CTR::EN","CTR::EN",different,40,1645,178,success,200,1527058330,7635291.650
covercrypt,classic,089a548,"SEC::MED && DPT::DEV && CTR::EN","CTR::FR",different,40,1645,178,failure,200,2616607871,13083039.355
covercrypt,classic,089a548,"SEC::MED && DPT::DEV && CTR::EN","CTR::$",different,80,3147,178,success,200,2500718238,12503591.190
covercrypt,classic,089a548,"SEC::MED && DPT::DEV && CTR::EN","DPT::DEV",different,40,1645,178,success,200,1285738926,6428694.630
covercrypt,classic,089a548,"SEC::MED && DPT::DEV && CTR::EN","DPT::DEV && CTR::EN",different,20,899,178,success,200,921731827,4608659.135
covercrypt,classic,089a548,"SEC::MED && DPT::DEV && CTR::EN","DPT::DEV && CTR::FR",different,20,899,178,failure,200,1021983177,5109915.885
covercrypt,classic,089a548,"SEC::MED && DPT::DEV && CTR::EN","DPT::DEV && CTR::$",different,40,1645,178,success,200,907489464,4537447.320
covercrypt,classic,089a548,"SEC::MED && DPT::DEV && CTR::EN","DPT::MKG",different,40,1645,178,failure,200,1861124227,9305621.135
covercrypt,classic,089a548,"SEC::MED && DPT::DEV && CTR::EN","DPT::MKG && CTR::EN",different,20,899,178,failure,200,999236117,4996180.585
covercrypt,classic,089a548,"SEC::MED && DPT::DEV && CTR::EN","DPT::MKG && CTR::FR",different,20,899,178,failure,200,1216455546,6082277.730
covercrypt,classic,089a548,"SEC::MED && DPT::DEV && CTR::EN","DPT::MKG && CTR::$",different,40,1645,178,failure,200,1665275867,8326379.335
covercrypt,classic,089a548,"SEC::MED && DPT::DEV && CTR::EN","DPT::$",different,80,3147,178,success,200,1748170776,8740853.880
covercrypt,classic,089a548,"SEC::MED && DPT::DEV && CTR::EN","DPT::$ && CTR::EN",different,40,1645,178,success,200,1136269984,5681349.920
covercrypt,classic,089a548,"SEC::MED && DPT::DEV && CTR::EN","DPT::$ && CTR::FR",different,40,1645,178,failure,200,2142742582,10713712.910
covercrypt,classic,089a548,"SEC::MED && DPT::DEV && CTR::EN","DPT::$ && CTR::$",different,80,3147,178,success,200,2081700851,10408504.255
covercrypt,classic,089a548,"SEC::MED && DPT::DEV && CTR::EN","SEC::LOW",different,32,1347,178,failure,200,1536548898,7682744.490
covercrypt,classic,089a548,"SEC::MED && DPT::DEV && CTR::EN","SEC::LOW && CTR::EN",different,16,751,178,failure,200,870805604,4354028.020
covercrypt,classic,089a548,"SEC::MED && DPT::DEV && CTR::EN","SEC::LOW && CTR::FR",different,16,751,178,failure,200,965866654,4829333.270
covercrypt,classic,089a548,"SEC::MED && DPT::DEV && CTR::EN","SEC::LOW && CTR::$",different,32,1347,178,failure,200,1384902059,6924510.295
covercrypt,classic,089a548,"SEC::MED && DPT::DEV && CTR::EN","SEC::LOW && DPT::DEV",different,16,751,178,failure,200,918895593,4594477.965
covercrypt,classic,089a548,"SEC::MED && DPT::DEV && CTR::EN","SEC::LOW && DPT::DEV && CTR::EN",same,8,455,178,failure,200,500244767,2501223.835
covercrypt,classic,089a548,"SEC::MED && DPT::DEV && CTR::EN","SEC::LOW && DPT::DEV && CTR::FR",same,8,455,178,failure,200,464503812,2322519.060
covercrypt,classic,089a548,"SEC::MED && DPT::DEV && CTR::EN","SEC::LOW && DPT::DEV && CTR::$",same,16,751,178,failure,200,730627305,3653136.525
covercrypt,classic,089a548,"SEC::MED && DPT::DEV && CTR::EN","SEC::LOW && DPT::MKG",different,16,751,178,failure,200,1049810769,5249053.845
covercrypt,classic,089a548,"SEC::MED && DPT::DEV && CTR::EN","SEC::LOW && DPT::MKG && CTR::EN",same,8,455,178,failure,200,418090346,2090451.730
covercrypt,classic,089a548,"SEC::MED && DPT::DEV && CTR::EN","SEC::LOW && DPT::MKG && CTR::FR",same,8,455,178,failure,200,331913083,1659565.415
covercrypt,classic,089a548,"SEC::MED && DPT::DEV && CTR::EN","SEC::LOW && DPT::MKG && CTR::$",same,16,751,178,failure,200,932378573,4661892.865
covercrypt,classic,089a548,"SEC::MED && DPT::DEV && CTR::EN","SEC::LOW && DPT::$",different,32,1347,178,failure,200,2076000634,10380003.170
covercrypt,classic,089a548,"SEC::MED && DPT::DEV && CTR::EN","SEC::LOW && DPT::$ && CTR::EN",same,16,751,178,failure,200,680717733,3403588.665
covercrypt,classic,089a548,"SEC::MED && DPT::DEV && CTR::EN","SEC::LOW && DPT::$ && CTR::FR",same,16,751,178,failure,200,624425153,3122125.765
covercrypt,classic,089a548,"SEC::MED && DPT::DEV && CTR::EN","SEC::LOW && DPT::$ && CTR::$",same,32,1347,178,failure,200,1302341401,6511707.005
covercrypt,classic,089a548,"SEC::MED && DPT::DEV && CTR::EN","SEC::MED",different,48,1947,178,success,200,1164662161,5823310.805
covercrypt,classic,089a548,"SEC::MED && DPT::DEV && CTR::EN","SEC::MED && CTR::EN",different,24,1049,178,success,200,627408183,3137040.915
covercrypt,classic,089a548,"SEC::MED && DPT::DEV && CTR::EN","SEC::MED && CTR::FR",different,24,1049,178,failure,200,904791040,4523955.200
covercrypt,classic,089a548,"SEC::MED && DPT::DEV && CTR::EN","SEC::MED && CTR::$",different,48,1947,178,success,200,1111039691,5555198.455
covercrypt,classic,089a548,"SEC::MED && DPT::DEV && CTR::EN","SEC::MED && DPT::DEV",different,24,1049,178,success,200,734796704,3673983.520
covercrypt,classic,089a548,"SEC::MED && DPT::DEV && CTR::EN","SEC::MED && DPT::DEV && CTR::EN",same,12,603,178,success,200,604706743,3023533.715
covercrypt,classic,089a548,"SEC::MED && DPT::DEV && CTR::EN","SEC::MED && DPT::DEV && CTR::FR",same,12,603,178,failure,200,608128013,3040640.065
covercrypt,classic,089a548,"SEC::MED && DPT::DEV && CTR::EN","SEC::MED && DPT::DEV && CTR::$",same,24,1049,178,success,200,1102893303,5514466.515
covercrypt,classic,089a548,"SEC::MED && DPT::DEV && CTR::EN","SEC::MED && DPT::MKG",different,24,1049,178,failure,200,1875104047,9375520.235
covercrypt,classic,089a548,"SEC::MED && DPT::DEV && CTR::EN","SEC::MED && DPT::MKG && CTR::EN",same,12,603,178,failure,200,980924535,4904622.675
covercrypt,classic,089a548,"SEC::MED && DPT::DEV && CTR::EN","SEC::MED && DPT::MKG && CTR::FR",same,12,603,178,failure,200,1138610134,5693050.670
covercrypt,classic,089a548,"SEC::MED && DPT::DEV && CTR::EN","SEC::MED && DPT::MKG && CTR::$",same,24,1049,178,failure,200,1348573705,6742868.525
covercrypt,classic,089a548,"SEC::MED && DPT::DEV && CTR::EN","SEC::MED && DPT::$",different,48,1947,178,success,200,1416206792,7081033.960
covercrypt,classic,089a548,"SEC::MED && DPT::DEV && CTR::EN","SEC::MED && DPT::$ && CTR::EN",same,24,1049,178,success,200,790883293,3954416.465
covercrypt,classic,089a548,"SEC::MED && DPT::DEV && CTR::EN","SEC::MED && DPT::$ && CTR::FR",same,24,1049,178,failure,200,1601913962,8009569.810
covercrypt,classic,089a548,"SEC::MED && DPT::DEV && CTR::EN","SEC::MED && DPT::$ && CTR::$",same,48,1947,178,success,200,1977040666,9885203.330
covercrypt,classic,089a548,"SEC::MED && DPT::DEV && CTR::EN","SEC::HIG",different,64,2547,178,success,200,1434647531,7173237.655
covercrypt,classic,089a548,"SEC::MED && DPT::DEV && CTR::EN","SEC::HIG && CTR::EN",different,32,1347,178,success,200,995165219,4975826.095
covercrypt,classic,089a548,"SEC::MED && DPT::DEV && CTR::EN","SEC::HIG && CTR::FR",different,32,1347,178,failure,200,2031108803,10155544.015
covercrypt,classic,089a548,"SEC::MED && DPT::DEV && CTR::EN","SEC::HIG && CTR::$",different,64,2547,178,success,200,1491126758,7455633.790
covercrypt,classic,089a548,"SEC::MED && DPT::DEV && CTR::EN","SEC::HIG && DPT::DEV",different,32,1347,178,success,200,645748222,3228741.110
covercrypt,classic,089a548,"SEC::MED && DPT::DEV && CTR::EN","SEC::HIG && DPT::DEV && CTR::EN",same,16,751,178,success,200,404969638,2024848.190
covercrypt,classic,089a548,"SEC::MED && DPT::DEV && CTR::EN","SEC::HIG && DPT::DEV && CTR::FR",same,16,751,178,failure,200,613290226,3066451.130
covercrypt,classic,089a548,"SEC::MED && DPT::DEV && CTR::EN","SEC::HIG && DPT::DEV && CTR::$",same,32,1347,178,success,200,664464428,3322322.140
covercrypt,classic,089a548,"SEC::MED && DPT::DEV && CTR::EN","SEC::HIG && DPT::MKG",different,32,1347,178,failure,200,1179377173,5896885.865
covercrypt,classic,089a548,"SEC::MED && DPT::DEV && CTR::EN","SEC::HIG && DPT::MKG && CTR::EN",same,16,751,178,failure,200,911886181,4559430.905
covercrypt,classic,089a548,"SEC::MED && DPT::DEV && CTR::EN","SEC::HIG && DPT::MKG && CTR::FR",same,16,751,178,failure,200,1051538831,5257694.155
covercrypt,classic,089a548,"SEC::MED && DPT::DEV && CTR::EN","SEC::HIG && DPT::MKG && CTR::$",same,32,1347,178,failure,200,1930339833,9651699.165
covercrypt,classic,089a548,"SEC::MED && DPT::DEV && CTR::EN","SEC::HIG && DPT::$",different,64,2547,178,success,200,3170305153,15851525.765
covercrypt,classic,089a548,"SEC::MED && DPT::DEV && CTR::EN","SEC::HIG && DPT::$ && CTR::EN",same,32,1347,178,success,200,1600308864,8001544.320
covercrypt,classic,089a548,"SEC::MED && DPT::DEV && CTR::EN","SEC::HIG && DPT::$ && CTR::FR",same,32,1347,178,failure,200,2147766746,10738833.730
covercrypt,classic,089a548,"SEC::MED && DPT::DEV && CTR::EN","SEC::HIG && DPT::$ && CTR::$",same,64,2547,178,success,200,2824514162,14122570.810
covercrypt,classic,089a548,"SEC::MED && DPT::DEV && CTR::EN","SEC::$",different,80,3147,178,success,200,2397028308,11985141.540
covercrypt,classic,089a548,"SEC::MED && DPT::DEV && CTR::EN","SEC::$ && CTR::EN",different,40,1645,178,success,200,1474493977,7372469.885
covercrypt,classic,089a548,"SEC::MED && DPT::DEV && CTR::EN","SEC::$ && CTR::FR",different,40,1645,178,failure,200,2881853025,14409265.125
covercrypt,classic,089a548,"SEC::MED && DPT::DEV && CTR::EN","SEC::$ && CTR::$",different,80,3147,178,success,200,2684465002,13422325.010
covercrypt,classic,089a548,"SEC::MED && DPT::DEV && CTR::EN","SEC::$ && DPT::DEV",different,40,1645,178,success,200,1427214168,7136070.840
covercrypt,classic,089a548,"SEC::MED && DPT::DEV && CTR::EN","SEC::$ && DPT::DEV && CTR::EN",same,20,899,178,success,200,689998862,3449994.310
covercrypt,classic,089a548,"SEC::MED && DPT::DEV && CTR::EN","SEC::$ && DPT::DEV && CTR::FR",same,20,899,178,failure,200,808225384,4041126.920
covercrypt,classic,089a548,"SEC::MED && DPT::DEV && CTR::EN","SEC::$ && DPT::DEV && CTR::$",same,40,1645,178,success,200,1080051818,5400259.090
covercrypt,classic,089a548,"SEC::MED && DPT::DEV && CTR::EN","SEC::$ && DPT::MKG",different,40,1645,178,failure,200,1301829594,6509147.970
covercrypt,classic,089a548,"SEC::MED && DPT::DEV && CTR::EN","SEC::$ && DPT::MKG && CTR::EN",same,20,899,178,failure,200,647276387,3236381.935
covercrypt,classic,089a548,"SEC::MED && DPT::DEV && CTR::EN","SEC::$ && DPT::MKG && CTR::FR",same,20,899,178,failure,200,626345680,3131728.400
covercrypt,classic,089a548,"SEC::MED && DPT::DEV && CTR::EN","SEC::$ && DPT::MKG && CTR::$",same,40,1645,178,failure,200,1331656835,6658284.175
covercrypt,classic,089a548,"SEC::MED && DPT::DEV && CTR::EN","SEC::$ && DPT::$",different,80,3147,178,success,200,1352956174,6764780.870
covercrypt,classic,089a548,"SEC::MED && DPT::DEV && CTR::EN","SEC::$ && DPT::$ && CTR::EN",same,40,1645,178,success,200,894244402,4471222.010
covercrypt,classic,089a548,"SEC::MED && DPT::DEV && CTR::EN","SEC::$ && DPT::$ && CTR::FR",same,40,1645,178,failure,200,1263912292,6319561.460
covercrypt,classic,089a548,"SEC::MED && DPT::DEV && CTR::EN","SEC::$ && DPT::$ && CTR::$",same,80,3147,178,success,200,2118205063,10591025.315
covercrypt,classic,089a548,"SEC::MED && DPT::$ && CTR::EN","CTR::EN",different,40,1645,178,success,200,1399886207,6999431.035
covercrypt,classic,089a548,"SEC::MED && DPT::$ && CTR::EN","CTR::FR",different,40,1645,178,failure,200,1993986147,9969930.735
covercrypt,classic,089a548,"SEC::MED && DPT::$ && CTR::EN","CTR::$",different,80,3147,178,success,200,1664146288,8320731.440
covercrypt,classic,089a548,"SEC::MED && DPT::$ && CTR::EN","DPT::DEV",different,40,1645,178,failure,200,1337501881,6687509.405
covercrypt,classic,089a548,"SEC::MED && DPT::$ && CTR::EN","DPT::DEV && CTR::EN",different,20,899,178,failure,200,702745734,3513728.670
covercrypt,classic,089a548,"SEC::MED && DPT::$ && CTR::EN","DPT::DEV && CTR::FR",different,20,899,178,failure,200,734956432,3674782.160
covercrypt,classic,089a548,"SEC::MED && DPT::$ && CTR::EN","DPT::DEV && CTR::$",different,40,1645,178,failure,200,1418160587,7090802.935
covercrypt,classic,089a548,"SEC::MED && DPT::$ && CTR::EN","DPT::MKG",different,40,1645,178,failure,200,1607616713,8038083.565
covercrypt,classic,089a548,"SEC::MED && DPT::$ && CTR::EN","DPT::MKG && CTR::EN",different,20,899,178,failure,200,831810771,4159053.855
covercrypt,classic,089a548,"SEC::MED && DPT::$ && CTR::EN","DPT::MKG && CTR::FR",different,20,899,178,failure,200,714379891,3571899.455
covercrypt,classic,089a548,"SEC::MED && DPT::$ && CTR::EN","DPT::MKG && CTR::$",different,40,1645,178,failure,200,2079987415,10399937.075
covercrypt,classic,089a548,"SEC::MED && DPT::$ && CTR::EN","DPT::$",different,80,3147,178,success,200,2898917371,14494586.855
covercrypt,classic,089a548,"SEC::MED && DPT::$ && CTR::EN","DPT::$ && CTR::EN",different,40,1645,178,success,200,1354100625,6770503.125
covercrypt,classic,089a548,"SEC::MED && DPT::$ && CTR::EN","DPT::$ && CTR::FR",different,40,1645,178,failure,200,1902896901,9514484.505
covercrypt,classic,089a548,"SEC::MED && DPT::$ && CTR::EN","DPT::$ && CTR::$",different,80,3147,178,success,200,3684342250,18421711.250
covercrypt,classic,089a548,"SEC::MED && DPT::$ && CTR::EN","SEC::LOW",different,32,1347,178,failure,200,2652786390,13263931.950
covercrypt,classic,089a548,"SEC::MED && DPT::$ && CTR::EN","SEC::LOW && CTR::EN",different,16,751,178,failure,200,1624999706,8124998.530
covercrypt,classic,089a548,"SEC::MED && DPT::$ && CTR::EN","SEC::LOW && CTR::FR",different,16,751,178,failure,200,1524569866,7622849.330
covercrypt,classic,089a548,"SEC::MED && DPT::$ && CTR::EN","SEC::LOW && CTR::$",different,32,1347,178,failure,200,2809483522,14047417.610
covercrypt,classic,089a548,"SEC::MED && DPT::$ && CTR::EN","SEC::LOW && DPT::DEV",different,16,751,178,failure,200,1254627552,6273137.760
covercrypt,classic,089a548,"SEC::MED && DPT::$ && CTR::EN","SEC::LOW && DPT::DEV && CTR::EN",same,8,455,178,failure,200,794588424,3972942.120
covercrypt,classic,089a548,"SEC::MED && DPT::$ && CTR::EN","SEC::LOW && DPT::DEV && CTR::FR",same,8,455,178,failure,200,795623407,3978117.035
covercrypt,classic,089a548,"SEC::MED && DPT::$ && CTR::EN","SEC::LOW && DPT::DEV && CTR::$",same,16,751,178,failure,200,1500085267,7500426.335
covercrypt,classic,089a548,"SEC::MED && DPT::$ && CTR::EN","SEC::LOW && DPT::MKG",different,16,751,178,failure,200,1473716573,7368582.865
covercrypt,classic,089a548,"SEC::MED && DPT::$ && CTR::EN","SEC::LOW && DPT::MKG && CTR::EN",same,8,455,178,failure,200,595530998,2977654.990
covercrypt,classic,089a548,"SEC::MED && DPT::$ && CTR::EN","SEC::LOW && DPT::MKG && CTR::FR",same,8,455,178,failure,200,592729414,2963647.070
covercrypt,classic,089a548,"SEC::MED && DPT::$ && CTR::EN","SEC::LOW && DPT::MKG && CTR::$",same,16,751,178,failure,200,1092856160,5464280.800
covercrypt,classic,089a548,"SEC::MED && DPT::$ && CTR::EN","SEC::LOW && DPT::$",different,32,1347,178,failure,200,2185815014,10929075.070
covercrypt,classic,089a548,"SEC::MED && DPT::$ && CTR::EN","SEC::LOW && DPT::$ && CTR::EN",same,16,751,178,failure,200,777019910,3885099.550
covercrypt,classic,089a548,"SEC::MED && DPT::$ && CTR::EN","SEC::LOW && DPT::$ && CTR::FR",same,16,751,178,failure,200,1163945684,5819728.420
covercrypt,classic,089a548,"SEC::MED && DPT::$ && CTR::EN","SEC::LOW && DPT::$ && CTR::$",same,32,1347,178,failure,200,2096636319,10483181.595
covercrypt,classic,089a548,"SEC::MED && DPT::$ && CTR::EN","SEC::MED",different,48,1947,178,success,200,1055091641,5275458.205
covercrypt,classic,089a548,"SEC::MED && DPT::$ && CTR::EN","SEC::MED && CTR::EN",different,24,1049,178,success,200,547082188,2735410.940
covercrypt,classic,089a548,"SEC::MED && DPT::$ && CTR::EN","SEC::MED && CTR::FR",different,24,1049,178,failure,200,937260637,4686303.185
covercrypt,classic,089a548,"SEC::MED && DPT::$ && CTR::EN","SEC::MED && CTR::$",different,48,1947,178,success,200,1406675208,7033376.040
covercrypt,classic,089a548,"SEC::MED && DPT::$ && CTR::EN","SEC::MED && DPT::DEV",different,24,1049,178,failure,200,792569532,3962847.660
covercrypt,classic,089a548,"SEC::MED && DPT::$ && CTR::EN","SEC::MED && DPT::DEV && CTR::EN",same,12,603,178,failure,200,467278555,2336392.775
covercrypt,classic,089a548,"SEC::MED && DPT::$ && CTR::EN","SEC::MED && DPT::DEV && CTR::FR",same,12,603,178,failure,200,430900377,2154501.885
covercrypt,classic,089a548,"SEC::MED && DPT::$ && CTR::EN","SEC::MED && DPT::DEV && CTR::$",same,24,1049,178,failure,200,843834988,4219174.940
covercrypt,classic,089a548,"SEC::MED && DPT::$ && CTR::EN","SEC::MED && DPT::MKG",different,24,1049,178,failure,200,938729154,4693645.770
covercrypt,classic,089a548,"SEC::MED && DPT::$ && CTR::EN","SEC::MED && DPT::MKG && CTR::EN",same,12,603,178,failure,200,573607703,2868038.515
covercrypt,classic,089a548,"SEC::MED && DPT::$ && CTR::EN","SEC::MED && DPT::MKG && CTR::FR",same,12,603,178,failure,200,573987859,2869939.295
covercrypt,classic,089a548,"SEC::MED && DPT::$ && CTR::EN","SEC::MED && DPT::MKG && CTR::$",same,24,1049,178,failure,200,862456886,4312284.430
covercrypt,classic,089a548,"SEC::MED && DPT::$ && CTR::EN","SEC::MED && DPT::$",different,48,1947,178,success,200,1024265151,5121325.755
covercrypt,classic,089a548,"SEC::MED && DPT::$ && CTR::EN","SEC::MED && DPT::$ && CTR::EN",same,24,1049,178,success,200,797457717,3987288.585
covercrypt,classic,089a548,"SEC::MED && DPT::$ && CTR::EN","SEC::MED && DPT::$ && CTR::FR",same,24,1049,178,failure,200,882082744,4410413.720
covercrypt,classic,089a548,"SEC::MED && DPT::$ && CTR::EN","SEC::MED && DPT::$ && CTR::$",same,48,1947,178,success,200,901720372,4508601.860
covercrypt,classic,089a548,"SEC::MED && DPT::$ && CTR::EN","SEC::HIG",different,64,2547,178,success,200,1794532548,8972662.740
covercrypt,classic,089a548,"SEC::MED && DPT::$ && CTR::EN","SEC::HIG && CTR::EN",different,32,1347,178,success,200,753337389,3766686.945
covercrypt,classic,089a548,"SEC::MED && DPT::$ && CTR::EN","SEC::HIG && CTR::FR",different,32,1347,178,failure,200,1468170993,7340854.965
covercrypt,classic,089a548,"SEC::MED && DPT::$ && CTR::EN","SEC::HIG && CTR::$",different,64,2547,178,success,200,1435096967,7175484.835
covercrypt,classic,089a548,"SEC::MED && DPT::$ && CTR::EN","SEC::HIG && DPT::DEV",different,32,1347,178,failure,200,1088240706,5441203.530
covercrypt,classic,089a548,"SEC::MED && DPT::$ && CTR::EN","SEC::HIG && DPT::DEV && CTR::EN",same,16,751,178,failure,200,633416170,3167080.850
covercrypt,classic,089a548,"SEC::MED && DPT::$ && CTR::EN","SEC::HIG && DPT::DEV && CTR::FR",same,16,751,178,failure,200,509199734,2545998.670
covercrypt,classic,089a548,"SEC::MED && DPT::$ && CTR::EN","SEC::HIG && DPT::DEV && CTR::$",same,32,1347,178,failure,200,1321683893,6608419.465
covercrypt,classic,089a548,"SEC::MED && DPT::$ && CTR::EN","SEC::HIG && DPT::MKG",different,32,1347,178,failure,200,1451554913,7257774.565
covercrypt,classic,089a548,"SEC::MED && DPT::$ && CTR::EN","SEC::HIG && DPT::MKG && CTR::EN",same,16,751,178,failure,200,1020022981,5100114.905
covercrypt,classic,089a548,"SEC::MED && DPT::$ && CTR::EN","SEC::HIG && DPT::MKG && CTR::FR",same,16,751,178,failure,200,1002403301,5012016.505
covercrypt,classic,089a548,"SEC::MED && DPT::$ && CTR::EN","SEC::HIG && DPT::MKG && CTR::$",same,32,1347,178,failure,200,2174267933,10871339.665
covercrypt,classic,089a548,"SEC::MED && DPT::$ && CTR::EN","SEC::HIG && DPT::$",different,64,2547,178,success,200,1709149130,8545745.650
covercrypt,classic,089a548,"SEC::MED && DPT::$ && CTR::EN","SEC::HIG && DPT::$ && CTR::EN",same,32,1347,178,success,200,1224698563,6123492.815
covercrypt,classic,089a548,"SEC::MED && DPT::$ && CTR::EN","SEC::HIG && DPT::$ && CTR::FR",same,32,1347,178,failure,200,1430548419,7152742.095
covercrypt,classic,089a548,"SEC::MED && DPT::$ && CTR::EN","SEC::HIG && DPT::$ && CTR::$",same,64,2547,178,success,200,2696379361,13481896.805
covercrypt,classic,089a548,"SEC::MED && DPT::$ && CTR::EN","SEC::$",different,80,3147,178,success,200,3150365686,15751828.430
covercrypt,classic,089a548,"SEC::MED && DPT::$ && CTR::EN","SEC::$ && CTR::EN",different,40,1645,178,success,200,1528591654,7642958.270
covercrypt,classic,089a548,"SEC::MED && DPT::$ && CTR::EN","SEC::$ && CTR::FR",different,40,1645,178,failure,200,1940876900,9704384.500
covercrypt,classic,089a548,"SEC::MED && DPT::$ && CTR::EN","SEC::$ && CTR::$",different,80,3147,178,success,200,1708710595,8543552.975
covercrypt,classic,089a548,"SEC::MED && DPT::$ && CTR::EN","SEC::$ && DPT::DEV",different,40,1645,178,failure,200,2645880583,13229402.915
covercrypt,classic,089a548,"SEC::MED && DPT::$ && CTR::EN","SEC::$ && DPT::DEV && CTR::EN",same,20,899,178,failure,200,956104559,4780522.795
covercrypt,classic,089a548,"SEC::MED && DPT::$ && CTR::EN","SEC::$ && DPT::DEV && CTR::FR",same,20,899,178,failure,200,675497967,3377489.835
covercrypt,classic,089a548,"SEC::MED && DPT::$ && CTR::EN","SEC::$ && DPT::DEV && CTR::$",same,40,1645,178,failure,200,1039997763,5199988.815
covercrypt,classic,089a548,"SEC::MED && DPT::$ && CTR::EN","SEC::$ && DPT::MKG",different,40,1645,178,failure,200,1356588848,6782944.240
covercrypt,classic,089a548,"SEC::MED && DPT::$ && CTR::EN","SEC::$ && DPT::MKG && CTR::EN",same,20,899,178,failure,200,958980107,4794900.535
covercrypt,classic,089a548,"SEC::MED && DPT::$ && CTR::EN","SEC::$ && DPT::MKG && CTR::FR",same,20,899,178,failure,200,695959284,3479796.420
covercrypt,classic,089a548,"SEC::MED && DPT::$ && CTR::EN","SEC::$ && DPT::MKG && CTR::$",same,40,1645,178,failure,200,1771189770,8855948.850
covercrypt,classic,089a548,"SEC::MED && DPT::$ && CTR::EN","SEC::$ && DPT::$",different,80,3147,178,success,200,1468814542,7344072.710
covercrypt,classic,089a548,"SEC::MED && DPT::$ && CTR::EN","SEC::$ && DPT::$ && CTR::EN",same,40,1645,178,success,200,909573997,4547869.985
covercrypt,classic,089a548,"SEC::MED && DPT::$ && CTR::EN","SEC::$ && DPT::$ && CTR::FR",same,40,1645,178,failure,200,1734747924,8673739.620
covercrypt,classic,089a548,"SEC::MED && DPT::$ && CTR::EN","SEC::$ && DPT::$ && CTR::$",same,80,3147,178,success,200,1913934321,9569671.605
covercrypt,classic,089a548,"SEC::HIG && DPT::DEV && CTR::EN","CTR::EN",different,40,1645,178,success,200,816524230,4082621.150
covercrypt,classic,089a548,"SEC::HIG && DPT::DEV && CTR::EN","CTR::FR",different,40,1645,178,failure,200,1502334282,7511671.410
covercrypt,classic,089a548,"SEC::HIG && DPT::DEV && CTR::EN","CTR::$",different,80,3147,178,success,200,1333616102,6668080.510
covercrypt,classic,089a548,"SEC::HIG && DPT::DEV && CTR::EN","DPT::DEV",different,40,1645,178,success,200,750314411,3751572.055
covercrypt,classic,089a548,"SEC::HIG && DPT::DEV && CTR::EN","DPT::DEV && CTR::EN",different,20,899,178,success,200,645036529,3225182.645
covercrypt,classic,089a548,"SEC::HIG && DPT::DEV && CTR::EN","DPT::DEV && CTR::FR",different,20,899,178,failure,200,733136074,3665680.370
covercrypt,classic,089a548,"SEC::HIG && DPT::DEV && CTR::EN","DPT::DEV && CTR::$",different,40,1645,178,success,200,751640523,3758202.615
covercrypt,classic,089a548,"SEC::HIG && DPT::DEV && CTR::EN","DPT::MKG",different,40,1645,178,failure,200,1094976236,5474881.180
covercrypt,classic,089a548,"SEC::HIG && DPT::DEV && CTR::EN","DPT::MKG && CTR::EN",different,20,899,178,failure,200,677662992,3388314.960
covercrypt,classic,089a548,"SEC::HIG && DPT::DEV && CTR::EN","DPT::MKG && CTR::FR",different,20,899,178,failure,200,681824788,3409123.940
covercrypt,classic,089a548,"SEC::HIG && DPT::DEV && CTR::EN","DPT::MKG && CTR::$",different,40,1645,178,failure,200,1285641989,6428209.945
covercrypt,classic,089a548,"SEC::HIG && DPT::DEV && CTR::EN","DPT::$",different,80,3147,178,success,200,1255887986,6279439.930
covercrypt,classic,089a548,"SEC::HIG && DPT::DEV && CTR::EN","DPT::$ && CTR::EN",different,40,1645,178,success,200,822763627,4113818.135
covercrypt,classic,089a548,"SEC::HIG && DPT::DEV && CTR::EN","DPT::$ && CTR::FR",different,40,1645,178,failure,200,1128486396,5642431.980
covercrypt,classic,089a548,"SEC::HIG && DPT::DEV && CTR::EN","DPT::$ && CTR::$",different,80,3147,178,success,200,1264257171,6321285.855
covercrypt,classic,089a548,"SEC::HIG && DPT::DEV && CTR::EN","SEC::LOW",different,32,1347,178,failure,200,1298216458,6491082.290
covercrypt,classic,089a548,"SEC::HIG && DPT::DEV && CTR::EN","SEC::LOW && CTR::EN",different,16,751,178,failure,200,612458879,3062294.395
covercrypt,classic,089a548,"SEC::HIG && DPT::DEV && CTR::EN","SEC::LOW && CTR::FR",different,16,751,178,failure,200,465881501,2329407.505
covercrypt,classic,089a548,"SEC::HIG && DPT::DEV && CTR::EN","SEC::LOW && CTR::$",different,32,1347,178,failure,200,931345543,4656727.715
covercrypt,classic,089a548,"SEC::HIG && DPT::DEV && CTR::EN","SEC::LOW && DPT::DEV",different,16,751,178,failure,200,455785403,2278927.015
covercrypt,classic,089a548,"SEC::HIG && DPT::DEV && CTR::EN","SEC::LOW && DPT::DEV && CTR::EN",same,8,455,178,failure,200,264130880,1320654.400
covercrypt,classic,089a548,"SEC::HIG && DPT::DEV && CTR::EN","SEC::LOW && DPT::DEV && CTR::FR",same,8,455,178,failure,200,258965255,1294826.275
covercrypt,classic,089a548,"SEC::HIG && DPT::DEV && CTR::EN","SEC::LOW && DPT::DEV && CTR::$",same,16,751,178,failure,200,506851716,2534258.580
covercrypt,classic,089a548,"SEC::HIG && DPT::DEV && CTR::EN","SEC::LOW && DPT::MKG",different,16,751,178,failure,200,472898441,2364492.205
covercrypt,classic,089a548,"SEC::HIG && DPT::DEV && CTR::EN","SEC::LOW && DPT::MKG && CTR::EN",same,8,455,178,failure,200,225055433,1125277.165
covercrypt,classic,089a548,"SEC::HIG && DPT::DEV && CTR::EN","SEC::LOW && DPT::MKG && CTR::FR",same,8,455,178,failure,200,193398533,966992.665
covercrypt,classic,089a548,"SEC::HIG && DPT::DEV && CTR::EN","SEC::LOW && DPT::MKG && CTR::$",same,16,751,178,failure,200,396352220,1981761.100
covercrypt,classic,089a548,"SEC::HIG && DPT::DEV && CTR::EN","SEC::LOW && DPT::$",different,32,1347,178,failure,200,760915954,3804579.770
covercrypt,classic,089a548,"SEC::HIG && DPT::DEV && CTR::EN","SEC::LOW && DPT::$ && CTR::EN",same,16,751,178,failure,200,400553473,2002767.365
covercrypt,classic,089a548,"SEC::HIG && DPT::DEV && CTR::EN","SEC::LOW && DPT::$ && CTR::FR",same,16,751,178,failure,200,455472036,2277360.180
covercrypt,classic,089a548,"SEC::HIG && DPT::DEV && CTR::EN","SEC::LOW && DPT::$ && CTR::$",same,32,1347,178,failure,200,862019486,4310097.430
covercrypt,classic,089a548,"SEC::HIG && DPT::DEV && CTR::EN","SEC::MED",different,48,1947,178,failure,200,1565905012,7829525.060
covercrypt,classic,089a548,"SEC::HIG && DPT::DEV && CTR::EN","SEC::MED && CTR::EN",different,24,1049,178,failure,200,778188162,3890940.810
covercrypt,classic,089a548,"SEC::HIG && DPT::DEV && CTR::EN","SEC::MED && CTR::FR",different,24,1049,178,failure,200,643667939,3218339.695
covercrypt,classic,089a548,"SEC::HIG && DPT::DEV && CTR::EN","SEC::MED && CTR::$",different,48,1947,178,failure,200,1320139318,6600696.590
covercrypt,classic,089a548,"SEC::HIG && DPT::DEV && CTR::EN","SEC::MED && DPT::DEV",different,24,1049,178,failure,200,610511857,3052559.285
covercrypt,classic,089a548,"SEC::HIG && DPT::DEV && CTR::EN","SEC::MED && DPT::DEV && CTR::EN",same,12,603,178,failure,200,324947450,1624737.250
covercrypt,classic,089a548,"SEC::HIG && DPT::DEV && CTR::EN","SEC::MED && DPT::DEV && CTR::FR",same,12,603,178,failure,200,349253657,1746268.285
covercrypt,classic,089a548,"SEC::HIG && DPT::DEV && CTR::EN","SEC::MED && DPT::DEV && CTR::$",same,24,1049,178,failure,200,835675816,4178379.080
covercrypt,classic,089a548,"SEC::HIG && DPT::DEV && CTR::EN","SEC::MED && DPT::MKG",different,24,1049,178,failure,200,735364692,3676823.460
covercrypt,classic,089a548,"SEC::HIG && DPT::DEV && CTR::EN","SEC::MED && DPT::MKG && CTR::EN",same,12,603,178,failure,200,352943231,1764716.155
covercrypt,classic,089a548,"SEC::HIG && DPT::DEV && CTR::EN","SEC::MED && DPT::MKG && CTR::FR",same,12,603,178,failure,200,369682117,1848410.585
covercrypt,classic,089a548,"SEC::HIG && DPT::DEV && CTR::EN","SEC::MED && DPT::MKG && CTR::$",same,24,1049,178,failure,200,737716495,3688582.475
covercrypt,classic,089a548,"SEC::HIG && DPT::DEV && CTR::EN","SEC::MED && DPT::$",different,48,1947,178,failure,200,1260817987,6304089.935
covercrypt,classic,089a548,"SEC::HIG && DPT::DEV && CTR::EN","SEC::MED && DPT::$ && CTR::EN",same,24,1049,178,failure,200,614469113,3072345.565
covercrypt,classic,089a548,"SEC::HIG && DPT::DEV && CTR::EN","SEC::MED && DPT::$ && CTR::FR",same,24,1049,178,failure,200,975798109,4878990.545
covercrypt,classic,089a548,"SEC::HIG && DPT::DEV && CTR::EN","SEC::MED && DPT::$ && CTR::$",same,48,1947,178,failure,200,1460005502,7300027.510
covercrypt,classic,089a548,"SEC::HIG && DPT::DEV && CTR::EN","SEC::HIG",different,64,2547,178,success,200,950397344,4751986.720
covercrypt,classic,089a548,"SEC::HIG && DPT::DEV && CTR::EN","SEC::HIG && CTR::EN",different,32,1347,178,success,200,631841851,3159209.255
covercrypt,classic,089a548,"SEC::HIG && DPT::DEV && CTR::EN","SEC::HIG && CTR::FR",different,32,1347,178,failure,200,792911389,3964556.945
covercrypt,classic,089a548,"SEC::HIG && DPT::DEV && CTR::EN","SEC::HIG && CTR::$",different,64,2547,178,success,200,726579457,3632897.285
covercrypt,classic,089a548,"SEC::HIG && DPT::DEV && CTR::EN","SEC::HIG && DPT::DEV",different,32,1347,178,success,200,469284470,2346422.350
covercrypt,classic,089a548,"SEC::HIG && DPT::DEV && CTR::EN","SEC::HIG && DPT::DEV && CTR::EN",same,16,751,178,success,200,226066547,1130332.735
covercrypt,classic,089a548,"SEC::HIG && DPT::DEV && CTR::EN","SEC::HIG && DPT::DEV && CTR::FR",same,16,751,178,failure,200,340179419,1700897.095
covercrypt,classic,089a548,"SEC::HIG && DPT::DEV && CTR::EN","SEC::HIG && DPT::DEV && CTR::$",same,32,1347,178,success,200,436382706,2181913.530
covercrypt,classic,089a548,"SEC::HIG && DPT::DEV && CTR::EN","SEC::HIG && DPT::MKG",different,32,1347,178,failure,200,663923929,3319619.645
covercrypt,classic,089a548,"SEC::HIG && DPT::DEV && CTR::EN","SEC::HIG && DPT::MKG && CTR::EN",same,16,751,178,failure,200,396561976,1982809.880
covercrypt,classic,089a548,"SEC::HIG && DPT::DEV && CTR::EN","SEC::HIG && DPT::MKG && CTR::FR",same,16,751,178,failure,200,391071162,1955355.810
covercrypt,classic,089a548,"SEC::HIG && DPT::DEV && CTR::EN","SEC::HIG && DPT::MKG && CTR::$",same,32,1347,178,failure,200,643428341,3217141.705
covercrypt,classic,089a548,"SEC::HIG && DPT::DEV && CTR::EN","SEC::HIG && DPT::$",different,64,2547,178,success,200,886466398,4432331.990
covercrypt,classic,089a548,"SEC::HIG && DPT::DEV && CTR::EN","SEC::HIG && DPT::$ && CTR::EN",same,32,1347,178,success,200,432251631,2161258.155
covercrypt,classic,089a548,"SEC::HIG && DPT::DEV && CTR::EN","SEC::HIG && DPT::$ && CTR::FR",same,32,1347,178,failure,200,811975804,4059879.020
covercrypt,classic,089a548,"SEC::HIG && DPT::DEV && CTR::EN","SEC::HIG && DPT::$ && CTR::$",same,64,2547,178,success,200,921745675,4608728.375
covercrypt,classic,089a548,"SEC::HIG && DPT::DEV && CTR::EN","SEC::$",different,80,3147,178,success,200,1234707949,6173539.745
covercrypt,classic,089a548,"SEC::HIG && DPT::DEV && CTR::EN","SEC::$ && CTR::EN",different,40,1645,178,success,200,657909700,3289548.500
covercrypt,classic,089a548,"SEC::HIG && DPT::DEV && CTR::EN","SEC::$ && CTR::FR",different,40,1645,178,failure,200,930479322,4652396.610
covercrypt,classic,089a548,"SEC::HIG && DPT::DEV && CTR::EN","SEC::$ && CTR::$",different,80,3147,178,success,200,1283831910,6419159.550
covercrypt,classic,089a548,"SEC::HIG && DPT::DEV && CTR::EN","SEC::$ && DPT::DEV",different,40,1645,178,success,200,641843339,3209216.695
covercrypt,classic,089a548,"SEC::HIG && DPT::DEV && CTR::EN","SEC::$ && DPT::DEV && CTR::EN",same,20,899,178,success,200,289104942,1445524.710
covercrypt,classic,089a548,"SEC::HIG && DPT::DEV && CTR::EN","SEC::$ && DPT::DEV && CTR::FR",same,20,899,178,failure,200,406823759,2034118.795
covercrypt,classic,089a548,"SEC::HIG && DPT::DEV && CTR::EN","SEC::$ && DPT::DEV && CTR::$",same,40,1645,178,success,200,494911621,2474558.105
covercrypt,classic,089a548,"SEC::HIG && DPT::DEV && CTR::EN","SEC::$ && DPT::MKG",different,40,1645,178,failure,200,868557321,4342786.605
covercrypt,classic,089a548,"SEC::HIG && DPT::DEV && CTR::EN","SEC::$ && DPT::MKG && CTR::EN",same,20,899,178,failure,200,378379427,1891897.135
covercrypt,classic,089a548,"SEC::HIG && DPT::DEV && CTR::EN","SEC::$ && DPT::MKG && CTR::FR",same,20,899,178,failure,200,408555754,2042778.770
covercrypt,classic,089a548,"SEC::HIG && DPT::DEV && CTR::EN","SEC::$ && DPT::MKG && CTR::$",same,40,1645,178,failure,200,928474213,4642371.065
covercrypt,classic,089a548,"SEC::HIG && DPT::DEV && CTR::EN","SEC::$ && DPT::$",different,80,3147,178,success,200,1289061338,6445306.690
covercrypt,classic,089a548,"SEC::HIG && DPT::DEV && CTR::EN","SEC::$ && DPT::$ && CTR::EN",same,40,1645,178,success,200,470702811,2353514.055
covercrypt,classic,089a548,"SEC::HIG && DPT::DEV && CTR::EN","SEC::$ && DPT::$ && CTR::FR",same,40,1645,178,failure,200,797004745,3985023.725
covercrypt,classic,089a548,"SEC::HIG && DPT::DEV && CTR::EN","SEC::$ && DPT::$ && CTR::$",same,80,3147,178,success,200,820118800,4100594.000
covercrypt,classic,089a548,"SEC::HIG && DPT::$ && CTR::EN","CTR::EN",different,40,1645,178,success,200,605727770,3028638.850
covercrypt,classic,089a548,"SEC::HIG && DPT::$ && CTR::EN","CTR::FR",different,40,1645,178,failure,200,1054183260,5270916.300
covercrypt,classic,089a548,"SEC::HIG && DPT::$ && CTR::EN","CTR::$",different,80,3147,178,success,200,1006267592,5031337.960
covercrypt,classic,089a548,"SEC::HIG && DPT::$ && CTR::EN","DPT::DEV",different,40,1645,178,failure,200,1105149910,5525749.550
covercrypt,classic,089a548,"SEC::HIG && DPT::$ && CTR::EN","DPT::DEV && CTR::EN",different,20,899,178,failure,200,488518462,2442592.310
covercrypt,classic,089a548,"SEC::HIG && DPT::$ && CTR::EN","DPT::DEV && CTR::FR",different,20,899,178,failure,200,419705230,2098526.150
covercrypt,classic,089a548,"SEC::HIG && DPT::$ && CTR::EN","DPT::DEV && CTR::$",different,40,1645,178,failure,200,780230552,3901152.760
covercrypt,classic,089a548,"SEC::HIG && DPT::$ && CTR::EN","DPT::MKG",different,40,1645,178,failure,200,924782372,4623911.860
covercrypt,classic,089a548,"SEC::HIG && DPT::$ && CTR::EN","DPT::MKG && CTR::EN",different,20,899,178,failure,200,527838444,2639192.220
covercrypt,classic,089a548,"SEC::HIG && DPT::$ && CTR::EN","DPT::MKG && CTR::FR",different,20,899,178,failure,200,601524228,3007621.140
covercrypt,classic,089a548,"SEC::HIG && DPT::$ && CTR::EN","DPT::MKG && CTR::$",different,40,1645,178,failure,200,1000955166,5004775.830
covercrypt,classic,089a548,"SEC::HIG && DPT::$ && CTR::EN","DPT::$",different,80,3147,178,success,200,1303940811,6519704.055
covercrypt,classic,089a548,"SEC::HIG && DPT::$ && CTR::EN","DPT::$ && CTR::EN",different,40,1645,178,success,200,1370857178,6854285.890
covercrypt,classic,089a548,"SEC::HIG && DPT::$ && CTR::EN","DPT::$ && CTR::FR",different,40,1645,178,failure,200,2184377280,10921886.400
covercrypt,classic,089a548,"SEC::HIG && DPT::$ && CTR::EN","DPT::$ && CTR::$",different,80,3147,178,success,200,1005105570,5025527.850
covercrypt,classic,089a548,"SEC::HIG && DPT::$ && CTR::EN","SEC::LOW",different,32,1347,178,failure,200,809815308,4049076.540
covercrypt,classic,089a548,"SEC::HIG && DPT::$ && CTR::EN","SEC::LOW && CTR::EN",different,16,751,178,failure,200,527509260,2637546.300
covercrypt,classic,089a548,"SEC::HIG && DPT::$ && CTR::EN","SEC::LOW && CTR::FR",different,16,751,178,failure,200,532430793,2662153.965
covercrypt,classic,089a548,"SEC::HIG && DPT::$ && CTR::EN","SEC::LOW && CTR::$",different,32,1347,178,failure,200,1085722764,5428613.820
covercrypt,classic,089a548,"SEC::HIG && DPT::$ && CTR::EN","SEC::LOW && DPT::DEV",different,16,751,178,failure,200,589482739,2947413.695
covercrypt,classic,089a548,"SEC::HIG && DPT::$ && CTR::EN","SEC::LOW && DPT::DEV && CTR::EN",same,8,455,178,failure,200,257204166,1286020.830
covercrypt,classic,089a548,"SEC::HIG && DPT::$ && CTR::EN","SEC::LOW && DPT::DEV && CTR::FR",same,8,455,178,failure,200,270294993,1351474.965
covercrypt,classic,089a548,"SEC::HIG && DPT::$ && CTR::EN","SEC::LOW && DPT::DEV && CTR::$",same,16,751,178,failure,200,410436619,2052183.095
covercrypt,classic,089a548,"SEC::HIG && DPT::$ && CTR::EN","SEC::LOW && DPT::MKG",different,16,751,178,failure,200,637547939,3187739.695
covercrypt,classic,089a548,"SEC::HIG && DPT::$ && CTR::EN","SEC::LOW && DPT::MKG && CTR::EN",same,8,455,178,failure,200,414290492,2071452.460
covercrypt,classic,089a548,"SEC::HIG && DPT::$ && CTR::EN","SEC::LOW && DPT::MKG && CTR::FR",same,8,455,178,failure,200,425804247,2129021.235
covercrypt,classic,089a548,"SEC::HIG && DPT::$ && CTR::EN","SEC::LOW && DPT::MKG && CTR::$",same,16,751,178,failure,200,871931858,4359659.290
covercrypt,classic,089a548,"SEC::HIG && DPT::$ && CTR::EN","SEC::LOW && DPT::$",different,32,1347,178,failure,200,934751939,4673759.695
covercrypt,classic,089a548,"SEC::HIG && DPT::$ && CTR::EN","SEC::LOW && DPT::$ && CTR::EN",same,16,751,178,failure,200,425451461,2127257.305
covercrypt,classic,089a548,"SEC::HIG && DPT::$ && CTR::EN","SEC::LOW && DPT::$ && CTR::FR",same,16,751,178,failure,200,340601552,1703007.760
covercrypt,classic,089a548,"SEC::HIG && DPT::$ && CTR::EN","SEC::LOW && DPT::$ && CTR::$",same,32,1347,178,failure,200,906696170,4533480.850
covercrypt,classic,089a548,"SEC::HIG && DPT::$ && CTR::EN","SEC::MED",different,48,1947,178,failure,200,1900027783,9500138.915
covercrypt,classic,089a548,"SEC::HIG && DPT::$ && CTR::EN","SEC::MED && CTR::EN",different,24,1049,178,failure,200,571462508,2857312.540
covercrypt,classic,089a548,"SEC::HIG && DPT::$ && CTR::EN","SEC::MED && CTR::FR",different,24,1049,178,failure,200,588282041,2941410.205
covercrypt,classic,089a548,"SEC::HIG && DPT::$ && CTR::EN","SEC::MED && CTR::$",different,48,1947,178,failure,200,1213275541,6066377.705
covercrypt,classic,089a548,"SEC::HIG && DPT::$ && CTR::EN","SEC::MED && DPT::DEV",different,24,1049,178,failure,200,639642714,3198213.570
covercrypt,classic,089a548,"SEC::HIG && DPT::$ && CTR::EN","SEC::MED && DPT::DEV && CTR::EN",same,12,603,178,failure,200,398653216,1993266.080
covercrypt,classic,089a548,"SEC::HIG && DPT::$ && CTR::EN","SEC::MED && DPT::DEV && CTR::FR",same,12,603,178,failure,200,445225758,2226128.790
covercrypt,classic,089a548,"SEC::HIG && DPT::$ && CTR::EN","SEC::MED && DPT::DEV && CTR::$",same,24,1049,178,failure,200,559204437,2796022.185
covercrypt,classic,089a548,"SEC::HIG && DPT::$ && CTR::EN","SEC::MED && DPT::MKG",different,24,1049,178,failure,200,609944243,3049721.215
covercrypt,classic,089a548,"SEC::HIG && DPT::$ && CTR::EN","SEC::MED && DPT::MKG && CTR::EN",same,12,603,178,failure,200,366865258,1834326.290
covercrypt,classic,089a548,"SEC::HIG && DPT::$ && CTR::EN","SEC::MED && DPT::MKG && CTR::FR",same,12,603,178,failure,200,372073300,1860366.500
covercrypt,classic,089a548,"SEC::HIG && DPT::$ && CTR::EN","SEC::MED && DPT::MKG && CTR::$",same,24,1049,178,failure,200,677233892,3386169.460
covercrypt,classic,089a548,"SEC::HIG && DPT::$ && CTR::EN","SEC::MED && DPT::$",different,48,1947,178,failure,200,1119322836,5596614.180
covercrypt,classic,089a548,"SEC::HIG && DPT::$ && CTR::EN","SEC::MED && DPT::$ && CTR::EN",same,24,1049,178,failure,200,513590200,2567951.000
covercrypt,classic,089a548,"SEC::HIG && DPT::$ && CTR::EN","SEC::MED && DPT::$ && CTR::FR",same,24,1049,178,failure,200,512139686,2560698.430
covercrypt,classic,089a548,"SEC::HIG && DPT::$ && CTR::EN","SEC::MED && DPT::$ && CTR::$",same,48,1947,178,failure,200,1161679243,5808396.215
covercrypt,classic,089a548,"SEC::HIG && DPT::$ && CTR::EN","SEC::HIG",different,64,2547,178,success,200,897048549,4485242.745
covercrypt,classic,089a548,"SEC::HIG && DPT::$ && CTR::EN","SEC::HIG && CTR::EN",different,32,1347,178,success,200,435117620,2175588.100
covercrypt,classic,089a548,"SEC::HIG && DPT::$ && CTR::EN","SEC::HIG && CTR::FR",different,32,1347,178,failure,200,661017467,3305087.335
covercrypt,classic,089a548,"SEC::HIG && DPT::$ && CTR::EN","SEC::HIG && CTR::$",different,64,2547,178,success,200,791970158,3959850.790
covercrypt,classic,089a548,"SEC::HIG && DPT::$ && CTR::EN","SEC::HIG && DPT::DEV",different,32,1347,178,failure,200,775428230,3877141.150
covercrypt,classic,089a548,"SEC::HIG && DPT::$ && CTR::EN","SEC::HIG && DPT::DEV && CTR::EN",same,16,751,178,failure,200,397520724,1987603.620
covercrypt,classic,089a548,"SEC::HIG && DPT::$ && CTR::EN","SEC::HIG && DPT::DEV && CTR::FR",same,16,751,178,failure,200,406907907,2034539.535
covercrypt,classic,089a548,"SEC::HIG && DPT::$ && CTR::EN","SEC::HIG && DPT::DEV && CTR::$",same,32,1347,178,failure,200,789356431,3946782.155
covercrypt,classic,089a548,"SEC::HIG && DPT::$ && CTR::EN","SEC::HIG && DPT::MKG",different,32,1347,178,failure,200,765003856,3825019.280
covercrypt,classic,089a548,"SEC::HIG && DPT::$ && CTR::EN","SEC::HIG && DPT::MKG && CTR::EN",same,16,751,178,failure,200,375106315,1875531.575
covercrypt,classic,089a548,"SEC::HIG && DPT::$ && CTR::EN","SEC::HIG && DPT::MKG && CTR::FR",same,16,751,178,failure,200,345324573,1726622.865
covercrypt,classic,089a548,"SEC::HIG && DPT::$ && CTR::EN","SEC::HIG && DPT::MKG && CTR::$",same,32,1347,178,failure,200,632770430,3163852.150
covercrypt,classic,089a548,"SEC::HIG && DPT::$ && CTR::EN","SEC::HIG && DPT::$",different,64,2547,178,success,200,757793825,3788969.125
covercrypt,classic,089a548,"SEC::HIG && DPT::$ && CTR::EN","SEC::HIG && DPT::$ && CTR::EN",same,32,1347,178,success,200,480261619,2401308.095
covercrypt,classic,089a548,"SEC::HIG && DPT::$ && CTR::EN","SEC::HIG && DPT::$ && CTR::FR",same,32,1347,178,failure,200,1001606378,5008031.890
covercrypt,classic,089a548,"SEC::HIG && DPT::$ && CTR::EN","SEC::HIG && DPT::$ && CTR::$",same,64,2547,178,success,200,966632125,4833160.625
covercrypt,classic,089a548,"SEC::HIG && DPT::$ && CTR::EN","SEC::$",different,80,3147,178,success,200,1132485539,5662427.695
covercrypt,classic,089a548,"SEC::HIG && DPT::$ && CTR::EN","SEC::$ && CTR::EN",different,40,1645,178,success,200,734126726,3670633.630
covercrypt,classic,089a548,"SEC::HIG && DPT::$ && CTR::EN","SEC::$ && CTR::FR",different,40,1645,178,failure,200,1034413612,5172068.060
covercrypt,classic,089a548,"SEC::HIG && DPT::$ && CTR::EN","SEC::$ && CTR::$",different,80,3147,178,success,200,940568149,4702840.745
covercrypt,classic,089a548,"SEC::HIG && DPT::$ && CTR::EN","SEC::$ && DPT::DEV",different,40,1645,178,failure,200,1205935849,6029679.245
covercrypt,classic,089a548,"SEC::HIG && DPT::$ && CTR::EN","SEC::$ && DPT::DEV && CTR::EN",same,20,899,178,failure,200,537137699,2685688.495
covercrypt,classic,089a548,"SEC::HIG && DPT::$ && CTR::EN","SEC::$ && DPT::DEV && CTR::FR",same,20,899,178,failure,200,505111515,2525557.575
covercrypt,classic,089a548,"SEC::HIG && DPT::$ && CTR::EN","SEC::$ && DPT::DEV && CTR::$",same,40,1645,178,failure,200,893786489,4468932.445
covercrypt,classic,089a548,"SEC::HIG && DPT::$ && CTR::EN","SEC::$ && DPT::MKG",different,40,1645,178,failure,200,954907545,4774537.725
covercrypt,classic,089a548,"SEC::HIG && DPT::$ && CTR::EN","SEC::$ && DPT::MKG && CTR::EN",same,20,899,178,failure,200,535216311,2676081.555
covercrypt,classic,089a548,"SEC::HIG && DPT::$ && CTR::EN","SEC::$ && DPT::MKG && CTR::FR",same,20,899,178,failure,200,438296761,2191483.805
covercrypt,classic,089a548,"SEC::HIG && DPT::$ && CTR::EN","SEC::$ && DPT::MKG && CTR::$",same,40,1645,178,failure,200,863911207,4319556.035
covercrypt,classic,089a548,"SEC::HIG && DPT::$ && CTR::EN","SEC::$ && DPT::$",different,80,3147,178,success,200,1124911209,5624556.045
covercrypt,classic,089a548,"SEC::HIG && DPT::$ && CTR::EN","SEC::$ && DPT::$ && CTR::EN",same,40,1645,178,success,200,529831845,2649159.225
covercrypt,classic,089a548,"SEC::HIG && DPT::$ && CTR::EN","SEC::$ && DPT::$ && CTR::FR",same,40,1645,178,failure,200,800766927,4003834.635
covercrypt,classic,089a548,"SEC::HIG && DPT::$ && CTR::EN","SEC::$ && DPT::$ && CTR::$",same,80,3147,178,success,200,806599155,4032995.775
covercrypt,classic,089a548,"SEC::$ && DPT::DEV && CTR::EN","CTR::EN",different,40,1645,178,success,200,493184713,2465923.565
covercrypt,classic,089a548,"SEC::$ && DPT::DEV && CTR::EN","CTR::FR",different,40,1645,178,failure,200,1120261810,5601309.050
covercrypt,classic,089a548,"SEC::$ && DPT::DEV && CTR::EN","CTR::$",different,80,3147,178,success,200,978507550,4892537.750
covercrypt,classic,089a548,"SEC::$ && DPT::DEV && CTR::EN","DPT::DEV",different,40,1645,178,success,200,539566069,2697830.345
covercrypt,classic,089a548,"SEC::$ && DPT::DEV && CTR::EN","DPT::DEV && CTR::EN",different,20,899,178,success,200,346183255,1730916.275
covercrypt,classic,089a548,"SEC::$ && DPT::DEV && CTR::EN","DPT::DEV && CTR::FR",different,20,899,178,failure,200,927749067,4638745.335
covercrypt,classic,089a548,"SEC::$ && DPT::DEV && CTR::EN","DPT::DEV && CTR::$",different,40,1645,178,success,200,997016959,4985084.795
covercrypt,classic,089a548,"SEC::$ && DPT::DEV && CTR::EN","DPT::MKG",different,40,1645,178,failure,200,931882997,4659414.985
covercrypt,classic,089a548,"SEC::$ && DPT::DEV && CTR::EN","DPT::MKG && CTR::EN",different,20,899,178,failure,200,500530581,2502652.905
covercrypt,classic,089a548,"SEC::$ && DPT::DEV && CTR::EN","DPT::MKG && CTR::FR",different,20,899,178,failure,200,448696568,2243482.840
covercrypt,classic,089a548,"SEC::$ && DPT::DEV && CTR::EN","DPT::MKG && CTR::$",different,40,1645,178,failure,200,849161441,4245807.205
covercrypt,classic,089a548,"SEC::$ && DPT::DEV && CTR::EN","DPT::$",different,80,3147,178,success,200,952606116,4763030.580
covercrypt,classic,089a548,"SEC::$ && DPT::DEV && CTR::EN","DPT::$ && CTR::EN",different,40,1645,178,success,200,804836740,4024183.700
covercrypt,classic,089a548,"SEC::$ && DPT::DEV && CTR::EN","DPT::$ && CTR::FR",different,40,1645,178,failure,200,2629887622,13149438.110
covercrypt,classic,089a548,"SEC::$ && DPT::DEV && CTR::EN","DPT::$ && CTR::$",different,80,3147,178,success,200,2655515382,13277576.910
covercrypt,classic,089a548,"SEC::$ && DPT::DEV && CTR::EN","SEC::LOW",different,32,1347,178,failure,200,1310500315,6552501.575
covercrypt,classic,089a548,"SEC::$ && DPT::DEV && CTR::EN","SEC::LOW && CTR::EN",different,16,751,178,failure,200,646234922,3231174.610
covercrypt,classic,089a548,"SEC::$ && DPT::DEV && CTR::EN","SEC::LOW && CTR::FR",different,16,751,178,failure,200,566384470,2831922.350
covercrypt,classic,089a548,"SEC::$ && DPT::DEV && CTR::EN","SEC::LOW && CTR::$",different,32,1347,178,failure,200,867392749,4336963.745
covercrypt,classic,089a548,"SEC::$ && DPT::DEV && CTR::EN","SEC::LOW && DPT::DEV",different,16,751,178,failure,200,382421135,1912105.675
covercrypt,classic,089a548,"SEC::$ && DPT::DEV && CTR::EN","SEC::LOW && DPT::DEV && CTR::EN",same,8,455,178,failure,200,243547240,1217736.200
covercrypt,classic,089a548,"SEC::$ && DPT::DEV && CTR::EN","SEC::LOW && DPT::DEV && CTR::FR",same,8,455,178,failure,200,270315019,1351575.095
covercrypt,classic,089a548,"SEC::$ && DPT::DEV && CTR::EN","SEC::LOW && DPT::DEV && CTR::$",same,16,751,178,failure,200,522584716,2612923.580
covercrypt,classic,089a548,"SEC::$ && DPT::DEV && CTR::EN","SEC::LOW && DPT::MKG",different,16,751,178,failure,200,459043237,2295216.185
covercrypt,classic,089a548,"SEC::$ && DPT::DEV && CTR::EN","SEC::LOW && DPT::MKG && CTR::EN",same,8,455,178,failure,200,292766690,1463833.450
covercrypt,classic,089a548,"SEC::$ && DPT::DEV && CTR::EN","SEC::LOW && DPT::MKG && CTR::FR",same,8,455,178,failure,200,342287186,1711435.930
covercrypt,classic,089a548,"SEC::$ && DPT::DEV && CTR::EN","SEC::LOW && DPT::MKG && CTR::$",same,16,751,178,failure,200,541956865,2709784.325
covercrypt,classic,089a548,"SEC::$ && DPT::DEV && CTR::EN","SEC::LOW && DPT::$",different,32,1347,178,failure,200,944055891,4720279.455
covercrypt,classic,089a548,"SEC::$ && DPT::DEV && CTR::EN","SEC::LOW && DPT::$ && CTR::EN",same,16,751,178,failure,200,382212723,1911063.615
covercrypt,classic,089a548,"SEC::$ && DPT::DEV && CTR::EN","SEC::LOW && DPT::$ && CTR::FR",same,16,751,178,failure,200,388875245,1944376.225
covercrypt,classic,089a548,"SEC::$ && DPT::DEV && CTR::EN","SEC::LOW && DPT::$ && CTR::$",same,32,1347,178,failure,200,759628956,3798144.780
covercrypt,classic,089a548,"SEC::$ && DPT::DEV && CTR::EN","SEC::MED",different,48,1947,178,failure,200,1493900488,7469502.440
covercrypt,classic,089a548,"SEC::$ && DPT::DEV && CTR::EN","SEC::MED && CTR::EN",different,24,1049,178,failure,200,1329487467,6647437.335
covercrypt,classic,089a548,"SEC::$ && DPT::DEV && CTR::EN","SEC::MED && CTR::FR",different,24,1049,178,failure,200,1225693159,6128465.795
covercrypt,classic,089a548,"SEC::$ && DPT::DEV && CTR::EN","SEC::MED && CTR::$",different,48,1947,178,failure,200,1406551865,7032759.325
covercrypt,classic,089a548,"SEC::$ && DPT::DEV && CTR::EN","SEC::MED && DPT::DEV",different,24,1049,178,failure,200,690875530,3454377.650
covercrypt,classic,089a548,"SEC::$ && DPT::DEV && CTR::EN","SEC::MED && DPT::DEV && CTR::EN",same,12,603,178,failure,200,371955262,1859776.310
covercrypt,classic,089a548,"SEC::$ && DPT::DEV && CTR::EN","SEC::MED && DPT::DEV && CTR::FR",same,12,603,178,failure,200,350926214,1754631.070
covercrypt,classic,089a548,"SEC::$ && DPT::DEV && CTR::EN","SEC::MED && DPT::DEV && CTR::$",same,24,1049,178,failure,200,780675593,3903377.965
covercrypt,classic,089a548,"SEC::$ && DPT::DEV && CTR::EN","SEC::MED && DPT::MKG",different,24,1049,178,failure,200,868492142,4342460.710
covercrypt,classic,089a548,"SEC::$ && DPT::DEV && CTR::EN","SEC::MED && DPT::MKG && CTR::EN",same,12,603,178,failure,200,388587563,1942937.815
covercrypt,classic,089a548,"SEC::$ && DPT::DEV && CTR::EN","SEC::MED && DPT::MKG && CTR::FR",same,12,603,178,failure,200,429800259,2149001.295
covercrypt,classic,089a548,"SEC::$ && DPT::DEV && CTR::EN","SEC::MED && DPT::MKG && CTR::$",same,24,1049,178,failure,200,689153635,3445768.175
covercrypt,classic,089a548,"SEC::$ && DPT::DEV && CTR::EN","SEC::MED && DPT::$",different,48,1947,178,failure,200,1164412336,5822061.680
covercrypt,classic,089a548,"SEC::$ && DPT::DEV && CTR::EN","SEC::MED && DPT::$ && CTR::EN",same,24,1049,178,failure,200,712840809,3564204.045
covercrypt,classic,089a548,"SEC::$ && DPT::DEV && CTR::EN","SEC::MED && DPT::$ && CTR::FR",same,24,1049,178,failure,200,691464900,3457324.500
covercrypt,classic,089a548,"SEC::$ && DPT::DEV && CTR::EN","SEC::MED && DPT::$ && CTR::$",same,48,1947,178,failure,200,1197870163,5989350.815
covercrypt,classic,089a548,"SEC::$ && DPT::DEV && CTR::EN","SEC::HIG",different,64,2547,178,failure,200,2270518481,11352592.405
covercrypt,classic,089a548,"SEC::$ && DPT::DEV && CTR::EN","SEC::HIG && CTR::EN",different,32,1347,178,failure,200,737354134,3686770.670
covercrypt,classic,089a548,"SEC::$ && DPT::DEV && CTR::EN","SEC::HIG && CTR::FR",different,32,1347,178,failure,200,738117930,3690589.650
covercrypt,classic,089a548,"SEC::$ && DPT::DEV && CTR::EN","SEC::HIG && CTR::$",different,64,2547,178,failure,200,1454729894,7273649.470
covercrypt,classic,089a548,"SEC::$ && DPT::DEV && CTR::EN","SEC::HIG && DPT::DEV",different,32,1347,178,failure,200,908602805,4543014.025
covercrypt,classic,089a548,"SEC::$ && DPT::DEV && CTR::EN","SEC::HIG && DPT::DEV && CTR::EN",same,16,751,178,failure,200,534044490,2670222.450
covercrypt,classic,089a548,"SEC::$ && DPT::DEV && CTR::EN","SEC::HIG && DPT::DEV && CTR::FR",same,16,751,178,failure,200,612697616,3063488.080
covercrypt,classic,089a548,"SEC::$ && DPT::DEV && CTR::EN","SEC::HIG && DPT::DEV && CTR::$",same,32,1347,178,failure,200,813662495,4068312.475
covercrypt,classic,089a548,"SEC::$ && DPT::DEV && CTR::EN","SEC::HIG && DPT::MKG",different,32,1347,178,failure,200,800562881,4002814.405
covercrypt,classic,089a548,"SEC::$ && DPT::DEV && CTR::EN","SEC::HIG && DPT::MKG && CTR::EN",same,16,751,178,failure,200,383705611,1918528.055
covercrypt,classic,089a548,"SEC::$ && DPT::DEV && CTR::EN","SEC::HIG && DPT::MKG && CTR::FR",same,16,751,178,failure,200,398516516,1992582.580
covercrypt,classic,089a548,"SEC::$ && DPT::DEV && CTR::EN","SEC::HIG && DPT::MKG && CTR::$",same,32,1347,178,failure,200,781141056,3905705.280
covercrypt,classic,089a548,"SEC::$ && DPT::DEV && CTR::EN","SEC::HIG && DPT::$",different,64,2547,178,failure,200,1444392691,7221963.455
covercrypt,classic,089a548,"SEC::$ && DPT::DEV && CTR::EN","SEC::HIG && DPT::$ && CTR::EN",same,32,1347,178,failure,200,718943013,3594715.065
covercrypt,classic,089a548,"SEC::$ && DPT::DEV && CTR::EN","SEC::HIG && DPT::$ && CTR::FR",same,32,1347,178,failure,200,745658064,3728290.320
covercrypt,classic,089a548,"SEC::$ && DPT::DEV && CTR::EN","SEC::HIG && DPT::$ && CTR::$",same,64,2547,178,failure,200,1450575450,7252877.250
covercrypt,classic,089a548,"SEC::$ && DPT::DEV && CTR::EN","SEC::$",different,80,3147,178,success,200,949686407,4748432.035
covercrypt,classic,089a548,"SEC::$ && DPT::DEV && CTR::EN","SEC::$ && CTR::EN",different,40,1645,178,success,200,561594402,2807972.010
covercrypt,classic,089a548,"SEC::$ && DPT::DEV && CTR::EN","SEC::$ && CTR::FR",different,40,1645,178,failure,200,955990574,4779952.870
covercrypt,classic,089a548,"SEC::$ && DPT::DEV && CTR::EN","SEC::$ && CTR::$",different,80,3147,178,success,200,1000533535,5002667.675
covercrypt,classic,089a548,"SEC::$ && DPT::DEV && CTR::EN","SEC::$ && DPT::DEV",different,40,1645,178,success,200,510588084,2552940.420
covercrypt,classic,089a548,"SEC::$ && DPT::DEV && CTR::EN","SEC::$ && DPT::DEV && CTR::EN",same,20,899,178,success,200,400818076,2004090.380
covercrypt,classic,089a548,"SEC::$ && DPT::DEV && CTR::EN","SEC::$ && DPT::DEV && CTR::FR",same,20,899,178,failure,200,573779090,2868895.450
covercrypt,classic,089a548,"SEC::$ && DPT::DEV && CTR::EN","SEC::$ && DPT::DEV && CTR::$",same,40,1645,178,success,200,620622984,3103114.920
covercrypt,classic,089a548,"SEC::$ && DPT::DEV && CTR::EN","SEC::$ && DPT::MKG",different,40,1645,178,failure,200,1096024398,5480121.990
covercrypt,classic,089a548,"SEC::$ && DPT::DEV && CTR::EN","SEC::$ && DPT::MKG && CTR::EN",same,20,899,178,failure,200,640896451,3204482.255
covercrypt,classic,089a548,"SEC::$ && DPT::DEV && CTR::EN","SEC::$ && DPT::MKG && CTR::FR",same,20,899,178,failure,200,516304688,2581523.440
covercrypt,classic,089a548,"SEC::$ && DPT::DEV && CTR::EN","SEC::$ && DPT::MKG && CTR::$",same,40,1645,178,failure,200,956525677,4782628.385
covercrypt,classic,089a548,"SEC::$ && DPT::DEV && CTR::EN","SEC::$ && DPT::$",different,80,3147,178,success,200,988128699,4940643.495
covercrypt,classic,089a548,"SEC::$ && DPT::DEV && CTR::EN","SEC::$ && DPT::$ && CTR::EN",same,40,1645,178,success,200,612933921,3064669.605
covercrypt,classic,089a548,"SEC::$ && DPT::DEV && CTR::EN","SEC::$ && DPT::$ && CTR::FR",same,40,1645,178,failure,200,1037845857,5189229.285
covercrypt,classic,089a548,"SEC::$ && DPT::DEV && CTR::EN","SEC::$ && DPT::$ && CTR::$",same,80,3147,178,success,200,1152687738,5763438.690
covercrypt,classic,089a548,"SEC::$ && DPT::$ && CTR::EN","CTR::EN",different,40,1645,178,success,200,778828558,3894142.790
covercrypt,classic,089a548,"SEC::$ && DPT::$ && CTR::EN","CTR::FR",different,40,1645,178,failure,200,1635850685,8179253.425
covercrypt,classic,089a548,"SEC::$ && DPT::$ && CTR::EN","CTR::$",different,80,3147,178,success,200,1287803304,6439016.520
covercrypt,classic,089a548,"SEC::$ && DPT::$ && CTR::EN","DPT::DEV",different,40,1645,178,failure,200,1431815042,7159075.210
covercrypt,classic,089a548,"SEC::$ && DPT::$ && CTR::EN","DPT::DEV && CTR::EN",different,20,899,178,failure,200,835633958,4178169.790
covercrypt,classic,089a548,"SEC::$ && DPT::$ && CTR::EN","DPT::DEV && CTR::FR",different,20,899,178,failure,200,639581505,3197907.525
covercrypt,classic,089a548,"SEC::$ && DPT::$ && CTR::EN","DPT::DEV && CTR::$",different,40,1645,178,failure,200,1129737248,5648686.240
covercrypt,classic,089a548,"SEC::$ && DPT::$ && CTR::EN","DPT::MKG",different,40,1645,178,failure,200,1086768364,5433841.820
covercrypt,classic,089a548,"SEC::$ && DPT::$ && CTR::EN","DPT::MKG && CTR::EN",different,20,899,178,failure,200,536844640,2684223.200
covercrypt,classic,089a548,"SEC::$ && DPT::$ && CTR::EN","DPT::MKG && CTR::FR",different,20,899,178,failure,200,626793690,3133968.450
covercrypt,classic,089a548,"SEC::$ && DPT::$ && CTR::EN","DPT::MKG && CTR::$",different,40,1645,178,failure,200,1159101276,5795506.380
covercrypt,classic,089a548,"SEC::$ && DPT::$ && CTR::EN","DPT::$",different,80,3147,178,success,200,1096573647,5482868.235
covercrypt,classic,089a548,"SEC::$ && DPT::$ && CTR::EN","DPT::$ && CTR::EN",different,40,1645,178,success,200,610733464,3053667.320
covercrypt,classic,089a548,"SEC::$ && DPT::$ && CTR::EN","DPT::$ && CTR::FR",different,40,1645,178,failure,200,1322990355,6614951.775
covercrypt,classic,089a548,"SEC::$ && DPT::$ && CTR::EN","DPT::$ && CTR::$",different,80,3147,178,success,200,1304270753,6521353.765
covercrypt,classic,089a548,"SEC::$ && DPT::$ && CTR::EN","SEC::LOW",different,32,1347,178,failure,200,1075503886,5377519.430
covercrypt,classic,089a548,"SEC::$ && DPT::$ && CTR::EN","SEC::LOW && CTR::EN",different,16,751,178,failure,200,673605584,3368027.920
covercrypt,classic,089a548,"SEC::$ && DPT::$ && CTR::EN","SEC::LOW && CTR::FR",different,16,751,178,failure,200,768465733,3842328.665
covercrypt,classic,089a548,"SEC::$ && DPT::$ && CTR::EN","SEC::LOW && CTR::$",different,32,1347,178,failure,200,1182735759,5913678.795
covercrypt,classic,089a548,"SEC::$ && DPT::$ && CTR::EN","SEC::LOW && DPT::DEV",different,16,751,178,failure,200,505767347,2528836.735
covercrypt,classic,089a548,"SEC::$ && DPT::$ && CTR::EN","SEC::LOW && DPT::DEV && CTR::EN",same,8,455,178,failure,200,316336382,1581681.910
covercrypt,classic,089a548,"SEC::$ && DPT::$ && CTR::EN","SEC::LOW && DPT::DEV && CTR::FR",same,8,455,178,failure,200,381245744,1906228.720
covercrypt,classic,089a548,"SEC::$ && DPT::$ && CTR::EN","SEC::LOW && DPT::DEV && CTR::$",same,16,751,178,failure,200,902187269,4510936.345
covercrypt,classic,089a548,"SEC::$ && DPT::$ && CTR::EN","SEC::LOW && DPT::MKG",different,16,751,178,failure,200,686205203,3431026.015
covercrypt,classic,089a548,"SEC::$ && DPT::$ && CTR::EN","SEC::LOW && DPT::MKG && CTR::EN",same,8,455,178,failure,200,375600829,1878004.145
covercrypt,classic,089a548,"SEC::$ && DPT::$ && CTR::EN","SEC::LOW && DPT::MKG && CTR::FR",same,8,455,178,failure,200,475173598,2375867.990
covercrypt,classic,089a548,"SEC::$ && DPT::$ && CTR::EN","SEC::LOW && DPT::MKG && CTR::$",same,16,751,178,failure,200,486224387,2431121.935
covercrypt,classic,089a548,"SEC::$ && DPT::$ && CTR::EN","SEC::LOW && DPT::$",different,32,1347,178,failure,200,1152951374,5764756.870
covercrypt,classic,089a548,"SEC::$ && DPT::$ && CTR::EN","SEC::LOW && DPT::$ && CTR::EN",same,16,751,178,failure,200,552326203,2761631.015
covercrypt,classic,089a548,"SEC::$ && DPT::$ && CTR::EN","SEC::LOW && DPT::$ && CTR::FR",same,16,751,178,failure,200,536583734,2682918.670
covercrypt,classic,089a548,"SEC::$ && DPT::$ && CTR::EN","SEC::LOW && DPT::$ && CTR::$",same,32,1347,178,failure,200,1455345944,7276729.720
covercrypt,classic,089a548,"SEC::$ && DPT::$ && CTR::EN","SEC::MED",different,48,1947,178,failure,200,1689075984,8445379.920
covercrypt,classic,089a548,"SEC::$ && DPT::$ && CTR::EN","SEC::MED && CTR::EN",different,24,1049,178,failure,200,719311544,3596557.720
covercrypt,classic,089a548,"SEC::$ && DPT::$ && CTR::EN","SEC::MED && CTR::FR",different,24,1049,178,failure,200,1116447106,5582235.530
covercrypt,classic,089a548,"SEC::$ && DPT::$ && CTR::EN","SEC::MED && CTR::$",different,48,1947,178,failure,200,3582780108,17913900.540
covercrypt,classic,089a548,"SEC::$ && DPT::$ && CTR::EN","SEC::MED && DPT::DEV",different,24,1049,178,failure,200,1699432717,8497163.585
covercrypt,classic,089a548,"SEC::$ && DPT::$ && CTR::EN","SEC::MED && DPT::DEV && CTR::EN",same,12,603,178,failure,200,561270062,2806350.310
covercrypt,classic,089a548,"SEC::$ && DPT::$ && CTR::EN","SEC::MED && DPT::DEV && CTR::FR",same,12,603,178,failure,200,789149340,3945746.700
covercrypt,classic,089a548,"SEC::$ && DPT::$ && CTR::EN","SEC::MED && DPT::DEV && CTR::$",same,24,1049,178,failure,200,1501864242,7509321.210
covercrypt,classic,089a548,"SEC::$ && DPT::$ && CTR::EN","SEC::MED && DPT::MKG",different,24,1049,178,failure,200,1653406289,8267031.445
covercrypt,classic,089a548,"SEC::$ && DPT::$ && CTR::EN","SEC::MED && DPT::MKG && CTR::EN",same,12,603,178,failure,200,1073800693,5369003.465
covercrypt,classic,089a548,"SEC::$ && DPT::$ && CTR::EN","SEC::MED && DPT::MKG && CTR::FR",same,12,603,178,failure,200,911492764,4557463.820
covercrypt,classic,089a548,"SEC::$ && DPT::$ && CTR::EN","SEC::MED && DPT::MKG && CTR::$",same,24,1049,178,failure,200,1116101202,5580506.010
covercrypt,classic,089a548,"SEC::$ && DPT::$ && CTR::EN","SEC::MED && DPT::$",different,48,1947,178,failure,200,1807402797,9037013.985
covercrypt,classic,089a548,"SEC::$ && DPT::$ && CTR::EN","SEC::MED && DPT::$ && CTR::EN",same,24,1049,178,failure,200,924751789,4623758.945
covercrypt,classic,089a548,"SEC::$ && DPT::$ && CTR::EN","SEC::MED && DPT::$ && CTR::FR",same,24,1049,178,failure,200,976517798,4882588.990
covercrypt,classic,089a548,"SEC::$ && DPT::$ && CTR::EN","SEC::MED && DPT::$ && CTR::$",same,48,1947,178,failure,200,3229630647,16148153.235
covercrypt,classic,089a548,"SEC::$ && DPT::$ && CTR::EN","SEC::HIG",different,64,2547,178,failure,200,3525594051,17627970.255
covercrypt,classic,089a548,"SEC::$ && DPT::$ && CTR::EN","SEC::HIG && CTR::EN",different,32,1347,178,failure,200,1298582926,6492914.630
covercrypt,classic,089a548,"SEC::$ && DPT::$ && CTR::EN","SEC::HIG && CTR::FR",different,32,1347,178,failure,200,1329036462,6645182.310
covercrypt,classic,089a548,"SEC::$ && DPT::$ && CTR::EN","SEC::HIG && CTR::$",different,64,2547,178,failure,200,3116649981,15583249.905
covercrypt,classic,089a548,"SEC::$ && DPT::$ && CTR::EN","SEC::HIG && DPT::DEV",different,32,1347,178,failure,200,1240515798,6202578.990
covercrypt,classic,089a548,"SEC::$ && DPT::$ && CTR::EN","SEC::HIG && DPT::DEV && CTR::EN",same,16,751,178,failure,200,640737825,3203689.125
covercrypt,classic,089a548,"SEC::$ && DPT::$ && CTR::EN","SEC::HIG && DPT::DEV && CTR::FR",same,16,751,178,failure,200,849044712,4245223.560
covercrypt,classic,089a548,"SEC::$ && DPT::$ && CTR::EN","SEC::HIG && DPT::DEV && CTR::$",same,32,1347,178,failure,200,1450823286,7254116.430
covercrypt,classic,089a548,"SEC::$ && DPT::$ && CTR::EN","SEC::HIG && DPT::MKG",different,32,1347,178,failure,200,1572120403,7860602.015
covercrypt,classic,089a548,"SEC::$ && DPT::$ && CTR::EN","SEC::HIG && DPT::MKG && CTR::EN",same,16,751,178,failure,200,777329888,3886649.440
covercrypt,classic,089a548,"SEC::$ && DPT::$ && CTR::EN","SEC::HIG && DPT::MKG && CTR::FR",same,16,751,178,failure,200,683867818,3419339.090
covercrypt,classic,089a548,"SEC::$ && DPT::$ && CTR::EN","SEC::HIG && DPT::MKG && CTR::$",same,32,1347,178,failure,200,1289452408,6447262.040
covercrypt,classic,089a548,"SEC::$ && DPT::$ && CTR::EN","SEC::HIG && DPT::$",different,64,2547,178,failure,200,2133196749,10665983.745
covercrypt,classic,089a548,"SEC::$ && DPT::$ && CTR::EN","SEC::HIG && DPT::$ && CTR::EN",same,32,1347,178,failure,200,1161634233,5808171.165
covercrypt,classic,089a548,"SEC::$ && DPT::$ && CTR::EN","SEC::HIG && DPT::$ && CTR::FR",same,32,1347,178,failure,200,1708864803,8544324.015
covercrypt,classic,089a548,"SEC::$ && DPT::$ && CTR::EN","SEC::HIG && DPT::$ && CTR::$",same,64,2547,178,failure,200,3309149490,16545747.450
covercrypt,classic,089a548,"SEC::$ && DPT::$ && CTR::EN","SEC::$",different,80,3147,178,success,200,1586011238,7930056.190
covercrypt,classic,089a548,"SEC::$ && DPT::$ && CTR::EN","SEC::$ && CTR::EN",different,40,1645,178,success,200,801845294,4009226.470
covercrypt,classic,089a548,"SEC::$ && DPT::$ && CTR::EN","SEC::$ && CTR::FR",different,40,1645,178,failure,200,1054561819,5272809.095
covercrypt,classic,089a548,"SEC::$ && DPT::$ && CTR::EN","SEC::$ && CTR::$",different,80,3147,178,success,200,1372073823,6860369.115
covercrypt,classic,089a548,"SEC::$ && DPT::$ && CTR::EN","SEC::$ && DPT::DEV",different,40,1645,178,failure,200,1395991516,6979957.580
covercrypt,classic,089a548,"SEC::$ && DPT::$ && CTR::EN","SEC::$ && DPT::DEV && CTR::EN",same,20,899,178,failure,200,592728441,2963642.205
covercrypt,classic,089a548,"SEC::$ && DPT::$ && CTR::EN","SEC::$ && DPT::DEV && CTR::FR",same,20,899,178,failure,200,610392743,3051963.715
covercrypt,classic,089a548,"SEC::$ && DPT::$ && CTR::EN","SEC::$ && DPT::DEV && CTR::$",same,40,1645,178,failure,200,1100811620,5504058.100
covercrypt,classic,089a548,"SEC::$ && DPT::$ && CTR::EN","SEC::$ && DPT::MKG",different,40,1645,178,failure,200,1074440793,5372203.965
covercrypt,classic,089a548,"SEC::$ && DPT::$ && CTR::EN","SEC::$ && DPT::MKG && CTR::EN",same,20,899,178,failure,200,625883085,3129415.425
covercrypt,classic,089a548,"SEC::$ && DPT::$ && CTR::EN","SEC::$ && DPT::MKG && CTR::FR",same,20,899,178,failure,200,660591790,3302958.950
covercrypt,classic,089a548,"SEC::$ && DPT::$ && CTR::EN","SEC::$ && DPT::MKG && CTR::$",same,40,1645,178,failure,200,1228833258,6144166.290
covercrypt,classic,089a548,"SEC::$ && DPT::$ && CTR::EN","SEC::$ && DPT::$",different,80,3147,178,success,200,1493502930,7467514.650
covercrypt,classic,089a548,"SEC::$ && DPT::$ && CTR::EN","SEC::$ && DPT::$ && CTR::EN",same,40,1645,178,success,200,1064222646,5321113.230
covercrypt,classic,089a548,"SEC::$ && DPT::$ && CTR::EN","SEC::$ && DPT::$ && CTR::FR",same,40,1645,178,failure,200,1331029452,6655147.260
covercrypt,classic,089a548,"SEC::$ && DPT::$ && CTR::EN","SEC::$ && DPT::$ && CTR::$",same,80,3147,178,success,200,1227461870,6137309.350
covercrypt,classic,089a548,"DPT::DEV && CTR::FR","CTR::EN",different,40,1645,178,failure,200,1881442116,9407210.580
covercrypt,classic,089a548,"DPT::DEV && CTR::FR","CTR::FR",different,40,1645,178,success,200,1565328994,7826644.970
covercrypt,classic,089a548,"DPT::DEV && CTR::FR","CTR::$",different,80,3147,178,success,200,3246651995,16233259.975
covercrypt,classic,089a548,"DPT::DEV && CTR::FR","DPT::DEV",different,40,1645,178,success,200,1903834764,9519173.820
covercrypt,classic,089a548,"DPT::DEV && CTR::FR","DPT::DEV && CTR::EN",different,20,899,178,failure,200,1677872126,8389360.630
covercrypt,classic,089a548,"DPT::DEV && CTR::FR","DPT::DEV && CTR::FR",different,20,899,178,success,200,1190695402,5953477.010
covercrypt,classic,089a548,"DPT::DEV && CTR::FR","DPT::DEV && CTR::$",different,40,1645,178,success,200,1982947128,9914735.640
covercrypt,classic,089a548,"DPT::DEV && CTR::FR","DPT::MKG",different,40,1645,178,failure,200,3646727989,18233639.945
covercrypt,classic,089a548,"DPT::DEV && CTR::FR","DPT::MKG && CTR::EN",different,20,899,178,failure,200,1895300838,9476504.190
covercrypt,classic,089a548,"DPT::DEV && CTR::FR","DPT::MKG && CTR::FR",different,20,899,178,failure,200,1868543663,9342718.315
covercrypt,classic,089a548,"DPT::DEV && CTR::FR","DPT::MKG && CTR::$",different,40,1645,178,failure,200,3565445373,17827226.865
covercrypt,classic,089a548,"DPT::DEV && CTR::FR","DPT::$",different,80,3147,178,success,200,3958859917,19794299.585
covercrypt,classic,089a548,"DPT::DEV && CTR::FR","DPT::$ && CTR::EN",different,40,1645,178,failure,200,3675155625,18375778.125
covercrypt,classic,089a548,"DPT::DEV && CTR::FR","DPT::$ && CTR::FR",different,40,1645,178,success,200,1674994655,8374973.275
covercrypt,classic,089a548,"DPT::DEV && CTR::FR","DPT::$ && CTR::$",different,80,3147,178,success,200,2769801700,13849008.500
covercrypt,classic,089a548,"DPT::DEV && CTR::FR","SEC::LOW",different,32,1347,178,success,200,1107332022,5536660.110
covercrypt,classic,089a548,"DPT::DEV && CTR::FR","SEC::LOW && CTR::EN",different,16,751,178,failure,200,790162618,3950813.090
covercrypt,classic,089a548,"DPT::DEV && CTR::FR","SEC::LOW && CTR::FR",different,16,751,178,success,200,670001621,3350008.105
covercrypt,classic,089a548,"DPT::DEV && CTR::FR","SEC::LOW && CTR::$",different,32,1347,178,success,200,1096416095,5482080.475
covercrypt,classic,089a548,"DPT::DEV && CTR::FR","SEC::LOW && DPT::DEV",different,16,751,178,success,200,722981387,3614906.935
covercrypt,classic,089a548,"DPT::DEV && CTR::FR","SEC::LOW && DPT::DEV && CTR::EN",same,8,455,178,failure,200,683548657,3417743.285
covercrypt,classic,089a548,"DPT::DEV && CTR::FR","SEC::LOW && DPT::DEV && CTR::FR",same,8,455,178,success,200,648861156,3244305.780
covercrypt,classic,089a548,"DPT::DEV && CTR::FR","SEC::LOW && DPT::DEV && CTR::$",same,16,751,178,success,200,819266288,4096331.440
covercrypt,classic,089a548,"DPT::DEV && CTR::FR","SEC::LOW && DPT::MKG",different,16,751,178,failure,200,1003758876,5018794.380
covercrypt,classic,089a548,"DPT::DEV && CTR::FR","SEC::LOW && DPT::MKG && CTR::EN",same,8,455,178,failure,200,626583885,3132919.425
covercrypt,classic,089a548,"DPT::DEV && CTR::FR","SEC::LOW && DPT::MKG && CTR::FR",same,8,455,178,failure,200,735999951,3679999.755
covercrypt,classic,089a548,"DPT::DEV && CTR::FR","SEC::LOW && DPT::MKG && CTR::$",same,16,751,178,failure,200,1221866238,6109331.190
covercrypt,classic,089a548,"DPT::DEV && CTR::FR","SEC::LOW && DPT::$",different,32,1347,178,success,200,1615637510,8078187.550
covercrypt,classic,089a548,"DPT::DEV && CTR::FR","SEC::LOW && DPT::$ && CTR::EN",same,16,751,178,failure,200,1248676325,6243381.625
covercrypt,classic,089a548,"DPT::DEV && CTR::FR","SEC::LOW && DPT::$ && CTR::FR",same,16,751,178,success,200,696279583,3481397.915
covercrypt,classic,089a548,"DPT::DEV && CTR::FR","SEC::LOW && DPT::$ && CTR::$",same,32,1347,178,success,200,1317463815,6587319.075
covercrypt,classic,089a548,"DPT::DEV && CTR::FR","SEC::MED",different,48,1947,178,success,200,1626012888,8130064.440
covercrypt,classic,089a548,"DPT::DEV && CTR::FR","SEC::MED && CTR::EN",different,24,1049,178,failure,200,1207586734,6037933.670
covercrypt,classic,089a548,"DPT::DEV && CTR::FR","SEC::MED && CTR::FR",different,24,1049,178,success,200,596436332,2982181.660
covercrypt,classic,089a548,"DPT::DEV && CTR::FR","SEC::MED && CTR::$",different,48,1947,178,success,200,961481711,4807408.555
covercrypt,classic,089a548,"DPT::DEV && CTR::FR","SEC::MED && DPT::DEV",different,24,1049,178,success,200,554596178,2772980.890
covercrypt,classic,089a548,"DPT::DEV && CTR::FR","SEC::MED && DPT::DEV && CTR::EN",same,12,603,178,failure,200,495482473,2477412.365
covercrypt,classic,089a548,"DPT::DEV && CTR::FR","SEC::MED && DPT::DEV && CTR::FR",same,12,603,178,success,200,385736878,1928684.390
covercrypt,classic,089a548,"DPT::DEV && CTR::FR","SEC::MED && DPT::DEV && CTR::$",same,24,1049,178,success,200,588098993,2940494.965
covercrypt,classic,089a548,"DPT::DEV && CTR::FR","SEC::MED && DPT::MKG",different,24,1049,178,failure,200,1243710875,6218554.375
covercrypt,classic,089a548,"DPT::DEV && CTR::FR","SEC::MED && DPT::MKG && CTR::EN",same,12,603,178,failure,200,482727808,2413639.040
covercrypt,classic,089a548,"DPT::DEV && CTR::FR","SEC::MED && DPT::MKG && CTR::FR",same,12,603,178,failure,200,486485806,2432429.030
covercrypt,classic,089a548,"DPT::DEV && CTR::FR","SEC::MED && DPT::MKG && CTR::$",same,24,1049,178,failure,200,898604306,4493021.530
covercrypt,classic,089a548,"DPT::DEV && CTR::FR","SEC::MED && DPT::$",different,48,1947,178,success,200,901219847,4506099.235
covercrypt,classic,089a548,"DPT::DEV && CTR::FR","SEC::MED && DPT::$ && CTR::EN",same,24,1049,178,failure,200,883694958,4418474.790
covercrypt,classic,089a548,"DPT::DEV && CTR::FR","SEC::MED && DPT::$ && CTR::FR",same,24,1049,178,success,200,545360854,2726804.270
covercrypt,classic,089a548,"DPT::DEV && CTR::FR","SEC::MED && DPT::$ && CTR::$",same,48,1947,178,success,200,1373904276,6869521.380
covercrypt,classic,089a548,"DPT::DEV && CTR::FR","SEC::HIG",different,64,2547,178,success,200,1885106472,9425532.360
covercrypt,classic,089a548,"DPT::DEV && CTR::FR","SEC::HIG && CTR::EN",different,32,1347,178,failure,200,2606393245,13031966.225
covercrypt,classic,089a548,"DPT::DEV && CTR::FR","SEC::HIG && CTR::FR",different,32,1347,178,success,200,1527462061,7637310.305
covercrypt,classic,089a548,"DPT::DEV && CTR::FR","SEC::HIG && CTR::$",different,64,2547,178,success,200,2347113655,11735568.275
covercrypt,classic,089a548,"DPT::DEV && CTR::FR","SEC::HIG && DPT::DEV",different,32,1347,178,success,200,1432717107,7163585.535
covercrypt,classic,089a548,"DPT::DEV && CTR::FR","SEC::HIG && DPT::DEV && CTR::EN",same,16,751,178,failure,200,1392136882,6960684.410
covercrypt,classic,089a548,"DPT::DEV && CTR::FR","SEC::HIG && DPT::DEV && CTR::FR",same,16,751,178,success,200,1020155204,5100776.020
covercrypt,classic,089a548,"DPT::DEV && CTR::FR","SEC::HIG && DPT::DEV && CTR::$",same,32,1347,178,success,200,1452836759,7264183.795
covercrypt,classic,089a548,"DPT::DEV && CTR::FR","SEC::HIG && DPT::MKG",different,32,1347,178,failure,200,2426599003,12132995.015
covercrypt,classic,089a548,"DPT::DEV && CTR::FR","SEC::HIG && DPT::MKG && CTR::EN",same,16,751,178,failure,200,1430240181,7151200.905
covercrypt,classic,089a548,"DPT::DEV && CTR::FR","SEC::HIG && DPT::MKG && CTR::FR",same,16,751,178,failure,200,1454310241,7271551.205
covercrypt,classic,089a548,"DPT::DEV && CTR::FR","SEC::HIG && DPT::MKG && CTR::$",same,32,1347,178,failure,200,2674907699,13374538.495
covercrypt,classic,089a548,"DPT::DEV && CTR::FR","SEC::HIG && DPT::$",different,64,2547,178,success,200,2812578959,14062894.795
covercrypt,classic,089a548,"DPT::DEV && CTR::FR","SEC::HIG && DPT::$ && CTR::EN",same,32,1347,178,failure,200,2745547249,13727736.245
covercrypt,classic,089a548,"DPT::DEV && CTR::FR","SEC::HIG && DPT::$ && CTR::FR",same,32,1347,178,success,200,1487663173,7438315.865
covercrypt,classic,089a548,"DPT::DEV && CTR::FR","SEC::HIG && DPT::$ && CTR::$",same,64,2547,178,success,200,2637341778,13186708.890
covercrypt,classic,089a548,"DPT::DEV && CTR::FR","SEC::$",different,80,3147,178,success,200,3472623425,17363117.125
covercrypt,classic,089a548,"DPT::DEV && CTR::FR","SEC::$ && CTR::EN",different,40,1645,178,failure,200,3694502894,18472514.470
covercrypt,classic,089a548,"DPT::DEV && CTR::FR","SEC::$ && CTR::FR",different,40,1645,178,success,200,2063801536,10319007.680
covercrypt,classic,089a548,"DPT::DEV && CTR::FR","SEC::$ && CTR::$",different,80,3147,178,success,200,3571283717,17856418.585
covercrypt,classic,089a548,"DPT::DEV && CTR::FR","SEC::$ && DPT::DEV",different,40,1645,178,success,200,2114838474,10574192.370
covercrypt,classic,089a548,"DPT::DEV && CTR::FR","SEC::$ && DPT::DEV && CTR::EN",same,20,899,178,failure,200,1924825363,9624126.815
covercrypt,classic,089a548,"DPT::DEV && CTR::FR","SEC::$ && DPT::DEV && CTR::FR",same,20,899,178,success,200,1209978532,6049892.660
covercrypt,classic,089a548,"DPT::DEV && CTR::FR","SEC::$ && DPT::DEV && CTR::$",same,40,1645,178,success,200,1939091701,9695458.505
covercrypt,classic,089a548,"DPT::DEV && CTR::FR","SEC::$ && DPT::MKG",different,40,1645,178,failure,200,3294115529,16470577.645
covercrypt,classic,089a548,"DPT::DEV && CTR::FR","SEC::$ && DPT::MKG && CTR::EN",same,20,899,178,failure,200,1784860730,8924303.650
covercrypt,classic,089a548,"DPT::DEV && CTR::FR","SEC::$ && DPT::MKG && CTR::FR",same,20,899,178,failure,200,1782666218,8913331.090
covercrypt,classic,089a548,"DPT::DEV && CTR::FR","SEC::$ && DPT::MKG && CTR::$",same,40,1645,178,failure,200,3614129757,18070648.785
covercrypt,classic,089a548,"DPT::DEV && CTR::FR","SEC::$ && DPT::$",different,80,3147,178,success,200,3977410823,19887054.115
covercrypt,classic,089a548,"DPT::DEV && CTR::FR","SEC::$ && DPT::$ && CTR::EN",same,40,1645,178,failure,200,3498037267,17490186.335
covercrypt,classic,089a548,"DPT::DEV && CTR::FR","SEC::$ && DPT::$ && CTR::FR",same,40,1645,178,success,200,2239402351,11197011.755
covercrypt,classic,089a548,"DPT::DEV && CTR::FR","SEC::$ && DPT::$ && CTR::$",same,80,3147,178,success,200,3467150755,17335753.775
covercrypt,classic,089a548,"DPT::$ && CTR::FR","CTR::EN",different,40,1645,178,failure,200,3550269748,17751348.740
covercrypt,classic,089a548,"DPT::$ && CTR::FR","CTR::FR",different,40,1645,178,success,200,1961155502,9805777.510
covercrypt,classic,089a548,"DPT::$ && CTR::FR","CTR::$",different,80,3147,178,success,200,3515742249,17578711.245
covercrypt,classic,089a548,"DPT::$ && CTR::FR","DPT::DEV",different,40,1645,178,failure,200,3462621428,17313107.140
covercrypt,classic,089a548,"DPT::$ && CTR::FR","DPT::DEV && CTR::EN",different,20,899,178,failure,200,1860302695,9301513.475
covercrypt,classic,089a548,"DPT::$ && CTR::FR","DPT::DEV && CTR::FR",different,20,899,178,failure,200,1749689716,8748448.580
covercrypt,classic,089a548,"DPT::$ && CTR::FR","DPT::DEV && CTR::$",different,40,1645,178,failure,200,3441605269,17208026.345
covercrypt,classic,089a548,"DPT::$ && CTR::FR","DPT::MKG",different,40,1645,178,failure,200,3389054312,16945271.560
covercrypt,classic,089a548,"DPT::$ && CTR::FR","DPT::MKG && CTR::EN",different,20,899,178,failure,200,1798682090,8993410.450
covercrypt,classic,089a548,"DPT::$ && CTR::FR","DPT::MKG && CTR::FR",different,20,899,178,failure,200,1817542124,9087710.620
covercrypt,classic,089a548,"DPT::$ && CTR::FR","DPT::MKG && CTR::$",different,40,1645,178,failure,200,3625006347,18125031.735
covercrypt,classic,089a548,"DPT::$ && CTR::FR","DPT::$",different,80,3147,178,success,200,3803833697,19019168.485
covercrypt,classic,089a548,"DPT::$ && CTR::FR","DPT::$ && CTR::EN",different,40,1645,178,failure,200,3510709184,17553545.920
covercrypt,classic,089a548,"DPT::$ && CTR::FR","DPT::$ && CTR::FR",different,40,1645,178,success,200,2017874445,10089372.225
covercrypt,classic,089a548,"DPT::$ && CTR::FR","DPT::$ && CTR::$",different,80,3147,178,success,200,3534207665,17671038.325
covercrypt,classic,089a548,"DPT::$ && CTR::FR","SEC::LOW",different,32,1347,178,success,200,1847636229,9238181.145
covercrypt,classic,089a548,"DPT::$ && CTR::FR","SEC::LOW && CTR::EN",different,16,751,178,failure,200,1512535605,7562678.025
covercrypt,classic,089a548,"DPT::$ && CTR::FR","SEC::LOW && CTR::FR",different,16,751,178,success,200,1084730499,5423652.495
covercrypt,classic,089a548,"DPT::$ && CTR::FR","SEC::LOW && CTR::$",different,32,1347,178,success,200,1653856488,8269282.440
covercrypt,classic,089a548,"DPT::$ && CTR::FR","SEC::LOW && DPT::DEV",different,16,751,178,failure,200,1492619853,7463099.265
covercrypt,classic,089a548,"DPT::$ && CTR::FR","SEC::LOW && DPT::DEV && CTR::EN",same,8,455,178,failure,200,858801507,4294007.535
covercrypt,classic,089a548,"DPT::$ && CTR::FR","SEC::LOW && DPT::DEV && CTR::FR",same,8,455,178,failure,200,826295044,4131475.220
covercrypt,classic,089a548,"DPT::$ && CTR::FR","SEC::LOW && DPT::DEV && CTR::$",same,16,751,178,failure,200,1545183465,7725917.325
covercrypt,classic,089a548,"DPT::$ && CTR::FR","SEC::LOW && DPT::MKG",different,16,751,178,failure,200,1574995241,7874976.205
covercrypt,classic,089a548,"DPT::$ && CTR::FR","SEC::LOW && DPT::MKG && CTR::EN",same,8,455,178,failure,200,859640258,4298201.290
covercrypt,classic,089a548,"DPT::$ && CTR::FR","SEC::LOW && DPT::MKG && CTR::FR",same,8,455,178,failure,200,878248226,4391241.130
covercrypt,classic,089a548,"DPT::$ && CTR::FR","SEC::LOW && DPT::MKG && CTR::$",same,16,751,178,failure,200,1590756901,7953784.505
covercrypt,classic,089a548,"DPT::$ && CTR::FR","SEC::LOW && DPT::$",different,32,1347,178,success,200,1570462189,7852310.945
covercrypt,classic,089a548,"DPT::$ && CTR::FR","SEC::LOW && DPT::$ && CTR::EN",same,16,751,178,failure,200,1450045404,7250227.020
covercrypt,classic,089a548,"DPT::$ && CTR::FR","SEC::LOW && DPT::$ && CTR::FR",same,16,751,178,success,200,953207648,4766038.240
covercrypt,classic,089a548,"DPT::$ && CTR::FR","SEC::LOW && DPT::$ && CTR::$",same,32,1347,178,success,200,1543171922,7715859.610
covercrypt,classic,089a548,"DPT::$ && CTR::FR","SEC::MED",different,48,1947,178,success,200,2530010537,12650052.685
covercrypt,classic,089a548,"DPT::$ && CTR::FR","SEC::MED && CTR::EN",different,24,1049,178,failure,200,2190153855,10950769.275
covercrypt,classic,089a548,"DPT::$ && CTR::FR","SEC::MED && CTR::FR",different,24,1049,178,success,200,1385815331,6929076.655
covercrypt,classic,089a548,"DPT::$ && CTR::FR","SEC::MED && CTR::$",different,48,1947,178,success,200,2202577320,11012886.600
covercrypt,classic,089a548,"DPT::$ && CTR::FR","SEC::MED && DPT::DEV",different,24,1049,178,failure,200,2238872606,11194363.030
covercrypt,classic,089a548,"DPT::$ && CTR::FR","SEC::MED && DPT::DEV && CTR::EN",same,12,603,178,failure,200,1158831065,5794155.325
covercrypt,classic,089a548,"DPT::$ && CTR::FR","SEC::MED && DPT::DEV && CTR::FR",same,12,603,178,failure,200,1130297376,5651486.880
covercrypt,classic,089a548,"DPT::$ && CTR::FR","SEC::MED && DPT::DEV && CTR::$",same,24,1049,178,failure,200,2197196216,10985981.080
covercrypt,classic,089a548,"DPT::$ && CTR::FR","SEC::MED && DPT::MKG",different,24,1049,178,failure,200,2162208393,10811041.965
covercrypt,classic,089a548,"DPT::$ && CTR::FR","SEC::MED && DPT::MKG && CTR::EN",same,12,603,178,failure,200,1141569705,5707848.525
covercrypt,classic,089a548,"DPT::$ && CTR::FR","SEC::MED && DPT::MKG && CTR::FR",same,12,603,178,failure,200,1145902594,5729512.970
covercrypt,classic,089a548,"DPT::$ && CTR::FR","SEC::MED && DPT::MKG && CTR::$",same,24,1049,178,failure,200,2210474251,11052371.255
covercrypt,classic,089a548,"DPT::$ && CTR::FR","SEC::MED && DPT::$",different,48,1947,178,success,200,2494021256,12470106.280
covercrypt,classic,089a548,"DPT::$ && CTR::FR","SEC::MED && DPT::$ && CTR::EN",same,24,1049,178,failure,200,2183226075,10916130.375
covercrypt,classic,089a548,"DPT::$ && CTR::FR","SEC::MED && DPT::$ && CTR::FR",same,24,1049,178,success,200,1315223981,6576119.905
covercrypt,classic,089a548,"DPT::$ && CTR::FR","SEC::MED && DPT::$ && CTR::$",same,48,1947,178,success,200,2542609552,12713047.760
covercrypt,classic,089a548,"DPT::$ && CTR::FR","SEC::HIG",different,64,2547,178,success,200,2856609674,14283048.370
covercrypt,classic,089a548,"DPT::$ && CTR::FR","SEC::HIG && CTR::EN",different,32,1347,178,failure,200,2816653487,14083267.435
covercrypt,classic,089a548,"DPT::$ && CTR::FR","SEC::HIG && CTR::FR",different,32,1347,178,success,200,1447732963,7238664.815
covercrypt,classic,089a548,"DPT::$ && CTR::FR","SEC::HIG && CTR::$",different,64,2547,178,success,200,3035188297,15175941.485
covercrypt,classic,089a548,"DPT::$ && CTR::FR","SEC::HIG && DPT::DEV",different,32,1347,178,failure,200,2727753156,13638765.780
covercrypt,classic,089a548,"DPT::$ && CTR::FR","SEC::HIG && DPT::DEV && CTR::EN",same,16,751,178,failure,200,1476159456,7380797.280
covercrypt,classic,089a548,"DPT::$ && CTR::FR","SEC::HIG && DPT::DEV && CTR::FR",same,16,751,178,failure,200,1573835204,7869176.020
covercrypt,classic,089a548,"DPT::$ && CTR::FR","SEC::HIG && DPT::DEV && CTR::$",same,32,1347,178,failure,200,2829804315,14149021.575
covercrypt,classic,089a548,"DPT::$ && CTR::FR","SEC::HIG && DPT::MKG",different,32,1347,178,failure,200,2775886866,13879434.330
covercrypt,classic,089a548,"DPT::$ && CTR::FR","SEC::HIG && DPT::MKG && CTR::EN",same,16,751,178,failure,200,1446542573,7232712.865
covercrypt,classic,089a548,"DPT::$ && CTR::FR","SEC::HIG && DPT::MKG && CTR::FR",same,16,751,178,failure,200,1480969470,7404847.350
covercrypt,classic,089a548,"DPT::$ && CTR::FR","SEC::HIG && DPT::MKG && CTR::$",same,32,1347,178,failure,200,2863998261,14319991.305
covercrypt,classic,089a548,"DPT::$ && CTR::FR","SEC::HIG && DPT::$",different,64,2547,178,success,200,2956695181,14783475.905
covercrypt,classic,089a548,"DPT::$ && CTR::FR","SEC::HIG && DPT::$ && CTR::EN",same,32,1347,178,failure,200,2748571291,13742856.455
covercrypt,classic,089a548,"DPT::$ && CTR::FR","SEC::HIG && DPT::$ && CTR::FR",same,32,1347,178,success,200,1603674561,8018372.805
covercrypt,classic,089a548,"DPT::$ && CTR::FR","SEC::HIG && DPT::$ && CTR::$",same,64,2547,178,success,200,3081837277,15409186.385
covercrypt,classic,089a548,"DPT::$ && CTR::FR","SEC::$",different,80,3147,178,success,200,3704858768,18524293.840
covercrypt,classic,089a548,"DPT::$ && CTR::FR","SEC::$ && CTR::EN",different,40,1645,178,failure,200,3548966109,17744830.545
covercrypt,classic,089a548,"DPT::$ && CTR::FR","SEC::$ && CTR::FR",different,40,1645,178,success,200,2016476578,10082382.890
covercrypt,classic,089a548,"DPT::$ && CTR::FR","SEC::$ && CTR::$",different,80,3147,178,success,200,3758066775,18790333.875
covercrypt,classic,089a548,"DPT::$ && CTR::FR","SEC::$ && DPT::DEV",different,40,1645,178,failure,200,3518047987,17590239.935
covercrypt,classic,089a548,"DPT::$ && CTR::FR","SEC::$ && DPT::DEV && CTR::EN",same,20,899,178,failure,200,1865173066,9325865.330
covercrypt,classic,089a548,"DPT::$ && CTR::FR","SEC::$ && DPT::DEV && CTR::FR",same,20,899,178,failure,200,1938131153,9690655.765
covercrypt,classic,089a548,"DPT::$ && CTR::FR","SEC::$ && DPT::DEV && CTR::$",same,40,1645,178,failure,200,3532541966,17662709.830
covercrypt,classic,089a548,"DPT::$ && CTR::FR","SEC::$ && DPT::MKG",different,40,1645,178,failure,200,3595698906,17978494.530
covercrypt,classic,089a548,"DPT::$ && CTR::FR","SEC::$ && DPT::MKG && CTR::EN",same,20,899,178,failure,200,1890555966,9452779.830
covercrypt,classic,089a548,"DPT::$ && CTR::FR","SEC::$ && DPT::MKG && CTR::FR",same,20,899,178,failure,200,1926425021,9632125.105
covercrypt,classic,089a548,"DPT::$ && CTR::FR","SEC::$ && DPT::MKG && CTR::$",same,40,1645,178,failure,200,3564222860,17821114.300
covercrypt,classic,089a548,"DPT::$ && CTR::FR","SEC::$ && DPT::$",different,80,3147,178,success,200,4084175043,20420875.215
covercrypt,classic,089a548,"DPT::$ && CTR::FR","SEC::$ && DPT::$ && CTR::EN",same,40,1645,178,failure,200,3493574469,17467872.345
covercrypt,classic,089a548,"DPT::$ && CTR::FR","SEC::$ && DPT::$ && CTR::FR",same,40,1645,178,success,200,2037435144,10187175.720
covercrypt,classic,089a548,"DPT::$ && CTR::FR","SEC::$ && DPT::$ && CTR::$",same,80,3147,178,success,200,3737410317,18687051.585
covercrypt,classic,089a548,"SEC::LOW && DPT::DEV && CTR::FR","CTR::EN",different,40,1645,178,failure,200,3620675026,18103375.130
covercrypt,classic,089a548,"SEC::LOW && DPT::DEV && CTR::FR","CTR::FR",different,40,1645,178,success,200,2083383443,10416917.215
covercrypt,classic,089a548,"SEC::LOW && DPT::DEV && CTR::FR","CTR::$",different,80,3147,178,success,200,3708182853,18540914.265
covercrypt,classic,089a548,"SEC::LOW && DPT::DEV && CTR::FR","DPT::DEV",different,40,1645,178,success,200,2092202529,10461012.645
covercrypt,classic,089a548,"SEC::LOW && DPT::DEV && CTR::FR","DPT::DEV && CTR::EN",different,20,899,178,failure,200,1904330281,9521651.405
covercrypt,classic,089a548,"SEC::LOW && DPT::DEV && CTR::FR","DPT::DEV && CTR::FR",different,20,899,178,success,200,1158542455,5792712.275
covercrypt,classic,089a548,"SEC::LOW && DPT::DEV && CTR::FR","DPT::DEV && CTR::$",different,40,1645,178,success,200,1876737154,9383685.770
covercrypt,classic,089a548,"SEC::LOW && DPT::DEV && CTR::FR","DPT::MKG",different,40,1645,178,failure,200,3686831205,18434156.025
covercrypt,classic,089a548,"SEC::LOW && DPT::DEV && CTR::FR","DPT::MKG && CTR::EN",different,20,899,178,failure,200,1875992767,9379963.835
covercrypt,classic,089a548,"SEC::LOW && DPT::DEV && CTR::FR","DPT::MKG && CTR::FR",different,20,899,178,failure,200,1875581437,9377907.185
covercrypt,classic,089a548,"SEC::LOW && DPT::DEV && CTR::FR","DPT::MKG && CTR::$",different,40,1645,178,failure,200,3435452208,17177261.040
covercrypt,classic,089a548,"SEC::LOW && DPT::DEV && CTR::FR","DPT::$",different,80,3147,178,success,200,3743770620,18718853.100
covercrypt,classic,089a548,"SEC::LOW && DPT::DEV && CTR::FR","DPT::$ && CTR::EN",different,40,1645,178,failure,200,3558518722,17792593.610
covercrypt,classic,089a548,"SEC::LOW && DPT::DEV && CTR::FR","DPT::$ && CTR::FR",different,40,1645,178,success,200,2255526686,11277633.430
covercrypt,classic,089a548,"SEC::LOW && DPT::DEV && CTR::FR","DPT::$ && CTR::$",different,80,3147,178,success,200,3531096918,17655484.590
covercrypt,classic,089a548,"SEC::LOW && DPT::DEV && CTR::FR","SEC::LOW",different,32,1347,178,success,200,1750648332,8753241.660
covercrypt,classic,089a548,"SEC::LOW && DPT::DEV && CTR::FR","SEC::LOW && CTR::EN",different,16,751,178,failure,200,1555115692,7775578.460
covercrypt,classic,089a548,"SEC::LOW && DPT::DEV && CTR::FR","SEC::LOW && CTR::FR",different,16,751,178,success,200,985339960,4926699.800
covercrypt,classic,089a548,"SEC::LOW && DPT::DEV && CTR::FR","SEC::LOW && CTR::$",different,32,1347,178,success,200,1657505608,8287528.040
covercrypt,classic,089a548,"SEC::LOW && DPT::DEV && CTR::FR","SEC::LOW && DPT::DEV",different,16,751,178,success,200,936953398,4684766.990
covercrypt,classic,089a548,"SEC::LOW && DPT::DEV && CTR::FR","SEC::LOW && DPT::DEV && CTR::EN",same,8,455,178,failure,200,793032861,3965164.305
covercrypt,classic,089a548,"SEC::LOW && DPT::DEV && CTR::FR","SEC::LOW && DPT::DEV && CTR::FR",same,8,455,178,success,200,697049569,3485247.845
covercrypt,classic,089a548,"SEC::LOW && DPT::DEV && CTR::FR","SEC::LOW && DPT::DEV && CTR::$",same,16,751,178,success,200,997354483,4986772.415
covercrypt,classic,089a548,"SEC::LOW && DPT::DEV && CTR::FR","SEC::LOW && DPT::MKG",different,16,751,178,failure,200,1445175014,7225875.070
covercrypt,classic,089a548,"SEC::LOW && DPT::DEV && CTR::FR","SEC::LOW && DPT::MKG && CTR::EN",same,8,455,178,failure,200,779256260,3896281.300
covercrypt,classic,089a548,"SEC::LOW && DPT::DEV && CTR::FR","SEC::LOW && DPT::MKG && CTR::FR",same,8,455,178,failure,200,826619660,4133098.300
covercrypt,classic,089a548,"SEC::LOW && DPT::DEV && CTR::FR","SEC::LOW && DPT::MKG && CTR::$",same,16,751,178,failure,200,1447179235,7235896.175
covercrypt,classic,089a548,"SEC::LOW && DPT::DEV && CTR::FR","SEC::LOW && DPT::$",different,32,1347,178,success,200,1715364263,8576821.315
covercrypt,classic,089a548,"SEC::LOW && DPT::DEV && CTR::FR","SEC::LOW && DPT::$ && CTR::EN",same,16,751,178,failure,200,1477501105,7387505.525
covercrypt,classic,089a548,"SEC::LOW && DPT::DEV && CTR::FR","SEC::LOW && DPT::$ && CTR::FR",same,16,751,178,success,200,1001287498,5006437.490
covercrypt,classic,089a548,"SEC::LOW && DPT::DEV && CTR::FR","SEC::LOW && DPT::$ && CTR::$",same,32,1347,178,success,200,1636790414,8183952.070
covercrypt,classic,089a548,"SEC::LOW && DPT::DEV && CTR::FR","SEC::MED",different,48,1947,178,success,200,2399777406,11998887.030
covercrypt,classic,089a548,"SEC::LOW && DPT::DEV && CTR::FR","SEC::MED && CTR::EN",different,24,1049,178,failure,200,2271132790,11355663.950
covercrypt,classic,089a548,"SEC::LOW && DPT::DEV && CTR::FR","SEC::MED && CTR::FR",different,24,1049,178,success,200,1478773300,7393866.500
covercrypt,classic,089a548,"SEC::LOW && DPT::DEV && CTR::FR","SEC::MED && CTR::$",different,48,1947,178,success,200,2718818923,13594094.615
covercrypt,classic,089a548,"SEC::LOW && DPT::DEV && CTR::FR","SEC::MED && DPT::DEV",different,24,1049,178,success,200,1448695147,7243475.735
covercrypt,classic,089a548,"SEC::LOW && DPT::DEV && CTR::FR","SEC::MED && DPT::DEV && CTR::EN",same,12,603,178,failure,200,1207103602,6035518.010
covercrypt,classic,089a548,"SEC::LOW && DPT::DEV && CTR::FR","SEC::MED && DPT::DEV && CTR::FR",same,12,603,178,success,200,860568169,4302840.845
covercrypt,classic,089a548,"SEC::LOW && DPT::DEV && CTR::FR","SEC::MED && DPT::DEV && CTR::$",same,24,1049,178,success,200,1393999596,6969997.980
covercrypt,classic,089a548,"SEC::LOW && DPT::DEV && CTR::FR","SEC::MED && DPT::MKG",different,24,1049,178,failure,200,2291560980,11457804.900
covercrypt,classic,089a548,"SEC::LOW && DPT::DEV && CTR::FR","SEC::MED && DPT::MKG && CTR::EN",same,12,603,178,failure,200,1192942070,5964710.350
covercrypt,classic,089a548,"SEC::LOW && DPT::DEV && CTR::FR","SEC::MED && DPT::MKG && CTR::FR",same,12,603,178,failure,200,1256347531,6281737.655
covercrypt,classic,089a548,"SEC::LOW && DPT::DEV && CTR::FR","SEC::MED && DPT::MKG && CTR::$",same,24,1049,178,failure,200,2241348274,11206741.370
covercrypt,classic,089a548,"SEC::LOW && DPT::DEV && CTR::FR","SEC::MED && DPT::$",different,48,1947,178,success,200,2316250633,11581253.165
covercrypt,classic,089a548,"SEC::LOW && DPT::DEV && CTR::FR","SEC::MED && DPT::$ && CTR::EN",same,24,1049,178,failure,200,2111960440,10559802.200
covercrypt,classic,089a548,"SEC::LOW && DPT::DEV && CTR::FR","SEC::MED && DPT::$ && CTR::FR",same,24,1049,178,success,200,1383114710,6915573.550
covercrypt,classic,089a548,"SEC::LOW && DPT::DEV && CTR::FR","SEC::MED && DPT::$ && CTR::$",same,48,1947,178,success,200,2445387072,12226935.360
covercrypt,classic,089a548,"SEC::LOW && DPT::DEV && CTR::FR","SEC::HIG",different,64,2547,178,success,200,3327575722,16637878.610
covercrypt,classic,089a548,"SEC::LOW && DPT::DEV && CTR::FR","SEC::HIG && CTR::EN",different,32,1347,178,failure,200,2942455260,14712276.300
covercrypt,classic,089a548,"SEC::LOW && DPT::DEV && CTR::FR","SEC::HIG && CTR::FR",different,32,1347,178,success,200,1682177344,8410886.720
covercrypt,classic,089a548,"SEC::LOW && DPT::DEV && CTR::FR","SEC::HIG && CTR::$",different,64,2547,178,success,200,2498587758,12492938.790
covercrypt,classic,089a548,"SEC::LOW && DPT::DEV && CTR::FR","SEC::HIG && DPT::DEV",different,32,1347,178,success,200,1276035117,6380175.585
covercrypt,classic,089a548,"SEC::LOW && DPT::DEV && CTR::FR","SEC::HIG && DPT::DEV && CTR::EN",same,16,751,178,failure,200,1099230103,5496150.515
covercrypt,classic,089a548,"SEC::LOW && DPT::DEV && CTR::FR","SEC::HIG && DPT::DEV && CTR::FR",same,16,751,178,success,200,641634246,3208171.230
covercrypt,classic,089a548,"SEC::LOW && DPT::DEV && CTR::FR","SEC::HIG && DPT::DEV && CTR::$",same,32,1347,178,success,200,1189830037,5949150.185
covercrypt,classic,089a548,"SEC::LOW && DPT::DEV && CTR::FR","SEC::HIG && DPT::MKG",different,32,1347,178,failure,200,1832556263,9162781.315
covercrypt,classic,089a548,"SEC::LOW && DPT::DEV && CTR::FR","SEC::HIG && DPT::MKG && CTR::EN",same,16,751,178,failure,200,939321043,4696605.215
covercrypt,classic,089a548,"SEC::LOW && DPT::DEV && CTR::FR","SEC::HIG && DPT::MKG && CTR::FR",same,16,751,178,failure,200,860567136,4302835.680
covercrypt,classic,089a548,"SEC::LOW && DPT::DEV && CTR::FR","SEC::HIG && DPT::MKG && CTR::$",same,32,1347,178,failure,200,1429027332,7145136.660
covercrypt,classic,089a548,"SEC::LOW && DPT::DEV && CTR::FR","SEC::HIG && DPT::$",different,64,2547,178,success,200,1468272380,7341361.900
covercrypt,classic,089a548,"SEC::LOW && DPT::DEV && CTR::FR","SEC::HIG && DPT::$ && CTR::EN",same,32,1347,178,failure,200,1605464536,8027322.680
covercrypt,classic,089a548,"SEC::LOW && DPT::DEV && CTR::FR","SEC::HIG && DPT::$ && CTR::FR",same,32,1347,178,success,200,1473632415,7368162.075
covercrypt,classic,089a548,"SEC::LOW && DPT::DEV && CTR::FR","SEC::HIG && DPT::$ && CTR::$",same,64,2547,178,success,200,2799926318,13999631.590
covercrypt,classic,089a548,"SEC::LOW && DPT::DEV && CTR::FR","SEC::$",different,80,3147,178,success,200,2283577984,11417889.920
covercrypt,classic,089a548,"SEC::LOW && DPT::DEV && CTR::FR","SEC::$ && CTR::EN",different,40,1645,178,failure,200,2429801103,12149005.515
covercrypt,classic,089a548,"SEC::LOW && DPT::DEV && CTR::FR","SEC::$ && CTR::FR",different,40,1645,178,success,200,1141071722,5705358.610
covercrypt,classic,089a548,"SEC::LOW && DPT::DEV && CTR::FR","SEC::$ && CTR::$",different,80,3147,178,success,200,2880697083,14403485.415
covercrypt,classic,089a548,"SEC::LOW && DPT::DEV && CTR::FR","SEC::$ && DPT::DEV",different,40,1645,178,success,200,2067550327,10337751.635
covercrypt,classic,089a548,"SEC::LOW && DPT::DEV && CTR::FR","SEC::$ && DPT::DEV && CTR::EN",same,20,899,178,failure,200,1571162953,7855814.765
covercrypt,classic,089a548,"SEC::LOW && DPT::DEV && CTR::FR","SEC::$ && DPT::DEV && CTR::FR",same,20,899,178,success,200,751866733,3759333.665
covercrypt,classic,089a548,"SEC::LOW && DPT::DEV && CTR::FR","SEC::$ && DPT::DEV && CTR::$",same,40,1645,178,success,200,1313470408,6567352.040
covercrypt,classic,089a548,"SEC::LOW && DPT::DEV && CTR::FR","SEC::$ && DPT::MKG",different,40,1645,178,failure,200,3118965247,15594826.235
covercrypt,classic,089a548,"SEC::LOW && DPT::DEV && CTR::FR","SEC::$ && DPT::MKG && CTR::EN",same,20,899,178,failure,200,1661941827,8309709.135
covercrypt,classic,089a548,"SEC::LOW && DPT::DEV && CTR::FR","SEC::$ && DPT::MKG && CTR::FR",same,20,899,178,failure,200,1669195249,8345976.245
covercrypt,classic,089a548,"SEC::LOW && DPT::DEV && CTR::FR","SEC::$ && DPT::MKG && CTR::$",same,40,1645,178,failure,200,3494510354,17472551.770
covercrypt,classic,089a548,"SEC::LOW && DPT::DEV && CTR::FR","SEC::$ && DPT::$",different,80,3147,178,success,200,3023459075,15117295.375
covercrypt,classic,089a548,"SEC::LOW && DPT::DEV && CTR::FR","SEC::$ && DPT::$ && CTR::EN",same,40,1645,178,failure,200,2301876324,11509381.620
covercrypt,classic,089a548,"SEC::LOW && DPT::DEV && CTR::FR","SEC::$ && DPT::$ && CTR::FR",same,40,1645,178,success,200,1805000177,9025000.885
covercrypt,classic,089a548,"SEC::LOW && DPT::DEV && CTR::FR","SEC::$ && DPT::$ && CTR::$",same,80,3147,178,success,200,3292290742,16461453.710
covercrypt,classic,089a548,"SEC::LOW && DPT::$ && CTR::FR","CTR::EN",different,40,1645,178,failure,200,3043357084,15216785.420
covercrypt,classic,089a548,"SEC::LOW && DPT::$ && CTR::FR","CTR::FR",different,40,1645,178,success,200,2071464966,10357324.830
covercrypt,classic,089a548,"SEC::LOW && DPT::$ && CTR::FR","CTR::$",different,80,3147,178,success,200,3998430374,19992151.870
covercrypt,classic,089a548,"SEC::LOW && DPT::$ && CTR::FR","DPT::DEV",different,40,1645,178,failure,200,3358896966,16794484.830
covercrypt,classic,089a548,"SEC::LOW && DPT::$ && CTR::FR","DPT::DEV && CTR::EN",different,20,899,178,failure,200,1475120262,7375601.310
covercrypt,classic,089a548,"SEC::LOW && DPT::$ && CTR::FR","DPT::DEV && CTR::FR",different,20,899,178,failure,200,1353945633,6769728.165
covercrypt,classic,089a548,"SEC::LOW && DPT::$ && CTR::FR","DPT::DEV && CTR::$",different,40,1645,178,failure,200,2780075312,13900376.560
covercrypt,classic,089a548,"SEC::LOW && DPT::$ && CTR::FR","DPT::MKG",different,40,1645,178,failure,200,3504731462,17523657.310
covercrypt,classic,089a548,"SEC::LOW && DPT::$ && CTR::FR","DPT::MKG && CTR::EN",different,20,899,178,failure,200,1769333602,8846668.010
covercrypt,classic,089a548,"SEC::LOW && DPT::$ && CTR::FR","DPT::MKG && CTR::FR",different,20,899,178,failure,200,1789601660,8948008.300
covercrypt,classic,089a548,"SEC::LOW && DPT::$ && CTR::FR","DPT::MKG && CTR::$",different,40,1645,178,failure,200,3038847487,15194237.435
covercrypt,classic,089a548,"SEC::LOW && DPT::$ && CTR::FR","DPT::$",different,80,3147,178,success,200,2037218001,10186090.005
covercrypt,classic,089a548,"SEC::LOW && DPT::$ && CTR::FR","DPT::$ && CTR::EN",different,40,1645,178,failure,200,1753571022,8767855.110
covercrypt,classic,089a548,"SEC::LOW && DPT::$ && CTR::FR","DPT::$ && CTR::FR",different,40,1645,178,success,200,1085494254,5427471.270
covercrypt,classic,089a548,"SEC::LOW && DPT::$ && CTR::FR","DPT::$ && CTR::$",different,80,3147,178,success,200,2335427018,11677135.090
covercrypt,classic,089a548,"SEC::LOW && DPT::$ && CTR::FR","SEC::LOW",different,32,1347,178,success,200,1696199195,8480995.975
covercrypt,classic,089a548,"SEC::LOW && DPT::$ && CTR::FR","SEC::LOW && CTR::EN",different,16,751,178,failure,200,1188644091,5943220.455
covercrypt,classic,089a548,"SEC::LOW && DPT::$ && CTR::FR","SEC::LOW && CTR::FR",different,16,751,178,success,200,608021035,3040105.175
covercrypt,classic,089a548,"SEC::LOW && DPT::$ && CTR::FR","SEC::LOW && CTR::$",different,32,1347,178,success,200,1292398487,6461992.435
covercrypt,classic,089a548,"SEC::LOW && DPT::$ && CTR::FR","SEC::LOW && DPT::DEV",different,16,751,178,failure,200,780928268,3904641.340
covercrypt,classic,089a548,"SEC::LOW && DPT::$ && CTR::FR","SEC::LOW && DPT::DEV && CTR::EN",same,8,455,178,failure,200,355806068,1779030.340
covercrypt,classic,089a548,"SEC::LOW && DPT::$ && CTR::FR","SEC::LOW && DPT::DEV && CTR::FR",same,8,455,178,failure,200,365433415,1827167.075
covercrypt,classic,089a548,"SEC::LOW && DPT::$ && CTR::FR","SEC::LOW && DPT::DEV && CTR::$",same,16,751,178,failure,200,667686452,3338432.260
covercrypt,classic,089a548,"SEC::LOW && DPT::$ && CTR::FR","SEC::LOW && DPT::MKG",different,16,751,178,failure,200,871991262,4359956.310
covercrypt,classic,089a548,"SEC::LOW && DPT::$ && CTR::FR","SEC::LOW && DPT::MKG && CTR::EN",same,8,455,178,failure,200,597112750,2985563.750
covercrypt,classic,089a548,"SEC::LOW && DPT::$ && CTR::FR","SEC::LOW && DPT::MKG && CTR::FR",same,8,455,178,failure,200,701358614,3506793.070
covercrypt,classic,089a548,"SEC::LOW && DPT::$ && CTR::FR","SEC::LOW && DPT::MKG && CTR::$",same,16,751,178,failure,200,1202064232,6010321.160
covercrypt,classic,089a548,"SEC::LOW && DPT::$ && CTR::FR","SEC::LOW && DPT::$",different,32,1347,178,success,200,1301123039,6505615.195
covercrypt,classic,089a548,"SEC::LOW && DPT::$ && CTR::FR","SEC::LOW && DPT::$ && CTR::EN",same,16,751,178,failure,200,1018533243,5092666.215
covercrypt,classic,089a548,"SEC::LOW && DPT::$ && CTR::FR","SEC::LOW && DPT::$ && CTR::FR",same,16,751,178,success,200,620792307,3103961.535
covercrypt,classic,089a548,"SEC::LOW && DPT::$ && CTR::FR","SEC::LOW && DPT::$ && CTR::$",same,32,1347,178,success,200,846822265,4234111.325
covercrypt,classic,089a548,"SEC::LOW && DPT::$ && CTR::FR","SEC::MED",different,48,1947,178,success,200,1080373686,5401868.430
covercrypt,classic,089a548,"SEC::LOW && DPT::$ && CTR::FR","SEC::MED && CTR::EN",different,24,1049,178,failure,200,1031095937,5155479.685
covercrypt,classic,089a548,"SEC::LOW && DPT::$ && CTR::FR","SEC::MED && CTR::FR",different,24,1049,178,success,200,570759332,2853796.660
covercrypt,classic,089a548,"SEC::LOW && DPT::$ && CTR::FR","SEC::MED && CTR::$",different,48,1947,178,success,200,1033808909,5169044.545
covercrypt,classic,089a548,"SEC::LOW && DPT::$ && CTR::FR","SEC::MED && DPT::DEV",different,24,1049,178,failure,200,930727409,4653637.045
covercrypt,classic,089a548,"SEC::LOW && DPT::$ && CTR::FR","SEC::MED && DPT::DEV && CTR::EN",same,12,603,178,failure,200,523419364,2617096.820
covercrypt,classic,089a548,"SEC::LOW && DPT::$ && CTR::FR","SEC::MED && DPT::DEV && CTR::FR",same,12,603,178,failure,200,511814138,2559070.690
covercrypt,classic,089a548,"SEC::LOW && DPT::$ && CTR::FR","SEC::MED && DPT::DEV && CTR::$",same,24,1049,178,failure,200,1016051173,5080255.865
covercrypt,classic,089a548,"SEC::LOW && DPT::$ && CTR::FR","SEC::MED && DPT::MKG",different,24,1049,178,failure,200,1042742516,5213712.580
covercrypt,classic,089a548,"SEC::LOW && DPT::$ && CTR::FR","SEC::MED && DPT::MKG && CTR::EN",same,12,603,178,failure,200,581958248,2909791.240
covercrypt,classic,089a548,"SEC::LOW && DPT::$ && CTR::FR","SEC::MED && DPT::MKG && CTR::FR",same,12,603,178,failure,200,666679449,3333397.245
covercrypt,classic,089a548,"SEC::LOW && DPT::$ && CTR::FR","SEC::MED && DPT::MKG && CTR::$",same,24,1049,178,failure,200,2123520167,10617600.835
covercrypt,classic,089a548,"SEC::LOW && DPT::$ && CTR::FR","SEC::MED && DPT::$",different,48,1947,178,success,200,2339638874,11698194.370
covercrypt,classic,089a548,"SEC::LOW && DPT::$ && CTR::FR","SEC::MED && DPT::$ && CTR::EN",same,24,1049,178,failure,200,2131330506,10656652.530
covercrypt,classic,089a548,"SEC::LOW && DPT::$ && CTR::FR","SEC::MED && DPT::$ && CTR::FR",same,24,1049,178,success,200,1299139871,6495699.355
covercrypt,classic,089a548,"SEC::LOW && DPT::$ && CTR::FR","SEC::MED && DPT::$ && CTR::$",same,48,1947,178,success,200,2234720298,11173601.490
covercrypt,classic,089a548,"SEC::LOW && DPT::$ && CTR::FR","SEC::HIG",different,64,2547,178,success,200,2984858216,14924291.080
covercrypt,classic,089a548,"SEC::LOW && DPT::$ && CTR::FR","SEC::HIG && CTR::EN",different,32,1347,178,failure,200,2969429901,14847149.505
covercrypt,classic,089a548,"SEC::LOW && DPT::$ && CTR::FR","SEC::HIG && CTR::FR",different,32,1347,178,success,200,1671358677,8356793.385
covercrypt,classic,089a548,"SEC::LOW && DPT::$ && CTR::FR","SEC::HIG && CTR::$",different,64,2547,178,success,200,3061045747,15305228.735
covercrypt,classic,089a548,"SEC::LOW && DPT::$ && CTR::FR","SEC::HIG && DPT::DEV",different,32,1347,178,failure,200,2668348585,13341742.925
covercrypt,classic,089a548,"SEC::LOW && DPT::$ && CTR::FR","SEC::HIG && DPT::DEV && CTR::EN",same,16,751,178,failure,200,1447172481,7235862.405
covercrypt,classic,089a548,"SEC::LOW && DPT::$ && CTR::FR","SEC::HIG && DPT::DEV && CTR::FR",same,16,751,178,failure,200,1479874753,7399373.765
covercrypt,classic,089a548,"SEC::LOW && DPT::$ && CTR::FR","SEC::HIG && DPT::DEV && CTR::$",same,32,1347,178,failure,200,2765534457,13827672.285
covercrypt,classic,089a548,"SEC::LOW && DPT::$ && CTR::FR","SEC::HIG && DPT::MKG",different,32,1347,178,failure,200,2543731466,12718657.330
covercrypt,classic,089a548,"SEC::LOW && DPT::$ && CTR::FR","SEC::HIG && DPT::MKG && CTR::EN",same,16,751,178,failure,200,1138350034,5691750.170
covercrypt,classic,089a548,"SEC::LOW && DPT::$ && CTR::FR","SEC::HIG && DPT::MKG && CTR::FR",same,16,751,178,failure,200,784797422,3923987.110
covercrypt,classic,089a548,"SEC::LOW && DPT::$ && CTR::FR","SEC::HIG && DPT::MKG && CTR::$",same,32,1347,178,failure,200,1402023654,7010118.270
covercrypt,classic,089a548,"SEC::LOW && DPT::$ && CTR::FR","SEC::HIG && DPT::$",different,64,2547,178,success,200,1491475206,7457376.030
covercrypt,classic,089a548,"SEC::LOW && DPT::$ && CTR::FR","SEC::HIG && DPT::$ && CTR::EN",same,32,1347,178,failure,200,1235304801,6176524.005
covercrypt,classic,089a548,"SEC::LOW && DPT::$ && CTR::FR","SEC::HIG && DPT::$ && CTR::FR",same,32,1347,178,success,200,839660358,4198301.790
covercrypt,classic,089a548,"SEC::LOW && DPT::$ && CTR::FR","SEC::HIG && DPT::$ && CTR::$",same,64,2547,178,success,200,1726894158,8634470.790
covercrypt,classic,089a548,"SEC::LOW && DPT::$ && CTR::FR","SEC::$",different,80,3147,178,success,200,2359404106,11797020.530
covercrypt,classic,089a548,"SEC::LOW && DPT::$ && CTR::FR","SEC::$ && CTR::EN",different,40,1645,178,failure,200,2732295974,13661479.870
covercrypt,classic,089a548,"SEC::LOW && DPT::$ && CTR::FR","SEC::$ && CTR::FR",different,40,1645,178,success,200,904950555,4524752.775
covercrypt,classic,089a548,"SEC::LOW && DPT::$ && CTR::FR","SEC::$ && CTR::$",different,80,3147,178,success,200,2060722825,10303614.125
covercrypt,classic,089a548,"SEC::LOW && DPT::$ && CTR::FR","SEC::$ && DPT::DEV",different,40,1645,178,failure,200,1906515726,9532578.630
covercrypt,classic,089a548,"SEC::LOW && DPT::$ && CTR::FR","SEC::$ && DPT::DEV && CTR::EN",same,20,899,178,failure,200,1397970776,6989853.880
covercrypt,classic,089a548,"SEC::LOW && DPT::$ && CTR::FR","SEC::$ && DPT::DEV && CTR::FR",same,20,899,178,failure,200,1661828076,8309140.380
covercrypt,classic,089a548,"SEC::LOW && DPT::$ && CTR::FR","SEC::$ && DPT::DEV && CTR::$",same,40,1645,178,failure,200,2548993990,12744969.950
covercrypt,classic,089a548,"SEC::LOW && DPT::$ && CTR::FR","SEC::$ && DPT::MKG",different,40,1645,178,failure,200,2093232372,10466161.860
covercrypt,classic,089a548,"SEC::LOW && DPT::$ && CTR::FR","SEC::$ && DPT::MKG && CTR::EN",same,20,899,178,failure,200,1483720080,7418600.400
covercrypt,classic,089a548,"SEC::LOW && DPT::$ && CTR::FR","SEC::$ && DPT::MKG && CTR::FR",same,20,899,178,failure,200,1719296117,8596480.585
covercrypt,classic,089a548,"SEC::LOW && DPT::$ && CTR::FR","SEC::$ && DPT::MKG && CTR::$",same,40,1645,178,failure,200,3149714381,15748571.905
covercrypt,classic,089a548,"SEC::LOW && DPT::$ && CTR::FR","SEC::$ && DPT::$",different,80,3147,178,success,200,2314559500,11572797.500
covercrypt,classic,089a548,"SEC::LOW && DPT::$ && CTR::FR","SEC::$ && DPT::$ && CTR::EN",same,40,1645,178,failure,200,2115291107,10576455.535
covercrypt,classic,089a548,"SEC::LOW && DPT::$ && CTR::FR","SEC::$ && DPT::$ && CTR::FR",same,40,1645,178,success,200,1262626703,6313133.515
covercrypt,classic,089a548,"SEC::LOW && DPT::$ && CTR::FR","SEC::$ && DPT::$ && CTR::$",same,80,3147,178,success,200,2579311830,12896559.150
covercrypt,classic,089a548,"SEC::MED && DPT::DEV && CTR::FR","CTR::EN",different,40,1645,178,failure,200,2847606693,14238033.465
covercrypt,classic,089a548,"SEC::MED && DPT::DEV && CTR::FR","CTR::FR",different,40,1645,178,success,200,1714305959,8571529.795
covercrypt,classic,089a548,"SEC::MED && DPT::DEV && CTR::FR","CTR::$",different,80,3147,178,success,200,2401299506,12006497.530
covercrypt,classic,089a548,"SEC::MED && DPT::DEV && CTR::FR","DPT::DEV",different,40,1645,178,success,200,1243496218,6217481.090
covercrypt,classic,089a548,"SEC::MED && DPT::DEV && CTR::FR","DPT::DEV && CTR::EN",different,20,899,178,failure,200,1224218027,6121090.135
covercrypt,classic,089a548,"SEC::MED && DPT::DEV && CTR::FR","DPT::DEV && CTR::FR",different,20,899,178,success,200,1032501352,5162506.760
covercrypt,classic,089a548,"SEC::MED && DPT::DEV && CTR::FR","DPT::DEV && CTR::$",different,40,1645,178,success,200,1265613291,6328066.455
covercrypt,classic,089a548,"SEC::MED && DPT::DEV && CTR::FR","DPT::MKG",different,40,1645,178,failure,200,1638748852,8193744.260
covercrypt,classic,089a548,"SEC::MED && DPT::DEV && CTR::FR","DPT::MKG && CTR::EN",different,20,899,178,failure,200,976175063,4880875.315
covercrypt,classic,089a548,"SEC::MED && DPT::DEV && CTR::FR","DPT::MKG && CTR::FR",different,20,899,178,failure,200,988025318,4940126.590
covercrypt,classic,089a548,"SEC::MED && DPT::DEV && CTR::FR","DPT::MKG && CTR::$",different,40,1645,178,failure,200,2119583446,10597917.230
covercrypt,classic,089a548,"SEC::MED && DPT::DEV && CTR::FR","DPT::$",different,80,3147,178,success,200,1553004055,7765020.275
covercrypt,classic,089a548,"SEC::MED && DPT::DEV && CTR::FR","DPT::$ && CTR::EN",different,40,1645,178,failure,200,1820470149,9102350.745
covercrypt,classic,089a548,"SEC::MED && DPT::DEV && CTR::FR","DPT::$ && CTR::FR",different,40,1645,178,success,200,1200189744,6000948.720
covercrypt,classic,089a548,"SEC::MED && DPT::DEV && CTR::FR","DPT::$ && CTR::$",different,80,3147,178,success,200,2325349335,11626746.675
covercrypt,classic,089a548,"SEC::MED && DPT::DEV && CTR::FR","SEC::LOW",different,32,1347,178,failure,200,1553753423,7768767.115
covercrypt,classic,089a548,"SEC::MED && DPT::DEV && CTR::FR","SEC::LOW && CTR::EN",different,16,751,178,failure,200,811512276,4057561.380
covercrypt,classic,089a548,"SEC::MED && DPT::DEV && CTR::FR","SEC::LOW && CTR::FR",different,16,751,178,failure,200,823279612,4116398.060
covercrypt,classic,089a548,"SEC::MED && DPT::DEV && CTR::FR","SEC::LOW && CTR::$",different,32,1347,178,failure,200,1730526005,8652630.025
covercrypt,classic,089a548,"SEC::MED && DPT::DEV && CTR::FR","SEC::LOW && DPT::DEV",different,16,751,178,failure,200,697056679,3485283.395
covercrypt,classic,089a548,"SEC::MED && DPT::DEV && CTR::FR","SEC::LOW && DPT::DEV && CTR::EN",same,8,455,178,failure,200,488623438,2443117.190
covercrypt,classic,089a548,"SEC::MED && DPT::DEV && CTR::FR","SEC::LOW && DPT::DEV && CTR::FR",same,8,455,178,failure,200,526685711,2633428.555
covercrypt,classic,089a548,"SEC::MED && DPT::DEV && CTR::FR","SEC::LOW && DPT::DEV && CTR::$",same,16,751,178,failure,200,879038744,4395193.720
covercrypt,classic,089a548,"SEC::MED && DPT::DEV && CTR::FR","SEC::LOW && DPT::MKG",different,16,751,178,failure,200,730881822,3654409.110
covercrypt,classic,089a548,"SEC::MED && DPT::DEV && CTR::FR","SEC::LOW && DPT::MKG && CTR::EN",same,8,455,178,failure,200,552552055,2762760.275
covercrypt,classic,089a548,"SEC::MED && DPT::DEV && CTR::FR","SEC::LOW && DPT::MKG && CTR::FR",same,8,455,178,failure,200,561762634,2808813.170
covercrypt,classic,089a548,"SEC::MED && DPT::DEV && CTR::FR","SEC::LOW && DPT::MKG && CTR::$",same,16,751,178,failure,200,756402987,3782014.935
covercrypt,classic,089a548,"SEC::MED && DPT::DEV && CTR::FR","SEC::LOW && DPT::$",different,32,1347,178,failure,200,1955059754,9775298.770
covercrypt,classic,089a548,"SEC::MED && DPT::DEV && CTR::FR","SEC::LOW && DPT::$ && CTR::EN",same,16,751,178,failure,200,1048617297,5243086.485
covercrypt,classic,089a548,"SEC::MED && DPT::DEV && CTR::FR","SEC::LOW && DPT::$ && CTR::FR",same,16,751,178,failure,200,764976715,3824883.575
covercrypt,classic,089a548,"SEC::MED && DPT::DEV && CTR::FR","SEC::LOW && DPT::$ && CTR::$",same,32,1347,178,failure,200,1255746773,6278733.865
covercrypt,classic,089a548,"SEC::MED && DPT::DEV && CTR::FR","SEC::MED",different,48,1947,178,success,200,1120339126,5601695.630
covercrypt,classic,089a548,"SEC::MED && DPT::DEV && CTR::FR","SEC::MED && CTR::EN",different,24,1049,178,failure,200,1060010298,5300051.490
covercrypt,classic,089a548,"SEC::MED && DPT::DEV && CTR::FR","SEC::MED && CTR::FR",different,24,1049,178,success,200,536285839,2681429.195
covercrypt,classic,089a548,"SEC::MED && DPT::DEV && CTR::FR","SEC::MED && CTR::$",different,48,1947,178,success,200,985119129,4925595.645
covercrypt,classic,089a548,"SEC::MED && DPT::DEV && CTR::FR","SEC::MED && DPT::DEV",different,24,1049,178,success,200,565937344,2829686.720
covercrypt,classic,089a548,"SEC::MED && DPT::DEV && CTR::FR","SEC::MED && DPT::DEV && CTR::EN",same,12,603,178,failure,200,510785903,2553929.515
covercrypt,classic,089a548,"SEC::MED && DPT::DEV && CTR::FR","SEC::MED && DPT::DEV && CTR::FR",same,12,603,178,success,200,433022670,2165113.350
covercrypt,classic,089a548,"SEC::MED && DPT::DEV && CTR::FR","SEC::MED && DPT::DEV && CTR::$",same,24,1049,178,success,200,899856929,4499284.645
covercrypt,classic,089a548,"SEC::MED && DPT::DEV && CTR::FR","SEC::MED && DPT::MKG",different,24,1049,178,failure,200,1403973728,7019868.640
covercrypt,classic,089a548,"SEC::MED && DPT::DEV && CTR::FR","SEC::MED && DPT::MKG && CTR::EN",same,12,603,178,failure,200,1117250927,5586254.635
covercrypt,classic,089a548,"SEC::MED && DPT::DEV && CTR::FR","SEC::MED && DPT::MKG && CTR::FR",same,12,603,178,failure,200,972292276,4861461.380
covercrypt,classic,089a548,"SEC::MED && DPT::DEV && CTR::FR","SEC::MED && DPT::MKG && CTR::$",same,24,1049,178,failure,200,1880070661,9400353.305
covercrypt,classic,089a548,"SEC::MED && DPT::DEV && CTR::FR","SEC::MED && DPT::$",different,48,1947,178,success,200,1451904357,7259521.785
covercrypt,classic,089a548,"SEC::MED && DPT::DEV && CTR::FR","SEC::MED && DPT::$ && CTR::EN",same,24,1049,178,failure,200,1340826009,6704130.045
covercrypt,classic,089a548,"SEC::MED && DPT::DEV && CTR::FR","SEC::MED && DPT::$ && CTR::FR",same,24,1049,178,success,200,774014350,3870071.750
covercrypt,classic,089a548,"SEC::MED && DPT::DEV && CTR::FR","SEC::MED && DPT::$ && CTR::$",same,48,1947,178,success,200,1741537905,8707689.525
covercrypt,classic,089a548,"SEC::MED && DPT::DEV && CTR::FR","SEC::HIG",different,64,2547,178,success,200,2364691213,11823456.065
covercrypt,classic,089a548,"SEC::MED && DPT::DEV && CTR::FR","SEC::HIG && CTR::EN",different,32,1347,178,failure,200,1417474927,7087374.635
covercrypt,classic,089a548,"SEC::MED && DPT::DEV && CTR::FR","SEC::HIG && CTR::FR",different,32,1347,178,success,200,972821295,4864106.475
covercrypt,classic,089a548,"SEC::MED && DPT::DEV && CTR::FR","SEC::HIG && CTR::$",different,64,2547,178,success,200,2315362542,11576812.710
covercrypt,classic,089a548,"SEC::MED && DPT::DEV && CTR::FR","SEC::HIG && DPT::DEV",different,32,1347,178,success,200,751870365,3759351.825
covercrypt,classic,089a548,"SEC::MED && DPT::DEV && CTR::FR","SEC::HIG && DPT::DEV && CTR::EN",same,16,751,178,failure,200,561398963,2806994.815
covercrypt,classic,089a548,"SEC::MED && DPT::DEV && CTR::FR","SEC::HIG && DPT::DEV && CTR::FR",same,16,751,178,success,200,393738047,1968690.235
covercrypt,classic,089a548,"SEC::MED && DPT::DEV && CTR::FR","SEC::HIG && DPT::DEV && CTR::$",same,32,1347,178,success,200,722308984,3611544.920
covercrypt,classic,089a548,"SEC::MED && DPT::DEV && CTR::FR","SEC::HIG && DPT::MKG",different,32,1347,178,failure,200,1073447280,5367236.400
covercrypt,classic,089a548,"SEC::MED && DPT::DEV && CTR::FR","SEC::HIG && DPT::MKG && CTR::EN",same,16,751,178,failure,200,566269416,2831347.080
covercrypt,classic,089a548,"SEC::MED && DPT::DEV && CTR::FR","SEC::HIG && DPT::MKG && CTR::FR",same,16,751,178,failure,200,693548043,3467740.215
covercrypt,classic,089a548,"SEC::MED && DPT::DEV && CTR::FR","SEC::HIG && DPT::MKG && CTR::$",same,32,1347,178,failure,200,1908932825,9544664.125
covercrypt,classic,089a548,"SEC::MED && DPT::DEV && CTR::FR","SEC::HIG && DPT::$",different,64,2547,178,success,200,2061811045,10309055.225
covercrypt,classic,089a548,"SEC::MED && DPT::DEV && CTR::FR","SEC::HIG && DPT::$ && CTR::EN",same,32,1347,178,failure,200,2707896820,13539484.100
covercrypt,classic,089a548,"SEC::MED && DPT::DEV && CTR::FR","SEC::HIG && DPT::$ && CTR::FR",same,32,1347,178,success,200,1582980999,7914904.995
covercrypt,classic,089a548,"SEC::MED && DPT::DEV && CTR::FR","SEC::HIG && DPT::$ && CTR::$",same,64,2547,178,success,200,2221656717,11108283.585
covercrypt,classic,089a548,"SEC::MED && DPT::DEV && CTR::FR","SEC::$",different,80,3147,178,success,200,2892353650,14461768.250
covercrypt,classic,089a548,"SEC::MED && DPT::DEV && CTR::FR","SEC::$ && CTR::EN",different,40,1645,178,failure,200,2264656676,11323283.380
covercrypt,classic,089a548,"SEC::MED && DPT::DEV && CTR::FR","SEC::$ && CTR::FR",different,40,1645,178,success,200,1675808147,8379040.735
covercrypt,classic,089a548,"SEC::MED && DPT::DEV && CTR::FR","SEC::$ && CTR::$",different,80,3147,178,success,200,2926076580,14630382.900
covercrypt,classic,089a548,"SEC::MED && DPT::DEV && CTR::FR","SEC::$ && DPT::DEV",different,40,1645,178,success,200,1521219556,7606097.780
covercrypt,classic,089a548,"SEC::MED && DPT::DEV && CTR::FR","SEC::$ && DPT::DEV && CTR::EN",same,20,899,178,failure,200,951342647,4756713.235
covercrypt,classic,089a548,"SEC::MED && DPT::DEV && CTR::FR","SEC::$ && DPT::DEV && CTR::FR",same,20,899,178,success,200,825255340,4126276.700
covercrypt,classic,089a548,"SEC::MED && DPT::DEV && CTR::FR","SEC::$ && DPT::DEV && CTR::$",same,40,1645,178,success,200,1084279513,5421397.565
covercrypt,classic,089a548,"SEC::MED && DPT::DEV && CTR::FR","SEC::$ && DPT::MKG",different,40,1645,178,failure,200,1624518443,8122592.215
covercrypt,classic,089a548,"SEC::MED && DPT::DEV && CTR::FR","SEC::$ && DPT::MKG && CTR::EN",same,20,899,178,failure,200,854431403,4272157.015
covercrypt,classic,089a548,"SEC::MED && DPT::DEV && CTR::FR","SEC::$ && DPT::MKG && CTR::FR",same,20,899,178,failure,200,640224665,3201123.325
covercrypt,classic,089a548,"SEC::MED && DPT::DEV && CTR::FR","SEC::$ && DPT::MKG && CTR::$",same,40,1645,178,failure,200,1260960185,6304800.925
covercrypt,classic,089a548,"SEC::MED && DPT::DEV && CTR::FR","SEC::$ && DPT::$",different,80,3147,178,success,200,1361501971,6807509.855
covercrypt,classic,089a548,"SEC::MED && DPT::DEV && CTR::FR","SEC::$ && DPT::$ && CTR::EN",same,40,1645,178,failure,200,1308975796,6544878.980
covercrypt,classic,089a548,"SEC::MED && DPT::DEV && CTR::FR","SEC::$ && DPT::$ && CTR::FR",same,40,1645,178,success,200,831736196,4158680.980
covercrypt,classic,089a548,"SEC::MED && DPT::DEV && CTR::FR","SEC::$ && DPT::$ && CTR::$",same,80,3147,178,success,200,1360002293,6800011.465
covercrypt,classic,089a548,"SEC::MED && DPT::$ && CTR::FR","CTR::EN",different,40,1645,178,failure,200,1583788370,7918941.850
covercrypt,classic,089a548,"SEC::MED && DPT::$ && CTR::FR","CTR::FR",different,40,1645,178,success,200,1573525840,7867629.200
covercrypt,classic,089a548,"SEC::MED && DPT::$ && CTR::FR","CTR::$",different,80,3147,178,success,200,1794574734,8972873.670
covercrypt,classic,089a548,"SEC::MED && DPT::$ && CTR::FR","DPT::DEV",different,40,1645,178,failure,200,1817254349,9086271.745
covercrypt,classic,089a548,"SEC::MED && DPT::$ && CTR::FR","DPT::DEV && CTR::EN",different,20,899,178,failure,200,609618936,3048094.680
covercrypt,classic,089a548,"SEC::MED && DPT::$ && CTR::FR","DPT::DEV && CTR::FR",different,20,899,178,failure,200,806109306,4030546.530
covercrypt,classic,089a548,"SEC::MED && DPT::$ && CTR::FR","DPT::DEV && CTR::$",different,40,1645,178,failure,200,1313201879,6566009.395
covercrypt,classic,089a548,"SEC::MED && DPT::$ && CTR::FR","DPT::MKG",different,40,1645,178,failure,200,1493741033,7468705.165
covercrypt,classic,089a548,"SEC::MED && DPT::$ && CTR::FR","DPT::MKG && CTR::EN",different,20,899,178,failure,200,792249409,3961247.045
covercrypt,classic,089a548,"SEC::MED && DPT::$ && CTR::FR","DPT::MKG && CTR::FR",different,20,899,178,failure,200,875743248,4378716.240
covercrypt,classic,089a548,"SEC::MED && DPT::$ && CTR::FR","DPT::MKG && CTR::$",different,40,1645,178,failure,200,1377725782,6888628.910
covercrypt,classic,089a548,"SEC::MED && DPT::$ && CTR::FR","DPT::$",different,80,3147,178,success,200,1714666207,8573331.035
covercrypt,classic,089a548,"SEC::MED && DPT::$ && CTR::FR","DPT::$ && CTR::EN",different,40,1645,178,failure,200,2850819232,14254096.160
covercrypt,classic,089a548,"SEC::MED && DPT::$ && CTR::FR","DPT::$ && CTR::FR",different,40,1645,178,success,200,1588525521,7942627.605
covercrypt,classic,089a548,"SEC::MED && DPT::$ && CTR::FR","DPT::$ && CTR::$",different,80,3147,178,success,200,1777181808,8885909.040
covercrypt,classic,089a548,"SEC::MED && DPT::$ && CTR::FR","SEC::LOW",different,32,1347,178,failure,200,2758179947,13790899.735
covercrypt,classic,089a548,"SEC::MED && DPT::$ && CTR::FR","SEC::LOW && CTR::EN",different,16,751,178,failure,200,1425468578,7127342.890
covercrypt,classic,089a548,"SEC::MED && DPT::$ && CTR::FR","SEC::LOW && CTR::FR",different,16,751,178,failure,200,1482378114,7411890.570
covercrypt,classic,089a548,"SEC::MED && DPT::$ && CTR::FR","SEC::LOW && CTR::$",different,32,1347,178,failure,200,2805372533,14026862.665
covercrypt,classic,089a548,"SEC::MED && DPT::$ && CTR::FR","SEC::LOW && DPT::DEV",different,16,751,178,failure,200,1513054166,7565270.830
covercrypt,classic,089a548,"SEC::MED && DPT::$ && CTR::FR","SEC::LOW && DPT::DEV && CTR::EN",same,8,455,178,failure,200,832443591,4162217.955
covercrypt,classic,089a548,"SEC::MED && DPT::$ && CTR::FR","SEC::LOW && DPT::DEV && CTR::FR",same,8,455,178,failure,200,831239031,4156195.155
covercrypt,classic,089a548,"SEC::MED && DPT::$ && CTR::FR","SEC::LOW && DPT::DEV && CTR::$",same,16,751,178,failure,200,1481871703,7409358.515
covercrypt,classic,089a548,"SEC::MED && DPT::$ && CTR::FR","SEC::LOW && DPT::MKG",different,16,751,178,failure,200,1308617820,6543089.100
covercrypt,classic,089a548,"SEC::MED && DPT::$ && CTR::FR","SEC::LOW && DPT::MKG && CTR::EN",same,8,455,178,failure,200,778129580,3890647.900
covercrypt,classic,089a548,"SEC::MED && DPT::$ && CTR::FR","SEC::LOW && DPT::MKG && CTR::FR",same,8,455,178,failure,200,794478704,3972393.520
covercrypt,classic,089a548,"SEC::MED && DPT::$ && CTR::FR","SEC::LOW && DPT::MKG && CTR::$",same,16,751,178,failure,200,1484124443,7420622.215
covercrypt,classic,089a548,"SEC::MED && DPT::$ && CTR::FR","SEC::LOW && DPT::$",different,32,1347,178,failure,200,2381192200,11905961.000
covercrypt,classic,089a548,"SEC::MED && DPT::$ && CTR::FR","SEC::LOW && DPT::$ && CTR::EN",same,16,751,178,failure,200,1117198947,5585994.735
covercrypt,classic,089a548,"SEC::MED && DPT::$ && CTR::FR","SEC::LOW && DPT::$ && CTR::FR",same,16,751,178,failure,200,1154306596,5771532.980
covercrypt,classic,089a548,"SEC::MED && DPT::$ && CTR::FR","SEC::LOW && DPT::$ && CTR::$",same,32,1347,178,failure,200,1836499238,9182496.190
covercrypt,classic,089a548,"SEC::MED && DPT::$ && CTR::FR","SEC::MED",different,48,1947,178,success,200,2139669214,10698346.070
covercrypt,classic,089a548,"SEC::MED && DPT::$ && CTR::FR","SEC::MED && CTR::EN",different,24,1049,178,failure,200,1225700372,6128501.860
covercrypt,classic,089a548,"SEC::MED && DPT::$ && CTR::FR","SEC::MED && CTR::FR",different,24,1049,178,success,200,589793548,2948967.740
covercrypt,classic,089a548,"SEC::MED && DPT::$ && CTR::FR","SEC::MED && CTR::$",different,48,1947,178,success,200,897109852,4485549.260
covercrypt,classic,089a548,"SEC::MED && DPT::$ && CTR::FR","SEC::MED && DPT::DEV",different,24,1049,178,failure,200,937622365,4688111.825
covercrypt,classic,089a548,"SEC::MED && DPT::$ && CTR::FR","SEC::MED && DPT::DEV && CTR::EN",same,12,603,178,failure,200,786949924,3934749.620
covercrypt,classic,089a548,"SEC::MED && DPT::$ && CTR::FR","SEC::MED && DPT::DEV && CTR::FR",same,12,603,178,failure,200,578435117,2892175.585
covercrypt,classic,089a548,"SEC::MED && DPT::$ && CTR::FR","SEC::MED && DPT::DEV && CTR::$",same,24,1049,178,failure,200,823361447,4116807.235
covercrypt,classic,089a548,"SEC::MED && DPT::$ && CTR::FR","SEC::MED && DPT::MKG",different,24,1049,178,failure,200,823300629,4116503.145
covercrypt,classic,089a548,"SEC::MED && DPT::$ && CTR::FR","SEC::MED && DPT::MKG && CTR::EN",same,12,603,178,failure,200,444586282,2222931.410
covercrypt,classic,089a548,"SEC::MED && DPT::$ && CTR::FR","SEC::MED && DPT::MKG && CTR::FR",same,12,603,178,failure,200,439296443,2196482.215
covercrypt,classic,089a548,"SEC::MED && DPT::$ && CTR::FR","SEC::MED && DPT::MKG && CTR::$",same,24,1049,178,failure,200,936695536,4683477.680
covercrypt,classic,089a548,"SEC::MED && DPT::$ && CTR::FR","SEC::MED && DPT::$",different,48,1947,178,success,200,1234905626,6174528.130
covercrypt,classic,089a548,"SEC::MED && DPT::$ && CTR::FR","SEC::MED && DPT::$ && CTR::EN",same,24,1049,178,failure,200,922340091,4611700.455
covercrypt,classic,089a548,"SEC::MED && DPT::$ && CTR::FR","SEC::MED && DPT::$ && CTR::FR",same,24,1049,178,success,200,646439847,3232199.235
covercrypt,classic,089a548,"SEC::MED && DPT::$ && CTR::FR","SEC::MED && DPT::$ && CTR::$",same,48,1947,178,success,200,1079474869,5397374.345
covercrypt,classic,089a548,"SEC::MED && DPT::$ && CTR::FR","SEC::HIG",different,64,2547,178,success,200,1167737656,5838688.280
covercrypt,classic,089a548,"SEC::MED && DPT::$ && CTR::FR","SEC::HIG && CTR::EN",different,32,1347,178,failure,200,1529462876,7647314.380
covercrypt,classic,089a548,"SEC::MED && DPT::$ && CTR::FR","SEC::HIG && CTR::FR",different,32,1347,178,success,200,851358132,4256790.660
covercrypt,classic,089a548,"SEC::MED && DPT::$ && CTR::FR","SEC::HIG && CTR::$",different,64,2547,178,success,200,1440692074,7203460.370
covercrypt,classic,089a548,"SEC::MED && DPT::$ && CTR::FR","SEC::HIG && DPT::DEV",different,32,1347,178,failure,200,1288793062,6443965.310
covercrypt,classic,089a548,"SEC::MED && DPT::$ && CTR::FR","SEC::HIG && DPT::DEV && CTR::EN",same,16,751,178,failure,200,619484057,3097420.285
covercrypt,classic,089a548,"SEC::MED && DPT::$ && CTR::FR","SEC::HIG && DPT::DEV && CTR::FR",same,16,751,178,failure,200,583227949,2916139.745
covercrypt,classic,089a548,"SEC::MED && DPT::$ && CTR::FR","SEC::HIG && DPT::DEV && CTR::$",same,32,1347,178,failure,200,1091755019,5458775.095
covercrypt,classic,089a548,"SEC::MED && DPT::$ && CTR::FR","SEC::HIG && DPT::MKG",different,32,1347,178,failure,200,977862657,4889313.285
covercrypt,classic,089a548,"SEC::MED && DPT::$ && CTR::FR","SEC::HIG && DPT::MKG && CTR::EN",same,16,751,178,failure,200,699093183,3495465.915
covercrypt,classic,089a548,"SEC::MED && DPT::$ && CTR::FR","SEC::HIG && DPT::MKG && CTR::FR",same,16,751,178,failure,200,783909259,3919546.295
covercrypt,classic,089a548,"SEC::MED && DPT::$ && CTR::FR","SEC::HIG && DPT::MKG && CTR::$",same,32,1347,178,failure,200,1362820403,6814102.015
covercrypt,classic,089a548,"SEC::MED && DPT::$ && CTR::FR","SEC::HIG && DPT::$",different,64,2547,178,success,200,2085716834,10428584.170
covercrypt,classic,089a548,"SEC::MED && DPT::$ && CTR::FR","SEC::HIG && DPT::$ && CTR::EN",same,32,1347,178,failure,200,2091907549,10459537.745
covercrypt,classic,089a548,"SEC::MED && DPT::$ && CTR::FR","SEC::HIG && DPT::$ && CTR::FR",same,32,1347,178,success,200,974528236,4872641.180
covercrypt,classic,089a548,"SEC::MED && DPT::$ && CTR::FR","SEC::HIG && DPT::$ && CTR::$",same,64,2547,178,success,200,1945092713,9725463.565
covercrypt,classic,089a548,"SEC::MED && DPT::$ && CTR::FR","SEC::$",different,80,3147,178,success,200,2080239687,10401198.435
covercrypt,classic,089a548,"SEC::MED && DPT::$ && CTR::FR","SEC::$ && CTR::EN",different,40,1645,178,failure,200,3249317011,16246585.055
covercrypt,classic,089a548,"SEC::MED && DPT::$ && CTR::FR","SEC::$ && CTR::FR",different,40,1645,178,success,200,1440453420,7202267.100
covercrypt,classic,089a548,"SEC::MED && DPT::$ && CTR::FR","SEC::$ && CTR::$",different,80,3147,178,success,200,2129345815,10646729.075
covercrypt,classic,089a548,"SEC::MED && DPT::$ && CTR::FR","SEC::$ && DPT::DEV",different,40,1645,178,failure,200,1708576108,8542880.540
covercrypt,classic,089a548,"SEC::MED && DPT::$ && CTR::FR","SEC::$ && DPT::DEV && CTR::EN",same,20,899,178,failure,200,845949080,4229745.400
covercrypt,classic,089a548,"SEC::MED && DPT::$ && CTR::FR","SEC::$ && DPT::DEV && CTR::FR",same,20,899,178,failure,200,994715631,4973578.155
covercrypt,classic,089a548,"SEC::MED && DPT::$ && CTR::FR","SEC::$ && DPT::DEV && CTR::$",same,40,1645,178,failure,200,2629143335,13145716.675
covercrypt,classic,089a548,"SEC::MED && DPT::$ && CTR::FR","SEC::$ && DPT::MKG",different,40,1645,178,failure,200,1322892190,6614460.950
covercrypt,classic,089a548,"SEC::MED && DPT::$ && CTR::FR","SEC::$ && DPT::MKG && CTR::EN",same,20,899,178,failure,200,575648277,2878241.385
covercrypt,classic,089a548,"SEC::MED && DPT::$ && CTR::FR","SEC::$ && DPT::MKG && CTR::FR",same,20,899,178,failure,200,550440216,2752201.080
covercrypt,classic,089a548,"SEC::MED && DPT::$ && CTR::FR","SEC::$ && DPT::MKG && CTR::$",same,40,1645,178,failure,200,1515466738,7577333.690
covercrypt,classic,089a548,"SEC::MED && DPT::$ && CTR::FR","SEC::$ && DPT::$",different,80,3147,178,success,200,1581909667,7909548.335
covercrypt,classic,089a548,"SEC::MED && DPT::$ && CTR::FR","SEC::$ && DPT::$ && CTR::EN",same,40,1645,178,failure,200,1897478893,9487394.465
covercrypt,classic,089a548,"SEC::MED && DPT::$ && CTR::FR","SEC::$ && DPT::$ && CTR::FR",same,40,1645,178,success,200,891138842,4455694.210
covercrypt,classic,089a548,"SEC::MED && DPT::$ && CTR::FR","SEC::$ && DPT::$ && CTR::$",same,80,3147,178,success,200,1866715281,9333576.405
covercrypt,classic,089a548,"SEC::HIG && DPT::DEV && CTR::FR","CTR::EN",different,40,1645,178,failure,200,1346198833,6730994.165
covercrypt,classic,089a548,"SEC::HIG && DPT::DEV && CTR::FR","CTR::FR",different,40,1645,178,success,200,1159487978,5797439.890
covercrypt,classic,089a548,"SEC::HIG && DPT::DEV && CTR::FR","CTR::$",different,80,3147,178,success,200,1661623045,8308115.225
covercrypt,classic,089a548,"SEC::HIG && DPT::DEV && CTR::FR","DPT::DEV",different,40,1645,178,success,200,910385388,4551926.940
covercrypt,classic,089a548,"SEC::HIG && DPT::DEV && CTR::FR","DPT::DEV && CTR::EN",different,20,899,178,failure,200,631143320,3155716.600
covercrypt,classic,089a548,"SEC::HIG && DPT::DEV && CTR::FR","DPT::DEV && CTR::FR",different,20,899,178,success,200,386350057,1931750.285
covercrypt,classic,089a548,"SEC::HIG && DPT::DEV && CTR::FR","DPT::DEV && CTR::$",different,40,1645,178,success,200,746786795,3733933.975
covercrypt,classic,089a548,"SEC::HIG && DPT::DEV && CTR::FR","DPT::MKG",different,40,1645,178,failure,200,1639134774,8195673.870
covercrypt,classic,089a548,"SEC::HIG && DPT::DEV && CTR::FR","DPT::MKG && CTR::EN",different,20,899,178,failure,200,657957672,3289788.360
covercrypt,classic,089a548,"SEC::HIG && DPT::DEV && CTR::FR","DPT::MKG && CTR::FR",different,20,899,178,failure,200,587527234,2937636.170
covercrypt,classic,089a548,"SEC::HIG && DPT::DEV && CTR::FR","DPT::MKG && CTR::$",different,40,1645,178,failure,200,1222977610,6114888.050
covercrypt,classic,089a548,"SEC::HIG && DPT::DEV && CTR::FR","DPT::$",different,80,3147,178,success,200,1354097044,6770485.220
covercrypt,classic,089a548,"SEC::HIG && DPT::DEV && CTR::FR","DPT::$ && CTR::EN",different,40,1645,178,failure,200,1329024702,6645123.510
covercrypt,classic,089a548,"SEC::HIG && DPT::DEV && CTR::FR","DPT::$ && CTR::FR",different,40,1645,178,success,200,841190129,4205950.645
covercrypt,classic,089a548,"SEC::HIG && DPT::DEV && CTR::FR","DPT::$ && CTR::$",different,80,3147,178,success,200,1342622355,6713111.775
covercrypt,classic,089a548,"SEC::HIG && DPT::DEV && CTR::FR","SEC::LOW",different,32,1347,178,failure,200,918115968,4590579.840
covercrypt,classic,089a548,"SEC::HIG && DPT::DEV && CTR::FR","SEC::LOW && CTR::EN",different,16,751,178,failure,200,575904637,2879523.185
covercrypt,classic,089a548,"SEC::HIG && DPT::DEV && CTR::FR","SEC::LOW && CTR::FR",different,16,751,178,failure,200,569589786,2847948.930
covercrypt,classic,089a548,"SEC::HIG && DPT::DEV && CTR::FR","SEC::LOW && CTR::$",different,32,1347,178,failure,200,1287037861,6435189.305
covercrypt,classic,089a548,"SEC::HIG && DPT::DEV && CTR::FR","SEC::LOW && DPT::DEV",different,16,751,178,failure,200,461535193,2307675.965
covercrypt,classic,089a548,"SEC::HIG && DPT::DEV && CTR::FR","SEC::LOW && DPT::DEV && CTR::EN",same,8,455,178,failure,200,253520995,1267604.975
covercrypt,classic,089a548,"SEC::HIG && DPT::DEV && CTR::FR","SEC::LOW && DPT::DEV && CTR::FR",same,8,455,178,failure,200,293849547,1469247.735
covercrypt,classic,089a548,"SEC::HIG && DPT::DEV && CTR::FR","SEC::LOW && DPT::DEV && CTR::$",same,16,751,178,failure,200,510385714,2551928.570
covercrypt,classic,089a548,"SEC::HIG && DPT::DEV && CTR::FR","SEC::LOW && DPT::MKG",different,16,751,178,failure,200,483572187,2417860.935
covercrypt,classic,089a548,"SEC::HIG && DPT::DEV && CTR::FR","SEC::LOW && DPT::MKG && CTR::EN",same,8,455,178,failure,200,248048058,1240240.290
covercrypt,classic,089a548,"SEC::HIG && DPT::DEV && CTR::FR","SEC::LOW && DPT::MKG && CTR::FR",same,8,455,178,failure,200,262282585,1311412.925
covercrypt,classic,089a548,"SEC::HIG && DPT::DEV && CTR::FR","SEC::LOW && DPT::MKG && CTR::$",same,16,751,178,failure,200,469029054,2345145.270
covercrypt,classic,089a548,"SEC::HIG && DPT::DEV && CTR::FR","SEC::LOW && DPT::$",different,32,1347,178,failure,200,868949068,4344745.340
covercrypt,classic,089a548,"SEC::HIG && DPT::DEV && CTR::FR","SEC::LOW && DPT::$ && CTR::EN",same,16,751,178,failure,200,428166681,2140833.405
covercrypt,classic,089a548,"SEC::HIG && DPT::DEV && CTR::FR","SEC::LOW && DPT::$ && CTR::FR",same,16,751,178,failure,200,424209219,2121046.095
covercrypt,classic,089a548,"SEC::HIG && DPT::DEV && CTR::FR","SEC::LOW && DPT::$ && CTR::$",same,32,1347,178,failure,200,737694555,3688472.775
covercrypt,classic,089a548,"SEC::HIG && DPT::DEV && CTR::FR","SEC::MED",different,48,1947,178,failure,200,1276529472,6382647.360
covercrypt,classic,089a548,"SEC::HIG && DPT::DEV && CTR::FR","SEC::MED && CTR::EN",different,24,1049,178,failure,200,717167229,3585836.145
covercrypt,classic,089a548,"SEC::HIG && DPT::DEV && CTR::FR","SEC::MED && CTR::FR",different,24,1049,178,failure,200,955212326,4776061.630
covercrypt,classic,089a548,"SEC::HIG && DPT::DEV && CTR::FR","SEC::MED && CTR::$",different,48,1947,178,failure,200,1395255976,6976279.880
covercrypt,classic,089a548,"SEC::HIG && DPT::DEV && CTR::FR","SEC::MED && DPT::DEV",different,24,1049,178,failure,200,698254022,3491270.110
covercrypt,classic,089a548,"SEC::HIG && DPT::DEV && CTR::FR","SEC::MED && DPT::DEV && CTR::EN",same,12,603,178,failure,200,334574030,1672870.150
covercrypt,classic,089a548,"SEC::HIG && DPT::DEV && CTR::FR","SEC::MED && DPT::DEV && CTR::FR",same,12,603,178,failure,200,362128468,1810642.340
covercrypt,classic,089a548,"SEC::HIG && DPT::DEV && CTR::FR","SEC::MED && DPT::DEV && CTR::$",same,24,1049,178,failure,200,613846248,3069231.240
covercrypt,classic,089a548,"SEC::HIG && DPT::DEV && CTR::FR","SEC::MED && DPT::MKG",different,24,1049,178,failure,200,627340390,3136701.950
covercrypt,classic,089a548,"SEC::HIG && DPT::DEV && CTR::FR","SEC::MED && DPT::MKG && CTR::EN",same,12,603,178,failure,200,341462051,1707310.255
covercrypt,classic,089a548,"SEC::HIG && DPT::DEV && CTR::FR","SEC::MED && DPT::MKG && CTR::FR",same,12,603,178,failure,200,524562579,2622812.895
covercrypt,classic,089a548,"SEC::HIG && DPT::DEV && CTR::FR","SEC::MED && DPT::MKG && CTR::$",same,24,1049,178,failure,200,757590757,3787953.785
covercrypt,classic,089a548,"SEC::HIG && DPT::DEV && CTR::FR","SEC::MED && DPT::$",different,48,1947,178,failure,200,1298164381,6490821.905
covercrypt,classic,089a548,"SEC::HIG && DPT::DEV && CTR::FR","SEC::MED && DPT::$ && CTR::EN",same,24,1049,178,failure,200,710497997,3552489.985
covercrypt,classic,089a548,"SEC::HIG && DPT::DEV && CTR::FR","SEC::MED && DPT::$ && CTR::FR",same,24,1049,178,failure,200,625283139,3126415.695
covercrypt,classic,089a548,"SEC::HIG && DPT::DEV && CTR::FR","SEC::MED && DPT::$ && CTR::$",same,48,1947,178,failure,200,1360821199,6804105.995
covercrypt,classic,089a548,"SEC::HIG && DPT::DEV && CTR::FR","SEC::HIG",different,64,2547,178,success,200,1289148060,6445740.300
covercrypt,classic,089a548,"SEC::HIG && DPT::DEV && CTR::FR","SEC::HIG && CTR::EN",different,32,1347,178,failure,200,869486552,4347432.760
covercrypt,classic,089a548,"SEC::HIG && DPT::DEV && CTR::FR","SEC::HIG && CTR::FR",different,32,1347,178,success,200,550512043,2752560.215
covercrypt,classic,089a548,"SEC::HIG && DPT::DEV && CTR::FR","SEC::HIG && CTR::$",different,64,2547,178,success,200,1088915608,5444578.040
covercrypt,classic,089a548,"SEC::HIG && DPT::DEV && CTR::FR","SEC::HIG && DPT::DEV",different,32,1347,178,success,200,504319296,2521596.480
covercrypt,classic,089a548,"SEC::HIG && DPT::DEV && CTR::FR","SEC::HIG && DPT::DEV && CTR::EN",same,16,751,178,failure,200,364968350,1824841.750
covercrypt,classic,089a548,"SEC::HIG && DPT::DEV && CTR::FR","SEC::HIG && DPT::DEV && CTR::FR",same,16,751,178,success,200,294598517,1472992.585
covercrypt,classic,089a548,"SEC::HIG && DPT::DEV && CTR::FR","SEC::HIG && DPT::DEV && CTR::$",same,32,1347,178,success,200,391541205,1957706.025
covercrypt,classic,089a548,"SEC::HIG && DPT::DEV && CTR::FR","SEC::HIG && DPT::MKG",different,32,1347,178,failure,200,627112072,3135560.360
covercrypt,classic,089a548,"SEC::HIG && DPT::DEV && CTR::FR","SEC::HIG && DPT::MKG && CTR::EN",same,16,751,178,failure,200,331560689,1657803.445
covercrypt,classic,089a548,"SEC::HIG && DPT::DEV && CTR::FR","SEC::HIG && DPT::MKG && CTR::FR",same,16,751,178,failure,200,404141513,2020707.565
covercrypt,classic,089a548,"SEC::HIG && DPT::DEV && CTR::FR","SEC::HIG && DPT::MKG && CTR::$",same,32,1347,178,failure,200,667417100,3337085.500
covercrypt,classic,089a548,"SEC::HIG && DPT::DEV && CTR::FR","SEC::HIG && DPT::$",different,64,2547,178,success,200,777728713,3888643.565
covercrypt,classic,089a548,"SEC::HIG && DPT::DEV && CTR::FR","SEC::HIG && DPT::$ && CTR::EN",same,32,1347,178,failure,200,695462739,3477313.695
covercrypt,classic,089a548,"SEC::HIG && DPT::DEV && CTR::FR","SEC::HIG && DPT::$ && CTR::FR",same,32,1347,178,success,200,473234334,2366171.670
covercrypt,classic,089a548,"SEC::HIG && DPT::DEV && CTR::FR","SEC::HIG && DPT::$ && CTR::$",same,64,2547,178,success,200,904243790,4521218.950
covercrypt,classic,089a548,"SEC::HIG && DPT::DEV && CTR::FR","SEC::$",different,80,3147,178,success,200,1137382216,5686911.080
covercrypt,classic,089a548,"SEC::HIG && DPT::DEV && CTR::FR","SEC::$ && CTR::EN",different,40,1645,178,failure,200,1145427949,5727139.745
covercrypt,classic,089a548,"SEC::HIG && DPT::DEV && CTR::FR","SEC::$ && CTR::FR",different,40,1645,178,success,200,683390338,3416951.690
covercrypt,classic,089a548,"SEC::HIG && DPT::DEV && CTR::FR","SEC::$ && CTR::$",different,80,3147,178,success,200,1013913777,5069568.885
covercrypt,classic,089a548,"SEC::HIG && DPT::DEV && CTR::FR","SEC::$ && DPT::DEV",different,40,1645,178,success,200,554100466,2770502.330
covercrypt,classic,089a548,"SEC::HIG && DPT::DEV && CTR::FR","SEC::$ && DPT::DEV && CTR::EN",same,20,899,178,failure,200,800446086,4002230.430
covercrypt,classic,089a548,"SEC::HIG && DPT::DEV && CTR::FR","SEC::$ && DPT::DEV && CTR::FR",same,20,899,178,success,200,349653593,1748267.965
covercrypt,classic,089a548,"SEC::HIG && DPT::DEV && CTR::FR","SEC::$ && DPT::DEV && CTR::$",same,40,1645,178,success,200,521655619,2608278.095
covercrypt,classic,089a548,"SEC::HIG && DPT::DEV && CTR::FR","SEC::$ && DPT::MKG",different,40,1645,178,failure,200,862582245,4312911.225
covercrypt,classic,089a548,"SEC::HIG && DPT::DEV && CTR::FR","SEC::$ && DPT::MKG && CTR::EN",same,20,899,178,failure,200,449631098,2248155.490
covercrypt,classic,089a548,"SEC::HIG && DPT::DEV && CTR::FR","SEC::$ && DPT::MKG && CTR::FR",same,20,899,178,failure,200,452572575,2262862.875
covercrypt,classic,089a548,"SEC::HIG && DPT::DEV && CTR::FR","SEC::$ && DPT::MKG && CTR::$",same,40,1645,178,failure,200,828886060,4144430.300
covercrypt,classic,089a548,"SEC::HIG && DPT::DEV && CTR::FR","SEC::$ && DPT::$",different,80,3147,178,success,200,1043106890,5215534.450
covercrypt,classic,089a548,"SEC::HIG && DPT::DEV && CTR::FR","SEC::$ && DPT::$ && CTR::EN",same,40,1645,178,failure,200,1161541318,5807706.590
covercrypt,classic,089a548,"SEC::HIG && DPT::DEV && CTR::FR","SEC::$ && DPT::$ && CTR::FR",same,40,1645,178,success,200,621645575,3108227.875
covercrypt,classic,089a548,"SEC::HIG && DPT::DEV && CTR::FR","SEC::$ && DPT::$ && CTR::$",same,80,3147,178,success,200,875014386,4375071.930
covercrypt,classic,089a548,"SEC::HIG && DPT::$ && CTR::FR","CTR::EN",different,40,1645,178,failure,200,795113483,3975567.415
covercrypt,classic,089a548,"SEC::HIG && DPT::$ && CTR::FR","CTR::FR",different,40,1645,178,success,200,610551728,3052758.640
covercrypt,classic,089a548,"SEC::HIG && DPT::$ && CTR::FR","CTR::$",different,80,3147,178,success,200,1198002428,5990012.140
covercrypt,classic,089a548,"SEC::HIG && DPT::$ && CTR::FR","DPT::DEV",different,40,1645,178,failure,200,1011671182,5058355.910
covercrypt,classic,089a548,"SEC::HIG && DPT::$ && CTR::FR","DPT::DEV && CTR::EN",different,20,899,178,failure,200,650630881,3253154.405
covercrypt,classic,089a548,"SEC::HIG && DPT::$ && CTR::FR","DPT::DEV && CTR::FR",different,20,899,178,failure,200,507226027,2536130.135
covercrypt,classic,089a548,"SEC::HIG && DPT::$ && CTR::FR","DPT::DEV && CTR::$",different,40,1645,178,failure,200,924568158,4622840.790
covercrypt,classic,089a548,"SEC::HIG && DPT::$ && CTR::FR","DPT::MKG",different,40,1645,178,failure,200,856311801,4281559.005
covercrypt,classic,089a548,"SEC::HIG && DPT::$ && CTR::FR","DPT::MKG && CTR::EN",different,20,899,178,failure,200,447192233,2235961.165
covercrypt,classic,089a548,"SEC::HIG && DPT::$ && CTR::FR","DPT::MKG && CTR::FR",different,20,899,178,failure,200,495084559,2475422.795
covercrypt,classic,089a548,"SEC::HIG && DPT::$ && CTR::FR","DPT::MKG && CTR::$",different,40,1645,178,failure,200,1164772813,5823864.065
covercrypt,classic,089a548,"SEC::HIG && DPT::$ && CTR::FR","DPT::$",different,80,3147,178,success,200,1084320413,5421602.065
covercrypt,classic,089a548,"SEC::HIG && DPT::$ && CTR::FR","DPT::$ && CTR::EN",different,40,1645,178,failure,200,1788433195,8942165.975
covercrypt,classic,089a548,"SEC::HIG && DPT::$ && CTR::FR","DPT::$ && CTR::FR",different,40,1645,178,success,200,1540344795,7701723.975
covercrypt,classic,089a548,"SEC::HIG && DPT::$ && CTR::FR","DPT::$ && CTR::$",different,80,3147,178,success,200,1851489461,9257447.305
covercrypt,classic,089a548,"SEC::HIG && DPT::$ && CTR::FR","SEC::LOW",different,32,1347,178,failure,200,716940459,3584702.295
covercrypt,classic,089a548,"SEC::HIG && DPT::$ && CTR::FR","SEC::LOW && CTR::EN",different,16,751,178,failure,200,427336184,2136680.920
covercrypt,classic,089a548,"SEC::HIG && DPT::$ && CTR::FR","SEC::LOW && CTR::FR",different,16,751,178,failure,200,502467963,2512339.815
covercrypt,classic,089a548,"SEC::HIG && DPT::$ && CTR::FR","SEC::LOW && CTR::$",different,32,1347,178,failure,200,1061895329,5309476.645
covercrypt,classic,089a548,"SEC::HIG && DPT::$ && CTR::FR","SEC::LOW && DPT::DEV",different,16,751,178,failure,200,500770223,2503851.115
covercrypt,classic,089a548,"SEC::HIG && DPT::$ && CTR::FR","SEC::LOW && DPT::DEV && CTR::EN",same,8,455,178,failure,200,413443372,2067216.860
covercrypt,classic,089a548,"SEC::HIG && DPT::$ && CTR::FR","SEC::LOW && DPT::DEV && CTR::FR",same,8,455,178,failure,200,337971741,1689858.705
covercrypt,classic,089a548,"SEC::HIG && DPT::$ && CTR::FR","SEC::LOW && DPT::DEV && CTR::$",same,16,751,178,failure,200,442045297,2210226.485
covercrypt,classic,089a548,"SEC::HIG && DPT::$ && CTR::FR","SEC::LOW && DPT::MKG",different,16,751,178,failure,200,425334933,2126674.665
covercrypt,classic,089a548,"SEC::HIG && DPT::$ && CTR::FR","SEC::LOW && DPT::MKG && CTR::EN",same,8,455,178,failure,200,282486581,1412432.905
covercrypt,classic,089a548,"SEC::HIG && DPT::$ && CTR::FR","SEC::LOW && DPT::MKG && CTR::FR",same,8,455,178,failure,200,377123875,1885619.375
covercrypt,classic,089a548,"SEC::HIG && DPT::$ && CTR::FR","SEC::LOW && DPT::MKG && CTR::$",same,16,751,178,failure,200,772863763,3864318.815
covercrypt,classic,089a548,"SEC::HIG && DPT::$ && CTR::FR","SEC::LOW && DPT::$",different,32,1347,178,failure,200,1445589136,7227945.680
covercrypt,classic,089a548,"SEC::HIG && DPT::$ && CTR::FR","SEC::LOW && DPT::$ && CTR::EN",same,16,751,178,failure,200,494730996,2473654.980
covercrypt,classic,089a548,"SEC::HIG && DPT::$ && CTR::FR","SEC::LOW && DPT::$ && CTR::FR",same,16,751,178,failure,200,449580516,2247902.580
covercrypt,classic,089a548,"SEC::HIG && DPT::$ && CTR::FR","SEC::LOW && DPT::$ && CTR::$",same,32,1347,178,failure,200,699196463,3495982.315
covercrypt,classic,089a548,"SEC::HIG && DPT::$ && CTR::FR","SEC::MED",different,48,1947,178,failure,200,2034742851,10173714.255
covercrypt,classic,089a548,"SEC::HIG && DPT::$ && CTR::FR","SEC::MED && CTR::EN",different,24,1049,178,failure,200,738504326,3692521.630
covercrypt,classic,089a548,"SEC::HIG && DPT::$ && CTR::FR","SEC::MED && CTR::FR",different,24,1049,178,failure,200,615428235,3077141.175
covercrypt,classic,089a548,"SEC::HIG && DPT::$ && CTR::FR","SEC::MED && CTR::$",different,48,1947,178,failure,200,1065058126,5325290.630
covercrypt,classic,089a548,"SEC::HIG && DPT::$ && CTR::FR","SEC::MED && DPT::DEV",different,24,1049,178,failure,200,656523677,3282618.385
covercrypt,classic,089a548,"SEC::HIG && DPT::$ && CTR::FR","SEC::MED && DPT::DEV && CTR::EN",same,12,603,178,failure,200,358318344,1791591.720
covercrypt,classic,089a548,"SEC::HIG && DPT::$ && CTR::FR","SEC::MED && DPT::DEV && CTR::FR",same,12,603,178,failure,200,339811518,1699057.590
covercrypt,classic,089a548,"SEC::HIG && DPT::$ && CTR::FR","SEC::MED && DPT::DEV && CTR::$",same,24,1049,178,failure,200,808958686,4044793.430
covercrypt,classic,089a548,"SEC::HIG && DPT::$ && CTR::FR","SEC::MED && DPT::MKG",different,24,1049,178,failure,200,552015579,2760077.895
covercrypt,classic,089a548,"SEC::HIG && DPT::$ && CTR::FR","SEC::MED && DPT::MKG && CTR::EN",same,12,603,178,failure,200,323143218,1615716.090
covercrypt,classic,089a548,"SEC::HIG && DPT::$ && CTR::FR","SEC::MED && DPT::MKG && CTR::FR",same,12,603,178,failure,200,343819056,1719095.280
covercrypt,classic,089a548,"SEC::HIG && DPT::$ && CTR::FR","SEC::MED && DPT::MKG && CTR::$",same,24,1049,178,failure,200,677845098,3389225.490
covercrypt,classic,089a548,"SEC::HIG && DPT::$ && CTR::FR","SEC::MED && DPT::$",different,48,1947,178,failure,200,1200218444,6001092.220
covercrypt,classic,089a548,"SEC::HIG && DPT::$ && CTR::FR","SEC::MED && DPT::$ && CTR::EN",same,24,1049,178,failure,200,573759574,2868797.870
covercrypt,classic,089a548,"SEC::HIG && DPT::$ && CTR::FR","SEC::MED && DPT::$ && CTR::FR",same,24,1049,178,failure,200,550196496,2750982.480
covercrypt,classic,089a548,"SEC::HIG && DPT::$ && CTR::FR","SEC::MED && DPT::$ && CTR::$",same,48,1947,178,failure,200,974119436,4870597.180
covercrypt,classic,089a548,"SEC::HIG && DPT::$ && CTR::FR","SEC::HIG",different,64,2547,178,success,200,806579457,4032897.285
covercrypt,classic,089a548,"SEC::HIG && DPT::$ && CTR::FR","SEC::HIG && CTR::EN",different,32,1347,178,failure,200,852038027,4260190.135
covercrypt,classic,089a548,"SEC::HIG && DPT::$ && CTR::FR","SEC::HIG && CTR::FR",different,32,1347,178,success,200,425591222,2127956.110
covercrypt,classic,089a548,"SEC::HIG && DPT::$ && CTR::FR","SEC::HIG && CTR::$",different,64,2547,178,success,200,755573322,3777866.610
covercrypt,classic,089a548,"SEC::HIG && DPT::$ && CTR::FR","SEC::HIG && DPT::DEV",different,32,1347,178,failure,200,734934440,3674672.200
covercrypt,classic,089a548,"SEC::HIG && DPT::$ && CTR::FR","SEC::HIG && DPT::DEV && CTR::EN",same,16,751,178,failure,200,428934724,2144673.620
covercrypt,classic,089a548,"SEC::HIG && DPT::$ && CTR::FR","SEC::HIG && DPT::DEV && CTR::FR",same,16,751,178,failure,200,393423286,1967116.430
covercrypt,classic,089a548,"SEC::HIG && DPT::$ && CTR::FR","SEC::HIG && DPT::DEV && CTR::$",same,32,1347,178,failure,200,732549819,3662749.095
covercrypt,classic,089a548,"SEC::HIG && DPT::$ && CTR::FR","SEC::HIG && DPT::MKG",different,32,1347,178,failure,200,728759461,3643797.305
covercrypt,classic,089a548,"SEC::HIG && DPT::$ && CTR::FR","SEC::HIG && DPT::MKG && CTR::EN",same,16,751,178,failure,200,437757464,2188787.320
covercrypt,classic,089a548,"SEC::HIG && DPT::$ && CTR::FR","SEC::HIG && DPT::MKG && CTR::FR",same,16,751,178,failure,200,361603231,1808016.155
covercrypt,classic,089a548,"SEC::HIG && DPT::$ && CTR::FR","SEC::HIG && DPT::MKG && CTR::$",same,32,1347,178,failure,200,671616435,3358082.175
covercrypt,classic,089a548,"SEC::HIG && DPT::$ && CTR::FR","SEC::HIG && DPT::$",different,64,2547,178,success,200,678771205,3393856.025
covercrypt,classic,089a548,"SEC::HIG && DPT::$ && CTR::FR","SEC::HIG && DPT::$ && CTR::EN",same,32,1347,178,failure,200,673134832,3365674.160
covercrypt,classic,089a548,"SEC::HIG && DPT::$ && CTR::FR","SEC::HIG && DPT::$ && CTR::FR",same,32,1347,178,success,200,485221879,2426109.395
covercrypt,classic,089a548,"SEC::HIG && DPT::$ && CTR::FR","SEC::HIG && DPT::$ && CTR::$",same,64,2547,178,success,200,1122169873,5610849.365
covercrypt,classic,089a548,"SEC::HIG && DPT::$ && CTR::FR","SEC::$",different,80,3147,178,success,200,1170616002,5853080.010
covercrypt,classic,089a548,"SEC::HIG && DPT::$ && CTR::FR","SEC::$ && CTR::EN",different,40,1645,178,failure,200,1305685330,6528426.650
covercrypt,classic,089a548,"SEC::HIG && DPT::$ && CTR::FR","SEC::$ && CTR::FR",different,40,1645,178,success,200,638649313,3193246.565
covercrypt,classic,089a548,"SEC::HIG && DPT::$ && CTR::FR","SEC::$ && CTR::$",different,80,3147,178,success,200,934873027,4674365.135
covercrypt,classic,089a548,"SEC::HIG && DPT::$ && CTR::FR","SEC::$ && DPT::DEV",different,40,1645,178,failure,200,926685690,4633428.450
covercrypt,classic,089a548,"SEC::HIG && DPT::$ && CTR::FR","SEC::$ && DPT::DEV && CTR::EN",same,20,899,178,failure,200,701096908,3505484.540
covercrypt,classic,089a548,"SEC::HIG && DPT::$ && CTR::FR","SEC::$ && DPT::DEV && CTR::FR",same,20,899,178,failure,200,525770578,2628852.890
covercrypt,classic,089a548,"SEC::HIG && DPT::$ && CTR::FR","SEC::$ && DPT::DEV && CTR::$",same,40,1645,178,failure,200,992217448,4961087.240
covercrypt,classic,089a548,"SEC::HIG && DPT::$ && CTR::FR","SEC::$ && DPT::MKG",different,40,1645,178,failure,200,886393829,4431969.145
covercrypt,classic,089a548,"SEC::HIG && DPT::$ && CTR::FR","SEC::$ && DPT::MKG && CTR::EN",same,20,899,178,failure,200,502832692,2514163.460
covercrypt,classic,089a548,"SEC::HIG && DPT::$ && CTR::FR","SEC::$ && DPT::MKG && CTR::FR",same,20,899,178,failure,200,537360896,2686804.480
covercrypt,classic,089a548,"SEC::HIG && DPT::$ && CTR::FR","SEC::$ && DPT::MKG && CTR::$",same,40,1645,178,failure,200,828554956,4142774.780
covercrypt,classic,089a548,"SEC::HIG && DPT::$ && CTR::FR","SEC::$ && DPT::$",different,80,3147,178,success,200,1061438147,5307190.735
covercrypt,classic,089a548,"SEC::HIG && DPT::$ && CTR::FR","SEC::$ && DPT::$ && CTR::EN",same,40,1645,178,failure,200,928591076,4642955.380
covercrypt,classic,089a548,"SEC::HIG && DPT::$ && CTR::FR","SEC::$ && DPT::$ && CTR::FR",same,40,1645,178,success,200,439458054,2197290.270
covercrypt,classic,089a548,"SEC::HIG && DPT::$ && CTR::FR","SEC::$ && DPT::$ && CTR::$",same,80,3147,178,success,200,780449363,3902246.815
covercrypt,classic,089a548,"SEC::$ && DPT::DEV && CTR::FR","CTR::EN",different,40,1645,178,failure,200,787537985,3937689.925
covercrypt,classic,089a548,"SEC::$ && DPT::DEV && CTR::FR","CTR::FR",different,40,1645,178,success,200,529768874,2648844.370
covercrypt,classic,089a548,"SEC::$ && DPT::DEV && CTR::FR","CTR::$",different,80,3147,178,success,200,1223661788,6118308.940
covercrypt,classic,089a548,"SEC::$ && DPT::DEV && CTR::FR","DPT::DEV",different,40,1645,178,success,200,548402911,2742014.555
covercrypt,classic,089a548,"SEC::$ && DPT::DEV && CTR::FR","DPT::DEV && CTR::EN",different,20,899,178,failure,200,466873871,2334369.355
covercrypt,classic,089a548,"SEC::$ && DPT::DEV && CTR::FR","DPT::DEV && CTR::FR",different,20,899,178,success,200,326957031,1634785.155
covercrypt,classic,089a548,"SEC::$ && DPT::DEV && CTR::FR","DPT::DEV && CTR::$",different,40,1645,178,success,200,828471997,4142359.985
covercrypt,classic,089a548,"SEC::$ && DPT::DEV && CTR::FR","DPT::MKG",different,40,1645,178,failure,200,1521680118,7608400.590
covercrypt,classic,089a548,"SEC::$ && DPT::DEV && CTR::FR","DPT::MKG && CTR::EN",different,20,899,178,failure,200,495654926,2478274.630
covercrypt,classic,089a548,"SEC::$ && DPT::DEV && CTR::FR","DPT::MKG && CTR::FR",different,20,899,178,failure,200,538562450,2692812.250
covercrypt,classic,089a548,"SEC::$ && DPT::DEV && CTR::FR","DPT::MKG && CTR::$",different,40,1645,178,failure,200,866393471,4331967.355
covercrypt,classic,089a548,"SEC::$ && DPT::DEV && CTR::FR","DPT::$",different,80,3147,178,success,200,922794160,4613970.800
covercrypt,classic,089a548,"SEC::$ && DPT::DEV && CTR::FR","DPT::$ && CTR::EN",different,40,1645,178,failure,200,1067154861,5335774.305
covercrypt,classic,089a548,"SEC::$ && DPT::DEV && CTR::FR","DPT::$ && CTR::FR",different,40,1645,178,success,200,687821863,3439109.315
covercrypt,classic,089a548,"SEC::$ && DPT::DEV && CTR::FR","DPT::$ && CTR::$",different,80,3147,178,success,200,2977667634,14888338.170
covercrypt,classic,089a548,"SEC::$ && DPT::DEV && CTR::FR","SEC::LOW",different,32,1347,178,failure,200,1889469500,9447347.500
covercrypt,classic,089a548,"SEC::$ && DPT::DEV && CTR::FR","SEC::LOW && CTR::EN",different,16,751,178,failure,200,686224008,3431120.040
covercrypt,classic,089a548,"SEC::$ && DPT::DEV && CTR::FR","SEC::LOW && CTR::FR",different,16,751,178,failure,200,820065294,4100326.470
covercrypt,classic,089a548,"SEC::$ && DPT::DEV && CTR::FR","SEC::LOW && CTR::$",different,32,1347,178,failure,200,1138992093,5694960.465
covercrypt,classic,089a548,"SEC::$ && DPT::DEV && CTR::FR","SEC::LOW && DPT::DEV",different,16,751,178,failure,200,436698481,2183492.405
covercrypt,classic,089a548,"SEC::$ && DPT::DEV && CTR::FR","SEC::LOW && DPT::DEV && CTR::EN",same,8,455,178,failure,200,257425710,1287128.550
covercrypt,classic,089a548,"SEC::$ && DPT::DEV && CTR::FR","SEC::LOW && DPT::DEV && CTR::FR",same,8,455,178,failure,200,210372039,1051860.195
covercrypt,classic,089a548,"SEC::$ && DPT::DEV && CTR::FR","SEC::LOW && DPT::DEV && CTR::$",same,16,751,178,failure,200,392149044,1960745.220
covercrypt,classic,089a548,"SEC::$ && DPT::DEV && CTR::FR","SEC::LOW && DPT::MKG",different,16,751,178,failure,200,480617002,2403085.010
covercrypt,classic,089a548,"SEC::$ && DPT::DEV && CTR::FR","SEC::LOW && DPT::MKG && CTR::EN",same,8,455,178,failure,200,287725945,1438629.725
covercrypt,classic,089a548,"SEC::$ && DPT::DEV && CTR::FR","SEC::LOW && DPT::MKG && CTR::FR",same,8,455,178,failure,200,286727975,1433639.875
covercrypt,classic,089a548,"SEC::$ && DPT::DEV && CTR::FR","SEC::LOW && DPT::MKG && CTR::$",same,16,751,178,failure,200,434322704,2171613.520
covercrypt,classic,089a548,"SEC::$ && DPT::DEV && CTR::FR","SEC::LOW && DPT::$",different,32,1347,178,failure,200,1138236949,5691184.745
covercrypt,classic,089a548,"SEC::$ && DPT::DEV && CTR::FR","SEC::LOW && DPT::$ && CTR::EN",same,16,751,178,failure,200,571954663,2859773.315
covercrypt,classic,089a548,"SEC::$ && DPT::DEV && CTR::FR","SEC::LOW && DPT::$ && CTR::FR",same,16,751,178,failure,200,409041412,2045207.060
covercrypt,classic,089a548,"SEC::$ && DPT::DEV && CTR::FR","SEC::LOW && DPT::$ && CTR::$",same,32,1347,178,failure,200,703803447,3519017.235
covercrypt,classic,089a548,"SEC::$ && DPT::DEV && CTR::FR","SEC::MED",different,48,1947,178,failure,200,1068299619,5341498.095
covercrypt,classic,089a548,"SEC::$ && DPT::DEV && CTR::FR","SEC::MED && CTR::EN",different,24,1049,178,failure,200,716658161,3583290.805
covercrypt,classic,089a548,"SEC::$ && DPT::DEV && CTR::FR","SEC::MED && CTR::FR",different,24,1049,178,failure,200,1171506218,5857531.090
covercrypt,classic,089a548,"SEC::$ && DPT::DEV && CTR::FR","SEC::MED && CTR::$",different,48,1947,178,failure,200,2177344042,10886720.210
covercrypt,classic,089a548,"SEC::$ && DPT::DEV && CTR::FR","SEC::MED && DPT::DEV",different,24,1049,178,failure,200,704292849,3521464.245
covercrypt,classic,089a548,"SEC::$ && DPT::DEV && CTR::FR","SEC::MED && DPT::DEV && CTR::EN",same,12,603,178,failure,200,364801461,1824007.305
covercrypt,classic,089a548,"SEC::$ && DPT::DEV && CTR::FR","SEC::MED && DPT::DEV && CTR::FR",same,12,603,178,failure,200,372627490,1863137.450
covercrypt,classic,089a548,"SEC::$ && DPT::DEV && CTR::FR","SEC::MED && DPT::DEV && CTR::$",same,24,1049,178,failure,200,684783261,3423916.305
covercrypt,classic,089a548,"SEC::$ && DPT::DEV && CTR::FR","SEC::MED && DPT::MKG",different,24,1049,178,failure,200,666963167,3334815.835
covercrypt,classic,089a548,"SEC::$ && DPT::DEV && CTR::FR","SEC::MED && DPT::MKG && CTR::EN",same,12,603,178,failure,200,462777402,2313887.010
covercrypt,classic,089a548,"SEC::$ && DPT::DEV && CTR::FR","SEC::MED && DPT::MKG && CTR::FR",same,12,603,178,failure,200,507450891,2537254.455
covercrypt,classic,089a548,"SEC::$ && DPT::DEV && CTR::FR","SEC::MED && DPT::MKG && CTR::$",same,24,1049,178,failure,200,700648829,3503244.145
covercrypt,classic,089a548,"SEC::$ && DPT::DEV && CTR::FR","SEC::MED && DPT::$",different,48,1947,178,failure,200,1406297664,7031488.320
covercrypt,classic,089a548,"SEC::$ && DPT::DEV && CTR::FR","SEC::MED && DPT::$ && CTR::EN",same,24,1049,178,failure,200,568819013,2844095.065
covercrypt,classic,089a548,"SEC::$ && DPT::DEV && CTR::FR","SEC::MED && DPT::$ && CTR::FR",same,24,1049,178,failure,200,679870042,3399350.210
covercrypt,classic,089a548,"SEC::$ && DPT::DEV && CTR::FR","SEC::MED && DPT::$ && CTR::$",same,48,1947,178,failure,200,1313180310,6565901.550
covercrypt,classic,089a548,"SEC::$ && DPT::DEV && CTR::FR","SEC::HIG",different,64,2547,178,failure,200,2205229946,11026149.730
covercrypt,classic,089a548,"SEC::$ && DPT::DEV && CTR::FR","SEC::HIG && CTR::EN",different,32,1347,178,failure,200,1006967528,5034837.640
covercrypt,classic,089a548,"SEC::$ && DPT::DEV && CTR::FR","SEC::HIG && CTR::FR",different,32,1347,178,failure,200,762980104,3814900.520
covercrypt,classic,089a548,"SEC::$ && DPT::DEV && CTR::FR","SEC::HIG && CTR::$",different,64,2547,178,failure,200,1416613217,7083066.085
covercrypt,classic,089a548,"SEC::$ && DPT::DEV && CTR::FR","SEC::HIG && DPT::DEV",different,32,1347,178,failure,200,726618581,3633092.905
covercrypt,classic,089a548,"SEC::$ && DPT::DEV && CTR::FR","SEC::HIG && DPT::DEV && CTR::EN",same,16,751,178,failure,200,431456666,2157283.330
covercrypt,classic,089a548,"SEC::$ && DPT::DEV && CTR::FR","SEC::HIG && DPT::DEV && CTR::FR",same,16,751,178,failure,200,548304327,2741521.635
covercrypt,classic,089a548,"SEC::$ && DPT::DEV && CTR::FR","SEC::HIG && DPT::DEV && CTR::$",same,32,1347,178,failure,200,1098280243,5491401.215
covercrypt,classic,089a548,"SEC::$ && DPT::DEV && CTR::FR","SEC::HIG && DPT::MKG",different,32,1347,178,failure,200,878401248,4392006.240
covercrypt,classic,089a548,"SEC::$ && DPT::DEV && CTR::FR","SEC::HIG && DPT::MKG && CTR::EN",same,16,751,178,failure,200,437093941,2185469.705
covercrypt,classic,089a548,"SEC::$ && DPT::DEV && CTR::FR","SEC::HIG && DPT::MKG && CTR::FR",same,16,751,178,failure,200,411193676,2055968.380
covercrypt,classic,089a548,"SEC::$ && DPT::DEV && CTR::FR","SEC::HIG && DPT::MKG && CTR::$",same,32,1347,178,failure,200,763295548,3816477.740
covercrypt,classic,089a548,"SEC::$ && DPT::DEV && CTR::FR","SEC::HIG && DPT::$",different,64,2547,178,failure,200,1468689854,7343449.270
covercrypt,classic,089a548,"SEC::$ && DPT::DEV && CTR::FR","SEC::HIG && DPT::$ && CTR::EN",same,32,1347,178,failure,200,737509547,3687547.735
covercrypt,classic,089a548,"SEC::$ && DPT::DEV && CTR::FR","SEC::HIG && DPT::$ && CTR::FR",same,32,1347,178,failure,200,739846995,3699234.975
covercrypt,classic,089a548,"SEC::$ && DPT::DEV && CTR::FR","SEC::HIG && DPT::$ && CTR::$",same,64,2547,178,failure,200,1439046386,7195231.930
covercrypt,classic,089a548,"SEC::$ && DPT::DEV && CTR::FR","SEC::$",different,80,3147,178,success,200,971372077,4856860.385
covercrypt,classic,089a548,"SEC::$ && DPT::DEV && CTR::FR","SEC::$ && CTR::EN",different,40,1645,178,failure,200,975931470,4879657.350
covercrypt,classic,089a548,"SEC::$ && DPT::DEV && CTR::FR","SEC::$ && CTR::FR",different,40,1645,178,success,200,540606103,2703030.515
covercrypt,classic,089a548,"SEC::$ && DPT::DEV && CTR::FR","SEC::$ && CTR::$",different,80,3147,178,success,200,997560687,4987803.435
covercrypt,classic,089a548,"SEC::$ && DPT::DEV && CTR::FR","SEC::$ && DPT::DEV",different,40,1645,178,success,200,567802203,2839011.015
covercrypt,classic,089a548,"SEC::$ && DPT::DEV && CTR::FR","SEC::$ && DPT::DEV && CTR::EN",same,20,899,178,failure,200,512547027,2562735.135
covercrypt,classic,089a548,"SEC::$ && DPT::DEV && CTR::FR","SEC::$ && DPT::DEV && CTR::FR",same,20,899,178,success,200,290983867,1454919.335
covercrypt,classic,089a548,"SEC::$ && DPT::DEV && CTR::FR","SEC::$ && DPT::DEV && CTR::$",same,40,1645,178,success,200,639637799,3198188.995
covercrypt,classic,089a548,"SEC::$ && DPT::DEV && CTR::FR","SEC::$ && DPT::MKG",different,40,1645,178,failure,200,1022690766,5113453.830
covercrypt,classic,089a548,"SEC::$ && DPT::DEV && CTR::FR","SEC::$ && DPT::MKG && CTR::EN",same,20,899,178,failure,200,568017841,2840089.205
covercrypt,classic,089a548,"SEC::$ && DPT::DEV && CTR::FR","SEC::$ && DPT::MKG && CTR::FR",same,20,899,178,failure,200,578881531,2894407.655
covercrypt,classic,089a548,"SEC::$ && DPT::DEV && CTR::FR","SEC::$ && DPT::MKG && CTR::$",same,40,1645,178,failure,200,991002144,4955010.720
covercrypt,classic,089a548,"SEC::$ && DPT::DEV && CTR::FR","SEC::$ && DPT::$",different,80,3147,178,success,200,927444236,4637221.180
covercrypt,classic,089a548,"SEC::$ && DPT::DEV && CTR::FR","SEC::$ && DPT::$ && CTR::EN",same,40,1645,178,failure,200,1006573755,5032868.775
covercrypt,classic,089a548,"SEC::$ && DPT::DEV && CTR::FR","SEC::$ && DPT::$ && CTR::FR",same,40,1645,178,success,200,628420663,3142103.315
covercrypt,classic,089a548,"SEC::$ && DPT::DEV && CTR::FR","SEC::$ && DPT::$ && CTR::$",same,80,3147,178,success,200,1088985149,5444925.745
covercrypt,classic,089a548,"SEC::$ && DPT::$ && CTR::FR","CTR::EN",different,40,1645,178,failure,200,1060409001,5302045.005
covercrypt,classic,089a548,"SEC::$ && DPT::$ && CTR::FR","CTR::FR",different,40,1645,178,success,200,772068947,3860344.735
covercrypt,classic,089a548,"SEC::$ && DPT::$ && CTR::FR","CTR::$",different,80,3147,178,success,200,1583190578,7915952.890
covercrypt,classic,089a548,"SEC::$ && DPT::$ && CTR::FR","DPT::DEV",different,40,1645,178,failure,200,1068044450,5340222.250
covercrypt,classic,089a548,"SEC::$ && DPT::$ && CTR::FR","DPT::DEV && CTR::EN",different,20,899,178,failure,200,652601767,3263008.835
covercrypt,classic,089a548,"SEC::$ && DPT::$ && CTR::FR","DPT::DEV && CTR::FR",different,20,899,178,failure,200,775374151,3876870.755
covercrypt,classic,089a548,"SEC::$ && DPT::$ && CTR::FR","DPT::DEV && CTR::$",different,40,1645,178,failure,200,1533292775,7666463.875
covercrypt,classic,089a548,"SEC::$ && DPT::$ && CTR::FR","DPT::MKG",different,40,1645,178,failure,200,1104685624,5523428.120
covercrypt,classic,089a548,"SEC::$ && DPT::$ && CTR::FR","DPT::MKG && CTR::EN",different,20,899,178,failure,200,570177534,2850887.670
covercrypt,classic,089a548,"SEC::$ && DPT::$ && CTR::FR","DPT::MKG && CTR::FR",different,20,899,178,failure,200,600208719,3001043.595
covercrypt,classic,089a548,"SEC::$ && DPT::$ && CTR::FR","DPT::MKG && CTR::$",different,40,1645,178,failure,200,1119852182,5599260.910
covercrypt,classic,089a548,"SEC::$ && DPT::$ && CTR::FR","DPT::$",different,80,3147,178,success,200,1116599068,5582995.340
covercrypt,classic,089a548,"SEC::$ && DPT::$ && CTR::FR","DPT::$ && CTR::EN",different,40,1645,178,failure,200,1083779146,5418895.730
covercrypt,classic,089a548,"SEC::$ && DPT::$ && CTR::FR","DPT::$ && CTR::FR",different,40,1645,178,success,200,537354874,2686774.370
covercrypt,classic,089a548,"SEC::$ && DPT::$ && CTR::FR","DPT::$ && CTR::$",different,80,3147,178,success,200,1357017805,6785089.025
covercrypt,classic,089a548,"SEC::$ && DPT::$ && CTR::FR","SEC::LOW",different,32,1347,178,failure,200,1077533185,5387665.925
covercrypt,classic,089a548,"SEC::$ && DPT::$ && CTR::FR","SEC::LOW && CTR::EN",different,16,751,178,failure,200,463761617,2318808.085
covercrypt,classic,089a548,"SEC::$ && DPT::$ && CTR::FR","SEC::LOW && CTR::FR",different,16,751,178,failure,200,604327227,3021636.135
covercrypt,classic,089a548,"SEC::$ && DPT::$ && CTR::FR","SEC::LOW && CTR::$",different,32,1347,178,failure,200,1286320548,6431602.740
covercrypt,classic,089a548,"SEC::$ && DPT::$ && CTR::FR","SEC::LOW && DPT::DEV",different,16,751,178,failure,200,773930384,3869651.920
covercrypt,classic,089a548,"SEC::$ && DPT::$ && CTR::FR","SEC::LOW && DPT::DEV && CTR::EN",same,8,455,178,failure,200,295936355,1479681.775
covercrypt,classic,089a548,"SEC::$ && DPT::$ && CTR::FR","SEC::LOW && DPT::DEV && CTR::FR",same,8,455,178,failure,200,338646814,1693234.070
covercrypt,classic,089a548,"SEC::$ && DPT::$ && CTR::FR","SEC::LOW && DPT::DEV && CTR::$",same,16,751,178,failure,200,541010994,2705054.970
covercrypt,classic,089a548,"SEC::$ && DPT::$ && CTR::FR","SEC::LOW && DPT::MKG",different,16,751,178,failure,200,680406432,3402032.160
covercrypt,classic,089a548,"SEC::$ && DPT::$ && CTR::FR","SEC::LOW && DPT::MKG && CTR::EN",same,8,455,178,failure,200,371888340,1859441.700
covercrypt,classic,089a548,"SEC::$ && DPT::$ && CTR::FR","SEC::LOW && DPT::MKG && CTR::FR",same,8,455,178,failure,200,504590462,2522952.310
covercrypt,classic,089a548,"SEC::$ && DPT::$ && CTR::FR","SEC::LOW && DPT::MKG && CTR::$",same,16,751,178,failure,200,752840911,3764204.555
covercrypt,classic,089a548,"SEC::$ && DPT::$ && CTR::FR","SEC::LOW && DPT::$",different,32,1347,178,failure,200,1275961269,6379806.345
covercrypt,classic,089a548,"SEC::$ && DPT::$ && CTR::FR","SEC::LOW && DPT::$ && CTR::EN",same,16,751,178,failure,200,492013300,2460066.500
covercrypt,classic,089a548,"SEC::$ && DPT::$ && CTR::FR","SEC::LOW && DPT::$ && CTR::FR",same,16,751,178,failure,200,590235231,2951176.155
covercrypt,classic,089a548,"SEC::$ && DPT::$ && CTR::FR","SEC::LOW && DPT::$ && CTR::$",same,32,1347,178,failure,200,1043693992,5218469.960
covercrypt,classic,089a548,"SEC::$ && DPT::$ && CTR::FR","SEC::MED",different,48,1947,178,failure,200,2218375920,11091879.600
covercrypt,classic,089a548,"SEC::$ && DPT::$ && CTR::FR","SEC::MED && CTR::EN",different,24,1049,178,failure,200,863947054,4319735.270
covercrypt,classic,089a548,"SEC::$ && DPT::$ && CTR::FR","SEC::MED && CTR::FR",different,24,1049,178,failure,200,752341723,3761708.615
covercrypt,classic,089a548,"SEC::$ && DPT::$ && CTR::FR","SEC::MED && CTR::$",different,48,1947,178,failure,200,2179993596,10899967.980
covercrypt,classic,089a548,"SEC::$ && DPT::$ && CTR::FR","SEC::MED && DPT::DEV",different,24,1049,178,failure,200,1956028889,9780144.445
covercrypt,classic,089a548,"SEC::$ && DPT::$ && CTR::FR","SEC::MED && DPT::DEV && CTR::EN",same,12,603,178,failure,200,1067152173,5335760.865
covercrypt,classic,089a548,"SEC::$ && DPT::$ && CTR::FR","SEC::MED && DPT::DEV && CTR::FR",same,12,603,178,failure,200,960669417,4803347.085
covercrypt,classic,089a548,"SEC::$ && DPT::$ && CTR::FR","SEC::MED && DPT::DEV && CTR::$",same,24,1049,178,failure,200,1239116188,6195580.940
covercrypt,classic,089a548,"SEC::$ && DPT::$ && CTR::FR","SEC::MED && DPT::MKG",different,24,1049,178,failure,200,1624057139,8120285.695
covercrypt,classic,089a548,"SEC::$ && DPT::$ && CTR::FR","SEC::MED && DPT::MKG && CTR::EN",same,12,603,178,failure,200,861712781,4308563.905
covercrypt,classic,089a548,"SEC::$ && DPT::$ && CTR::FR","SEC::MED && DPT::MKG && CTR::FR",same,12,603,178,failure,200,946218087,4731090.435
covercrypt,classic,089a548,"SEC::$ && DPT::$ && CTR::FR","SEC::MED && DPT::MKG && CTR::$",same,24,1049,178,failure,200,1933477528,9667387.640
covercrypt,classic,089a548,"SEC::$ && DPT::$ && CTR::FR","SEC::MED && DPT::$",different,48,1947,178,failure,200,2189468344,10947341.720
covercrypt,classic,089a548,"SEC::$ && DPT::$ && CTR::FR","SEC::MED && DPT::$ && CTR::EN",same,24,1049,178,failure,200,933449994,4667249.970
covercrypt,classic,089a548,"SEC::$ && DPT::$ && CTR::FR","SEC::MED && DPT::$ && CTR::FR",same,24,1049,178,failure,200,1056760270,5283801.350
covercrypt,classic,089a548,"SEC::$ && DPT::$ && CTR::FR","SEC::MED && DPT::$ && CTR::$",same,48,1947,178,failure,200,2169920332,10849601.660
covercrypt,classic,089a548,"SEC::$ && DPT::$ && CTR::FR","SEC::HIG",different,64,2547,178,failure,200,4300211034,21501055.170
covercrypt,classic,089a548,"SEC::$ && DPT::$ && CTR::FR","SEC::HIG && CTR::EN",different,32,1347,178,failure,200,1702003672,8510018.360
covercrypt,classic,089a548,"SEC::$ && DPT::$ && CTR::FR","SEC::HIG && CTR::FR",different,32,1347,178,failure,200,1282507969,6412539.845
covercrypt,classic,089a548,"SEC::$ && DPT::$ && CTR::FR","SEC::HIG && CTR::$",different,64,2547,178,failure,200,2924119746,14620598.730
covercrypt,classic,089a548,"SEC::$ && DPT::$ && CTR::FR","SEC::HIG && DPT::DEV",different,32,1347,178,failure,200,1368821402,6844107.010
covercrypt,classic,089a548,"SEC::$ && DPT::$ && CTR::FR","SEC::HIG && DPT::DEV && CTR::EN",same,16,751,178,failure,200,692756208,3463781.040
covercrypt,classic,089a548,"SEC::$ && DPT::$ && CTR::FR","SEC::HIG && DPT::DEV && CTR::FR",same,16,751,178,failure,200,645834992,3229174.960
covercrypt,classic,089a548,"SEC::$ && DPT::$ && CTR::FR","SEC::HIG && DPT::DEV && CTR::$",same,32,1347,178,failure,200,1504635940,7523179.700
covercrypt,classic,089a548,"SEC::$ && DPT::$ && CTR::FR","SEC::HIG && DPT::MKG",different,32,1347,178,failure,200,1549418772,7747093.860
covercrypt,classic,089a548,"SEC::$ && DPT::$ && CTR::FR","SEC::HIG && DPT::MKG && CTR::EN",same,16,751,178,failure,200,868973116,4344865.580
covercrypt,classic,089a548,"SEC::$ && DPT::$ && CTR::FR","SEC::HIG && DPT::MKG && CTR::FR",same,16,751,178,failure,200,872652102,4363260.510
covercrypt,classic,089a548,"SEC::$ && DPT::$ && CTR::FR","SEC::HIG && DPT::MKG && CTR::$",same,32,1347,178,failure,200,1234502935,6172514.675
covercrypt,classic,089a548,"SEC::$ && DPT::$ && CTR::FR","SEC::HIG && DPT::$",different,64,2547,178,failure,200,2276806182,11384030.910
covercrypt,classic,089a548,"SEC::$ && DPT::$ && CTR::FR","SEC::HIG && DPT::$ && CTR::EN",same,32,1347,178,failure,200,1095155278,5475776.390
covercrypt,classic,089a548,"SEC::$ && DPT::$ && CTR::FR","SEC::HIG && DPT::$ && CTR::FR",same,32,1347,178,failure,200,1241839767,6209198.835
covercrypt,classic,089a548,"SEC::$ && DPT::$ && CTR::FR","SEC::HIG && DPT::$ && CTR::$",same,64,2547,178,failure,200,3774955155,18874775.775
covercrypt,classic,089a548,"SEC::$ && DPT::$ && CTR::FR","SEC::$",different,80,3147,178,success,200,1964074707,9820373.535
covercrypt,classic,089a548,"SEC::$ && DPT::$ && CTR::FR","SEC::$ && CTR::EN",different,40,1645,178,failure,200,1250570240,6252851.200
covercrypt,classic,089a548,"SEC::$ && DPT::$ && CTR::FR","SEC::$ && CTR::FR",different,40,1645,178,success,200,764322467,3821612.335
covercrypt,classic,089a548,"SEC::$ && DPT::$ && CTR::FR","SEC::$ && CTR::$",different,80,3147,178,success,200,1144871251,5724356.255
covercrypt,classic,089a548,"SEC::$ && DPT::$ && CTR::FR","SEC::$ && DPT::DEV",different,40,1645,178,failure,200,1323305922,6616529.610
covercrypt,classic,089a548,"SEC::$ && DPT::$ && CTR::FR","SEC::$ && DPT::DEV && CTR::EN",same,20,899,178,failure,200,810605411,4053027.055
covercrypt,classic,089a548,"SEC::$ && DPT::$ && CTR::FR","SEC::$ && DPT::DEV && CTR::FR",same,20,899,178,failure,200,593686151,2968430.755
covercrypt,classic,089a548,"SEC::$ && DPT::$ && CTR::FR","SEC::$ && DPT::DEV && CTR::$",same,40,1645,178,failure,200,1165130163,5825650.815
covercrypt,classic,089a548,"SEC::$ && DPT::$ && CTR::FR","SEC::$ && DPT::MKG",different,40,1645,178,failure,200,1086459442,5432297.210
covercrypt,classic,089a548,"SEC::$ && DPT::$ && CTR::FR","SEC::$ && DPT::MKG && CTR::EN",same,20,899,178,failure,200,558273600,2791368.000
covercrypt,classic,089a548,"SEC::$ && DPT::$ && CTR::FR","SEC::$ && DPT::MKG && CTR::FR",same,20,899,178,failure,200,624480638,3122403.190
covercrypt,classic,089a548,"SEC::$ && DPT::$ && CTR::FR","SEC::$ && DPT::MKG && CTR::$",same,40,1645,178,failure,200,1291025653,6455128.265
covercrypt,classic,089a548,"SEC::$ && DPT::$ && CTR::FR","SEC::$ && DPT::$",different,80,3147,178,success,200,1421519450,7107597.250
covercrypt,classic,089a548,"SEC::$ && DPT::$ && CTR::FR","SEC::$ && DPT::$ && CTR::EN",same,40,1645,178,failure,200,1538946938,7694734.690
covercrypt,classic,089a548,"SEC::$ && DPT::$ && CTR::FR","SEC::$ && DPT::$ && CTR::FR",same,40,1645,178,success,200,802520537,4012602.685
covercrypt,classic,089a548,"SEC::$ && DPT::$ && CTR::FR","SEC::$ && DPT::$ && CTR::$",same,80,3147,178,success,200,1293733778,6468668.890
covercrypt,classic,089a548,"DPT::DEV && CTR::$","CTR::EN",different,40,1645,178,failure,200,1407465585,7037327.925
covercrypt,classic,089a548,"DPT::DEV && CTR::$","CTR::FR",different,40,1645,178,failure,200,1440025748,7200128.740
covercrypt,classic,089a548,"DPT::DEV && CTR::$","CTR::$",different,80,3147,178,success,200,1665588715,8327943.575
covercrypt,classic,089a548,"DPT::DEV && CTR::$","DPT::DEV",different,40,1645,178,success,200,851602499,4258012.495
covercrypt,classic,089a548,"DPT::DEV && CTR::$","DPT::DEV && CTR::EN",different,20,899,178,failure,200,745883523,3729417.615
covercrypt,classic,089a548,"DPT::DEV && CTR::$","DPT::DEV && CTR::FR",different,20,899,178,failure,200,758978957,3794894.785
covercrypt,classic,089a548,"DPT::DEV && CTR::$","DPT::DEV && CTR::$",different,40,1645,178,success,200,879714290,4398571.450
covercrypt,classic,089a548,"DPT::DEV && CTR::$","DPT::MKG",different,40,1645,178,failure,200,1419806160,7099030.800
covercrypt,classic,089a548,"DPT::DEV && CTR::$","DPT::MKG && CTR::EN",different,20,899,178,failure,200,866566879,4332834.395
covercrypt,classic,089a548,"DPT::DEV && CTR::$","DPT::MKG && CTR::FR",different,20,899,178,failure,200,729754839,3648774.195
covercrypt,classic,089a548,"DPT::DEV && CTR::$","DPT::MKG && CTR::$",different,40,1645,178,failure,200,1413877472,7069387.360
covercrypt,classic,089a548,"DPT::DEV && CTR::$","DPT::$",different,80,3147,178,success,200,1529786541,7648932.705
covercrypt,classic,089a548,"DPT::DEV && CTR::$","DPT::$ && CTR::EN",different,40,1645,178,failure,200,1715774741,8578873.705
covercrypt,classic,089a548,"DPT::DEV && CTR::$","DPT::$ && CTR::FR",different,40,1645,178,failure,200,1463972397,7319861.985
covercrypt,classic,089a548,"DPT::DEV && CTR::$","DPT::$ && CTR::$",different,80,3147,178,success,200,1694105129,8470525.645
covercrypt,classic,089a548,"DPT::DEV && CTR::$","SEC::LOW",different,32,1347,178,success,200,680484133,3402420.665
covercrypt,classic,089a548,"DPT::DEV && CTR::$","SEC::LOW && CTR::EN",different,16,751,178,failure,200,584300330,2921501.650
covercrypt,classic,089a548,"DPT::DEV && CTR::$","SEC::LOW && CTR::FR",different,16,751,178,failure,200,646404291,3232021.455
covercrypt,classic,089a548,"DPT::DEV && CTR::$","SEC::LOW && CTR::$",different,32,1347,178,success,200,686802009,3434010.045
covercrypt,classic,089a548,"DPT::DEV && CTR::$","SEC::LOW && DPT::DEV",different,16,751,178,success,200,456956183,2284780.915
covercrypt,classic,089a548,"DPT::DEV && CTR::$","SEC::LOW && DPT::DEV && CTR::EN",same,8,455,178,failure,200,369307779,1846538.895
covercrypt,classic,089a548,"DPT::DEV && CTR::$","SEC::LOW && DPT::DEV && CTR::FR",same,8,455,178,failure,200,377599218,1887996.090
covercrypt,classic,089a548,"DPT::DEV && CTR::$","SEC::LOW && DPT::DEV && CTR::$",same,16,751,178,success,200,441934397,2209671.985
covercrypt,classic,089a548,"DPT::DEV && CTR::$","SEC::LOW && DPT::MKG",different,16,751,178,failure,200,584399843,2921999.215
covercrypt,classic,089a548,"DPT::DEV && CTR::$","SEC::LOW && DPT::MKG && CTR::EN",same,8,455,178,failure,200,385312016,1926560.080
covercrypt,classic,089a548,"DPT::DEV && CTR::$","SEC::LOW && DPT::MKG && CTR::FR",same,8,455,178,failure,200,350526665,1752633.325
covercrypt,classic,089a548,"DPT::DEV && CTR::$","SEC::LOW && DPT::MKG && CTR::$",same,16,751,178,failure,200,560482119,2802410.595
covercrypt,classic,089a548,"DPT::DEV && CTR::$","SEC::LOW && DPT::$",different,32,1347,178,success,200,752598625,3762993.125
covercrypt,classic,089a548,"DPT::DEV && CTR::$","SEC::LOW && DPT::$ && CTR::EN",same,16,751,178,failure,200,659457843,3297289.215
covercrypt,classic,089a548,"DPT::DEV && CTR::$","SEC::LOW && DPT::$ && CTR::FR",same,16,751,178,failure,200,594271314,2971356.570
covercrypt,classic,089a548,"DPT::DEV && CTR::$","SEC::LOW && DPT::$ && CTR::$",same,32,1347,178,success,200,694293046,3471465.230
covercrypt,classic,089a548,"DPT::DEV && CTR::$","SEC::MED",different,48,1947,178,success,200,946765049,4733825.245
covercrypt,classic,089a548,"DPT::DEV && CTR::$","SEC::MED && CTR::EN",different,24,1049,178,failure,200,869056688,4345283.440
covercrypt,classic,089a548,"DPT::DEV && CTR::$","SEC::MED && CTR::FR",different,24,1049,178,failure,200,963918531,4819592.655
covercrypt,classic,089a548,"DPT::DEV && CTR::$","SEC::MED && CTR::$",different,48,1947,178,success,200,991428428,4957142.140
covercrypt,classic,089a548,"DPT::DEV && CTR::$","SEC::MED && DPT::DEV",different,24,1049,178,success,200,587555347,2937776.735
covercrypt,classic,089a548,"DPT::DEV && CTR::$","SEC::MED && DPT::DEV && CTR::EN",same,12,603,178,failure,200,465851700,2329258.500
covercrypt,classic,089a548,"DPT::DEV && CTR::$","SEC::MED && DPT::DEV && CTR::FR",same,12,603,178,failure,200,466978890,2334894.450
covercrypt,classic,089a548,"DPT::DEV && CTR::$","SEC::MED && DPT::DEV && CTR::$",same,24,1049,178,success,200,588266052,2941330.260
covercrypt,classic,089a548,"DPT::DEV && CTR::$","SEC::MED && DPT::MKG",different,24,1049,178,failure,200,786890312,3934451.560
covercrypt,classic,089a548,"DPT::DEV && CTR::$","SEC::MED && DPT::MKG && CTR::EN",same,12,603,178,failure,200,416607762,2083038.810
covercrypt,classic,089a548,"DPT::DEV && CTR::$","SEC::MED && DPT::MKG && CTR::FR",same,12,603,178,failure,200,490182989,2450914.945
covercrypt,classic,089a548,"DPT::DEV && CTR::$","SEC::MED && DPT::MKG && CTR::$",same,24,1049,178,failure,200,791483392,3957416.960
covercrypt,classic,089a548,"DPT::DEV && CTR::$","SEC::MED && DPT::$",different,48,1947,178,success,200,864724186,4323620.930
covercrypt,classic,089a548,"DPT::DEV && CTR::$","SEC::MED && DPT::$ && CTR::EN",same,24,1049,178,failure,200,860424572,4302122.860
covercrypt,classic,089a548,"DPT::DEV && CTR::$","SEC::MED && DPT::$ && CTR::FR",same,24,1049,178,failure,200,922242507,4611212.535
covercrypt,classic,089a548,"DPT::DEV && CTR::$","SEC::MED && DPT::$ && CTR::$",same,48,1947,178,success,200,1120841059,5604205.295
covercrypt,classic,089a548,"DPT::DEV && CTR::$","SEC::HIG",different,64,2547,178,success,200,1394421371,6972106.855
covercrypt,classic,089a548,"DPT::DEV && CTR::$","SEC::HIG && CTR::EN",different,32,1347,178,failure,200,1158210054,5791050.270
covercrypt,classic,089a548,"DPT::DEV && CTR::$","SEC::HIG && CTR::FR",different,32,1347,178,failure,200,1339607954,6698039.770
covercrypt,classic,089a548,"DPT::DEV && CTR::$","SEC::HIG && CTR::$",different,64,2547,178,success,200,1411866675,7059333.375
covercrypt,classic,089a548,"DPT::DEV && CTR::$","SEC::HIG && DPT::DEV",different,32,1347,178,success,200,728243860,3641219.300
covercrypt,classic,089a548,"DPT::DEV && CTR::$","SEC::HIG && DPT::DEV && CTR::EN",same,16,751,178,failure,200,584670222,2923351.110
covercrypt,classic,089a548,"DPT::DEV && CTR::$","SEC::HIG && DPT::DEV && CTR::FR",same,16,751,178,failure,200,590501652,2952508.260
covercrypt,classic,089a548,"DPT::DEV && CTR::$","SEC::HIG && DPT::DEV && CTR::$",same,32,1347,178,success,200,610333087,3051665.435
covercrypt,classic,089a548,"DPT::DEV && CTR::$","SEC::HIG && DPT::MKG",different,32,1347,178,failure,200,1075415126,5377075.630
covercrypt,classic,089a548,"DPT::DEV && CTR::$","SEC::HIG && DPT::MKG && CTR::EN",same,16,751,178,failure,200,613260641,3066303.205
covercrypt,classic,089a548,"DPT::DEV && CTR::$","SEC::HIG && DPT::MKG && CTR::FR",same,16,751,178,failure,200,569490673,2847453.365
covercrypt,classic,089a548,"DPT::DEV && CTR::$","SEC::HIG && DPT::MKG && CTR::$",same,32,1347,178,failure,200,1339906391,6699531.955
covercrypt,classic,089a548,"DPT::DEV && CTR::$","SEC::HIG && DPT::$",different,64,2547,178,success,200,1221761630,6108808.150
covercrypt,classic,089a548,"DPT::DEV && CTR::$","SEC::HIG && DPT::$ && CTR::EN",same,32,1347,178,failure,200,1149893296,5749466.480
covercrypt,classic,089a548,"DPT::DEV && CTR::$","SEC::HIG && DPT::$ && CTR::FR",same,32,1347,178,failure,200,1105555533,5527777.665
covercrypt,classic,089a548,"DPT::DEV && CTR::$","SEC::HIG && DPT::$ && CTR::$",same,64,2547,178,success,200,1187021838,5935109.190
covercrypt,classic,089a548,"DPT::DEV && CTR::$","SEC::$",different,80,3147,178,success,200,1379576752,6897883.760
covercrypt,classic,089a548,"DPT::DEV && CTR::$","SEC::$ && CTR::EN",different,40,1645,178,failure,200,1449001993,7245009.965
covercrypt,classic,089a548,"DPT::DEV && CTR::$","SEC::$ && CTR::FR",different,40,1645,178,failure,200,1291977774,6459888.870
covercrypt,classic,089a548,"DPT::DEV && CTR::$","SEC::$ && CTR::$",different,80,3147,178,success,200,1456544763,7282723.815
covercrypt,classic,089a548,"DPT::DEV && CTR::$","SEC::$ && DPT::DEV",different,40,1645,178,success,200,847284947,4236424.735
covercrypt,classic,089a548,"DPT::DEV && CTR::$","SEC::$ && DPT::DEV && CTR::EN",same,20,899,178,failure,200,676387572,3381937.860
covercrypt,classic,089a548,"DPT::DEV && CTR::$","SEC::$ && DPT::DEV && CTR::FR",same,20,899,178,failure,200,681926268,3409631.340
covercrypt,classic,089a548,"DPT::DEV && CTR::$","SEC::$ && DPT::DEV && CTR::$",same,40,1645,178,success,200,792758575,3963792.875
covercrypt,classic,089a548,"DPT::DEV && CTR::$","SEC::$ && DPT::MKG",different,40,1645,178,failure,200,1361096956,6805484.780
covercrypt,classic,089a548,"DPT::DEV && CTR::$","SEC::$ && DPT::MKG && CTR::EN",same,20,899,178,failure,200,682847582,3414237.910
covercrypt,classic,089a548,"DPT::DEV && CTR::$","SEC::$ && DPT::MKG && CTR::FR",same,20,899,178,failure,200,764280909,3821404.545
covercrypt,classic,089a548,"DPT::DEV && CTR::$","SEC::$ && DPT::MKG && CTR::$",same,40,1645,178,failure,200,1459758626,7298793.130
covercrypt,classic,089a548,"DPT::DEV && CTR::$","SEC::$ && DPT::$",different,80,3147,178,success,200,1687611421,8438057.105
covercrypt,classic,089a548,"DPT::DEV && CTR::$","SEC::$ && DPT::$ && CTR::EN",same,40,1645,178,failure,200,1764192244,8820961.220
covercrypt,classic,089a548,"DPT::DEV && CTR::$","SEC::$ && DPT::$ && CTR::FR",same,40,1645,178,failure,200,1382999410,6914997.050
covercrypt,classic,089a548,"DPT::DEV && CTR::$","SEC::$ && DPT::$ && CTR::$",same,80,3147,178,success,200,1544556823,7722784.115
covercrypt,classic,089a548,"DPT::$ && CTR::$","CTR::EN",different,40,1645,178,failure,200,1454699331,7273496.655
covercrypt,classic,089a548,"DPT::$ && CTR::$","CTR::FR",different,40,1645,178,failure,200,1376452619,6882263.095
covercrypt,classic,089a548,"DPT::$ && CTR::$","CTR::$",different,80,3147,178,success,200,1509885321,7549426.605
covercrypt,classic,089a548,"DPT::$ && CTR::$","DPT::DEV",different,40,1645,178,failure,200,1462965875,7314829.375
covercrypt,classic,089a548,"DPT::$ && CTR::$","DPT::DEV && CTR::EN",different,20,899,178,failure,200,823577414,4117887.070
covercrypt,classic,089a548,"DPT::$ && CTR::$","DPT::DEV && CTR::FR",different,20,899,178,failure,200,734399359,3671996.795
covercrypt,classic,089a548,"DPT::$ && CTR::$","DPT::DEV && CTR::$",different,40,1645,178,failure,200,1416157348,7080786.740
covercrypt,classic,089a548,"DPT::$ && CTR::$","DPT::MKG",different,40,1645,178,failure,200,1394209907,6971049.535
covercrypt,classic,089a548,"DPT::$ && CTR::$","DPT::MKG && CTR::EN",different,20,899,178,failure,200,774144162,3870720.810
covercrypt,classic,089a548,"DPT::$ && CTR::$","DPT::MKG && CTR::FR",different,20,899,178,failure,200,721676028,3608380.140
covercrypt,classic,089a548,"DPT::$ && CTR::$","DPT::MKG && CTR::$",different,40,1645,178,failure,200,1367710405,6838552.025
covercrypt,classic,089a548,"DPT::$ && CTR::$","DPT::$",different,80,3147,178,success,200,1497304216,7486521.080
covercrypt,classic,089a548,"DPT::$ && CTR::$","DPT::$ && CTR::EN",different,40,1645,178,failure,200,1371954620,6859773.100
covercrypt,classic,089a548,"DPT::$ && CTR::$","DPT::$ && CTR::FR",different,40,1645,178,failure,200,1392465236,6962326.180
covercrypt,classic,089a548,"DPT::$ && CTR::$","DPT::$ && CTR::$",different,80,3147,178,success,200,1433720617,7168603.085
covercrypt,classic,089a548,"DPT::$ && CTR::$","SEC::LOW",different,32,1347,178,success,200,652009232,3260046.160
covercrypt,classic,089a548,"DPT::$ && CTR::$","SEC::LOW && CTR::EN",different,16,751,178,failure,200,615308136,3076540.680
covercrypt,classic,089a548,"DPT::$ && CTR::$","SEC::LOW && CTR::FR",different,16,751,178,failure,200,570305333,2851526.665
covercrypt,classic,089a548,"DPT::$ && CTR::$","SEC::LOW && CTR::$",different,32,1347,178,success,200,628184261,3140921.305
covercrypt,classic,089a548,"DPT::$ && CTR::$","SEC::LOW && DPT::DEV",different,16,751,178,failure,200,639622550,3198112.750
covercrypt,classic,089a548,"DPT::$ && CTR::$","SEC::LOW && DPT::DEV && CTR::EN",same,8,455,178,failure,200,313910740,1569553.700
covercrypt,classic,089a548,"DPT::$ && CTR::$","SEC::LOW && DPT::DEV && CTR::FR",same,8,455,178,failure,200,301454459,1507272.295
covercrypt,classic,089a548,"DPT::$ && CTR::$","SEC::LOW && DPT::DEV && CTR::$",same,16,751,178,failure,200,640304496,3201522.480
covercrypt,classic,089a548,"DPT::$ && CTR::$","SEC::LOW && DPT::MKG",different,16,751,178,failure,200,652149469,3260747.345
covercrypt,classic,089a548,"DPT::$ && CTR::$","SEC::LOW && DPT::MKG && CTR::EN",same,8,455,178,failure,200,302787505,1513937.525
covercrypt,classic,089a548,"DPT::$ && CTR::$","SEC::LOW && DPT::MKG && CTR::FR",same,8,455,178,failure,200,325180428,1625902.140
covercrypt,classic,089a548,"DPT::$ && CTR::$","SEC::LOW && DPT::MKG && CTR::$",same,16,751,178,failure,200,647605032,3238025.160
covercrypt,classic,089a548,"DPT::$ && CTR::$","SEC::LOW && DPT::$",different,32,1347,178,success,200,640882096,3204410.480
covercrypt,classic,089a548,"DPT::$ && CTR::$","SEC::LOW && DPT::$ && CTR::EN",same,16,751,178,failure,200,576973052,2884865.260
covercrypt,classic,089a548,"DPT::$ && CTR::$","SEC::LOW && DPT::$ && CTR::FR",same,16,751,178,failure,200,626346952,3131734.760
covercrypt,classic,089a548,"DPT::$ && CTR::$","SEC::LOW && DPT::$ && CTR::$",same,32,1347,178,success,200,621496414,3107482.070
covercrypt,classic,089a548,"DPT::$ && CTR::$","SEC::MED",different,48,1947,178,success,200,1128939305,5644696.525
covercrypt,classic,089a548,"DPT::$ && CTR::$","SEC::MED && CTR::EN",different,24,1049,178,failure,200,896960182,4484800.910
covercrypt,classic,089a548,"DPT::$ && CTR::$","SEC::MED && CTR::FR",different,24,1049,178,failure,200,886721768,4433608.840
covercrypt,classic,089a548,"DPT::$ && CTR::$","SEC::MED && CTR::$",different,48,1947,178,success,200,1003284204,5016421.020
covercrypt,classic,089a548,"DPT::$ && CTR::$","SEC::MED && DPT::DEV",different,24,1049,178,failure,200,884639424,4423197.120
covercrypt,classic,089a548,"DPT::$ && CTR::$","SEC::MED && DPT::DEV && CTR::EN",same,12,603,178,failure,200,483907426,2419537.130
covercrypt,classic,089a548,"DPT::$ && CTR::$","SEC::MED && DPT::DEV && CTR::FR",same,12,603,178,failure,200,501250427,2506252.135
covercrypt,classic,089a548,"DPT::$ && CTR::$","SEC::MED && DPT::DEV && CTR::$",same,24,1049,178,failure,200,904822374,4524111.870
covercrypt,classic,089a548,"DPT::$ && CTR::$","SEC::MED && DPT::MKG",different,24,1049,178,failure,200,955676167,4778380.835
covercrypt,classic,089a548,"DPT::$ && CTR::$","SEC::MED && DPT::MKG && CTR::EN",same,12,603,178,failure,200,519044773,2595223.865
covercrypt,classic,089a548,"DPT::$ && CTR::$","SEC::MED && DPT::MKG && CTR::FR",same,12,603,178,failure,200,522154848,2610774.240
covercrypt,classic,089a548,"DPT::$ && CTR::$","SEC::MED && DPT::MKG && CTR::$",same,24,1049,178,failure,200,962749462,4813747.310
covercrypt,classic,089a548,"DPT::$ && CTR::$","SEC::MED && DPT::$",different,48,1947,178,success,200,1033465612,5167328.060
covercrypt,classic,089a548,"DPT::$ && CTR::$","SEC::MED && DPT::$ && CTR::EN",same,24,1049,178,failure,200,1111852608,5559263.040
covercrypt,classic,089a548,"DPT::$ && CTR::$","SEC::MED && DPT::$ && CTR::FR",same,24,1049,178,failure,200,1081750103,5408750.515
covercrypt,classic,089a548,"DPT::$ && CTR::$","SEC::MED && DPT::$ && CTR::$",same,48,1947,178,success,200,1152913420,5764567.100
covercrypt,classic,089a548,"DPT::$ && CTR::$","SEC::HIG",different,64,2547,178,success,200,1390176974,6950884.870
covercrypt,classic,089a548,"DPT::$ && CTR::$","SEC::HIG && CTR::EN",different,32,1347,178,failure,200,1612276804,8061384.020
covercrypt,classic,089a548,"DPT::$ && CTR::$","SEC::HIG && CTR::FR",different,32,1347,178,failure,200,1518061252,7590306.260
covercrypt,classic,089a548,"DPT::$ && CTR::$","SEC::HIG && CTR::$",different,64,2547,178,success,200,1402417123,7012085.615
covercrypt,classic,089a548,"DPT::$ && CTR::$","SEC::HIG && DPT::DEV",different,32,1347,178,failure,200,1203285969,6016429.845
covercrypt,classic,089a548,"DPT::$ && CTR::$","SEC::HIG && DPT::DEV && CTR::EN",same,16,751,178,failure,200,646654225,3233271.125
covercrypt,classic,089a548,"DPT::$ && CTR::$","SEC::HIG && DPT::DEV && CTR::FR",same,16,751,178,failure,200,794597484,3972987.420
covercrypt,classic,089a548,"DPT::$ && CTR::$","SEC::HIG && DPT::DEV && CTR::$",same,32,1347,178,failure,200,1439520115,7197600.575
covercrypt,classic,089a548,"DPT::$ && CTR::$","SEC::HIG && DPT::MKG",different,32,1347,178,failure,200,1252591241,6262956.205
covercrypt,classic,089a548,"DPT::$ && CTR::$","SEC::HIG && DPT::MKG && CTR::EN",same,16,751,178,failure,200,714358314,3571791.570
covercrypt,classic,089a548,"DPT::$ && CTR::$","SEC::HIG && DPT::MKG && CTR::FR",same,16,751,178,failure,200,736780390,3683901.950
covercrypt,classic,089a548,"DPT::$ && CTR::$","SEC::HIG && DPT::MKG && CTR::$",same,32,1347,178,failure,200,1225646435,6128232.175
covercrypt,classic,089a548,"DPT::$ && CTR::$","SEC::HIG && DPT::$",different,64,2547,178,success,200,1234877785,6174388.925
covercrypt,classic,089a548,"DPT::$ && CTR::$","SEC::HIG && DPT::$ && CTR::EN",same,32,1347,178,failure,200,1258350069,6291750.345
covercrypt,classic,089a548,"DPT::$ && CTR::$","SEC::HIG && DPT::$ && CTR::FR",same,32,1347,178,failure,200,1239932596,6199662.980
covercrypt,classic,089a548,"DPT::$ && CTR::$","SEC::HIG && DPT::$ && CTR::$",same,64,2547,178,success,200,1430018076,7150090.380
covercrypt,classic,089a548,"DPT::$ && CTR::$","SEC::$",different,80,3147,178,success,200,1760190147,8800950.735
covercrypt,classic,089a548,"DPT::$ && CTR::$","SEC::$ && CTR::EN",different,40,1645,178,failure,200,1672104475,8360522.375
covercrypt,classic,089a548,"DPT::$ && CTR::$","SEC::$ && CTR::FR",different,40,1645,178,failure,200,1896463837,9482319.185
covercrypt,classic,089a548,"DPT::$ && CTR::$","SEC::$ && CTR::$",different,80,3147,178,success,200,1962535496,9812677.480
covercrypt,classic,089a548,"DPT::$ && CTR::$","SEC::$ && DPT::DEV",different,40,1645,178,failure,200,1706264401,8531322.005
covercrypt,classic,089a548,"DPT::$ && CTR::$","SEC::$ && DPT::DEV && CTR::EN",same,20,899,178,failure,200,932934823,4664674.115
covercrypt,classic,089a548,"DPT::$ && CTR::$","SEC::$ && DPT::DEV && CTR::FR",same,20,899,178,failure,200,1114769359,5573846.795
covercrypt,classic,089a548,"DPT::$ && CTR::$","SEC::$ && DPT::DEV && CTR::$",same,40,1645,178,failure,200,1716650570,8583252.850
covercrypt,classic,089a548,"DPT::$ && CTR::$","SEC::$ && DPT::MKG",different,40,1645,178,failure,200,2169575380,10847876.900
covercrypt,classic,089a548,"DPT::$ && CTR::$","SEC::$ && DPT::MKG && CTR::EN",same,20,899,178,failure,200,1086950226,5434751.130
covercrypt,classic,089a548,"DPT::$ && CTR::$","SEC::$ && DPT::MKG && CTR::FR",same,20,899,178,failure,200,1127763737,5638818.685
covercrypt,classic,089a548,"DPT::$ && CTR::$","SEC::$ && DPT::MKG && CTR::$",same,40,1645,178,failure,200,2137638897,10688194.485
covercrypt,classic,089a548,"DPT::$ && CTR::$","SEC::$ && DPT::$",different,80,3147,178,success,200,1993852690,9969263.450
covercrypt,classic,089a548,"DPT::$ && CTR::$","SEC::$ && DPT::$ && CTR::EN",same,40,1645,178,failure,200,1620475391,8102376.955
covercrypt,classic,089a548,"DPT::$ && CTR::$","SEC::$ && DPT::$ && CTR::FR",same,40,1645,178,failure,200,1627242565,8136212.825
covercrypt,classic,089a548,"DPT::$ && CTR::$","SEC::$ && DPT::$ && CTR::$",same,80,3147,178,success,200,1801085863,9005429.315
covercrypt,classic,089a548,"SEC::LOW && DPT::DEV && CTR::$","CTR::EN",different,40,1645,178,failure,200,1586901796,7934508.980
covercrypt,classic,089a548,"SEC::LOW && DPT::DEV && CTR::$","CTR::FR",different,40,1645,178,failure,200,1797676051,8988380.255
covercrypt,classic,089a548,"SEC::LOW && DPT::DEV && CTR::$","CTR::$",different,80,3147,178,success,200,1834866644,9174333.220
covercrypt,classic,089a548,"SEC::LOW && DPT::DEV && CTR::$","DPT::DEV",different,40,1645,178,success,200,1163044447,5815222.235
covercrypt,classic,089a548,"SEC::LOW && DPT::DEV && CTR::$","DPT::DEV && CTR::EN",different,20,899,178,failure,200,817699106,4088495.530
covercrypt,classic,089a548,"SEC::LOW && DPT::DEV && CTR::$","DPT::DEV && CTR::FR",different,20,899,178,failure,200,945742705,4728713.525
covercrypt,classic,089a548,"SEC::LOW && DPT::DEV && CTR::$","DPT::DEV && CTR::$",different,40,1645,178,success,200,922805827,4614029.135
covercrypt,classic,089a548,"SEC::LOW && DPT::DEV && CTR::$","DPT::MKG",different,40,1645,178,failure,200,1647732816,8238664.080
covercrypt,classic,089a548,"SEC::LOW && DPT::DEV && CTR::$","DPT::MKG && CTR::EN",different,20,899,178,failure,200,824817722,4124088.610
covercrypt,classic,089a548,"SEC::LOW && DPT::DEV && CTR::$","DPT::MKG && CTR::FR",different,20,899,178,failure,200,783980862,3919904.310
covercrypt,classic,089a548,"SEC::LOW && DPT::DEV && CTR::$","DPT::MKG && CTR::$",different,40,1645,178,failure,200,1559035274,7795176.370
covercrypt,classic,089a548,"SEC::LOW && DPT::DEV && CTR::$","DPT::$",different,80,3147,178,success,200,1563063542,7815317.710
covercrypt,classic,089a548,"SEC::LOW && DPT::DEV && CTR::$","DPT::$ && CTR::EN",different,40,1645,178,failure,200,1431428548,7157142.740
covercrypt,classic,089a548,"SEC::LOW && DPT::DEV && CTR::$","DPT::$ && CTR::FR",different,40,1645,178,failure,200,1808978886,9044894.430
covercrypt,classic,089a548,"SEC::LOW && DPT::DEV && CTR::$","DPT::$ && CTR::$",different,80,3147,178,success,200,1757387045,8786935.225
covercrypt,classic,089a548,"SEC::LOW && DPT::DEV && CTR::$","SEC::LOW",different,32,1347,178,success,200,769508980,3847544.900
covercrypt,classic,089a548,"SEC::LOW && DPT::DEV && CTR::$","SEC::LOW && CTR::EN",different,16,751,178,failure,200,728435953,3642179.765
covercrypt,classic,089a548,"SEC::LOW && DPT::DEV && CTR::$","SEC::LOW && CTR::FR",different,16,751,178,failure,200,623111413,3115557.065
covercrypt,classic,089a548,"SEC::LOW && DPT::DEV && CTR::$","SEC::LOW && CTR::$",different,32,1347,178,success,200,842902335,4214511.675
covercrypt,classic,089a548,"SEC::LOW && DPT::DEV && CTR::$","SEC::LOW && DPT::DEV",different,16,751,178,success,200,443954211,2219771.055
covercrypt,classic,089a548,"SEC::LOW && DPT::DEV && CTR::$","SEC::LOW && DPT::DEV && CTR::EN",same,8,455,178,failure,200,354011971,1770059.855
covercrypt,classic,089a548,"SEC::LOW && DPT::DEV && CTR::$","SEC::LOW && DPT::DEV && CTR::FR",same,8,455,178,failure,200,342848580,1714242.900
covercrypt,classic,089a548,"SEC::LOW && DPT::DEV && CTR::$","SEC::LOW && DPT::DEV && CTR::$",same,16,751,178,success,200,439036872,2195184.360
covercrypt,classic,089a548,"SEC::LOW && DPT::DEV && CTR::$","SEC::LOW && DPT::MKG",different,16,751,178,failure,200,694517336,3472586.680
covercrypt,classic,089a548,"SEC::LOW && DPT::DEV && CTR::$","SEC::LOW && DPT::MKG && CTR::EN",same,8,455,178,failure,200,330444250,1652221.250
covercrypt,classic,089a548,"SEC::LOW && DPT::DEV && CTR::$","SEC::LOW && DPT::MKG && CTR::FR",same,8,455,178,failure,200,346736568,1733682.840
covercrypt,classic,089a548,"SEC::LOW && DPT::DEV && CTR::$","SEC::LOW && DPT::MKG && CTR::$",same,16,751,178,failure,200,643424866,3217124.330
covercrypt,classic,089a548,"SEC::LOW && DPT::DEV && CTR::$","SEC::LOW && DPT::$",different,32,1347,178,success,200,856127911,4280639.555
covercrypt,classic,089a548,"SEC::LOW && DPT::DEV && CTR::$","SEC::LOW && DPT::$ && CTR::EN",same,16,751,178,failure,200,749941749,3749708.745
covercrypt,classic,089a548,"SEC::LOW && DPT::DEV && CTR::$","SEC::LOW && DPT::$ && CTR::FR",same,16,751,178,failure,200,697675928,3488379.640
covercrypt,classic,089a548,"SEC::LOW && DPT::DEV && CTR::$","SEC::LOW && DPT::$ && CTR::$",same,32,1347,178,success,200,957703921,4788519.605
covercrypt,classic,089a548,"SEC::LOW && DPT::DEV && CTR::$","SEC::MED",different,48,1947,178,success,200,1232190782,6160953.910
covercrypt,classic,089a548,"SEC::LOW && DPT::DEV && CTR::$","SEC::MED && CTR::EN",different,24,1049,178,failure,200,1256282739,6281413.695
covercrypt,classic,089a548,"SEC::LOW && DPT::DEV && CTR::$","SEC::MED && CTR::FR",different,24,1049,178,failure,200,1098004543,5490022.715
covercrypt,classic,089a548,"SEC::LOW && DPT::DEV && CTR::$","SEC::MED && CTR::$",different,48,1947,178,success,200,1083471227,5417356.135
covercrypt,classic,089a548,"SEC::LOW && DPT::DEV && CTR::$","SEC::MED && DPT::DEV",different,24,1049,178,success,200,616222624,3081113.120
covercrypt,classic,089a548,"SEC::LOW && DPT::DEV && CTR::$","SEC::MED && DPT::DEV && CTR::EN",same,12,603,178,failure,200,489001656,2445008.280
covercrypt,classic,089a548,"SEC::LOW && DPT::DEV && CTR::$","SEC::MED && DPT::DEV && CTR::FR",same,12,603,178,failure,200,473068845,2365344.225
covercrypt,classic,089a548,"SEC::LOW && DPT::DEV && CTR::$","SEC::MED && DPT::DEV && CTR::$",same,24,1049,178,success,200,647321491,3236607.455
covercrypt,classic,089a548,"SEC::LOW && DPT::DEV && CTR::$","SEC::MED && DPT::MKG",different,24,1049,178,failure,200,1242664903,6213324.515
covercrypt,classic,089a548,"SEC::LOW && DPT::DEV && CTR::$","SEC::MED && DPT::MKG && CTR::EN",same,12,603,178,failure,200,637914051,3189570.255
covercrypt,classic,089a548,"SEC::LOW && DPT::DEV && CTR::$","SEC::MED && DPT::MKG && CTR::FR",same,12,603,178,failure,200,600631301,3003156.505
covercrypt,classic,089a548,"SEC::LOW && DPT::DEV && CTR::$","SEC::MED && DPT::MKG && CTR::$",same,24,1049,178,failure,200,1172753025,5863765.125
covercrypt,classic,089a548,"SEC::LOW && DPT::DEV && CTR::$","SEC::MED && DPT::$",different,48,1947,178,success,200,1057845697,5289228.485
covercrypt,classic,089a548,"SEC::LOW && DPT::DEV && CTR::$","SEC::MED && DPT::$ && CTR::EN",same,24,1049,178,failure,200,974398628,4871993.140
covercrypt,classic,089a548,"SEC::LOW && DPT::DEV && CTR::$","SEC::MED && DPT::$ && CTR::FR",same,24,1049,178,failure,200,1006276099,5031380.495
covercrypt,classic,089a548,"SEC::LOW && DPT::DEV && CTR::$","SEC::MED && DPT::$ && CTR::$",same,48,1947,178,success,200,1147597252,5737986.260
covercrypt,classic,089a548,"SEC::LOW && DPT::DEV && CTR::$","SEC::HIG",different,64,2547,178,success,200,1858509094,9292545.470
covercrypt,classic,089a548,"SEC::LOW && DPT::DEV && CTR::$","SEC::HIG && CTR::EN",different,32,1347,178,failure,200,1343100012,6715500.060
covercrypt,classic,089a548,"SEC::LOW && DPT::DEV && CTR::$","SEC::HIG && CTR::FR",different,32,1347,178,failure,200,1450630536,7253152.680
covercrypt,classic,089a548,"SEC::LOW && DPT::DEV && CTR::$","SEC::HIG && CTR::$",different,64,2547,178,success,200,1425807387,7129036.935
covercrypt,classic,089a548,"SEC::LOW && DPT::DEV && CTR::$","SEC::HIG && DPT::DEV",different,32,1347,178,success,200,743309949,3716549.745
covercrypt,classic,089a548,"SEC::LOW && DPT::DEV && CTR::$","SEC::HIG && DPT::DEV && CTR::EN",same,16,751,178,failure,200,670910570,3354552.850
covercrypt,classic,089a548,"SEC::LOW && DPT::DEV && CTR::$","SEC::HIG && DPT::DEV && CTR::FR",same,16,751,178,failure,200,684432431,3422162.155
covercrypt,classic,089a548,"SEC::LOW && DPT::DEV && CTR::$","SEC::HIG && DPT::DEV && CTR::$",same,32,1347,178,success,200,966215627,4831078.135
covercrypt,classic,089a548,"SEC::LOW && DPT::DEV && CTR::$","SEC::HIG && DPT::MKG",different,32,1347,178,failure,200,1457215043,7286075.215
covercrypt,classic,089a548,"SEC::LOW && DPT::DEV && CTR::$","SEC::HIG && DPT::MKG && CTR::EN",same,16,751,178,failure,200,876340509,4381702.545
covercrypt,classic,089a548,"SEC::LOW && DPT::DEV && CTR::$","SEC::HIG && DPT::MKG && CTR::FR",same,16,751,178,failure,200,647233225,3236166.125
covercrypt,classic,089a548,"SEC::LOW && DPT::DEV && CTR::$","SEC::HIG && DPT::MKG && CTR::$",same,32,1347,178,failure,200,1260081831,6300409.155
covercrypt,classic,089a548,"SEC::LOW && DPT::DEV && CTR::$","SEC::HIG && DPT::$",different,64,2547,178,success,200,1295196358,6475981.790
covercrypt,classic,089a548,"SEC::LOW && DPT::DEV && CTR::$","SEC::HIG && DPT::$ && CTR::EN",same,32,1347,178,failure,200,1506463591,7532317.955
covercrypt,classic,089a548,"SEC::LOW && DPT::DEV && CTR::$","SEC::HIG && DPT::$ && CTR::FR",same,32,1347,178,failure,200,1308789333,6543946.665
covercrypt,classic,089a548,"SEC::LOW && DPT::DEV && CTR::$","SEC::HIG && DPT::$ && CTR::$",same,64,2547,178,success,200,1394709440,6973547.200
covercrypt,classic,089a548,"SEC::LOW && DPT::DEV && CTR::$","SEC::$",different,80,3147,178,success,200,2094677024,10473385.120
covercrypt,classic,089a548,"SEC::LOW && DPT::DEV && CTR::$","SEC::$ && CTR::EN",different,40,1645,178,failure,200,1770221777,8851108.885
covercrypt,classic,089a548,"SEC::LOW && DPT::DEV && CTR::$","SEC::$ && CTR::FR",different,40,1645,178,failure,200,1686359327,8431796.635
covercrypt,classic,089a548,"SEC::LOW && DPT::DEV && CTR::$","SEC::$ && CTR::$",different,80,3147,178,success,200,2078810715,10394053.575
covercrypt,classic,089a548,"SEC::LOW && DPT::DEV && CTR::$","SEC::$ && DPT::DEV",different,40,1645,178,success,200,1033487619,5167438.095
covercrypt,classic,089a548,"SEC::LOW && DPT::DEV && CTR::$","SEC::$ && DPT::DEV && CTR::EN",same,20,899,178,failure,200,828510534,4142552.670
covercrypt,classic,089a548,"SEC::LOW && DPT::DEV && CTR::$","SEC::$ && DPT::DEV && CTR::FR",same,20,899,178,failure,200,959788756,4798943.780
covercrypt,classic,089a548,"SEC::LOW && DPT::DEV && CTR::$","SEC::$ && DPT::DEV && CTR::$",same,40,1645,178,success,200,1259035600,6295178.000
covercrypt,classic,089a548,"SEC::LOW && DPT::DEV && CTR::$","SEC::$ && DPT::MKG",different,40,1645,178,failure,200,2232650915,11163254.575
covercrypt,classic,089a548,"SEC::LOW && DPT::DEV && CTR::$","SEC::$ && DPT::MKG && CTR::EN",same,20,899,178,failure,200,869267888,4346339.440
covercrypt,classic,089a548,"SEC::LOW && DPT::DEV && CTR::$","SEC::$ && DPT::MKG && CTR::FR",same,20,899,178,failure,200,897947405,4489737.025
covercrypt,classic,089a548,"SEC::LOW && DPT::DEV && CTR::$","SEC::$ && DPT::MKG && CTR::$",same,40,1645,178,failure,200,1726402003,8632010.015
covercrypt,classic,089a548,"SEC::LOW && DPT::DEV && CTR::$","SEC::$ && DPT::$",different,80,3147,178,success,200,1837648284,9188241.420
covercrypt,classic,089a548,"SEC::LOW && DPT::DEV && CTR::$","SEC::$ && DPT::$ && CTR::EN",same,40,1645,178,failure,200,1661762083,8308810.415
covercrypt,classic,089a548,"SEC::LOW && DPT::DEV && CTR::$","SEC::$ && DPT::$ && CTR::FR",same,40,1645,178,failure,200,1650576085,8252880.425
covercrypt,classic,089a548,"SEC::LOW && DPT::DEV && CTR::$","SEC::$ && DPT::$ && CTR::$",same,80,3147,178,success,200,1994543095,9972715.475
covercrypt,classic,089a548,"SEC::LOW && DPT::$ && CTR::$","CTR::EN",different,40,1645,178,failure,200,1720129094,8600645.470
covercrypt,classic,089a548,"SEC::LOW && DPT::$ && CTR::$","CTR::FR",different,40,1645,178,failure,200,1628346431,8141732.155
covercrypt,classic,089a548,"SEC::LOW && DPT::$ && CTR::$","CTR::$",different,80,3147,178,success,200,1935628771,9678143.855
covercrypt,classic,089a548,"SEC::LOW && DPT::$ && CTR::$","DPT::DEV",different,40,1645,178,failure,200,1596351595,7981757.975
covercrypt,classic,089a548,"SEC::LOW && DPT::$ && CTR::$","DPT::DEV && CTR::EN",different,20,899,178,failure,200,918081246,4590406.230
covercrypt,classic,089a548,"SEC::LOW && DPT::$ && CTR::$","DPT::DEV && CTR::FR",different,20,899,178,failure,200,869910647,4349553.235
covercrypt,classic,089a548,"SEC::LOW && DPT::$ && CTR::$","DPT::DEV && CTR::$",different,40,1645,178,failure,200,1649338672,8246693.360
covercrypt,classic,089a548,"SEC::LOW && DPT::$ && CTR::$","DPT::MKG",different,40,1645,178,failure,200,1637086437,8185432.185
covercrypt,classic,089a548,"SEC::LOW && DPT::$ && CTR::$","DPT::MKG && CTR::EN",different,20,899,178,failure,200,936300854,4681504.270
covercrypt,classic,089a548,"SEC::LOW && DPT::$ && CTR::$","DPT::MKG && CTR::FR",different,20,899,178,failure,200,875853210,4379266.050
covercrypt,classic,089a548,"SEC::LOW && DPT::$ && CTR::$","DPT::MKG && CTR::$",different,40,1645,178,failure,200,1836334740,9181673.700
covercrypt,classic,089a548,"SEC::LOW && DPT::$ && CTR::$","DPT::$",different,80,3147,178,success,200,2011001069,10055005.345
covercrypt,classic,089a548,"SEC::LOW && DPT::$ && CTR::$","DPT::$ && CTR::EN",different,40,1645,178,failure,200,1496451800,7482259.000
covercrypt,classic,089a548,"SEC::LOW && DPT::$ && CTR::$","DPT::$ && CTR::FR",different,40,1645,178,failure,200,1690212837,8451064.185
covercrypt,classic,089a548,"SEC::LOW && DPT::$ && CTR::$","DPT::$ && CTR::$",different,80,3147,178,success,200,1853814444,9269072.220
covercrypt,classic,089a548,"SEC::LOW && DPT::$ && CTR::$","SEC::LOW",different,32,1347,178,success,200,952990653,4764953.265
covercrypt,classic,089a548,"SEC::LOW && DPT::$ && CTR::$","SEC::LOW && CTR::EN",different,16,751,178,failure,200,716978632,3584893.160
covercrypt,classic,089a548,"SEC::LOW && DPT::$ && CTR::$","SEC::LOW && CTR::FR",different,16,751,178,failure,200,663891994,3319459.970
covercrypt,classic,089a548,"SEC::LOW && DPT::$ && CTR::$","SEC::LOW && CTR::$",different,32,1347,178,success,200,864764419,4323822.095
covercrypt,classic,089a548,"SEC::LOW && DPT::$ && CTR::$","SEC::LOW && DPT::DEV",different,16,751,178,failure,200,650537956,3252689.780
covercrypt,classic,089a548,"SEC::LOW && DPT::$ && CTR::$","SEC::LOW && DPT::DEV && CTR::EN",same,8,455,178,failure,200,422869260,2114346.300
covercrypt,classic,089a548,"SEC::LOW && DPT::$ && CTR::$","SEC::LOW && DPT::DEV && CTR::FR",same,8,455,178,failure,200,405713174,2028565.870
covercrypt,classic,089a548,"SEC::LOW && DPT::$ && CTR::$","SEC::LOW && DPT::DEV && CTR::$",same,16,751,178,failure,200,756949077,3784745.385
covercrypt,classic,089a548,"SEC::LOW && DPT::$ && CTR::$","SEC::LOW && DPT::MKG",different,16,751,178,failure,200,840218492,4201092.460
covercrypt,classic,089a548,"SEC::LOW && DPT::$ && CTR::$","SEC::LOW && DPT::MKG && CTR::EN",same,8,455,178,failure,200,383411434,1917057.170
covercrypt,classic,089a548,"SEC::LOW && DPT::$ && CTR::$","SEC::LOW && DPT::MKG && CTR::FR",same,8,455,178,failure,200,376639379,1883196.895
covercrypt,classic,089a548,"SEC::LOW && DPT::$ && CTR::$","SEC::LOW && DPT::MKG && CTR::$",same,16,751,178,failure,200,746885350,3734426.750
covercrypt,classic,089a548,"SEC::LOW && DPT::$ && CTR::$","SEC::LOW && DPT::$",different,32,1347,178,success,200,686914699,3434573.495
covercrypt,classic,089a548,"SEC::LOW && DPT::$ && CTR::$","SEC::LOW && DPT::$ && CTR::EN",same,16,751,178,failure,200,845512093,4227560.465
covercrypt,classic,089a548,"SEC::LOW && DPT::$ && CTR::$","SEC::LOW && DPT::$ && CTR::FR",same,16,751,178,failure,200,737329427,3686647.135
covercrypt,classic,089a548,"SEC::LOW && DPT::$ && CTR::$","SEC::LOW && DPT::$ && CTR::$",same,32,1347,178,success,200,747564069,3737820.345
covercrypt,classic,089a548,"SEC::LOW && DPT::$ && CTR::$","SEC::MED",different,48,1947,178,success,200,1291644786,6458223.930
covercrypt,classic,089a548,"SEC::LOW && DPT::$ && CTR::$","SEC::MED && CTR::EN",different,24,1049,178,failure,200,1044147657,5220738.285
covercrypt,classic,089a548,"SEC::LOW && DPT::$ && CTR::$","SEC::MED && CTR::FR",different,24,1049,178,failure,200,984923009,4924615.045
covercrypt,classic,089a548,"SEC::LOW && DPT::$ && CTR::$","SEC::MED && CTR::$",different,48,1947,178,success,200,1052934650,5264673.250
covercrypt,classic,089a548,"SEC::LOW && DPT::$ && CTR::$","SEC::MED && DPT::DEV",different,24,1049,178,failure,200,1013447497,5067237.485
covercrypt,classic,089a548,"SEC::LOW && DPT::$ && CTR::$","SEC::MED && DPT::DEV && CTR::EN",same,12,603,178,failure,200,550257611,2751288.055
covercrypt,classic,089a548,"SEC::LOW && DPT::$ && CTR::$","SEC::MED && DPT::DEV && CTR::FR",same,12,603,178,failure,200,551246668,2756233.340
covercrypt,classic,089a548,"SEC::LOW && DPT::$ && CTR::$","SEC::MED && DPT::DEV && CTR::$",same,24,1049,178,failure,200,1056449944,5282249.720
covercrypt,classic,089a548,"SEC::LOW && DPT::$ && CTR::$","SEC::MED && DPT::MKG",different,24,1049,178,failure,200,1231389655,6156948.275
covercrypt,classic,089a548,"SEC::LOW && DPT::$ && CTR::$","SEC::MED && DPT::MKG && CTR::EN",same,12,603,178,failure,200,666174918,3330874.590
covercrypt,classic,089a548,"SEC::LOW && DPT::$ && CTR::$","SEC::MED && DPT::MKG && CTR::FR",same,12,603,178,failure,200,816745533,4083727.665
covercrypt,classic,089a548,"SEC::LOW && DPT::$ && CTR::$","SEC::MED && DPT::MKG && CTR::$",same,24,1049,178,failure,200,1165528388,5827641.940
covercrypt,classic,089a548,"SEC::LOW && DPT::$ && CTR::$","SEC::MED && DPT::$",different,48,1947,178,success,200,1076810343,5384051.715
covercrypt,classic,089a548,"SEC::LOW && DPT::$ && CTR::$","SEC::MED && DPT::$ && CTR::EN",same,24,1049,178,failure,200,1046680147,5233400.735
covercrypt,classic,089a548,"SEC::LOW && DPT::$ && CTR::$","SEC::MED && DPT::$ && CTR::FR",same,24,1049,178,failure,200,1005804123,5029020.615
covercrypt,classic,089a548,"SEC::LOW && DPT::$ && CTR::$","SEC::MED && DPT::$ && CTR::$",same,48,1947,178,success,200,1035182176,5175910.880
covercrypt,classic,089a548,"SEC::LOW && DPT::$ && CTR::$","SEC::HIG",different,64,2547,178,success,200,1283256368,6416281.840
covercrypt,classic,089a548,"SEC::LOW && DPT::$ && CTR::$","SEC::HIG && CTR::EN",different,32,1347,178,failure,200,1312627816,6563139.080
covercrypt,classic,089a548,"SEC::LOW && DPT::$ && CTR::$","SEC::HIG && CTR::FR",different,32,1347,178,failure,200,1400585262,7002926.310
covercrypt,classic,089a548,"SEC::LOW && DPT::$ && CTR::$","SEC::HIG && CTR::$",different,64,2547,178,success,200,1484706716,7423533.580
covercrypt,classic,089a548,"SEC::LOW && DPT::$ && CTR::$","SEC::HIG && DPT::DEV",different,32,1347,178,failure,200,1274936607,6374683.035
covercrypt,classic,089a548,"SEC::LOW && DPT::$ && CTR::$","SEC::HIG && DPT::DEV && CTR::EN",same,16,751,178,failure,200,671471567,3357357.835
covercrypt,classic,089a548,"SEC::LOW && DPT::$ && CTR::$","SEC::HIG && DPT::DEV && CTR::FR",same,16,751,178,failure,200,646268720,3231343.600
covercrypt,classic,089a548,"SEC::LOW && DPT::$ && CTR::$","SEC::HIG && DPT::DEV && CTR::$",same,32,1347,178,failure,200,1284736186,6423680.930
covercrypt,classic,089a548,"SEC::LOW && DPT::$ && CTR::$","SEC::HIG && DPT::MKG",different,32,1347,178,failure,200,1241817436,6209087.180
covercrypt,classic,089a548,"SEC::LOW && DPT::$ && CTR::$","SEC::HIG && DPT::MKG && CTR::EN",same,16,751,178,failure,200,655839006,3279195.030
covercrypt,classic,089a548,"SEC::LOW && DPT::$ && CTR::$","SEC::HIG && DPT::MKG && CTR::FR",same,16,751,178,failure,200,609905860,3049529.300
covercrypt,classic,089a548,"SEC::LOW && DPT::$ && CTR::$","SEC::HIG && DPT::MKG && CTR::$",same,32,1347,178,failure,200,1299125642,6495628.210
covercrypt,classic,089a548,"SEC::LOW && DPT::$ && CTR::$","SEC::HIG && DPT::$",different,64,2547,178,success,200,1518185216,7590926.080
covercrypt,classic,089a548,"SEC::LOW && DPT::$ && CTR::$","SEC::HIG && DPT::$ && CTR::EN",same,32,1347,178,failure,200,1293101641,6465508.205
covercrypt,classic,089a548,"SEC::LOW && DPT::$ && CTR::$","SEC::HIG && DPT::$ && CTR::FR",same,32,1347,178,failure,200,1237643811,6188219.055
covercrypt,classic,089a548,"SEC::LOW && DPT::$ && CTR::$","SEC::HIG && DPT::$ && CTR::$",same,64,2547,178,success,200,1361679146,6808395.730
covercrypt,classic,089a548,"SEC::LOW && DPT::$ && CTR::$","SEC::$",different,80,3147,178,success,200,1634645675,8173228.375
covercrypt,classic,089a548,"SEC::LOW && DPT::$ && CTR::$","SEC::$ && CTR::EN",different,40,1645,178,failure,200,1492220913,7461104.565
covercrypt,classic,089a548,"SEC::LOW && DPT::$ && CTR::$","SEC::$ && CTR::FR",different,40,1645,178,failure,200,1534346178,7671730.890
covercrypt,classic,089a548,"SEC::LOW && DPT::$ && CTR::$","SEC::$ && CTR::$",different,80,3147,178,success,200,1566770879,7833854.395
covercrypt,classic,089a548,"SEC::LOW && DPT::$ && CTR::$","SEC::$ && DPT::DEV",different,40,1645,178,failure,200,1451157550,7255787.750
covercrypt,classic,089a548,"SEC::LOW && DPT::$ && CTR::$","SEC::$ && DPT::DEV && CTR::EN",same,20,899,178,failure,200,760548594,3802742.970
covercrypt,classic,089a548,"SEC::LOW && DPT::$ && CTR::$","SEC::$ && DPT::DEV && CTR::FR",same,20,899,178,failure,200,846772118,4233860.590
covercrypt,classic,089a548,"SEC::LOW && DPT::$ && CTR::$","SEC::$ && DPT::DEV && CTR::$",same,40,1645,178,failure,200,1574519635,7872598.175
covercrypt,classic,089a548,"SEC::LOW && DPT::$ && CTR::$","SEC::$ && DPT::MKG",different,40,1645,178,failure,200,1569397512,7846987.560
covercrypt,classic,089a548,"SEC::LOW && DPT::$ && CTR::$","SEC::$ && DPT::MKG && CTR::EN",same,20,899,178,failure,200,833854676,4169273.380
covercrypt,classic,089a548,"SEC::LOW && DPT::$ && CTR::$","SEC::$ && DPT::MKG && CTR::FR",same,20,899,178,failure,200,829355811,4146779.055
covercrypt,classic,089a548,"SEC::LOW && DPT::$ && CTR::$","SEC::$ && DPT::MKG && CTR::$",same,40,1645,178,failure,200,1502818992,7514094.960
covercrypt,classic,089a548,"SEC::LOW && DPT::$ && CTR::$","SEC::$ && DPT::$",different,80,3147,178,success,200,1603336257,8016681.285
covercrypt,classic,089a548,"SEC::LOW && DPT::$ && CTR::$","SEC::$ && DPT::$ && CTR::EN",same,40,1645,178,failure,200,1498550176,7492750.880
covercrypt,classic,089a548,"SEC::LOW && DPT::$ && CTR::$","SEC::$ && DPT::$ && CTR::FR",same,40,1645,178,failure,200,1454685187,7273425.935
covercrypt,classic,089a548,"SEC::LOW && DPT::$ && CTR::$","SEC::$ && DPT::$ && CTR::$",same,80,3147,178,success,200,1880731688,9403658.440
covercrypt,classic,089a548,"SEC::MED && DPT::DEV && CTR::$","CTR::EN",different,40,1645,178,failure,200,1655941296,8279706.480
covercrypt,classic,089a548,"SEC::MED && DPT::DEV && CTR::$","CTR::FR",different,40,1645,178,failure,200,1452650596,7263252.980
covercrypt,classic,089a548,"SEC::MED && DPT::DEV && CTR::$","CTR::$",different,80,3147,178,success,200,1760063857,8800319.285
covercrypt,classic,089a548,"SEC::MED && DPT::DEV && CTR::$","DPT::DEV",different,40,1645,178,success,200,1192005932,5960029.660
covercrypt,classic,089a548,"SEC::MED && DPT::DEV && CTR::$","DPT::DEV && CTR::EN",different,20,899,178,failure,200,857902488,4289512.440
covercrypt,classic,089a548,"SEC::MED && DPT::DEV && CTR::$","DPT::DEV && CTR::FR",different,20,899,178,failure,200,798144336,3990721.680
covercrypt,classic,089a548,"SEC::MED && DPT::DEV && CTR::$","DPT::DEV && CTR::$",different,40,1645,178,success,200,1039271578,5196357.890
covercrypt,classic,089a548,"SEC::MED && DPT::DEV && CTR::$","DPT::MKG",different,40,1645,178,failure,200,2007061845,10035309.225
covercrypt,classic,089a548,"SEC::MED && DPT::DEV && CTR::$","DPT::MKG && CTR::EN",different,20,899,178,failure,200,882775922,4413879.610
covercrypt,classic,089a548,"SEC::MED && DPT::DEV && CTR::$","DPT::MKG && CTR::FR",different,20,899,178,failure,200,788975814,3944879.070
covercrypt,classic,089a548,"SEC::MED && DPT::DEV && CTR::$","DPT::MKG && CTR::$",different,40,1645,178,failure,200,1650210421,8251052.105
covercrypt,classic,089a548,"SEC::MED && DPT::DEV && CTR::$","DPT::$",different,80,3147,178,success,200,1533726232,7668631.160
covercrypt,classic,089a548,"SEC::MED && DPT::DEV && CTR::$","DPT::$ && CTR::EN",different,40,1645,178,failure,200,1583584894,7917924.470
covercrypt,classic,089a548,"SEC::MED && DPT::DEV && CTR::$","DPT::$ && CTR::FR",different,40,1645,178,failure,200,1659663780,8298318.900
covercrypt,classic,089a548,"SEC::MED && DPT::DEV && CTR::$","DPT::$ && CTR::$",different,80,3147,178,success,200,2023671910,10118359.550
covercrypt,classic,089a548,"SEC::MED && DPT::DEV && CTR::$","SEC::LOW",different,32,1347,178,failure,200,1324648916,6623244.580
covercrypt,classic,089a548,"SEC::MED && DPT::DEV && CTR::$","SEC::LOW && CTR::EN",different,16,751,178,failure,200,771857397,3859286.985
covercrypt,classic,089a548,"SEC::MED && DPT::DEV && CTR::$","SEC::LOW && CTR::FR",different,16,751,178,failure,200,655177965,3275889.825
covercrypt,classic,089a548,"SEC::MED && DPT::DEV && CTR::$","SEC::LOW && CTR::$",different,32,1347,178,failure,200,1387938666,6939693.330
covercrypt,classic,089a548,"SEC::MED && DPT::DEV && CTR::$","SEC::LOW && DPT::DEV",different,16,751,178,failure,200,866578426,4332892.130
covercrypt,classic,089a548,"SEC::MED && DPT::DEV && CTR::$","SEC::LOW && DPT::DEV && CTR::EN",same,8,455,178,failure,200,393006910,1965034.550
covercrypt,classic,089a548,"SEC::MED && DPT::DEV && CTR::$","SEC::LOW && DPT::DEV && CTR::FR",same,8,455,178,failure,200,373389003,1866945.015
covercrypt,classic,089a548,"SEC::MED && DPT::DEV && CTR::$","SEC::LOW && DPT::DEV && CTR::$",same,16,751,178,failure,200,852362968,4261814.840
covercrypt,classic,089a548,"SEC::MED && DPT::DEV && CTR::$","SEC::LOW && DPT::MKG",different,16,751,178,failure,200,695913689,3479568.445
covercrypt,classic,089a548,"SEC::MED && DPT::DEV && CTR::$","SEC::LOW && DPT::MKG && CTR::EN",same,8,455,178,failure,200,376028085,1880140.425
covercrypt,classic,089a548,"SEC::MED && DPT::DEV && CTR::$","SEC::LOW && DPT::MKG && CTR::FR",same,8,455,178,failure,200,430942238,2154711.190
covercrypt,classic,089a548,"SEC::MED && DPT::DEV && CTR::$","SEC::LOW && DPT::MKG && CTR::$",same,16,751,178,failure,200,726288982,3631444.910
covercrypt,classic,089a548,"SEC::MED && DPT::DEV && CTR::$","SEC::LOW && DPT::$",different,32,1347,178,failure,200,1625197730,8125988.650
covercrypt,classic,089a548,"SEC::MED && DPT::DEV && CTR::$","SEC::LOW && DPT::$ && CTR::EN",same,16,751,178,failure,200,847973731,4239868.655
covercrypt,classic,089a548,"SEC::MED && DPT::DEV && CTR::$","SEC::LOW && DPT::$ && CTR::FR",same,16,751,178,failure,200,832307009,4161535.045
covercrypt,classic,089a548,"SEC::MED && DPT::DEV && CTR::$","SEC::LOW && DPT::$ && CTR::$",same,32,1347,178,failure,200,1478399564,7391997.820
covercrypt,classic,089a548,"SEC::MED && DPT::DEV && CTR::$","SEC::MED",different,48,1947,178,success,200,1299483211,6497416.055
covercrypt,classic,089a548,"SEC::MED && DPT::DEV && CTR::$","SEC::MED && CTR::EN",different,24,1049,178,failure,200,1109578044,5547890.220
covercrypt,classic,089a548,"SEC::MED && DPT::DEV && CTR::$","SEC::MED && CTR::FR",different,24,1049,178,failure,200,1363010016,6815050.080
covercrypt,classic,089a548,"SEC::MED && DPT::DEV && CTR::$","SEC::MED && CTR::$",different,48,1947,178,success,200,1463205382,7316026.910
covercrypt,classic,089a548,"SEC::MED && DPT::DEV && CTR::$","SEC::MED && DPT::DEV",different,24,1049,178,success,200,805556844,4027784.220
covercrypt,classic,089a548,"SEC::MED && DPT::DEV && CTR::$","SEC::MED && DPT::DEV && CTR::EN",same,12,603,178,failure,200,627092339,3135461.695
covercrypt,classic,089a548,"SEC::MED && DPT::DEV && CTR::$","SEC::MED && DPT::DEV && CTR::FR",same,12,603,178,failure,200,577569786,2887848.930
covercrypt,classic,089a548,"SEC::MED && DPT::DEV && CTR::$","SEC::MED && DPT::DEV && CTR::$",same,24,1049,178,success,200,696567720,3482838.600
covercrypt,classic,089a548,"SEC::MED && DPT::DEV && CTR::$","SEC::MED && DPT::MKG",different,24,1049,178,failure,200,1110334921,5551674.605
covercrypt,classic,089a548,"SEC::MED && DPT::DEV && CTR::$","SEC::MED && DPT::MKG && CTR::EN",same,12,603,178,failure,200,630805725,3154028.625
covercrypt,classic,089a548,"SEC::MED && DPT::DEV && CTR::$","SEC::MED && DPT::MKG && CTR::FR",same,12,603,178,failure,200,556588854,2782944.270
covercrypt,classic,089a548,"SEC::MED && DPT::DEV && CTR::$","SEC::MED && DPT::MKG && CTR::$",same,24,1049,178,failure,200,1093080913,5465404.565
covercrypt,classic,089a548,"SEC::MED && DPT::DEV && CTR::$","SEC::MED && DPT::$",different,48,1947,178,success,200,1230222610,6151113.050
covercrypt,classic,089a548,"SEC::MED && DPT::DEV && CTR::$","SEC::MED && DPT::$ && CTR::EN",same,24,1049,178,failure,200,1177069695,5885348.475
covercrypt,classic,089a548,"SEC::MED && DPT::DEV && CTR::$","SEC::MED && DPT::$ && CTR::FR",same,24,1049,178,failure,200,1073552927,5367764.635
covercrypt,classic,089a548,"SEC::MED && DPT::DEV && CTR::$","SEC::MED && DPT::$ && CTR::$",same,48,1947,178,success,200,1306082322,6530411.610
covercrypt,classic,089a548,"SEC::MED && DPT::DEV && CTR::$","SEC::HIG",different,64,2547,178,success,200,1627264426,8136322.130
covercrypt,classic,089a548,"SEC::MED && DPT::DEV && CTR::$","SEC::HIG && CTR::EN",different,32,1347,178,failure,200,1353140090,6765700.450
covercrypt,classic,089a548,"SEC::MED && DPT::DEV && CTR::$","SEC::HIG && CTR::FR",different,32,1347,178,failure,200,1440934930,7204674.650
covercrypt,classic,089a548,"SEC::MED && DPT::DEV && CTR::$","SEC::HIG && CTR::$",different,64,2547,178,success,200,1428794412,7143972.060
covercrypt,classic,089a548,"SEC::MED && DPT::DEV && CTR::$","SEC::HIG && DPT::DEV",different,32,1347,178,success,200,901853613,4509268.065
covercrypt,classic,089a548,"SEC::MED && DPT::DEV && CTR::$","SEC::HIG && DPT::DEV && CTR::EN",same,16,751,178,failure,200,749220322,3746101.610
covercrypt,classic,089a548,"SEC::MED && DPT::DEV && CTR::$","SEC::HIG && DPT::DEV && CTR::FR",same,16,751,178,failure,200,821860861,4109304.305
covercrypt,classic,089a548,"SEC::MED && DPT::DEV && CTR::$","SEC::HIG && DPT::DEV && CTR::$",same,32,1347,178,success,200,777033489,3885167.445
covercrypt,classic,089a548,"SEC::MED && DPT::DEV && CTR::$","SEC::HIG && DPT::MKG",different,32,1347,178,failure,200,1347694498,6738472.490
covercrypt,classic,089a548,"SEC::MED && DPT::DEV && CTR::$","SEC::HIG && DPT::MKG && CTR::EN",same,16,751,178,failure,200,705850821,3529254.105
covercrypt,classic,089a548,"SEC::MED && DPT::DEV && CTR::$","SEC::HIG && DPT::MKG && CTR::FR",same,16,751,178,failure,200,851944513,4259722.565
covercrypt,classic,089a548,"SEC::MED && DPT::DEV && CTR::$","SEC::HIG && DPT::MKG && CTR::$",same,32,1347,178,failure,200,1502920159,7514600.795
covercrypt,classic,089a548,"SEC::MED && DPT::DEV && CTR::$","SEC::HIG && DPT::$",different,64,2547,178,success,200,1606356000,8031780.000
covercrypt,classic,089a548,"SEC::MED && DPT::DEV && CTR::$","SEC::HIG && DPT::$ && CTR::EN",same,32,1347,178,failure,200,1407906522,7039532.610
covercrypt,classic,089a548,"SEC::MED && DPT::DEV && CTR::$","SEC::HIG && DPT::$ && CTR::FR",same,32,1347,178,failure,200,1377147813,6885739.065
covercrypt,classic,089a548,"SEC::MED && DPT::DEV && CTR::$","SEC::HIG && DPT::$ && CTR::$",same,64,2547,178,success,200,1830798736,9153993.680
covercrypt,classic,089a548,"SEC::MED && DPT::DEV && CTR::$","SEC::$",different,80,3147,178,success,200,2118217125,10591085.625
covercrypt,classic,089a548,"SEC::MED && DPT::DEV && CTR::$","SEC::$ && CTR::EN",different,40,1645,178,failure,200,2346126356,11730631.780
covercrypt,classic,089a548,"SEC::MED && DPT::DEV && CTR::$","SEC::$ && CTR::FR",different,40,1645,178,failure,200,1718057751,8590288.755
covercrypt,classic,089a548,"SEC::MED && DPT::DEV && CTR::$","SEC::$ && CTR::$",different,80,3147,178,success,200,1555293096,7776465.480
covercrypt,classic,089a548,"SEC::MED && DPT::DEV && CTR::$","SEC::$ && DPT::DEV",different,40,1645,178,success,200,808398637,4041993.185
covercrypt,classic,089a548,"SEC::MED && DPT::DEV && CTR::$","SEC::$ && DPT::DEV && CTR::EN",same,20,899,178,failure,200,948615272,4743076.360
covercrypt,classic,089a548,"SEC::MED && DPT::DEV && CTR::$","SEC::$ && DPT::DEV && CTR::FR",same,20,899,178,failure,200,1030304417,5151522.085
covercrypt,classic,089a548,"SEC::MED && DPT::DEV && CTR::$","SEC::$ && DPT::DEV && CTR::$",same,40,1645,178,success,200,1395481825,6977409.125
covercrypt,classic,089a548,"SEC::MED && DPT::DEV && CTR::$","SEC::$ && DPT::MKG",different,40,1645,178,failure,200,2409082331,12045411.655
covercrypt,classic,089a548,"SEC::MED && DPT::DEV && CTR::$","SEC::$ && DPT::MKG && CTR::EN",same,20,899,178,failure,200,1145706577,5728532.885
covercrypt,classic,089a548,"SEC::MED && DPT::DEV && CTR::$","SEC::$ && DPT::MKG && CTR::FR",same,20,899,178,failure,200,994556317,4972781.585
covercrypt,classic,089a548,"SEC::MED && DPT::DEV && CTR::$","SEC::$ && DPT::MKG && CTR::$",same,40,1645,178,failure,200,1771532894,8857664.470
covercrypt,classic,089a548,"SEC::MED && DPT::DEV && CTR::$","SEC::$ && DPT::$",different,80,3147,178,success,200,1602323402,8011617.010
covercrypt,classic,089a548,"SEC::MED && DPT::DEV && CTR::$","SEC::$ && DPT::$ && CTR::EN",same,40,1645,178,failure,200,1591191590,7955957.950
covercrypt,classic,089a548,"SEC::MED && DPT::DEV && CTR::$","SEC::$ && DPT::$ && CTR::FR",same,40,1645,178,failure,200,1559528532,7797642.660
covercrypt,classic,089a548,"SEC::MED && DPT::DEV && CTR::$","SEC::$ && DPT::$ && CTR::$",same,80,3147,178,success,200,1699979560,8499897.800
covercrypt,classic,089a548,"SEC::MED && DPT::$ && CTR::$","CTR::EN",different,40,1645,178,failure,200,1636644150,8183220.750
covercrypt,classic,089a548,"SEC::MED && DPT::$ && CTR::$","CTR::FR",different,40,1645,178,failure,200,1570437118,7852185.590
covercrypt,classic,089a548,"SEC::MED && DPT::$ && CTR::$","CTR::$",different,80,3147,178,success,200,1696745866,8483729.330
covercrypt,classic,089a548,"SEC::MED && DPT::$ && CTR::$","DPT::DEV",different,40,1645,178,failure,200,1536786125,7683930.625
covercrypt,classic,089a548,"SEC::MED && DPT::$ && CTR::$","DPT::DEV && CTR::EN",different,20,899,178,failure,200,844527937,4222639.685
covercrypt,classic,089a548,"SEC::MED && DPT::$ && CTR::$","DPT::DEV && CTR::FR",different,20,899,178,failure,200,811805433,4059027.165
covercrypt,classic,089a548,"SEC::MED && DPT::$ && CTR::$","DPT::DEV && CTR::$",different,40,1645,178,failure,200,1569162007,7845810.035
covercrypt,classic,089a548,"SEC::MED && DPT::$ && CTR::$","DPT::MKG",different,40,1645,178,failure,200,1543318155,7716590.775
covercrypt,classic,089a548,"SEC::MED && DPT::$ && CTR::$","DPT::MKG && CTR::EN",different,20,899,178,failure,200,857190153,4285950.765
covercrypt,classic,089a548,"SEC::MED && DPT::$ && CTR::$","DPT::MKG && CTR::FR",different,20,899,178,failure,200,838913208,4194566.040
covercrypt,classic,089a548,"SEC::MED && DPT::$ && CTR::$","DPT::MKG && CTR::$",different,40,1645,178,failure,200,1738770702,8693853.510
covercrypt,classic,089a548,"SEC::MED && DPT::$ && CTR::$","DPT::$",different,80,3147,178,success,200,1584060295,7920301.475
covercrypt,classic,089a548,"SEC::MED && DPT::$ && CTR::$","DPT::$ && CTR::EN",different,40,1645,178,failure,200,1533269694,7666348.470
covercrypt,classic,089a548,"SEC::MED && DPT::$ && CTR::$","DPT::$ && CTR::FR",different,40,1645,178,failure,200,1506944970,7534724.850
covercrypt,classic,089a548,"SEC::MED && DPT::$ && CTR::$","DPT::$ && CTR::$",different,80,3147,178,success,200,1473761714,7368808.570
covercrypt,classic,089a548,"SEC::MED && DPT::$ && CTR::$","SEC::LOW",different,32,1347,178,failure,200,1344259929,6721299.645
covercrypt,classic,089a548,"SEC::MED && DPT::$ && CTR::$","SEC::LOW && CTR::EN",different,16,751,178,failure,200,628763624,3143818.120
covercrypt,classic,089a548,"SEC::MED && DPT::$ && CTR::$","SEC::LOW && CTR::FR",different,16,751,178,failure,200,581995198,2909975.990
covercrypt,classic,089a548,"SEC::MED && DPT::$ && CTR::$","SEC::LOW && CTR::$",different,32,1347,178,failure,200,1100268212,5501341.060
covercrypt,classic,089a548,"SEC::MED && DPT::$ && CTR::$","SEC::LOW && DPT::DEV",different,16,751,178,failure,200,699561317,3497806.585
covercrypt,classic,089a548,"SEC::MED && DPT::$ && CTR::$","SEC::LOW && DPT::DEV && CTR::EN",same,8,455,178,failure,200,406046490,2030232.450
covercrypt,classic,089a548,"SEC::MED && DPT::$ && CTR::$","SEC::LOW && DPT::DEV && CTR::FR",same,8,455,178,failure,200,439410929,2197054.645
covercrypt,classic,089a548,"SEC::MED && DPT::$ && CTR::$","SEC::LOW && DPT::DEV && CTR::$",same,16,751,178,failure,200,714878522,3574392.610
covercrypt,classic,089a548,"SEC::MED && DPT::$ && CTR::$","SEC::LOW && DPT::MKG",different,16,751,178,failure,200,571339593,2856697.965
covercrypt,classic,089a548,"SEC::MED && DPT::$ && CTR::$","SEC::LOW && DPT::MKG && CTR::EN",same,8,455,178,failure,200,311240726,1556203.630
covercrypt,classic,089a548,"SEC::MED && DPT::$ && CTR::$","SEC::LOW && DPT::MKG && CTR::FR",same,8,455,178,failure,200,309136953,1545684.765
covercrypt,classic,089a548,"SEC::MED && DPT::$ && CTR::$","SEC::LOW && DPT::MKG && CTR::$",same,16,751,178,failure,200,560921224,2804606.120
covercrypt,classic,089a548,"SEC::MED && DPT::$ && CTR::$","SEC::LOW && DPT::$",different,32,1347,178,failure,200,1083718162,5418590.810
covercrypt,classic,089a548,"SEC::MED && DPT::$ && CTR::$","SEC::LOW && DPT::$ && CTR::EN",same,16,751,178,failure,200,614564191,3072820.955
covercrypt,classic,089a548,"SEC::MED && DPT::$ && CTR::$","SEC::LOW && DPT::$ && CTR::FR",same,16,751,178,failure,200,587474618,2937373.090
covercrypt,classic,089a548,"SEC::MED && DPT::$ && CTR::$","SEC::LOW && DPT::$ && CTR::$",same,32,1347,178,failure,200,1213618778,6068093.890
covercrypt,classic,089a548,"SEC::MED && DPT::$ && CTR::$","SEC::MED",different,48,1947,178,success,200,1048690906,5243454.530
covercrypt,classic,089a548,"SEC::MED && DPT::$ && CTR::$","SEC::MED && CTR::EN",different,24,1049,178,failure,200,1163108849,5815544.245
covercrypt,classic,089a548,"SEC::MED && DPT::$ && CTR::$","SEC::MED && CTR::FR",different,24,1049,178,failure,200,809813036,4049065.180
covercrypt,classic,089a548,"SEC::MED && DPT::$ && CTR::$","SEC::MED && CTR::$",different,48,1947,178,success,200,952694832,4763474.160
covercrypt,classic,089a548,"SEC::MED && DPT::$ && CTR::$","SEC::MED && DPT::DEV",different,24,1049,178,failure,200,929861969,4649309.845
covercrypt,classic,089a548,"SEC::MED && DPT::$ && CTR::$","SEC::MED && DPT::DEV && CTR::EN",same,12,603,178,failure,200,500525757,2502628.785
covercrypt,classic,089a548,"SEC::MED && DPT::$ && CTR::$","SEC::MED && DPT::DEV && CTR::FR",same,12,603,178,failure,200,473411670,2367058.350
covercrypt,classic,089a548,"SEC::MED && DPT::$ && CTR::$","SEC::MED && DPT::DEV && CTR::$",same,24,1049,178,failure,200,871143141,4355715.705
covercrypt,classic,089a548,"SEC::MED && DPT::$ && CTR::$","SEC::MED && DPT::MKG",different,24,1049,178,failure,200,886962992,4434814.960
covercrypt,classic,089a548,"SEC::MED && DPT::$ && CTR::$","SEC::MED && DPT::MKG && CTR::EN",same,12,603,178,failure,200,464175728,2320878.640
covercrypt,classic,089a548,"SEC::MED && DPT::$ && CTR::$","SEC::MED && DPT::MKG && CTR::FR",same,12,603,178,failure,200,474497716,2372488.580
covercrypt,classic,089a548,"SEC::MED && DPT::$ && CTR::$","SEC::MED && DPT::MKG && CTR::$",same,24,1049,178,failure,200,886496386,4432481.930
covercrypt,classic,089a548,"SEC::MED && DPT::$ && CTR::$","SEC::MED && DPT::$",different,48,1947,178,success,200,980600773,4903003.865
covercrypt,classic,089a548,"SEC::MED && DPT::$ && CTR::$","SEC::MED && DPT::$ && CTR::EN",same,24,1049,178,failure,200,884648014,4423240.070
covercrypt,classic,089a548,"SEC::MED && DPT::$ && CTR::$","SEC::MED && DPT::$ && CTR::FR",same,24,1049,178,failure,200,932710304,4663551.520
covercrypt,classic,089a548,"SEC::MED && DPT::$ && CTR::$","SEC::MED && DPT::$ && CTR::$",same,48,1947,178,success,200,896974575,4484872.875
covercrypt,classic,089a548,"SEC::MED && DPT::$ && CTR::$","SEC::HIG",different,64,2547,178,success,200,1161087635,5805438.175
covercrypt,classic,089a548,"SEC::MED && DPT::$ && CTR::$","SEC::HIG && CTR::EN",different,32,1347,178,failure,200,1110394363,5551971.815
covercrypt,classic,089a548,"SEC::MED && DPT::$ && CTR::$","SEC::HIG && CTR::FR",different,32,1347,178,failure,200,1063186680,5315933.400
covercrypt,classic,089a548,"SEC::MED && DPT::$ && CTR::$","SEC::HIG && CTR::$",different,64,2547,178,success,200,1309961741,6549808.705
covercrypt,classic,089a548,"SEC::MED && DPT::$ && CTR::$","SEC::HIG && DPT::DEV",different,32,1347,178,failure,200,1140045503,5700227.515
covercrypt,classic,089a548,"SEC::MED && DPT::$ && CTR::$","SEC::HIG && DPT::DEV && CTR::EN",same,16,751,178,failure,200,547680342,2738401.710
covercrypt,classic,089a548,"SEC::MED && DPT::$ && CTR::$","SEC::HIG && DPT::DEV && CTR::FR",same,16,751,178,failure,200,579074266,2895371.330
covercrypt,classic,089a548,"SEC::MED && DPT::$ && CTR::$","SEC::HIG && DPT::DEV && CTR::$",same,32,1347,178,failure,200,1079989100,5399945.500
covercrypt,classic,089a548,"SEC::MED && DPT::$ && CTR::$","SEC::HIG && DPT::MKG",different,32,1347,178,failure,200,1073117198,5365585.990
covercrypt,classic,089a548,"SEC::MED && DPT::$ && CTR::$","SEC::HIG && DPT::MKG && CTR::EN",same,16,751,178,failure,200,578105010,2890525.050
covercrypt,classic,089a548,"SEC::MED && DPT::$ && CTR::$","SEC::HIG && DPT::MKG && CTR::FR",same,16,751,178,failure,200,598042394,2990211.970
covercrypt,classic,089a548,"SEC::MED && DPT::$ && CTR::$","SEC::HIG && DPT::MKG && CTR::$",same,32,1347,178,failure,200,1093829226,5469146.130
covercrypt,classic,089a548,"SEC::MED && DPT::$ && CTR::$","SEC::HIG && DPT::$",different,64,2547,178,success,200,1210583518,6052917.590
covercrypt,classic,089a548,"SEC::MED && DPT::$ && CTR::$","SEC::HIG && DPT::$ && CTR::EN",same,32,1347,178,failure,200,1064687004,5323435.020
covercrypt,classic,089a548,"SEC::MED && DPT::$ && CTR::$","SEC::HIG && DPT::$ && CTR::FR",same,32,1347,178,failure,200,1104229828,5521149.140
covercrypt,classic,089a548,"SEC::MED && DPT::$ && CTR::$","SEC::HIG && DPT::$ && CTR::$",same,64,2547,178,success,200,1179634712,5898173.560
covercrypt,classic,089a548,"SEC::MED && DPT::$ && CTR::$","SEC::$",different,80,3147,178,success,200,1426755812,7133779.060
covercrypt,classic,089a548,"SEC::MED && DPT::$ && CTR::$","SEC::$ && CTR::EN",different,40,1645,178,failure,200,1376509455,6882547.275
covercrypt,classic,089a548,"SEC::MED && DPT::$ && CTR::$","SEC::$ && CTR::FR",different,40,1645,178,failure,200,1373512328,6867561.640
covercrypt,classic,089a548,"SEC::MED && DPT::$ && CTR::$","SEC::$ && CTR::$",different,80,3147,178,success,200,1350603905,6753019.525
covercrypt,classic,089a548,"SEC::MED && DPT::$ && CTR::$","SEC::$ && DPT::DEV",different,40,1645,178,failure,200,1439898026,7199490.130
covercrypt,classic,089a548,"SEC::MED && DPT::$ && CTR::$","SEC::$ && DPT::DEV && CTR::EN",same,20,899,178,failure,200,760171191,3800855.955
covercrypt,classic,089a548,"SEC::MED && DPT::$ && CTR::$","SEC::$ && DPT::DEV && CTR::FR",same,20,899,178,failure,200,747521098,3737605.490
covercrypt,classic,089a548,"SEC::MED && DPT::$ && CTR::$","SEC::$ && DPT::DEV && CTR::$",same,40,1645,178,failure,200,1568834046,7844170.230
covercrypt,classic,089a548,"SEC::MED && DPT::$ && CTR::$","SEC::$ && DPT::MKG",different,40,1645,178,failure,200,1371312809,6856564.045
covercrypt,classic,089a548,"SEC::MED && DPT::$ && CTR::$","SEC::$ && DPT::MKG && CTR::EN",same,20,899,178,failure,200,685789186,3428945.930
covercrypt,classic,089a548,"SEC::MED && DPT::$ && CTR::$","SEC::$ && DPT::MKG && CTR::FR",same,20,899,178,failure,200,768300726,3841503.630
covercrypt,classic,089a548,"SEC::MED && DPT::$ && CTR::$","SEC::$ && DPT::MKG && CTR::$",same,40,1645,178,failure,200,1317992103,6589960.515
covercrypt,classic,089a548,"SEC::MED && DPT::$ && CTR::$","SEC::$ && DPT::$",different,80,3147,178,success,200,1375753304,6878766.520
covercrypt,classic,089a548,"SEC::MED && DPT::$ && CTR::$","SEC::$ && DPT::$ && CTR::EN",same,40,1645,178,failure,200,1307771763,6538858.815
covercrypt,classic,089a548,"SEC::MED && DPT::$ && CTR::$","SEC::$ && DPT::$ && CTR::FR",same,40,1645,178,failure,200,1483375904,7416879.520
covercrypt,classic,089a548,"SEC::MED && DPT::$ && CTR::$","SEC::$ && DPT::$ && CTR::$",same,80,3147,178,success,200,2041640067,10208200.335
covercrypt,classic,089a548,"SEC::HIG && DPT::DEV && CTR::$","CTR::EN",different,40,1645,178,failure,200,1417737835,7088689.175
covercrypt,classic,089a548,"SEC::HIG && DPT::DEV && CTR::$","CTR::FR",different,40,1645,178,failure,200,1321453907,6607269.535
covercrypt,classic,089a548,"SEC::HIG && DPT::DEV && CTR::$","CTR::$",different,80,3147,178,success,200,1662618261,8313091.305
covercrypt,classic,089a548,"SEC::HIG && DPT::DEV && CTR::$","DPT::DEV",different,40,1645,178,success,200,814783785,4073918.925
covercrypt,classic,089a548,"SEC::HIG && DPT::DEV && CTR::$","DPT::DEV && CTR::EN",different,20,899,178,failure,200,702424217,3512121.085
covercrypt,classic,089a548,"SEC::HIG && DPT::DEV && CTR::$","DPT::DEV && CTR::FR",different,20,899,178,failure,200,695795457,3478977.285
covercrypt,classic,089a548,"SEC::HIG && DPT::DEV && CTR::$","DPT::DEV && CTR::$",different,40,1645,178,success,200,799586020,3997930.100
covercrypt,classic,089a548,"SEC::HIG && DPT::DEV && CTR::$","DPT::MKG",different,40,1645,178,failure,200,1327070950,6635354.750
covercrypt,classic,089a548,"SEC::HIG && DPT::DEV && CTR::$","DPT::MKG && CTR::EN",different,20,899,178,failure,200,694693456,3473467.280
covercrypt,classic,089a548,"SEC::HIG && DPT::DEV && CTR::$","DPT::MKG && CTR::FR",different,20,899,178,failure,200,688257644,3441288.220
covercrypt,classic,089a548,"SEC::HIG && DPT::DEV && CTR::$","DPT::MKG && CTR::$",different,40,1645,178,failure,200,1320964365,6604821.825
covercrypt,classic,089a548,"SEC::HIG && DPT::DEV && CTR::$","DPT::$",different,80,3147,178,success,200,1380151808,6900759.040
covercrypt,classic,089a548,"SEC::HIG && DPT::DEV && CTR::$","DPT::$ && CTR::EN",different,40,1645,178,failure,200,1490176134,7450880.670
covercrypt,classic,089a548,"SEC::HIG && DPT::DEV && CTR::$","DPT::$ && CTR::FR",different,40,1645,178,failure,200,1712720048,8563600.240
covercrypt,classic,089a548,"SEC::HIG && DPT::DEV && CTR::$","DPT::$ && CTR::$",different,80,3147,178,success,200,1810889277,9054446.385
covercrypt,classic,089a548,"SEC::HIG && DPT::DEV && CTR::$","SEC::LOW",different,32,1347,178,failure,200,1429836406,7149182.030
covercrypt,classic,089a548,"SEC::HIG && DPT::DEV && CTR::$","SEC::LOW && CTR::EN",different,16,751,178,failure,200,675738579,3378692.895
covercrypt,classic,089a548,"SEC::HIG && DPT::DEV && CTR::$","SEC::LOW && CTR::FR",different,16,751,178,failure,200,725968831,3629844.155
covercrypt,classic,089a548,"SEC::HIG && DPT::DEV && CTR::$","SEC::LOW && CTR::$",different,32,1347,178,failure,200,1291413700,6457068.500
covercrypt,classic,089a548,"SEC::HIG && DPT::DEV && CTR::$","SEC::LOW && DPT::DEV",different,16,751,178,failure,200,766398400,3831992.000
covercrypt,classic,089a548,"SEC::HIG && DPT::DEV && CTR::$","SEC::LOW && DPT::DEV && CTR::EN",same,8,455,178,failure,200,360912427,1804562.135
covercrypt,classic,089a548,"SEC::HIG && DPT::DEV && CTR::$","SEC::LOW && DPT::DEV && CTR::FR",same,8,455,178,failure,200,370498740,1852493.700
covercrypt,classic,089a548,"SEC::HIG && DPT::DEV && CTR::$","SEC::LOW && DPT::DEV && CTR::$",same,16,751,178,failure,200,940823972,4704119.860
covercrypt,classic,089a548,"SEC::HIG && DPT::DEV && CTR::$","SEC::LOW && DPT::MKG",different,16,751,178,failure,200,719526293,3597631.465
covercrypt,classic,089a548,"SEC::HIG && DPT::DEV && CTR::$","SEC::LOW && DPT::MKG && CTR::EN",same,8,455,178,failure,200,464261623,2321308.115
covercrypt,classic,089a548,"SEC::HIG && DPT::DEV && CTR::$","SEC::LOW && DPT::MKG && CTR::FR",same,8,455,178,failure,200,410769231,2053846.155
covercrypt,classic,089a548,"SEC::HIG && DPT::DEV && CTR::$","SEC::LOW && DPT::MKG && CTR::$",same,16,751,178,failure,200,761309822,3806549.110
covercrypt,classic,089a548,"SEC::HIG && DPT::DEV && CTR::$","SEC::LOW && DPT::$",different,32,1347,178,failure,200,1519701506,7598507.530
covercrypt,classic,089a548,"SEC::HIG && DPT::DEV && CTR::$","SEC::LOW && DPT::$ && CTR::EN",same,16,751,178,failure,200,808085808,4040429.040
covercrypt,classic,089a548,"SEC::HIG && DPT::DEV && CTR::$","SEC::LOW && DPT::$ && CTR::FR",same,16,751,178,failure,200,741982023,3709910.115
covercrypt,classic,089a548,"SEC::HIG && DPT::DEV && CTR::$","SEC::LOW && DPT::$ && CTR::$",same,32,1347,178,failure,200,1525866258,7629331.290
covercrypt,classic,089a548,"SEC::HIG && DPT::DEV && CTR::$","SEC::MED",different,48,1947,178,failure,200,1926661654,9633308.270
covercrypt,classic,089a548,"SEC::HIG && DPT::DEV && CTR::$","SEC::MED && CTR::EN",different,24,1049,178,failure,200,1050860431,5254302.155
covercrypt,classic,089a548,"SEC::HIG && DPT::DEV && CTR::$","SEC::MED && CTR::FR",different,24,1049,178,failure,200,1129350467,5646752.335
covercrypt,classic,089a548,"SEC::HIG && DPT::DEV && CTR::$","SEC::MED && CTR::$",different,48,1947,178,failure,200,2022272687,10111363.435
covercrypt,classic,089a548,"SEC::HIG && DPT::DEV && CTR::$","SEC::MED && DPT::DEV",different,24,1049,178,failure,200,1008691907,5043459.535
covercrypt,classic,089a548,"SEC::HIG && DPT::DEV && CTR::$","SEC::MED && DPT::DEV && CTR::EN",same,12,603,178,failure,200,540331141,2701655.705
covercrypt,classic,089a548,"SEC::HIG && DPT::DEV && CTR::$","SEC::MED && DPT::DEV && CTR::FR",same,12,603,178,failure,200,587154636,2935773.180
covercrypt,classic,089a548,"SEC::HIG && DPT::DEV && CTR::$","SEC::MED && DPT::DEV && CTR::$",same,24,1049,178,failure,200,1277111303,6385556.515
covercrypt,classic,089a548,"SEC::HIG && DPT::DEV && CTR::$","SEC::MED && DPT::MKG",different,24,1049,178,failure,200,1122935427,5614677.135
covercrypt,classic,089a548,"SEC::HIG && DPT::DEV && CTR::$","SEC::MED && DPT::MKG && CTR::EN",same,12,603,178,failure,200,452568003,2262840.015
covercrypt,classic,089a548,"SEC::HIG && DPT::DEV && CTR::$","SEC::MED && DPT::MKG && CTR::FR",same,12,603,178,failure,200,624447107,3122235.535
covercrypt,classic,089a548,"SEC::HIG && DPT::DEV && CTR::$","SEC::MED && DPT::MKG && CTR::$",same,24,1049,178,failure,200,1262314077,6311570.385
covercrypt,classic,089a548,"SEC::HIG && DPT::DEV && CTR::$","SEC::MED && DPT::$",different,48,1947,178,failure,200,2211953882,11059769.410
covercrypt,classic,089a548,"SEC::HIG && DPT::DEV && CTR::$","SEC::MED && DPT::$ && CTR::EN",same,24,1049,178,failure,200,901891957,4509459.785
covercrypt,classic,089a548,"SEC::HIG && DPT::DEV && CTR::$","SEC::MED && DPT::$ && CTR::FR",same,24,1049,178,failure,200,831078771,4155393.855
covercrypt,classic,089a548,"SEC::HIG && DPT::DEV && CTR::$","SEC::MED && DPT::$ && CTR::$",same,48,1947,178,failure,200,1689224938,8446124.690
covercrypt,classic,089a548,"SEC::HIG && DPT::DEV && CTR::$","SEC::HIG",different,64,2547,178,success,200,1289101207,6445506.035
covercrypt,classic,089a548,"SEC::HIG && DPT::DEV && CTR::$","SEC::HIG && CTR::EN",different,32,1347,178,failure,200,1266537952,6332689.760
covercrypt,classic,089a548,"SEC::HIG && DPT::DEV && CTR::$","SEC::HIG && CTR::FR",different,32,1347,178,failure,200,1469090616,7345453.080
covercrypt,classic,089a548,"SEC::HIG && DPT::DEV && CTR::$","SEC::HIG && CTR::$",different,64,2547,178,success,200,1561159741,7805798.705
covercrypt,classic,089a548,"SEC::HIG && DPT::DEV && CTR::$","SEC::HIG && DPT::DEV",different,32,1347,178,success,200,690002294,3450011.470
covercrypt,classic,089a548,"SEC::HIG && DPT::DEV && CTR::$","SEC::HIG && DPT::DEV && CTR::EN",same,16,751,178,failure,200,593004432,2965022.160
covercrypt,classic,089a548,"SEC::HIG && DPT::DEV && CTR::$","SEC::HIG && DPT::DEV && CTR::FR",same,16,751,178,failure,200,619542818,3097714.090
covercrypt,classic,089a548,"SEC::HIG && DPT::DEV && CTR::$","SEC::HIG && DPT::DEV && CTR::$",same,32,1347,178,success,200,673662878,3368314.390
covercrypt,classic,089a548,"SEC::HIG && DPT::DEV && CTR::$","SEC::HIG && DPT::MKG",different,32,1347,178,failure,200,1092110744,5460553.720
covercrypt,classic,089a548,"SEC::HIG && DPT::DEV && CTR::$","SEC::HIG && DPT::MKG && CTR::EN",same,16,751,178,failure,200,612960184,3064800.920
covercrypt,classic,089a548,"SEC::HIG && DPT::DEV && CTR::$","SEC::HIG && DPT::MKG && CTR::FR",same,16,751,178,failure,200,685008768,3425043.840
covercrypt,classic,089a548,"SEC::HIG && DPT::DEV && CTR::$","SEC::HIG && DPT::MKG && CTR::$",same,32,1347,178,failure,200,1085200710,5426003.550
covercrypt,classic,089a548,"SEC::HIG && DPT::DEV && CTR::$","SEC::HIG && DPT::$",different,64,2547,178,success,200,1269194956,6345974.780
covercrypt,classic,089a548,"SEC::HIG && DPT::DEV && CTR::$","SEC::HIG && DPT::$ && CTR::EN",same,32,1347,178,failure,200,1106682430,5533412.150
covercrypt,classic,089a548,"SEC::HIG && DPT::DEV && CTR::$","SEC::HIG && DPT::$ && CTR::FR",same,32,1347,178,failure,200,1110756218,5553781.090
covercrypt,classic,089a548,"SEC::HIG && DPT::DEV && CTR::$","SEC::HIG && DPT::$ && CTR::$",same,64,2547,178,success,200,1166376671,5831883.355
covercrypt,classic,089a548,"SEC::HIG && DPT::DEV && CTR::$","SEC::$",different,80,3147,178,success,200,1472076276,7360381.380
covercrypt,classic,089a548,"SEC::HIG && DPT::DEV && CTR::$","SEC::$ && CTR::EN",different,40,1645,178,failure,200,1441562036,7207810.180
covercrypt,classic,089a548,"SEC::HIG && DPT::DEV && CTR::$","SEC::$ && CTR::FR",different,40,1645,178,failure,200,1258686305,6293431.525
covercrypt,classic,089a548,"SEC::HIG && DPT::DEV && CTR::$","SEC::$ && CTR::$",different,80,3147,178,success,200,1309824609,6549123.045
covercrypt,classic,089a548,"SEC::HIG && DPT::DEV && CTR::$","SEC::$ && DPT::DEV",different,40,1645,178,success,200,729553961,3647769.805
covercrypt,classic,089a548,"SEC::HIG && DPT::DEV && CTR::$","SEC::$ && DPT::DEV && CTR::EN",same,20,899,178,failure,200,738132536,3690662.680
covercrypt,classic,089a548,"SEC::HIG && DPT::DEV && CTR::$","SEC::$ && DPT::DEV && CTR::FR",same,20,899,178,failure,200,708936881,3544684.405
covercrypt,classic,089a548,"SEC::HIG && DPT::DEV && CTR::$","SEC::$ && DPT::DEV && CTR::$",same,40,1645,178,success,200,824224679,4121123.395
covercrypt,classic,089a548,"SEC::HIG && DPT::DEV && CTR::$","SEC::$ && DPT::MKG",different,40,1645,178,failure,200,1324455087,6622275.435
covercrypt,classic,089a548,"SEC::HIG && DPT::DEV && CTR::$","SEC::$ && DPT::MKG && CTR::EN",same,20,899,178,failure,200,648223304,3241116.520
covercrypt,classic,089a548,"SEC::HIG && DPT::DEV && CTR::$","SEC::$ && DPT::MKG && CTR::FR",same,20,899,178,failure,200,685938323,3429691.615
covercrypt,classic,089a548,"SEC::HIG && DPT::DEV && CTR::$","SEC::$ && DPT::MKG && CTR::$",same,40,1645,178,failure,200,1326048730,6630243.650
covercrypt,classic,089a548,"SEC::HIG && DPT::DEV && CTR::$","SEC::$ && DPT::$",different,80,3147,178,success,200,1456328571,7281642.855
covercrypt,classic,089a548,"SEC::HIG && DPT::DEV && CTR::$","SEC::$ && DPT::$ && CTR::EN",same,40,1645,178,failure,200,1378261686,6891308.430
covercrypt,classic,089a548,"SEC::HIG && DPT::DEV && CTR::$","SEC::$ && DPT::$ && CTR::FR",same,40,1645,178,failure,200,1332632132,6663160.660
covercrypt,classic,089a548,"SEC::HIG && DPT::DEV && CTR::$","SEC::$ && DPT::$ && CTR::$",same,80,3147,178,success,200,1217153643,6085768.215
covercrypt,classic,089a548,"SEC::HIG && DPT::$ && CTR::$","CTR::EN",different,40,1645,178,failure,200,1364472378,6822361.890
covercrypt,classic,089a548,"SEC::HIG && DPT::$ && CTR::$","CTR::FR",different,40,1645,178,failure,200,1427199591,7135997.955
covercrypt,classic,089a548,"SEC::HIG && DPT::$ && CTR::$","CTR::$",different,80,3147,178,success,200,1679336000,8396680.000
covercrypt,classic,089a548,"SEC::HIG && DPT::$ && CTR::$","DPT::DEV",different,40,1645,178,failure,200,1366622185,6833110.925
covercrypt,classic,089a548,"SEC::HIG && DPT::$ && CTR::$","DPT::DEV && CTR::EN",different,20,899,178,failure,200,727382764,3636913.820
covercrypt,classic,089a548,"SEC::HIG && DPT::$ && CTR::$","DPT::DEV && CTR::FR",different,20,899,178,failure,200,718885724,3594428.620
covercrypt,classic,089a548,"SEC::HIG && DPT::$ && CTR::$","DPT::DEV && CTR::$",different,40,1645,178,failure,200,1406502966,7032514.830
covercrypt,classic,089a548,"SEC::HIG && DPT::$ && CTR::$","DPT::MKG",different,40,1645,178,failure,200,1367787703,6838938.515
covercrypt,classic,089a548,"SEC::HIG && DPT::$ && CTR::$","DPT::MKG && CTR::EN",different,20,899,178,failure,200,699554287,3497771.435
covercrypt,classic,089a548,"SEC::HIG && DPT::$ && CTR::$","DPT::MKG && CTR::FR",different,20,899,178,failure,200,721195680,3605978.400
covercrypt,classic,089a548,"SEC::HIG && DPT::$ && CTR::$","DPT::MKG && CTR::$",different,40,1645,178,failure,200,1268702683,6343513.415
covercrypt,classic,089a548,"SEC::HIG && DPT::$ && CTR::$","DPT::$",different,80,3147,178,success,200,1665787949,8328939.745
covercrypt,classic,089a548,"SEC::HIG && DPT::$ && CTR::$","DPT::$ && CTR::EN",different,40,1645,178,failure,200,1287885759,6439428.795
covercrypt,classic,089a548,"SEC::HIG && DPT::$ && CTR::$","DPT::$ && CTR::FR",different,40,1645,178,failure,200,1267206208,6336031.040
covercrypt,classic,089a548,"SEC::HIG && DPT::$ && CTR::$","DPT::$ && CTR::$",different,80,3147,178,success,200,1406322331,7031611.655
covercrypt,classic,089a548,"SEC::HIG && DPT::$ && CTR::$","SEC::LOW",different,32,1347,178,failure,200,1097660523,5488302.615
covercrypt,classic,089a548,"SEC::HIG && DPT::$ && CTR::$","SEC::LOW && CTR::EN",different,16,751,178,failure,200,555675933,2778379.665
covercrypt,classic,089a548,"SEC::HIG && DPT::$ && CTR::$","SEC::LOW && CTR::FR",different,16,751,178,failure,200,607450348,3037251.740
covercrypt,classic,089a548,"SEC::HIG && DPT::$ && CTR::$","SEC::LOW && CTR::$",different,32,1347,178,failure,200,1210354259,6051771.295
covercrypt,classic,089a548,"SEC::HIG && DPT::$ && CTR::$","SEC::LOW && DPT::DEV",different,16,751,178,failure,200,566308148,2831540.740
covercrypt,classic,089a548,"SEC::HIG && DPT::$ && CTR::$","SEC::LOW && DPT::DEV && CTR::EN",same,8,455,178,failure,200,294405772,1472028.860
covercrypt,classic,089a548,"SEC::HIG && DPT::$ && CTR::$","SEC::LOW && DPT::DEV && CTR::FR",same,8,455,178,failure,200,289287878,1446439.390
covercrypt,classic,089a548,"SEC::HIG && DPT::$ && CTR::$","SEC::LOW && DPT::DEV && CTR::$",same,16,751,178,failure,200,537805262,2689026.310
covercrypt,classic,089a548,"SEC::HIG && DPT::$ && CTR::$","SEC::LOW && DPT::MKG",different,16,751,178,failure,200,524594476,2622972.380
covercrypt,classic,089a548,"SEC::HIG && DPT::$ && CTR::$","SEC::LOW && DPT::MKG && CTR::EN",same,8,455,178,failure,200,280167586,1400837.930
covercrypt,classic,089a548,"SEC::HIG && DPT::$ && CTR::$","SEC::LOW && DPT::MKG && CTR::FR",same,8,455,178,failure,200,382262513,1911312.565
covercrypt,classic,089a548,"SEC::HIG && DPT::$ && CTR::$","SEC::LOW && DPT::MKG && CTR::$",same,16,751,178,failure,200,773542084,3867710.420
covercrypt,classic,089a548,"SEC::HIG && DPT::$ && CTR::$","SEC::LOW && DPT::$",different,32,1347,178,failure,200,1235633021,6178165.105
covercrypt,classic,089a548,"SEC::HIG && DPT::$ && CTR::$","SEC::LOW && DPT::$ && CTR::EN",same,16,751,178,failure,200,550063636,2750318.180
covercrypt,classic,089a548,"SEC::HIG && DPT::$ && CTR::$","SEC::LOW && DPT::$ && CTR::FR",same,16,751,178,failure,200,569070103,2845350.515
covercrypt,classic,089a548,"SEC::HIG && DPT::$ && CTR::$","SEC::LOW && DPT::$ && CTR::$",same,32,1347,178,failure,200,1035780846,5178904.230
covercrypt,classic,089a548,"SEC::HIG && DPT::$ && CTR::$","SEC::MED",different,48,1947,178,failure,200,1555076421,7775382.105
covercrypt,classic,089a548,"SEC::HIG && DPT::$ && CTR::$","SEC::MED && CTR::EN",different,24,1049,178,failure,200,879870267,4399351.335
covercrypt,classic,089a548,"SEC::HIG && DPT::$ && CTR::$","SEC::MED && CTR::FR",different,24,1049,178,failure,200,772967338,3864836.690
covercrypt,classic,089a548,"SEC::HIG && DPT::$ && CTR::$","SEC::MED && CTR::$",different,48,1947,178,failure,200,1528787596,7643937.980
covercrypt,classic,089a548,"SEC::HIG && DPT::$ && CTR::$","SEC::MED && DPT::DEV",different,24,1049,178,failure,200,827576998,4137884.990
covercrypt,classic,089a548,"SEC::HIG && DPT::$ && CTR::$","SEC::MED && DPT::DEV && CTR::EN",same,12,603,178,failure,200,442619662,2213098.310
covercrypt,classic,089a548,"SEC::HIG && DPT::$ && CTR::$","SEC::MED && DPT::DEV && CTR::FR",same,12,603,178,failure,200,456062361,2280311.805
covercrypt,classic,089a548,"SEC::HIG && DPT::$ && CTR::$","SEC::MED && DPT::DEV && CTR::$",same,24,1049,178,failure,200,823540498,4117702.490
covercrypt,classic,089a548,"SEC::HIG && DPT::$ && CTR::$","SEC::MED && DPT::MKG",different,24,1049,178,failure,200,846227832,4231139.160
covercrypt,classic,089a548,"SEC::HIG && DPT::$ && CTR::$","SEC::MED && DPT::MKG && CTR::EN",same,12,603,178,failure,200,453405603,2267028.015
covercrypt,classic,089a548,"SEC::HIG && DPT::$ && CTR::$","SEC::MED && DPT::MKG && CTR::FR",same,12,603,178,failure,200,434023549,2170117.745
covercrypt,classic,089a548,"SEC::HIG && DPT::$ && CTR::$","SEC::MED && DPT::MKG && CTR::$",same,24,1049,178,failure,200,812630767,4063153.835
covercrypt,classic,089a548,"SEC::HIG && DPT::$ && CTR::$","SEC::MED && DPT::$",different,48,1947,178,failure,200,1553944271,7769721.355
covercrypt,classic,089a548,"SEC::HIG && DPT::$ && CTR::$","SEC::MED && DPT::$ && CTR::EN",same,24,1049,178,failure,200,773015028,3865075.140
covercrypt,classic,089a548,"SEC::HIG && DPT::$ && CTR::$","SEC::MED && DPT::$ && CTR::FR",same,24,1049,178,failure,200,805833637,4029168.185
covercrypt,classic,089a548,"SEC::HIG && DPT::$ && CTR::$","SEC::MED && DPT::$ && CTR::$",same,48,1947,178,failure,200,1818969405,9094847.025
covercrypt,classic,089a548,"SEC::HIG && DPT::$ && CTR::$","SEC::HIG",different,64,2547,178,success,200,1141524643,5707623.215
covercrypt,classic,089a548,"SEC::HIG && DPT::$ && CTR::$","SEC::HIG && CTR::EN",different,32,1347,178,failure,200,1074560073,5372800.365
covercrypt,classic,089a548,"SEC::HIG && DPT::$ && CTR::$","SEC::HIG && CTR::FR",different,32,1347,178,failure,200,1013147795,5065738.975
covercrypt,classic,089a548,"SEC::HIG && DPT::$ && CTR::$","SEC::HIG && CTR::$",different,64,2547,178,success,200,1137827944,5689139.720
covercrypt,classic,089a548,"SEC::HIG && DPT::$ && CTR::$","SEC::HIG && DPT::DEV",different,32,1347,178,failure,200,1064296580,5321482.900
covercrypt,classic,089a548,"SEC::HIG && DPT::$ && CTR::$","SEC::HIG && DPT::DEV && CTR::EN",same,16,751,178,failure,200,552706916,2763534.580
covercrypt,classic,089a548,"SEC::HIG && DPT::$ && CTR::$","SEC::HIG && DPT::DEV && CTR::FR",same,16,751,178,failure,200,614350854,3071754.270
covercrypt,classic,089a548,"SEC::HIG && DPT::$ && CTR::$","SEC::HIG && DPT::DEV && CTR::$",same,32,1347,178,failure,200,1103278704,5516393.520
covercrypt,classic,089a548,"SEC::HIG && DPT::$ && CTR::$","SEC::HIG && DPT::MKG",different,32,1347,178,failure,200,1082267827,5411339.135
covercrypt,classic,089a548,"SEC::HIG && DPT::$ && CTR::$","SEC::HIG && DPT::MKG && CTR::EN",same,16,751,178,failure,200,556442751,2782213.755
covercrypt,classic,089a548,"SEC::HIG && DPT::$ && CTR::$","SEC::HIG && DPT::MKG && CTR::FR",same,16,751,178,failure,200,589685641,2948428.205
covercrypt,classic,089a548,"SEC::HIG && DPT::$ && CTR::$","SEC::HIG && DPT::MKG && CTR::$",same,32,1347,178,failure,200,1086461580,5432307.900
covercrypt,classic,089a548,"SEC::HIG && DPT::$ && CTR::$","SEC::HIG && DPT::$",different,64,2547,178,success,200,1166465294,5832326.470
covercrypt,classic,089a548,"SEC::HIG && DPT::$ && CTR::$","SEC::HIG && DPT::$ && CTR::EN",same,32,1347,178,failure,200,1175633308,5878166.540
covercrypt,classic,089a548,"SEC::HIG && DPT::$ && CTR::$","SEC::HIG && DPT::$ && CTR::FR",same,32,1347,178,failure,200,1143926872,5719634.360
covercrypt,classic,089a548,"SEC::HIG && DPT::$ && CTR::$","SEC::HIG && DPT::$ && CTR::$",same,64,2547,178,success,200,1474540123,7372700.615
covercrypt,classic,089a548,"SEC::HIG && DPT::$ && CTR::$","SEC::$",different,80,3147,178,success,200,1877404451,9387022.255
covercrypt,classic,089a548,"SEC::HIG && DPT::$ && CTR::$","SEC::$ && CTR::EN",different,40,1645,178,failure,200,1357892537,6789462.685
covercrypt,classic,089a548,"SEC::HIG && DPT::$ && CTR::$","SEC::$ && CTR::FR",different,40,1645,178,failure,200,1371009485,6855047.425
covercrypt,classic,089a548,"SEC::HIG && DPT::$ && CTR::$","SEC::$ && CTR::$",different,80,3147,178,success,200,1395767608,6978838.040
covercrypt,classic,089a548,"SEC::HIG && DPT::$ && CTR::$","SEC::$ && DPT::DEV",different,40,1645,178,failure,200,1283608723,6418043.615
covercrypt,classic,089a548,"SEC::HIG && DPT::$ && CTR::$","SEC::$ && DPT::DEV && CTR::EN",same,20,899,178,failure,200,653801635,3269008.175
covercrypt,classic,089a548,"SEC::HIG && DPT::$ && CTR::$","SEC::$ && DPT::DEV && CTR::FR",same,20,899,178,failure,200,648878646,3244393.230
covercrypt,classic,089a548,"SEC::HIG && DPT::$ && CTR::$","SEC::$ && DPT::DEV && CTR::$",same,40,1645,178,failure,200,1246241345,6231206.725
covercrypt,classic,089a548,"SEC::HIG && DPT::$ && CTR::$","SEC::$ && DPT::MKG",different,40,1645,178,failure,200,1313319068,6566595.340
covercrypt,classic,089a548,"SEC::HIG && DPT::$ && CTR::$","SEC::$ && DPT::MKG && CTR::EN",same,20,899,178,failure,200,660968487,3304842.435
covercrypt,classic,089a548,"SEC::HIG && DPT::$ && CTR::$","SEC::$ && DPT::MKG && CTR::FR",same,20,899,178,failure,200,675162270,3375811.350
covercrypt,classic,089a548,"SEC::HIG && DPT::$ && CTR::$","SEC::$ && DPT::MKG && CTR::$",same,40,1645,178,failure,200,1292925028,6464625.140
covercrypt,classic,089a548,"SEC::HIG && DPT::$ && CTR::$","SEC::$ && DPT::$",different,80,3147,178,success,200,1573269449,7866347.245
covercrypt,classic,089a548,"SEC::HIG && DPT::$ && CTR::$","SEC::$ && DPT::$ && CTR::EN",same,40,1645,178,failure,200,1363357132,6816785.660
covercrypt,classic,089a548,"SEC::HIG && DPT::$ && CTR::$","SEC::$ && DPT::$ && CTR::FR",same,40,1645,178,failure,200,1445782542,7228912.710
covercrypt,classic,089a548,"SEC::HIG && DPT::$ && CTR::$","SEC::$ && DPT::$ && CTR::$",same,80,3147,178,success,200,1439467111,7197335.555
covercrypt,classic,089a548,"SEC::$ && DPT::DEV && CTR::$","CTR::EN",different,40,1645,178,failure,200,1666723830,8333619.150
covercrypt,classic,089a548,"SEC::$ && DPT::DEV && CTR::$","CTR::FR",different,40,1645,178,failure,200,1516597010,7582985.050
covercrypt,classic,089a548,"SEC::$ && DPT::DEV && CTR::$","CTR::$",different,80,3147,178,success,200,1671839875,8359199.375
covercrypt,classic,089a548,"SEC::$ && DPT::DEV && CTR::$","DPT::DEV",different,40,1645,178,success,200,774991991,3874959.955
covercrypt,classic,089a548,"SEC::$ && DPT::DEV && CTR::$","DPT::DEV && CTR::EN",different,20,899,178,failure,200,748311144,3741555.720
covercrypt,classic,089a548,"SEC::$ && DPT::DEV && CTR::$","DPT::DEV && CTR::FR",different,20,899,178,failure,200,735529412,3677647.060
covercrypt,classic,089a548,"SEC::$ && DPT::DEV && CTR::$","DPT::DEV && CTR::$",different,40,1645,178,success,200,773472424,3867362.120
covercrypt,classic,089a548,"SEC::$ && DPT::DEV && CTR::$","DPT::MKG",different,40,1645,178,failure,200,1324126220,6620631.100
covercrypt,classic,089a548,"SEC::$ && DPT::DEV && CTR::$","DPT::MKG && CTR::EN",different,20,899,178,failure,200,857401864,4287009.320
covercrypt,classic,089a548,"SEC::$ && DPT::DEV && CTR::$","DPT::MKG && CTR::FR",different,20,899,178,failure,200,827169911,4135849.555
covercrypt,classic,089a548,"SEC::$ && DPT::DEV && CTR::$","DPT::MKG && CTR::$",different,40,1645,178,failure,200,1434566486,7172832.430
covercrypt,classic,089a548,"SEC::$ && DPT::DEV && CTR::$","DPT::$",different,80,3147,178,success,200,1375493312,6877466.560
covercrypt,classic,089a548,"SEC::$ && DPT::DEV && CTR::$","DPT::$ && CTR::EN",different,40,1645,178,failure,200,1359799407,6798997.035
covercrypt,classic,089a548,"SEC::$ && DPT::DEV && CTR::$","DPT::$ && CTR::FR",different,40,1645,178,failure,200,1330642515,6653212.575
covercrypt,classic,089a548,"SEC::$ && DPT::DEV && CTR::$","DPT::$ && CTR::$",different,80,3147,178,success,200,1338393631,6691968.155
covercrypt,classic,089a548,"SEC::$ && DPT::DEV && CTR::$","SEC::LOW",different,32,1347,178,failure,200,999345904,4996729.520
covercrypt,classic,089a548,"SEC::$ && DPT::DEV && CTR::$","SEC::LOW && CTR::EN",different,16,751,178,failure,200,512068742,2560343.710
covercrypt,classic,089a548,"SEC::$ && DPT::DEV && CTR::$","SEC::LOW && CTR::FR",different,16,751,178,failure,200,523808915,2619044.575
covercrypt,classic,089a548,"SEC::$ && DPT::DEV && CTR::$","SEC::LOW && CTR::$",different,32,1347,178,failure,200,1025378096,5126890.480
covercrypt,classic,089a548,"SEC::$ && DPT::DEV && CTR::$","SEC::LOW && DPT::DEV",different,16,751,178,failure,200,560281046,2801405.230
covercrypt,classic,089a548,"SEC::$ && DPT::DEV && CTR::$","SEC::LOW && DPT::DEV && CTR::EN",same,8,455,178,failure,200,311149745,1555748.725
covercrypt,classic,089a548,"SEC::$ && DPT::DEV && CTR::$","SEC::LOW && DPT::DEV && CTR::FR",same,8,455,178,failure,200,289498916,1447494.580
covercrypt,classic,089a548,"SEC::$ && DPT::DEV && CTR::$","SEC::LOW && DPT::DEV && CTR::$",same,16,751,178,failure,200,551246630,2756233.150
covercrypt,classic,089a548,"SEC::$ && DPT::DEV && CTR::$","SEC::LOW && DPT::MKG",different,16,751,178,failure,200,637569357,3187846.785
covercrypt,classic,089a548,"SEC::$ && DPT::DEV && CTR::$","SEC::LOW && DPT::MKG && CTR::EN",same,8,455,178,failure,200,288650464,1443252.320
covercrypt,classic,089a548,"SEC::$ && DPT::DEV && CTR::$","SEC::LOW && DPT::MKG && CTR::FR",same,8,455,178,failure,200,303182792,1515913.960
covercrypt,classic,089a548,"SEC::$ && DPT::DEV && CTR::$","SEC::LOW && DPT::MKG && CTR::$",same,16,751,178,failure,200,534086615,2670433.075
covercrypt,classic,089a548,"SEC::$ && DPT::DEV && CTR::$","SEC::LOW && DPT::$",different,32,1347,178,failure,200,1068256445,5341282.225
covercrypt,classic,089a548,"SEC::$ && DPT::DEV && CTR::$","SEC::LOW && DPT::$ && CTR::EN",same,16,751,178,failure,200,558671022,2793355.110
covercrypt,classic,089a548,"SEC::$ && DPT::DEV && CTR::$","SEC::LOW && DPT::$ && CTR::FR",same,16,751,178,failure,200,647536315,3237681.575
covercrypt,classic,089a548,"SEC::$ && DPT::DEV && CTR::$","SEC::LOW && DPT::$ && CTR::$",same,32,1347,178,failure,200,1076622624,5383113.120
covercrypt,classic,089a548,"SEC::$ && DPT::DEV && CTR::$","SEC::MED",different,48,1947,178,failure,200,1636750599,8183752.995
covercrypt,classic,089a548,"SEC::$ && DPT::DEV && CTR::$","SEC::MED && CTR::EN",different,24,1049,178,failure,200,841601431,4208007.155
covercrypt,classic,089a548,"SEC::$ && DPT::DEV && CTR::$","SEC::MED && CTR::FR",different,24,1049,178,failure,200,837371841,4186859.205
covercrypt,classic,089a548,"SEC::$ && DPT::DEV && CTR::$","SEC::MED && CTR::$",different,48,1947,178,failure,200,1507943047,7539715.235
covercrypt,classic,089a548,"SEC::$ && DPT::DEV && CTR::$","SEC::MED && DPT::DEV",different,24,1049,178,failure,200,787623386,3938116.930
covercrypt,classic,089a548,"SEC::$ && DPT::DEV && CTR::$","SEC::MED && DPT::DEV && CTR::EN",same,12,603,178,failure,200,391042759,1955213.795
covercrypt,classic,089a548,"SEC::$ && DPT::DEV && CTR::$","SEC::MED && DPT::DEV && CTR::FR",same,12,603,178,failure,200,445956296,2229781.480
covercrypt,classic,089a548,"SEC::$ && DPT::DEV && CTR::$","SEC::MED && DPT::DEV && CTR::$",same,24,1049,178,failure,200,875667431,4378337.155
covercrypt,classic,089a548,"SEC::$ && DPT::DEV && CTR::$","SEC::MED && DPT::MKG",different,24,1049,178,failure,200,839443161,4197215.805
covercrypt,classic,089a548,"SEC::$ && DPT::DEV && CTR::$","SEC::MED && DPT::MKG && CTR::EN",same,12,603,178,failure,200,461504729,2307523.645
covercrypt,classic,089a548,"SEC::$ && DPT::DEV && CTR::$","SEC::MED && DPT::MKG && CTR::FR",same,12,603,178,failure,200,434039381,2170196.905
covercrypt,classic,089a548,"SEC::$ && DPT::DEV && CTR::$","SEC::MED && DPT::MKG && CTR::$",same,24,1049,178,failure,200,816793266,4083966.330
covercrypt,classic,089a548,"SEC::$ && DPT::DEV && CTR::$","SEC::MED && DPT::$",different,48,1947,178,failure,200,1626791215,8133956.075
covercrypt,classic,089a548,"SEC::$ && DPT::DEV && CTR::$","SEC::MED && DPT::$ && CTR::EN",same,24,1049,178,failure,200,843378537,4216892.685
covercrypt,classic,089a548,"SEC::$ && DPT::DEV && CTR::$","SEC::MED && DPT::$ && CTR::FR",same,24,1049,178,failure,200,1030682210,5153411.050
covercrypt,classic,089a548,"SEC::$ && DPT::DEV && CTR::$","SEC::MED && DPT::$ && CTR::$",same,48,1947,178,failure,200,2242363380,11211816.900
covercrypt,classic,089a548,"SEC::$ && DPT::DEV && CTR::$","SEC::HIG",different,64,2547,178,failure,200,2389216910,11946084.550
covercrypt,classic,089a548,"SEC::$ && DPT::DEV && CTR::$","SEC::HIG && CTR::EN",different,32,1347,178,failure,200,1402683373,7013416.865
covercrypt,classic,089a548,"SEC::$ && DPT::DEV && CTR::$","SEC::HIG && CTR::FR",different,32,1347,178,failure,200,1421600769,7108003.845
covercrypt,classic,089a548,"SEC::$ && DPT::DEV && CTR::$","SEC::HIG && CTR::$",different,64,2547,178,failure,200,2581541251,12907706.255
covercrypt,classic,089a548,"SEC::$ && DPT::DEV && CTR::$","SEC::HIG && DPT::DEV",different,32,1347,178,failure,200,1437105834,7185529.170
covercrypt,classic,089a548,"SEC::$ && DPT::DEV && CTR::$","SEC::HIG && DPT::DEV && CTR::EN",same,16,751,178,failure,200,690559538,3452797.690
covercrypt,classic,089a548,"SEC::$ && DPT::DEV && CTR::$","SEC::HIG && DPT::DEV && CTR::FR",same,16,751,178,failure,200,695238782,3476193.910
covercrypt,classic,089a548,"SEC::$ && DPT::DEV && CTR::$","SEC::HIG && DPT::DEV && CTR::$",same,32,1347,178,failure,200,1423504379,7117521.895
covercrypt,classic,089a548,"SEC::$ && DPT::DEV && CTR::$","SEC::HIG && DPT::MKG",different,32,1347,178,failure,200,1499332059,7496660.295
covercrypt,classic,089a548,"SEC::$ && DPT::DEV && CTR::$","SEC::HIG && DPT::MKG && CTR::EN",same,16,751,178,failure,200,928292285,4641461.425
covercrypt,classic,089a548,"SEC::$ && DPT::DEV && CTR::$","SEC::HIG && DPT::MKG && CTR::FR",same,16,751,178,failure,200,793628385,3968141.925
covercrypt,classic,089a548,"SEC::$ && DPT::DEV && CTR::$","SEC::HIG && DPT::MKG && CTR::$",same,32,1347,178,failure,200,1575326174,7876630.870
covercrypt,classic,089a548,"SEC::$ && DPT::DEV && CTR::$","SEC::HIG && DPT::$",different,64,2547,178,failure,200,2660591001,13302955.005
covercrypt,classic,089a548,"SEC::$ && DPT::DEV && CTR::$","SEC::HIG && DPT::$ && CTR::EN",same,32,1347,178,failure,200,1380317362,6901586.810
covercrypt,classic,089a548,"SEC::$ && DPT::DEV && CTR::$","SEC::HIG && DPT::$ && CTR::FR",same,32,1347,178,failure,200,1259819095,6299095.475
covercrypt,classic,089a548,"SEC::$ && DPT::DEV && CTR::$","SEC::HIG && DPT::$ && CTR::$",same,64,2547,178,failure,200,2622041397,13110206.985
covercrypt,classic,089a548,"SEC::$ && DPT::DEV && CTR::$","SEC::$",different,80,3147,178,success,200,1875532456,9377662.280
covercrypt,classic,089a548,"SEC::$ && DPT::DEV && CTR::$","SEC::$ && CTR::EN",different,40,1645,178,failure,200,1363943334,6819716.670
covercrypt,classic,089a548,"SEC::$ && DPT::DEV && CTR::$","SEC::$ && CTR::FR",different,40,1645,178,failure,200,1487604044,7438020.220
covercrypt,classic,089a548,"SEC::$ && DPT::DEV && CTR::$","SEC::$ && CTR::$",different,80,3147,178,success,200,1520240724,7601203.620
covercrypt,classic,089a548,"SEC::$ && DPT::DEV && CTR::$","SEC::$ && DPT::DEV",different,40,1645,178,success,200,730218803,3651094.015
covercrypt,classic,089a548,"SEC::$ && DPT::DEV && CTR::$","SEC::$ && DPT::DEV && CTR::EN",same,20,899,178,failure,200,750404816,3752024.080
covercrypt,classic,089a548,"SEC::$ && DPT::DEV && CTR::$","SEC::$ && DPT::DEV && CTR::FR",same,20,899,178,failure,200,770186661,3850933.305
covercrypt,classic,089a548,"SEC::$ && DPT::DEV && CTR::$","SEC::$ && DPT::DEV && CTR::$",same,40,1645,178,success,200,880421292,4402106.460
covercrypt,classic,089a548,"SEC::$ && DPT::DEV && CTR::$","SEC::$ && DPT::MKG",different,40,1645,178,failure,200,1289174787,6445873.935
covercrypt,classic,089a548,"SEC::$ && DPT::DEV && CTR::$","SEC::$ && DPT::MKG && CTR::EN",same,20,899,178,failure,200,658848345,3294241.725
covercrypt,classic,089a548,"SEC::$ && DPT::DEV && CTR::$","SEC::$ && DPT::MKG && CTR::FR",same,20,899,178,failure,200,681278018,3406390.090
covercrypt,classic,089a548,"SEC::$ && DPT::DEV && CTR::$","SEC::$ && DPT::MKG && CTR::$",same,40,1645,178,failure,200,1299484188,6497420.940
covercrypt,classic,089a548,"SEC::$ && DPT::DEV && CTR::$","SEC::$ && DPT::$",different,80,3147,178,success,200,1333197934,6665989.670
covercrypt,classic,089a548,"SEC::$ && DPT::DEV && CTR::$","SEC::$ && DPT::$ && CTR::EN",same,40,1645,178,failure,200,1318687633,6593438.165
covercrypt,classic,089a548,"SEC::$ && DPT::DEV && CTR::$","SEC::$ && DPT::$ && CTR::FR",same,40,1645,178,failure,200,1384639312,6923196.560
covercrypt,classic,089a548,"SEC::$ && DPT::DEV && CTR::$","SEC::$ && DPT::$ && CTR::$",same,80,3147,178,success,200,1310047137,6550235.685
covercrypt,classic,089a548,"SEC::$ && DPT::$ && CTR::$","CTR::EN",different,40,1645,178,failure,200,1499278920,7496394.600
covercrypt,classic,089a548,"SEC::$ && DPT::$ && CTR::$","CTR::FR",different,40,1645,178,failure,200,1282151718,6410758.590
covercrypt,classic,089a548,"SEC::$ && DPT::$ && CTR::$","CTR::$",different,80,3147,178,success,200,1361086961,6805434.805
covercrypt,classic,089a548,"SEC::$ && DPT::$ && CTR::$","DPT::DEV",different,40,1645,178,failure,200,1284593996,6422969.980
covercrypt,classic,089a548,"SEC::$ && DPT::$ && CTR::$","DPT::DEV && CTR::EN",different,20,899,178,failure,200,700648734,3503243.670
covercrypt,classic,089a548,"SEC::$ && DPT::$ && CTR::$","DPT::DEV && CTR::FR",different,20,899,178,failure,200,627423242,3137116.210
covercrypt,classic,089a548,"SEC::$ && DPT::$ && CTR::$","DPT::DEV && CTR::$",different,40,1645,178,failure,200,1163166877,5815834.385
covercrypt,classic,089a548,"SEC::$ && DPT::$ && CTR::$","DPT::MKG",different,40,1645,178,failure,200,1316849185,6584245.925
covercrypt,classic,089a548,"SEC::$ && DPT::$ && CTR::$","DPT::MKG && CTR::EN",different,20,899,178,failure,200,712533466,3562667.330
covercrypt,classic,089a548,"SEC::$ && DPT::$ && CTR::$","DPT::MKG && CTR::FR",different,20,899,178,failure,200,712059535,3560297.675
covercrypt,classic,089a548,"SEC::$ && DPT::$ && CTR::$","DPT::MKG && CTR::$",different,40,1645,178,failure,200,1576788397,7883941.985
covercrypt,classic,089a548,"SEC::$ && DPT::$ && CTR::$","DPT::$",different,80,3147,178,success,200,1911021671,9555108.355
covercrypt,classic,089a548,"SEC::$ && DPT::$ && CTR::$","DPT::$ && CTR::EN",different,40,1645,178,failure,200,1530246251,7651231.255
covercrypt,classic,089a548,"SEC::$ && DPT::$ && CTR::$","DPT::$ && CTR::FR",different,40,1645,178,failure,200,1406616593,7033082.965
covercrypt,classic,089a548,"SEC::$ && DPT::$ && CTR::$","DPT::$ && CTR::$",different,80,3147,178,success,200,1442454917,7212274.585
covercrypt,classic,089a548,"SEC::$ && DPT::$ && CTR::$","SEC::LOW",different,32,1347,178,failure,200,1173045907,5865229.535
covercrypt,classic,089a548,"SEC::$ && DPT::$ && CTR::$","SEC::LOW && CTR::EN",different,16,751,178,failure,200,600374718,3001873.590
covercrypt,classic,089a548,"SEC::$ && DPT::$ && CTR::$","SEC::LOW && CTR::FR",different,16,751,178,failure,200,637587047,3187935.235
covercrypt,classic,089a548,"SEC::$ && DPT::$ && CTR::$","SEC::LOW && CTR::$",different,32,1347,178,failure,200,1153508548,5767542.740
covercrypt,classic,089a548,"SEC::$ && DPT::$ && CTR::$","SEC::LOW && DPT::DEV",different,16,751,178,failure,200,746244646,3731223.230
covercrypt,classic,089a548,"SEC::$ && DPT::$ && CTR::$","SEC::LOW && DPT::DEV && CTR::EN",same,8,455,178,failure,200,389945463,1949727.315
covercrypt,classic,089a548,"SEC::$ && DPT::$ && CTR::$","SEC::LOW && DPT::DEV && CTR::FR",same,8,455,178,failure,200,341768536,1708842.680
covercrypt,classic,089a548,"SEC::$ && DPT::$ && CTR::$","SEC::LOW && DPT::DEV && CTR::$",same,16,751,178,failure,200,618690566,3093452.830
covercrypt,classic,089a548,"SEC::$ && DPT::$ && CTR::$","SEC::LOW && DPT::MKG",different,16,751,178,failure,200,559441517,2797207.585
covercrypt,classic,089a548,"SEC::$ && DPT::$ && CTR::$","SEC::LOW && DPT::MKG && CTR::EN",same,8,455,178,failure,200,349341182,1746705.910
covercrypt,classic,089a548,"SEC::$ && DPT::$ && CTR::$","SEC::LOW && DPT::MKG && CTR::FR",same,8,455,178,failure,200,365135753,1825678.765
covercrypt,classic,089a548,"SEC::$ && DPT::$ && CTR::$","SEC::LOW && DPT::MKG && CTR::$",same,16,751,178,failure,200,593559717,2967798.585
covercrypt,classic,089a548,"SEC::$ && DPT::$ && CTR::$","SEC::LOW && DPT::$",different,32,1347,178,failure,200,1197889813,5989449.065
covercrypt,classic,089a548,"SEC::$ && DPT::$ && CTR::$","SEC::LOW && DPT::$ && CTR::EN",same,16,751,178,failure,200,560920332,2804601.660
covercrypt,classic,089a548,"SEC::$ && DPT::$ && CTR::$","SEC::LOW && DPT::$ && CTR::FR",same,16,751,178,failure,200,585457786,2927288.930
covercrypt,classic,089a548,"SEC::$ && DPT::$ && CTR::$","SEC::LOW && DPT::$ && CTR::$",same,32,1347,178,failure,200,1173551010,5867755.050
covercrypt,classic,089a548,"SEC::$ && DPT::$ && CTR::$","SEC::MED",different,48,1947,178,failure,200,1930767061,9653835.305
covercrypt,classic,089a548,"SEC::$ && DPT::$ && CTR::$","SEC::MED && CTR::EN",different,24,1049,178,failure,200,938820159,4694100.795
covercrypt,classic,089a548,"SEC::$ && DPT::$ && CTR::$","SEC::MED && CTR::FR",different,24,1049,178,failure,200,806602338,4033011.690
covercrypt,classic,089a548,"SEC::$ && DPT::$ && CTR::$","SEC::MED && CTR::$",different,48,1947,178,failure,200,1406881123,7034405.615
covercrypt,classic,089a548,"SEC::$ && DPT::$ && CTR::$","SEC::MED && DPT::DEV",different,24,1049,178,failure,200,649136168,3245680.840
covercrypt,classic,089a548,"SEC::$ && DPT::$ && CTR::$","SEC::MED && DPT::DEV && CTR::EN",same,12,603,178,failure,200,421269017,2106345.085
covercrypt,classic,089a548,"SEC::$ && DPT::$ && CTR::$","SEC::MED && DPT::DEV && CTR::FR",same,12,603,178,failure,200,438509414,2192547.070
covercrypt,classic,089a548,"SEC::$ && DPT::$ && CTR::$","SEC::MED && DPT::DEV && CTR::$",same,24,1049,178,failure,200,822648770,4113243.850
covercrypt,classic,089a548,"SEC::$ && DPT::$ && CTR::$","SEC::MED && DPT::MKG",different,24,1049,178,failure,200,799343385,3996716.925
covercrypt,classic,089a548,"SEC::$ && DPT::$ && CTR::$","SEC::MED && DPT::MKG && CTR::EN",same,12,603,178,failure,200,451106334,2255531.670
covercrypt,classic,089a548,"SEC::$ && DPT::$ && CTR::$","SEC::MED && DPT::MKG && CTR::FR",same,12,603,178,failure,200,472193938,2360969.690
covercrypt,classic,089a548,"SEC::$ && DPT::$ && CTR::$","SEC::MED && DPT::MKG && CTR::$",same,24,1049,178,failure,200,902360854,4511804.270
covercrypt,classic,089a548,"SEC::$ && DPT::$ && CTR::$","SEC::MED && DPT::$",different,48,1947,178,failure,200,1657195766,8285978.830
covercrypt,classic,089a548,"SEC::$ && DPT::$ && CTR::$","SEC::MED && DPT::$ && CTR::EN",same,24,1049,178,failure,200,789002440,3945012.200
covercrypt,classic,089a548,"SEC::$ && DPT::$ && CTR::$","SEC::MED && DPT::$ && CTR::FR",same,24,1049,178,failure,200,766047987,3830239.935
covercrypt,classic,089a548,"SEC::$ && DPT::$ && CTR::$","SEC::MED && DPT::$ && CTR::$",same,48,1947,178,failure,200,1512159117,7560795.585
covercrypt,classic,089a548,"SEC::$ && DPT::$ && CTR::$","SEC::HIG",different,64,2547,178,failure,200,1976045333,9880226.665
covercrypt,classic,089a548,"SEC::$ && DPT::$ && CTR::$","SEC::HIG && CTR::EN",different,32,1347,178,failure,200,1032341858,5161709.290
covercrypt,classic,089a548,"SEC::$ && DPT::$ && CTR::$","SEC::HIG && CTR::FR",different,32,1347,178,failure,200,1076743766,5383718.830
covercrypt,classic,089a548,"SEC::$ && DPT::$ && CTR::$","SEC::HIG && CTR::$",different,64,2547,178,failure,200,1811012612,9055063.060
covercrypt,classic,089a548,"SEC::$ && DPT::$ && CTR::$","SEC::HIG && DPT::DEV",different,32,1347,178,failure,200,1046495524,5232477.620
covercrypt,classic,089a548,"SEC::$ && DPT::$ && CTR::$","SEC::HIG && DPT::DEV && CTR::EN",same,16,751,178,failure,200,521239896,2606199.480
covercrypt,classic,089a548,"SEC::$ && DPT::$ && CTR::$","SEC::HIG && DPT::DEV && CTR::FR",same,16,751,178,failure,200,527913120,2639565.600
covercrypt,classic,089a548,"SEC::$ && DPT::$ && CTR::$","SEC::HIG && DPT::DEV && CTR::$",same,32,1347,178,failure,200,911660234,4558301.170
covercrypt,classic,089a548,"SEC::$ && DPT::$ && CTR::$","SEC::HIG && DPT::MKG",different,32,1347,178,failure,200,1010893140,5054465.700
covercrypt,classic,089a548,"SEC::$ && DPT::$ && CTR::$","SEC::HIG && DPT::MKG && CTR::EN",same,16,751,178,failure,200,500969375,2504846.875
covercrypt,classic,089a548,"SEC::$ && DPT::$ && CTR::$","SEC::HIG && DPT::MKG && CTR::FR",same,16,751,178,failure,200,532062899,2660314.495
covercrypt,classic,089a548,"SEC::$ && DPT::$ && CTR::$","SEC::HIG && DPT::MKG && CTR::$",same,32,1347,178,failure,200,1003144425,5015722.125
covercrypt,classic,089a548,"SEC::$ && DPT::$ && CTR::$","SEC::HIG && DPT::$",different,64,2547,178,failure,200,1889778056,9448890.280
covercrypt,classic,089a548,"SEC::$ && DPT::$ && CTR::$","SEC::HIG && DPT::$ && CTR::EN",same,32,1347,178,failure,200,910632257,4553161.285
covercrypt,classic,089a548,"SEC::$ && DPT::$ && CTR::$","SEC::HIG && DPT::$ && CTR::FR",same,32,1347,178,failure,200,916617413,4583087.065
covercrypt,classic,089a548,"SEC::$ && DPT::$ && CTR::$","SEC::HIG && DPT::$ && CTR::$",same,64,2547,178,failure,200,1977120633,9885603.165
covercrypt,classic,089a548,"SEC::$ && DPT::$ && CTR::$","SEC::$",different,80,3147,178,success,200,1240069602,6200348.010
covercrypt,classic,089a548,"SEC::$ && DPT::$ && CTR::$","SEC::$ && CTR::EN",different,40,1645,178,failure,200,1100158508,5500792.540
covercrypt,classic,089a548,"SEC::$ && DPT::$ && CTR::$","SEC::$ && CTR::FR",different,40,1645,178,failure,200,1136107005,5680535.025
covercrypt,classic,089a548,"SEC::$ && DPT::$ && CTR::$","SEC::$ && CTR::$",different,80,3147,178,success,200,962960277,4814801.385
covercrypt,classic,089a548,"SEC::$ && DPT::$ && CTR::$","SEC::$ && DPT::DEV",different,40,1645,178,failure,200,920427412,4602137.060
covercrypt,classic,089a548,"SEC::$ && DPT::$ && CTR::$","SEC::$ && DPT::DEV && CTR::EN",same,20,899,178,failure,200,529341853,2646709.265
covercrypt,classic,089a548,"SEC::$ && DPT::$ && CTR::$","SEC::$ && DPT::DEV && CTR::FR",same,20,899,178,failure,200,563890975,2819454.875
covercrypt,classic,089a548,"SEC::$ && DPT::$ && CTR::$","SEC::$ && DPT::DEV && CTR::$",same,40,1645,178,failure,200,1108276987,5541384.935
covercrypt,classic,089a548,"SEC::$ && DPT::$ && CTR::$","SEC::$ && DPT::MKG",different,40,1645,178,failure,200,1247212351,6236061.755
covercrypt,classic,089a548,"SEC::$ && DPT::$ && CTR::$","SEC::$ && DPT::MKG && CTR::EN",same,20,899,178,failure,200,617468295,3087341.475
covercrypt,classic,089a548,"SEC::$ && DPT::$ && CTR::$","SEC::$ && DPT::MKG && CTR::FR",same,20,899,178,failure,200,578033879,2890169.395
covercrypt,classic,089a548,"SEC::$ && DPT::$ && CTR::$","SEC::$ && DPT::MKG && CTR::$",same,40,1645,178,failure,200,1121023672,5605118.360
covercrypt,classic,089a548,"SEC::$ && DPT::$ && CTR::$","SEC::$ && DPT::$",different,80,3147,178,success,200,1076621290,5383106.450
covercrypt,classic,089a548,"SEC::$ && DPT::$ && CTR::$","SEC::$ && DPT::$ && CTR::EN",same,40,1645,178,failure,200,1106260757,5531303.785
covercrypt,classic,089a548,"SEC::$ && DPT::$ && CTR::$","SEC::$ && DPT::$ && CTR::FR",same,40,1645,178,failure,200,1130540917,5652704.585
covercrypt,classic,089a548,"SEC::$ && DPT::$ && CTR::$","SEC::$ && DPT::$ && CTR::$",same,80,3147,178,success,200,1220926338,6104631.690
covercrypt,classic,089a548,"DPT::MKG","CTR::EN",different,40,1645,178,success,200,781720536,3908602.680
covercrypt,classic,089a548,"DPT::MKG","CTR::FR",different,40,1645,178,success,200,801754584,4008772.920
covercrypt,classic,089a548,"DPT::MKG","CTR::$",different,80,3147,178,success,200,1536498181,7682490.905
covercrypt,classic,089a548,"DPT::MKG","DPT::DEV",different,40,1645,178,failure,200,1608059210,8040296.050
covercrypt,classic,089a548,"DPT::MKG","DPT::DEV && CTR::EN",different,20,899,178,failure,200,784139299,3920696.495
covercrypt,classic,089a548,"DPT::MKG","DPT::DEV && CTR::FR",different,20,899,178,failure,200,786971505,3934857.525
covercrypt,classic,089a548,"DPT::MKG","DPT::DEV && CTR::$",different,40,1645,178,failure,200,1461604700,7308023.500
covercrypt,classic,089a548,"DPT::MKG","DPT::MKG",different,40,1645,178,success,200,848138795,4240693.975
covercrypt,classic,089a548,"DPT::MKG","DPT::MKG && CTR::EN",different,20,899,178,success,200,459138799,2295693.995
covercrypt,classic,089a548,"DPT::MKG","DPT::MKG && CTR::FR",different,20,899,178,success,200,691712543,3458562.715
covercrypt,classic,089a548,"DPT::MKG","DPT::MKG && CTR::$",different,40,1645,178,success,200,744854418,3724272.090
covercrypt,classic,089a548,"DPT::MKG","DPT::$",different,80,3147,178,success,200,1340010878,6700054.390
covercrypt,classic,089a548,"DPT::MKG","DPT::$ && CTR::EN",different,40,1645,178,success,200,835880479,4179402.395
covercrypt,classic,089a548,"DPT::MKG","DPT::$ && CTR::FR",different,40,1645,178,success,200,862072768,4310363.840
covercrypt,classic,089a548,"DPT::MKG","DPT::$ && CTR::$",different,80,3147,178,success,200,1807476680,9037383.400
covercrypt,classic,089a548,"DPT::MKG","SEC::LOW",different,32,1347,178,success,200,885790751,4428953.755
covercrypt,classic,089a548,"DPT::MKG","SEC::LOW && CTR::EN",different,16,751,178,success,200,426793165,2133965.825
covercrypt,classic,089a548,"DPT::MKG","SEC::LOW && CTR::FR",different,16,751,178,success,200,352649512,1763247.560
covercrypt,classic,089a548,"DPT::MKG","SEC::LOW && CTR::$",different,32,1347,178,success,200,694076812,3470384.060
covercrypt,classic,089a548,"DPT::MKG","SEC::LOW && DPT::DEV",different,16,751,178,failure,200,665656244,3328281.220
covercrypt,classic,089a548,"DPT::MKG","SEC::LOW && DPT::DEV && CTR::EN",same,8,455,178,failure,200,346764342,1733821.710
covercrypt,classic,089a548,"DPT::MKG","SEC::LOW && DPT::DEV && CTR::FR",same,8,455,178,failure,200,318681840,1593409.200
covercrypt,classic,089a548,"DPT::MKG","SEC::LOW && DPT::DEV && CTR::$",same,16,751,178,failure,200,578269971,2891349.855
covercrypt,classic,089a548,"DPT::MKG","SEC::LOW && DPT::MKG",different,16,751,178,success,200,395359975,1976799.875
covercrypt,classic,089a548,"DPT::MKG","SEC::LOW && DPT::MKG && CTR::EN",same,8,455,178,success,200,300095779,1500478.895
covercrypt,classic,089a548,"DPT::MKG","SEC::LOW && DPT::MKG && CTR::FR",same,8,455,178,success,200,328633730,1643168.650
covercrypt,classic,089a548,"DPT::MKG","SEC::LOW && DPT::MKG && CTR::$",same,16,751,178,success,200,420669087,2103345.435
covercrypt,classic,089a548,"DPT::MKG","SEC::LOW && DPT::$",different,32,1347,178,success,200,693617081,3468085.405
covercrypt,classic,089a548,"DPT::MKG","SEC::LOW && DPT::$ && CTR::EN",same,16,751,178,success,200,459585395,2297926.975
covercrypt,classic,089a548,"DPT::MKG","SEC::LOW && DPT::$ && CTR::FR",same,16,751,178,success,200,463175934,2315879.670
covercrypt,classic,089a548,"DPT::MKG","SEC::LOW && DPT::$ && CTR::$",same,32,1347,178,success,200,801705979,4008529.895
covercrypt,classic,089a548,"DPT::MKG","SEC::MED",different,48,1947,178,success,200,1027650453,5138252.265
covercrypt,classic,089a548,"DPT::MKG","SEC::MED && CTR::EN",different,24,1049,178,success,200,557915543,2789577.715
covercrypt,classic,089a548,"DPT::MKG","SEC::MED && CTR::FR",different,24,1049,178,success,200,545897532,2729487.660
covercrypt,classic,089a548,"DPT::MKG","SEC::MED && CTR::$",different,48,1947,178,success,200,992311877,4961559.385
covercrypt,classic,089a548,"DPT::MKG","SEC::MED && DPT::DEV",different,24,1049,178,failure,200,844062354,4220311.770
covercrypt,classic,089a548,"DPT::MKG","SEC::MED && DPT::DEV && CTR::EN",same,12,603,178,failure,200,475244375,2376221.875
covercrypt,classic,089a548,"DPT::MKG","SEC::MED && DPT::DEV && CTR::FR",same,12,603,178,failure,200,499032693,2495163.465
covercrypt,classic,089a548,"DPT::MKG","SEC::MED && DPT::DEV && CTR::$",same,24,1049,178,failure,200,842974526,4214872.630
covercrypt,classic,089a548,"DPT::MKG","SEC::MED && DPT::MKG",different,24,1049,178,success,200,553266208,2766331.040
covercrypt,classic,089a548,"DPT::MKG","SEC::MED && DPT::MKG && CTR::EN",same,12,603,178,success,200,353897725,1769488.625
covercrypt,classic,089a548,"DPT::MKG","SEC::MED && DPT::MKG && CTR::FR",same,12,603,178,success,200,371134636,1855673.180
covercrypt,classic,089a548,"DPT::MKG","SEC::MED && DPT::MKG && CTR::$",same,24,1049,178,success,200,539873038,2699365.190
covercrypt,classic,089a548,"DPT::MKG","SEC::MED && DPT::$",different,48,1947,178,success,200,1059527496,5297637.480
covercrypt,classic,089a548,"DPT::MKG","SEC::MED && DPT::$ && CTR::EN",same,24,1049,178,success,200,522584079,2612920.395
covercrypt,classic,089a548,"DPT::MKG","SEC::MED && DPT::$ && CTR::FR",same,24,1049,178,success,200,628428732,3142143.660
covercrypt,classic,089a548,"DPT::MKG","SEC::MED && DPT::$ && CTR::$",same,48,1947,178,success,200,866522709,4332613.545
covercrypt,classic,089a548,"DPT::MKG","SEC::HIG",different,64,2547,178,success,200,1051893045,5259465.225
covercrypt,classic,089a548,"DPT::MKG","SEC::HIG && CTR::EN",different,32,1347,178,success,200,580620552,2903102.760
covercrypt,classic,089a548,"DPT::MKG","SEC::HIG && CTR::FR",different,32,1347,178,success,200,624848633,3124243.165
covercrypt,classic,089a548,"DPT::MKG","SEC::HIG && CTR::$",different,64,2547,178,success,200,1118240174,5591200.870
covercrypt,classic,089a548,"DPT::MKG","SEC::HIG && DPT::DEV",different,32,1347,178,failure,200,1228385622,6141928.110
covercrypt,classic,089a548,"DPT::MKG","SEC::HIG && DPT::DEV && CTR::EN",same,16,751,178,failure,200,700924292,3504621.460
covercrypt,classic,089a548,"DPT::MKG","SEC::HIG && DPT::DEV && CTR::FR",same,16,751,178,failure,200,742571526,3712857.630
covercrypt,classic,089a548,"DPT::MKG","SEC::HIG && DPT::DEV && CTR::$",same,32,1347,178,failure,200,1076037954,5380189.770
covercrypt,classic,089a548,"DPT::MKG","SEC::HIG && DPT::MKG",different,32,1347,178,success,200,775743433,3878717.165
covercrypt,classic,089a548,"DPT::MKG","SEC::HIG && DPT::MKG && CTR::EN",same,16,751,178,success,200,411478608,2057393.040
covercrypt,classic,089a548,"DPT::MKG","SEC::HIG && DPT::MKG && CTR::FR",same,16,751,178,success,200,422201008,2111005.040
covercrypt,classic,089a548,"DPT::MKG","SEC::HIG && DPT::MKG && CTR::$",same,32,1347,178,success,200,874381622,4371908.110
covercrypt,classic,089a548,"DPT::MKG","SEC::HIG && DPT::$",different,64,2547,178,success,200,1225730306,6128651.530
covercrypt,classic,089a548,"DPT::MKG","SEC::HIG && DPT::$ && CTR::EN",same,32,1347,178,success,200,659215273,3296076.365
covercrypt,classic,089a548,"DPT::MKG","SEC::HIG && DPT::$ && CTR::FR",same,32,1347,178,success,200,633935644,3169678.220
covercrypt,classic,089a548,"DPT::MKG","SEC::HIG && DPT::$ && CTR::$",same,64,2547,178,success,200,1084045016,5420225.080
covercrypt,classic,089a548,"DPT::MKG","SEC::$",different,80,3147,178,success,200,1341910014,6709550.070
covercrypt,classic,089a548,"DPT::MKG","SEC::$ && CTR::EN",different,40,1645,178,success,200,804827351,4024136.755
covercrypt,classic,089a548,"DPT::MKG","SEC::$ && CTR::FR",different,40,1645,178,success,200,971938268,4859691.340
covercrypt,classic,089a548,"DPT::MKG","SEC::$ && CTR::$",different,80,3147,178,success,200,1502889271,7514446.355
covercrypt,classic,089a548,"DPT::MKG","SEC::$ && DPT::DEV",different,40,1645,178,failure,200,1418457001,7092285.005
covercrypt,classic,089a548,"DPT::MKG","SEC::$ && DPT::DEV && CTR::EN",same,20,899,178,failure,200,727519200,3637596.000
covercrypt,classic,089a548,"DPT::MKG","SEC::$ && DPT::DEV && CTR::FR",same,20,899,178,failure,200,743246360,3716231.800
covercrypt,classic,089a548,"DPT::MKG","SEC::$ && DPT::DEV && CTR::$",same,40,1645,178,failure,200,1341642381,6708211.905
covercrypt,classic,089a548,"DPT::MKG","SEC::$ && DPT::MKG",different,40,1645,178,success,200,752818052,3764090.260
covercrypt,classic,089a548,"DPT::MKG","SEC::$ && DPT::MKG && CTR::EN",same,20,899,178,success,200,436864444,2184322.220
covercrypt,classic,089a548,"DPT::MKG","SEC::$ && DPT::MKG && CTR::FR",same,20,899,178,success,200,440942947,2204714.735
covercrypt,classic,089a548,"DPT::MKG","SEC::$ && DPT::MKG && CTR::$",same,40,1645,178,success,200,848086033,4240430.165
covercrypt,classic,089a548,"DPT::MKG","SEC::$ && DPT::$",different,80,3147,178,success,200,1348991125,6744955.625
covercrypt,classic,089a548,"DPT::MKG","SEC::$ && DPT::$ && CTR::EN",same,40,1645,178,success,200,773524582,3867622.910
covercrypt,classic,089a548,"DPT::MKG","SEC::$ && DPT::$ && CTR::FR",same,40,1645,178,success,200,726447421,3632237.105
covercrypt,classic,089a548,"DPT::MKG","SEC::$ && DPT::$ && CTR::$",same,80,3147,178,success,200,1376543550,6882717.750
covercrypt,classic,089a548,"SEC::LOW","CTR::EN",different,40,1645,178,success,200,784272738,3921363.690
covercrypt,classic,089a548,"SEC::LOW","CTR::FR",different,40,1645,178,success,200,766939450,3834697.250
covercrypt,classic,089a548,"SEC::LOW","CTR::$",different,80,3147,178,success,200,1311545568,6557727.840
covercrypt,classic,089a548,"SEC::LOW","DPT::DEV",different,40,1645,178,success,200,881563889,4407819.445
covercrypt,classic,089a548,"SEC::LOW","DPT::DEV && CTR::EN",different,20,899,178,success,200,522004437,2610022.185
covercrypt,classic,089a548,"SEC::LOW","DPT::DEV && CTR::FR",different,20,899,178,success,200,490652411,2453262.055
covercrypt,classic,089a548,"SEC::LOW","DPT::DEV && CTR::$",different,40,1645,178,success,200,857917335,4289586.675
covercrypt,classic,089a548,"SEC::LOW","DPT::MKG",different,40,1645,178,success,200,1035231987,5176159.935
covercrypt,classic,089a548,"SEC::LOW","DPT::MKG && CTR::EN",different,20,899,178,success,200,667344389,3336721.945
covercrypt,classic,089a548,"SEC::LOW","DPT::MKG && CTR::FR",different,20,899,178,success,200,621086074,3105430.370
covercrypt,classic,089a548,"SEC::LOW","DPT::MKG && CTR::$",different,40,1645,178,success,200,913356856,4566784.280
covercrypt,classic,089a548,"SEC::LOW","DPT::$",different,80,3147,178,success,200,1579626274,7898131.370
covercrypt,classic,089a548,"SEC::LOW","DPT::$ && CTR::EN",different,40,1645,178,success,200,781236014,3906180.070
covercrypt,classic,089a548,"SEC::LOW","DPT::$ && CTR::FR",different,40,1645,178,success,200,934973580,4674867.900
covercrypt,classic,089a548,"SEC::LOW","DPT::$ && CTR::$",different,80,3147,178,success,200,1419443030,7097215.150
covercrypt,classic,089a548,"SEC::LOW","SEC::LOW",different,32,1347,178,success,200,640440516,3202202.580
covercrypt,classic,089a548,"SEC::LOW","SEC::LOW && CTR::EN",different,16,751,178,success,200,436246842,2181234.210
covercrypt,classic,089a548,"SEC::LOW","SEC::LOW && CTR::FR",different,16,751,178,success,200,389753852,1948769.260
covercrypt,classic,089a548,"SEC::LOW","SEC::LOW && CTR::$",different,32,1347,178,success,200,724971235,3624856.175
covercrypt,classic,089a548,"SEC::LOW","SEC::LOW && DPT::DEV",different,16,751,178,success,200,422634048,2113170.240
covercrypt,classic,089a548,"SEC::LOW","SEC::LOW && DPT::DEV && CTR::EN",same,8,455,178,success,200,279377955,1396889.775
covercrypt,classic,089a548,"SEC::LOW","SEC::LOW && DPT::DEV && CTR::FR",same,8,455,178,success,200,277155137,1385775.685
covercrypt,classic,089a548,"SEC::LOW","SEC::LOW && DPT::DEV && CTR::$",same,16,751,178,success,200,392409119,1962045.595
covercrypt,classic,089a548,"SEC::LOW","SEC::LOW && DPT::MKG",different,16,751,178,success,200,404701433,2023507.165
covercrypt,classic,089a548,"SEC::LOW","SEC::LOW && DPT::MKG && CTR::EN",same,8,455,178,success,200,294991420,1474957.100
covercrypt,classic,089a548,"SEC::LOW","SEC::LOW && DPT::MKG && CTR::FR",same,8,455,178,success,200,330035509,1650177.545
covercrypt,classic,089a548,"SEC::LOW","SEC::LOW && DPT::MKG && CTR::$",same,16,751,178,success,200,431685450,2158427.250
covercrypt,classic,089a548,"SEC::LOW","SEC::LOW && DPT::$",different,32,1347,178,success,200,698874106,3494370.530
covercrypt,classic,089a548,"SEC::LOW","SEC::LOW && DPT::$ && CTR::EN",same,16,751,178,success,200,476920861,2384604.305
covercrypt,classic,089a548,"SEC::LOW","SEC::LOW && DPT::$ && CTR::FR",same,16,751,178,success,200,430471940,2152359.700
covercrypt,classic,089a548,"SEC::LOW","SEC::LOW && DPT::$ && CTR::$",same,32,1347,178,success,200,650860389,3254301.945
covercrypt,classic,089a548,"SEC::LOW","SEC::MED",different,48,1947,178,success,200,941892192,4709460.960
covercrypt,classic,089a548,"SEC::LOW","SEC::MED && CTR::EN",different,24,1049,178,success,200,581286341,2906431.705
covercrypt,classic,089a548,"SEC::LOW","SEC::MED && CTR::FR",different,24,1049,178,success,200,549398992,2746994.960
covercrypt,classic,089a548,"SEC::LOW","SEC::MED && CTR::$",different,48,1947,178,success,200,870359258,4351796.290
covercrypt,classic,089a548,"SEC::LOW","SEC::MED && DPT::DEV",different,24,1049,178,success,200,505361588,2526807.940
covercrypt,classic,089a548,"SEC::LOW","SEC::MED && DPT::DEV && CTR::EN",same,12,603,178,success,200,319571936,1597859.680
covercrypt,classic,089a548,"SEC::LOW","SEC::MED && DPT::DEV && CTR::FR",same,12,603,178,success,200,327347824,1636739.120
covercrypt,classic,089a548,"SEC::LOW","SEC::MED && DPT::DEV && CTR::$",same,24,1049,178,success,200,490951768,2454758.840
covercrypt,classic,089a548,"SEC::LOW","SEC::MED && DPT::MKG",different,24,1049,178,success,200,556356397,2781781.985
covercrypt,classic,089a548,"SEC::LOW","SEC::MED && DPT::MKG && CTR::EN",same,12,603,178,success,200,338019365,1690096.825
covercrypt,classic,089a548,"SEC::LOW","SEC::MED && DPT::MKG && CTR::FR",same,12,603,178,success,200,356075364,1780376.820
covercrypt,classic,089a548,"SEC::LOW","SEC::MED && DPT::MKG && CTR::$",same,24,1049,178,success,200,510773420,2553867.100
covercrypt,classic,089a548,"SEC::LOW","SEC::MED && DPT::$",different,48,1947,178,success,200,892840718,4464203.590
covercrypt,classic,089a548,"SEC::LOW","SEC::MED && DPT::$ && CTR::EN",same,24,1049,178,success,200,484578917,2422894.585
covercrypt,classic,089a548,"SEC::LOW","SEC::MED && DPT::$ && CTR::FR",same,24,1049,178,success,200,547283544,2736417.720
covercrypt,classic,089a548,"SEC::LOW","SEC::MED && DPT::$ && CTR::$",same,48,1947,178,success,200,901018249,4505091.245
covercrypt,classic,089a548,"SEC::LOW","SEC::HIG",different,64,2547,178,success,200,1209929967,6049649.835
covercrypt,classic,089a548,"SEC::LOW","SEC::HIG && CTR::EN",different,32,1347,178,success,200,642314084,3211570.420
covercrypt,classic,089a548,"SEC::LOW","SEC::HIG && CTR::FR",different,32,1347,178,success,200,678730397,3393651.985
covercrypt,classic,089a548,"SEC::LOW","SEC::HIG && CTR::$",different,64,2547,178,success,200,1168384960,5841924.800
covercrypt,classic,089a548,"SEC::LOW","SEC::HIG && DPT::DEV",different,32,1347,178,success,200,681242473,3406212.365
covercrypt,classic,089a548,"SEC::LOW","SEC::HIG && DPT::DEV && CTR::EN",same,16,751,178,success,200,434823692,2174118.460
covercrypt,classic,089a548,"SEC::LOW","SEC::HIG && DPT::DEV && CTR::FR",same,16,751,178,success,200,450182702,2250913.510
covercrypt,classic,089a548,"SEC::LOW","SEC::HIG && DPT::DEV && CTR::$",same,32,1347,178,success,200,655060242,3275301.210
covercrypt,classic,089a548,"SEC::LOW","SEC::HIG && DPT::MKG",different,32,1347,178,success,200,671591172,3357955.860
covercrypt,classic,089a548,"SEC::LOW","SEC::HIG && DPT::MKG && CTR::EN",same,16,751,178,success,200,485673518,2428367.590
covercrypt,classic,089a548,"SEC::LOW","SEC::HIG && DPT::MKG && CTR::FR",same,16,751,178,success,200,391889526,1959447.630
covercrypt,classic,089a548,"SEC::LOW","SEC::HIG && DPT::MKG && CTR::$",same,32,1347,178,success,200,666849904,3334249.520
covercrypt,classic,089a548,"SEC::LOW","SEC::HIG && DPT::$",different,64,2547,178,success,200,1139014101,5695070.505
covercrypt,classic,089a548,"SEC::LOW","SEC::HIG && DPT::$ && CTR::EN",same,32,1347,178,success,200,865562646,4327813.230
covercrypt,classic,089a548,"SEC::LOW","SEC::HIG && DPT::$ && CTR::FR",same,32,1347,178,success,200,725223477,3626117.385
covercrypt,classic,089a548,"SEC::LOW","SEC::HIG && DPT::$ && CTR::$",same,64,2547,178,success,200,1061416281,5307081.405
covercrypt,classic,089a548,"SEC::LOW","SEC::$",different,80,3147,178,success,200,1412319848,7061599.240
covercrypt,classic,089a548,"SEC::LOW","SEC::$ && CTR::EN",different,40,1645,178,success,200,918617285,4593086.425
covercrypt,classic,089a548,"SEC::LOW","SEC::$ && CTR::FR",different,40,1645,178,success,200,769501840,3847509.200
covercrypt,classic,089a548,"SEC::LOW","SEC::$ && CTR::$",different,80,3147,178,success,200,1589301186,7946505.930
covercrypt,classic,089a548,"SEC::LOW","SEC::$ && DPT::DEV",different,40,1645,178,success,200,885323631,4426618.155
covercrypt,classic,089a548,"SEC::LOW","SEC::$ && DPT::DEV && CTR::EN",same,20,899,178,success,200,521730721,2608653.605
covercrypt,classic,089a548,"SEC::LOW","SEC::$ && DPT::DEV && CTR::FR",same,20,899,178,success,200,514494698,2572473.490
covercrypt,classic,089a548,"SEC::LOW","SEC::$ && DPT::DEV && CTR::$",same,40,1645,178,success,200,936843303,4684216.515
covercrypt,classic,089a548,"SEC::LOW","SEC::$ && DPT::MKG",different,40,1645,178,success,200,979170155,4895850.775
covercrypt,classic,089a548,"SEC::LOW","SEC::$ && DPT::MKG && CTR::EN",same,20,899,178,success,200,586235036,2931175.180
covercrypt,classic,089a548,"SEC::LOW","SEC::$ && DPT::MKG && CTR::FR",same,20,899,178,success,200,606773259,3033866.295
covercrypt,classic,089a548,"SEC::LOW","SEC::$ && DPT::MKG && CTR::$",same,40,1645,178,success,200,952113262,4760566.310
covercrypt,classic,089a548,"SEC::LOW","SEC::$ && DPT::$",different,80,3147,178,success,200,1892209219,9461046.095
covercrypt,classic,089a548,"SEC::LOW","SEC::$ && DPT::$ && CTR::EN",same,40,1645,178,success,200,1013603521,5068017.605
covercrypt,classic,089a548,"SEC::LOW","SEC::$ && DPT::$ && CTR::FR",same,40,1645,178,success,200,1228217843,6141089.215
covercrypt,classic,089a548,"SEC::LOW","SEC::$ && DPT::$ && CTR::$",same,80,3147,178,success,200,1964617767,9823088.835
covercrypt,classic,089a548,"SEC::LOW && DPT::MKG","CTR::EN",different,40,1645,178,success,200,893630894,4468154.470
covercrypt,classic,089a548,"SEC::LOW && DPT::MKG","CTR::FR",different,40,1645,178,success,200,936609182,4683045.910
covercrypt,classic,089a548,"SEC::LOW && DPT::MKG","CTR::$",different,80,3147,178,success,200,1943721014,9718605.070
covercrypt,classic,089a548,"SEC::LOW && DPT::MKG","DPT::DEV",different,40,1645,178,failure,200,1743307004,8716535.020
covercrypt,classic,089a548,"SEC::LOW && DPT::MKG","DPT::DEV && CTR::EN",different,20,899,178,failure,200,836735779,4183678.895
covercrypt,classic,089a548,"SEC::LOW && DPT::MKG","DPT::DEV && CTR::FR",different,20,899,178,failure,200,913979112,4569895.560
covercrypt,classic,089a548,"SEC::LOW && DPT::MKG","DPT::DEV && CTR::$",different,40,1645,178,failure,200,1638735050,8193675.250
covercrypt,classic,089a548,"SEC::LOW && DPT::MKG","DPT::MKG",different,40,1645,178,success,200,952550541,4762752.705
covercrypt,classic,089a548,"SEC::LOW && DPT::MKG","DPT::MKG && CTR::EN",different,20,899,178,success,200,573338978,2866694.890
covercrypt,classic,089a548,"SEC::LOW && DPT::MKG","DPT::MKG && CTR::FR",different,20,899,178,success,200,591622853,2958114.265
covercrypt,classic,089a548,"SEC::LOW && DPT::MKG","DPT::MKG && CTR::$",different,40,1645,178,success,200,818362245,4091811.225
covercrypt,classic,089a548,"SEC::LOW && DPT::MKG","DPT::$",different,80,3147,178,success,200,1676229716,8381148.580
covercrypt,classic,089a548,"SEC::LOW && DPT::MKG","DPT::$ && CTR::EN",different,40,1645,178,success,200,865753350,4328766.750
covercrypt,classic,089a548,"SEC::LOW && DPT::MKG","DPT::$ && CTR::FR",different,40,1645,178,success,200,968717407,4843587.035
covercrypt,classic,089a548,"SEC::LOW && DPT::MKG","DPT::$ && CTR::$",different,80,3147,178,success,200,1569204435,7846022.175
covercrypt,classic,089a548,"SEC::LOW && DPT::MKG","SEC::LOW",different,32,1347,178,success,200,1133491654,5667458.270
covercrypt,classic,089a548,"SEC::LOW && DPT::MKG","SEC::LOW && CTR::EN",different,16,751,178,success,200,671356296,3356781.480
covercrypt,classic,089a548,"SEC::LOW && DPT::MKG","SEC::LOW && CTR::FR",different,16,751,178,success,200,466937325,2334686.625
covercrypt,classic,089a548,"SEC::LOW && DPT::MKG","SEC::LOW && CTR::$",different,32,1347,178,success,200,1024834481,5124172.405
covercrypt,classic,089a548,"SEC::LOW && DPT::MKG","SEC::LOW && DPT::DEV",different,16,751,178,failure,200,801844418,4009222.090
covercrypt,classic,089a548,"SEC::LOW && DPT::MKG","SEC::LOW && DPT::DEV && CTR::EN",same,8,455,178,failure,200,381004310,1905021.550
covercrypt,classic,089a548,"SEC::LOW && DPT::MKG","SEC::LOW && DPT::DEV && CTR::FR",same,8,455,178,failure,200,381360516,1906802.580
covercrypt,classic,089a548,"SEC::LOW && DPT::MKG","SEC::LOW && DPT::DEV && CTR::$",same,16,751,178,failure,200,755074859,3775374.295
covercrypt,classic,089a548,"SEC::LOW && DPT::MKG","SEC::LOW && DPT::MKG",different,16,751,178,success,200,545203140,2726015.700
covercrypt,classic,089a548,"SEC::LOW && DPT::MKG","SEC::LOW && DPT::MKG && CTR::EN",same,8,455,178,success,200,324272523,1621362.615
covercrypt,classic,089a548,"SEC::LOW && DPT::MKG","SEC::LOW && DPT::MKG && CTR::FR",same,8,455,178,success,200,370302471,1851512.355
covercrypt,classic,089a548,"SEC::LOW && DPT::MKG","SEC::LOW && DPT::MKG && CTR::$",same,16,751,178,success,200,621600978,3108004.890
covercrypt,classic,089a548,"SEC::LOW && DPT::MKG","SEC::LOW && DPT::$",different,32,1347,178,success,200,806341014,4031705.070
covercrypt,classic,089a548,"SEC::LOW && DPT::MKG","SEC::LOW && DPT::$ && CTR::EN",same,16,751,178,success,200,477354960,2386774.800
covercrypt,classic,089a548,"SEC::LOW && DPT::MKG","SEC::LOW && DPT::$ && CTR::FR",same,16,751,178,success,200,473870936,2369354.680
covercrypt,classic,089a548,"SEC::LOW && DPT::MKG","SEC::LOW && DPT::$ && CTR::$",same,32,1347,178,success,200,1078955782,5394778.910
covercrypt,classic,089a548,"SEC::LOW && DPT::MKG","SEC::MED",different,48,1947,178,success,200,1331601256,6658006.280
covercrypt,classic,089a548,"SEC::LOW && DPT::MKG","SEC::MED && CTR::EN",different,24,1049,178,success,200,827931316,4139656.580
covercrypt,classic,089a548,"SEC::LOW && DPT::MKG","SEC::MED && CTR::FR",different,24,1049,178,success,200,847407100,4237035.500
covercrypt,classic,089a548,"SEC::LOW && DPT::MKG","SEC::MED && CTR::$",different,48,1947,178,success,200,1336595557,6682977.785
covercrypt,classic,089a548,"SEC::LOW && DPT::MKG","SEC::MED && DPT::DEV",different,24,1049,178,failure,200,1218247843,6091239.215
covercrypt,classic,089a548,"SEC::LOW && DPT::MKG","SEC::MED && DPT::DEV && CTR::EN",same,12,603,178,failure,200,807511044,4037555.220
covercrypt,classic,089a548,"SEC::LOW && DPT::MKG","SEC::MED && DPT::DEV && CTR::FR",same,12,603,178,failure,200,707646924,3538234.620
covercrypt,classic,089a548,"SEC::LOW && DPT::MKG","SEC::MED && DPT::DEV && CTR::$",same,24,1049,178,failure,200,1038317657,5191588.285
covercrypt,classic,089a548,"SEC::LOW && DPT::MKG","SEC::MED && DPT::MKG",different,24,1049,178,success,200,653440413,3267202.065
covercrypt,classic,089a548,"SEC::LOW && DPT::MKG","SEC::MED && DPT::MKG && CTR::EN",same,12,603,178,success,200,430742292,2153711.460
covercrypt,classic,089a548,"SEC::LOW && DPT::MKG","SEC::MED && DPT::MKG && CTR::FR",same,12,603,178,success,200,398642596,1993212.980
covercrypt,classic,089a548,"SEC::LOW && DPT::MKG","SEC::MED && DPT::MKG && CTR::$",same,24,1049,178,success,200,622827542,3114137.710
covercrypt,classic,089a548,"SEC::LOW && DPT::MKG","SEC::MED && DPT::$",different,48,1947,178,success,200,1134812593,5674062.965
covercrypt,classic,089a548,"SEC::LOW && DPT::MKG","SEC::MED && DPT::$ && CTR::EN",same,24,1049,178,success,200,694155919,3470779.595
covercrypt,classic,089a548,"SEC::LOW && DPT::MKG","SEC::MED && DPT::$ && CTR::FR",same,24,1049,178,success,200,623671564,3118357.820
covercrypt,classic,089a548,"SEC::LOW && DPT::MKG","SEC::MED && DPT::$ && CTR::$",same,48,1947,178,success,200,978872856,4894364.280
covercrypt,classic,089a548,"SEC::LOW && DPT::MKG","SEC::HIG",different,64,2547,178,success,200,1424302257,7121511.285
covercrypt,classic,089a548,"SEC::LOW && DPT::MKG","SEC::HIG && CTR::EN",different,32,1347,178,success,200,874874442,4374372.210
covercrypt,classic,089a548,"SEC::LOW && DPT::MKG","SEC::HIG && CTR::FR",different,32,1347,178,success,200,831395678,4156978.390
covercrypt,classic,089a548,"SEC::LOW && DPT::MKG","SEC::HIG && CTR::$",different,64,2547,178,success,200,1534387653,7671938.265
covercrypt,classic,089a548,"SEC::LOW && DPT::MKG","SEC::HIG && DPT::DEV",different,32,1347,178,failure,200,1421178864,7105894.320
covercrypt,classic,089a548,"SEC::LOW && DPT::MKG","SEC::HIG && DPT::DEV && CTR::EN",same,16,751,178,failure,200,698403694,3492018.470
covercrypt,classic,089a548,"SEC::LOW && DPT::MKG","SEC::HIG && DPT::DEV && CTR::FR",same,16,751,178,failure,200,746372275,3731861.375
covercrypt,classic,089a548,"SEC::LOW && DPT::MKG","SEC::HIG && DPT::DEV && CTR::$",same,32,1347,178,failure,200,1236803998,6184019.990
covercrypt,classic,089a548,"SEC::LOW && DPT::MKG","SEC::HIG && DPT::MKG",different,32,1347,178,success,200,792854388,3964271.940
covercrypt,classic,089a548,"SEC::LOW && DPT::MKG","SEC::HIG && DPT::MKG && CTR::EN",same,16,751,178,success,200,413818830,2069094.150
covercrypt,classic,089a548,"SEC::LOW && DPT::MKG","SEC::HIG && DPT::MKG && CTR::FR",same,16,751,178,success,200,461115736,2305578.680
covercrypt,classic,089a548,"SEC::LOW && DPT::MKG","SEC::HIG && DPT::MKG && CTR::$",same,32,1347,178,success,200,738026327,3690131.635
covercrypt,classic,089a548,"SEC::LOW && DPT::MKG","SEC::HIG && DPT::$",different,64,2547,178,success,200,1265455919,6327279.595
covercrypt,classic,089a548,"SEC::LOW && DPT::MKG","SEC::HIG && DPT::$ && CTR::EN",same,32,1347,178,success,200,810496947,4052484.735
covercrypt,classic,089a548,"SEC::LOW && DPT::MKG","SEC::HIG && DPT::$ && CTR::FR",same,32,1347,178,success,200,755878972,3779394.860
covercrypt,classic,089a548,"SEC::LOW && DPT::MKG","SEC::HIG && DPT::$ && CTR::$",same,64,2547,178,success,200,1212445277,6062226.385
covercrypt,classic,089a548,"SEC::LOW && DPT::MKG","SEC::$",different,80,3147,178,success,200,1537026542,7685132.710
covercrypt,classic,089a548,"SEC::LOW && DPT::MKG","SEC::$ && CTR::EN",different,40,1645,178,success,200,1219963341,6099816.705
covercrypt,classic,089a548,"SEC::LOW && DPT::MKG","SEC::$ && CTR::FR",different,40,1645,178,success,200,881021924,4405109.620
covercrypt,classic,089a548,"SEC::LOW && DPT::MKG","SEC::$ && CTR::$",different,80,3147,178,success,200,1816318187,9081590.935
covercrypt,classic,089a548,"SEC::LOW && DPT::MKG","SEC::$ && DPT::DEV",different,40,1645,178,failure,200,1585672010,7928360.050
covercrypt,classic,089a548,"SEC::LOW && DPT::MKG","SEC::$ && DPT::DEV && CTR::EN",same,20,899,178,failure,200,742100673,3710503.365
covercrypt,classic,089a548,"SEC::LOW && DPT::MKG","SEC::$ && DPT::DEV && CTR::FR",same,20,899,178,failure,200,799262311,3996311.555
covercrypt,classic,089a548,"SEC::LOW && DPT::MKG","SEC::$ && DPT::DEV && CTR::$",same,40,1645,178,failure,200,1609432527,8047162.635
covercrypt,classic,089a548,"SEC::LOW && DPT::MKG","SEC::$ && DPT::MKG",different,40,1645,178,success,200,837162721,4185813.605
covercrypt,classic,089a548,"SEC::LOW && DPT::MKG","SEC::$ && DPT::MKG && CTR::EN",same,20,899,178,success,200,531942701,2659713.505
covercrypt,classic,089a548,"SEC::LOW && DPT::MKG","SEC::$ && DPT::MKG && CTR::FR",same,20,899,178,success,200,673529311,3367646.555
covercrypt,classic,089a548,"SEC::LOW && DPT::MKG","SEC::$ && DPT::MKG && CTR::$",same,40,1645,178,success,200,971984603,4859923.015
covercrypt,classic,089a548,"SEC::LOW && DPT::MKG","SEC::$ && DPT::$",different,80,3147,178,success,200,1916047207,9580236.035
covercrypt,classic,089a548,"SEC::LOW && DPT::MKG","SEC::$ && DPT::$ && CTR::EN",same,40,1645,178,success,200,1103201834,5516009.170
covercrypt,classic,089a548,"SEC::LOW && DPT::MKG","SEC::$ && DPT::$ && CTR::FR",same,40,1645,178,success,200,1131994180,5659970.900
covercrypt,classic,089a548,"SEC::LOW && DPT::MKG","SEC::$ && DPT::$ && CTR::$",same,80,3147,178,success,200,1534268051,7671340.255
covercrypt,classic,089a548,"SEC::MED","CTR::EN",different,40,1645,178,success,200,876204737,4381023.685
covercrypt,classic,089a548,"SEC::MED","CTR::FR",different,40,1645,178,success,200,863888639,4319443.195
covercrypt,classic,089a548,"SEC::MED","CTR::$",different,80,3147,178,success,200,2097038810,10485194.050
covercrypt,classic,089a548,"SEC::MED","DPT::DEV",different,40,1645,178,success,200,1020689602,5103448.010
covercrypt,classic,089a548,"SEC::MED","DPT::DEV && CTR::EN",different,20,899,178,success,200,615027122,3075135.610
covercrypt,classic,089a548,"SEC::MED","DPT::DEV && CTR::FR",different,20,899,178,success,200,676331504,3381657.520
covercrypt,classic,089a548,"SEC::MED","DPT::DEV && CTR::$",different,40,1645,178,success,200,1007240405,5036202.025
covercrypt,classic,089a548,"SEC::MED","DPT::MKG",different,40,1645,178,success,200,887252070,4436260.350
covercrypt,classic,089a548,"SEC::MED","DPT::MKG && CTR::EN",different,20,899,178,success,200,575508855,2877544.275
covercrypt,classic,089a548,"SEC::MED","DPT::MKG && CTR::FR",different,20,899,178,success,200,671327098,3356635.490
covercrypt,classic,089a548,"SEC::MED","DPT::MKG && CTR::$",different,40,1645,178,success,200,952299851,4761499.255
covercrypt,classic,089a548,"SEC::MED","DPT::$",different,80,3147,178,success,200,2113302957,10566514.785
covercrypt,classic,089a548,"SEC::MED","DPT::$ && CTR::EN",different,40,1645,178,success,200,953795724,4768978.620
covercrypt,classic,089a548,"SEC::MED","DPT::$ && CTR::FR",different,40,1645,178,success,200,1040003043,5200015.215
covercrypt,classic,089a548,"SEC::MED","DPT::$ && CTR::$",different,80,3147,178,success,200,1802344995,9011724.975
covercrypt,classic,089a548,"SEC::MED","SEC::LOW",different,32,1347,178,failure,200,1357704079,6788520.395
covercrypt,classic,089a548,"SEC::MED","SEC::LOW && CTR::EN",different,16,751,178,failure,200,667217990,3336089.950
covercrypt,classic,089a548,"SEC::MED","SEC::LOW && CTR::FR",different,16,751,178,failure,200,928992523,4644962.615
covercrypt,classic,089a548,"SEC::MED","SEC::LOW && CTR::$",different,32,1347,178,failure,200,1460026688,7300133.440
covercrypt,classic,089a548,"SEC::MED","SEC::LOW && DPT::DEV",different,16,751,178,failure,200,842666214,4213331.070
covercrypt,classic,089a548,"SEC::MED","SEC::LOW && DPT::DEV && CTR::EN",same,8,455,178,failure,200,377489176,1887445.880
covercrypt,classic,089a548,"SEC::MED","SEC::LOW && DPT::DEV && CTR::FR",same,8,455,178,failure,200,397941987,1989709.935
covercrypt,classic,089a548,"SEC::MED","SEC::LOW && DPT::DEV && CTR::$",same,16,751,178,failure,200,674581385,3372906.925
covercrypt,classic,089a548,"SEC::MED","SEC::LOW && DPT::MKG",different,16,751,178,failure,200,677817829,3389089.145
covercrypt,classic,089a548,"SEC::MED","SEC::LOW && DPT::MKG && CTR::EN",same,8,455,178,failure,200,360347990,1801739.950
covercrypt,classic,089a548,"SEC::MED","SEC::LOW && DPT::MKG && CTR::FR",same,8,455,178,failure,200,360157645,1800788.225
covercrypt,classic,089a548,"SEC::MED","SEC::LOW && DPT::MKG && CTR::$",same,16,751,178,failure,200,723382700,3616913.500
covercrypt,classic,089a548,"SEC::MED","SEC::LOW && DPT::$",different,32,1347,178,failure,200,1408054455,7040272.275
covercrypt,classic,089a548,"SEC::MED","SEC::LOW && DPT::$ && CTR::EN",same,16,751,178,failure,200,695883419,3479417.095
covercrypt,classic,089a548,"SEC::MED","SEC::LOW && DPT::$ && CTR::FR",same,16,751,178,failure,200,671399272,3356996.360
covercrypt,classic,089a548,"SEC::MED","SEC::LOW && DPT::$ && CTR::$",same,32,1347,178,failure,200,1290813714,6454068.570
covercrypt,classic,089a548,"SEC::MED","SEC::MED",different,48,1947,178,success,200,1249543588,6247717.940
covercrypt,classic,089a548,"SEC::MED","SEC::MED && CTR::EN",different,24,1049,178,success,200,661178585,3305892.925
covercrypt,classic,089a548,"SEC::MED","SEC::MED && CTR::FR",different,24,1049,178,success,200,715813988,3579069.940
covercrypt,classic,089a548,"SEC::MED","SEC::MED && CTR::$",different,48,1947,178,success,200,1222255786,6111278.930
covercrypt,classic,089a548,"SEC::MED","SEC::MED && DPT::DEV",different,24,1049,178,success,200,637653089,3188265.445
covercrypt,classic,089a548,"SEC::MED","SEC::MED && DPT::DEV && CTR::EN",same,12,603,178,success,200,441788063,2208940.315
covercrypt,classic,089a548,"SEC::MED","SEC::MED && DPT::DEV && CTR::FR",same,12,603,178,success,200,405443150,2027215.750
covercrypt,classic,089a548,"SEC::MED","SEC::MED && DPT::DEV && CTR::$",same,24,1049,178,success,200,610422349,3052111.745
covercrypt,classic,089a548,"SEC::MED","SEC::MED && DPT::MKG",different,24,1049,178,success,200,902615648,4513078.240
covercrypt,classic,089a548,"SEC::MED","SEC::MED && DPT::MKG && CTR::EN",same,12,603,178,success,200,473047491,2365237.455
covercrypt,classic,089a548,"SEC::MED","SEC::MED && DPT::MKG && CTR::FR",same,12,603,178,success,200,421698280,2108491.400
covercrypt,classic,089a548,"SEC::MED","SEC::MED && DPT::MKG && CTR::$",same,24,1049,178,success,200,700724847,3503624.235
covercrypt,classic,089a548,"SEC::MED","SEC::MED && DPT::$",different,48,1947,178,success,200,1332669140,6663345.700
covercrypt,classic,089a548,"SEC::MED","SEC::MED && DPT::$ && CTR::EN",same,24,1049,178,success,200,697768290,3488841.450
covercrypt,classic,089a548,"SEC::MED","SEC::MED && DPT::$ && CTR::FR",same,24,1049,178,success,200,963963305,4819816.525
covercrypt,classic,089a548,"SEC::MED","SEC::MED && DPT::$ && CTR::$",same,48,1947,178,success,200,1726098347,8630491.735
covercrypt,classic,089a548,"SEC::MED","SEC::HIG",different,64,2547,178,success,200,1699214248,8496071.240
covercrypt,classic,089a548,"SEC::MED","SEC::HIG && CTR::EN",different,32,1347,178,success,200,873375894,4366879.470
covercrypt,classic,089a548,"SEC::MED","SEC::HIG && CTR::FR",different,32,1347,178,success,200,806283633,4031418.165
covercrypt,classic,089a548,"SEC::MED","SEC::HIG && CTR::$",different,64,2547,178,success,200,1458032225,7290161.125
covercrypt,classic,089a548,"SEC::MED","SEC::HIG && DPT::DEV",different,32,1347,178,success,200,945142865,4725714.325
covercrypt,classic,089a548,"SEC::MED","SEC::HIG && DPT::DEV && CTR::EN",same,16,751,178,success,200,454009695,2270048.475
covercrypt,classic,089a548,"SEC::MED","SEC::HIG && DPT::DEV && CTR::FR",same,16,751,178,success,200,487615888,2438079.440
covercrypt,classic,089a548,"SEC::MED","SEC::HIG && DPT::DEV && CTR::$",same,32,1347,178,success,200,744003388,3720016.940
covercrypt,classic,089a548,"SEC::MED","SEC::HIG && DPT::MKG",different,32,1347,178,success,200,777513127,3887565.635
covercrypt,classic,089a548,"SEC::MED","SEC::HIG && DPT::MKG && CTR::EN",same,16,751,178,success,200,462598355,2312991.775
covercrypt,classic,089a548,"SEC::MED","SEC::HIG && DPT::MKG && CTR::FR",same,16,751,178,success,200,533613074,2668065.370
covercrypt,classic,089a548,"SEC::MED","SEC::HIG && DPT::MKG && CTR::$",same,32,1347,178,success,200,742805693,3714028.465
covercrypt,classic,089a548,"SEC::MED","SEC::HIG && DPT::$",different,64,2547,178,success,200,1401236905,7006184.525
covercrypt,classic,089a548,"SEC::MED","SEC::HIG && DPT::$ && CTR::EN",same,32,1347,178,success,200,822584531,4112922.655
covercrypt,classic,089a548,"SEC::MED","SEC::HIG && DPT::$ && CTR::FR",same,32,1347,178,success,200,871556646,4357783.230
covercrypt,classic,089a548,"SEC::MED","SEC::HIG && DPT::$ && CTR::$",same,64,2547,178,success,200,1456852999,7284264.995
covercrypt,classic,089a548,"SEC::MED","SEC::$",different,80,3147,178,success,200,1928087473,9640437.365
covercrypt,classic,089a548,"SEC::MED","SEC::$ && CTR::EN",different,40,1645,178,success,200,984101540,4920507.700
covercrypt,classic,089a548,"SEC::MED","SEC::$ && CTR::FR",different,40,1645,178,success,200,896216770,4481083.850
covercrypt,classic,089a548,"SEC::MED","SEC::$ && CTR::$",different,80,3147,178,success,200,1592837684,7964188.420
covercrypt,classic,089a548,"SEC::MED","SEC::$ && DPT::DEV",different,40,1645,178,success,200,962207193,4811035.965
covercrypt,classic,089a548,"SEC::MED","SEC::$ && DPT::DEV && CTR::EN",same,20,899,178,success,200,535685953,2678429.765
covercrypt,classic,089a548,"SEC::MED","SEC::$ && DPT::DEV && CTR::FR",same,20,899,178,success,200,573807394,2869036.970
covercrypt,classic,089a548,"SEC::MED","SEC::$ && DPT::DEV && CTR::$",same,40,1645,178,success,200,1063831816,5319159.080
covercrypt,classic,089a548,"SEC::MED","SEC::$ && DPT::MKG",different,40,1645,178,success,200,1059439871,5297199.355
covercrypt,classic,089a548,"SEC::MED","SEC::$ && DPT::MKG && CTR::EN",same,20,899,178,success,200,572729970,2863649.850
covercrypt,classic,089a548,"SEC::MED","SEC::$ && DPT::MKG && CTR::FR",same,20,899,178,success,200,716816499,3584082.495
covercrypt,classic,089a548,"SEC::MED","SEC::$ && DPT::MKG && CTR::$",same,40,1645,178,success,200,986577346,4932886.730
covercrypt,classic,089a548,"SEC::MED","SEC::$ && DPT::$",different,80,3147,178,success,200,1734004285,8670021.425
covercrypt,classic,089a548,"SEC::MED","SEC::$ && DPT::$ && CTR::EN",same,40,1645,178,success,200,990593839,4952969.195
covercrypt,classic,089a548,"SEC::MED","SEC::$ && DPT::$ && CTR::FR",same,40,1645,178,success,200,904795606,4523978.030
covercrypt,classic,089a548,"SEC::MED","SEC::$ && DPT::$ && CTR::$",same,80,3147,178,success,200,1845216127,9226080.635
covercrypt,classic,089a548,"SEC::MED && DPT::MKG","CTR::EN",different,40,1645,178,success,200,1050266414,5251332.070
covercrypt,classic,089a548,"SEC::MED && DPT::MKG","CTR::FR",different,40,1645,178,success,200,1025627594,5128137.970
covercrypt,classic,089a548,"SEC::MED && DPT::MKG","CTR::$",different,80,3147,178,success,200,1868609510,9343047.550
covercrypt,classic,089a548,"SEC::MED && DPT::MKG","DPT::DEV",different,40,1645,178,failure,200,1706744584,8533722.920
covercrypt,classic,089a548,"SEC::MED && DPT::MKG","DPT::DEV && CTR::EN",different,20,899,178,failure,200,924556645,4622783.225
covercrypt,classic,089a548,"SEC::MED && DPT::MKG","DPT::DEV && CTR::FR",different,20,899,178,failure,200,1070203054,5351015.270
covercrypt,classic,089a548,"SEC::MED && DPT::MKG","DPT::DEV && CTR::$",different,40,1645,178,failure,200,1641808049,8209040.245
covercrypt,classic,089a548,"SEC::MED && DPT::MKG","DPT::MKG",different,40,1645,178,success,200,952113536,4760567.680
covercrypt,classic,089a548,"SEC::MED && DPT::MKG","DPT::MKG && CTR::EN",different,20,899,178,success,200,766698645,3833493.225
covercrypt,classic,089a548,"SEC::MED && DPT::MKG","DPT::MKG && CTR::FR",different,20,899,178,success,200,516534124,2582670.620
covercrypt,classic,089a548,"SEC::MED && DPT::MKG","DPT::MKG && CTR::$",different,40,1645,178,success,200,1052569480,5262847.400
covercrypt,classic,089a548,"SEC::MED && DPT::MKG","DPT::$",different,80,3147,178,success,200,1843921696,9219608.480
covercrypt,classic,089a548,"SEC::MED && DPT::MKG","DPT::$ && CTR::EN",different,40,1645,178,success,200,1017599852,5087999.260
covercrypt,classic,089a548,"SEC::MED && DPT::MKG","DPT::$ && CTR::FR",different,40,1645,178,success,200,967485137,4837425.685
covercrypt,classic,089a548,"SEC::MED && DPT::MKG","DPT::$ && CTR::$",different,80,3147,178,success,200,1656920537,8284602.685
covercrypt,classic,089a548,"SEC::MED && DPT::MKG","SEC::LOW",different,32,1347,178,failure,200,1306739048,6533695.240
covercrypt,classic,089a548,"SEC::MED && DPT::MKG","SEC::LOW && CTR::EN",different,16,751,178,failure,200,730021243,3650106.215
covercrypt,classic,089a548,"SEC::MED && DPT::MKG","SEC::LOW && CTR::FR",different,16,751,178,failure,200,755811803,3779059.015
covercrypt,classic,089a548,"SEC::MED && DPT::MKG","SEC::LOW && CTR::$",different,32,1347,178,failure,200,1653251486,8266257.430
covercrypt,classic,089a548,"SEC::MED && DPT::MKG","SEC::LOW && DPT::DEV",different,16,751,178,failure,200,975931641,4879658.205
covercrypt,classic,089a548,"SEC::MED && DPT::MKG","SEC::LOW && DPT::DEV && CTR::EN",same,8,455,178,failure,200,407829602,2039148.010
covercrypt,classic,089a548,"SEC::MED && DPT::MKG","SEC::LOW && DPT::DEV && CTR::FR",same,8,455,178,failure,200,385973074,1929865.370
covercrypt,classic,089a548,"SEC::MED && DPT::MKG","SEC::LOW && DPT::DEV && CTR::$",same,16,751,178,failure,200,673022129,3365110.645
covercrypt,classic,089a548,"SEC::MED && DPT::MKG","SEC::LOW && DPT::MKG",different,16,751,178,failure,200,694042241,3470211.205
covercrypt,classic,089a548,"SEC::MED && DPT::MKG","SEC::LOW && DPT::MKG && CTR::EN",same,8,455,178,failure,200,367925268,1839626.340
covercrypt,classic,089a548,"SEC::MED && DPT::MKG","SEC::LOW && DPT::MKG && CTR::FR",same,8,455,178,failure,200,428235197,2141175.985
covercrypt,classic,089a548,"SEC::MED && DPT::MKG","SEC::LOW && DPT::MKG && CTR::$",same,16,751,178,failure,200,636328616,3181643.080
covercrypt,classic,089a548,"SEC::MED && DPT::MKG","SEC::LOW && DPT::$",different,32,1347,178,failure,200,1328464965,6642324.825
covercrypt,classic,089a548,"SEC::MED && DPT::MKG","SEC::LOW && DPT::$ && CTR::EN",same,16,751,178,failure,200,644270804,3221354.020
covercrypt,classic,089a548,"SEC::MED && DPT::MKG","SEC::LOW && DPT::$ && CTR::FR",same,16,751,178,failure,200,666936996,3334684.980
covercrypt,classic,089a548,"SEC::MED && DPT::MKG","SEC::LOW && DPT::$ && CTR::$",same,32,1347,178,failure,200,1326498962,6632494.810
covercrypt,classic,089a548,"SEC::MED && DPT::MKG","SEC::MED",different,48,1947,178,success,200,1090511613,5452558.065
covercrypt,classic,089a548,"SEC::MED && DPT::MKG","SEC::MED && CTR::EN",different,24,1049,178,success,200,576858797,2884293.985
covercrypt,classic,089a548,"SEC::MED && DPT::MKG","SEC::MED && CTR::FR",different,24,1049,178,success,200,630858213,3154291.065
covercrypt,classic,089a548,"SEC::MED && DPT::MKG","SEC::MED && CTR::$",different,48,1947,178,success,200,1094337394,5471686.970
covercrypt,classic,089a548,"SEC::MED && DPT::MKG","SEC::MED && DPT::DEV",different,24,1049,178,failure,200,1003260194,5016300.970
covercrypt,classic,089a548,"SEC::MED && DPT::MKG","SEC::MED && DPT::DEV && CTR::EN",same,12,603,178,failure,200,520331004,2601655.020
covercrypt,classic,089a548,"SEC::MED && DPT::MKG","SEC::MED && DPT::DEV && CTR::FR",same,12,603,178,failure,200,523958396,2619791.980
covercrypt,classic,089a548,"SEC::MED && DPT::MKG","SEC::MED && DPT::DEV && CTR::$",same,24,1049,178,failure,200,1007575281,5037876.405
covercrypt,classic,089a548,"SEC::MED && DPT::MKG","SEC::MED && DPT::MKG",different,24,1049,178,success,200,662955809,3314779.045
covercrypt,classic,089a548,"SEC::MED && DPT::MKG","SEC::MED && DPT::MKG && CTR::EN",same,12,603,178,success,200,408359776,2041798.880
covercrypt,classic,089a548,"SEC::MED && DPT::MKG","SEC::MED && DPT::MKG && CTR::FR",same,12,603,178,success,200,345336220,1726681.100
covercrypt,classic,089a548,"SEC::MED && DPT::MKG","SEC::MED && DPT::MKG && CTR::$",same,24,1049,178,success,200,610005330,3050026.650
covercrypt,classic,089a548,"SEC::MED && DPT::MKG","SEC::MED && DPT::$",different,48,1947,178,success,200,1086743493,5433717.465
covercrypt,classic,089a548,"SEC::MED && DPT::MKG","SEC::MED && DPT::$ && CTR::EN",same,24,1049,178,success,200,705209339,3526046.695
covercrypt,classic,089a548,"SEC::MED && DPT::MKG","SEC::MED && DPT::$ && CTR::FR",same,24,1049,178,success,200,753241125,3766205.625
covercrypt,classic,089a548,"SEC::MED && DPT::MKG","SEC::MED && DPT::$ && CTR::$",same,48,1947,178,success,200,1207750965,6038754.825
covercrypt,classic,089a548,"SEC::MED && DPT::MKG","SEC::HIG",different,64,2547,178,success,200,1471259453,7356297.265
covercrypt,classic,089a548,"SEC::MED && DPT::MKG","SEC::HIG && CTR::EN",different,32,1347,178,success,200,817124032,4085620.160
covercrypt,classic,089a548,"SEC::MED && DPT::MKG","SEC::HIG && CTR::FR",different,32,1347,178,success,200,678196527,3390982.635
covercrypt,classic,089a548,"SEC::MED && DPT::MKG","SEC::HIG && CTR::$",different,64,2547,178,success,200,1294494852,6472474.260
covercrypt,classic,089a548,"SEC::MED && DPT::MKG","SEC::HIG && DPT::DEV",different,32,1347,178,failure,200,1213525330,6067626.650
covercrypt,classic,089a548,"SEC::MED && DPT::MKG","SEC::HIG && DPT::DEV && CTR::EN",same,16,751,178,failure,200,688823906,3444119.530
covercrypt,classic,089a548,"SEC::MED && DPT::MKG","SEC::HIG && DPT::DEV && CTR::FR",same,16,751,178,failure,200,629819427,3149097.135
covercrypt,classic,089a548,"SEC::MED && DPT::MKG","SEC::HIG && DPT::DEV && CTR::$",same,32,1347,178,failure,200,1214425687,6072128.435
covercrypt,classic,089a548,"SEC::MED && DPT::MKG","SEC::HIG && DPT::MKG",different,32,1347,178,success,200,740511102,3702555.510
covercrypt,classic,089a548,"SEC::MED && DPT::MKG","SEC::HIG && DPT::MKG && CTR::EN",same,16,751,178,success,200,498131284,2490656.420
covercrypt,classic,089a548,"SEC::MED && DPT::MKG","SEC::HIG && DPT::MKG && CTR::FR",same,16,751,178,success,200,411800528,2059002.640
covercrypt,classic,089a548,"SEC::MED && DPT::MKG","SEC::HIG && DPT::MKG && CTR::$",same,32,1347,178,success,200,779520402,3897602.010
covercrypt,classic,089a548,"SEC::MED && DPT::MKG","SEC::HIG && DPT::$",different,64,2547,178,success,200,1418665561,7093327.805
covercrypt,classic,089a548,"SEC::MED && DPT::MKG","SEC::HIG && DPT::$ && CTR::EN",same,32,1347,178,success,200,737279892,3686399.460
covercrypt,classic,089a548,"SEC::MED && DPT::MKG","SEC::HIG && DPT::$ && CTR::FR",same,32,1347,178,success,200,727476026,3637380.130
covercrypt,classic,089a548,"SEC::MED && DPT::MKG","SEC::HIG && DPT::$ && CTR::$",same,64,2547,178,success,200,1361112036,6805560.180
covercrypt,classic,089a548,"SEC::MED && DPT::MKG","SEC::$",different,80,3147,178,success,200,1567210846,7836054.230
covercrypt,classic,089a548,"SEC::MED && DPT::MKG","SEC::$ && CTR::EN",different,40,1645,178,success,200,813810088,4069050.440
covercrypt,classic,089a548,"SEC::MED && DPT::MKG","SEC::$ && CTR::FR",different,40,1645,178,success,200,1004759479,5023797.395
covercrypt,classic,089a548,"SEC::MED && DPT::MKG","SEC::$ && CTR::$",different,80,3147,178,success,200,1644357879,8221789.395
covercrypt,classic,089a548,"SEC::MED && DPT::MKG","SEC::$ && DPT::DEV",different,40,1645,178,failure,200,1497255427,7486277.135
covercrypt,classic,089a548,"SEC::MED && DPT::MKG","SEC::$ && DPT::DEV && CTR::EN",same,20,899,178,failure,200,778570592,3892852.960
covercrypt,classic,089a548,"SEC::MED && DPT::MKG","SEC::$ && DPT::DEV && CTR::FR",same,20,899,178,failure,200,732771719,3663858.595
covercrypt,classic,089a548,"SEC::MED && DPT::MKG","SEC::$ && DPT::DEV && CTR::$",same,40,1645,178,failure,200,1544689341,7723446.705
covercrypt,classic,089a548,"SEC::MED && DPT::MKG","SEC::$ && DPT::MKG",different,40,1645,178,success,200,859062250,4295311.250
covercrypt,classic,089a548,"SEC::MED && DPT::MKG","SEC::$ && DPT::MKG && CTR::EN",same,20,899,178,success,200,507228004,2536140.020
covercrypt,classic,089a548,"SEC::MED && DPT::MKG","SEC::$ && DPT::MKG && CTR::FR",same,20,899,178,success,200,561615425,2808077.125
covercrypt,classic,089a548,"SEC::MED && DPT::MKG","SEC::$ && DPT::MKG && CTR::$",same,40,1645,178,success,200,927571225,4637856.125
covercrypt,classic,089a548,"SEC::MED && DPT::MKG","SEC::$ && DPT::$",different,80,3147,178,success,200,1525354573,7626772.865
covercrypt,classic,089a548,"SEC::MED && DPT::MKG","SEC::$ && DPT::$ && CTR::EN",same,40,1645,178,success,200,930472224,4652361.120
covercrypt,classic,089a548,"SEC::MED && DPT::MKG","SEC::$ && DPT::$ && CTR::FR",same,40,1645,178,success,200,1074028233,5370141.165
covercrypt,classic,089a548,"SEC::MED && DPT::MKG","SEC::$ && DPT::$ && CTR::$",same,80,3147,178,success,200,1842174108,9210870.540
covercrypt,classic,089a548,"SEC::HIG","CTR::EN",different,40,1645,178,success,200,899368881,4496844.405
covercrypt,classic,089a548,"SEC::HIG","CTR::FR",different,40,1645,178,success,200,1111406502,5557032.510
covercrypt,classic,089a548,"SEC::HIG","CTR::$",different,80,3147,178,success,200,2102804338,10514021.690
covercrypt,classic,089a548,"SEC::HIG","DPT::DEV",different,40,1645,178,success,200,840827974,4204139.870
covercrypt,classic,089a548,"SEC::HIG","DPT::DEV && CTR::EN",different,20,899,178,success,200,533887151,2669435.755
covercrypt,classic,089a548,"SEC::HIG","DPT::DEV && CTR::FR",different,20,899,178,success,200,574947754,2874738.770
covercrypt,classic,089a548,"SEC::HIG","DPT::DEV && CTR::$",different,40,1645,178,success,200,962975297,4814876.485
covercrypt,classic,089a548,"SEC::HIG","DPT::MKG",different,40,1645,178,success,200,871541165,4357705.825
covercrypt,classic,089a548,"SEC::HIG","DPT::MKG && CTR::EN",different,20,899,178,success,200,514769279,2573846.395
covercrypt,classic,089a548,"SEC::HIG","DPT::MKG && CTR::FR",different,20,899,178,success,200,510691747,2553458.735
covercrypt,classic,089a548,"SEC::HIG","DPT::MKG && CTR::$",different,40,1645,178,success,200,873978222,4369891.110
covercrypt,classic,089a548,"SEC::HIG","DPT::$",different,80,3147,178,success,200,1982727239,9913636.195
covercrypt,classic,089a548,"SEC::HIG","DPT::$ && CTR::EN",different,40,1645,178,success,200,1256299927,6281499.635
covercrypt,classic,089a548,"SEC::HIG","DPT::$ && CTR::FR",different,40,1645,178,success,200,882120559,4410602.795
covercrypt,classic,089a548,"SEC::HIG","DPT::$ && CTR::$",different,80,3147,178,success,200,1927326868,9636634.340
covercrypt,classic,089a548,"SEC::HIG","SEC::LOW",different,32,1347,178,failure,200,1320325695,6601628.475
covercrypt,classic,089a548,"SEC::HIG","SEC::LOW && CTR::EN",different,16,751,178,failure,200,732096448,3660482.240
covercrypt,classic,089a548,"SEC::HIG","SEC::LOW && CTR::FR",different,16,751,178,failure,200,865673857,4328369.285
covercrypt,classic,089a548,"SEC::HIG","SEC::LOW && CTR::$",different,32,1347,178,failure,200,1371936188,6859680.940
covercrypt,classic,089a548,"SEC::HIG","SEC::LOW && DPT::DEV",different,16,751,178,failure,200,738152994,3690764.970
covercrypt,classic,089a548,"SEC::HIG","SEC::LOW && DPT::DEV && CTR::EN",same,8,455,178,failure,200,368697997,1843489.985
covercrypt,classic,089a548,"SEC::HIG","SEC::LOW && DPT::DEV && CTR::FR",same,8,455,178,failure,200,377285189,1886425.945
covercrypt,classic,089a548,"SEC::HIG","SEC::LOW && DPT::DEV && CTR::$",same,16,751,178,failure,200,730330619,3651653.095
covercrypt,classic,089a548,"SEC::HIG","SEC::LOW && DPT::MKG",different,16,751,178,failure,200,885944345,4429721.725
covercrypt,classic,089a548,"SEC::HIG","SEC::LOW && DPT::MKG && CTR::EN",same,8,455,178,failure,200,521102192,2605510.960
covercrypt,classic,089a548,"SEC::HIG","SEC::LOW && DPT::MKG && CTR::FR",same,8,455,178,failure,200,463400492,2317002.460
covercrypt,classic,089a548,"SEC::HIG","SEC::LOW && DPT::MKG && CTR::$",same,16,751,178,failure,200,867772066,4338860.330
covercrypt,classic,089a548,"SEC::HIG","SEC::LOW && DPT::$",different,32,1347,178,failure,200,1560493470,7802467.350
covercrypt,classic,089a548,"SEC::HIG","SEC::LOW && DPT::$ && CTR::EN",same,16,751,178,failure,200,784546867,3922734.335
covercrypt,classic,089a548,"SEC::HIG","SEC::LOW && DPT::$ && CTR::FR",same,16,751,178,failure,200,761180200,3805901.000
covercrypt,classic,089a548,"SEC::HIG","SEC::LOW && DPT::$ && CTR::$",same,32,1347,178,failure,200,1474425406,7372127.030
covercrypt,classic,089a548,"SEC::HIG","SEC::MED",different,48,1947,178,failure,200,2569719174,12848595.870
covercrypt,classic,089a548,"SEC::HIG","SEC::MED && CTR::EN",different,24,1049,178,failure,200,1163516725,5817583.625
covercrypt,classic,089a548,"SEC::HIG","SEC::MED && CTR::FR",different,24,1049,178,failure,200,1085218504,5426092.520
covercrypt,classic,089a548,"SEC::HIG","SEC::MED && CTR::$",different,48,1947,178,failure,200,2261242014,11306210.070
covercrypt,classic,089a548,"SEC::HIG","SEC::MED && DPT::DEV",different,24,1049,178,failure,200,1028668101,5143340.505
covercrypt,classic,089a548,"SEC::HIG","SEC::MED && DPT::DEV && CTR::EN",same,12,603,178,failure,200,594927948,2974639.740
covercrypt,classic,089a548,"SEC::HIG","SEC::MED && DPT::DEV && CTR::FR",same,12,603,178,failure,200,586655278,2933276.390
covercrypt,classic,089a548,"SEC::HIG","SEC::MED && DPT::DEV && CTR::$",same,24,1049,178,failure,200,1279669771,6398348.855
covercrypt,classic,089a548,"SEC::HIG","SEC::MED && DPT::MKG",different,24,1049,178,failure,200,992143581,4960717.905
covercrypt,classic,089a548,"SEC::HIG","SEC::MED && DPT::MKG && CTR::EN",same,12,603,178,failure,200,586935404,2934677.020
covercrypt,classic,089a548,"SEC::HIG","SEC::MED && DPT::MKG && CTR::FR",same,12,603,178,failure,200,562356068,2811780.340
covercrypt,classic,089a548,"SEC::HIG","SEC::MED && DPT::MKG && CTR::$",same,24,1049,178,failure,200,1187913046,5939565.230
covercrypt,classic,089a548,"SEC::HIG","SEC::MED && DPT::$",different,48,1947,178,failure,200,2031397581,10156987.905
covercrypt,classic,089a548,"SEC::HIG","SEC::MED && DPT::$ && CTR::EN",same,24,1049,178,failure,200,997519040,4987595.200
covercrypt,classic,089a548,"SEC::HIG","SEC::MED && DPT::$ && CTR::FR",same,24,1049,178,failure,200,1083592853,5417964.265
covercrypt,classic,089a548,"SEC::HIG","SEC::MED && DPT::$ && CTR::$",same,48,1947,178,failure,200,2110565676,10552828.380
covercrypt,classic,089a548,"SEC::HIG","SEC::HIG",different,64,2547,178,success,200,1713734798,8568673.990
covercrypt,classic,089a548,"SEC::HIG","SEC::HIG && CTR::EN",different,32,1347,178,success,200,778724950,3893624.750
covercrypt,classic,089a548,"SEC::HIG","SEC::HIG && CTR::FR",different,32,1347,178,success,200,794204205,3971021.025
covercrypt,classic,089a548,"SEC::HIG","SEC::HIG && CTR::$",different,64,2547,178,success,200,1694445386,8472226.930
covercrypt,classic,089a548,"SEC::HIG","SEC::HIG && DPT::DEV",different,32,1347,178,success,200,884774136,4423870.680
covercrypt,classic,089a548,"SEC::HIG","SEC::HIG && DPT::DEV && CTR::EN",same,16,751,178,success,200,488692792,2443463.960
covercrypt,classic,089a548,"SEC::HIG","SEC::HIG && DPT::DEV && CTR::FR",same,16,751,178,success,200,664225133,3321125.665
covercrypt,classic,089a548,"SEC::HIG","SEC::HIG && DPT::DEV && CTR::$",same,32,1347,178,success,200,937091312,4685456.560
covercrypt,classic,089a548,"SEC::HIG","SEC::HIG && DPT::MKG",different,32,1347,178,success,200,1034234781,5171173.905
covercrypt,classic,089a548,"SEC::HIG","SEC::HIG && DPT::MKG && CTR::EN",same,16,751,178,success,200,497844060,2489220.300
covercrypt,classic,089a548,"SEC::HIG","SEC::HIG && DPT::MKG && CTR::FR",same,16,751,178,success,200,495432789,2477163.945
covercrypt,classic,089a548,"SEC::HIG","SEC::HIG && DPT::MKG && CTR::$",same,32,1347,178,success,200,758866230,3794331.150
covercrypt,classic,089a548,"SEC::HIG","SEC::HIG && DPT::$",different,64,2547,178,success,200,1723274013,8616370.065
covercrypt,classic,089a548,"SEC::HIG","SEC::HIG && DPT::$ && CTR::EN",same,32,1347,178,success,200,957377024,4786885.120
covercrypt,classic,089a548,"SEC::HIG","SEC::HIG && DPT::$ && CTR::FR",same,32,1347,178,success,200,729853911,3649269.555
covercrypt,classic,089a548,"SEC::HIG","SEC::HIG && DPT::$ && CTR::$",same,64,2547,178,success,200,1949434794,9747173.970
covercrypt,classic,089a548,"SEC::HIG","SEC::$",different,80,3147,178,success,200,2174968161,10874840.805
covercrypt,classic,089a548,"SEC::HIG","SEC::$ && CTR::EN",different,40,1645,178,success,200,1051750469,5258752.345
covercrypt,classic,089a548,"SEC::HIG","SEC::$ && CTR::FR",different,40,1645,178,success,200,796404484,3982022.420
covercrypt,classic,089a548,"SEC::HIG","SEC::$ && CTR::$",different,80,3147,178,success,200,1661224175,8306120.875
covercrypt,classic,089a548,"SEC::HIG","SEC::$ && DPT::DEV",different,40,1645,178,success,200,927628398,4638141.990
covercrypt,classic,089a548,"SEC::HIG","SEC::$ && DPT::DEV && CTR::EN",same,20,899,178,success,200,609936363,3049681.815
covercrypt,classic,089a548,"SEC::HIG","SEC::$ && DPT::DEV && CTR::FR",same,20,899,178,success,200,687315296,3436576.480
covercrypt,classic,089a548,"SEC::HIG","SEC::$ && DPT::DEV && CTR::$",same,40,1645,178,success,200,1405548584,7027742.920
covercrypt,classic,089a548,"SEC::HIG","SEC::$ && DPT::MKG",different,40,1645,178,success,200,1576885251,7884426.255
covercrypt,classic,089a548,"SEC::HIG","SEC::$ && DPT::MKG && CTR::EN",same,20,899,178,success,200,749439288,3747196.440
covercrypt,classic,089a548,"SEC::HIG","SEC::$ && DPT::MKG && CTR::FR",same,20,899,178,success,200,714119046,3570595.230
covercrypt,classic,089a548,"SEC::HIG","SEC::$ && DPT::MKG && CTR::$",same,40,1645,178,success,200,1157649029,5788245.145
covercrypt,classic,089a548,"SEC::HIG","SEC::$ && DPT::$",different,80,3147,178,success,200,1676471530,8382357.650
covercrypt,classic,089a548,"SEC::HIG","SEC::$ && DPT::$ && CTR::EN",same,40,1645,178,success,200,963780051,4818900.255
covercrypt,classic,089a548,"SEC::HIG","SEC::$ && DPT::$ && CTR::FR",same,40,1645,178,success,200,963137724,4815688.620
covercrypt,classic,089a548,"SEC::HIG","SEC::$ && DPT::$ && CTR::$",same,80,3147,178,success,200,1544625488,7723127.440
covercrypt,classic,089a548,"SEC::HIG && DPT::MKG","CTR::EN",different,40,1645,178,success,200,825302678,4126513.390
covercrypt,classic,089a548,"SEC::HIG && DPT::MKG","CTR::FR",different,40,1645,178,success,200,877857128,4389285.640
covercrypt,classic,089a548,"SEC::HIG && DPT::MKG","CTR::$",different,80,3147,178,success,200,1802311899,9011559.495
covercrypt,classic,089a548,"SEC::HIG && DPT::MKG","DPT::DEV",different,40,1645,178,failure,200,1642459254,8212296.270
covercrypt,classic,089a548,"SEC::HIG && DPT::MKG","DPT::DEV && CTR::EN",different,20,899,178,failure,200,814808025,4074040.125
covercrypt,classic,089a548,"SEC::HIG && DPT::MKG","DPT::DEV && CTR::FR",different,20,899,178,failure,200,778896272,3894481.360
covercrypt,classic,089a548,"SEC::HIG && DPT::MKG","DPT::DEV && CTR::$",different,40,1645,178,failure,200,1528557811,7642789.055
covercrypt,classic,089a548,"SEC::HIG && DPT::MKG","DPT::MKG",different,40,1645,178,success,200,852018956,4260094.780
covercrypt,classic,089a548,"SEC::HIG && DPT::MKG","DPT::MKG && CTR::EN",different,20,899,178,success,200,497166323,2485831.615
covercrypt,classic,089a548,"SEC::HIG && DPT::MKG","DPT::MKG && CTR::FR",different,20,899,178,success,200,545497324,2727486.620
covercrypt,classic,089a548,"SEC::HIG && DPT::MKG","DPT::MKG && CTR::$",different,40,1645,178,success,200,892352978,4461764.890
covercrypt,classic,089a548,"SEC::HIG && DPT::MKG","DPT::$",different,80,3147,178,success,200,1589084865,7945424.325
covercrypt,classic,089a548,"SEC::HIG && DPT::MKG","DPT::$ && CTR::EN",different,40,1645,178,success,200,850391277,4251956.385
covercrypt,classic,089a548,"SEC::HIG && DPT::MKG","DPT::$ && CTR::FR",different,40,1645,178,success,200,870147674,4350738.370
covercrypt,classic,089a548,"SEC::HIG && DPT::MKG","DPT::$ && CTR::$",different,80,3147,178,success,200,1518997051,7594985.255
covercrypt,classic,089a548,"SEC::HIG && DPT::MKG","SEC::LOW",different,32,1347,178,failure,200,1366131328,6830656.640
covercrypt,classic,089a548,"SEC::HIG && DPT::MKG","SEC::LOW && CTR::EN",different,16,751,178,failure,200,690945896,3454729.480
covercrypt,classic,089a548,"SEC::HIG && DPT::MKG","SEC::LOW && CTR::FR",different,16,751,178,failure,200,596600392,2983001.960
covercrypt,classic,089a548,"SEC::HIG && DPT::MKG","SEC::LOW && CTR::$",different,32,1347,178,failure,200,1173897108,5869485.540
covercrypt,classic,089a548,"SEC::HIG && DPT::MKG","SEC::LOW && DPT::DEV",different,16,751,178,failure,200,637101123,3185505.615
covercrypt,classic,089a548,"SEC::HIG && DPT::MKG","SEC::LOW && DPT::DEV && CTR::EN",same,8,455,178,failure,200,374211103,1871055.515
covercrypt,classic,089a548,"SEC::HIG && DPT::MKG","SEC::LOW && DPT::DEV && CTR::FR",same,8,455,178,failure,200,414972685,2074863.425
covercrypt,classic,089a548,"SEC::HIG && DPT::MKG","SEC::LOW && DPT::DEV && CTR::$",same,16,751,178,failure,200,641966854,3209834.270
covercrypt,classic,089a548,"SEC::HIG && DPT::MKG","SEC::LOW && DPT::MKG",different,16,751,178,failure,200,645440158,3227200.790
covercrypt,classic,089a548,"SEC::HIG && DPT::MKG","SEC::LOW && DPT::MKG && CTR::EN",same,8,455,178,failure,200,366840015,1834200.075
covercrypt,classic,089a548,"SEC::HIG && DPT::MKG","SEC::LOW && DPT::MKG && CTR::FR",same,8,455,178,failure,200,354478861,1772394.305
covercrypt,classic,089a548,"SEC::HIG && DPT::MKG","SEC::LOW && DPT::MKG && CTR::$",same,16,751,178,failure,200,606958291,3034791.455
covercrypt,classic,089a548,"SEC::HIG && DPT::MKG","SEC::LOW && DPT::$",different,32,1347,178,failure,200,1281620098,6408100.490
covercrypt,classic,089a548,"SEC::HIG && DPT::MKG","SEC::LOW && DPT::$ && CTR::EN",same,16,751,178,failure,200,640134509,3200672.545
covercrypt,classic,089a548,"SEC::HIG && DPT::MKG","SEC::LOW && DPT::$ && CTR::FR",same,16,751,178,failure,200,563359793,2816798.965
covercrypt,classic,089a548,"SEC::HIG && DPT::MKG","SEC::LOW && DPT::$ && CTR::$",same,32,1347,178,failure,200,1115017912,5575089.560
covercrypt,classic,089a548,"SEC::HIG && DPT::MKG","SEC::MED",different,48,1947,178,failure,200,2093076796,10465383.980
covercrypt,classic,089a548,"SEC::HIG && DPT::MKG","SEC::MED && CTR::EN",different,24,1049,178,failure,200,858768555,4293842.775
covercrypt,classic,089a548,"SEC::HIG && DPT::MKG","SEC::MED && CTR::FR",different,24,1049,178,failure,200,805362391,4026811.955
covercrypt,classic,089a548,"SEC::HIG && DPT::MKG","SEC::MED && CTR::$",different,48,1947,178,failure,200,1621761009,8108805.045
covercrypt,classic,089a548,"SEC::HIG && DPT::MKG","SEC::MED && DPT::DEV",different,24,1049,178,failure,200,863115641,4315578.205
covercrypt,classic,089a548,"SEC::HIG && DPT::MKG","SEC::MED && DPT::DEV && CTR::EN",same,12,603,178,failure,200,455726234,2278631.170
covercrypt,classic,089a548,"SEC::HIG && DPT::MKG","SEC::MED && DPT::DEV && CTR::FR",same,12,603,178,failure,200,467486189,2337430.945
covercrypt,classic,089a548,"SEC::HIG && DPT::MKG","SEC::MED && DPT::DEV && CTR::$",same,24,1049,178,failure,200,1031417349,5157086.745
covercrypt,classic,089a548,"SEC::HIG && DPT::MKG","SEC::MED && DPT::MKG",different,24,1049,178,failure,200,1119628205,5598141.025
covercrypt,classic,089a548,"SEC::HIG && DPT::MKG","SEC::MED && DPT::MKG && CTR::EN",same,12,603,178,failure,200,530243906,2651219.530
covercrypt,classic,089a548,"SEC::HIG && DPT::MKG","SEC::MED && DPT::MKG && CTR::FR",same,12,603,178,failure,200,551103834,2755519.170
covercrypt,classic,089a548,"SEC::HIG && DPT::MKG","SEC::MED && DPT::MKG && CTR::$",same,24,1049,178,failure,200,819183159,4095915.795
covercrypt,classic,089a548,"SEC::HIG && DPT::MKG","SEC::MED && DPT::$",different,48,1947,178,failure,200,1825256846,9126284.230
covercrypt,classic,089a548,"SEC::HIG && DPT::MKG","SEC::MED && DPT::$ && CTR::EN",same,24,1049,178,failure,200,858481676,4292408.380
covercrypt,classic,089a548,"SEC::HIG && DPT::MKG","SEC::MED && DPT::$ && CTR::FR",same,24,1049,178,failure,200,886512330,4432561.650
covercrypt,classic,089a548,"SEC::HIG && DPT::MKG","SEC::MED && DPT::$ && CTR::$",same,48,1947,178,failure,200,1662834636,8314173.180
covercrypt,classic,089a548,"SEC::HIG && DPT::MKG","SEC::HIG",different,64,2547,178,success,200,1302899571,6514497.855
covercrypt,classic,089a548,"SEC::HIG && DPT::MKG","SEC::HIG && CTR::EN",different,32,1347,178,success,200,765629148,3828145.740
covercrypt,classic,089a548,"SEC::HIG && DPT::MKG","SEC::HIG && CTR::FR",different,32,1347,178,success,200,702160848,3510804.240
covercrypt,classic,089a548,"SEC::HIG && DPT::MKG","SEC::HIG && CTR::$",different,64,2547,178,success,200,1329991727,6649958.635
covercrypt,classic,089a548,"SEC::HIG && DPT::MKG","SEC::HIG && DPT::DEV",different,32,1347,178,failure,200,1053848661,5269243.305
covercrypt,classic,089a548,"SEC::HIG && DPT::MKG","SEC::HIG && DPT::DEV && CTR::EN",same,16,751,178,failure,200,582163795,2910818.975
covercrypt,classic,089a548,"SEC::HIG && DPT::MKG","SEC::HIG && DPT::DEV && CTR::FR",same,16,751,178,failure,200,598029645,2990148.225
covercrypt,classic,089a548,"SEC::HIG && DPT::MKG","SEC::HIG && DPT::DEV && CTR::$",same,32,1347,178,failure,200,1066317535,5331587.675
covercrypt,classic,089a548,"SEC::HIG && DPT::MKG","SEC::HIG && DPT::MKG",different,32,1347,178,success,200,670172167,3350860.835
covercrypt,classic,089a548,"SEC::HIG && DPT::MKG","SEC::HIG && DPT::MKG && CTR::EN",same,16,751,178,success,200,474001454,2370007.270
covercrypt,classic,089a548,"SEC::HIG && DPT::MKG","SEC::HIG && DPT::MKG && CTR::FR",same,16,751,178,success,200,370676881,1853384.405
covercrypt,classic,089a548,"SEC::HIG && DPT::MKG","SEC::HIG && DPT::MKG && CTR::$",same,32,1347,178,success,200,663942070,3319710.350
covercrypt,classic,089a548,"SEC::HIG && DPT::MKG","SEC::HIG && DPT::$",different,64,2547,178,success,200,1136020046,5680100.230
covercrypt,classic,089a548,"SEC::HIG && DPT::MKG","SEC::HIG && DPT::$ && CTR::EN",same,32,1347,178,success,200,695869325,3479346.625
covercrypt,classic,089a548,"SEC::HIG && DPT::MKG","SEC::HIG && DPT::$ && CTR::FR",same,32,1347,178,success,200,675199517,3375997.585
covercrypt,classic,089a548,"SEC::HIG && DPT::MKG","SEC::HIG && DPT::$ && CTR::$",same,64,2547,178,success,200,1206270790,6031353.950
covercrypt,classic,089a548,"SEC::HIG && DPT::MKG","SEC::$",different,80,3147,178,success,200,1556046179,7780230.895
covercrypt,classic,089a548,"SEC::HIG && DPT::MKG","SEC::$ && CTR::EN",different,40,1645,178,success,200,808185609,4040928.045
covercrypt,classic,089a548,"SEC::HIG && DPT::MKG","SEC::$ && CTR::FR",different,40,1645,178,success,200,823031084,4115155.420
covercrypt,classic,089a548,"SEC::HIG && DPT::MKG","SEC::$ && CTR::$",different,80,3147,178,success,200,1432152222,7160761.110
covercrypt,classic,089a548,"SEC::HIG && DPT::MKG","SEC::$ && DPT::DEV",different,40,1645,178,failure,200,1359435788,6797178.940
covercrypt,classic,089a548,"SEC::HIG && DPT::MKG","SEC::$ && DPT::DEV && CTR::EN",same,20,899,178,failure,200,714148112,3570740.560
covercrypt,classic,089a548,"SEC::HIG && DPT::MKG","SEC::$ && DPT::DEV && CTR::FR",same,20,899,178,failure,200,750845865,3754229.325
covercrypt,classic,089a548,"SEC::HIG && DPT::MKG","SEC::$ && DPT::DEV && CTR::$",same,40,1645,178,failure,200,1370219399,6851096.995
covercrypt,classic,089a548,"SEC::HIG && DPT::MKG","SEC::$ && DPT::MKG",different,40,1645,178,success,200,790884356,3954421.780
covercrypt,classic,089a548,"SEC::HIG && DPT::MKG","SEC::$ && DPT::MKG && CTR::EN",same,20,899,178,success,200,517096266,2585481.330
covercrypt,classic,089a548,"SEC::HIG && DPT::MKG","SEC::$ && DPT::MKG && CTR::FR",same,20,899,178,success,200,434911613,2174558.065
covercrypt,classic,089a548,"SEC::HIG && DPT::MKG","SEC::$ && DPT::MKG && CTR::$",same,40,1645,178,success,200,895717836,4478589.180
covercrypt,classic,089a548,"SEC::HIG && DPT::MKG","SEC::$ && DPT::$",different,80,3147,178,success,200,1478294074,7391470.370
covercrypt,classic,089a548,"SEC::HIG && DPT::MKG","SEC::$ && DPT::$ && CTR::EN",same,40,1645,178,success,200,864035917,4320179.585
covercrypt,classic,089a548,"SEC::HIG && DPT::MKG","SEC::$ && DPT::$ && CTR::FR",same,40,1645,178,success,200,743592982,3717964.910
covercrypt,classic,089a548,"SEC::HIG && DPT::MKG","SEC::$ && DPT::$ && CTR::$",same,80,3147,178,success,200,1522028303,7610141.515
covercrypt,classic,089a548,"SEC::$","CTR::EN",different,40,1645,178,success,200,873580531,4367902.655
covercrypt,classic,089a548,"SEC::$","CTR::FR",different,40,1645,178,success,200,828429600,4142148.000
covercrypt,classic,089a548,"SEC::$","CTR::$",different,80,3147,178,success,200,1387965971,6939829.855
covercrypt,classic,089a548,"SEC::$","DPT::DEV",different,40,1645,178,success,200,824463683,4122318.415
covercrypt,classic,089a548,"SEC::$","DPT::DEV && CTR::EN",different,20,899,178,success,200,427661268,2138306.340
covercrypt,classic,089a548,"SEC::$","DPT::DEV && CTR::FR",different,20,899,178,success,200,472894083,2364470.415
covercrypt,classic,089a548,"SEC::$","DPT::DEV && CTR::$",different,40,1645,178,success,200,790255386,3951276.930
covercrypt,classic,089a548,"SEC::$","DPT::MKG",different,40,1645,178,success,200,779657221,3898286.105
covercrypt,classic,089a548,"SEC::$","DPT::MKG && CTR::EN",different,20,899,178,success,200,466624651,2333123.255
covercrypt,classic,089a548,"SEC::$","DPT::MKG && CTR::FR",different,20,899,178,success,200,501143962,2505719.810
covercrypt,classic,089a548,"SEC::$","DPT::MKG && CTR::$",different,40,1645,178,success,200,761901082,3809505.410
covercrypt,classic,089a548,"SEC::$","DPT::$",different,80,3147,178,success,200,1703184193,8515920.965
covercrypt,classic,089a548,"SEC::$","DPT::$ && CTR::EN",different,40,1645,178,success,200,1103036152,5515180.760
covercrypt,classic,089a548,"SEC::$","DPT::$ && CTR::FR",different,40,1645,178,success,200,969067565,4845337.825
covercrypt,classic,089a548,"SEC::$","DPT::$ && CTR::$",different,80,3147,178,success,200,1642980370,8214901.850
covercrypt,classic,089a548,"SEC::$","SEC::LOW",different,32,1347,178,failure,200,1106177587,5530887.935
covercrypt,classic,089a548,"SEC::$","SEC::LOW && CTR::EN",different,16,751,178,failure,200,627147071,3135735.355
covercrypt,classic,089a548,"SEC::$","SEC::LOW && CTR::FR",different,16,751,178,failure,200,622411606,3112058.030
covercrypt,classic,089a548,"SEC::$","SEC::LOW && CTR::$",different,32,1347,178,failure,200,1099690975,5498454.875
covercrypt,classic,089a548,"SEC::$","SEC::LOW && DPT::DEV",different,16,751,178,failure,200,554065577,2770327.885
covercrypt,classic,089a548,"SEC::$","SEC::LOW && DPT::DEV && CTR::EN",same,8,455,178,failure,200,310802806,1554014.030
covercrypt,classic,089a548,"SEC::$","SEC::LOW && DPT::DEV && CTR::FR",same,8,455,178,failure,200,324482113,1622410.565
covercrypt,classic,089a548,"SEC::$","SEC::LOW && DPT::DEV && CTR::$",same,16,751,178,failure,200,602069686,3010348.430
covercrypt,classic,089a548,"SEC::$","SEC::LOW && DPT::MKG",different,16,751,178,failure,200,584950706,2924753.530
covercrypt,classic,089a548,"SEC::$","SEC::LOW && DPT::MKG && CTR::EN",same,8,455,178,failure,200,320060638,1600303.190
covercrypt,classic,089a548,"SEC::$","SEC::LOW && DPT::MKG && CTR::FR",same,8,455,178,failure,200,320801946,1604009.730
covercrypt,classic,089a548,"SEC::$","SEC::LOW && DPT::MKG && CTR::$",same,16,751,178,failure,200,557135293,2785676.465
covercrypt,classic,089a548,"SEC::$","SEC::LOW && DPT::$",different,32,1347,178,failure,200,1056431314,5282156.570
covercrypt,classic,089a548,"SEC::$","SEC::LOW && DPT::$ && CTR::EN",same,16,751,178,failure,200,561743383,2808716.915
covercrypt,classic,089a548,"SEC::$","SEC::LOW && DPT::$ && CTR::FR",same,16,751,178,failure,200,583259822,2916299.110
covercrypt,classic,089a548,"SEC::$","SEC::LOW && DPT::$ && CTR::$",same,32,1347,178,failure,200,1103641429,5518207.145
covercrypt,classic,089a548,"SEC::$","SEC::MED",different,48,1947,178,failure,200,1687358989,8436794.945
covercrypt,classic,089a548,"SEC::$","SEC::MED && CTR::EN",different,24,1049,178,failure,200,1068070379,5340351.895
covercrypt,classic,089a548,"SEC::$","SEC::MED && CTR::FR",different,24,1049,178,failure,200,1031749780,5158748.900
covercrypt,classic,089a548,"SEC::$","SEC::MED && CTR::$",different,48,1947,178,failure,200,2177888461,10889442.305
covercrypt,classic,089a548,"SEC::$","SEC::MED && DPT::DEV",different,24,1049,178,failure,200,1068162688,5340813.440
covercrypt,classic,089a548,"SEC::$","SEC::MED && DPT::DEV && CTR::EN",same,12,603,178,failure,200,517147751,2585738.755
covercrypt,classic,089a548,"SEC::$","SEC::MED && DPT::DEV && CTR::FR",same,12,603,178,failure,200,513933633,2569668.165
covercrypt,classic,089a548,"SEC::$","SEC::MED && DPT::DEV && CTR::$",same,24,1049,178,failure,200,996322061,4981610.305
covercrypt,classic,089a548,"SEC::$","SEC::MED && DPT::MKG",different,24,1049,178,failure,200,1127975464,5639877.320
covercrypt,classic,089a548,"SEC::$","SEC::MED && DPT::MKG && CTR::EN",same,12,603,178,failure,200,509983407,2549917.035
covercrypt,classic,089a548,"SEC::$","SEC::MED && DPT::MKG && CTR::FR",same,12,603,178,failure,200,540087686,2700438.430
covercrypt,classic,089a548,"SEC::$","SEC::MED && DPT::MKG && CTR::$",same,24,1049,178,failure,200,1247705664,6238528.320
covercrypt,classic,089a548,"SEC::$","SEC::MED && DPT::$",different,48,1947,178,failure,200,2153287254,10766436.270
covercrypt,classic,089a548,"SEC::$","SEC::MED && DPT::$ && CTR::EN",same,24,1049,178,failure,200,1250922932,6254614.660
covercrypt,classic,089a548,"SEC::$","SEC::MED && DPT::$ && CTR::FR",same,24,1049,178,failure,200,1097459486,5487297.430
covercrypt,classic,089a548,"SEC::$","SEC::MED && DPT::$ && CTR::$",same,48,1947,178,failure,200,2253064729,11265323.645
covercrypt,classic,089a548,"SEC::$","SEC::HIG",different,64,2547,178,failure,200,2595433177,12977165.885
covercrypt,classic,089a548,"SEC::$","SEC::HIG && CTR::EN",different,32,1347,178,failure,200,1420653393,7103266.965
covercrypt,classic,089a548,"SEC::$","SEC::HIG && CTR::FR",different,32,1347,178,failure,200,1436534189,7182670.945
covercrypt,classic,089a548,"SEC::$","SEC::HIG && CTR::$",different,64,2547,178,failure,200,2598672088,12993360.440
covercrypt,classic,089a548,"SEC::$","SEC::HIG && DPT::DEV",different,32,1347,178,failure,200,1646055174,8230275.870
covercrypt,classic,089a548,"SEC::$","SEC::HIG && DPT::DEV && CTR::EN",same,16,751,178,failure,200,730514564,3652572.820
covercrypt,classic,089a548,"SEC::$","SEC::HIG && DPT::DEV && CTR::FR",same,16,751,178,failure,200,648930480,3244652.400
covercrypt,classic,089a548,"SEC::$","SEC::HIG && DPT::DEV && CTR::$",same,32,1347,178,failure,200,1755846544,8779232.720
covercrypt,classic,089a548,"SEC::$","SEC::HIG && DPT::MKG",different,32,1347,178,failure,200,1651918589,8259592.945
covercrypt,classic,089a548,"SEC::$","SEC::HIG && DPT::MKG && CTR::EN",same,16,751,178,failure,200,583798415,2918992.075
covercrypt,classic,089a548,"SEC::$","SEC::HIG && DPT::MKG && CTR::FR",same,16,751,178,failure,200,611550286,3057751.430
covercrypt,classic,089a548,"SEC::$","SEC::HIG && DPT::MKG && CTR::$",same,32,1347,178,failure,200,1142002552,5710012.760
covercrypt,classic,089a548,"SEC::$","SEC::HIG && DPT::$",different,64,2547,178,failure,200,2240137626,11200688.130
covercrypt,classic,089a548,"SEC::$","SEC::HIG && DPT::$ && CTR::EN",same,32,1347,178,failure,200,1182100831,5910504.155
covercrypt,classic,089a548,"SEC::$","SEC::HIG && DPT::$ && CTR::FR",same,32,1347,178,failure,200,1254404839,6272024.195
covercrypt,classic,089a548,"SEC::$","SEC::HIG && DPT::$ && CTR::$",same,64,2547,178,failure,200,2895683149,14478415.745
covercrypt,classic,089a548,"SEC::$","SEC::$",different,80,3147,178,success,200,1465449592,7327247.960
covercrypt,classic,089a548,"SEC::$","SEC::$ && CTR::EN",different,40,1645,178,success,200,811233343,4056166.715
covercrypt,classic,089a548,"SEC::$","SEC::$ && CTR::FR",different,40,1645,178,success,200,836978248,4184891.240
covercrypt,classic,089a548,"SEC::$","SEC::$ && CTR::$",different,80,3147,178,success,200,1746663181,8733315.905
covercrypt,classic,089a548,"SEC::$","SEC::$ && DPT::DEV",different,40,1645,178,success,200,780598240,3902991.200
covercrypt,classic,089a548,"SEC::$","SEC::$ && DPT::DEV && CTR::EN",same,20,899,178,success,200,450073894,2250369.470
covercrypt,classic,089a548,"SEC::$","SEC::$ && DPT::DEV && CTR::FR",same,20,899,178,success,200,409144907,2045724.535
covercrypt,classic,089a548,"SEC::$","SEC::$ && DPT::DEV && CTR::$",same,40,1645,178,success,200,859566442,4297832.210
covercrypt,classic,089a548,"SEC::$","SEC::$ && DPT::MKG",different,40,1645,178,success,200,780394202,3901971.010
covercrypt,classic,089a548,"SEC::$","SEC::$ && DPT::MKG && CTR::EN",same,20,899,178,success,200,431006332,2155031.660
covercrypt,classic,089a548,"SEC::$","SEC::$ && DPT::MKG && CTR::FR",same,20,899,178,success,200,515888982,2579444.910
covercrypt,classic,089a548,"SEC::$","SEC::$ && DPT::MKG && CTR::$",same,40,1645,178,success,200,717361780,3586808.900
covercrypt,classic,089a548,"SEC::$","SEC::$ && DPT::$",different,80,3147,178,success,200,1506701293,7533506.465
covercrypt,classic,089a548,"SEC::$","SEC::$ && DPT::$ && CTR::EN",same,40,1645,178,success,200,790855923,3954279.615
covercrypt,classic,089a548,"SEC::$","SEC::$ && DPT::$ && CTR::FR",same,40,1645,178,success,200,913266951,4566334.755
covercrypt,classic,089a548,"SEC::$","SEC::$ && DPT::$ && CTR::$",same,80,3147,178,success,200,1330424881,6652124.405
covercrypt,classic,089a548,"SEC::$ && DPT::MKG","CTR::EN",different,40,1645,178,success,200,711723385,3558616.925
covercrypt,classic,089a548,"SEC::$ && DPT::MKG","CTR::FR",different,40,1645,178,success,200,685570973,3427854.865
covercrypt,classic,089a548,"SEC::$ && DPT::MKG","CTR::$",different,80,3147,178,success,200,1453749526,7268747.630
covercrypt,classic,089a548,"SEC::$ && DPT::MKG","DPT::DEV",different,40,1645,178,failure,200,1399498766,6997493.830
covercrypt,classic,089a548,"SEC::$ && DPT::MKG","DPT::DEV && CTR::EN",different,20,899,178,failure,200,698912073,3494560.365
covercrypt,classic,089a548,"SEC::$ && DPT::MKG","DPT::DEV && CTR::FR",different,20,899,178,failure,200,687756253,3438781.265
covercrypt,classic,089a548,"SEC::$ && DPT::MKG","DPT::DEV && CTR::$",different,40,1645,178,failure,200,1334839169,6674195.845
covercrypt,classic,089a548,"SEC::$ && DPT::MKG","DPT::MKG",different,40,1645,178,success,200,783560287,3917801.435
covercrypt,classic,089a548,"SEC::$ && DPT::MKG","DPT::MKG && CTR::EN",different,20,899,178,success,200,482946486,2414732.430
covercrypt,classic,089a548,"SEC::$ && DPT::MKG","DPT::MKG && CTR::FR",different,20,899,178,success,200,471082033,2355410.165
covercrypt,classic,089a548,"SEC::$ && DPT::MKG","DPT::MKG && CTR::$",different,40,1645,178,success,200,780500693,3902503.465
covercrypt,classic,089a548,"SEC::$ && DPT::MKG","DPT::$",different,80,3147,178,success,200,1490368556,7451842.780
covercrypt,classic,089a548,"SEC::$ && DPT::MKG","DPT::$ && CTR::EN",different,40,1645,178,success,200,798223972,3991119.860
covercrypt,classic,089a548,"SEC::$ && DPT::MKG","DPT::$ && CTR::FR",different,40,1645,178,success,200,758271532,3791357.660
covercrypt,classic,089a548,"SEC::$ && DPT::MKG","DPT::$ && CTR::$",different,80,3147,178,success,200,1519943106,7599715.530
covercrypt,classic,089a548,"SEC::$ && DPT::MKG","SEC::LOW",different,32,1347,178,failure,200,1056807872,5284039.360
covercrypt,classic,089a548,"SEC::$ && DPT::MKG","SEC::LOW && CTR::EN",different,16,751,178,failure,200,651166535,3255832.675
covercrypt,classic,089a548,"SEC::$ && DPT::MKG","SEC::LOW && CTR::FR",different,16,751,178,failure,200,587805552,2939027.760
covercrypt,classic,089a548,"SEC::$ && DPT::MKG","SEC::LOW && CTR::$",different,32,1347,178,failure,200,1144649035,5723245.175
covercrypt,classic,089a548,"SEC::$ && DPT::MKG","SEC::LOW && DPT::DEV",different,16,751,178,failure,200,610133823,3050669.115
covercrypt,classic,089a548,"SEC::$ && DPT::MKG","SEC::LOW && DPT::DEV && CTR::EN",same,8,455,178,failure,200,343934339,1719671.695
covercrypt,classic,089a548,"SEC::$ && DPT::MKG","SEC::LOW && DPT::DEV && CTR::FR",same,8,455,178,failure,200,318782815,1593914.075
covercrypt,classic,089a548,"SEC::$ && DPT::MKG","SEC::LOW && DPT::DEV && CTR::$",same,16,751,178,failure,200,579434724,2897173.620
covercrypt,classic,089a548,"SEC::$ && DPT::MKG","SEC::LOW && DPT::MKG",different,16,751,178,failure,200,618751550,3093757.750
covercrypt,classic,089a548,"SEC::$ && DPT::MKG","SEC::LOW && DPT::MKG && CTR::EN",same,8,455,178,failure,200,320981140,1604905.700
covercrypt,classic,089a548,"SEC::$ && DPT::MKG","SEC::LOW && DPT::MKG && CTR::FR",same,8,455,178,failure,200,332538710,1662693.550
covercrypt,classic,089a548,"SEC::$ && DPT::MKG","SEC::LOW && DPT::MKG && CTR::$",same,16,751,178,failure,200,624395980,3121979.900
covercrypt,classic,089a548,"SEC::$ && DPT::MKG","SEC::LOW && DPT::$",different,32,1347,178,failure,200,1147575794,5737878.970
covercrypt,classic,089a548,"SEC::$ && DPT::MKG","SEC::LOW && DPT::$ && CTR::EN",same,16,751,178,failure,200,558373549,2791867.745
covercrypt,classic,089a548,"SEC::$ && DPT::MKG","SEC::LOW && DPT::$ && CTR::FR",same,16,751,178,failure,200,610250352,3051251.760
covercrypt,classic,089a548,"SEC::$ && DPT::MKG","SEC::LOW && DPT::$ && CTR::$",same,32,1347,178,failure,200,1078721712,5393608.560
covercrypt,classic,089a548,"SEC::$ && DPT::MKG","SEC::MED",different,48,1947,178,failure,200,1590601819,7953009.095
covercrypt,classic,089a548,"SEC::$ && DPT::MKG","SEC::MED && CTR::EN",different,24,1049,178,failure,200,829893503,4149467.515
covercrypt,classic,089a548,"SEC::$ && DPT::MKG","SEC::MED && CTR::FR",different,24,1049,178,failure,200,883941072,4419705.360
covercrypt,classic,089a548,"SEC::$ && DPT::MKG","SEC::MED && CTR::$",different,48,1947,178,failure,200,1611532491,8057662.455
covercrypt,classic,089a548,"SEC::$ && DPT::MKG","SEC::MED && DPT::DEV",different,24,1049,178,failure,200,788454525,3942272.625
covercrypt,classic,089a548,"SEC::$ && DPT::MKG","SEC::MED && DPT::DEV && CTR::EN",same,12,603,178,failure,200,418403168,2092015.840
covercrypt,classic,089a548,"SEC::$ && DPT::MKG","SEC::MED && DPT::DEV && CTR::FR",same,12,603,178,failure,200,414308505,2071542.525
covercrypt,classic,089a548,"SEC::$ && DPT::MKG","SEC::MED && DPT::DEV && CTR::$",same,24,1049,178,failure,200,822813662,4114068.310
covercrypt,classic,089a548,"SEC::$ && DPT::MKG","SEC::MED && DPT::MKG",different,24,1049,178,failure,200,847971003,4239855.015
covercrypt,classic,089a548,"SEC::$ && DPT::MKG","SEC::MED && DPT::MKG && CTR::EN",same,12,603,178,failure,200,430777347,2153886.735
covercrypt,classic,089a548,"SEC::$ && DPT::MKG","SEC::MED && DPT::MKG && CTR::FR",same,12,603,178,failure,200,411382356,2056911.780
covercrypt,classic,089a548,"SEC::$ && DPT::MKG","SEC::MED && DPT::MKG && CTR::$",same,24,1049,178,failure,200,843229945,4216149.725
covercrypt,classic,089a548,"SEC::$ && DPT::MKG","SEC::MED && DPT::$",different,48,1947,178,failure,200,1694123990,8470619.950
covercrypt,classic,089a548,"SEC::$ && DPT::MKG","SEC::MED && DPT::$ && CTR::EN",same,24,1049,178,failure,200,765854473,3829272.365
covercrypt,classic,089a548,"SEC::$ && DPT::MKG","SEC::MED && DPT::$ && CTR::FR",same,24,1049,178,failure,200,782198915,3910994.575
covercrypt,classic,089a548,"SEC::$ && DPT::MKG","SEC::MED && DPT::$ && CTR::$",same,48,1947,178,failure,200,1987015268,9935076.340
covercrypt,classic,089a548,"SEC::$ && DPT::MKG","SEC::HIG",different,64,2547,178,failure,200,2100238130,10501190.650
covercrypt,classic,089a548,"SEC::$ && DPT::MKG","SEC::HIG && CTR::EN",different,32,1347,178,failure,200,1053788758,5268943.790
covercrypt,classic,089a548,"SEC::$ && DPT::MKG","SEC::HIG && CTR::FR",different,32,1347,178,failure,200,1091989942,5459949.710
covercrypt,classic,089a548,"SEC::$ && DPT::MKG","SEC::HIG && CTR::$",different,64,2547,178,failure,200,2105843236,10529216.180
covercrypt,classic,089a548,"SEC::$ && DPT::MKG","SEC::HIG && DPT::DEV",different,32,1347,178,failure,200,1061755249,5308776.245
covercrypt,classic,089a548,"SEC::$ && DPT::MKG","SEC::HIG && DPT::DEV && CTR::EN",same,16,751,178,failure,200,544313952,2721569.760
covercrypt,classic,089a548,"SEC::$ && DPT::MKG","SEC::HIG && DPT::DEV && CTR::FR",same,16,751,178,failure,200,577540767,2887703.835
covercrypt,classic,089a548,"SEC::$ && DPT::MKG","SEC::HIG && DPT::DEV && CTR::$",same,32,1347,178,failure,200,1110951491,5554757.455
covercrypt,classic,089a548,"SEC::$ && DPT::MKG","SEC::HIG && DPT::MKG",different,32,1347,178,failure,200,1083752591,5418762.955
covercrypt,classic,089a548,"SEC::$ && DPT::MKG","SEC::HIG && DPT::MKG && CTR::EN",same,16,751,178,failure,200,592356158,2961780.790
covercrypt,classic,089a548,"SEC::$ && DPT::MKG","SEC::HIG && DPT::MKG && CTR::FR",same,16,751,178,failure,200,576292923,2881464.615
covercrypt,classic,089a548,"SEC::$ && DPT::MKG","SEC::HIG && DPT::MKG && CTR::$",same,32,1347,178,failure,200,1050484963,5252424.815
covercrypt,classic,089a548,"SEC::$ && DPT::MKG","SEC::HIG && DPT::$",different,64,2547,178,failure,200,2055483988,10277419.940
covercrypt,classic,089a548,"SEC::$ && DPT::MKG","SEC::HIG && DPT::$ && CTR::EN",same,32,1347,178,failure,200,1055243813,5276219.065
covercrypt,classic,089a548,"SEC::$ && DPT::MKG","SEC::HIG && DPT::$ && CTR::FR",same,32,1347,178,failure,200,1238439478,6192197.390
covercrypt,classic,089a548,"SEC::$ && DPT::MKG","SEC::HIG && DPT::$ && CTR::$",same,64,2547,178,failure,200,2124636133,10623180.665
covercrypt,classic,089a548,"SEC::$ && DPT::MKG","SEC::$",different,80,3147,178,success,200,1372712791,6863563.955
covercrypt,classic,089a548,"SEC::$ && DPT::MKG","SEC::$ && CTR::EN",different,40,1645,178,success,200,811735025,4058675.125
covercrypt,classic,089a548,"SEC::$ && DPT::MKG","SEC::$ && CTR::FR",different,40,1645,178,success,200,703853856,3519269.280
covercrypt,classic,089a548,"SEC::$ && DPT::MKG","SEC::$ && CTR::$",different,80,3147,178,success,200,1446045134,7230225.670
covercrypt,classic,089a548,"SEC::$ && DPT::MKG","SEC::$ && DPT::DEV",different,40,1645,178,failure,200,1363748064,6818740.320
covercrypt,classic,089a548,"SEC::$ && DPT::MKG","SEC::$ && DPT::DEV && CTR::EN",same,20,899,178,failure,200,706503495,3532517.475
covercrypt,classic,089a548,"SEC::$ && DPT::MKG","SEC::$ && DPT::DEV && CTR::FR",same,20,899,178,failure,200,726373903,3631869.515
covercrypt,classic,089a548,"SEC::$ && DPT::MKG","SEC::$ && DPT::DEV && CTR::$",same,40,1645,178,failure,200,1319734088,6598670.440
covercrypt,classic,089a548,"SEC::$ && DPT::MKG","SEC::$ && DPT::MKG",different,40,1645,178,success,200,755619306,3778096.530
covercrypt,classic,089a548,"SEC::$ && DPT::MKG","SEC::$ && DPT::MKG && CTR::EN",same,20,899,178,success,200,520861548,2604307.740
covercrypt,classic,089a548,"SEC::$ && DPT::MKG","SEC::$ && DPT::MKG && CTR::FR",same,20,899,178,success,200,460531193,2302655.965
covercrypt,classic,089a548,"SEC::$ && DPT::MKG","SEC::$ && DPT::MKG && CTR::$",same,40,1645,178,success,200,874132604,4370663.020
covercrypt,classic,089a548,"SEC::$ && DPT::MKG","SEC::$ && DPT::$",different,80,3147,178,success,200,1574766865,7873834.325
covercrypt,classic,089a548,"SEC::$ && DPT::MKG","SEC::$ && DPT::$ && CTR::EN",same,40,1645,178,success,200,816810532,4084052.660
covercrypt,classic,089a548,"SEC::$ && DPT::MKG","SEC::$ && DPT::$ && CTR::FR",same,40,1645,178,success,200,963568594,4817842.970
covercrypt,classic,089a548,"SEC::$ && DPT::MKG","SEC::$ && DPT::$ && CTR::$",same,80,3147,178,success,200,1839242413,9196212.065
